path;db_name;id;brand;model;content_source;content_type;media_type;processing;processing_sm;tampering
C:\DB\EVA-7K\non-SN\subset_avidemux\D01_V_indoor_move_0001.mp4;EVA-7K;D01;Samsung;GalaxyS3Mini;DIGITAL_CAMERA;INDOOR;MP4;NON-SN;False;AVIDEMUX
C:\DB\EVA-7K\non-SN\subset_avidemux\D01_V_indoor_move_0002.mp4;EVA-7K;D01;Samsung;GalaxyS3Mini;DIGITAL_CAMERA;INDOOR;MP4;NON-SN;False;AVIDEMUX
C:\DB\EVA-7K\non-SN\subset_avidemux\D01_V_outdoor_move_0001.mp4;EVA-7K;D01;Samsung;GalaxyS3Mini;DIGITAL_CAMERA;OUTDOOR;MP4;NON-SN;False;AVIDEMUX
C:\DB\EVA-7K\non-SN\subset_avidemux\D01_V_outdoor_move_0002.mp4;EVA-7K;D01;Samsung;GalaxyS3Mini;DIGITAL_CAMERA;OUTDOOR;MP4;NON-SN;False;AVIDEMUX
C:\DB\EVA-7K\non-SN\subset_avidemux\D02_V_indoor_move_0001.mp4;EVA-7K;D02;Apple;iPhone4s;DIGITAL_CAMERA;INDOOR;MP4;NON-SN;False;AVIDEMUX
C:\DB\EVA-7K\non-SN\subset_avidemux\D02_V_indoor_panrot_0001.mp4;EVA-7K;D02;Apple;iPhone4s;DIGITAL_CAMERA;INDOOR;MP4;NON-SN;False;AVIDEMUX
C:\DB\EVA-7K\non-SN\subset_avidemux\D02_V_outdoor_move_0001.mp4;EVA-7K;D02;Apple;iPhone4s;DIGITAL_CAMERA;OUTDOOR;MP4;NON-SN;False;AVIDEMUX
C:\DB\EVA-7K\non-SN\subset_avidemux\D02_V_outdoor_panrot_0001.mp4;EVA-7K;D02;Apple;iPhone4s;DIGITAL_CAMERA;OUTDOOR;MP4;NON-SN;False;AVIDEMUX
C:\DB\EVA-7K\non-SN\subset_avidemux\D03_V_indoor_move_0001.mp4;EVA-7K;D03;Huawei;P9;DIGITAL_CAMERA;INDOOR;MP4;NON-SN;False;AVIDEMUX
C:\DB\EVA-7K\non-SN\subset_avidemux\D03_V_indoor_move_0002.mp4;EVA-7K;D03;Huawei;P9;DIGITAL_CAMERA;INDOOR;MP4;NON-SN;False;AVIDEMUX
C:\DB\EVA-7K\non-SN\subset_avidemux\D03_V_outdoor_move_0001.mp4;EVA-7K;D03;Huawei;P9;DIGITAL_CAMERA;OUTDOOR;MP4;NON-SN;False;AVIDEMUX
C:\DB\EVA-7K\non-SN\subset_avidemux\D03_V_outdoor_move_0002.mp4;EVA-7K;D03;Huawei;P9;DIGITAL_CAMERA;OUTDOOR;MP4;NON-SN;False;AVIDEMUX
C:\DB\EVA-7K\non-SN\subset_avidemux\D04_V_indoor_move_0001.mp4;EVA-7K;D04;LG;D290;DIGITAL_CAMERA;INDOOR;MP4;NON-SN;False;AVIDEMUX
C:\DB\EVA-7K\non-SN\subset_avidemux\D04_V_indoor_move_0002.mp4;EVA-7K;D04;LG;D290;DIGITAL_CAMERA;INDOOR;MP4;NON-SN;False;AVIDEMUX
C:\DB\EVA-7K\non-SN\subset_avidemux\D04_V_outdoor_move_0001.mp4;EVA-7K;D04;LG;D290;DIGITAL_CAMERA;OUTDOOR;MP4;NON-SN;False;AVIDEMUX
C:\DB\EVA-7K\non-SN\subset_avidemux\D04_V_outdoor_move_0002.mp4;EVA-7K;D04;LG;D290;DIGITAL_CAMERA;OUTDOOR;MP4;NON-SN;False;AVIDEMUX
C:\DB\EVA-7K\non-SN\subset_avidemux\D05_V_indoor_move_0001.mp4;EVA-7K;D05;Apple;iPhone5c;DIGITAL_CAMERA;INDOOR;MP4;NON-SN;False;AVIDEMUX
C:\DB\EVA-7K\non-SN\subset_avidemux\D05_V_indoor_move_0002.mp4;EVA-7K;D05;Apple;iPhone5c;DIGITAL_CAMERA;INDOOR;MP4;NON-SN;False;AVIDEMUX
C:\DB\EVA-7K\non-SN\subset_avidemux\D05_V_outdoor_move_0001.mp4;EVA-7K;D05;Apple;iPhone5c;DIGITAL_CAMERA;OUTDOOR;MP4;NON-SN;False;AVIDEMUX
C:\DB\EVA-7K\non-SN\subset_avidemux\D05_V_outdoor_move_0002.mp4;EVA-7K;D05;Apple;iPhone5c;DIGITAL_CAMERA;OUTDOOR;MP4;NON-SN;False;AVIDEMUX
C:\DB\EVA-7K\non-SN\subset_avidemux\D06_V_indoor_move_0001.mp4;EVA-7K;D06;Apple;iPhone6;DIGITAL_CAMERA;INDOOR;MP4;NON-SN;False;AVIDEMUX
C:\DB\EVA-7K\non-SN\subset_avidemux\D06_V_indoor_move_0002.mp4;EVA-7K;D06;Apple;iPhone6;DIGITAL_CAMERA;INDOOR;MP4;NON-SN;False;AVIDEMUX
C:\DB\EVA-7K\non-SN\subset_avidemux\D06_V_outdoor_move_0001.mp4;EVA-7K;D06;Apple;iPhone6;DIGITAL_CAMERA;OUTDOOR;MP4;NON-SN;False;AVIDEMUX
C:\DB\EVA-7K\non-SN\subset_avidemux\D06_V_outdoor_move_0002.mp4;EVA-7K;D06;Apple;iPhone6;DIGITAL_CAMERA;OUTDOOR;MP4;NON-SN;False;AVIDEMUX
C:\DB\EVA-7K\non-SN\subset_avidemux\D07_V_indoor_move_0001.mp4;EVA-7K;D07;Lenovo;P70A;DIGITAL_CAMERA;INDOOR;MP4;NON-SN;False;AVIDEMUX
C:\DB\EVA-7K\non-SN\subset_avidemux\D07_V_indoor_move_0002.mp4;EVA-7K;D07;Lenovo;P70A;DIGITAL_CAMERA;INDOOR;MP4;NON-SN;False;AVIDEMUX
C:\DB\EVA-7K\non-SN\subset_avidemux\D07_V_outdoor_move_0001.mp4;EVA-7K;D07;Lenovo;P70A;DIGITAL_CAMERA;OUTDOOR;MP4;NON-SN;False;AVIDEMUX
C:\DB\EVA-7K\non-SN\subset_avidemux\D07_V_outdoor_move_0002.mp4;EVA-7K;D07;Lenovo;P70A;DIGITAL_CAMERA;OUTDOOR;MP4;NON-SN;False;AVIDEMUX
C:\DB\EVA-7K\non-SN\subset_avidemux\D08_V_indoor_move_0001.mp4;EVA-7K;D08;Samsung;GalaxyTab3;DIGITAL_CAMERA;INDOOR;MP4;NON-SN;False;AVIDEMUX
C:\DB\EVA-7K\non-SN\subset_avidemux\D08_V_indoor_move_0002.mp4;EVA-7K;D08;Samsung;GalaxyTab3;DIGITAL_CAMERA;INDOOR;MP4;NON-SN;False;AVIDEMUX
C:\DB\EVA-7K\non-SN\subset_avidemux\D08_V_outdoor_move_0001.mp4;EVA-7K;D08;Samsung;GalaxyTab3;DIGITAL_CAMERA;OUTDOOR;MP4;NON-SN;False;AVIDEMUX
C:\DB\EVA-7K\non-SN\subset_avidemux\D08_V_outdoor_move_0002.mp4;EVA-7K;D08;Samsung;GalaxyTab3;DIGITAL_CAMERA;OUTDOOR;MP4;NON-SN;False;AVIDEMUX
C:\DB\EVA-7K\non-SN\subset_avidemux\D09_V_indoor_move_0001.mp4;EVA-7K;D09;Apple;iPhone4;DIGITAL_CAMERA;INDOOR;MP4;NON-SN;False;AVIDEMUX
C:\DB\EVA-7K\non-SN\subset_avidemux\D09_V_indoor_move_0002.mp4;EVA-7K;D09;Apple;iPhone4;DIGITAL_CAMERA;INDOOR;MP4;NON-SN;False;AVIDEMUX
C:\DB\EVA-7K\non-SN\subset_avidemux\D09_V_outdoor_move_0001.mp4;EVA-7K;D09;Apple;iPhone4;DIGITAL_CAMERA;OUTDOOR;MP4;NON-SN;False;AVIDEMUX
C:\DB\EVA-7K\non-SN\subset_avidemux\D09_V_outdoor_move_0002.mp4;EVA-7K;D09;Apple;iPhone4;DIGITAL_CAMERA;OUTDOOR;MP4;NON-SN;False;AVIDEMUX
C:\DB\EVA-7K\non-SN\subset_avidemux\D10_V_indoor_move_0001.mp4;EVA-7K;D10;Apple;iPhone4s;DIGITAL_CAMERA;INDOOR;MP4;NON-SN;False;AVIDEMUX
C:\DB\EVA-7K\non-SN\subset_avidemux\D10_V_indoor_move_0002.mp4;EVA-7K;D10;Apple;iPhone4s;DIGITAL_CAMERA;INDOOR;MP4;NON-SN;False;AVIDEMUX
C:\DB\EVA-7K\non-SN\subset_avidemux\D10_V_outdoor_move_0001.mp4;EVA-7K;D10;Apple;iPhone4s;DIGITAL_CAMERA;OUTDOOR;MP4;NON-SN;False;AVIDEMUX
C:\DB\EVA-7K\non-SN\subset_avidemux\D10_V_outdoor_panrot_0001.mp4;EVA-7K;D10;Apple;iPhone4s;DIGITAL_CAMERA;OUTDOOR;MP4;NON-SN;False;AVIDEMUX
C:\DB\EVA-7K\non-SN\subset_avidemux\D11_V_indoor_move_0001.mp4;EVA-7K;D11;Samsung;GalaxyS3;DIGITAL_CAMERA;INDOOR;MP4;NON-SN;False;AVIDEMUX
C:\DB\EVA-7K\non-SN\subset_avidemux\D11_V_indoor_move_0002.mp4;EVA-7K;D11;Samsung;GalaxyS3;DIGITAL_CAMERA;INDOOR;MP4;NON-SN;False;AVIDEMUX
C:\DB\EVA-7K\non-SN\subset_avidemux\D11_V_outdoor_move_0001.mp4;EVA-7K;D11;Samsung;GalaxyS3;DIGITAL_CAMERA;OUTDOOR;MP4;NON-SN;False;AVIDEMUX
C:\DB\EVA-7K\non-SN\subset_avidemux\D11_V_outdoor_move_0002.mp4;EVA-7K;D11;Samsung;GalaxyS3;DIGITAL_CAMERA;OUTDOOR;MP4;NON-SN;False;AVIDEMUX
C:\DB\EVA-7K\non-SN\subset_avidemux\D12_V_indoor_move_0001.mp4;EVA-7K;D12;Sony;XperiaZ1Compact;DIGITAL_CAMERA;INDOOR;MP4;NON-SN;False;AVIDEMUX
C:\DB\EVA-7K\non-SN\subset_avidemux\D12_V_indoor_move_0002.mp4;EVA-7K;D12;Sony;XperiaZ1Compact;DIGITAL_CAMERA;INDOOR;MP4;NON-SN;False;AVIDEMUX
C:\DB\EVA-7K\non-SN\subset_avidemux\D12_V_outdoor_move_0001.mp4;EVA-7K;D12;Sony;XperiaZ1Compact;DIGITAL_CAMERA;OUTDOOR;MP4;NON-SN;False;AVIDEMUX
C:\DB\EVA-7K\non-SN\subset_avidemux\D12_V_outdoor_move_0002.mp4;EVA-7K;D12;Sony;XperiaZ1Compact;DIGITAL_CAMERA;OUTDOOR;MP4;NON-SN;False;AVIDEMUX
C:\DB\EVA-7K\non-SN\subset_avidemux\D13_V_indoor_move_0001.mp4;EVA-7K;D13;Apple;iPad2;DIGITAL_CAMERA;INDOOR;MP4;NON-SN;False;AVIDEMUX
C:\DB\EVA-7K\non-SN\subset_avidemux\D13_V_indoor_move_0002.mp4;EVA-7K;D13;Apple;iPad2;DIGITAL_CAMERA;INDOOR;MP4;NON-SN;False;AVIDEMUX
C:\DB\EVA-7K\non-SN\subset_avidemux\D13_V_outdoor_move_0001.mp4;EVA-7K;D13;Apple;iPad2;DIGITAL_CAMERA;OUTDOOR;MP4;NON-SN;False;AVIDEMUX
C:\DB\EVA-7K\non-SN\subset_avidemux\D13_V_outdoor_move_0002.mp4;EVA-7K;D13;Apple;iPad2;DIGITAL_CAMERA;OUTDOOR;MP4;NON-SN;False;AVIDEMUX
C:\DB\EVA-7K\non-SN\subset_avidemux\D14_V_indoor_move_0001.mp4;EVA-7K;D14;Apple;iPhone5c;DIGITAL_CAMERA;INDOOR;MP4;NON-SN;False;AVIDEMUX
C:\DB\EVA-7K\non-SN\subset_avidemux\D14_V_indoor_move_0002.mp4;EVA-7K;D14;Apple;iPhone5c;DIGITAL_CAMERA;INDOOR;MP4;NON-SN;False;AVIDEMUX
C:\DB\EVA-7K\non-SN\subset_avidemux\D14_V_outdoor_move_0001.mp4;EVA-7K;D14;Apple;iPhone5c;DIGITAL_CAMERA;OUTDOOR;MP4;NON-SN;False;AVIDEMUX
C:\DB\EVA-7K\non-SN\subset_avidemux\D14_V_outdoor_move_0002.mp4;EVA-7K;D14;Apple;iPhone5c;DIGITAL_CAMERA;OUTDOOR;MP4;NON-SN;False;AVIDEMUX
C:\DB\EVA-7K\non-SN\subset_avidemux\D15_V_indoor_move_0001.mp4;EVA-7K;D15;Apple;iPhone6;DIGITAL_CAMERA;INDOOR;MP4;NON-SN;False;AVIDEMUX
C:\DB\EVA-7K\non-SN\subset_avidemux\D15_V_indoor_move_0002.mp4;EVA-7K;D15;Apple;iPhone6;DIGITAL_CAMERA;INDOOR;MP4;NON-SN;False;AVIDEMUX
C:\DB\EVA-7K\non-SN\subset_avidemux\D15_V_outdoor_move_0001.mp4;EVA-7K;D15;Apple;iPhone6;DIGITAL_CAMERA;OUTDOOR;MP4;NON-SN;False;AVIDEMUX
C:\DB\EVA-7K\non-SN\subset_avidemux\D15_V_outdoor_move_0002.mp4;EVA-7K;D15;Apple;iPhone6;DIGITAL_CAMERA;OUTDOOR;MP4;NON-SN;False;AVIDEMUX
C:\DB\EVA-7K\non-SN\subset_avidemux\D16_V_indoor_move_0001.mp4;EVA-7K;D16;Huawei;P9lite;DIGITAL_CAMERA;INDOOR;MP4;NON-SN;False;AVIDEMUX
C:\DB\EVA-7K\non-SN\subset_avidemux\D16_V_indoor_move_0002.mp4;EVA-7K;D16;Huawei;P9lite;DIGITAL_CAMERA;INDOOR;MP4;NON-SN;False;AVIDEMUX
C:\DB\EVA-7K\non-SN\subset_avidemux\D16_V_outdoor_move_0001.mp4;EVA-7K;D16;Huawei;P9lite;DIGITAL_CAMERA;OUTDOOR;MP4;NON-SN;False;AVIDEMUX
C:\DB\EVA-7K\non-SN\subset_avidemux\D16_V_outdoor_move_0002.mp4;EVA-7K;D16;Huawei;P9lite;DIGITAL_CAMERA;OUTDOOR;MP4;NON-SN;False;AVIDEMUX
C:\DB\EVA-7K\non-SN\subset_avidemux\D17_V_indoor_move_0001.mp4;EVA-7K;D17;Microsoft;Lumia640LTE;DIGITAL_CAMERA;INDOOR;MP4;NON-SN;False;AVIDEMUX
C:\DB\EVA-7K\non-SN\subset_avidemux\D17_V_indoor_panrot_0001.mp4;EVA-7K;D17;Microsoft;Lumia640LTE;DIGITAL_CAMERA;INDOOR;MP4;NON-SN;False;AVIDEMUX
C:\DB\EVA-7K\non-SN\subset_avidemux\D17_V_outdoor_move_0001.mp4;EVA-7K;D17;Microsoft;Lumia640LTE;DIGITAL_CAMERA;OUTDOOR;MP4;NON-SN;False;AVIDEMUX
C:\DB\EVA-7K\non-SN\subset_avidemux\D17_V_outdoor_panrot_0001.mp4;EVA-7K;D17;Microsoft;Lumia640LTE;DIGITAL_CAMERA;OUTDOOR;MP4;NON-SN;False;AVIDEMUX
C:\DB\EVA-7K\non-SN\subset_avidemux\D18_V_indoor_move_0001.mp4;EVA-7K;D18;Apple;iPhone5c;DIGITAL_CAMERA;INDOOR;MP4;NON-SN;False;AVIDEMUX
C:\DB\EVA-7K\non-SN\subset_avidemux\D18_V_indoor_panrot_0001.mp4;EVA-7K;D18;Apple;iPhone5c;DIGITAL_CAMERA;INDOOR;MP4;NON-SN;False;AVIDEMUX
C:\DB\EVA-7K\non-SN\subset_avidemux\D18_V_outdoor_move_0001.mp4;EVA-7K;D18;Apple;iPhone5c;DIGITAL_CAMERA;OUTDOOR;MP4;NON-SN;False;AVIDEMUX
C:\DB\EVA-7K\non-SN\subset_avidemux\D18_V_outdoor_panrot_0001.mp4;EVA-7K;D18;Apple;iPhone5c;DIGITAL_CAMERA;OUTDOOR;MP4;NON-SN;False;AVIDEMUX
C:\DB\EVA-7K\non-SN\subset_avidemux\D19_V_indoor_move_0001.mp4;EVA-7K;D19;Apple;iPhone6Plus;DIGITAL_CAMERA;INDOOR;MP4;NON-SN;False;AVIDEMUX
C:\DB\EVA-7K\non-SN\subset_avidemux\D19_V_indoor_move_0002.mp4;EVA-7K;D19;Apple;iPhone6Plus;DIGITAL_CAMERA;INDOOR;MP4;NON-SN;False;AVIDEMUX
C:\DB\EVA-7K\non-SN\subset_avidemux\D19_V_outdoor_move_0001.mp4;EVA-7K;D19;Apple;iPhone6Plus;DIGITAL_CAMERA;OUTDOOR;MP4;NON-SN;False;AVIDEMUX
C:\DB\EVA-7K\non-SN\subset_avidemux\D19_V_outdoor_move_0002.mp4;EVA-7K;D19;Apple;iPhone6Plus;DIGITAL_CAMERA;OUTDOOR;MP4;NON-SN;False;AVIDEMUX
C:\DB\EVA-7K\non-SN\subset_avidemux\D20_V_indoor_move_0001.mp4;EVA-7K;D20;Apple;iPadmini;DIGITAL_CAMERA;INDOOR;MP4;NON-SN;False;AVIDEMUX
C:\DB\EVA-7K\non-SN\subset_avidemux\D20_V_indoor_move_0002.mp4;EVA-7K;D20;Apple;iPadmini;DIGITAL_CAMERA;INDOOR;MP4;NON-SN;False;AVIDEMUX
C:\DB\EVA-7K\non-SN\subset_avidemux\D20_V_outdoor_move_0001.mp4;EVA-7K;D20;Apple;iPadmini;DIGITAL_CAMERA;OUTDOOR;MP4;NON-SN;False;AVIDEMUX
C:\DB\EVA-7K\non-SN\subset_avidemux\D20_V_outdoor_move_0002.mp4;EVA-7K;D20;Apple;iPadmini;DIGITAL_CAMERA;OUTDOOR;MP4;NON-SN;False;AVIDEMUX
C:\DB\EVA-7K\non-SN\subset_avidemux\D21_V_indoor_move_0001.mp4;EVA-7K;D21;Wiko;Ridge4G;DIGITAL_CAMERA;INDOOR;MP4;NON-SN;False;AVIDEMUX
C:\DB\EVA-7K\non-SN\subset_avidemux\D21_V_indoor_panrot_0001.mp4;EVA-7K;D21;Wiko;Ridge4G;DIGITAL_CAMERA;INDOOR;MP4;NON-SN;False;AVIDEMUX
C:\DB\EVA-7K\non-SN\subset_avidemux\D21_V_outdoor_move_0001.mp4;EVA-7K;D21;Wiko;Ridge4G;DIGITAL_CAMERA;OUTDOOR;MP4;NON-SN;False;AVIDEMUX
C:\DB\EVA-7K\non-SN\subset_avidemux\D21_V_outdoor_panrot_0001.mp4;EVA-7K;D21;Wiko;Ridge4G;DIGITAL_CAMERA;OUTDOOR;MP4;NON-SN;False;AVIDEMUX
C:\DB\EVA-7K\non-SN\subset_avidemux\D22_V_indoor_move_0001.mp4;EVA-7K;D22;Samsung;GalaxyTrendPlus;DIGITAL_CAMERA;INDOOR;MP4;NON-SN;False;AVIDEMUX
C:\DB\EVA-7K\non-SN\subset_avidemux\D22_V_indoor_move_0002.mp4;EVA-7K;D22;Samsung;GalaxyTrendPlus;DIGITAL_CAMERA;INDOOR;MP4;NON-SN;False;AVIDEMUX
C:\DB\EVA-7K\non-SN\subset_avidemux\D22_V_outdoor_move_0001.mp4;EVA-7K;D22;Samsung;GalaxyTrendPlus;DIGITAL_CAMERA;OUTDOOR;MP4;NON-SN;False;AVIDEMUX
C:\DB\EVA-7K\non-SN\subset_avidemux\D22_V_outdoor_move_0002.mp4;EVA-7K;D22;Samsung;GalaxyTrendPlus;DIGITAL_CAMERA;OUTDOOR;MP4;NON-SN;False;AVIDEMUX
C:\DB\EVA-7K\non-SN\subset_avidemux\D23_V_indoor_move_0001.mp4;EVA-7K;D23;Asus;Zenfone2Laser;DIGITAL_CAMERA;INDOOR;MP4;NON-SN;False;AVIDEMUX
C:\DB\EVA-7K\non-SN\subset_avidemux\D23_V_indoor_move_0002.mp4;EVA-7K;D23;Asus;Zenfone2Laser;DIGITAL_CAMERA;INDOOR;MP4;NON-SN;False;AVIDEMUX
C:\DB\EVA-7K\non-SN\subset_avidemux\D23_V_outdoor_move_0001.mp4;EVA-7K;D23;Asus;Zenfone2Laser;DIGITAL_CAMERA;OUTDOOR;MP4;NON-SN;False;AVIDEMUX
C:\DB\EVA-7K\non-SN\subset_avidemux\D23_V_outdoor_move_0002.mp4;EVA-7K;D23;Asus;Zenfone2Laser;DIGITAL_CAMERA;OUTDOOR;MP4;NON-SN;False;AVIDEMUX
C:\DB\EVA-7K\non-SN\subset_avidemux\D24_V_indoor_move_0001.mp4;EVA-7K;D24;Xiaomi;RedmiNote3;DIGITAL_CAMERA;INDOOR;MP4;NON-SN;False;AVIDEMUX
C:\DB\EVA-7K\non-SN\subset_avidemux\D24_V_indoor_move_0002.mp4;EVA-7K;D24;Xiaomi;RedmiNote3;DIGITAL_CAMERA;INDOOR;MP4;NON-SN;False;AVIDEMUX
C:\DB\EVA-7K\non-SN\subset_avidemux\D24_V_outdoor_move_0001.mp4;EVA-7K;D24;Xiaomi;RedmiNote3;DIGITAL_CAMERA;OUTDOOR;MP4;NON-SN;False;AVIDEMUX
C:\DB\EVA-7K\non-SN\subset_avidemux\D24_V_outdoor_move_0002.mp4;EVA-7K;D24;Xiaomi;RedmiNote3;DIGITAL_CAMERA;OUTDOOR;MP4;NON-SN;False;AVIDEMUX
C:\DB\EVA-7K\non-SN\subset_avidemux\D25_V_indoor_move_0001.mp4;EVA-7K;D25;OnePlus;A3000;DIGITAL_CAMERA;INDOOR;MP4;NON-SN;False;AVIDEMUX
C:\DB\EVA-7K\non-SN\subset_avidemux\D25_V_indoor_move_0002.mp4;EVA-7K;D25;OnePlus;A3000;DIGITAL_CAMERA;INDOOR;MP4;NON-SN;False;AVIDEMUX
C:\DB\EVA-7K\non-SN\subset_avidemux\D25_V_outdoor_move_0001.mp4;EVA-7K;D25;OnePlus;A3000;DIGITAL_CAMERA;OUTDOOR;MP4;NON-SN;False;AVIDEMUX
C:\DB\EVA-7K\non-SN\subset_avidemux\D25_V_outdoor_move_0002.mp4;EVA-7K;D25;OnePlus;A3000;DIGITAL_CAMERA;OUTDOOR;MP4;NON-SN;False;AVIDEMUX
C:\DB\EVA-7K\non-SN\subset_avidemux\D26_V_indoor_move_0001.mp4;EVA-7K;D26;Samsung;GalaxyS3Mini;DIGITAL_CAMERA;INDOOR;MP4;NON-SN;False;AVIDEMUX
C:\DB\EVA-7K\non-SN\subset_avidemux\D26_V_indoor_move_0002.mp4;EVA-7K;D26;Samsung;GalaxyS3Mini;DIGITAL_CAMERA;INDOOR;MP4;NON-SN;False;AVIDEMUX
C:\DB\EVA-7K\non-SN\subset_avidemux\D26_V_outdoor_move_0001.mp4;EVA-7K;D26;Samsung;GalaxyS3Mini;DIGITAL_CAMERA;OUTDOOR;MP4;NON-SN;False;AVIDEMUX
C:\DB\EVA-7K\non-SN\subset_avidemux\D26_V_outdoor_move_0002.mp4;EVA-7K;D26;Samsung;GalaxyS3Mini;DIGITAL_CAMERA;OUTDOOR;MP4;NON-SN;False;AVIDEMUX
C:\DB\EVA-7K\non-SN\subset_avidemux\D27_V_indoor_move_0001.mp4;EVA-7K;D27;Samsung;GalaxyS5;DIGITAL_CAMERA;INDOOR;MP4;NON-SN;False;AVIDEMUX
C:\DB\EVA-7K\non-SN\subset_avidemux\D27_V_indoor_move_0002.mp4;EVA-7K;D27;Samsung;GalaxyS5;DIGITAL_CAMERA;INDOOR;MP4;NON-SN;False;AVIDEMUX
C:\DB\EVA-7K\non-SN\subset_avidemux\D27_V_outdoor_move_0001.mp4;EVA-7K;D27;Samsung;GalaxyS5;DIGITAL_CAMERA;OUTDOOR;MP4;NON-SN;False;AVIDEMUX
C:\DB\EVA-7K\non-SN\subset_avidemux\D27_V_outdoor_move_0002.mp4;EVA-7K;D27;Samsung;GalaxyS5;DIGITAL_CAMERA;OUTDOOR;MP4;NON-SN;False;AVIDEMUX
C:\DB\EVA-7K\non-SN\subset_avidemux\D28_V_indoor_move_0001.mp4;EVA-7K;D28;Huawei;P89;DIGITAL_CAMERA;INDOOR;MP4;NON-SN;False;AVIDEMUX
C:\DB\EVA-7K\non-SN\subset_avidemux\D28_V_indoor_move_0002.mp4;EVA-7K;D28;Huawei;P89;DIGITAL_CAMERA;INDOOR;MP4;NON-SN;False;AVIDEMUX
C:\DB\EVA-7K\non-SN\subset_avidemux\D28_V_outdoor_move_0001.mp4;EVA-7K;D28;Huawei;P89;DIGITAL_CAMERA;OUTDOOR;MP4;NON-SN;False;AVIDEMUX
C:\DB\EVA-7K\non-SN\subset_avidemux\D28_V_outdoor_move_0002.mp4;EVA-7K;D28;Huawei;P89;DIGITAL_CAMERA;OUTDOOR;MP4;NON-SN;False;AVIDEMUX
C:\DB\EVA-7K\non-SN\subset_avidemux\D29_V_indoor_move_0001.mp4;EVA-7K;D29;Apple;iPhone5;DIGITAL_CAMERA;INDOOR;MP4;NON-SN;False;AVIDEMUX
C:\DB\EVA-7K\non-SN\subset_avidemux\D29_V_indoor_move_0002.mp4;EVA-7K;D29;Apple;iPhone5;DIGITAL_CAMERA;INDOOR;MP4;NON-SN;False;AVIDEMUX
C:\DB\EVA-7K\non-SN\subset_avidemux\D29_V_outdoor_move_0001.mp4;EVA-7K;D29;Apple;iPhone5;DIGITAL_CAMERA;OUTDOOR;MP4;NON-SN;False;AVIDEMUX
C:\DB\EVA-7K\non-SN\subset_avidemux\D29_V_outdoor_move_0002.mp4;EVA-7K;D29;Apple;iPhone5;DIGITAL_CAMERA;OUTDOOR;MP4;NON-SN;False;AVIDEMUX
C:\DB\EVA-7K\non-SN\subset_avidemux\D30_V_indoor_move_0001.mp4;EVA-7K;D30;Huawei;Honor5;DIGITAL_CAMERA;INDOOR;MP4;NON-SN;False;AVIDEMUX
C:\DB\EVA-7K\non-SN\subset_avidemux\D30_V_indoor_move_0002.mp4;EVA-7K;D30;Huawei;Honor5;DIGITAL_CAMERA;INDOOR;MP4;NON-SN;False;AVIDEMUX
C:\DB\EVA-7K\non-SN\subset_avidemux\D30_V_outdoor_move_0001.mp4;EVA-7K;D30;Huawei;Honor5;DIGITAL_CAMERA;OUTDOOR;MP4;NON-SN;False;AVIDEMUX
C:\DB\EVA-7K\non-SN\subset_avidemux\D30_V_outdoor_move_0002.mp4;EVA-7K;D30;Huawei;Honor5;DIGITAL_CAMERA;OUTDOOR;MP4;NON-SN;False;AVIDEMUX
C:\DB\EVA-7K\non-SN\subset_avidemux\D31_V_indoor_move_0001.mp4;EVA-7K;D31;Samsung;GalaxyS4Mini;DIGITAL_CAMERA;INDOOR;MP4;NON-SN;False;AVIDEMUX
C:\DB\EVA-7K\non-SN\subset_avidemux\D31_V_indoor_move_0002.mp4;EVA-7K;D31;Samsung;GalaxyS4Mini;DIGITAL_CAMERA;INDOOR;MP4;NON-SN;False;AVIDEMUX
C:\DB\EVA-7K\non-SN\subset_avidemux\D31_V_outdoor_move_0001.mp4;EVA-7K;D31;Samsung;GalaxyS4Mini;DIGITAL_CAMERA;OUTDOOR;MP4;NON-SN;False;AVIDEMUX
C:\DB\EVA-7K\non-SN\subset_avidemux\D31_V_outdoor_move_0002.mp4;EVA-7K;D31;Samsung;GalaxyS4Mini;DIGITAL_CAMERA;OUTDOOR;MP4;NON-SN;False;AVIDEMUX
C:\DB\EVA-7K\non-SN\subset_avidemux\D32_V_indoor_move_0001.mp4;EVA-7K;D32;OnePlus;A3003;DIGITAL_CAMERA;INDOOR;MP4;NON-SN;False;AVIDEMUX
C:\DB\EVA-7K\non-SN\subset_avidemux\D32_V_indoor_move_0002.mp4;EVA-7K;D32;OnePlus;A3003;DIGITAL_CAMERA;INDOOR;MP4;NON-SN;False;AVIDEMUX
C:\DB\EVA-7K\non-SN\subset_avidemux\D32_V_outdoor_move_0001.mp4;EVA-7K;D32;OnePlus;A3003;DIGITAL_CAMERA;OUTDOOR;MP4;NON-SN;False;AVIDEMUX
C:\DB\EVA-7K\non-SN\subset_avidemux\D32_V_outdoor_move_0002.mp4;EVA-7K;D32;OnePlus;A3003;DIGITAL_CAMERA;OUTDOOR;MP4;NON-SN;False;AVIDEMUX
C:\DB\EVA-7K\non-SN\subset_avidemux\D33_V_indoor_move_0001.mp4;EVA-7K;D33;Huawei;AscendG6;DIGITAL_CAMERA;INDOOR;MP4;NON-SN;False;AVIDEMUX
C:\DB\EVA-7K\non-SN\subset_avidemux\D33_V_indoor_move_0002.mp4;EVA-7K;D33;Huawei;AscendG6;DIGITAL_CAMERA;INDOOR;MP4;NON-SN;False;AVIDEMUX
C:\DB\EVA-7K\non-SN\subset_avidemux\D33_V_outdoor_move_0001.mp4;EVA-7K;D33;Huawei;AscendG6;DIGITAL_CAMERA;OUTDOOR;MP4;NON-SN;False;AVIDEMUX
C:\DB\EVA-7K\non-SN\subset_avidemux\D33_V_outdoor_move_0002.mp4;EVA-7K;D33;Huawei;AscendG6;DIGITAL_CAMERA;OUTDOOR;MP4;NON-SN;False;AVIDEMUX
C:\DB\EVA-7K\non-SN\subset_avidemux\D34_V_indoor_move_0001.mp4;EVA-7K;D34;Apple;iPhone5;DIGITAL_CAMERA;INDOOR;MP4;NON-SN;False;AVIDEMUX
C:\DB\EVA-7K\non-SN\subset_avidemux\D34_V_indoor_move_0002.mp4;EVA-7K;D34;Apple;iPhone5;DIGITAL_CAMERA;INDOOR;MP4;NON-SN;False;AVIDEMUX
C:\DB\EVA-7K\non-SN\subset_avidemux\D34_V_outdoor_move_0001.mp4;EVA-7K;D34;Apple;iPhone5;DIGITAL_CAMERA;OUTDOOR;MP4;NON-SN;False;AVIDEMUX
C:\DB\EVA-7K\non-SN\subset_avidemux\D34_V_outdoor_move_0002.mp4;EVA-7K;D34;Apple;iPhone5;DIGITAL_CAMERA;OUTDOOR;MP4;NON-SN;False;AVIDEMUX
C:\DB\EVA-7K\non-SN\subset_avidemux\D35_V_outdoor_move_0001.mp4;EVA-7K;D35;Samsung;GalaxyTabA;DIGITAL_CAMERA;OUTDOOR;MP4;NON-SN;False;AVIDEMUX
C:\DB\EVA-7K\non-SN\subset_avidemux\D35_V_outdoor_move_0002.mp4;EVA-7K;D35;Samsung;GalaxyTabA;DIGITAL_CAMERA;OUTDOOR;MP4;NON-SN;False;AVIDEMUX
C:\DB\EVA-7K\non-SN\subset_avidemux\D35_V_outdoor_panrot_0001.mp4;EVA-7K;D35;Samsung;GalaxyTabA;DIGITAL_CAMERA;OUTDOOR;MP4;NON-SN;False;AVIDEMUX
C:\DB\EVA-7K\non-SN\subset_avidemux\D35_V_outdoor_panrot_0002.mp4;EVA-7K;D35;Samsung;GalaxyTabA;DIGITAL_CAMERA;OUTDOOR;MP4;NON-SN;False;AVIDEMUX
C:\DB\EVA-7K\non-SN\subset_exiftool\D01_V_indoor_move_0001.mp4;EVA-7K;D01;Samsung;GalaxyS3Mini;DIGITAL_CAMERA;INDOOR;MP4;NON-SN;False;EXIFTOOL
C:\DB\EVA-7K\non-SN\subset_exiftool\D01_V_indoor_move_0002.mp4;EVA-7K;D01;Samsung;GalaxyS3Mini;DIGITAL_CAMERA;INDOOR;MP4;NON-SN;False;EXIFTOOL
C:\DB\EVA-7K\non-SN\subset_exiftool\D01_V_outdoor_move_0001.mp4;EVA-7K;D01;Samsung;GalaxyS3Mini;DIGITAL_CAMERA;OUTDOOR;MP4;NON-SN;False;EXIFTOOL
C:\DB\EVA-7K\non-SN\subset_exiftool\D01_V_outdoor_move_0002.mp4;EVA-7K;D01;Samsung;GalaxyS3Mini;DIGITAL_CAMERA;OUTDOOR;MP4;NON-SN;False;EXIFTOOL
C:\DB\EVA-7K\non-SN\subset_exiftool\D02_V_indoor_move_0001.mov;EVA-7K;D02;Apple;iPhone4s;DIGITAL_CAMERA;INDOOR;MOV;NON-SN;False;EXIFTOOL
C:\DB\EVA-7K\non-SN\subset_exiftool\D02_V_indoor_panrot_0001.mov;EVA-7K;D02;Apple;iPhone4s;DIGITAL_CAMERA;INDOOR;MOV;NON-SN;False;EXIFTOOL
C:\DB\EVA-7K\non-SN\subset_exiftool\D02_V_outdoor_move_0001.mov;EVA-7K;D02;Apple;iPhone4s;DIGITAL_CAMERA;OUTDOOR;MOV;NON-SN;False;EXIFTOOL
C:\DB\EVA-7K\non-SN\subset_exiftool\D02_V_outdoor_panrot_0001.mov;EVA-7K;D02;Apple;iPhone4s;DIGITAL_CAMERA;OUTDOOR;MOV;NON-SN;False;EXIFTOOL
C:\DB\EVA-7K\non-SN\subset_exiftool\D03_V_indoor_move_0001.mp4;EVA-7K;D03;Huawei;P9;DIGITAL_CAMERA;INDOOR;MP4;NON-SN;False;EXIFTOOL
C:\DB\EVA-7K\non-SN\subset_exiftool\D03_V_indoor_move_0002.mp4;EVA-7K;D03;Huawei;P9;DIGITAL_CAMERA;INDOOR;MP4;NON-SN;False;EXIFTOOL
C:\DB\EVA-7K\non-SN\subset_exiftool\D03_V_outdoor_move_0001.mp4;EVA-7K;D03;Huawei;P9;DIGITAL_CAMERA;OUTDOOR;MP4;NON-SN;False;EXIFTOOL
C:\DB\EVA-7K\non-SN\subset_exiftool\D03_V_outdoor_move_0002.mp4;EVA-7K;D03;Huawei;P9;DIGITAL_CAMERA;OUTDOOR;MP4;NON-SN;False;EXIFTOOL
C:\DB\EVA-7K\non-SN\subset_exiftool\D04_V_indoor_move_0001.mp4;EVA-7K;D04;LG;D290;DIGITAL_CAMERA;INDOOR;MP4;NON-SN;False;EXIFTOOL
C:\DB\EVA-7K\non-SN\subset_exiftool\D04_V_indoor_move_0002.mp4;EVA-7K;D04;LG;D290;DIGITAL_CAMERA;INDOOR;MP4;NON-SN;False;EXIFTOOL
C:\DB\EVA-7K\non-SN\subset_exiftool\D04_V_outdoor_move_0001.mp4;EVA-7K;D04;LG;D290;DIGITAL_CAMERA;OUTDOOR;MP4;NON-SN;False;EXIFTOOL
C:\DB\EVA-7K\non-SN\subset_exiftool\D04_V_outdoor_move_0002.mp4;EVA-7K;D04;LG;D290;DIGITAL_CAMERA;OUTDOOR;MP4;NON-SN;False;EXIFTOOL
C:\DB\EVA-7K\non-SN\subset_exiftool\D05_V_indoor_move_0001.mov;EVA-7K;D05;Apple;iPhone5c;DIGITAL_CAMERA;INDOOR;MOV;NON-SN;False;EXIFTOOL
C:\DB\EVA-7K\non-SN\subset_exiftool\D05_V_indoor_move_0002.mov;EVA-7K;D05;Apple;iPhone5c;DIGITAL_CAMERA;INDOOR;MOV;NON-SN;False;EXIFTOOL
C:\DB\EVA-7K\non-SN\subset_exiftool\D05_V_outdoor_move_0001.mov;EVA-7K;D05;Apple;iPhone5c;DIGITAL_CAMERA;OUTDOOR;MOV;NON-SN;False;EXIFTOOL
C:\DB\EVA-7K\non-SN\subset_exiftool\D05_V_outdoor_move_0002.mov;EVA-7K;D05;Apple;iPhone5c;DIGITAL_CAMERA;OUTDOOR;MOV;NON-SN;False;EXIFTOOL
C:\DB\EVA-7K\non-SN\subset_exiftool\D06_V_indoor_move_0001.mov;EVA-7K;D06;Apple;iPhone6;DIGITAL_CAMERA;INDOOR;MOV;NON-SN;False;EXIFTOOL
C:\DB\EVA-7K\non-SN\subset_exiftool\D06_V_indoor_move_0002.mov;EVA-7K;D06;Apple;iPhone6;DIGITAL_CAMERA;INDOOR;MOV;NON-SN;False;EXIFTOOL
C:\DB\EVA-7K\non-SN\subset_exiftool\D06_V_outdoor_move_0001.mov;EVA-7K;D06;Apple;iPhone6;DIGITAL_CAMERA;OUTDOOR;MOV;NON-SN;False;EXIFTOOL
C:\DB\EVA-7K\non-SN\subset_exiftool\D06_V_outdoor_move_0002.mov;EVA-7K;D06;Apple;iPhone6;DIGITAL_CAMERA;OUTDOOR;MOV;NON-SN;False;EXIFTOOL
C:\DB\EVA-7K\non-SN\subset_exiftool\D08_V_indoor_move_0001.mp4;EVA-7K;D08;Samsung;GalaxyTab3;DIGITAL_CAMERA;INDOOR;MP4;NON-SN;False;EXIFTOOL
C:\DB\EVA-7K\non-SN\subset_exiftool\D08_V_indoor_move_0002.mp4;EVA-7K;D08;Samsung;GalaxyTab3;DIGITAL_CAMERA;INDOOR;MP4;NON-SN;False;EXIFTOOL
C:\DB\EVA-7K\non-SN\subset_exiftool\D08_V_outdoor_move_0001.mp4;EVA-7K;D08;Samsung;GalaxyTab3;DIGITAL_CAMERA;OUTDOOR;MP4;NON-SN;False;EXIFTOOL
C:\DB\EVA-7K\non-SN\subset_exiftool\D08_V_outdoor_move_0002.mp4;EVA-7K;D08;Samsung;GalaxyTab3;DIGITAL_CAMERA;OUTDOOR;MP4;NON-SN;False;EXIFTOOL
C:\DB\EVA-7K\non-SN\subset_exiftool\D09_V_indoor_move_0001.mov;EVA-7K;D09;Apple;iPhone4;DIGITAL_CAMERA;INDOOR;MOV;NON-SN;False;EXIFTOOL
C:\DB\EVA-7K\non-SN\subset_exiftool\D09_V_indoor_move_0002.mov;EVA-7K;D09;Apple;iPhone4;DIGITAL_CAMERA;INDOOR;MOV;NON-SN;False;EXIFTOOL
C:\DB\EVA-7K\non-SN\subset_exiftool\D09_V_outdoor_move_0001.mov;EVA-7K;D09;Apple;iPhone4;DIGITAL_CAMERA;OUTDOOR;MOV;NON-SN;False;EXIFTOOL
C:\DB\EVA-7K\non-SN\subset_exiftool\D09_V_outdoor_move_0002.mov;EVA-7K;D09;Apple;iPhone4;DIGITAL_CAMERA;OUTDOOR;MOV;NON-SN;False;EXIFTOOL
C:\DB\EVA-7K\non-SN\subset_exiftool\D10_V_indoor_move_0001.mov;EVA-7K;D10;Apple;iPhone4s;DIGITAL_CAMERA;INDOOR;MOV;NON-SN;False;EXIFTOOL
C:\DB\EVA-7K\non-SN\subset_exiftool\D10_V_indoor_move_0002.mov;EVA-7K;D10;Apple;iPhone4s;DIGITAL_CAMERA;INDOOR;MOV;NON-SN;False;EXIFTOOL
C:\DB\EVA-7K\non-SN\subset_exiftool\D10_V_outdoor_move_0001.mov;EVA-7K;D10;Apple;iPhone4s;DIGITAL_CAMERA;OUTDOOR;MOV;NON-SN;False;EXIFTOOL
C:\DB\EVA-7K\non-SN\subset_exiftool\D10_V_outdoor_panrot_0001.mov;EVA-7K;D10;Apple;iPhone4s;DIGITAL_CAMERA;OUTDOOR;MOV;NON-SN;False;EXIFTOOL
C:\DB\EVA-7K\non-SN\subset_exiftool\D11_V_indoor_move_0001.mp4;EVA-7K;D11;Samsung;GalaxyS3;DIGITAL_CAMERA;INDOOR;MP4;NON-SN;False;EXIFTOOL
C:\DB\EVA-7K\non-SN\subset_exiftool\D11_V_indoor_move_0002.mp4;EVA-7K;D11;Samsung;GalaxyS3;DIGITAL_CAMERA;INDOOR;MP4;NON-SN;False;EXIFTOOL
C:\DB\EVA-7K\non-SN\subset_exiftool\D11_V_outdoor_move_0001.mp4;EVA-7K;D11;Samsung;GalaxyS3;DIGITAL_CAMERA;OUTDOOR;MP4;NON-SN;False;EXIFTOOL
C:\DB\EVA-7K\non-SN\subset_exiftool\D11_V_outdoor_move_0002.mp4;EVA-7K;D11;Samsung;GalaxyS3;DIGITAL_CAMERA;OUTDOOR;MP4;NON-SN;False;EXIFTOOL
C:\DB\EVA-7K\non-SN\subset_exiftool\D12_V_indoor_move_0001.mp4;EVA-7K;D12;Sony;XperiaZ1Compact;DIGITAL_CAMERA;INDOOR;MP4;NON-SN;False;EXIFTOOL
C:\DB\EVA-7K\non-SN\subset_exiftool\D12_V_indoor_move_0002.mp4;EVA-7K;D12;Sony;XperiaZ1Compact;DIGITAL_CAMERA;INDOOR;MP4;NON-SN;False;EXIFTOOL
C:\DB\EVA-7K\non-SN\subset_exiftool\D12_V_outdoor_move_0001.mp4;EVA-7K;D12;Sony;XperiaZ1Compact;DIGITAL_CAMERA;OUTDOOR;MP4;NON-SN;False;EXIFTOOL
C:\DB\EVA-7K\non-SN\subset_exiftool\D12_V_outdoor_move_0002.mp4;EVA-7K;D12;Sony;XperiaZ1Compact;DIGITAL_CAMERA;OUTDOOR;MP4;NON-SN;False;EXIFTOOL
C:\DB\EVA-7K\non-SN\subset_exiftool\D13_V_indoor_move_0001.mov;EVA-7K;D13;Apple;iPad2;DIGITAL_CAMERA;INDOOR;MOV;NON-SN;False;EXIFTOOL
C:\DB\EVA-7K\non-SN\subset_exiftool\D13_V_indoor_move_0002.mov;EVA-7K;D13;Apple;iPad2;DIGITAL_CAMERA;INDOOR;MOV;NON-SN;False;EXIFTOOL
C:\DB\EVA-7K\non-SN\subset_exiftool\D13_V_outdoor_move_0001.mov;EVA-7K;D13;Apple;iPad2;DIGITAL_CAMERA;OUTDOOR;MOV;NON-SN;False;EXIFTOOL
C:\DB\EVA-7K\non-SN\subset_exiftool\D13_V_outdoor_move_0002.mov;EVA-7K;D13;Apple;iPad2;DIGITAL_CAMERA;OUTDOOR;MOV;NON-SN;False;EXIFTOOL
C:\DB\EVA-7K\non-SN\subset_exiftool\D14_V_indoor_move_0001.mov;EVA-7K;D14;Apple;iPhone5c;DIGITAL_CAMERA;INDOOR;MOV;NON-SN;False;EXIFTOOL
C:\DB\EVA-7K\non-SN\subset_exiftool\D14_V_indoor_move_0002.mov;EVA-7K;D14;Apple;iPhone5c;DIGITAL_CAMERA;INDOOR;MOV;NON-SN;False;EXIFTOOL
C:\DB\EVA-7K\non-SN\subset_exiftool\D14_V_outdoor_move_0001.mov;EVA-7K;D14;Apple;iPhone5c;DIGITAL_CAMERA;OUTDOOR;MOV;NON-SN;False;EXIFTOOL
C:\DB\EVA-7K\non-SN\subset_exiftool\D14_V_outdoor_move_0002.mov;EVA-7K;D14;Apple;iPhone5c;DIGITAL_CAMERA;OUTDOOR;MOV;NON-SN;False;EXIFTOOL
C:\DB\EVA-7K\non-SN\subset_exiftool\D15_V_indoor_move_0001.mov;EVA-7K;D15;Apple;iPhone6;DIGITAL_CAMERA;INDOOR;MOV;NON-SN;False;EXIFTOOL
C:\DB\EVA-7K\non-SN\subset_exiftool\D15_V_indoor_move_0002.mov;EVA-7K;D15;Apple;iPhone6;DIGITAL_CAMERA;INDOOR;MOV;NON-SN;False;EXIFTOOL
C:\DB\EVA-7K\non-SN\subset_exiftool\D15_V_outdoor_move_0001.mov;EVA-7K;D15;Apple;iPhone6;DIGITAL_CAMERA;OUTDOOR;MOV;NON-SN;False;EXIFTOOL
C:\DB\EVA-7K\non-SN\subset_exiftool\D15_V_outdoor_move_0002.mov;EVA-7K;D15;Apple;iPhone6;DIGITAL_CAMERA;OUTDOOR;MOV;NON-SN;False;EXIFTOOL
C:\DB\EVA-7K\non-SN\subset_exiftool\D16_V_indoor_move_0001.mp4;EVA-7K;D16;Huawei;P9lite;DIGITAL_CAMERA;INDOOR;MP4;NON-SN;False;EXIFTOOL
C:\DB\EVA-7K\non-SN\subset_exiftool\D16_V_indoor_move_0002.mp4;EVA-7K;D16;Huawei;P9lite;DIGITAL_CAMERA;INDOOR;MP4;NON-SN;False;EXIFTOOL
C:\DB\EVA-7K\non-SN\subset_exiftool\D16_V_outdoor_move_0001.mp4;EVA-7K;D16;Huawei;P9lite;DIGITAL_CAMERA;OUTDOOR;MP4;NON-SN;False;EXIFTOOL
C:\DB\EVA-7K\non-SN\subset_exiftool\D16_V_outdoor_move_0002.mp4;EVA-7K;D16;Huawei;P9lite;DIGITAL_CAMERA;OUTDOOR;MP4;NON-SN;False;EXIFTOOL
C:\DB\EVA-7K\non-SN\subset_exiftool\D17_V_indoor_move_0001.mp4;EVA-7K;D17;Microsoft;Lumia640LTE;DIGITAL_CAMERA;INDOOR;MP4;NON-SN;False;EXIFTOOL
C:\DB\EVA-7K\non-SN\subset_exiftool\D17_V_indoor_panrot_0001.mp4;EVA-7K;D17;Microsoft;Lumia640LTE;DIGITAL_CAMERA;INDOOR;MP4;NON-SN;False;EXIFTOOL
C:\DB\EVA-7K\non-SN\subset_exiftool\D17_V_outdoor_move_0001.mp4;EVA-7K;D17;Microsoft;Lumia640LTE;DIGITAL_CAMERA;OUTDOOR;MP4;NON-SN;False;EXIFTOOL
C:\DB\EVA-7K\non-SN\subset_exiftool\D17_V_outdoor_panrot_0001.mp4;EVA-7K;D17;Microsoft;Lumia640LTE;DIGITAL_CAMERA;OUTDOOR;MP4;NON-SN;False;EXIFTOOL
C:\DB\EVA-7K\non-SN\subset_exiftool\D18_V_indoor_move_0001.mov;EVA-7K;D18;Apple;iPhone5c;DIGITAL_CAMERA;INDOOR;MOV;NON-SN;False;EXIFTOOL
C:\DB\EVA-7K\non-SN\subset_exiftool\D18_V_indoor_panrot_0001.mov;EVA-7K;D18;Apple;iPhone5c;DIGITAL_CAMERA;INDOOR;MOV;NON-SN;False;EXIFTOOL
C:\DB\EVA-7K\non-SN\subset_exiftool\D18_V_outdoor_move_0001.mov;EVA-7K;D18;Apple;iPhone5c;DIGITAL_CAMERA;OUTDOOR;MOV;NON-SN;False;EXIFTOOL
C:\DB\EVA-7K\non-SN\subset_exiftool\D18_V_outdoor_panrot_0001.mov;EVA-7K;D18;Apple;iPhone5c;DIGITAL_CAMERA;OUTDOOR;MOV;NON-SN;False;EXIFTOOL
C:\DB\EVA-7K\non-SN\subset_exiftool\D19_V_indoor_move_0001.mov;EVA-7K;D19;Apple;iPhone6Plus;DIGITAL_CAMERA;INDOOR;MOV;NON-SN;False;EXIFTOOL
C:\DB\EVA-7K\non-SN\subset_exiftool\D19_V_indoor_move_0002.mov;EVA-7K;D19;Apple;iPhone6Plus;DIGITAL_CAMERA;INDOOR;MOV;NON-SN;False;EXIFTOOL
C:\DB\EVA-7K\non-SN\subset_exiftool\D19_V_outdoor_move_0001.mov;EVA-7K;D19;Apple;iPhone6Plus;DIGITAL_CAMERA;OUTDOOR;MOV;NON-SN;False;EXIFTOOL
C:\DB\EVA-7K\non-SN\subset_exiftool\D19_V_outdoor_move_0002.mov;EVA-7K;D19;Apple;iPhone6Plus;DIGITAL_CAMERA;OUTDOOR;MOV;NON-SN;False;EXIFTOOL
C:\DB\EVA-7K\non-SN\subset_exiftool\D20_V_indoor_move_0001.mov;EVA-7K;D20;Apple;iPadmini;DIGITAL_CAMERA;INDOOR;MOV;NON-SN;False;EXIFTOOL
C:\DB\EVA-7K\non-SN\subset_exiftool\D20_V_indoor_move_0002.mov;EVA-7K;D20;Apple;iPadmini;DIGITAL_CAMERA;INDOOR;MOV;NON-SN;False;EXIFTOOL
C:\DB\EVA-7K\non-SN\subset_exiftool\D20_V_outdoor_move_0001.mov;EVA-7K;D20;Apple;iPadmini;DIGITAL_CAMERA;OUTDOOR;MOV;NON-SN;False;EXIFTOOL
C:\DB\EVA-7K\non-SN\subset_exiftool\D20_V_outdoor_move_0002.mov;EVA-7K;D20;Apple;iPadmini;DIGITAL_CAMERA;OUTDOOR;MOV;NON-SN;False;EXIFTOOL
C:\DB\EVA-7K\non-SN\subset_exiftool\D21_V_indoor_move_0001.mp4;EVA-7K;D21;Wiko;Ridge4G;DIGITAL_CAMERA;INDOOR;MP4;NON-SN;False;EXIFTOOL
C:\DB\EVA-7K\non-SN\subset_exiftool\D21_V_indoor_panrot_0001.mp4;EVA-7K;D21;Wiko;Ridge4G;DIGITAL_CAMERA;INDOOR;MP4;NON-SN;False;EXIFTOOL
C:\DB\EVA-7K\non-SN\subset_exiftool\D21_V_outdoor_move_0001.mp4;EVA-7K;D21;Wiko;Ridge4G;DIGITAL_CAMERA;OUTDOOR;MP4;NON-SN;False;EXIFTOOL
C:\DB\EVA-7K\non-SN\subset_exiftool\D21_V_outdoor_panrot_0001.mp4;EVA-7K;D21;Wiko;Ridge4G;DIGITAL_CAMERA;OUTDOOR;MP4;NON-SN;False;EXIFTOOL
C:\DB\EVA-7K\non-SN\subset_exiftool\D22_V_indoor_move_0001.mp4;EVA-7K;D22;Samsung;GalaxyTrendPlus;DIGITAL_CAMERA;INDOOR;MP4;NON-SN;False;EXIFTOOL
C:\DB\EVA-7K\non-SN\subset_exiftool\D22_V_indoor_move_0002.mp4;EVA-7K;D22;Samsung;GalaxyTrendPlus;DIGITAL_CAMERA;INDOOR;MP4;NON-SN;False;EXIFTOOL
C:\DB\EVA-7K\non-SN\subset_exiftool\D22_V_outdoor_move_0001.mp4;EVA-7K;D22;Samsung;GalaxyTrendPlus;DIGITAL_CAMERA;OUTDOOR;MP4;NON-SN;False;EXIFTOOL
C:\DB\EVA-7K\non-SN\subset_exiftool\D22_V_outdoor_move_0002.mp4;EVA-7K;D22;Samsung;GalaxyTrendPlus;DIGITAL_CAMERA;OUTDOOR;MP4;NON-SN;False;EXIFTOOL
C:\DB\EVA-7K\non-SN\subset_exiftool\D23_V_indoor_move_0001.mp4;EVA-7K;D23;Asus;Zenfone2Laser;DIGITAL_CAMERA;INDOOR;MP4;NON-SN;False;EXIFTOOL
C:\DB\EVA-7K\non-SN\subset_exiftool\D23_V_indoor_move_0002.mp4;EVA-7K;D23;Asus;Zenfone2Laser;DIGITAL_CAMERA;INDOOR;MP4;NON-SN;False;EXIFTOOL
C:\DB\EVA-7K\non-SN\subset_exiftool\D23_V_outdoor_move_0001.mp4;EVA-7K;D23;Asus;Zenfone2Laser;DIGITAL_CAMERA;OUTDOOR;MP4;NON-SN;False;EXIFTOOL
C:\DB\EVA-7K\non-SN\subset_exiftool\D23_V_outdoor_move_0002.mp4;EVA-7K;D23;Asus;Zenfone2Laser;DIGITAL_CAMERA;OUTDOOR;MP4;NON-SN;False;EXIFTOOL
C:\DB\EVA-7K\non-SN\subset_exiftool\D24_V_indoor_move_0001.mp4;EVA-7K;D24;Xiaomi;RedmiNote3;DIGITAL_CAMERA;INDOOR;MP4;NON-SN;False;EXIFTOOL
C:\DB\EVA-7K\non-SN\subset_exiftool\D24_V_indoor_move_0002.mp4;EVA-7K;D24;Xiaomi;RedmiNote3;DIGITAL_CAMERA;INDOOR;MP4;NON-SN;False;EXIFTOOL
C:\DB\EVA-7K\non-SN\subset_exiftool\D24_V_outdoor_move_0001.mp4;EVA-7K;D24;Xiaomi;RedmiNote3;DIGITAL_CAMERA;OUTDOOR;MP4;NON-SN;False;EXIFTOOL
C:\DB\EVA-7K\non-SN\subset_exiftool\D24_V_outdoor_move_0002.mp4;EVA-7K;D24;Xiaomi;RedmiNote3;DIGITAL_CAMERA;OUTDOOR;MP4;NON-SN;False;EXIFTOOL
C:\DB\EVA-7K\non-SN\subset_exiftool\D25_V_indoor_move_0001.mp4;EVA-7K;D25;OnePlus;A3000;DIGITAL_CAMERA;INDOOR;MP4;NON-SN;False;EXIFTOOL
C:\DB\EVA-7K\non-SN\subset_exiftool\D25_V_indoor_move_0002.mp4;EVA-7K;D25;OnePlus;A3000;DIGITAL_CAMERA;INDOOR;MP4;NON-SN;False;EXIFTOOL
C:\DB\EVA-7K\non-SN\subset_exiftool\D25_V_outdoor_move_0001.mp4;EVA-7K;D25;OnePlus;A3000;DIGITAL_CAMERA;OUTDOOR;MP4;NON-SN;False;EXIFTOOL
C:\DB\EVA-7K\non-SN\subset_exiftool\D25_V_outdoor_move_0002.mp4;EVA-7K;D25;OnePlus;A3000;DIGITAL_CAMERA;OUTDOOR;MP4;NON-SN;False;EXIFTOOL
C:\DB\EVA-7K\non-SN\subset_exiftool\D26_V_indoor_move_0001.mp4;EVA-7K;D26;Samsung;GalaxyS3Mini;DIGITAL_CAMERA;INDOOR;MP4;NON-SN;False;EXIFTOOL
C:\DB\EVA-7K\non-SN\subset_exiftool\D26_V_indoor_move_0002.mp4;EVA-7K;D26;Samsung;GalaxyS3Mini;DIGITAL_CAMERA;INDOOR;MP4;NON-SN;False;EXIFTOOL
C:\DB\EVA-7K\non-SN\subset_exiftool\D26_V_outdoor_move_0001.mp4;EVA-7K;D26;Samsung;GalaxyS3Mini;DIGITAL_CAMERA;OUTDOOR;MP4;NON-SN;False;EXIFTOOL
C:\DB\EVA-7K\non-SN\subset_exiftool\D26_V_outdoor_move_0002.mp4;EVA-7K;D26;Samsung;GalaxyS3Mini;DIGITAL_CAMERA;OUTDOOR;MP4;NON-SN;False;EXIFTOOL
C:\DB\EVA-7K\non-SN\subset_exiftool\D27_V_indoor_move_0001.mp4;EVA-7K;D27;Samsung;GalaxyS5;DIGITAL_CAMERA;INDOOR;MP4;NON-SN;False;EXIFTOOL
C:\DB\EVA-7K\non-SN\subset_exiftool\D27_V_indoor_move_0002.mp4;EVA-7K;D27;Samsung;GalaxyS5;DIGITAL_CAMERA;INDOOR;MP4;NON-SN;False;EXIFTOOL
C:\DB\EVA-7K\non-SN\subset_exiftool\D27_V_outdoor_move_0001.mp4;EVA-7K;D27;Samsung;GalaxyS5;DIGITAL_CAMERA;OUTDOOR;MP4;NON-SN;False;EXIFTOOL
C:\DB\EVA-7K\non-SN\subset_exiftool\D27_V_outdoor_move_0002.mp4;EVA-7K;D27;Samsung;GalaxyS5;DIGITAL_CAMERA;OUTDOOR;MP4;NON-SN;False;EXIFTOOL
C:\DB\EVA-7K\non-SN\subset_exiftool\D28_V_indoor_move_0001.mp4;EVA-7K;D28;Huawei;P89;DIGITAL_CAMERA;INDOOR;MP4;NON-SN;False;EXIFTOOL
C:\DB\EVA-7K\non-SN\subset_exiftool\D28_V_indoor_move_0002.mp4;EVA-7K;D28;Huawei;P89;DIGITAL_CAMERA;INDOOR;MP4;NON-SN;False;EXIFTOOL
C:\DB\EVA-7K\non-SN\subset_exiftool\D28_V_outdoor_move_0001.mp4;EVA-7K;D28;Huawei;P89;DIGITAL_CAMERA;OUTDOOR;MP4;NON-SN;False;EXIFTOOL
C:\DB\EVA-7K\non-SN\subset_exiftool\D28_V_outdoor_move_0002.mp4;EVA-7K;D28;Huawei;P89;DIGITAL_CAMERA;OUTDOOR;MP4;NON-SN;False;EXIFTOOL
C:\DB\EVA-7K\non-SN\subset_exiftool\D29_V_indoor_move_0001.mov;EVA-7K;D29;Apple;iPhone5;DIGITAL_CAMERA;INDOOR;MOV;NON-SN;False;EXIFTOOL
C:\DB\EVA-7K\non-SN\subset_exiftool\D29_V_indoor_move_0002.mov;EVA-7K;D29;Apple;iPhone5;DIGITAL_CAMERA;INDOOR;MOV;NON-SN;False;EXIFTOOL
C:\DB\EVA-7K\non-SN\subset_exiftool\D29_V_outdoor_move_0001.mov;EVA-7K;D29;Apple;iPhone5;DIGITAL_CAMERA;OUTDOOR;MOV;NON-SN;False;EXIFTOOL
C:\DB\EVA-7K\non-SN\subset_exiftool\D29_V_outdoor_move_0002.mov;EVA-7K;D29;Apple;iPhone5;DIGITAL_CAMERA;OUTDOOR;MOV;NON-SN;False;EXIFTOOL
C:\DB\EVA-7K\non-SN\subset_exiftool\D30_V_indoor_move_0001.mp4;EVA-7K;D30;Huawei;Honor5;DIGITAL_CAMERA;INDOOR;MP4;NON-SN;False;EXIFTOOL
C:\DB\EVA-7K\non-SN\subset_exiftool\D30_V_indoor_move_0002.mp4;EVA-7K;D30;Huawei;Honor5;DIGITAL_CAMERA;INDOOR;MP4;NON-SN;False;EXIFTOOL
C:\DB\EVA-7K\non-SN\subset_exiftool\D30_V_outdoor_move_0001.mp4;EVA-7K;D30;Huawei;Honor5;DIGITAL_CAMERA;OUTDOOR;MP4;NON-SN;False;EXIFTOOL
C:\DB\EVA-7K\non-SN\subset_exiftool\D30_V_outdoor_move_0002.mp4;EVA-7K;D30;Huawei;Honor5;DIGITAL_CAMERA;OUTDOOR;MP4;NON-SN;False;EXIFTOOL
C:\DB\EVA-7K\non-SN\subset_exiftool\D31_V_indoor_move_0001.mp4;EVA-7K;D31;Samsung;GalaxyS4Mini;DIGITAL_CAMERA;INDOOR;MP4;NON-SN;False;EXIFTOOL
C:\DB\EVA-7K\non-SN\subset_exiftool\D31_V_indoor_move_0002.mp4;EVA-7K;D31;Samsung;GalaxyS4Mini;DIGITAL_CAMERA;INDOOR;MP4;NON-SN;False;EXIFTOOL
C:\DB\EVA-7K\non-SN\subset_exiftool\D31_V_outdoor_move_0001.mp4;EVA-7K;D31;Samsung;GalaxyS4Mini;DIGITAL_CAMERA;OUTDOOR;MP4;NON-SN;False;EXIFTOOL
C:\DB\EVA-7K\non-SN\subset_exiftool\D31_V_outdoor_move_0002.mp4;EVA-7K;D31;Samsung;GalaxyS4Mini;DIGITAL_CAMERA;OUTDOOR;MP4;NON-SN;False;EXIFTOOL
C:\DB\EVA-7K\non-SN\subset_exiftool\D32_V_indoor_move_0001.mp4;EVA-7K;D32;OnePlus;A3003;DIGITAL_CAMERA;INDOOR;MP4;NON-SN;False;EXIFTOOL
C:\DB\EVA-7K\non-SN\subset_exiftool\D32_V_indoor_move_0002.mp4;EVA-7K;D32;OnePlus;A3003;DIGITAL_CAMERA;INDOOR;MP4;NON-SN;False;EXIFTOOL
C:\DB\EVA-7K\non-SN\subset_exiftool\D32_V_outdoor_move_0001.mp4;EVA-7K;D32;OnePlus;A3003;DIGITAL_CAMERA;OUTDOOR;MP4;NON-SN;False;EXIFTOOL
C:\DB\EVA-7K\non-SN\subset_exiftool\D32_V_outdoor_move_0002.mp4;EVA-7K;D32;OnePlus;A3003;DIGITAL_CAMERA;OUTDOOR;MP4;NON-SN;False;EXIFTOOL
C:\DB\EVA-7K\non-SN\subset_exiftool\D33_V_indoor_move_0001.mp4;EVA-7K;D33;Huawei;AscendG6;DIGITAL_CAMERA;INDOOR;MP4;NON-SN;False;EXIFTOOL
C:\DB\EVA-7K\non-SN\subset_exiftool\D33_V_indoor_move_0002.mp4;EVA-7K;D33;Huawei;AscendG6;DIGITAL_CAMERA;INDOOR;MP4;NON-SN;False;EXIFTOOL
C:\DB\EVA-7K\non-SN\subset_exiftool\D33_V_outdoor_move_0001.mp4;EVA-7K;D33;Huawei;AscendG6;DIGITAL_CAMERA;OUTDOOR;MP4;NON-SN;False;EXIFTOOL
C:\DB\EVA-7K\non-SN\subset_exiftool\D33_V_outdoor_move_0002.mp4;EVA-7K;D33;Huawei;AscendG6;DIGITAL_CAMERA;OUTDOOR;MP4;NON-SN;False;EXIFTOOL
C:\DB\EVA-7K\non-SN\subset_exiftool\D34_V_indoor_move_0001.mov;EVA-7K;D34;Apple;iPhone5;DIGITAL_CAMERA;INDOOR;MOV;NON-SN;False;EXIFTOOL
C:\DB\EVA-7K\non-SN\subset_exiftool\D34_V_indoor_move_0002.mov;EVA-7K;D34;Apple;iPhone5;DIGITAL_CAMERA;INDOOR;MOV;NON-SN;False;EXIFTOOL
C:\DB\EVA-7K\non-SN\subset_exiftool\D34_V_outdoor_move_0001.mov;EVA-7K;D34;Apple;iPhone5;DIGITAL_CAMERA;OUTDOOR;MOV;NON-SN;False;EXIFTOOL
C:\DB\EVA-7K\non-SN\subset_exiftool\D34_V_outdoor_move_0002.mov;EVA-7K;D34;Apple;iPhone5;DIGITAL_CAMERA;OUTDOOR;MOV;NON-SN;False;EXIFTOOL
C:\DB\EVA-7K\non-SN\subset_exiftool\D35_V_outdoor_move_0001.mp4;EVA-7K;D35;Samsung;GalaxyTabA;DIGITAL_CAMERA;OUTDOOR;MP4;NON-SN;False;EXIFTOOL
C:\DB\EVA-7K\non-SN\subset_exiftool\D35_V_outdoor_move_0002.mp4;EVA-7K;D35;Samsung;GalaxyTabA;DIGITAL_CAMERA;OUTDOOR;MP4;NON-SN;False;EXIFTOOL
C:\DB\EVA-7K\non-SN\subset_exiftool\D35_V_outdoor_panrot_0001.mp4;EVA-7K;D35;Samsung;GalaxyTabA;DIGITAL_CAMERA;OUTDOOR;MP4;NON-SN;False;EXIFTOOL
C:\DB\EVA-7K\non-SN\subset_exiftool\D35_V_outdoor_panrot_0002.mp4;EVA-7K;D35;Samsung;GalaxyTabA;DIGITAL_CAMERA;OUTDOOR;MP4;NON-SN;False;EXIFTOOL
C:\DB\EVA-7K\non-SN\subset_ffmpeg1\D01_V_indoor_move_0001.mp4;EVA-7K;D01;Samsung;GalaxyS3Mini;DIGITAL_CAMERA;INDOOR;MP4;NON-SN;False;FFMPEG1
C:\DB\EVA-7K\non-SN\subset_ffmpeg1\D01_V_indoor_move_0002.mp4;EVA-7K;D01;Samsung;GalaxyS3Mini;DIGITAL_CAMERA;INDOOR;MP4;NON-SN;False;FFMPEG1
C:\DB\EVA-7K\non-SN\subset_ffmpeg1\D01_V_outdoor_move_0001.mp4;EVA-7K;D01;Samsung;GalaxyS3Mini;DIGITAL_CAMERA;OUTDOOR;MP4;NON-SN;False;FFMPEG1
C:\DB\EVA-7K\non-SN\subset_ffmpeg1\D01_V_outdoor_move_0002.mp4;EVA-7K;D01;Samsung;GalaxyS3Mini;DIGITAL_CAMERA;OUTDOOR;MP4;NON-SN;False;FFMPEG1
C:\DB\EVA-7K\non-SN\subset_ffmpeg1\D02_V_indoor_move_0001.mov;EVA-7K;D02;Apple;iPhone4s;DIGITAL_CAMERA;INDOOR;MOV;NON-SN;False;FFMPEG1
C:\DB\EVA-7K\non-SN\subset_ffmpeg1\D02_V_indoor_panrot_0001.mov;EVA-7K;D02;Apple;iPhone4s;DIGITAL_CAMERA;INDOOR;MOV;NON-SN;False;FFMPEG1
C:\DB\EVA-7K\non-SN\subset_ffmpeg1\D02_V_outdoor_move_0001.mov;EVA-7K;D02;Apple;iPhone4s;DIGITAL_CAMERA;OUTDOOR;MOV;NON-SN;False;FFMPEG1
C:\DB\EVA-7K\non-SN\subset_ffmpeg1\D02_V_outdoor_panrot_0001.mov;EVA-7K;D02;Apple;iPhone4s;DIGITAL_CAMERA;OUTDOOR;MOV;NON-SN;False;FFMPEG1
C:\DB\EVA-7K\non-SN\subset_ffmpeg1\D03_V_indoor_move_0001.mp4;EVA-7K;D03;Huawei;P9;DIGITAL_CAMERA;INDOOR;MP4;NON-SN;False;FFMPEG1
C:\DB\EVA-7K\non-SN\subset_ffmpeg1\D03_V_indoor_move_0002.mp4;EVA-7K;D03;Huawei;P9;DIGITAL_CAMERA;INDOOR;MP4;NON-SN;False;FFMPEG1
C:\DB\EVA-7K\non-SN\subset_ffmpeg1\D03_V_outdoor_move_0001.mp4;EVA-7K;D03;Huawei;P9;DIGITAL_CAMERA;OUTDOOR;MP4;NON-SN;False;FFMPEG1
C:\DB\EVA-7K\non-SN\subset_ffmpeg1\D03_V_outdoor_move_0002.mp4;EVA-7K;D03;Huawei;P9;DIGITAL_CAMERA;OUTDOOR;MP4;NON-SN;False;FFMPEG1
C:\DB\EVA-7K\non-SN\subset_ffmpeg1\D04_V_indoor_move_0001.mp4;EVA-7K;D04;LG;D290;DIGITAL_CAMERA;INDOOR;MP4;NON-SN;False;FFMPEG1
C:\DB\EVA-7K\non-SN\subset_ffmpeg1\D04_V_indoor_move_0002.mp4;EVA-7K;D04;LG;D290;DIGITAL_CAMERA;INDOOR;MP4;NON-SN;False;FFMPEG1
C:\DB\EVA-7K\non-SN\subset_ffmpeg1\D04_V_outdoor_move_0001.mp4;EVA-7K;D04;LG;D290;DIGITAL_CAMERA;OUTDOOR;MP4;NON-SN;False;FFMPEG1
C:\DB\EVA-7K\non-SN\subset_ffmpeg1\D04_V_outdoor_move_0002.mp4;EVA-7K;D04;LG;D290;DIGITAL_CAMERA;OUTDOOR;MP4;NON-SN;False;FFMPEG1
C:\DB\EVA-7K\non-SN\subset_ffmpeg1\D05_V_indoor_move_0001.mov;EVA-7K;D05;Apple;iPhone5c;DIGITAL_CAMERA;INDOOR;MOV;NON-SN;False;FFMPEG1
C:\DB\EVA-7K\non-SN\subset_ffmpeg1\D05_V_indoor_move_0002.mov;EVA-7K;D05;Apple;iPhone5c;DIGITAL_CAMERA;INDOOR;MOV;NON-SN;False;FFMPEG1
C:\DB\EVA-7K\non-SN\subset_ffmpeg1\D05_V_outdoor_move_0001.mov;EVA-7K;D05;Apple;iPhone5c;DIGITAL_CAMERA;OUTDOOR;MOV;NON-SN;False;FFMPEG1
C:\DB\EVA-7K\non-SN\subset_ffmpeg1\D05_V_outdoor_move_0002.mov;EVA-7K;D05;Apple;iPhone5c;DIGITAL_CAMERA;OUTDOOR;MOV;NON-SN;False;FFMPEG1
C:\DB\EVA-7K\non-SN\subset_ffmpeg1\D06_V_indoor_move_0001.mov;EVA-7K;D06;Apple;iPhone6;DIGITAL_CAMERA;INDOOR;MOV;NON-SN;False;FFMPEG1
C:\DB\EVA-7K\non-SN\subset_ffmpeg1\D06_V_indoor_move_0002.mov;EVA-7K;D06;Apple;iPhone6;DIGITAL_CAMERA;INDOOR;MOV;NON-SN;False;FFMPEG1
C:\DB\EVA-7K\non-SN\subset_ffmpeg1\D06_V_outdoor_move_0001.mov;EVA-7K;D06;Apple;iPhone6;DIGITAL_CAMERA;OUTDOOR;MOV;NON-SN;False;FFMPEG1
C:\DB\EVA-7K\non-SN\subset_ffmpeg1\D06_V_outdoor_move_0002.mov;EVA-7K;D06;Apple;iPhone6;DIGITAL_CAMERA;OUTDOOR;MOV;NON-SN;False;FFMPEG1
C:\DB\EVA-7K\non-SN\subset_ffmpeg1\D08_V_indoor_move_0001.mp4;EVA-7K;D08;Samsung;GalaxyTab3;DIGITAL_CAMERA;INDOOR;MP4;NON-SN;False;FFMPEG1
C:\DB\EVA-7K\non-SN\subset_ffmpeg1\D08_V_indoor_move_0002.mp4;EVA-7K;D08;Samsung;GalaxyTab3;DIGITAL_CAMERA;INDOOR;MP4;NON-SN;False;FFMPEG1
C:\DB\EVA-7K\non-SN\subset_ffmpeg1\D08_V_outdoor_move_0001.mp4;EVA-7K;D08;Samsung;GalaxyTab3;DIGITAL_CAMERA;OUTDOOR;MP4;NON-SN;False;FFMPEG1
C:\DB\EVA-7K\non-SN\subset_ffmpeg1\D08_V_outdoor_move_0002.mp4;EVA-7K;D08;Samsung;GalaxyTab3;DIGITAL_CAMERA;OUTDOOR;MP4;NON-SN;False;FFMPEG1
C:\DB\EVA-7K\non-SN\subset_ffmpeg1\D09_V_indoor_move_0001.mov;EVA-7K;D09;Apple;iPhone4;DIGITAL_CAMERA;INDOOR;MOV;NON-SN;False;FFMPEG1
C:\DB\EVA-7K\non-SN\subset_ffmpeg1\D09_V_indoor_move_0002.mov;EVA-7K;D09;Apple;iPhone4;DIGITAL_CAMERA;INDOOR;MOV;NON-SN;False;FFMPEG1
C:\DB\EVA-7K\non-SN\subset_ffmpeg1\D09_V_outdoor_move_0001.mov;EVA-7K;D09;Apple;iPhone4;DIGITAL_CAMERA;OUTDOOR;MOV;NON-SN;False;FFMPEG1
C:\DB\EVA-7K\non-SN\subset_ffmpeg1\D09_V_outdoor_move_0002.mov;EVA-7K;D09;Apple;iPhone4;DIGITAL_CAMERA;OUTDOOR;MOV;NON-SN;False;FFMPEG1
C:\DB\EVA-7K\non-SN\subset_ffmpeg1\D10_V_indoor_move_0001.mov;EVA-7K;D10;Apple;iPhone4s;DIGITAL_CAMERA;INDOOR;MOV;NON-SN;False;FFMPEG1
C:\DB\EVA-7K\non-SN\subset_ffmpeg1\D10_V_indoor_move_0002.mov;EVA-7K;D10;Apple;iPhone4s;DIGITAL_CAMERA;INDOOR;MOV;NON-SN;False;FFMPEG1
C:\DB\EVA-7K\non-SN\subset_ffmpeg1\D10_V_outdoor_move_0001.mov;EVA-7K;D10;Apple;iPhone4s;DIGITAL_CAMERA;OUTDOOR;MOV;NON-SN;False;FFMPEG1
C:\DB\EVA-7K\non-SN\subset_ffmpeg1\D10_V_outdoor_panrot_0001.mov;EVA-7K;D10;Apple;iPhone4s;DIGITAL_CAMERA;OUTDOOR;MOV;NON-SN;False;FFMPEG1
C:\DB\EVA-7K\non-SN\subset_ffmpeg1\D11_V_indoor_move_0001.mp4;EVA-7K;D11;Samsung;GalaxyS3;DIGITAL_CAMERA;INDOOR;MP4;NON-SN;False;FFMPEG1
C:\DB\EVA-7K\non-SN\subset_ffmpeg1\D11_V_indoor_move_0002.mp4;EVA-7K;D11;Samsung;GalaxyS3;DIGITAL_CAMERA;INDOOR;MP4;NON-SN;False;FFMPEG1
C:\DB\EVA-7K\non-SN\subset_ffmpeg1\D11_V_outdoor_move_0001.mp4;EVA-7K;D11;Samsung;GalaxyS3;DIGITAL_CAMERA;OUTDOOR;MP4;NON-SN;False;FFMPEG1
C:\DB\EVA-7K\non-SN\subset_ffmpeg1\D11_V_outdoor_move_0002.mp4;EVA-7K;D11;Samsung;GalaxyS3;DIGITAL_CAMERA;OUTDOOR;MP4;NON-SN;False;FFMPEG1
C:\DB\EVA-7K\non-SN\subset_ffmpeg1\D12_V_indoor_move_0001.mp4;EVA-7K;D12;Sony;XperiaZ1Compact;DIGITAL_CAMERA;INDOOR;MP4;NON-SN;False;FFMPEG1
C:\DB\EVA-7K\non-SN\subset_ffmpeg1\D12_V_indoor_move_0002.mp4;EVA-7K;D12;Sony;XperiaZ1Compact;DIGITAL_CAMERA;INDOOR;MP4;NON-SN;False;FFMPEG1
C:\DB\EVA-7K\non-SN\subset_ffmpeg1\D12_V_outdoor_move_0001.mp4;EVA-7K;D12;Sony;XperiaZ1Compact;DIGITAL_CAMERA;OUTDOOR;MP4;NON-SN;False;FFMPEG1
C:\DB\EVA-7K\non-SN\subset_ffmpeg1\D12_V_outdoor_move_0002.mp4;EVA-7K;D12;Sony;XperiaZ1Compact;DIGITAL_CAMERA;OUTDOOR;MP4;NON-SN;False;FFMPEG1
C:\DB\EVA-7K\non-SN\subset_ffmpeg1\D13_V_indoor_move_0001.mov;EVA-7K;D13;Apple;iPad2;DIGITAL_CAMERA;INDOOR;MOV;NON-SN;False;FFMPEG1
C:\DB\EVA-7K\non-SN\subset_ffmpeg1\D13_V_indoor_move_0002.mov;EVA-7K;D13;Apple;iPad2;DIGITAL_CAMERA;INDOOR;MOV;NON-SN;False;FFMPEG1
C:\DB\EVA-7K\non-SN\subset_ffmpeg1\D13_V_outdoor_move_0001.mov;EVA-7K;D13;Apple;iPad2;DIGITAL_CAMERA;OUTDOOR;MOV;NON-SN;False;FFMPEG1
C:\DB\EVA-7K\non-SN\subset_ffmpeg1\D13_V_outdoor_move_0002.mov;EVA-7K;D13;Apple;iPad2;DIGITAL_CAMERA;OUTDOOR;MOV;NON-SN;False;FFMPEG1
C:\DB\EVA-7K\non-SN\subset_ffmpeg1\D14_V_indoor_move_0001.mov;EVA-7K;D14;Apple;iPhone5c;DIGITAL_CAMERA;INDOOR;MOV;NON-SN;False;FFMPEG1
C:\DB\EVA-7K\non-SN\subset_ffmpeg1\D14_V_indoor_move_0002.mov;EVA-7K;D14;Apple;iPhone5c;DIGITAL_CAMERA;INDOOR;MOV;NON-SN;False;FFMPEG1
C:\DB\EVA-7K\non-SN\subset_ffmpeg1\D14_V_outdoor_move_0001.mov;EVA-7K;D14;Apple;iPhone5c;DIGITAL_CAMERA;OUTDOOR;MOV;NON-SN;False;FFMPEG1
C:\DB\EVA-7K\non-SN\subset_ffmpeg1\D14_V_outdoor_move_0002.mov;EVA-7K;D14;Apple;iPhone5c;DIGITAL_CAMERA;OUTDOOR;MOV;NON-SN;False;FFMPEG1
C:\DB\EVA-7K\non-SN\subset_ffmpeg1\D15_V_indoor_move_0001.mov;EVA-7K;D15;Apple;iPhone6;DIGITAL_CAMERA;INDOOR;MOV;NON-SN;False;FFMPEG1
C:\DB\EVA-7K\non-SN\subset_ffmpeg1\D15_V_indoor_move_0002.mov;EVA-7K;D15;Apple;iPhone6;DIGITAL_CAMERA;INDOOR;MOV;NON-SN;False;FFMPEG1
C:\DB\EVA-7K\non-SN\subset_ffmpeg1\D15_V_outdoor_move_0001.mov;EVA-7K;D15;Apple;iPhone6;DIGITAL_CAMERA;OUTDOOR;MOV;NON-SN;False;FFMPEG1
C:\DB\EVA-7K\non-SN\subset_ffmpeg1\D15_V_outdoor_move_0002.mov;EVA-7K;D15;Apple;iPhone6;DIGITAL_CAMERA;OUTDOOR;MOV;NON-SN;False;FFMPEG1
C:\DB\EVA-7K\non-SN\subset_ffmpeg1\D16_V_indoor_move_0001.mp4;EVA-7K;D16;Huawei;P9lite;DIGITAL_CAMERA;INDOOR;MP4;NON-SN;False;FFMPEG1
C:\DB\EVA-7K\non-SN\subset_ffmpeg1\D16_V_indoor_move_0002.mp4;EVA-7K;D16;Huawei;P9lite;DIGITAL_CAMERA;INDOOR;MP4;NON-SN;False;FFMPEG1
C:\DB\EVA-7K\non-SN\subset_ffmpeg1\D16_V_outdoor_move_0001.mp4;EVA-7K;D16;Huawei;P9lite;DIGITAL_CAMERA;OUTDOOR;MP4;NON-SN;False;FFMPEG1
C:\DB\EVA-7K\non-SN\subset_ffmpeg1\D16_V_outdoor_move_0002.mp4;EVA-7K;D16;Huawei;P9lite;DIGITAL_CAMERA;OUTDOOR;MP4;NON-SN;False;FFMPEG1
C:\DB\EVA-7K\non-SN\subset_ffmpeg1\D17_V_indoor_move_0001.mp4;EVA-7K;D17;Microsoft;Lumia640LTE;DIGITAL_CAMERA;INDOOR;MP4;NON-SN;False;FFMPEG1
C:\DB\EVA-7K\non-SN\subset_ffmpeg1\D17_V_indoor_panrot_0001.mp4;EVA-7K;D17;Microsoft;Lumia640LTE;DIGITAL_CAMERA;INDOOR;MP4;NON-SN;False;FFMPEG1
C:\DB\EVA-7K\non-SN\subset_ffmpeg1\D17_V_outdoor_panrot_0001.mp4;EVA-7K;D17;Microsoft;Lumia640LTE;DIGITAL_CAMERA;OUTDOOR;MP4;NON-SN;False;FFMPEG1
C:\DB\EVA-7K\non-SN\subset_ffmpeg1\D17_V_outdoor_still_0001.mp4;EVA-7K;D17;Microsoft;Lumia640LTE;DIGITAL_CAMERA;OUTDOOR;MP4;NON-SN;False;FFMPEG1
C:\DB\EVA-7K\non-SN\subset_ffmpeg1\D18_V_indoor_move_0001.mov;EVA-7K;D18;Apple;iPhone5c;DIGITAL_CAMERA;INDOOR;MOV;NON-SN;False;FFMPEG1
C:\DB\EVA-7K\non-SN\subset_ffmpeg1\D18_V_indoor_panrot_0001.mov;EVA-7K;D18;Apple;iPhone5c;DIGITAL_CAMERA;INDOOR;MOV;NON-SN;False;FFMPEG1
C:\DB\EVA-7K\non-SN\subset_ffmpeg1\D18_V_outdoor_move_0001.mov;EVA-7K;D18;Apple;iPhone5c;DIGITAL_CAMERA;OUTDOOR;MOV;NON-SN;False;FFMPEG1
C:\DB\EVA-7K\non-SN\subset_ffmpeg1\D18_V_outdoor_panrot_0001.mov;EVA-7K;D18;Apple;iPhone5c;DIGITAL_CAMERA;OUTDOOR;MOV;NON-SN;False;FFMPEG1
C:\DB\EVA-7K\non-SN\subset_ffmpeg1\D19_V_indoor_move_0001.mov;EVA-7K;D19;Apple;iPhone6Plus;DIGITAL_CAMERA;INDOOR;MOV;NON-SN;False;FFMPEG1
C:\DB\EVA-7K\non-SN\subset_ffmpeg1\D19_V_indoor_move_0002.mov;EVA-7K;D19;Apple;iPhone6Plus;DIGITAL_CAMERA;INDOOR;MOV;NON-SN;False;FFMPEG1
C:\DB\EVA-7K\non-SN\subset_ffmpeg1\D19_V_outdoor_move_0001.mov;EVA-7K;D19;Apple;iPhone6Plus;DIGITAL_CAMERA;OUTDOOR;MOV;NON-SN;False;FFMPEG1
C:\DB\EVA-7K\non-SN\subset_ffmpeg1\D19_V_outdoor_move_0002.mov;EVA-7K;D19;Apple;iPhone6Plus;DIGITAL_CAMERA;OUTDOOR;MOV;NON-SN;False;FFMPEG1
C:\DB\EVA-7K\non-SN\subset_ffmpeg1\D20_V_indoor_move_0001.mov;EVA-7K;D20;Apple;iPadmini;DIGITAL_CAMERA;INDOOR;MOV;NON-SN;False;FFMPEG1
C:\DB\EVA-7K\non-SN\subset_ffmpeg1\D20_V_indoor_move_0002.mov;EVA-7K;D20;Apple;iPadmini;DIGITAL_CAMERA;INDOOR;MOV;NON-SN;False;FFMPEG1
C:\DB\EVA-7K\non-SN\subset_ffmpeg1\D20_V_outdoor_move_0001.mov;EVA-7K;D20;Apple;iPadmini;DIGITAL_CAMERA;OUTDOOR;MOV;NON-SN;False;FFMPEG1
C:\DB\EVA-7K\non-SN\subset_ffmpeg1\D20_V_outdoor_move_0002.mov;EVA-7K;D20;Apple;iPadmini;DIGITAL_CAMERA;OUTDOOR;MOV;NON-SN;False;FFMPEG1
C:\DB\EVA-7K\non-SN\subset_ffmpeg1\D21_V_indoor_move_0001.mp4;EVA-7K;D21;Wiko;Ridge4G;DIGITAL_CAMERA;INDOOR;MP4;NON-SN;False;FFMPEG1
C:\DB\EVA-7K\non-SN\subset_ffmpeg1\D21_V_indoor_panrot_0001.mp4;EVA-7K;D21;Wiko;Ridge4G;DIGITAL_CAMERA;INDOOR;MP4;NON-SN;False;FFMPEG1
C:\DB\EVA-7K\non-SN\subset_ffmpeg1\D21_V_outdoor_move_0001.mp4;EVA-7K;D21;Wiko;Ridge4G;DIGITAL_CAMERA;OUTDOOR;MP4;NON-SN;False;FFMPEG1
C:\DB\EVA-7K\non-SN\subset_ffmpeg1\D21_V_outdoor_panrot_0001.mp4;EVA-7K;D21;Wiko;Ridge4G;DIGITAL_CAMERA;OUTDOOR;MP4;NON-SN;False;FFMPEG1
C:\DB\EVA-7K\non-SN\subset_ffmpeg1\D22_V_indoor_move_0001.mp4;EVA-7K;D22;Samsung;GalaxyTrendPlus;DIGITAL_CAMERA;INDOOR;MP4;NON-SN;False;FFMPEG1
C:\DB\EVA-7K\non-SN\subset_ffmpeg1\D22_V_indoor_move_0002.mp4;EVA-7K;D22;Samsung;GalaxyTrendPlus;DIGITAL_CAMERA;INDOOR;MP4;NON-SN;False;FFMPEG1
C:\DB\EVA-7K\non-SN\subset_ffmpeg1\D22_V_outdoor_move_0001.mp4;EVA-7K;D22;Samsung;GalaxyTrendPlus;DIGITAL_CAMERA;OUTDOOR;MP4;NON-SN;False;FFMPEG1
C:\DB\EVA-7K\non-SN\subset_ffmpeg1\D22_V_outdoor_move_0002.mp4;EVA-7K;D22;Samsung;GalaxyTrendPlus;DIGITAL_CAMERA;OUTDOOR;MP4;NON-SN;False;FFMPEG1
C:\DB\EVA-7K\non-SN\subset_ffmpeg1\D23_V_indoor_move_0001.mp4;EVA-7K;D23;Asus;Zenfone2Laser;DIGITAL_CAMERA;INDOOR;MP4;NON-SN;False;FFMPEG1
C:\DB\EVA-7K\non-SN\subset_ffmpeg1\D23_V_indoor_move_0002.mp4;EVA-7K;D23;Asus;Zenfone2Laser;DIGITAL_CAMERA;INDOOR;MP4;NON-SN;False;FFMPEG1
C:\DB\EVA-7K\non-SN\subset_ffmpeg1\D23_V_outdoor_move_0001.mp4;EVA-7K;D23;Asus;Zenfone2Laser;DIGITAL_CAMERA;OUTDOOR;MP4;NON-SN;False;FFMPEG1
C:\DB\EVA-7K\non-SN\subset_ffmpeg1\D23_V_outdoor_move_0002.mp4;EVA-7K;D23;Asus;Zenfone2Laser;DIGITAL_CAMERA;OUTDOOR;MP4;NON-SN;False;FFMPEG1
C:\DB\EVA-7K\non-SN\subset_ffmpeg1\D24_V_indoor_move_0001.mp4;EVA-7K;D24;Xiaomi;RedmiNote3;DIGITAL_CAMERA;INDOOR;MP4;NON-SN;False;FFMPEG1
C:\DB\EVA-7K\non-SN\subset_ffmpeg1\D24_V_indoor_move_0002.mp4;EVA-7K;D24;Xiaomi;RedmiNote3;DIGITAL_CAMERA;INDOOR;MP4;NON-SN;False;FFMPEG1
C:\DB\EVA-7K\non-SN\subset_ffmpeg1\D24_V_outdoor_move_0001.mp4;EVA-7K;D24;Xiaomi;RedmiNote3;DIGITAL_CAMERA;OUTDOOR;MP4;NON-SN;False;FFMPEG1
C:\DB\EVA-7K\non-SN\subset_ffmpeg1\D24_V_outdoor_move_0002.mp4;EVA-7K;D24;Xiaomi;RedmiNote3;DIGITAL_CAMERA;OUTDOOR;MP4;NON-SN;False;FFMPEG1
C:\DB\EVA-7K\non-SN\subset_ffmpeg1\D25_V_indoor_move_0001.mp4;EVA-7K;D25;OnePlus;A3000;DIGITAL_CAMERA;INDOOR;MP4;NON-SN;False;FFMPEG1
C:\DB\EVA-7K\non-SN\subset_ffmpeg1\D25_V_indoor_move_0002.mp4;EVA-7K;D25;OnePlus;A3000;DIGITAL_CAMERA;INDOOR;MP4;NON-SN;False;FFMPEG1
C:\DB\EVA-7K\non-SN\subset_ffmpeg1\D25_V_outdoor_move_0001.mp4;EVA-7K;D25;OnePlus;A3000;DIGITAL_CAMERA;OUTDOOR;MP4;NON-SN;False;FFMPEG1
C:\DB\EVA-7K\non-SN\subset_ffmpeg1\D25_V_outdoor_move_0002.mp4;EVA-7K;D25;OnePlus;A3000;DIGITAL_CAMERA;OUTDOOR;MP4;NON-SN;False;FFMPEG1
C:\DB\EVA-7K\non-SN\subset_ffmpeg1\D26_V_indoor_move_0001.mp4;EVA-7K;D26;Samsung;GalaxyS3Mini;DIGITAL_CAMERA;INDOOR;MP4;NON-SN;False;FFMPEG1
C:\DB\EVA-7K\non-SN\subset_ffmpeg1\D26_V_indoor_move_0002.mp4;EVA-7K;D26;Samsung;GalaxyS3Mini;DIGITAL_CAMERA;INDOOR;MP4;NON-SN;False;FFMPEG1
C:\DB\EVA-7K\non-SN\subset_ffmpeg1\D26_V_outdoor_move_0001.mp4;EVA-7K;D26;Samsung;GalaxyS3Mini;DIGITAL_CAMERA;OUTDOOR;MP4;NON-SN;False;FFMPEG1
C:\DB\EVA-7K\non-SN\subset_ffmpeg1\D26_V_outdoor_move_0002.mp4;EVA-7K;D26;Samsung;GalaxyS3Mini;DIGITAL_CAMERA;OUTDOOR;MP4;NON-SN;False;FFMPEG1
C:\DB\EVA-7K\non-SN\subset_ffmpeg1\D27_V_indoor_move_0001.mp4;EVA-7K;D27;Samsung;GalaxyS5;DIGITAL_CAMERA;INDOOR;MP4;NON-SN;False;FFMPEG1
C:\DB\EVA-7K\non-SN\subset_ffmpeg1\D27_V_indoor_move_0002.mp4;EVA-7K;D27;Samsung;GalaxyS5;DIGITAL_CAMERA;INDOOR;MP4;NON-SN;False;FFMPEG1
C:\DB\EVA-7K\non-SN\subset_ffmpeg1\D27_V_outdoor_move_0001.mp4;EVA-7K;D27;Samsung;GalaxyS5;DIGITAL_CAMERA;OUTDOOR;MP4;NON-SN;False;FFMPEG1
C:\DB\EVA-7K\non-SN\subset_ffmpeg1\D27_V_outdoor_move_0002.mp4;EVA-7K;D27;Samsung;GalaxyS5;DIGITAL_CAMERA;OUTDOOR;MP4;NON-SN;False;FFMPEG1
C:\DB\EVA-7K\non-SN\subset_ffmpeg1\D28_V_indoor_move_0001.mp4;EVA-7K;D28;Huawei;P89;DIGITAL_CAMERA;INDOOR;MP4;NON-SN;False;FFMPEG1
C:\DB\EVA-7K\non-SN\subset_ffmpeg1\D28_V_indoor_move_0002.mp4;EVA-7K;D28;Huawei;P89;DIGITAL_CAMERA;INDOOR;MP4;NON-SN;False;FFMPEG1
C:\DB\EVA-7K\non-SN\subset_ffmpeg1\D28_V_outdoor_move_0001.mp4;EVA-7K;D28;Huawei;P89;DIGITAL_CAMERA;OUTDOOR;MP4;NON-SN;False;FFMPEG1
C:\DB\EVA-7K\non-SN\subset_ffmpeg1\D28_V_outdoor_move_0002.mp4;EVA-7K;D28;Huawei;P89;DIGITAL_CAMERA;OUTDOOR;MP4;NON-SN;False;FFMPEG1
C:\DB\EVA-7K\non-SN\subset_ffmpeg1\D29_V_indoor_move_0001.mov;EVA-7K;D29;Apple;iPhone5;DIGITAL_CAMERA;INDOOR;MOV;NON-SN;False;FFMPEG1
C:\DB\EVA-7K\non-SN\subset_ffmpeg1\D29_V_indoor_move_0002.mov;EVA-7K;D29;Apple;iPhone5;DIGITAL_CAMERA;INDOOR;MOV;NON-SN;False;FFMPEG1
C:\DB\EVA-7K\non-SN\subset_ffmpeg1\D29_V_outdoor_move_0001.mov;EVA-7K;D29;Apple;iPhone5;DIGITAL_CAMERA;OUTDOOR;MOV;NON-SN;False;FFMPEG1
C:\DB\EVA-7K\non-SN\subset_ffmpeg1\D29_V_outdoor_move_0002.mov;EVA-7K;D29;Apple;iPhone5;DIGITAL_CAMERA;OUTDOOR;MOV;NON-SN;False;FFMPEG1
C:\DB\EVA-7K\non-SN\subset_ffmpeg1\D30_V_indoor_move_0001.mp4;EVA-7K;D30;Huawei;Honor5;DIGITAL_CAMERA;INDOOR;MP4;NON-SN;False;FFMPEG1
C:\DB\EVA-7K\non-SN\subset_ffmpeg1\D30_V_indoor_move_0002.mp4;EVA-7K;D30;Huawei;Honor5;DIGITAL_CAMERA;INDOOR;MP4;NON-SN;False;FFMPEG1
C:\DB\EVA-7K\non-SN\subset_ffmpeg1\D30_V_outdoor_move_0001.mp4;EVA-7K;D30;Huawei;Honor5;DIGITAL_CAMERA;OUTDOOR;MP4;NON-SN;False;FFMPEG1
C:\DB\EVA-7K\non-SN\subset_ffmpeg1\D30_V_outdoor_move_0002.mp4;EVA-7K;D30;Huawei;Honor5;DIGITAL_CAMERA;OUTDOOR;MP4;NON-SN;False;FFMPEG1
C:\DB\EVA-7K\non-SN\subset_ffmpeg1\D31_V_indoor_move_0001.mp4;EVA-7K;D31;Samsung;GalaxyS4Mini;DIGITAL_CAMERA;INDOOR;MP4;NON-SN;False;FFMPEG1
C:\DB\EVA-7K\non-SN\subset_ffmpeg1\D31_V_indoor_move_0002.mp4;EVA-7K;D31;Samsung;GalaxyS4Mini;DIGITAL_CAMERA;INDOOR;MP4;NON-SN;False;FFMPEG1
C:\DB\EVA-7K\non-SN\subset_ffmpeg1\D31_V_outdoor_move_0001.mp4;EVA-7K;D31;Samsung;GalaxyS4Mini;DIGITAL_CAMERA;OUTDOOR;MP4;NON-SN;False;FFMPEG1
C:\DB\EVA-7K\non-SN\subset_ffmpeg1\D31_V_outdoor_move_0002.mp4;EVA-7K;D31;Samsung;GalaxyS4Mini;DIGITAL_CAMERA;OUTDOOR;MP4;NON-SN;False;FFMPEG1
C:\DB\EVA-7K\non-SN\subset_ffmpeg1\D32_V_indoor_move_0001.mp4;EVA-7K;D32;OnePlus;A3003;DIGITAL_CAMERA;INDOOR;MP4;NON-SN;False;FFMPEG1
C:\DB\EVA-7K\non-SN\subset_ffmpeg1\D32_V_indoor_move_0002.mp4;EVA-7K;D32;OnePlus;A3003;DIGITAL_CAMERA;INDOOR;MP4;NON-SN;False;FFMPEG1
C:\DB\EVA-7K\non-SN\subset_ffmpeg1\D32_V_outdoor_move_0001.mp4;EVA-7K;D32;OnePlus;A3003;DIGITAL_CAMERA;OUTDOOR;MP4;NON-SN;False;FFMPEG1
C:\DB\EVA-7K\non-SN\subset_ffmpeg1\D32_V_outdoor_move_0002.mp4;EVA-7K;D32;OnePlus;A3003;DIGITAL_CAMERA;OUTDOOR;MP4;NON-SN;False;FFMPEG1
C:\DB\EVA-7K\non-SN\subset_ffmpeg1\D33_V_indoor_move_0001.mp4;EVA-7K;D33;Huawei;AscendG6;DIGITAL_CAMERA;INDOOR;MP4;NON-SN;False;FFMPEG1
C:\DB\EVA-7K\non-SN\subset_ffmpeg1\D33_V_indoor_move_0002.mp4;EVA-7K;D33;Huawei;AscendG6;DIGITAL_CAMERA;INDOOR;MP4;NON-SN;False;FFMPEG1
C:\DB\EVA-7K\non-SN\subset_ffmpeg1\D33_V_outdoor_move_0001.mp4;EVA-7K;D33;Huawei;AscendG6;DIGITAL_CAMERA;OUTDOOR;MP4;NON-SN;False;FFMPEG1
C:\DB\EVA-7K\non-SN\subset_ffmpeg1\D33_V_outdoor_move_0002.mp4;EVA-7K;D33;Huawei;AscendG6;DIGITAL_CAMERA;OUTDOOR;MP4;NON-SN;False;FFMPEG1
C:\DB\EVA-7K\non-SN\subset_ffmpeg1\D34_V_indoor_move_0001.mov;EVA-7K;D34;Apple;iPhone5;DIGITAL_CAMERA;INDOOR;MOV;NON-SN;False;FFMPEG1
C:\DB\EVA-7K\non-SN\subset_ffmpeg1\D34_V_indoor_move_0002.mov;EVA-7K;D34;Apple;iPhone5;DIGITAL_CAMERA;INDOOR;MOV;NON-SN;False;FFMPEG1
C:\DB\EVA-7K\non-SN\subset_ffmpeg1\D34_V_outdoor_move_0001.mov;EVA-7K;D34;Apple;iPhone5;DIGITAL_CAMERA;OUTDOOR;MOV;NON-SN;False;FFMPEG1
C:\DB\EVA-7K\non-SN\subset_ffmpeg1\D34_V_outdoor_move_0002.mov;EVA-7K;D34;Apple;iPhone5;DIGITAL_CAMERA;OUTDOOR;MOV;NON-SN;False;FFMPEG1
C:\DB\EVA-7K\non-SN\subset_ffmpeg1\D35_V_outdoor_move_0001.mp4;EVA-7K;D35;Samsung;GalaxyTabA;DIGITAL_CAMERA;OUTDOOR;MP4;NON-SN;False;FFMPEG1
C:\DB\EVA-7K\non-SN\subset_ffmpeg1\D35_V_outdoor_move_0002.mp4;EVA-7K;D35;Samsung;GalaxyTabA;DIGITAL_CAMERA;OUTDOOR;MP4;NON-SN;False;FFMPEG1
C:\DB\EVA-7K\non-SN\subset_ffmpeg1\D35_V_outdoor_panrot_0001.mp4;EVA-7K;D35;Samsung;GalaxyTabA;DIGITAL_CAMERA;OUTDOOR;MP4;NON-SN;False;FFMPEG1
C:\DB\EVA-7K\non-SN\subset_ffmpeg1\D35_V_outdoor_panrot_0002.mp4;EVA-7K;D35;Samsung;GalaxyTabA;DIGITAL_CAMERA;OUTDOOR;MP4;NON-SN;False;FFMPEG1
C:\DB\EVA-7K\non-SN\subset_ffmpeg2\D01_V_indoor_move_0001.mp4;EVA-7K;D01;Samsung;GalaxyS3Mini;DIGITAL_CAMERA;INDOOR;MP4;NON-SN;False;FFMPEG2
C:\DB\EVA-7K\non-SN\subset_ffmpeg2\D01_V_indoor_move_0002.mp4;EVA-7K;D01;Samsung;GalaxyS3Mini;DIGITAL_CAMERA;INDOOR;MP4;NON-SN;False;FFMPEG2
C:\DB\EVA-7K\non-SN\subset_ffmpeg2\D01_V_outdoor_move_0001.mp4;EVA-7K;D01;Samsung;GalaxyS3Mini;DIGITAL_CAMERA;OUTDOOR;MP4;NON-SN;False;FFMPEG2
C:\DB\EVA-7K\non-SN\subset_ffmpeg2\D01_V_outdoor_move_0002.mp4;EVA-7K;D01;Samsung;GalaxyS3Mini;DIGITAL_CAMERA;OUTDOOR;MP4;NON-SN;False;FFMPEG2
C:\DB\EVA-7K\non-SN\subset_ffmpeg2\D02_V_indoor_move_0001.mov;EVA-7K;D02;Apple;iPhone4s;DIGITAL_CAMERA;INDOOR;MOV;NON-SN;False;FFMPEG2
C:\DB\EVA-7K\non-SN\subset_ffmpeg2\D02_V_indoor_panrot_0001.mov;EVA-7K;D02;Apple;iPhone4s;DIGITAL_CAMERA;INDOOR;MOV;NON-SN;False;FFMPEG2
C:\DB\EVA-7K\non-SN\subset_ffmpeg2\D02_V_outdoor_move_0001.mov;EVA-7K;D02;Apple;iPhone4s;DIGITAL_CAMERA;OUTDOOR;MOV;NON-SN;False;FFMPEG2
C:\DB\EVA-7K\non-SN\subset_ffmpeg2\D02_V_outdoor_panrot_0001.mov;EVA-7K;D02;Apple;iPhone4s;DIGITAL_CAMERA;OUTDOOR;MOV;NON-SN;False;FFMPEG2
C:\DB\EVA-7K\non-SN\subset_ffmpeg2\D03_V_indoor_move_0001.mp4;EVA-7K;D03;Huawei;P9;DIGITAL_CAMERA;INDOOR;MP4;NON-SN;False;FFMPEG2
C:\DB\EVA-7K\non-SN\subset_ffmpeg2\D03_V_indoor_move_0002.mp4;EVA-7K;D03;Huawei;P9;DIGITAL_CAMERA;INDOOR;MP4;NON-SN;False;FFMPEG2
C:\DB\EVA-7K\non-SN\subset_ffmpeg2\D03_V_outdoor_move_0001.mp4;EVA-7K;D03;Huawei;P9;DIGITAL_CAMERA;OUTDOOR;MP4;NON-SN;False;FFMPEG2
C:\DB\EVA-7K\non-SN\subset_ffmpeg2\D03_V_outdoor_move_0002.mp4;EVA-7K;D03;Huawei;P9;DIGITAL_CAMERA;OUTDOOR;MP4;NON-SN;False;FFMPEG2
C:\DB\EVA-7K\non-SN\subset_ffmpeg2\D04_V_indoor_move_0001.mp4;EVA-7K;D04;LG;D290;DIGITAL_CAMERA;INDOOR;MP4;NON-SN;False;FFMPEG2
C:\DB\EVA-7K\non-SN\subset_ffmpeg2\D04_V_indoor_move_0002.mp4;EVA-7K;D04;LG;D290;DIGITAL_CAMERA;INDOOR;MP4;NON-SN;False;FFMPEG2
C:\DB\EVA-7K\non-SN\subset_ffmpeg2\D04_V_outdoor_move_0001.mp4;EVA-7K;D04;LG;D290;DIGITAL_CAMERA;OUTDOOR;MP4;NON-SN;False;FFMPEG2
C:\DB\EVA-7K\non-SN\subset_ffmpeg2\D04_V_outdoor_move_0002.mp4;EVA-7K;D04;LG;D290;DIGITAL_CAMERA;OUTDOOR;MP4;NON-SN;False;FFMPEG2
C:\DB\EVA-7K\non-SN\subset_ffmpeg2\D05_V_indoor_move_0001.mov;EVA-7K;D05;Apple;iPhone5c;DIGITAL_CAMERA;INDOOR;MOV;NON-SN;False;FFMPEG2
C:\DB\EVA-7K\non-SN\subset_ffmpeg2\D05_V_indoor_move_0002.mov;EVA-7K;D05;Apple;iPhone5c;DIGITAL_CAMERA;INDOOR;MOV;NON-SN;False;FFMPEG2
C:\DB\EVA-7K\non-SN\subset_ffmpeg2\D05_V_outdoor_move_0001.mov;EVA-7K;D05;Apple;iPhone5c;DIGITAL_CAMERA;OUTDOOR;MOV;NON-SN;False;FFMPEG2
C:\DB\EVA-7K\non-SN\subset_ffmpeg2\D05_V_outdoor_move_0002.mov;EVA-7K;D05;Apple;iPhone5c;DIGITAL_CAMERA;OUTDOOR;MOV;NON-SN;False;FFMPEG2
C:\DB\EVA-7K\non-SN\subset_ffmpeg2\D06_V_indoor_move_0001.mov;EVA-7K;D06;Apple;iPhone6;DIGITAL_CAMERA;INDOOR;MOV;NON-SN;False;FFMPEG2
C:\DB\EVA-7K\non-SN\subset_ffmpeg2\D06_V_indoor_move_0002.mov;EVA-7K;D06;Apple;iPhone6;DIGITAL_CAMERA;INDOOR;MOV;NON-SN;False;FFMPEG2
C:\DB\EVA-7K\non-SN\subset_ffmpeg2\D06_V_outdoor_move_0001.mov;EVA-7K;D06;Apple;iPhone6;DIGITAL_CAMERA;OUTDOOR;MOV;NON-SN;False;FFMPEG2
C:\DB\EVA-7K\non-SN\subset_ffmpeg2\D06_V_outdoor_move_0002.mov;EVA-7K;D06;Apple;iPhone6;DIGITAL_CAMERA;OUTDOOR;MOV;NON-SN;False;FFMPEG2
C:\DB\EVA-7K\non-SN\subset_ffmpeg2\D08_V_indoor_move_0001.mp4;EVA-7K;D08;Samsung;GalaxyTab3;DIGITAL_CAMERA;INDOOR;MP4;NON-SN;False;FFMPEG2
C:\DB\EVA-7K\non-SN\subset_ffmpeg2\D08_V_indoor_move_0002.mp4;EVA-7K;D08;Samsung;GalaxyTab3;DIGITAL_CAMERA;INDOOR;MP4;NON-SN;False;FFMPEG2
C:\DB\EVA-7K\non-SN\subset_ffmpeg2\D08_V_outdoor_move_0001.mp4;EVA-7K;D08;Samsung;GalaxyTab3;DIGITAL_CAMERA;OUTDOOR;MP4;NON-SN;False;FFMPEG2
C:\DB\EVA-7K\non-SN\subset_ffmpeg2\D08_V_outdoor_move_0002.mp4;EVA-7K;D08;Samsung;GalaxyTab3;DIGITAL_CAMERA;OUTDOOR;MP4;NON-SN;False;FFMPEG2
C:\DB\EVA-7K\non-SN\subset_ffmpeg2\D09_V_indoor_move_0001.mov;EVA-7K;D09;Apple;iPhone4;DIGITAL_CAMERA;INDOOR;MOV;NON-SN;False;FFMPEG2
C:\DB\EVA-7K\non-SN\subset_ffmpeg2\D09_V_indoor_move_0002.mov;EVA-7K;D09;Apple;iPhone4;DIGITAL_CAMERA;INDOOR;MOV;NON-SN;False;FFMPEG2
C:\DB\EVA-7K\non-SN\subset_ffmpeg2\D09_V_outdoor_move_0001.mov;EVA-7K;D09;Apple;iPhone4;DIGITAL_CAMERA;OUTDOOR;MOV;NON-SN;False;FFMPEG2
C:\DB\EVA-7K\non-SN\subset_ffmpeg2\D09_V_outdoor_move_0002.mov;EVA-7K;D09;Apple;iPhone4;DIGITAL_CAMERA;OUTDOOR;MOV;NON-SN;False;FFMPEG2
C:\DB\EVA-7K\non-SN\subset_ffmpeg2\D10_V_indoor_move_0001.mov;EVA-7K;D10;Apple;iPhone4s;DIGITAL_CAMERA;INDOOR;MOV;NON-SN;False;FFMPEG2
C:\DB\EVA-7K\non-SN\subset_ffmpeg2\D10_V_indoor_move_0002.mov;EVA-7K;D10;Apple;iPhone4s;DIGITAL_CAMERA;INDOOR;MOV;NON-SN;False;FFMPEG2
C:\DB\EVA-7K\non-SN\subset_ffmpeg2\D10_V_outdoor_move_0001.mov;EVA-7K;D10;Apple;iPhone4s;DIGITAL_CAMERA;OUTDOOR;MOV;NON-SN;False;FFMPEG2
C:\DB\EVA-7K\non-SN\subset_ffmpeg2\D10_V_outdoor_panrot_0001.mov;EVA-7K;D10;Apple;iPhone4s;DIGITAL_CAMERA;OUTDOOR;MOV;NON-SN;False;FFMPEG2
C:\DB\EVA-7K\non-SN\subset_ffmpeg2\D11_V_indoor_move_0001.mp4;EVA-7K;D11;Samsung;GalaxyS3;DIGITAL_CAMERA;INDOOR;MP4;NON-SN;False;FFMPEG2
C:\DB\EVA-7K\non-SN\subset_ffmpeg2\D11_V_indoor_move_0002.mp4;EVA-7K;D11;Samsung;GalaxyS3;DIGITAL_CAMERA;INDOOR;MP4;NON-SN;False;FFMPEG2
C:\DB\EVA-7K\non-SN\subset_ffmpeg2\D11_V_outdoor_move_0001.mp4;EVA-7K;D11;Samsung;GalaxyS3;DIGITAL_CAMERA;OUTDOOR;MP4;NON-SN;False;FFMPEG2
C:\DB\EVA-7K\non-SN\subset_ffmpeg2\D11_V_outdoor_move_0002.mp4;EVA-7K;D11;Samsung;GalaxyS3;DIGITAL_CAMERA;OUTDOOR;MP4;NON-SN;False;FFMPEG2
C:\DB\EVA-7K\non-SN\subset_ffmpeg2\D12_V_indoor_move_0001.mp4;EVA-7K;D12;Sony;XperiaZ1Compact;DIGITAL_CAMERA;INDOOR;MP4;NON-SN;False;FFMPEG2
C:\DB\EVA-7K\non-SN\subset_ffmpeg2\D12_V_indoor_move_0002.mp4;EVA-7K;D12;Sony;XperiaZ1Compact;DIGITAL_CAMERA;INDOOR;MP4;NON-SN;False;FFMPEG2
C:\DB\EVA-7K\non-SN\subset_ffmpeg2\D12_V_outdoor_move_0001.mp4;EVA-7K;D12;Sony;XperiaZ1Compact;DIGITAL_CAMERA;OUTDOOR;MP4;NON-SN;False;FFMPEG2
C:\DB\EVA-7K\non-SN\subset_ffmpeg2\D12_V_outdoor_move_0002.mp4;EVA-7K;D12;Sony;XperiaZ1Compact;DIGITAL_CAMERA;OUTDOOR;MP4;NON-SN;False;FFMPEG2
C:\DB\EVA-7K\non-SN\subset_ffmpeg2\D13_V_indoor_move_0001.mov;EVA-7K;D13;Apple;iPad2;DIGITAL_CAMERA;INDOOR;MOV;NON-SN;False;FFMPEG2
C:\DB\EVA-7K\non-SN\subset_ffmpeg2\D13_V_indoor_move_0002.mov;EVA-7K;D13;Apple;iPad2;DIGITAL_CAMERA;INDOOR;MOV;NON-SN;False;FFMPEG2
C:\DB\EVA-7K\non-SN\subset_ffmpeg2\D13_V_outdoor_move_0001.mov;EVA-7K;D13;Apple;iPad2;DIGITAL_CAMERA;OUTDOOR;MOV;NON-SN;False;FFMPEG2
C:\DB\EVA-7K\non-SN\subset_ffmpeg2\D13_V_outdoor_move_0002.mov;EVA-7K;D13;Apple;iPad2;DIGITAL_CAMERA;OUTDOOR;MOV;NON-SN;False;FFMPEG2
C:\DB\EVA-7K\non-SN\subset_ffmpeg2\D14_V_indoor_move_0001.mov;EVA-7K;D14;Apple;iPhone5c;DIGITAL_CAMERA;INDOOR;MOV;NON-SN;False;FFMPEG2
C:\DB\EVA-7K\non-SN\subset_ffmpeg2\D14_V_indoor_move_0002.mov;EVA-7K;D14;Apple;iPhone5c;DIGITAL_CAMERA;INDOOR;MOV;NON-SN;False;FFMPEG2
C:\DB\EVA-7K\non-SN\subset_ffmpeg2\D14_V_outdoor_move_0001.mov;EVA-7K;D14;Apple;iPhone5c;DIGITAL_CAMERA;OUTDOOR;MOV;NON-SN;False;FFMPEG2
C:\DB\EVA-7K\non-SN\subset_ffmpeg2\D14_V_outdoor_move_0002.mov;EVA-7K;D14;Apple;iPhone5c;DIGITAL_CAMERA;OUTDOOR;MOV;NON-SN;False;FFMPEG2
C:\DB\EVA-7K\non-SN\subset_ffmpeg2\D15_V_indoor_move_0001.mov;EVA-7K;D15;Apple;iPhone6;DIGITAL_CAMERA;INDOOR;MOV;NON-SN;False;FFMPEG2
C:\DB\EVA-7K\non-SN\subset_ffmpeg2\D15_V_indoor_move_0002.mov;EVA-7K;D15;Apple;iPhone6;DIGITAL_CAMERA;INDOOR;MOV;NON-SN;False;FFMPEG2
C:\DB\EVA-7K\non-SN\subset_ffmpeg2\D15_V_outdoor_move_0001.mov;EVA-7K;D15;Apple;iPhone6;DIGITAL_CAMERA;OUTDOOR;MOV;NON-SN;False;FFMPEG2
C:\DB\EVA-7K\non-SN\subset_ffmpeg2\D15_V_outdoor_move_0002.mov;EVA-7K;D15;Apple;iPhone6;DIGITAL_CAMERA;OUTDOOR;MOV;NON-SN;False;FFMPEG2
C:\DB\EVA-7K\non-SN\subset_ffmpeg2\D16_V_indoor_move_0001.mp4;EVA-7K;D16;Huawei;P9lite;DIGITAL_CAMERA;INDOOR;MP4;NON-SN;False;FFMPEG2
C:\DB\EVA-7K\non-SN\subset_ffmpeg2\D16_V_indoor_move_0002.mp4;EVA-7K;D16;Huawei;P9lite;DIGITAL_CAMERA;INDOOR;MP4;NON-SN;False;FFMPEG2
C:\DB\EVA-7K\non-SN\subset_ffmpeg2\D16_V_outdoor_move_0001.mp4;EVA-7K;D16;Huawei;P9lite;DIGITAL_CAMERA;OUTDOOR;MP4;NON-SN;False;FFMPEG2
C:\DB\EVA-7K\non-SN\subset_ffmpeg2\D16_V_outdoor_move_0002.mp4;EVA-7K;D16;Huawei;P9lite;DIGITAL_CAMERA;OUTDOOR;MP4;NON-SN;False;FFMPEG2
C:\DB\EVA-7K\non-SN\subset_ffmpeg2\D17_V_indoor_move_0001.mp4;EVA-7K;D17;Microsoft;Lumia640LTE;DIGITAL_CAMERA;INDOOR;MP4;NON-SN;False;FFMPEG2
C:\DB\EVA-7K\non-SN\subset_ffmpeg2\D17_V_indoor_panrot_0001.mp4;EVA-7K;D17;Microsoft;Lumia640LTE;DIGITAL_CAMERA;INDOOR;MP4;NON-SN;False;FFMPEG2
C:\DB\EVA-7K\non-SN\subset_ffmpeg2\D17_V_outdoor_move_0001.mp4;EVA-7K;D17;Microsoft;Lumia640LTE;DIGITAL_CAMERA;OUTDOOR;MP4;NON-SN;False;FFMPEG2
C:\DB\EVA-7K\non-SN\subset_ffmpeg2\D17_V_outdoor_panrot_0001.mp4;EVA-7K;D17;Microsoft;Lumia640LTE;DIGITAL_CAMERA;OUTDOOR;MP4;NON-SN;False;FFMPEG2
C:\DB\EVA-7K\non-SN\subset_ffmpeg2\D18_V_indoor_move_0001.mov;EVA-7K;D18;Apple;iPhone5c;DIGITAL_CAMERA;INDOOR;MOV;NON-SN;False;FFMPEG2
C:\DB\EVA-7K\non-SN\subset_ffmpeg2\D18_V_indoor_panrot_0001.mov;EVA-7K;D18;Apple;iPhone5c;DIGITAL_CAMERA;INDOOR;MOV;NON-SN;False;FFMPEG2
C:\DB\EVA-7K\non-SN\subset_ffmpeg2\D18_V_outdoor_move_0001.mov;EVA-7K;D18;Apple;iPhone5c;DIGITAL_CAMERA;OUTDOOR;MOV;NON-SN;False;FFMPEG2
C:\DB\EVA-7K\non-SN\subset_ffmpeg2\D18_V_outdoor_panrot_0001.mov;EVA-7K;D18;Apple;iPhone5c;DIGITAL_CAMERA;OUTDOOR;MOV;NON-SN;False;FFMPEG2
C:\DB\EVA-7K\non-SN\subset_ffmpeg2\D19_V_indoor_move_0001.mov;EVA-7K;D19;Apple;iPhone6Plus;DIGITAL_CAMERA;INDOOR;MOV;NON-SN;False;FFMPEG2
C:\DB\EVA-7K\non-SN\subset_ffmpeg2\D19_V_indoor_move_0002.mov;EVA-7K;D19;Apple;iPhone6Plus;DIGITAL_CAMERA;INDOOR;MOV;NON-SN;False;FFMPEG2
C:\DB\EVA-7K\non-SN\subset_ffmpeg2\D19_V_outdoor_move_0001.mov;EVA-7K;D19;Apple;iPhone6Plus;DIGITAL_CAMERA;OUTDOOR;MOV;NON-SN;False;FFMPEG2
C:\DB\EVA-7K\non-SN\subset_ffmpeg2\D19_V_outdoor_move_0002.mov;EVA-7K;D19;Apple;iPhone6Plus;DIGITAL_CAMERA;OUTDOOR;MOV;NON-SN;False;FFMPEG2
C:\DB\EVA-7K\non-SN\subset_ffmpeg2\D20_V_indoor_move_0001.mov;EVA-7K;D20;Apple;iPadmini;DIGITAL_CAMERA;INDOOR;MOV;NON-SN;False;FFMPEG2
C:\DB\EVA-7K\non-SN\subset_ffmpeg2\D20_V_indoor_move_0002.mov;EVA-7K;D20;Apple;iPadmini;DIGITAL_CAMERA;INDOOR;MOV;NON-SN;False;FFMPEG2
C:\DB\EVA-7K\non-SN\subset_ffmpeg2\D20_V_outdoor_move_0001.mov;EVA-7K;D20;Apple;iPadmini;DIGITAL_CAMERA;OUTDOOR;MOV;NON-SN;False;FFMPEG2
C:\DB\EVA-7K\non-SN\subset_ffmpeg2\D20_V_outdoor_move_0002.mov;EVA-7K;D20;Apple;iPadmini;DIGITAL_CAMERA;OUTDOOR;MOV;NON-SN;False;FFMPEG2
C:\DB\EVA-7K\non-SN\subset_ffmpeg2\D21_V_indoor_move_0001.mp4;EVA-7K;D21;Wiko;Ridge4G;DIGITAL_CAMERA;INDOOR;MP4;NON-SN;False;FFMPEG2
C:\DB\EVA-7K\non-SN\subset_ffmpeg2\D21_V_indoor_panrot_0001.mp4;EVA-7K;D21;Wiko;Ridge4G;DIGITAL_CAMERA;INDOOR;MP4;NON-SN;False;FFMPEG2
C:\DB\EVA-7K\non-SN\subset_ffmpeg2\D21_V_outdoor_move_0001.mp4;EVA-7K;D21;Wiko;Ridge4G;DIGITAL_CAMERA;OUTDOOR;MP4;NON-SN;False;FFMPEG2
C:\DB\EVA-7K\non-SN\subset_ffmpeg2\D21_V_outdoor_panrot_0001.mp4;EVA-7K;D21;Wiko;Ridge4G;DIGITAL_CAMERA;OUTDOOR;MP4;NON-SN;False;FFMPEG2
C:\DB\EVA-7K\non-SN\subset_ffmpeg2\D22_V_indoor_move_0001.mp4;EVA-7K;D22;Samsung;GalaxyTrendPlus;DIGITAL_CAMERA;INDOOR;MP4;NON-SN;False;FFMPEG2
C:\DB\EVA-7K\non-SN\subset_ffmpeg2\D22_V_indoor_move_0002.mp4;EVA-7K;D22;Samsung;GalaxyTrendPlus;DIGITAL_CAMERA;INDOOR;MP4;NON-SN;False;FFMPEG2
C:\DB\EVA-7K\non-SN\subset_ffmpeg2\D22_V_outdoor_move_0001.mp4;EVA-7K;D22;Samsung;GalaxyTrendPlus;DIGITAL_CAMERA;OUTDOOR;MP4;NON-SN;False;FFMPEG2
C:\DB\EVA-7K\non-SN\subset_ffmpeg2\D22_V_outdoor_move_0002.mp4;EVA-7K;D22;Samsung;GalaxyTrendPlus;DIGITAL_CAMERA;OUTDOOR;MP4;NON-SN;False;FFMPEG2
C:\DB\EVA-7K\non-SN\subset_ffmpeg2\D23_V_indoor_move_0001.mp4;EVA-7K;D23;Asus;Zenfone2Laser;DIGITAL_CAMERA;INDOOR;MP4;NON-SN;False;FFMPEG2
C:\DB\EVA-7K\non-SN\subset_ffmpeg2\D23_V_indoor_move_0002.mp4;EVA-7K;D23;Asus;Zenfone2Laser;DIGITAL_CAMERA;INDOOR;MP4;NON-SN;False;FFMPEG2
C:\DB\EVA-7K\non-SN\subset_ffmpeg2\D23_V_outdoor_move_0001.mp4;EVA-7K;D23;Asus;Zenfone2Laser;DIGITAL_CAMERA;OUTDOOR;MP4;NON-SN;False;FFMPEG2
C:\DB\EVA-7K\non-SN\subset_ffmpeg2\D23_V_outdoor_move_0002.mp4;EVA-7K;D23;Asus;Zenfone2Laser;DIGITAL_CAMERA;OUTDOOR;MP4;NON-SN;False;FFMPEG2
C:\DB\EVA-7K\non-SN\subset_ffmpeg2\D24_V_indoor_move_0001.mp4;EVA-7K;D24;Xiaomi;RedmiNote3;DIGITAL_CAMERA;INDOOR;MP4;NON-SN;False;FFMPEG2
C:\DB\EVA-7K\non-SN\subset_ffmpeg2\D24_V_indoor_move_0002.mp4;EVA-7K;D24;Xiaomi;RedmiNote3;DIGITAL_CAMERA;INDOOR;MP4;NON-SN;False;FFMPEG2
C:\DB\EVA-7K\non-SN\subset_ffmpeg2\D24_V_outdoor_move_0001.mp4;EVA-7K;D24;Xiaomi;RedmiNote3;DIGITAL_CAMERA;OUTDOOR;MP4;NON-SN;False;FFMPEG2
C:\DB\EVA-7K\non-SN\subset_ffmpeg2\D24_V_outdoor_move_0002.mp4;EVA-7K;D24;Xiaomi;RedmiNote3;DIGITAL_CAMERA;OUTDOOR;MP4;NON-SN;False;FFMPEG2
C:\DB\EVA-7K\non-SN\subset_ffmpeg2\D25_V_indoor_move_0001.mp4;EVA-7K;D25;OnePlus;A3000;DIGITAL_CAMERA;INDOOR;MP4;NON-SN;False;FFMPEG2
C:\DB\EVA-7K\non-SN\subset_ffmpeg2\D25_V_indoor_move_0002.mp4;EVA-7K;D25;OnePlus;A3000;DIGITAL_CAMERA;INDOOR;MP4;NON-SN;False;FFMPEG2
C:\DB\EVA-7K\non-SN\subset_ffmpeg2\D25_V_outdoor_move_0001.mp4;EVA-7K;D25;OnePlus;A3000;DIGITAL_CAMERA;OUTDOOR;MP4;NON-SN;False;FFMPEG2
C:\DB\EVA-7K\non-SN\subset_ffmpeg2\D25_V_outdoor_move_0002.mp4;EVA-7K;D25;OnePlus;A3000;DIGITAL_CAMERA;OUTDOOR;MP4;NON-SN;False;FFMPEG2
C:\DB\EVA-7K\non-SN\subset_ffmpeg2\D26_V_indoor_move_0001.mp4;EVA-7K;D26;Samsung;GalaxyS3Mini;DIGITAL_CAMERA;INDOOR;MP4;NON-SN;False;FFMPEG2
C:\DB\EVA-7K\non-SN\subset_ffmpeg2\D26_V_indoor_move_0002.mp4;EVA-7K;D26;Samsung;GalaxyS3Mini;DIGITAL_CAMERA;INDOOR;MP4;NON-SN;False;FFMPEG2
C:\DB\EVA-7K\non-SN\subset_ffmpeg2\D26_V_outdoor_move_0001.mp4;EVA-7K;D26;Samsung;GalaxyS3Mini;DIGITAL_CAMERA;OUTDOOR;MP4;NON-SN;False;FFMPEG2
C:\DB\EVA-7K\non-SN\subset_ffmpeg2\D26_V_outdoor_move_0002.mp4;EVA-7K;D26;Samsung;GalaxyS3Mini;DIGITAL_CAMERA;OUTDOOR;MP4;NON-SN;False;FFMPEG2
C:\DB\EVA-7K\non-SN\subset_ffmpeg2\D27_V_indoor_move_0001.mp4;EVA-7K;D27;Samsung;GalaxyS5;DIGITAL_CAMERA;INDOOR;MP4;NON-SN;False;FFMPEG2
C:\DB\EVA-7K\non-SN\subset_ffmpeg2\D27_V_indoor_move_0002.mp4;EVA-7K;D27;Samsung;GalaxyS5;DIGITAL_CAMERA;INDOOR;MP4;NON-SN;False;FFMPEG2
C:\DB\EVA-7K\non-SN\subset_ffmpeg2\D27_V_outdoor_move_0001.mp4;EVA-7K;D27;Samsung;GalaxyS5;DIGITAL_CAMERA;OUTDOOR;MP4;NON-SN;False;FFMPEG2
C:\DB\EVA-7K\non-SN\subset_ffmpeg2\D27_V_outdoor_move_0002.mp4;EVA-7K;D27;Samsung;GalaxyS5;DIGITAL_CAMERA;OUTDOOR;MP4;NON-SN;False;FFMPEG2
C:\DB\EVA-7K\non-SN\subset_ffmpeg2\D28_V_indoor_move_0001.mp4;EVA-7K;D28;Huawei;P89;DIGITAL_CAMERA;INDOOR;MP4;NON-SN;False;FFMPEG2
C:\DB\EVA-7K\non-SN\subset_ffmpeg2\D28_V_indoor_move_0002.mp4;EVA-7K;D28;Huawei;P89;DIGITAL_CAMERA;INDOOR;MP4;NON-SN;False;FFMPEG2
C:\DB\EVA-7K\non-SN\subset_ffmpeg2\D28_V_outdoor_move_0001.mp4;EVA-7K;D28;Huawei;P89;DIGITAL_CAMERA;OUTDOOR;MP4;NON-SN;False;FFMPEG2
C:\DB\EVA-7K\non-SN\subset_ffmpeg2\D28_V_outdoor_move_0002.mp4;EVA-7K;D28;Huawei;P89;DIGITAL_CAMERA;OUTDOOR;MP4;NON-SN;False;FFMPEG2
C:\DB\EVA-7K\non-SN\subset_ffmpeg2\D29_V_indoor_move_0001.mov;EVA-7K;D29;Apple;iPhone5;DIGITAL_CAMERA;INDOOR;MOV;NON-SN;False;FFMPEG2
C:\DB\EVA-7K\non-SN\subset_ffmpeg2\D29_V_indoor_move_0002.mov;EVA-7K;D29;Apple;iPhone5;DIGITAL_CAMERA;INDOOR;MOV;NON-SN;False;FFMPEG2
C:\DB\EVA-7K\non-SN\subset_ffmpeg2\D29_V_outdoor_move_0001.mov;EVA-7K;D29;Apple;iPhone5;DIGITAL_CAMERA;OUTDOOR;MOV;NON-SN;False;FFMPEG2
C:\DB\EVA-7K\non-SN\subset_ffmpeg2\D29_V_outdoor_move_0002.mov;EVA-7K;D29;Apple;iPhone5;DIGITAL_CAMERA;OUTDOOR;MOV;NON-SN;False;FFMPEG2
C:\DB\EVA-7K\non-SN\subset_ffmpeg2\D30_V_indoor_move_0001.mp4;EVA-7K;D30;Huawei;Honor5;DIGITAL_CAMERA;INDOOR;MP4;NON-SN;False;FFMPEG2
C:\DB\EVA-7K\non-SN\subset_ffmpeg2\D30_V_indoor_move_0002.mp4;EVA-7K;D30;Huawei;Honor5;DIGITAL_CAMERA;INDOOR;MP4;NON-SN;False;FFMPEG2
C:\DB\EVA-7K\non-SN\subset_ffmpeg2\D30_V_outdoor_move_0001.mp4;EVA-7K;D30;Huawei;Honor5;DIGITAL_CAMERA;OUTDOOR;MP4;NON-SN;False;FFMPEG2
C:\DB\EVA-7K\non-SN\subset_ffmpeg2\D30_V_outdoor_move_0002.mp4;EVA-7K;D30;Huawei;Honor5;DIGITAL_CAMERA;OUTDOOR;MP4;NON-SN;False;FFMPEG2
C:\DB\EVA-7K\non-SN\subset_ffmpeg2\D31_V_indoor_move_0001.mp4;EVA-7K;D31;Samsung;GalaxyS4Mini;DIGITAL_CAMERA;INDOOR;MP4;NON-SN;False;FFMPEG2
C:\DB\EVA-7K\non-SN\subset_ffmpeg2\D31_V_indoor_move_0002.mp4;EVA-7K;D31;Samsung;GalaxyS4Mini;DIGITAL_CAMERA;INDOOR;MP4;NON-SN;False;FFMPEG2
C:\DB\EVA-7K\non-SN\subset_ffmpeg2\D31_V_outdoor_move_0001.mp4;EVA-7K;D31;Samsung;GalaxyS4Mini;DIGITAL_CAMERA;OUTDOOR;MP4;NON-SN;False;FFMPEG2
C:\DB\EVA-7K\non-SN\subset_ffmpeg2\D31_V_outdoor_move_0002.mp4;EVA-7K;D31;Samsung;GalaxyS4Mini;DIGITAL_CAMERA;OUTDOOR;MP4;NON-SN;False;FFMPEG2
C:\DB\EVA-7K\non-SN\subset_ffmpeg2\D32_V_indoor_move_0001.mp4;EVA-7K;D32;OnePlus;A3003;DIGITAL_CAMERA;INDOOR;MP4;NON-SN;False;FFMPEG2
C:\DB\EVA-7K\non-SN\subset_ffmpeg2\D32_V_indoor_move_0002.mp4;EVA-7K;D32;OnePlus;A3003;DIGITAL_CAMERA;INDOOR;MP4;NON-SN;False;FFMPEG2
C:\DB\EVA-7K\non-SN\subset_ffmpeg2\D32_V_outdoor_move_0001.mp4;EVA-7K;D32;OnePlus;A3003;DIGITAL_CAMERA;OUTDOOR;MP4;NON-SN;False;FFMPEG2
C:\DB\EVA-7K\non-SN\subset_ffmpeg2\D32_V_outdoor_move_0002.mp4;EVA-7K;D32;OnePlus;A3003;DIGITAL_CAMERA;OUTDOOR;MP4;NON-SN;False;FFMPEG2
C:\DB\EVA-7K\non-SN\subset_ffmpeg2\D33_V_indoor_move_0001.mp4;EVA-7K;D33;Huawei;AscendG6;DIGITAL_CAMERA;INDOOR;MP4;NON-SN;False;FFMPEG2
C:\DB\EVA-7K\non-SN\subset_ffmpeg2\D33_V_indoor_move_0002.mp4;EVA-7K;D33;Huawei;AscendG6;DIGITAL_CAMERA;INDOOR;MP4;NON-SN;False;FFMPEG2
C:\DB\EVA-7K\non-SN\subset_ffmpeg2\D33_V_outdoor_move_0001.mp4;EVA-7K;D33;Huawei;AscendG6;DIGITAL_CAMERA;OUTDOOR;MP4;NON-SN;False;FFMPEG2
C:\DB\EVA-7K\non-SN\subset_ffmpeg2\D33_V_outdoor_move_0002.mp4;EVA-7K;D33;Huawei;AscendG6;DIGITAL_CAMERA;OUTDOOR;MP4;NON-SN;False;FFMPEG2
C:\DB\EVA-7K\non-SN\subset_ffmpeg2\D34_V_indoor_move_0001.mov;EVA-7K;D34;Apple;iPhone5;DIGITAL_CAMERA;INDOOR;MOV;NON-SN;False;FFMPEG2
C:\DB\EVA-7K\non-SN\subset_ffmpeg2\D34_V_indoor_move_0002.mov;EVA-7K;D34;Apple;iPhone5;DIGITAL_CAMERA;INDOOR;MOV;NON-SN;False;FFMPEG2
C:\DB\EVA-7K\non-SN\subset_ffmpeg2\D34_V_outdoor_move_0001.mov;EVA-7K;D34;Apple;iPhone5;DIGITAL_CAMERA;OUTDOOR;MOV;NON-SN;False;FFMPEG2
C:\DB\EVA-7K\non-SN\subset_ffmpeg2\D34_V_outdoor_move_0002.mov;EVA-7K;D34;Apple;iPhone5;DIGITAL_CAMERA;OUTDOOR;MOV;NON-SN;False;FFMPEG2
C:\DB\EVA-7K\non-SN\subset_ffmpeg2\D35_V_outdoor_move_0001.mp4;EVA-7K;D35;Samsung;GalaxyTabA;DIGITAL_CAMERA;OUTDOOR;MP4;NON-SN;False;FFMPEG2
C:\DB\EVA-7K\non-SN\subset_ffmpeg2\D35_V_outdoor_move_0002.mp4;EVA-7K;D35;Samsung;GalaxyTabA;DIGITAL_CAMERA;OUTDOOR;MP4;NON-SN;False;FFMPEG2
C:\DB\EVA-7K\non-SN\subset_ffmpeg2\D35_V_outdoor_panrot_0001.mp4;EVA-7K;D35;Samsung;GalaxyTabA;DIGITAL_CAMERA;OUTDOOR;MP4;NON-SN;False;FFMPEG2
C:\DB\EVA-7K\non-SN\subset_ffmpeg2\D35_V_outdoor_panrot_0002.mp4;EVA-7K;D35;Samsung;GalaxyTabA;DIGITAL_CAMERA;OUTDOOR;MP4;NON-SN;False;FFMPEG2
C:\DB\EVA-7K\non-SN\subset_ffmpeg3\D01_V_indoor_move_0001.mp4;EVA-7K;D01;Samsung;GalaxyS3Mini;DIGITAL_CAMERA;INDOOR;MP4;NON-SN;False;FFMPEG3
C:\DB\EVA-7K\non-SN\subset_ffmpeg3\D01_V_indoor_move_0002.mp4;EVA-7K;D01;Samsung;GalaxyS3Mini;DIGITAL_CAMERA;INDOOR;MP4;NON-SN;False;FFMPEG3
C:\DB\EVA-7K\non-SN\subset_ffmpeg3\D01_V_outdoor_move_0001.mp4;EVA-7K;D01;Samsung;GalaxyS3Mini;DIGITAL_CAMERA;OUTDOOR;MP4;NON-SN;False;FFMPEG3
C:\DB\EVA-7K\non-SN\subset_ffmpeg3\D01_V_outdoor_move_0002.mp4;EVA-7K;D01;Samsung;GalaxyS3Mini;DIGITAL_CAMERA;OUTDOOR;MP4;NON-SN;False;FFMPEG3
C:\DB\EVA-7K\non-SN\subset_ffmpeg3\D02_V_indoor_move_0001.mov;EVA-7K;D02;Apple;iPhone4s;DIGITAL_CAMERA;INDOOR;MOV;NON-SN;False;FFMPEG3
C:\DB\EVA-7K\non-SN\subset_ffmpeg3\D02_V_indoor_panrot_0001.mov;EVA-7K;D02;Apple;iPhone4s;DIGITAL_CAMERA;INDOOR;MOV;NON-SN;False;FFMPEG3
C:\DB\EVA-7K\non-SN\subset_ffmpeg3\D02_V_outdoor_move_0001.mov;EVA-7K;D02;Apple;iPhone4s;DIGITAL_CAMERA;OUTDOOR;MOV;NON-SN;False;FFMPEG3
C:\DB\EVA-7K\non-SN\subset_ffmpeg3\D02_V_outdoor_panrot_0001.mov;EVA-7K;D02;Apple;iPhone4s;DIGITAL_CAMERA;OUTDOOR;MOV;NON-SN;False;FFMPEG3
C:\DB\EVA-7K\non-SN\subset_ffmpeg3\D03_V_indoor_move_0001.mp4;EVA-7K;D03;Huawei;P9;DIGITAL_CAMERA;INDOOR;MP4;NON-SN;False;FFMPEG3
C:\DB\EVA-7K\non-SN\subset_ffmpeg3\D03_V_indoor_move_0002.mp4;EVA-7K;D03;Huawei;P9;DIGITAL_CAMERA;INDOOR;MP4;NON-SN;False;FFMPEG3
C:\DB\EVA-7K\non-SN\subset_ffmpeg3\D03_V_outdoor_move_0001.mp4;EVA-7K;D03;Huawei;P9;DIGITAL_CAMERA;OUTDOOR;MP4;NON-SN;False;FFMPEG3
C:\DB\EVA-7K\non-SN\subset_ffmpeg3\D03_V_outdoor_move_0002.mp4;EVA-7K;D03;Huawei;P9;DIGITAL_CAMERA;OUTDOOR;MP4;NON-SN;False;FFMPEG3
C:\DB\EVA-7K\non-SN\subset_ffmpeg3\D04_V_indoor_move_0001.mp4;EVA-7K;D04;LG;D290;DIGITAL_CAMERA;INDOOR;MP4;NON-SN;False;FFMPEG3
C:\DB\EVA-7K\non-SN\subset_ffmpeg3\D04_V_indoor_move_0002.mp4;EVA-7K;D04;LG;D290;DIGITAL_CAMERA;INDOOR;MP4;NON-SN;False;FFMPEG3
C:\DB\EVA-7K\non-SN\subset_ffmpeg3\D04_V_outdoor_move_0001.mp4;EVA-7K;D04;LG;D290;DIGITAL_CAMERA;OUTDOOR;MP4;NON-SN;False;FFMPEG3
C:\DB\EVA-7K\non-SN\subset_ffmpeg3\D04_V_outdoor_move_0002.mp4;EVA-7K;D04;LG;D290;DIGITAL_CAMERA;OUTDOOR;MP4;NON-SN;False;FFMPEG3
C:\DB\EVA-7K\non-SN\subset_ffmpeg3\D05_V_indoor_move_0001.mov;EVA-7K;D05;Apple;iPhone5c;DIGITAL_CAMERA;INDOOR;MOV;NON-SN;False;FFMPEG3
C:\DB\EVA-7K\non-SN\subset_ffmpeg3\D05_V_indoor_move_0002.mov;EVA-7K;D05;Apple;iPhone5c;DIGITAL_CAMERA;INDOOR;MOV;NON-SN;False;FFMPEG3
C:\DB\EVA-7K\non-SN\subset_ffmpeg3\D05_V_outdoor_move_0001.mov;EVA-7K;D05;Apple;iPhone5c;DIGITAL_CAMERA;OUTDOOR;MOV;NON-SN;False;FFMPEG3
C:\DB\EVA-7K\non-SN\subset_ffmpeg3\D05_V_outdoor_move_0002.mov;EVA-7K;D05;Apple;iPhone5c;DIGITAL_CAMERA;OUTDOOR;MOV;NON-SN;False;FFMPEG3
C:\DB\EVA-7K\non-SN\subset_ffmpeg3\D06_V_indoor_move_0001.mov;EVA-7K;D06;Apple;iPhone6;DIGITAL_CAMERA;INDOOR;MOV;NON-SN;False;FFMPEG3
C:\DB\EVA-7K\non-SN\subset_ffmpeg3\D06_V_indoor_move_0002.mov;EVA-7K;D06;Apple;iPhone6;DIGITAL_CAMERA;INDOOR;MOV;NON-SN;False;FFMPEG3
C:\DB\EVA-7K\non-SN\subset_ffmpeg3\D06_V_outdoor_move_0001.mov;EVA-7K;D06;Apple;iPhone6;DIGITAL_CAMERA;OUTDOOR;MOV;NON-SN;False;FFMPEG3
C:\DB\EVA-7K\non-SN\subset_ffmpeg3\D06_V_outdoor_move_0002.mov;EVA-7K;D06;Apple;iPhone6;DIGITAL_CAMERA;OUTDOOR;MOV;NON-SN;False;FFMPEG3
C:\DB\EVA-7K\non-SN\subset_ffmpeg3\D08_V_indoor_move_0001.mp4;EVA-7K;D08;Samsung;GalaxyTab3;DIGITAL_CAMERA;INDOOR;MP4;NON-SN;False;FFMPEG3
C:\DB\EVA-7K\non-SN\subset_ffmpeg3\D08_V_indoor_move_0002.mp4;EVA-7K;D08;Samsung;GalaxyTab3;DIGITAL_CAMERA;INDOOR;MP4;NON-SN;False;FFMPEG3
C:\DB\EVA-7K\non-SN\subset_ffmpeg3\D08_V_outdoor_move_0001.mp4;EVA-7K;D08;Samsung;GalaxyTab3;DIGITAL_CAMERA;OUTDOOR;MP4;NON-SN;False;FFMPEG3
C:\DB\EVA-7K\non-SN\subset_ffmpeg3\D08_V_outdoor_move_0002.mp4;EVA-7K;D08;Samsung;GalaxyTab3;DIGITAL_CAMERA;OUTDOOR;MP4;NON-SN;False;FFMPEG3
C:\DB\EVA-7K\non-SN\subset_ffmpeg3\D09_V_indoor_move_0001.mov;EVA-7K;D09;Apple;iPhone4;DIGITAL_CAMERA;INDOOR;MOV;NON-SN;False;FFMPEG3
C:\DB\EVA-7K\non-SN\subset_ffmpeg3\D09_V_indoor_move_0002.mov;EVA-7K;D09;Apple;iPhone4;DIGITAL_CAMERA;INDOOR;MOV;NON-SN;False;FFMPEG3
C:\DB\EVA-7K\non-SN\subset_ffmpeg3\D09_V_outdoor_move_0001.mov;EVA-7K;D09;Apple;iPhone4;DIGITAL_CAMERA;OUTDOOR;MOV;NON-SN;False;FFMPEG3
C:\DB\EVA-7K\non-SN\subset_ffmpeg3\D09_V_outdoor_move_0002.mov;EVA-7K;D09;Apple;iPhone4;DIGITAL_CAMERA;OUTDOOR;MOV;NON-SN;False;FFMPEG3
C:\DB\EVA-7K\non-SN\subset_ffmpeg3\D10_V_indoor_move_0001.mov;EVA-7K;D10;Apple;iPhone4s;DIGITAL_CAMERA;INDOOR;MOV;NON-SN;False;FFMPEG3
C:\DB\EVA-7K\non-SN\subset_ffmpeg3\D10_V_indoor_move_0002.mov;EVA-7K;D10;Apple;iPhone4s;DIGITAL_CAMERA;INDOOR;MOV;NON-SN;False;FFMPEG3
C:\DB\EVA-7K\non-SN\subset_ffmpeg3\D10_V_outdoor_move_0001.mov;EVA-7K;D10;Apple;iPhone4s;DIGITAL_CAMERA;OUTDOOR;MOV;NON-SN;False;FFMPEG3
C:\DB\EVA-7K\non-SN\subset_ffmpeg3\D10_V_outdoor_panrot_0001.mov;EVA-7K;D10;Apple;iPhone4s;DIGITAL_CAMERA;OUTDOOR;MOV;NON-SN;False;FFMPEG3
C:\DB\EVA-7K\non-SN\subset_ffmpeg3\D11_V_indoor_move_0001.mp4;EVA-7K;D11;Samsung;GalaxyS3;DIGITAL_CAMERA;INDOOR;MP4;NON-SN;False;FFMPEG3
C:\DB\EVA-7K\non-SN\subset_ffmpeg3\D11_V_indoor_move_0002.mp4;EVA-7K;D11;Samsung;GalaxyS3;DIGITAL_CAMERA;INDOOR;MP4;NON-SN;False;FFMPEG3
C:\DB\EVA-7K\non-SN\subset_ffmpeg3\D11_V_outdoor_move_0001.mp4;EVA-7K;D11;Samsung;GalaxyS3;DIGITAL_CAMERA;OUTDOOR;MP4;NON-SN;False;FFMPEG3
C:\DB\EVA-7K\non-SN\subset_ffmpeg3\D11_V_outdoor_move_0002.mp4;EVA-7K;D11;Samsung;GalaxyS3;DIGITAL_CAMERA;OUTDOOR;MP4;NON-SN;False;FFMPEG3
C:\DB\EVA-7K\non-SN\subset_ffmpeg3\D12_V_indoor_move_0001.mp4;EVA-7K;D12;Sony;XperiaZ1Compact;DIGITAL_CAMERA;INDOOR;MP4;NON-SN;False;FFMPEG3
C:\DB\EVA-7K\non-SN\subset_ffmpeg3\D12_V_indoor_move_0002.mp4;EVA-7K;D12;Sony;XperiaZ1Compact;DIGITAL_CAMERA;INDOOR;MP4;NON-SN;False;FFMPEG3
C:\DB\EVA-7K\non-SN\subset_ffmpeg3\D12_V_outdoor_move_0001.mp4;EVA-7K;D12;Sony;XperiaZ1Compact;DIGITAL_CAMERA;OUTDOOR;MP4;NON-SN;False;FFMPEG3
C:\DB\EVA-7K\non-SN\subset_ffmpeg3\D12_V_outdoor_move_0002.mp4;EVA-7K;D12;Sony;XperiaZ1Compact;DIGITAL_CAMERA;OUTDOOR;MP4;NON-SN;False;FFMPEG3
C:\DB\EVA-7K\non-SN\subset_ffmpeg3\D13_V_indoor_move_0001.mov;EVA-7K;D13;Apple;iPad2;DIGITAL_CAMERA;INDOOR;MOV;NON-SN;False;FFMPEG3
C:\DB\EVA-7K\non-SN\subset_ffmpeg3\D13_V_indoor_move_0002.mov;EVA-7K;D13;Apple;iPad2;DIGITAL_CAMERA;INDOOR;MOV;NON-SN;False;FFMPEG3
C:\DB\EVA-7K\non-SN\subset_ffmpeg3\D13_V_outdoor_move_0001.mov;EVA-7K;D13;Apple;iPad2;DIGITAL_CAMERA;OUTDOOR;MOV;NON-SN;False;FFMPEG3
C:\DB\EVA-7K\non-SN\subset_ffmpeg3\D13_V_outdoor_move_0002.mov;EVA-7K;D13;Apple;iPad2;DIGITAL_CAMERA;OUTDOOR;MOV;NON-SN;False;FFMPEG3
C:\DB\EVA-7K\non-SN\subset_ffmpeg3\D14_V_indoor_move_0001.mov;EVA-7K;D14;Apple;iPhone5c;DIGITAL_CAMERA;INDOOR;MOV;NON-SN;False;FFMPEG3
C:\DB\EVA-7K\non-SN\subset_ffmpeg3\D14_V_indoor_move_0002.mov;EVA-7K;D14;Apple;iPhone5c;DIGITAL_CAMERA;INDOOR;MOV;NON-SN;False;FFMPEG3
C:\DB\EVA-7K\non-SN\subset_ffmpeg3\D14_V_outdoor_move_0001.mov;EVA-7K;D14;Apple;iPhone5c;DIGITAL_CAMERA;OUTDOOR;MOV;NON-SN;False;FFMPEG3
C:\DB\EVA-7K\non-SN\subset_ffmpeg3\D14_V_outdoor_move_0002.mov;EVA-7K;D14;Apple;iPhone5c;DIGITAL_CAMERA;OUTDOOR;MOV;NON-SN;False;FFMPEG3
C:\DB\EVA-7K\non-SN\subset_ffmpeg3\D15_V_indoor_move_0001.mov;EVA-7K;D15;Apple;iPhone6;DIGITAL_CAMERA;INDOOR;MOV;NON-SN;False;FFMPEG3
C:\DB\EVA-7K\non-SN\subset_ffmpeg3\D15_V_indoor_move_0002.mov;EVA-7K;D15;Apple;iPhone6;DIGITAL_CAMERA;INDOOR;MOV;NON-SN;False;FFMPEG3
C:\DB\EVA-7K\non-SN\subset_ffmpeg3\D15_V_outdoor_move_0001.mov;EVA-7K;D15;Apple;iPhone6;DIGITAL_CAMERA;OUTDOOR;MOV;NON-SN;False;FFMPEG3
C:\DB\EVA-7K\non-SN\subset_ffmpeg3\D15_V_outdoor_move_0002.mov;EVA-7K;D15;Apple;iPhone6;DIGITAL_CAMERA;OUTDOOR;MOV;NON-SN;False;FFMPEG3
C:\DB\EVA-7K\non-SN\subset_ffmpeg3\D16_V_indoor_move_0001.mp4;EVA-7K;D16;Huawei;P9lite;DIGITAL_CAMERA;INDOOR;MP4;NON-SN;False;FFMPEG3
C:\DB\EVA-7K\non-SN\subset_ffmpeg3\D16_V_indoor_move_0002.mp4;EVA-7K;D16;Huawei;P9lite;DIGITAL_CAMERA;INDOOR;MP4;NON-SN;False;FFMPEG3
C:\DB\EVA-7K\non-SN\subset_ffmpeg3\D16_V_outdoor_move_0001.mp4;EVA-7K;D16;Huawei;P9lite;DIGITAL_CAMERA;OUTDOOR;MP4;NON-SN;False;FFMPEG3
C:\DB\EVA-7K\non-SN\subset_ffmpeg3\D16_V_outdoor_move_0002.mp4;EVA-7K;D16;Huawei;P9lite;DIGITAL_CAMERA;OUTDOOR;MP4;NON-SN;False;FFMPEG3
C:\DB\EVA-7K\non-SN\subset_ffmpeg3\D17_V_indoor_move_0001.mp4;EVA-7K;D17;Microsoft;Lumia640LTE;DIGITAL_CAMERA;INDOOR;MP4;NON-SN;False;FFMPEG3
C:\DB\EVA-7K\non-SN\subset_ffmpeg3\D17_V_indoor_panrot_0001.mp4;EVA-7K;D17;Microsoft;Lumia640LTE;DIGITAL_CAMERA;INDOOR;MP4;NON-SN;False;FFMPEG3
C:\DB\EVA-7K\non-SN\subset_ffmpeg3\D17_V_outdoor_move_0001.mp4;EVA-7K;D17;Microsoft;Lumia640LTE;DIGITAL_CAMERA;OUTDOOR;MP4;NON-SN;False;FFMPEG3
C:\DB\EVA-7K\non-SN\subset_ffmpeg3\D17_V_outdoor_panrot_0001.mp4;EVA-7K;D17;Microsoft;Lumia640LTE;DIGITAL_CAMERA;OUTDOOR;MP4;NON-SN;False;FFMPEG3
C:\DB\EVA-7K\non-SN\subset_ffmpeg3\D18_V_indoor_move_0001.mov;EVA-7K;D18;Apple;iPhone5c;DIGITAL_CAMERA;INDOOR;MOV;NON-SN;False;FFMPEG3
C:\DB\EVA-7K\non-SN\subset_ffmpeg3\D18_V_indoor_panrot_0001.mov;EVA-7K;D18;Apple;iPhone5c;DIGITAL_CAMERA;INDOOR;MOV;NON-SN;False;FFMPEG3
C:\DB\EVA-7K\non-SN\subset_ffmpeg3\D18_V_outdoor_move_0001.mov;EVA-7K;D18;Apple;iPhone5c;DIGITAL_CAMERA;OUTDOOR;MOV;NON-SN;False;FFMPEG3
C:\DB\EVA-7K\non-SN\subset_ffmpeg3\D18_V_outdoor_panrot_0001.mov;EVA-7K;D18;Apple;iPhone5c;DIGITAL_CAMERA;OUTDOOR;MOV;NON-SN;False;FFMPEG3
C:\DB\EVA-7K\non-SN\subset_ffmpeg3\D19_V_indoor_move_0001.mov;EVA-7K;D19;Apple;iPhone6Plus;DIGITAL_CAMERA;INDOOR;MOV;NON-SN;False;FFMPEG3
C:\DB\EVA-7K\non-SN\subset_ffmpeg3\D19_V_indoor_move_0002.mov;EVA-7K;D19;Apple;iPhone6Plus;DIGITAL_CAMERA;INDOOR;MOV;NON-SN;False;FFMPEG3
C:\DB\EVA-7K\non-SN\subset_ffmpeg3\D19_V_outdoor_move_0001.mov;EVA-7K;D19;Apple;iPhone6Plus;DIGITAL_CAMERA;OUTDOOR;MOV;NON-SN;False;FFMPEG3
C:\DB\EVA-7K\non-SN\subset_ffmpeg3\D19_V_outdoor_move_0002.mov;EVA-7K;D19;Apple;iPhone6Plus;DIGITAL_CAMERA;OUTDOOR;MOV;NON-SN;False;FFMPEG3
C:\DB\EVA-7K\non-SN\subset_ffmpeg3\D20_V_indoor_move_0001.mov;EVA-7K;D20;Apple;iPadmini;DIGITAL_CAMERA;INDOOR;MOV;NON-SN;False;FFMPEG3
C:\DB\EVA-7K\non-SN\subset_ffmpeg3\D20_V_indoor_move_0002.mov;EVA-7K;D20;Apple;iPadmini;DIGITAL_CAMERA;INDOOR;MOV;NON-SN;False;FFMPEG3
C:\DB\EVA-7K\non-SN\subset_ffmpeg3\D20_V_outdoor_move_0001.mov;EVA-7K;D20;Apple;iPadmini;DIGITAL_CAMERA;OUTDOOR;MOV;NON-SN;False;FFMPEG3
C:\DB\EVA-7K\non-SN\subset_ffmpeg3\D20_V_outdoor_move_0002.mov;EVA-7K;D20;Apple;iPadmini;DIGITAL_CAMERA;OUTDOOR;MOV;NON-SN;False;FFMPEG3
C:\DB\EVA-7K\non-SN\subset_ffmpeg3\D21_V_indoor_move_0001.mp4;EVA-7K;D21;Wiko;Ridge4G;DIGITAL_CAMERA;INDOOR;MP4;NON-SN;False;FFMPEG3
C:\DB\EVA-7K\non-SN\subset_ffmpeg3\D21_V_indoor_panrot_0001.mp4;EVA-7K;D21;Wiko;Ridge4G;DIGITAL_CAMERA;INDOOR;MP4;NON-SN;False;FFMPEG3
C:\DB\EVA-7K\non-SN\subset_ffmpeg3\D21_V_outdoor_move_0001.mp4;EVA-7K;D21;Wiko;Ridge4G;DIGITAL_CAMERA;OUTDOOR;MP4;NON-SN;False;FFMPEG3
C:\DB\EVA-7K\non-SN\subset_ffmpeg3\D21_V_outdoor_panrot_0001.mp4;EVA-7K;D21;Wiko;Ridge4G;DIGITAL_CAMERA;OUTDOOR;MP4;NON-SN;False;FFMPEG3
C:\DB\EVA-7K\non-SN\subset_ffmpeg3\D22_V_indoor_move_0001.mp4;EVA-7K;D22;Samsung;GalaxyTrendPlus;DIGITAL_CAMERA;INDOOR;MP4;NON-SN;False;FFMPEG3
C:\DB\EVA-7K\non-SN\subset_ffmpeg3\D22_V_indoor_move_0002.mp4;EVA-7K;D22;Samsung;GalaxyTrendPlus;DIGITAL_CAMERA;INDOOR;MP4;NON-SN;False;FFMPEG3
C:\DB\EVA-7K\non-SN\subset_ffmpeg3\D22_V_outdoor_move_0001.mp4;EVA-7K;D22;Samsung;GalaxyTrendPlus;DIGITAL_CAMERA;OUTDOOR;MP4;NON-SN;False;FFMPEG3
C:\DB\EVA-7K\non-SN\subset_ffmpeg3\D22_V_outdoor_move_0002.mp4;EVA-7K;D22;Samsung;GalaxyTrendPlus;DIGITAL_CAMERA;OUTDOOR;MP4;NON-SN;False;FFMPEG3
C:\DB\EVA-7K\non-SN\subset_ffmpeg3\D23_V_indoor_move_0001.mp4;EVA-7K;D23;Asus;Zenfone2Laser;DIGITAL_CAMERA;INDOOR;MP4;NON-SN;False;FFMPEG3
C:\DB\EVA-7K\non-SN\subset_ffmpeg3\D23_V_indoor_move_0002.mp4;EVA-7K;D23;Asus;Zenfone2Laser;DIGITAL_CAMERA;INDOOR;MP4;NON-SN;False;FFMPEG3
C:\DB\EVA-7K\non-SN\subset_ffmpeg3\D23_V_outdoor_move_0001.mp4;EVA-7K;D23;Asus;Zenfone2Laser;DIGITAL_CAMERA;OUTDOOR;MP4;NON-SN;False;FFMPEG3
C:\DB\EVA-7K\non-SN\subset_ffmpeg3\D23_V_outdoor_move_0002.mp4;EVA-7K;D23;Asus;Zenfone2Laser;DIGITAL_CAMERA;OUTDOOR;MP4;NON-SN;False;FFMPEG3
C:\DB\EVA-7K\non-SN\subset_ffmpeg3\D24_V_indoor_move_0001.mp4;EVA-7K;D24;Xiaomi;RedmiNote3;DIGITAL_CAMERA;INDOOR;MP4;NON-SN;False;FFMPEG3
C:\DB\EVA-7K\non-SN\subset_ffmpeg3\D24_V_indoor_move_0002.mp4;EVA-7K;D24;Xiaomi;RedmiNote3;DIGITAL_CAMERA;INDOOR;MP4;NON-SN;False;FFMPEG3
C:\DB\EVA-7K\non-SN\subset_ffmpeg3\D24_V_outdoor_move_0001.mp4;EVA-7K;D24;Xiaomi;RedmiNote3;DIGITAL_CAMERA;OUTDOOR;MP4;NON-SN;False;FFMPEG3
C:\DB\EVA-7K\non-SN\subset_ffmpeg3\D24_V_outdoor_move_0002.mp4;EVA-7K;D24;Xiaomi;RedmiNote3;DIGITAL_CAMERA;OUTDOOR;MP4;NON-SN;False;FFMPEG3
C:\DB\EVA-7K\non-SN\subset_ffmpeg3\D25_V_indoor_move_0001.mp4;EVA-7K;D25;OnePlus;A3000;DIGITAL_CAMERA;INDOOR;MP4;NON-SN;False;FFMPEG3
C:\DB\EVA-7K\non-SN\subset_ffmpeg3\D25_V_indoor_move_0002.mp4;EVA-7K;D25;OnePlus;A3000;DIGITAL_CAMERA;INDOOR;MP4;NON-SN;False;FFMPEG3
C:\DB\EVA-7K\non-SN\subset_ffmpeg3\D25_V_outdoor_move_0001.mp4;EVA-7K;D25;OnePlus;A3000;DIGITAL_CAMERA;OUTDOOR;MP4;NON-SN;False;FFMPEG3
C:\DB\EVA-7K\non-SN\subset_ffmpeg3\D25_V_outdoor_move_0002.mp4;EVA-7K;D25;OnePlus;A3000;DIGITAL_CAMERA;OUTDOOR;MP4;NON-SN;False;FFMPEG3
C:\DB\EVA-7K\non-SN\subset_ffmpeg3\D26_V_indoor_move_0001.mp4;EVA-7K;D26;Samsung;GalaxyS3Mini;DIGITAL_CAMERA;INDOOR;MP4;NON-SN;False;FFMPEG3
C:\DB\EVA-7K\non-SN\subset_ffmpeg3\D26_V_indoor_move_0002.mp4;EVA-7K;D26;Samsung;GalaxyS3Mini;DIGITAL_CAMERA;INDOOR;MP4;NON-SN;False;FFMPEG3
C:\DB\EVA-7K\non-SN\subset_ffmpeg3\D26_V_outdoor_move_0001.mp4;EVA-7K;D26;Samsung;GalaxyS3Mini;DIGITAL_CAMERA;OUTDOOR;MP4;NON-SN;False;FFMPEG3
C:\DB\EVA-7K\non-SN\subset_ffmpeg3\D26_V_outdoor_move_0002.mp4;EVA-7K;D26;Samsung;GalaxyS3Mini;DIGITAL_CAMERA;OUTDOOR;MP4;NON-SN;False;FFMPEG3
C:\DB\EVA-7K\non-SN\subset_ffmpeg3\D27_V_indoor_move_0001.mp4;EVA-7K;D27;Samsung;GalaxyS5;DIGITAL_CAMERA;INDOOR;MP4;NON-SN;False;FFMPEG3
C:\DB\EVA-7K\non-SN\subset_ffmpeg3\D27_V_indoor_move_0002.mp4;EVA-7K;D27;Samsung;GalaxyS5;DIGITAL_CAMERA;INDOOR;MP4;NON-SN;False;FFMPEG3
C:\DB\EVA-7K\non-SN\subset_ffmpeg3\D27_V_outdoor_move_0001.mp4;EVA-7K;D27;Samsung;GalaxyS5;DIGITAL_CAMERA;OUTDOOR;MP4;NON-SN;False;FFMPEG3
C:\DB\EVA-7K\non-SN\subset_ffmpeg3\D27_V_outdoor_move_0002.mp4;EVA-7K;D27;Samsung;GalaxyS5;DIGITAL_CAMERA;OUTDOOR;MP4;NON-SN;False;FFMPEG3
C:\DB\EVA-7K\non-SN\subset_ffmpeg3\D28_V_indoor_move_0001.mp4;EVA-7K;D28;Huawei;P89;DIGITAL_CAMERA;INDOOR;MP4;NON-SN;False;FFMPEG3
C:\DB\EVA-7K\non-SN\subset_ffmpeg3\D28_V_indoor_move_0002.mp4;EVA-7K;D28;Huawei;P89;DIGITAL_CAMERA;INDOOR;MP4;NON-SN;False;FFMPEG3
C:\DB\EVA-7K\non-SN\subset_ffmpeg3\D28_V_outdoor_move_0001.mp4;EVA-7K;D28;Huawei;P89;DIGITAL_CAMERA;OUTDOOR;MP4;NON-SN;False;FFMPEG3
C:\DB\EVA-7K\non-SN\subset_ffmpeg3\D28_V_outdoor_move_0002.mp4;EVA-7K;D28;Huawei;P89;DIGITAL_CAMERA;OUTDOOR;MP4;NON-SN;False;FFMPEG3
C:\DB\EVA-7K\non-SN\subset_ffmpeg3\D29_V_indoor_move_0001.mov;EVA-7K;D29;Apple;iPhone5;DIGITAL_CAMERA;INDOOR;MOV;NON-SN;False;FFMPEG3
C:\DB\EVA-7K\non-SN\subset_ffmpeg3\D29_V_indoor_move_0002.mov;EVA-7K;D29;Apple;iPhone5;DIGITAL_CAMERA;INDOOR;MOV;NON-SN;False;FFMPEG3
C:\DB\EVA-7K\non-SN\subset_ffmpeg3\D29_V_outdoor_move_0001.mov;EVA-7K;D29;Apple;iPhone5;DIGITAL_CAMERA;OUTDOOR;MOV;NON-SN;False;FFMPEG3
C:\DB\EVA-7K\non-SN\subset_ffmpeg3\D29_V_outdoor_move_0002.mov;EVA-7K;D29;Apple;iPhone5;DIGITAL_CAMERA;OUTDOOR;MOV;NON-SN;False;FFMPEG3
C:\DB\EVA-7K\non-SN\subset_ffmpeg3\D30_V_indoor_move_0001.mp4;EVA-7K;D30;Huawei;Honor5;DIGITAL_CAMERA;INDOOR;MP4;NON-SN;False;FFMPEG3
C:\DB\EVA-7K\non-SN\subset_ffmpeg3\D30_V_indoor_move_0002.mp4;EVA-7K;D30;Huawei;Honor5;DIGITAL_CAMERA;INDOOR;MP4;NON-SN;False;FFMPEG3
C:\DB\EVA-7K\non-SN\subset_ffmpeg3\D30_V_outdoor_move_0001.mp4;EVA-7K;D30;Huawei;Honor5;DIGITAL_CAMERA;OUTDOOR;MP4;NON-SN;False;FFMPEG3
C:\DB\EVA-7K\non-SN\subset_ffmpeg3\D30_V_outdoor_move_0002.mp4;EVA-7K;D30;Huawei;Honor5;DIGITAL_CAMERA;OUTDOOR;MP4;NON-SN;False;FFMPEG3
C:\DB\EVA-7K\non-SN\subset_ffmpeg3\D31_V_indoor_move_0001.mp4;EVA-7K;D31;Samsung;GalaxyS4Mini;DIGITAL_CAMERA;INDOOR;MP4;NON-SN;False;FFMPEG3
C:\DB\EVA-7K\non-SN\subset_ffmpeg3\D31_V_indoor_move_0002.mp4;EVA-7K;D31;Samsung;GalaxyS4Mini;DIGITAL_CAMERA;INDOOR;MP4;NON-SN;False;FFMPEG3
C:\DB\EVA-7K\non-SN\subset_ffmpeg3\D31_V_outdoor_move_0001.mp4;EVA-7K;D31;Samsung;GalaxyS4Mini;DIGITAL_CAMERA;OUTDOOR;MP4;NON-SN;False;FFMPEG3
C:\DB\EVA-7K\non-SN\subset_ffmpeg3\D31_V_outdoor_move_0002.mp4;EVA-7K;D31;Samsung;GalaxyS4Mini;DIGITAL_CAMERA;OUTDOOR;MP4;NON-SN;False;FFMPEG3
C:\DB\EVA-7K\non-SN\subset_ffmpeg3\D32_V_indoor_move_0001.mp4;EVA-7K;D32;OnePlus;A3003;DIGITAL_CAMERA;INDOOR;MP4;NON-SN;False;FFMPEG3
C:\DB\EVA-7K\non-SN\subset_ffmpeg3\D32_V_indoor_move_0002.mp4;EVA-7K;D32;OnePlus;A3003;DIGITAL_CAMERA;INDOOR;MP4;NON-SN;False;FFMPEG3
C:\DB\EVA-7K\non-SN\subset_ffmpeg3\D32_V_outdoor_move_0001.mp4;EVA-7K;D32;OnePlus;A3003;DIGITAL_CAMERA;OUTDOOR;MP4;NON-SN;False;FFMPEG3
C:\DB\EVA-7K\non-SN\subset_ffmpeg3\D32_V_outdoor_move_0002.mp4;EVA-7K;D32;OnePlus;A3003;DIGITAL_CAMERA;OUTDOOR;MP4;NON-SN;False;FFMPEG3
C:\DB\EVA-7K\non-SN\subset_ffmpeg3\D33_V_indoor_move_0001.mp4;EVA-7K;D33;Huawei;AscendG6;DIGITAL_CAMERA;INDOOR;MP4;NON-SN;False;FFMPEG3
C:\DB\EVA-7K\non-SN\subset_ffmpeg3\D33_V_indoor_move_0002.mp4;EVA-7K;D33;Huawei;AscendG6;DIGITAL_CAMERA;INDOOR;MP4;NON-SN;False;FFMPEG3
C:\DB\EVA-7K\non-SN\subset_ffmpeg3\D33_V_outdoor_move_0001.mp4;EVA-7K;D33;Huawei;AscendG6;DIGITAL_CAMERA;OUTDOOR;MP4;NON-SN;False;FFMPEG3
C:\DB\EVA-7K\non-SN\subset_ffmpeg3\D33_V_outdoor_move_0002.mp4;EVA-7K;D33;Huawei;AscendG6;DIGITAL_CAMERA;OUTDOOR;MP4;NON-SN;False;FFMPEG3
C:\DB\EVA-7K\non-SN\subset_ffmpeg3\D34_V_indoor_move_0001.mov;EVA-7K;D34;Apple;iPhone5;DIGITAL_CAMERA;INDOOR;MOV;NON-SN;False;FFMPEG3
C:\DB\EVA-7K\non-SN\subset_ffmpeg3\D34_V_indoor_move_0002.mov;EVA-7K;D34;Apple;iPhone5;DIGITAL_CAMERA;INDOOR;MOV;NON-SN;False;FFMPEG3
C:\DB\EVA-7K\non-SN\subset_ffmpeg3\D34_V_outdoor_move_0001.mov;EVA-7K;D34;Apple;iPhone5;DIGITAL_CAMERA;OUTDOOR;MOV;NON-SN;False;FFMPEG3
C:\DB\EVA-7K\non-SN\subset_ffmpeg3\D34_V_outdoor_move_0002.mov;EVA-7K;D34;Apple;iPhone5;DIGITAL_CAMERA;OUTDOOR;MOV;NON-SN;False;FFMPEG3
C:\DB\EVA-7K\non-SN\subset_ffmpeg3\D35_V_outdoor_move_0001.mp4;EVA-7K;D35;Samsung;GalaxyTabA;DIGITAL_CAMERA;OUTDOOR;MP4;NON-SN;False;FFMPEG3
C:\DB\EVA-7K\non-SN\subset_ffmpeg3\D35_V_outdoor_move_0002.mp4;EVA-7K;D35;Samsung;GalaxyTabA;DIGITAL_CAMERA;OUTDOOR;MP4;NON-SN;False;FFMPEG3
C:\DB\EVA-7K\non-SN\subset_ffmpeg3\D35_V_outdoor_panrot_0001.mp4;EVA-7K;D35;Samsung;GalaxyTabA;DIGITAL_CAMERA;OUTDOOR;MP4;NON-SN;False;FFMPEG3
C:\DB\EVA-7K\non-SN\subset_ffmpeg3\D35_V_outdoor_panrot_0002.mp4;EVA-7K;D35;Samsung;GalaxyTabA;DIGITAL_CAMERA;OUTDOOR;MP4;NON-SN;False;FFMPEG3
C:\DB\EVA-7K\non-SN\subset_ffmpeg4\D01_V_indoor_move_0001.mp4;EVA-7K;D01;Samsung;GalaxyS3Mini;DIGITAL_CAMERA;INDOOR;MP4;NON-SN;False;FFMPEG4
C:\DB\EVA-7K\non-SN\subset_ffmpeg4\D01_V_indoor_move_0002.mp4;EVA-7K;D01;Samsung;GalaxyS3Mini;DIGITAL_CAMERA;INDOOR;MP4;NON-SN;False;FFMPEG4
C:\DB\EVA-7K\non-SN\subset_ffmpeg4\D01_V_outdoor_move_0001.mp4;EVA-7K;D01;Samsung;GalaxyS3Mini;DIGITAL_CAMERA;OUTDOOR;MP4;NON-SN;False;FFMPEG4
C:\DB\EVA-7K\non-SN\subset_ffmpeg4\D01_V_outdoor_move_0002.mp4;EVA-7K;D01;Samsung;GalaxyS3Mini;DIGITAL_CAMERA;OUTDOOR;MP4;NON-SN;False;FFMPEG4
C:\DB\EVA-7K\non-SN\subset_ffmpeg4\D02_V_indoor_move_0001.mov;EVA-7K;D02;Apple;iPhone4s;DIGITAL_CAMERA;INDOOR;MOV;NON-SN;False;FFMPEG4
C:\DB\EVA-7K\non-SN\subset_ffmpeg4\D02_V_indoor_panrot_0001.mov;EVA-7K;D02;Apple;iPhone4s;DIGITAL_CAMERA;INDOOR;MOV;NON-SN;False;FFMPEG4
C:\DB\EVA-7K\non-SN\subset_ffmpeg4\D02_V_outdoor_move_0001.mov;EVA-7K;D02;Apple;iPhone4s;DIGITAL_CAMERA;OUTDOOR;MOV;NON-SN;False;FFMPEG4
C:\DB\EVA-7K\non-SN\subset_ffmpeg4\D02_V_outdoor_panrot_0001.mov;EVA-7K;D02;Apple;iPhone4s;DIGITAL_CAMERA;OUTDOOR;MOV;NON-SN;False;FFMPEG4
C:\DB\EVA-7K\non-SN\subset_ffmpeg4\D03_V_indoor_move_0001.mp4;EVA-7K;D03;Huawei;P9;DIGITAL_CAMERA;INDOOR;MP4;NON-SN;False;FFMPEG4
C:\DB\EVA-7K\non-SN\subset_ffmpeg4\D03_V_indoor_move_0002.mp4;EVA-7K;D03;Huawei;P9;DIGITAL_CAMERA;INDOOR;MP4;NON-SN;False;FFMPEG4
C:\DB\EVA-7K\non-SN\subset_ffmpeg4\D03_V_outdoor_move_0001.mp4;EVA-7K;D03;Huawei;P9;DIGITAL_CAMERA;OUTDOOR;MP4;NON-SN;False;FFMPEG4
C:\DB\EVA-7K\non-SN\subset_ffmpeg4\D03_V_outdoor_move_0002.mp4;EVA-7K;D03;Huawei;P9;DIGITAL_CAMERA;OUTDOOR;MP4;NON-SN;False;FFMPEG4
C:\DB\EVA-7K\non-SN\subset_ffmpeg4\D04_V_indoor_move_0001.mp4;EVA-7K;D04;LG;D290;DIGITAL_CAMERA;INDOOR;MP4;NON-SN;False;FFMPEG4
C:\DB\EVA-7K\non-SN\subset_ffmpeg4\D04_V_indoor_move_0002.mp4;EVA-7K;D04;LG;D290;DIGITAL_CAMERA;INDOOR;MP4;NON-SN;False;FFMPEG4
C:\DB\EVA-7K\non-SN\subset_ffmpeg4\D04_V_outdoor_move_0001.mp4;EVA-7K;D04;LG;D290;DIGITAL_CAMERA;OUTDOOR;MP4;NON-SN;False;FFMPEG4
C:\DB\EVA-7K\non-SN\subset_ffmpeg4\D04_V_outdoor_move_0002.mp4;EVA-7K;D04;LG;D290;DIGITAL_CAMERA;OUTDOOR;MP4;NON-SN;False;FFMPEG4
C:\DB\EVA-7K\non-SN\subset_ffmpeg4\D05_V_indoor_move_0001.mov;EVA-7K;D05;Apple;iPhone5c;DIGITAL_CAMERA;INDOOR;MOV;NON-SN;False;FFMPEG4
C:\DB\EVA-7K\non-SN\subset_ffmpeg4\D05_V_indoor_move_0002.mov;EVA-7K;D05;Apple;iPhone5c;DIGITAL_CAMERA;INDOOR;MOV;NON-SN;False;FFMPEG4
C:\DB\EVA-7K\non-SN\subset_ffmpeg4\D05_V_outdoor_move_0001.mov;EVA-7K;D05;Apple;iPhone5c;DIGITAL_CAMERA;OUTDOOR;MOV;NON-SN;False;FFMPEG4
C:\DB\EVA-7K\non-SN\subset_ffmpeg4\D05_V_outdoor_move_0002.mov;EVA-7K;D05;Apple;iPhone5c;DIGITAL_CAMERA;OUTDOOR;MOV;NON-SN;False;FFMPEG4
C:\DB\EVA-7K\non-SN\subset_ffmpeg4\D06_V_indoor_move_0001.mov;EVA-7K;D06;Apple;iPhone6;DIGITAL_CAMERA;INDOOR;MOV;NON-SN;False;FFMPEG4
C:\DB\EVA-7K\non-SN\subset_ffmpeg4\D06_V_indoor_move_0002.mov;EVA-7K;D06;Apple;iPhone6;DIGITAL_CAMERA;INDOOR;MOV;NON-SN;False;FFMPEG4
C:\DB\EVA-7K\non-SN\subset_ffmpeg4\D06_V_outdoor_move_0001.mov;EVA-7K;D06;Apple;iPhone6;DIGITAL_CAMERA;OUTDOOR;MOV;NON-SN;False;FFMPEG4
C:\DB\EVA-7K\non-SN\subset_ffmpeg4\D06_V_outdoor_move_0002.mov;EVA-7K;D06;Apple;iPhone6;DIGITAL_CAMERA;OUTDOOR;MOV;NON-SN;False;FFMPEG4
C:\DB\EVA-7K\non-SN\subset_ffmpeg4\D08_V_indoor_move_0001.mp4;EVA-7K;D08;Samsung;GalaxyTab3;DIGITAL_CAMERA;INDOOR;MP4;NON-SN;False;FFMPEG4
C:\DB\EVA-7K\non-SN\subset_ffmpeg4\D08_V_indoor_move_0002.mp4;EVA-7K;D08;Samsung;GalaxyTab3;DIGITAL_CAMERA;INDOOR;MP4;NON-SN;False;FFMPEG4
C:\DB\EVA-7K\non-SN\subset_ffmpeg4\D08_V_outdoor_move_0001.mp4;EVA-7K;D08;Samsung;GalaxyTab3;DIGITAL_CAMERA;OUTDOOR;MP4;NON-SN;False;FFMPEG4
C:\DB\EVA-7K\non-SN\subset_ffmpeg4\D08_V_outdoor_move_0002.mp4;EVA-7K;D08;Samsung;GalaxyTab3;DIGITAL_CAMERA;OUTDOOR;MP4;NON-SN;False;FFMPEG4
C:\DB\EVA-7K\non-SN\subset_ffmpeg4\D09_V_indoor_move_0001.mov;EVA-7K;D09;Apple;iPhone4;DIGITAL_CAMERA;INDOOR;MOV;NON-SN;False;FFMPEG4
C:\DB\EVA-7K\non-SN\subset_ffmpeg4\D09_V_indoor_move_0002.mov;EVA-7K;D09;Apple;iPhone4;DIGITAL_CAMERA;INDOOR;MOV;NON-SN;False;FFMPEG4
C:\DB\EVA-7K\non-SN\subset_ffmpeg4\D09_V_outdoor_move_0001.mov;EVA-7K;D09;Apple;iPhone4;DIGITAL_CAMERA;OUTDOOR;MOV;NON-SN;False;FFMPEG4
C:\DB\EVA-7K\non-SN\subset_ffmpeg4\D09_V_outdoor_move_0002.mov;EVA-7K;D09;Apple;iPhone4;DIGITAL_CAMERA;OUTDOOR;MOV;NON-SN;False;FFMPEG4
C:\DB\EVA-7K\non-SN\subset_ffmpeg4\D10_V_indoor_move_0001.mov;EVA-7K;D10;Apple;iPhone4s;DIGITAL_CAMERA;INDOOR;MOV;NON-SN;False;FFMPEG4
C:\DB\EVA-7K\non-SN\subset_ffmpeg4\D10_V_indoor_move_0002.mov;EVA-7K;D10;Apple;iPhone4s;DIGITAL_CAMERA;INDOOR;MOV;NON-SN;False;FFMPEG4
C:\DB\EVA-7K\non-SN\subset_ffmpeg4\D10_V_outdoor_move_0001.mov;EVA-7K;D10;Apple;iPhone4s;DIGITAL_CAMERA;OUTDOOR;MOV;NON-SN;False;FFMPEG4
C:\DB\EVA-7K\non-SN\subset_ffmpeg4\D10_V_outdoor_panrot_0001.mov;EVA-7K;D10;Apple;iPhone4s;DIGITAL_CAMERA;OUTDOOR;MOV;NON-SN;False;FFMPEG4
C:\DB\EVA-7K\non-SN\subset_ffmpeg4\D11_V_indoor_move_0001.mp4;EVA-7K;D11;Samsung;GalaxyS3;DIGITAL_CAMERA;INDOOR;MP4;NON-SN;False;FFMPEG4
C:\DB\EVA-7K\non-SN\subset_ffmpeg4\D11_V_indoor_move_0002.mp4;EVA-7K;D11;Samsung;GalaxyS3;DIGITAL_CAMERA;INDOOR;MP4;NON-SN;False;FFMPEG4
C:\DB\EVA-7K\non-SN\subset_ffmpeg4\D11_V_outdoor_move_0001.mp4;EVA-7K;D11;Samsung;GalaxyS3;DIGITAL_CAMERA;OUTDOOR;MP4;NON-SN;False;FFMPEG4
C:\DB\EVA-7K\non-SN\subset_ffmpeg4\D11_V_outdoor_move_0002.mp4;EVA-7K;D11;Samsung;GalaxyS3;DIGITAL_CAMERA;OUTDOOR;MP4;NON-SN;False;FFMPEG4
C:\DB\EVA-7K\non-SN\subset_ffmpeg4\D12_V_indoor_move_0001.mp4;EVA-7K;D12;Sony;XperiaZ1Compact;DIGITAL_CAMERA;INDOOR;MP4;NON-SN;False;FFMPEG4
C:\DB\EVA-7K\non-SN\subset_ffmpeg4\D12_V_indoor_move_0002.mp4;EVA-7K;D12;Sony;XperiaZ1Compact;DIGITAL_CAMERA;INDOOR;MP4;NON-SN;False;FFMPEG4
C:\DB\EVA-7K\non-SN\subset_ffmpeg4\D12_V_outdoor_move_0001.mp4;EVA-7K;D12;Sony;XperiaZ1Compact;DIGITAL_CAMERA;OUTDOOR;MP4;NON-SN;False;FFMPEG4
C:\DB\EVA-7K\non-SN\subset_ffmpeg4\D12_V_outdoor_move_0002.mp4;EVA-7K;D12;Sony;XperiaZ1Compact;DIGITAL_CAMERA;OUTDOOR;MP4;NON-SN;False;FFMPEG4
C:\DB\EVA-7K\non-SN\subset_ffmpeg4\D13_V_indoor_move_0001.mov;EVA-7K;D13;Apple;iPad2;DIGITAL_CAMERA;INDOOR;MOV;NON-SN;False;FFMPEG4
C:\DB\EVA-7K\non-SN\subset_ffmpeg4\D13_V_indoor_move_0002.mov;EVA-7K;D13;Apple;iPad2;DIGITAL_CAMERA;INDOOR;MOV;NON-SN;False;FFMPEG4
C:\DB\EVA-7K\non-SN\subset_ffmpeg4\D13_V_outdoor_move_0001.mov;EVA-7K;D13;Apple;iPad2;DIGITAL_CAMERA;OUTDOOR;MOV;NON-SN;False;FFMPEG4
C:\DB\EVA-7K\non-SN\subset_ffmpeg4\D13_V_outdoor_move_0002.mov;EVA-7K;D13;Apple;iPad2;DIGITAL_CAMERA;OUTDOOR;MOV;NON-SN;False;FFMPEG4
C:\DB\EVA-7K\non-SN\subset_ffmpeg4\D14_V_indoor_move_0001.mov;EVA-7K;D14;Apple;iPhone5c;DIGITAL_CAMERA;INDOOR;MOV;NON-SN;False;FFMPEG4
C:\DB\EVA-7K\non-SN\subset_ffmpeg4\D14_V_indoor_move_0002.mov;EVA-7K;D14;Apple;iPhone5c;DIGITAL_CAMERA;INDOOR;MOV;NON-SN;False;FFMPEG4
C:\DB\EVA-7K\non-SN\subset_ffmpeg4\D14_V_outdoor_move_0001.mov;EVA-7K;D14;Apple;iPhone5c;DIGITAL_CAMERA;OUTDOOR;MOV;NON-SN;False;FFMPEG4
C:\DB\EVA-7K\non-SN\subset_ffmpeg4\D14_V_outdoor_move_0002.mov;EVA-7K;D14;Apple;iPhone5c;DIGITAL_CAMERA;OUTDOOR;MOV;NON-SN;False;FFMPEG4
C:\DB\EVA-7K\non-SN\subset_ffmpeg4\D15_V_indoor_move_0001.mov;EVA-7K;D15;Apple;iPhone6;DIGITAL_CAMERA;INDOOR;MOV;NON-SN;False;FFMPEG4
C:\DB\EVA-7K\non-SN\subset_ffmpeg4\D15_V_indoor_move_0002.mov;EVA-7K;D15;Apple;iPhone6;DIGITAL_CAMERA;INDOOR;MOV;NON-SN;False;FFMPEG4
C:\DB\EVA-7K\non-SN\subset_ffmpeg4\D15_V_outdoor_move_0001.mov;EVA-7K;D15;Apple;iPhone6;DIGITAL_CAMERA;OUTDOOR;MOV;NON-SN;False;FFMPEG4
C:\DB\EVA-7K\non-SN\subset_ffmpeg4\D15_V_outdoor_move_0002.mov;EVA-7K;D15;Apple;iPhone6;DIGITAL_CAMERA;OUTDOOR;MOV;NON-SN;False;FFMPEG4
C:\DB\EVA-7K\non-SN\subset_ffmpeg4\D16_V_indoor_move_0001.mp4;EVA-7K;D16;Huawei;P9lite;DIGITAL_CAMERA;INDOOR;MP4;NON-SN;False;FFMPEG4
C:\DB\EVA-7K\non-SN\subset_ffmpeg4\D16_V_indoor_move_0002.mp4;EVA-7K;D16;Huawei;P9lite;DIGITAL_CAMERA;INDOOR;MP4;NON-SN;False;FFMPEG4
C:\DB\EVA-7K\non-SN\subset_ffmpeg4\D16_V_outdoor_move_0001.mp4;EVA-7K;D16;Huawei;P9lite;DIGITAL_CAMERA;OUTDOOR;MP4;NON-SN;False;FFMPEG4
C:\DB\EVA-7K\non-SN\subset_ffmpeg4\D16_V_outdoor_move_0002.mp4;EVA-7K;D16;Huawei;P9lite;DIGITAL_CAMERA;OUTDOOR;MP4;NON-SN;False;FFMPEG4
C:\DB\EVA-7K\non-SN\subset_ffmpeg4\D17_V_indoor_move_0001.mp4;EVA-7K;D17;Microsoft;Lumia640LTE;DIGITAL_CAMERA;INDOOR;MP4;NON-SN;False;FFMPEG4
C:\DB\EVA-7K\non-SN\subset_ffmpeg4\D17_V_indoor_panrot_0001.mp4;EVA-7K;D17;Microsoft;Lumia640LTE;DIGITAL_CAMERA;INDOOR;MP4;NON-SN;False;FFMPEG4
C:\DB\EVA-7K\non-SN\subset_ffmpeg4\D17_V_outdoor_move_0001.mp4;EVA-7K;D17;Microsoft;Lumia640LTE;DIGITAL_CAMERA;OUTDOOR;MP4;NON-SN;False;FFMPEG4
C:\DB\EVA-7K\non-SN\subset_ffmpeg4\D17_V_outdoor_panrot_0001.mp4;EVA-7K;D17;Microsoft;Lumia640LTE;DIGITAL_CAMERA;OUTDOOR;MP4;NON-SN;False;FFMPEG4
C:\DB\EVA-7K\non-SN\subset_ffmpeg4\D18_V_indoor_move_0001.mov;EVA-7K;D18;Apple;iPhone5c;DIGITAL_CAMERA;INDOOR;MOV;NON-SN;False;FFMPEG4
C:\DB\EVA-7K\non-SN\subset_ffmpeg4\D18_V_indoor_panrot_0001.mov;EVA-7K;D18;Apple;iPhone5c;DIGITAL_CAMERA;INDOOR;MOV;NON-SN;False;FFMPEG4
C:\DB\EVA-7K\non-SN\subset_ffmpeg4\D18_V_outdoor_move_0001.mov;EVA-7K;D18;Apple;iPhone5c;DIGITAL_CAMERA;OUTDOOR;MOV;NON-SN;False;FFMPEG4
C:\DB\EVA-7K\non-SN\subset_ffmpeg4\D18_V_outdoor_panrot_0001.mov;EVA-7K;D18;Apple;iPhone5c;DIGITAL_CAMERA;OUTDOOR;MOV;NON-SN;False;FFMPEG4
C:\DB\EVA-7K\non-SN\subset_ffmpeg4\D19_V_indoor_move_0001.mov;EVA-7K;D19;Apple;iPhone6Plus;DIGITAL_CAMERA;INDOOR;MOV;NON-SN;False;FFMPEG4
C:\DB\EVA-7K\non-SN\subset_ffmpeg4\D19_V_indoor_move_0002.mov;EVA-7K;D19;Apple;iPhone6Plus;DIGITAL_CAMERA;INDOOR;MOV;NON-SN;False;FFMPEG4
C:\DB\EVA-7K\non-SN\subset_ffmpeg4\D19_V_outdoor_move_0001.mov;EVA-7K;D19;Apple;iPhone6Plus;DIGITAL_CAMERA;OUTDOOR;MOV;NON-SN;False;FFMPEG4
C:\DB\EVA-7K\non-SN\subset_ffmpeg4\D19_V_outdoor_move_0002.mov;EVA-7K;D19;Apple;iPhone6Plus;DIGITAL_CAMERA;OUTDOOR;MOV;NON-SN;False;FFMPEG4
C:\DB\EVA-7K\non-SN\subset_ffmpeg4\D20_V_indoor_move_0001.mov;EVA-7K;D20;Apple;iPadmini;DIGITAL_CAMERA;INDOOR;MOV;NON-SN;False;FFMPEG4
C:\DB\EVA-7K\non-SN\subset_ffmpeg4\D20_V_indoor_move_0002.mov;EVA-7K;D20;Apple;iPadmini;DIGITAL_CAMERA;INDOOR;MOV;NON-SN;False;FFMPEG4
C:\DB\EVA-7K\non-SN\subset_ffmpeg4\D20_V_outdoor_move_0001.mov;EVA-7K;D20;Apple;iPadmini;DIGITAL_CAMERA;OUTDOOR;MOV;NON-SN;False;FFMPEG4
C:\DB\EVA-7K\non-SN\subset_ffmpeg4\D20_V_outdoor_move_0002.mov;EVA-7K;D20;Apple;iPadmini;DIGITAL_CAMERA;OUTDOOR;MOV;NON-SN;False;FFMPEG4
C:\DB\EVA-7K\non-SN\subset_ffmpeg4\D21_V_indoor_move_0001.mp4;EVA-7K;D21;Wiko;Ridge4G;DIGITAL_CAMERA;INDOOR;MP4;NON-SN;False;FFMPEG4
C:\DB\EVA-7K\non-SN\subset_ffmpeg4\D21_V_indoor_panrot_0001.mp4;EVA-7K;D21;Wiko;Ridge4G;DIGITAL_CAMERA;INDOOR;MP4;NON-SN;False;FFMPEG4
C:\DB\EVA-7K\non-SN\subset_ffmpeg4\D21_V_outdoor_move_0001.mp4;EVA-7K;D21;Wiko;Ridge4G;DIGITAL_CAMERA;OUTDOOR;MP4;NON-SN;False;FFMPEG4
C:\DB\EVA-7K\non-SN\subset_ffmpeg4\D21_V_outdoor_panrot_0001.mp4;EVA-7K;D21;Wiko;Ridge4G;DIGITAL_CAMERA;OUTDOOR;MP4;NON-SN;False;FFMPEG4
C:\DB\EVA-7K\non-SN\subset_ffmpeg4\D22_V_indoor_move_0001.mp4;EVA-7K;D22;Samsung;GalaxyTrendPlus;DIGITAL_CAMERA;INDOOR;MP4;NON-SN;False;FFMPEG4
C:\DB\EVA-7K\non-SN\subset_ffmpeg4\D22_V_indoor_move_0002.mp4;EVA-7K;D22;Samsung;GalaxyTrendPlus;DIGITAL_CAMERA;INDOOR;MP4;NON-SN;False;FFMPEG4
C:\DB\EVA-7K\non-SN\subset_ffmpeg4\D22_V_outdoor_move_0001.mp4;EVA-7K;D22;Samsung;GalaxyTrendPlus;DIGITAL_CAMERA;OUTDOOR;MP4;NON-SN;False;FFMPEG4
C:\DB\EVA-7K\non-SN\subset_ffmpeg4\D22_V_outdoor_move_0002.mp4;EVA-7K;D22;Samsung;GalaxyTrendPlus;DIGITAL_CAMERA;OUTDOOR;MP4;NON-SN;False;FFMPEG4
C:\DB\EVA-7K\non-SN\subset_ffmpeg4\D23_V_indoor_move_0001.mp4;EVA-7K;D23;Asus;Zenfone2Laser;DIGITAL_CAMERA;INDOOR;MP4;NON-SN;False;FFMPEG4
C:\DB\EVA-7K\non-SN\subset_ffmpeg4\D23_V_indoor_move_0002.mp4;EVA-7K;D23;Asus;Zenfone2Laser;DIGITAL_CAMERA;INDOOR;MP4;NON-SN;False;FFMPEG4
C:\DB\EVA-7K\non-SN\subset_ffmpeg4\D23_V_outdoor_move_0001.mp4;EVA-7K;D23;Asus;Zenfone2Laser;DIGITAL_CAMERA;OUTDOOR;MP4;NON-SN;False;FFMPEG4
C:\DB\EVA-7K\non-SN\subset_ffmpeg4\D23_V_outdoor_move_0002.mp4;EVA-7K;D23;Asus;Zenfone2Laser;DIGITAL_CAMERA;OUTDOOR;MP4;NON-SN;False;FFMPEG4
C:\DB\EVA-7K\non-SN\subset_ffmpeg4\D24_V_indoor_move_0001.mp4;EVA-7K;D24;Xiaomi;RedmiNote3;DIGITAL_CAMERA;INDOOR;MP4;NON-SN;False;FFMPEG4
C:\DB\EVA-7K\non-SN\subset_ffmpeg4\D24_V_indoor_move_0002.mp4;EVA-7K;D24;Xiaomi;RedmiNote3;DIGITAL_CAMERA;INDOOR;MP4;NON-SN;False;FFMPEG4
C:\DB\EVA-7K\non-SN\subset_ffmpeg4\D24_V_outdoor_move_0001.mp4;EVA-7K;D24;Xiaomi;RedmiNote3;DIGITAL_CAMERA;OUTDOOR;MP4;NON-SN;False;FFMPEG4
C:\DB\EVA-7K\non-SN\subset_ffmpeg4\D24_V_outdoor_move_0002.mp4;EVA-7K;D24;Xiaomi;RedmiNote3;DIGITAL_CAMERA;OUTDOOR;MP4;NON-SN;False;FFMPEG4
C:\DB\EVA-7K\non-SN\subset_ffmpeg4\D25_V_indoor_move_0001.mp4;EVA-7K;D25;OnePlus;A3000;DIGITAL_CAMERA;INDOOR;MP4;NON-SN;False;FFMPEG4
C:\DB\EVA-7K\non-SN\subset_ffmpeg4\D25_V_indoor_move_0002.mp4;EVA-7K;D25;OnePlus;A3000;DIGITAL_CAMERA;INDOOR;MP4;NON-SN;False;FFMPEG4
C:\DB\EVA-7K\non-SN\subset_ffmpeg4\D25_V_outdoor_move_0001.mp4;EVA-7K;D25;OnePlus;A3000;DIGITAL_CAMERA;OUTDOOR;MP4;NON-SN;False;FFMPEG4
C:\DB\EVA-7K\non-SN\subset_ffmpeg4\D25_V_outdoor_move_0002.mp4;EVA-7K;D25;OnePlus;A3000;DIGITAL_CAMERA;OUTDOOR;MP4;NON-SN;False;FFMPEG4
C:\DB\EVA-7K\non-SN\subset_ffmpeg4\D26_V_indoor_move_0001.mp4;EVA-7K;D26;Samsung;GalaxyS3Mini;DIGITAL_CAMERA;INDOOR;MP4;NON-SN;False;FFMPEG4
C:\DB\EVA-7K\non-SN\subset_ffmpeg4\D26_V_indoor_move_0002.mp4;EVA-7K;D26;Samsung;GalaxyS3Mini;DIGITAL_CAMERA;INDOOR;MP4;NON-SN;False;FFMPEG4
C:\DB\EVA-7K\non-SN\subset_ffmpeg4\D26_V_outdoor_move_0001.mp4;EVA-7K;D26;Samsung;GalaxyS3Mini;DIGITAL_CAMERA;OUTDOOR;MP4;NON-SN;False;FFMPEG4
C:\DB\EVA-7K\non-SN\subset_ffmpeg4\D26_V_outdoor_move_0002.mp4;EVA-7K;D26;Samsung;GalaxyS3Mini;DIGITAL_CAMERA;OUTDOOR;MP4;NON-SN;False;FFMPEG4
C:\DB\EVA-7K\non-SN\subset_ffmpeg4\D27_V_indoor_move_0001.mp4;EVA-7K;D27;Samsung;GalaxyS5;DIGITAL_CAMERA;INDOOR;MP4;NON-SN;False;FFMPEG4
C:\DB\EVA-7K\non-SN\subset_ffmpeg4\D27_V_indoor_move_0002.mp4;EVA-7K;D27;Samsung;GalaxyS5;DIGITAL_CAMERA;INDOOR;MP4;NON-SN;False;FFMPEG4
C:\DB\EVA-7K\non-SN\subset_ffmpeg4\D27_V_outdoor_move_0001.mp4;EVA-7K;D27;Samsung;GalaxyS5;DIGITAL_CAMERA;OUTDOOR;MP4;NON-SN;False;FFMPEG4
C:\DB\EVA-7K\non-SN\subset_ffmpeg4\D27_V_outdoor_move_0002.mp4;EVA-7K;D27;Samsung;GalaxyS5;DIGITAL_CAMERA;OUTDOOR;MP4;NON-SN;False;FFMPEG4
C:\DB\EVA-7K\non-SN\subset_ffmpeg4\D28_V_indoor_move_0001.mp4;EVA-7K;D28;Huawei;P89;DIGITAL_CAMERA;INDOOR;MP4;NON-SN;False;FFMPEG4
C:\DB\EVA-7K\non-SN\subset_ffmpeg4\D28_V_indoor_move_0002.mp4;EVA-7K;D28;Huawei;P89;DIGITAL_CAMERA;INDOOR;MP4;NON-SN;False;FFMPEG4
C:\DB\EVA-7K\non-SN\subset_ffmpeg4\D28_V_outdoor_move_0001.mp4;EVA-7K;D28;Huawei;P89;DIGITAL_CAMERA;OUTDOOR;MP4;NON-SN;False;FFMPEG4
C:\DB\EVA-7K\non-SN\subset_ffmpeg4\D28_V_outdoor_move_0002.mp4;EVA-7K;D28;Huawei;P89;DIGITAL_CAMERA;OUTDOOR;MP4;NON-SN;False;FFMPEG4
C:\DB\EVA-7K\non-SN\subset_ffmpeg4\D29_V_indoor_move_0001.mov;EVA-7K;D29;Apple;iPhone5;DIGITAL_CAMERA;INDOOR;MOV;NON-SN;False;FFMPEG4
C:\DB\EVA-7K\non-SN\subset_ffmpeg4\D29_V_indoor_move_0002.mov;EVA-7K;D29;Apple;iPhone5;DIGITAL_CAMERA;INDOOR;MOV;NON-SN;False;FFMPEG4
C:\DB\EVA-7K\non-SN\subset_ffmpeg4\D29_V_outdoor_move_0001.mov;EVA-7K;D29;Apple;iPhone5;DIGITAL_CAMERA;OUTDOOR;MOV;NON-SN;False;FFMPEG4
C:\DB\EVA-7K\non-SN\subset_ffmpeg4\D29_V_outdoor_move_0002.mov;EVA-7K;D29;Apple;iPhone5;DIGITAL_CAMERA;OUTDOOR;MOV;NON-SN;False;FFMPEG4
C:\DB\EVA-7K\non-SN\subset_ffmpeg4\D30_V_indoor_move_0001.mp4;EVA-7K;D30;Huawei;Honor5;DIGITAL_CAMERA;INDOOR;MP4;NON-SN;False;FFMPEG4
C:\DB\EVA-7K\non-SN\subset_ffmpeg4\D30_V_indoor_move_0002.mp4;EVA-7K;D30;Huawei;Honor5;DIGITAL_CAMERA;INDOOR;MP4;NON-SN;False;FFMPEG4
C:\DB\EVA-7K\non-SN\subset_ffmpeg4\D30_V_outdoor_move_0001.mp4;EVA-7K;D30;Huawei;Honor5;DIGITAL_CAMERA;OUTDOOR;MP4;NON-SN;False;FFMPEG4
C:\DB\EVA-7K\non-SN\subset_ffmpeg4\D30_V_outdoor_move_0002.mp4;EVA-7K;D30;Huawei;Honor5;DIGITAL_CAMERA;OUTDOOR;MP4;NON-SN;False;FFMPEG4
C:\DB\EVA-7K\non-SN\subset_ffmpeg4\D31_V_indoor_move_0001.mp4;EVA-7K;D31;Samsung;GalaxyS4Mini;DIGITAL_CAMERA;INDOOR;MP4;NON-SN;False;FFMPEG4
C:\DB\EVA-7K\non-SN\subset_ffmpeg4\D31_V_indoor_move_0002.mp4;EVA-7K;D31;Samsung;GalaxyS4Mini;DIGITAL_CAMERA;INDOOR;MP4;NON-SN;False;FFMPEG4
C:\DB\EVA-7K\non-SN\subset_ffmpeg4\D31_V_outdoor_move_0001.mp4;EVA-7K;D31;Samsung;GalaxyS4Mini;DIGITAL_CAMERA;OUTDOOR;MP4;NON-SN;False;FFMPEG4
C:\DB\EVA-7K\non-SN\subset_ffmpeg4\D31_V_outdoor_move_0002.mp4;EVA-7K;D31;Samsung;GalaxyS4Mini;DIGITAL_CAMERA;OUTDOOR;MP4;NON-SN;False;FFMPEG4
C:\DB\EVA-7K\non-SN\subset_ffmpeg4\D32_V_indoor_move_0001.mp4;EVA-7K;D32;OnePlus;A3003;DIGITAL_CAMERA;INDOOR;MP4;NON-SN;False;FFMPEG4
C:\DB\EVA-7K\non-SN\subset_ffmpeg4\D32_V_indoor_move_0002.mp4;EVA-7K;D32;OnePlus;A3003;DIGITAL_CAMERA;INDOOR;MP4;NON-SN;False;FFMPEG4
C:\DB\EVA-7K\non-SN\subset_ffmpeg4\D32_V_outdoor_move_0001.mp4;EVA-7K;D32;OnePlus;A3003;DIGITAL_CAMERA;OUTDOOR;MP4;NON-SN;False;FFMPEG4
C:\DB\EVA-7K\non-SN\subset_ffmpeg4\D32_V_outdoor_move_0002.mp4;EVA-7K;D32;OnePlus;A3003;DIGITAL_CAMERA;OUTDOOR;MP4;NON-SN;False;FFMPEG4
C:\DB\EVA-7K\non-SN\subset_ffmpeg4\D33_V_indoor_move_0001.mp4;EVA-7K;D33;Huawei;AscendG6;DIGITAL_CAMERA;INDOOR;MP4;NON-SN;False;FFMPEG4
C:\DB\EVA-7K\non-SN\subset_ffmpeg4\D33_V_indoor_move_0002.mp4;EVA-7K;D33;Huawei;AscendG6;DIGITAL_CAMERA;INDOOR;MP4;NON-SN;False;FFMPEG4
C:\DB\EVA-7K\non-SN\subset_ffmpeg4\D33_V_outdoor_move_0001.mp4;EVA-7K;D33;Huawei;AscendG6;DIGITAL_CAMERA;OUTDOOR;MP4;NON-SN;False;FFMPEG4
C:\DB\EVA-7K\non-SN\subset_ffmpeg4\D33_V_outdoor_move_0002.mp4;EVA-7K;D33;Huawei;AscendG6;DIGITAL_CAMERA;OUTDOOR;MP4;NON-SN;False;FFMPEG4
C:\DB\EVA-7K\non-SN\subset_ffmpeg4\D34_V_indoor_move_0001.mov;EVA-7K;D34;Apple;iPhone5;DIGITAL_CAMERA;INDOOR;MOV;NON-SN;False;FFMPEG4
C:\DB\EVA-7K\non-SN\subset_ffmpeg4\D34_V_indoor_move_0002.mov;EVA-7K;D34;Apple;iPhone5;DIGITAL_CAMERA;INDOOR;MOV;NON-SN;False;FFMPEG4
C:\DB\EVA-7K\non-SN\subset_ffmpeg4\D34_V_outdoor_move_0001.mov;EVA-7K;D34;Apple;iPhone5;DIGITAL_CAMERA;OUTDOOR;MOV;NON-SN;False;FFMPEG4
C:\DB\EVA-7K\non-SN\subset_ffmpeg4\D34_V_outdoor_move_0002.mov;EVA-7K;D34;Apple;iPhone5;DIGITAL_CAMERA;OUTDOOR;MOV;NON-SN;False;FFMPEG4
C:\DB\EVA-7K\non-SN\subset_ffmpeg4\D35_V_outdoor_move_0001.mp4;EVA-7K;D35;Samsung;GalaxyTabA;DIGITAL_CAMERA;OUTDOOR;MP4;NON-SN;False;FFMPEG4
C:\DB\EVA-7K\non-SN\subset_ffmpeg4\D35_V_outdoor_move_0002.mp4;EVA-7K;D35;Samsung;GalaxyTabA;DIGITAL_CAMERA;OUTDOOR;MP4;NON-SN;False;FFMPEG4
C:\DB\EVA-7K\non-SN\subset_ffmpeg4\D35_V_outdoor_panrot_0001.mp4;EVA-7K;D35;Samsung;GalaxyTabA;DIGITAL_CAMERA;OUTDOOR;MP4;NON-SN;False;FFMPEG4
C:\DB\EVA-7K\non-SN\subset_ffmpeg4\D35_V_outdoor_panrot_0002.mp4;EVA-7K;D35;Samsung;GalaxyTabA;DIGITAL_CAMERA;OUTDOOR;MP4;NON-SN;False;FFMPEG4
C:\DB\EVA-7K\non-SN\subset_ffmpeg5\D01_V_indoor_move_0001.mp4;EVA-7K;D01;Samsung;GalaxyS3Mini;DIGITAL_CAMERA;INDOOR;MP4;NON-SN;False;FFMPEG5
C:\DB\EVA-7K\non-SN\subset_ffmpeg5\D01_V_indoor_move_0002.mp4;EVA-7K;D01;Samsung;GalaxyS3Mini;DIGITAL_CAMERA;INDOOR;MP4;NON-SN;False;FFMPEG5
C:\DB\EVA-7K\non-SN\subset_ffmpeg5\D01_V_outdoor_move_0001.mp4;EVA-7K;D01;Samsung;GalaxyS3Mini;DIGITAL_CAMERA;OUTDOOR;MP4;NON-SN;False;FFMPEG5
C:\DB\EVA-7K\non-SN\subset_ffmpeg5\D01_V_outdoor_move_0002.mp4;EVA-7K;D01;Samsung;GalaxyS3Mini;DIGITAL_CAMERA;OUTDOOR;MP4;NON-SN;False;FFMPEG5
C:\DB\EVA-7K\non-SN\subset_ffmpeg5\D02_V_indoor_move_0001.mov;EVA-7K;D02;Apple;iPhone4s;DIGITAL_CAMERA;INDOOR;MOV;NON-SN;False;FFMPEG5
C:\DB\EVA-7K\non-SN\subset_ffmpeg5\D02_V_indoor_panrot_0001.mov;EVA-7K;D02;Apple;iPhone4s;DIGITAL_CAMERA;INDOOR;MOV;NON-SN;False;FFMPEG5
C:\DB\EVA-7K\non-SN\subset_ffmpeg5\D02_V_outdoor_move_0001.mov;EVA-7K;D02;Apple;iPhone4s;DIGITAL_CAMERA;OUTDOOR;MOV;NON-SN;False;FFMPEG5
C:\DB\EVA-7K\non-SN\subset_ffmpeg5\D02_V_outdoor_panrot_0001.mov;EVA-7K;D02;Apple;iPhone4s;DIGITAL_CAMERA;OUTDOOR;MOV;NON-SN;False;FFMPEG5
C:\DB\EVA-7K\non-SN\subset_ffmpeg5\D03_V_indoor_move_0001.mp4;EVA-7K;D03;Huawei;P9;DIGITAL_CAMERA;INDOOR;MP4;NON-SN;False;FFMPEG5
C:\DB\EVA-7K\non-SN\subset_ffmpeg5\D03_V_indoor_move_0002.mp4;EVA-7K;D03;Huawei;P9;DIGITAL_CAMERA;INDOOR;MP4;NON-SN;False;FFMPEG5
C:\DB\EVA-7K\non-SN\subset_ffmpeg5\D03_V_outdoor_move_0001.mp4;EVA-7K;D03;Huawei;P9;DIGITAL_CAMERA;OUTDOOR;MP4;NON-SN;False;FFMPEG5
C:\DB\EVA-7K\non-SN\subset_ffmpeg5\D03_V_outdoor_move_0002.mp4;EVA-7K;D03;Huawei;P9;DIGITAL_CAMERA;OUTDOOR;MP4;NON-SN;False;FFMPEG5
C:\DB\EVA-7K\non-SN\subset_ffmpeg5\D04_V_indoor_move_0001.mp4;EVA-7K;D04;LG;D290;DIGITAL_CAMERA;INDOOR;MP4;NON-SN;False;FFMPEG5
C:\DB\EVA-7K\non-SN\subset_ffmpeg5\D04_V_indoor_move_0002.mp4;EVA-7K;D04;LG;D290;DIGITAL_CAMERA;INDOOR;MP4;NON-SN;False;FFMPEG5
C:\DB\EVA-7K\non-SN\subset_ffmpeg5\D04_V_outdoor_move_0001.mp4;EVA-7K;D04;LG;D290;DIGITAL_CAMERA;OUTDOOR;MP4;NON-SN;False;FFMPEG5
C:\DB\EVA-7K\non-SN\subset_ffmpeg5\D04_V_outdoor_move_0002.mp4;EVA-7K;D04;LG;D290;DIGITAL_CAMERA;OUTDOOR;MP4;NON-SN;False;FFMPEG5
C:\DB\EVA-7K\non-SN\subset_ffmpeg5\D05_V_indoor_move_0001.mov;EVA-7K;D05;Apple;iPhone5c;DIGITAL_CAMERA;INDOOR;MOV;NON-SN;False;FFMPEG5
C:\DB\EVA-7K\non-SN\subset_ffmpeg5\D05_V_indoor_move_0002.mov;EVA-7K;D05;Apple;iPhone5c;DIGITAL_CAMERA;INDOOR;MOV;NON-SN;False;FFMPEG5
C:\DB\EVA-7K\non-SN\subset_ffmpeg5\D05_V_outdoor_move_0001.mov;EVA-7K;D05;Apple;iPhone5c;DIGITAL_CAMERA;OUTDOOR;MOV;NON-SN;False;FFMPEG5
C:\DB\EVA-7K\non-SN\subset_ffmpeg5\D05_V_outdoor_move_0002.mov;EVA-7K;D05;Apple;iPhone5c;DIGITAL_CAMERA;OUTDOOR;MOV;NON-SN;False;FFMPEG5
C:\DB\EVA-7K\non-SN\subset_ffmpeg5\D06_V_indoor_move_0001.mov;EVA-7K;D06;Apple;iPhone6;DIGITAL_CAMERA;INDOOR;MOV;NON-SN;False;FFMPEG5
C:\DB\EVA-7K\non-SN\subset_ffmpeg5\D06_V_indoor_move_0002.mov;EVA-7K;D06;Apple;iPhone6;DIGITAL_CAMERA;INDOOR;MOV;NON-SN;False;FFMPEG5
C:\DB\EVA-7K\non-SN\subset_ffmpeg5\D06_V_outdoor_move_0001.mov;EVA-7K;D06;Apple;iPhone6;DIGITAL_CAMERA;OUTDOOR;MOV;NON-SN;False;FFMPEG5
C:\DB\EVA-7K\non-SN\subset_ffmpeg5\D06_V_outdoor_move_0002.mov;EVA-7K;D06;Apple;iPhone6;DIGITAL_CAMERA;OUTDOOR;MOV;NON-SN;False;FFMPEG5
C:\DB\EVA-7K\non-SN\subset_ffmpeg5\D08_V_indoor_move_0001.mp4;EVA-7K;D08;Samsung;GalaxyTab3;DIGITAL_CAMERA;INDOOR;MP4;NON-SN;False;FFMPEG5
C:\DB\EVA-7K\non-SN\subset_ffmpeg5\D08_V_indoor_move_0002.mp4;EVA-7K;D08;Samsung;GalaxyTab3;DIGITAL_CAMERA;INDOOR;MP4;NON-SN;False;FFMPEG5
C:\DB\EVA-7K\non-SN\subset_ffmpeg5\D08_V_outdoor_move_0001.mp4;EVA-7K;D08;Samsung;GalaxyTab3;DIGITAL_CAMERA;OUTDOOR;MP4;NON-SN;False;FFMPEG5
C:\DB\EVA-7K\non-SN\subset_ffmpeg5\D08_V_outdoor_move_0002.mp4;EVA-7K;D08;Samsung;GalaxyTab3;DIGITAL_CAMERA;OUTDOOR;MP4;NON-SN;False;FFMPEG5
C:\DB\EVA-7K\non-SN\subset_ffmpeg5\D09_V_indoor_move_0001.mov;EVA-7K;D09;Apple;iPhone4;DIGITAL_CAMERA;INDOOR;MOV;NON-SN;False;FFMPEG5
C:\DB\EVA-7K\non-SN\subset_ffmpeg5\D09_V_indoor_move_0002.mov;EVA-7K;D09;Apple;iPhone4;DIGITAL_CAMERA;INDOOR;MOV;NON-SN;False;FFMPEG5
C:\DB\EVA-7K\non-SN\subset_ffmpeg5\D09_V_outdoor_move_0001.mov;EVA-7K;D09;Apple;iPhone4;DIGITAL_CAMERA;OUTDOOR;MOV;NON-SN;False;FFMPEG5
C:\DB\EVA-7K\non-SN\subset_ffmpeg5\D09_V_outdoor_move_0002.mov;EVA-7K;D09;Apple;iPhone4;DIGITAL_CAMERA;OUTDOOR;MOV;NON-SN;False;FFMPEG5
C:\DB\EVA-7K\non-SN\subset_ffmpeg5\D10_V_indoor_move_0001.mov;EVA-7K;D10;Apple;iPhone4s;DIGITAL_CAMERA;INDOOR;MOV;NON-SN;False;FFMPEG5
C:\DB\EVA-7K\non-SN\subset_ffmpeg5\D10_V_indoor_move_0002.mov;EVA-7K;D10;Apple;iPhone4s;DIGITAL_CAMERA;INDOOR;MOV;NON-SN;False;FFMPEG5
C:\DB\EVA-7K\non-SN\subset_ffmpeg5\D10_V_outdoor_move_0001.mov;EVA-7K;D10;Apple;iPhone4s;DIGITAL_CAMERA;OUTDOOR;MOV;NON-SN;False;FFMPEG5
C:\DB\EVA-7K\non-SN\subset_ffmpeg5\D10_V_outdoor_panrot_0001.mov;EVA-7K;D10;Apple;iPhone4s;DIGITAL_CAMERA;OUTDOOR;MOV;NON-SN;False;FFMPEG5
C:\DB\EVA-7K\non-SN\subset_ffmpeg5\D11_V_indoor_move_0001.mp4;EVA-7K;D11;Samsung;GalaxyS3;DIGITAL_CAMERA;INDOOR;MP4;NON-SN;False;FFMPEG5
C:\DB\EVA-7K\non-SN\subset_ffmpeg5\D11_V_indoor_move_0002.mp4;EVA-7K;D11;Samsung;GalaxyS3;DIGITAL_CAMERA;INDOOR;MP4;NON-SN;False;FFMPEG5
C:\DB\EVA-7K\non-SN\subset_ffmpeg5\D11_V_outdoor_move_0001.mp4;EVA-7K;D11;Samsung;GalaxyS3;DIGITAL_CAMERA;OUTDOOR;MP4;NON-SN;False;FFMPEG5
C:\DB\EVA-7K\non-SN\subset_ffmpeg5\D11_V_outdoor_move_0002.mp4;EVA-7K;D11;Samsung;GalaxyS3;DIGITAL_CAMERA;OUTDOOR;MP4;NON-SN;False;FFMPEG5
C:\DB\EVA-7K\non-SN\subset_ffmpeg5\D12_V_indoor_move_0001.mp4;EVA-7K;D12;Sony;XperiaZ1Compact;DIGITAL_CAMERA;INDOOR;MP4;NON-SN;False;FFMPEG5
C:\DB\EVA-7K\non-SN\subset_ffmpeg5\D12_V_indoor_move_0002.mp4;EVA-7K;D12;Sony;XperiaZ1Compact;DIGITAL_CAMERA;INDOOR;MP4;NON-SN;False;FFMPEG5
C:\DB\EVA-7K\non-SN\subset_ffmpeg5\D12_V_outdoor_move_0001.mp4;EVA-7K;D12;Sony;XperiaZ1Compact;DIGITAL_CAMERA;OUTDOOR;MP4;NON-SN;False;FFMPEG5
C:\DB\EVA-7K\non-SN\subset_ffmpeg5\D12_V_outdoor_move_0002.mp4;EVA-7K;D12;Sony;XperiaZ1Compact;DIGITAL_CAMERA;OUTDOOR;MP4;NON-SN;False;FFMPEG5
C:\DB\EVA-7K\non-SN\subset_ffmpeg5\D13_V_indoor_move_0001.mov;EVA-7K;D13;Apple;iPad2;DIGITAL_CAMERA;INDOOR;MOV;NON-SN;False;FFMPEG5
C:\DB\EVA-7K\non-SN\subset_ffmpeg5\D13_V_indoor_move_0002.mov;EVA-7K;D13;Apple;iPad2;DIGITAL_CAMERA;INDOOR;MOV;NON-SN;False;FFMPEG5
C:\DB\EVA-7K\non-SN\subset_ffmpeg5\D13_V_outdoor_move_0001.mov;EVA-7K;D13;Apple;iPad2;DIGITAL_CAMERA;OUTDOOR;MOV;NON-SN;False;FFMPEG5
C:\DB\EVA-7K\non-SN\subset_ffmpeg5\D13_V_outdoor_move_0002.mov;EVA-7K;D13;Apple;iPad2;DIGITAL_CAMERA;OUTDOOR;MOV;NON-SN;False;FFMPEG5
C:\DB\EVA-7K\non-SN\subset_ffmpeg5\D14_V_indoor_move_0001.mov;EVA-7K;D14;Apple;iPhone5c;DIGITAL_CAMERA;INDOOR;MOV;NON-SN;False;FFMPEG5
C:\DB\EVA-7K\non-SN\subset_ffmpeg5\D14_V_indoor_move_0002.mov;EVA-7K;D14;Apple;iPhone5c;DIGITAL_CAMERA;INDOOR;MOV;NON-SN;False;FFMPEG5
C:\DB\EVA-7K\non-SN\subset_ffmpeg5\D14_V_outdoor_move_0001.mov;EVA-7K;D14;Apple;iPhone5c;DIGITAL_CAMERA;OUTDOOR;MOV;NON-SN;False;FFMPEG5
C:\DB\EVA-7K\non-SN\subset_ffmpeg5\D14_V_outdoor_move_0002.mov;EVA-7K;D14;Apple;iPhone5c;DIGITAL_CAMERA;OUTDOOR;MOV;NON-SN;False;FFMPEG5
C:\DB\EVA-7K\non-SN\subset_ffmpeg5\D15_V_indoor_move_0001.mov;EVA-7K;D15;Apple;iPhone6;DIGITAL_CAMERA;INDOOR;MOV;NON-SN;False;FFMPEG5
C:\DB\EVA-7K\non-SN\subset_ffmpeg5\D15_V_indoor_move_0002.mov;EVA-7K;D15;Apple;iPhone6;DIGITAL_CAMERA;INDOOR;MOV;NON-SN;False;FFMPEG5
C:\DB\EVA-7K\non-SN\subset_ffmpeg5\D15_V_outdoor_move_0001.mov;EVA-7K;D15;Apple;iPhone6;DIGITAL_CAMERA;OUTDOOR;MOV;NON-SN;False;FFMPEG5
C:\DB\EVA-7K\non-SN\subset_ffmpeg5\D15_V_outdoor_move_0002.mov;EVA-7K;D15;Apple;iPhone6;DIGITAL_CAMERA;OUTDOOR;MOV;NON-SN;False;FFMPEG5
C:\DB\EVA-7K\non-SN\subset_ffmpeg5\D16_V_indoor_move_0001.mp4;EVA-7K;D16;Huawei;P9lite;DIGITAL_CAMERA;INDOOR;MP4;NON-SN;False;FFMPEG5
C:\DB\EVA-7K\non-SN\subset_ffmpeg5\D16_V_indoor_move_0002.mp4;EVA-7K;D16;Huawei;P9lite;DIGITAL_CAMERA;INDOOR;MP4;NON-SN;False;FFMPEG5
C:\DB\EVA-7K\non-SN\subset_ffmpeg5\D16_V_outdoor_move_0001.mp4;EVA-7K;D16;Huawei;P9lite;DIGITAL_CAMERA;OUTDOOR;MP4;NON-SN;False;FFMPEG5
C:\DB\EVA-7K\non-SN\subset_ffmpeg5\D16_V_outdoor_move_0002.mp4;EVA-7K;D16;Huawei;P9lite;DIGITAL_CAMERA;OUTDOOR;MP4;NON-SN;False;FFMPEG5
C:\DB\EVA-7K\non-SN\subset_ffmpeg5\D17_V_indoor_move_0001.mp4;EVA-7K;D17;Microsoft;Lumia640LTE;DIGITAL_CAMERA;INDOOR;MP4;NON-SN;False;FFMPEG5
C:\DB\EVA-7K\non-SN\subset_ffmpeg5\D17_V_indoor_panrot_0001.mp4;EVA-7K;D17;Microsoft;Lumia640LTE;DIGITAL_CAMERA;INDOOR;MP4;NON-SN;False;FFMPEG5
C:\DB\EVA-7K\non-SN\subset_ffmpeg5\D17_V_outdoor_move_0001.mp4;EVA-7K;D17;Microsoft;Lumia640LTE;DIGITAL_CAMERA;OUTDOOR;MP4;NON-SN;False;FFMPEG5
C:\DB\EVA-7K\non-SN\subset_ffmpeg5\D17_V_outdoor_panrot_0001.mp4;EVA-7K;D17;Microsoft;Lumia640LTE;DIGITAL_CAMERA;OUTDOOR;MP4;NON-SN;False;FFMPEG5
C:\DB\EVA-7K\non-SN\subset_ffmpeg5\D18_V_indoor_move_0001.mov;EVA-7K;D18;Apple;iPhone5c;DIGITAL_CAMERA;INDOOR;MOV;NON-SN;False;FFMPEG5
C:\DB\EVA-7K\non-SN\subset_ffmpeg5\D18_V_indoor_panrot_0001.mov;EVA-7K;D18;Apple;iPhone5c;DIGITAL_CAMERA;INDOOR;MOV;NON-SN;False;FFMPEG5
C:\DB\EVA-7K\non-SN\subset_ffmpeg5\D18_V_outdoor_move_0001.mov;EVA-7K;D18;Apple;iPhone5c;DIGITAL_CAMERA;OUTDOOR;MOV;NON-SN;False;FFMPEG5
C:\DB\EVA-7K\non-SN\subset_ffmpeg5\D18_V_outdoor_panrot_0001.mov;EVA-7K;D18;Apple;iPhone5c;DIGITAL_CAMERA;OUTDOOR;MOV;NON-SN;False;FFMPEG5
C:\DB\EVA-7K\non-SN\subset_ffmpeg5\D19_V_indoor_move_0001.mov;EVA-7K;D19;Apple;iPhone6Plus;DIGITAL_CAMERA;INDOOR;MOV;NON-SN;False;FFMPEG5
C:\DB\EVA-7K\non-SN\subset_ffmpeg5\D19_V_indoor_move_0002.mov;EVA-7K;D19;Apple;iPhone6Plus;DIGITAL_CAMERA;INDOOR;MOV;NON-SN;False;FFMPEG5
C:\DB\EVA-7K\non-SN\subset_ffmpeg5\D19_V_outdoor_move_0001.mov;EVA-7K;D19;Apple;iPhone6Plus;DIGITAL_CAMERA;OUTDOOR;MOV;NON-SN;False;FFMPEG5
C:\DB\EVA-7K\non-SN\subset_ffmpeg5\D19_V_outdoor_move_0002.mov;EVA-7K;D19;Apple;iPhone6Plus;DIGITAL_CAMERA;OUTDOOR;MOV;NON-SN;False;FFMPEG5
C:\DB\EVA-7K\non-SN\subset_ffmpeg5\D20_V_indoor_move_0001.mov;EVA-7K;D20;Apple;iPadmini;DIGITAL_CAMERA;INDOOR;MOV;NON-SN;False;FFMPEG5
C:\DB\EVA-7K\non-SN\subset_ffmpeg5\D20_V_indoor_move_0002.mov;EVA-7K;D20;Apple;iPadmini;DIGITAL_CAMERA;INDOOR;MOV;NON-SN;False;FFMPEG5
C:\DB\EVA-7K\non-SN\subset_ffmpeg5\D20_V_outdoor_move_0001.mov;EVA-7K;D20;Apple;iPadmini;DIGITAL_CAMERA;OUTDOOR;MOV;NON-SN;False;FFMPEG5
C:\DB\EVA-7K\non-SN\subset_ffmpeg5\D20_V_outdoor_move_0002.mov;EVA-7K;D20;Apple;iPadmini;DIGITAL_CAMERA;OUTDOOR;MOV;NON-SN;False;FFMPEG5
C:\DB\EVA-7K\non-SN\subset_ffmpeg5\D21_V_indoor_move_0001.mp4;EVA-7K;D21;Wiko;Ridge4G;DIGITAL_CAMERA;INDOOR;MP4;NON-SN;False;FFMPEG5
C:\DB\EVA-7K\non-SN\subset_ffmpeg5\D21_V_indoor_panrot_0001.mp4;EVA-7K;D21;Wiko;Ridge4G;DIGITAL_CAMERA;INDOOR;MP4;NON-SN;False;FFMPEG5
C:\DB\EVA-7K\non-SN\subset_ffmpeg5\D21_V_outdoor_move_0001.mp4;EVA-7K;D21;Wiko;Ridge4G;DIGITAL_CAMERA;OUTDOOR;MP4;NON-SN;False;FFMPEG5
C:\DB\EVA-7K\non-SN\subset_ffmpeg5\D21_V_outdoor_panrot_0001.mp4;EVA-7K;D21;Wiko;Ridge4G;DIGITAL_CAMERA;OUTDOOR;MP4;NON-SN;False;FFMPEG5
C:\DB\EVA-7K\non-SN\subset_ffmpeg5\D22_V_indoor_move_0001.mp4;EVA-7K;D22;Samsung;GalaxyTrendPlus;DIGITAL_CAMERA;INDOOR;MP4;NON-SN;False;FFMPEG5
C:\DB\EVA-7K\non-SN\subset_ffmpeg5\D22_V_indoor_move_0002.mp4;EVA-7K;D22;Samsung;GalaxyTrendPlus;DIGITAL_CAMERA;INDOOR;MP4;NON-SN;False;FFMPEG5
C:\DB\EVA-7K\non-SN\subset_ffmpeg5\D22_V_outdoor_move_0001.mp4;EVA-7K;D22;Samsung;GalaxyTrendPlus;DIGITAL_CAMERA;OUTDOOR;MP4;NON-SN;False;FFMPEG5
C:\DB\EVA-7K\non-SN\subset_ffmpeg5\D22_V_outdoor_move_0002.mp4;EVA-7K;D22;Samsung;GalaxyTrendPlus;DIGITAL_CAMERA;OUTDOOR;MP4;NON-SN;False;FFMPEG5
C:\DB\EVA-7K\non-SN\subset_ffmpeg5\D23_V_indoor_move_0001.mp4;EVA-7K;D23;Asus;Zenfone2Laser;DIGITAL_CAMERA;INDOOR;MP4;NON-SN;False;FFMPEG5
C:\DB\EVA-7K\non-SN\subset_ffmpeg5\D23_V_indoor_move_0002.mp4;EVA-7K;D23;Asus;Zenfone2Laser;DIGITAL_CAMERA;INDOOR;MP4;NON-SN;False;FFMPEG5
C:\DB\EVA-7K\non-SN\subset_ffmpeg5\D23_V_outdoor_move_0001.mp4;EVA-7K;D23;Asus;Zenfone2Laser;DIGITAL_CAMERA;OUTDOOR;MP4;NON-SN;False;FFMPEG5
C:\DB\EVA-7K\non-SN\subset_ffmpeg5\D23_V_outdoor_move_0002.mp4;EVA-7K;D23;Asus;Zenfone2Laser;DIGITAL_CAMERA;OUTDOOR;MP4;NON-SN;False;FFMPEG5
C:\DB\EVA-7K\non-SN\subset_ffmpeg5\D24_V_indoor_move_0001.mp4;EVA-7K;D24;Xiaomi;RedmiNote3;DIGITAL_CAMERA;INDOOR;MP4;NON-SN;False;FFMPEG5
C:\DB\EVA-7K\non-SN\subset_ffmpeg5\D24_V_indoor_move_0002.mp4;EVA-7K;D24;Xiaomi;RedmiNote3;DIGITAL_CAMERA;INDOOR;MP4;NON-SN;False;FFMPEG5
C:\DB\EVA-7K\non-SN\subset_ffmpeg5\D24_V_outdoor_move_0001.mp4;EVA-7K;D24;Xiaomi;RedmiNote3;DIGITAL_CAMERA;OUTDOOR;MP4;NON-SN;False;FFMPEG5
C:\DB\EVA-7K\non-SN\subset_ffmpeg5\D24_V_outdoor_move_0002.mp4;EVA-7K;D24;Xiaomi;RedmiNote3;DIGITAL_CAMERA;OUTDOOR;MP4;NON-SN;False;FFMPEG5
C:\DB\EVA-7K\non-SN\subset_ffmpeg5\D25_V_indoor_move_0001.mp4;EVA-7K;D25;OnePlus;A3000;DIGITAL_CAMERA;INDOOR;MP4;NON-SN;False;FFMPEG5
C:\DB\EVA-7K\non-SN\subset_ffmpeg5\D25_V_indoor_move_0002.mp4;EVA-7K;D25;OnePlus;A3000;DIGITAL_CAMERA;INDOOR;MP4;NON-SN;False;FFMPEG5
C:\DB\EVA-7K\non-SN\subset_ffmpeg5\D25_V_outdoor_move_0001.mp4;EVA-7K;D25;OnePlus;A3000;DIGITAL_CAMERA;OUTDOOR;MP4;NON-SN;False;FFMPEG5
C:\DB\EVA-7K\non-SN\subset_ffmpeg5\D25_V_outdoor_move_0002.mp4;EVA-7K;D25;OnePlus;A3000;DIGITAL_CAMERA;OUTDOOR;MP4;NON-SN;False;FFMPEG5
C:\DB\EVA-7K\non-SN\subset_ffmpeg5\D26_V_indoor_move_0001.mp4;EVA-7K;D26;Samsung;GalaxyS3Mini;DIGITAL_CAMERA;INDOOR;MP4;NON-SN;False;FFMPEG5
C:\DB\EVA-7K\non-SN\subset_ffmpeg5\D26_V_indoor_move_0002.mp4;EVA-7K;D26;Samsung;GalaxyS3Mini;DIGITAL_CAMERA;INDOOR;MP4;NON-SN;False;FFMPEG5
C:\DB\EVA-7K\non-SN\subset_ffmpeg5\D26_V_outdoor_move_0001.mp4;EVA-7K;D26;Samsung;GalaxyS3Mini;DIGITAL_CAMERA;OUTDOOR;MP4;NON-SN;False;FFMPEG5
C:\DB\EVA-7K\non-SN\subset_ffmpeg5\D26_V_outdoor_move_0002.mp4;EVA-7K;D26;Samsung;GalaxyS3Mini;DIGITAL_CAMERA;OUTDOOR;MP4;NON-SN;False;FFMPEG5
C:\DB\EVA-7K\non-SN\subset_ffmpeg5\D27_V_indoor_move_0001.mp4;EVA-7K;D27;Samsung;GalaxyS5;DIGITAL_CAMERA;INDOOR;MP4;NON-SN;False;FFMPEG5
C:\DB\EVA-7K\non-SN\subset_ffmpeg5\D27_V_indoor_move_0002.mp4;EVA-7K;D27;Samsung;GalaxyS5;DIGITAL_CAMERA;INDOOR;MP4;NON-SN;False;FFMPEG5
C:\DB\EVA-7K\non-SN\subset_ffmpeg5\D27_V_outdoor_move_0001.mp4;EVA-7K;D27;Samsung;GalaxyS5;DIGITAL_CAMERA;OUTDOOR;MP4;NON-SN;False;FFMPEG5
C:\DB\EVA-7K\non-SN\subset_ffmpeg5\D27_V_outdoor_move_0002.mp4;EVA-7K;D27;Samsung;GalaxyS5;DIGITAL_CAMERA;OUTDOOR;MP4;NON-SN;False;FFMPEG5
C:\DB\EVA-7K\non-SN\subset_ffmpeg5\D28_V_indoor_move_0001.mp4;EVA-7K;D28;Huawei;P89;DIGITAL_CAMERA;INDOOR;MP4;NON-SN;False;FFMPEG5
C:\DB\EVA-7K\non-SN\subset_ffmpeg5\D28_V_indoor_move_0002.mp4;EVA-7K;D28;Huawei;P89;DIGITAL_CAMERA;INDOOR;MP4;NON-SN;False;FFMPEG5
C:\DB\EVA-7K\non-SN\subset_ffmpeg5\D28_V_outdoor_move_0001.mp4;EVA-7K;D28;Huawei;P89;DIGITAL_CAMERA;OUTDOOR;MP4;NON-SN;False;FFMPEG5
C:\DB\EVA-7K\non-SN\subset_ffmpeg5\D28_V_outdoor_move_0002.mp4;EVA-7K;D28;Huawei;P89;DIGITAL_CAMERA;OUTDOOR;MP4;NON-SN;False;FFMPEG5
C:\DB\EVA-7K\non-SN\subset_ffmpeg5\D29_V_indoor_move_0001.mov;EVA-7K;D29;Apple;iPhone5;DIGITAL_CAMERA;INDOOR;MOV;NON-SN;False;FFMPEG5
C:\DB\EVA-7K\non-SN\subset_ffmpeg5\D29_V_indoor_move_0002.mov;EVA-7K;D29;Apple;iPhone5;DIGITAL_CAMERA;INDOOR;MOV;NON-SN;False;FFMPEG5
C:\DB\EVA-7K\non-SN\subset_ffmpeg5\D29_V_outdoor_move_0001.mov;EVA-7K;D29;Apple;iPhone5;DIGITAL_CAMERA;OUTDOOR;MOV;NON-SN;False;FFMPEG5
C:\DB\EVA-7K\non-SN\subset_ffmpeg5\D29_V_outdoor_move_0002.mov;EVA-7K;D29;Apple;iPhone5;DIGITAL_CAMERA;OUTDOOR;MOV;NON-SN;False;FFMPEG5
C:\DB\EVA-7K\non-SN\subset_ffmpeg5\D30_V_indoor_move_0001.mp4;EVA-7K;D30;Huawei;Honor5;DIGITAL_CAMERA;INDOOR;MP4;NON-SN;False;FFMPEG5
C:\DB\EVA-7K\non-SN\subset_ffmpeg5\D30_V_indoor_move_0002.mp4;EVA-7K;D30;Huawei;Honor5;DIGITAL_CAMERA;INDOOR;MP4;NON-SN;False;FFMPEG5
C:\DB\EVA-7K\non-SN\subset_ffmpeg5\D30_V_outdoor_move_0001.mp4;EVA-7K;D30;Huawei;Honor5;DIGITAL_CAMERA;OUTDOOR;MP4;NON-SN;False;FFMPEG5
C:\DB\EVA-7K\non-SN\subset_ffmpeg5\D30_V_outdoor_move_0002.mp4;EVA-7K;D30;Huawei;Honor5;DIGITAL_CAMERA;OUTDOOR;MP4;NON-SN;False;FFMPEG5
C:\DB\EVA-7K\non-SN\subset_ffmpeg5\D31_V_indoor_move_0001.mp4;EVA-7K;D31;Samsung;GalaxyS4Mini;DIGITAL_CAMERA;INDOOR;MP4;NON-SN;False;FFMPEG5
C:\DB\EVA-7K\non-SN\subset_ffmpeg5\D31_V_indoor_move_0002.mp4;EVA-7K;D31;Samsung;GalaxyS4Mini;DIGITAL_CAMERA;INDOOR;MP4;NON-SN;False;FFMPEG5
C:\DB\EVA-7K\non-SN\subset_ffmpeg5\D31_V_outdoor_move_0001.mp4;EVA-7K;D31;Samsung;GalaxyS4Mini;DIGITAL_CAMERA;OUTDOOR;MP4;NON-SN;False;FFMPEG5
C:\DB\EVA-7K\non-SN\subset_ffmpeg5\D31_V_outdoor_move_0002.mp4;EVA-7K;D31;Samsung;GalaxyS4Mini;DIGITAL_CAMERA;OUTDOOR;MP4;NON-SN;False;FFMPEG5
C:\DB\EVA-7K\non-SN\subset_ffmpeg5\D32_V_indoor_move_0001.mp4;EVA-7K;D32;OnePlus;A3003;DIGITAL_CAMERA;INDOOR;MP4;NON-SN;False;FFMPEG5
C:\DB\EVA-7K\non-SN\subset_ffmpeg5\D32_V_indoor_move_0002.mp4;EVA-7K;D32;OnePlus;A3003;DIGITAL_CAMERA;INDOOR;MP4;NON-SN;False;FFMPEG5
C:\DB\EVA-7K\non-SN\subset_ffmpeg5\D32_V_outdoor_move_0001.mp4;EVA-7K;D32;OnePlus;A3003;DIGITAL_CAMERA;OUTDOOR;MP4;NON-SN;False;FFMPEG5
C:\DB\EVA-7K\non-SN\subset_ffmpeg5\D32_V_outdoor_move_0002.mp4;EVA-7K;D32;OnePlus;A3003;DIGITAL_CAMERA;OUTDOOR;MP4;NON-SN;False;FFMPEG5
C:\DB\EVA-7K\non-SN\subset_ffmpeg5\D33_V_indoor_move_0001.mp4;EVA-7K;D33;Huawei;AscendG6;DIGITAL_CAMERA;INDOOR;MP4;NON-SN;False;FFMPEG5
C:\DB\EVA-7K\non-SN\subset_ffmpeg5\D33_V_indoor_move_0002.mp4;EVA-7K;D33;Huawei;AscendG6;DIGITAL_CAMERA;INDOOR;MP4;NON-SN;False;FFMPEG5
C:\DB\EVA-7K\non-SN\subset_ffmpeg5\D33_V_outdoor_move_0001.mp4;EVA-7K;D33;Huawei;AscendG6;DIGITAL_CAMERA;OUTDOOR;MP4;NON-SN;False;FFMPEG5
C:\DB\EVA-7K\non-SN\subset_ffmpeg5\D33_V_outdoor_move_0002.mp4;EVA-7K;D33;Huawei;AscendG6;DIGITAL_CAMERA;OUTDOOR;MP4;NON-SN;False;FFMPEG5
C:\DB\EVA-7K\non-SN\subset_ffmpeg5\D34_V_indoor_move_0001.mov;EVA-7K;D34;Apple;iPhone5;DIGITAL_CAMERA;INDOOR;MOV;NON-SN;False;FFMPEG5
C:\DB\EVA-7K\non-SN\subset_ffmpeg5\D34_V_indoor_move_0002.mov;EVA-7K;D34;Apple;iPhone5;DIGITAL_CAMERA;INDOOR;MOV;NON-SN;False;FFMPEG5
C:\DB\EVA-7K\non-SN\subset_ffmpeg5\D34_V_outdoor_move_0001.mov;EVA-7K;D34;Apple;iPhone5;DIGITAL_CAMERA;OUTDOOR;MOV;NON-SN;False;FFMPEG5
C:\DB\EVA-7K\non-SN\subset_ffmpeg5\D34_V_outdoor_move_0002.mov;EVA-7K;D34;Apple;iPhone5;DIGITAL_CAMERA;OUTDOOR;MOV;NON-SN;False;FFMPEG5
C:\DB\EVA-7K\non-SN\subset_ffmpeg5\D35_V_outdoor_move_0001.mp4;EVA-7K;D35;Samsung;GalaxyTabA;DIGITAL_CAMERA;OUTDOOR;MP4;NON-SN;False;FFMPEG5
C:\DB\EVA-7K\non-SN\subset_ffmpeg5\D35_V_outdoor_move_0002.mp4;EVA-7K;D35;Samsung;GalaxyTabA;DIGITAL_CAMERA;OUTDOOR;MP4;NON-SN;False;FFMPEG5
C:\DB\EVA-7K\non-SN\subset_ffmpeg5\D35_V_outdoor_panrot_0001.mp4;EVA-7K;D35;Samsung;GalaxyTabA;DIGITAL_CAMERA;OUTDOOR;MP4;NON-SN;False;FFMPEG5
C:\DB\EVA-7K\non-SN\subset_ffmpeg5\D35_V_outdoor_panrot_0002.mp4;EVA-7K;D35;Samsung;GalaxyTabA;DIGITAL_CAMERA;OUTDOOR;MP4;NON-SN;False;FFMPEG5
C:\DB\EVA-7K\non-SN\subset_kdenlive\D01_V_indoor_move_0001.mp4;EVA-7K;D01;Samsung;GalaxyS3Mini;DIGITAL_CAMERA;INDOOR;MP4;NON-SN;False;KDENLIVE
C:\DB\EVA-7K\non-SN\subset_kdenlive\D01_V_indoor_move_0002.mp4;EVA-7K;D01;Samsung;GalaxyS3Mini;DIGITAL_CAMERA;INDOOR;MP4;NON-SN;False;KDENLIVE
C:\DB\EVA-7K\non-SN\subset_kdenlive\D01_V_outdoor_move_0001.mp4;EVA-7K;D01;Samsung;GalaxyS3Mini;DIGITAL_CAMERA;OUTDOOR;MP4;NON-SN;False;KDENLIVE
C:\DB\EVA-7K\non-SN\subset_kdenlive\D01_V_outdoor_move_0002.mp4;EVA-7K;D01;Samsung;GalaxyS3Mini;DIGITAL_CAMERA;OUTDOOR;MP4;NON-SN;False;KDENLIVE
C:\DB\EVA-7K\non-SN\subset_kdenlive\D02_V_indoor_move_0001.mp4;EVA-7K;D02;Apple;iPhone4s;DIGITAL_CAMERA;INDOOR;MP4;NON-SN;False;KDENLIVE
C:\DB\EVA-7K\non-SN\subset_kdenlive\D02_V_indoor_panrot_0001.mp4;EVA-7K;D02;Apple;iPhone4s;DIGITAL_CAMERA;INDOOR;MP4;NON-SN;False;KDENLIVE
C:\DB\EVA-7K\non-SN\subset_kdenlive\D02_V_outdoor_move_0001.mp4;EVA-7K;D02;Apple;iPhone4s;DIGITAL_CAMERA;OUTDOOR;MP4;NON-SN;False;KDENLIVE
C:\DB\EVA-7K\non-SN\subset_kdenlive\D02_V_outdoor_panrot_0001.mp4;EVA-7K;D02;Apple;iPhone4s;DIGITAL_CAMERA;OUTDOOR;MP4;NON-SN;False;KDENLIVE
C:\DB\EVA-7K\non-SN\subset_kdenlive\D03_V_indoor_move_0001.mp4;EVA-7K;D03;Huawei;P9;DIGITAL_CAMERA;INDOOR;MP4;NON-SN;False;KDENLIVE
C:\DB\EVA-7K\non-SN\subset_kdenlive\D03_V_indoor_move_0002.mp4;EVA-7K;D03;Huawei;P9;DIGITAL_CAMERA;INDOOR;MP4;NON-SN;False;KDENLIVE
C:\DB\EVA-7K\non-SN\subset_kdenlive\D03_V_outdoor_move_0001.mp4;EVA-7K;D03;Huawei;P9;DIGITAL_CAMERA;OUTDOOR;MP4;NON-SN;False;KDENLIVE
C:\DB\EVA-7K\non-SN\subset_kdenlive\D03_V_outdoor_move_0002.mp4;EVA-7K;D03;Huawei;P9;DIGITAL_CAMERA;OUTDOOR;MP4;NON-SN;False;KDENLIVE
C:\DB\EVA-7K\non-SN\subset_kdenlive\D04_V_indoor_move_0001.mp4;EVA-7K;D04;LG;D290;DIGITAL_CAMERA;INDOOR;MP4;NON-SN;False;KDENLIVE
C:\DB\EVA-7K\non-SN\subset_kdenlive\D04_V_indoor_move_0002.mp4;EVA-7K;D04;LG;D290;DIGITAL_CAMERA;INDOOR;MP4;NON-SN;False;KDENLIVE
C:\DB\EVA-7K\non-SN\subset_kdenlive\D04_V_outdoor_move_0001.mp4;EVA-7K;D04;LG;D290;DIGITAL_CAMERA;OUTDOOR;MP4;NON-SN;False;KDENLIVE
C:\DB\EVA-7K\non-SN\subset_kdenlive\D04_V_outdoor_move_0002.mp4;EVA-7K;D04;LG;D290;DIGITAL_CAMERA;OUTDOOR;MP4;NON-SN;False;KDENLIVE
C:\DB\EVA-7K\non-SN\subset_kdenlive\D05_V_indoor_move_0001.mp4;EVA-7K;D05;Apple;iPhone5c;DIGITAL_CAMERA;INDOOR;MP4;NON-SN;False;KDENLIVE
C:\DB\EVA-7K\non-SN\subset_kdenlive\D05_V_indoor_move_0002.mp4;EVA-7K;D05;Apple;iPhone5c;DIGITAL_CAMERA;INDOOR;MP4;NON-SN;False;KDENLIVE
C:\DB\EVA-7K\non-SN\subset_kdenlive\D05_V_outdoor_move_0001.mp4;EVA-7K;D05;Apple;iPhone5c;DIGITAL_CAMERA;OUTDOOR;MP4;NON-SN;False;KDENLIVE
C:\DB\EVA-7K\non-SN\subset_kdenlive\D05_V_outdoor_move_0002.mp4;EVA-7K;D05;Apple;iPhone5c;DIGITAL_CAMERA;OUTDOOR;MP4;NON-SN;False;KDENLIVE
C:\DB\EVA-7K\non-SN\subset_kdenlive\D06_V_indoor_move_0001.mp4;EVA-7K;D06;Apple;iPhone6;DIGITAL_CAMERA;INDOOR;MP4;NON-SN;False;KDENLIVE
C:\DB\EVA-7K\non-SN\subset_kdenlive\D06_V_indoor_move_0002.mp4;EVA-7K;D06;Apple;iPhone6;DIGITAL_CAMERA;INDOOR;MP4;NON-SN;False;KDENLIVE
C:\DB\EVA-7K\non-SN\subset_kdenlive\D06_V_outdoor_move_0001.mp4;EVA-7K;D06;Apple;iPhone6;DIGITAL_CAMERA;OUTDOOR;MP4;NON-SN;False;KDENLIVE
C:\DB\EVA-7K\non-SN\subset_kdenlive\D06_V_outdoor_move_0002.mp4;EVA-7K;D06;Apple;iPhone6;DIGITAL_CAMERA;OUTDOOR;MP4;NON-SN;False;KDENLIVE
C:\DB\EVA-7K\non-SN\subset_kdenlive\D07_V_indoor_move_0001.mp4;EVA-7K;D07;Lenovo;P70A;DIGITAL_CAMERA;INDOOR;MP4;NON-SN;False;KDENLIVE
C:\DB\EVA-7K\non-SN\subset_kdenlive\D07_V_indoor_move_0002.mp4;EVA-7K;D07;Lenovo;P70A;DIGITAL_CAMERA;INDOOR;MP4;NON-SN;False;KDENLIVE
C:\DB\EVA-7K\non-SN\subset_kdenlive\D07_V_outdoor_move_0001.mp4;EVA-7K;D07;Lenovo;P70A;DIGITAL_CAMERA;OUTDOOR;MP4;NON-SN;False;KDENLIVE
C:\DB\EVA-7K\non-SN\subset_kdenlive\D07_V_outdoor_move_0002.mp4;EVA-7K;D07;Lenovo;P70A;DIGITAL_CAMERA;OUTDOOR;MP4;NON-SN;False;KDENLIVE
C:\DB\EVA-7K\non-SN\subset_kdenlive\D08_V_indoor_move_0001.mp4;EVA-7K;D08;Samsung;GalaxyTab3;DIGITAL_CAMERA;INDOOR;MP4;NON-SN;False;KDENLIVE
C:\DB\EVA-7K\non-SN\subset_kdenlive\D08_V_indoor_move_0002.mp4;EVA-7K;D08;Samsung;GalaxyTab3;DIGITAL_CAMERA;INDOOR;MP4;NON-SN;False;KDENLIVE
C:\DB\EVA-7K\non-SN\subset_kdenlive\D08_V_outdoor_move_0001.mp4;EVA-7K;D08;Samsung;GalaxyTab3;DIGITAL_CAMERA;OUTDOOR;MP4;NON-SN;False;KDENLIVE
C:\DB\EVA-7K\non-SN\subset_kdenlive\D08_V_outdoor_move_0002.mp4;EVA-7K;D08;Samsung;GalaxyTab3;DIGITAL_CAMERA;OUTDOOR;MP4;NON-SN;False;KDENLIVE
C:\DB\EVA-7K\non-SN\subset_kdenlive\D09_V_indoor_move_0001.mp4;EVA-7K;D09;Apple;iPhone4;DIGITAL_CAMERA;INDOOR;MP4;NON-SN;False;KDENLIVE
C:\DB\EVA-7K\non-SN\subset_kdenlive\D09_V_indoor_move_0002.mp4;EVA-7K;D09;Apple;iPhone4;DIGITAL_CAMERA;INDOOR;MP4;NON-SN;False;KDENLIVE
C:\DB\EVA-7K\non-SN\subset_kdenlive\D09_V_outdoor_move_0001.mp4;EVA-7K;D09;Apple;iPhone4;DIGITAL_CAMERA;OUTDOOR;MP4;NON-SN;False;KDENLIVE
C:\DB\EVA-7K\non-SN\subset_kdenlive\D09_V_outdoor_move_0002.mp4;EVA-7K;D09;Apple;iPhone4;DIGITAL_CAMERA;OUTDOOR;MP4;NON-SN;False;KDENLIVE
C:\DB\EVA-7K\non-SN\subset_kdenlive\D10_V_indoor_move_0001.mp4;EVA-7K;D10;Apple;iPhone4s;DIGITAL_CAMERA;INDOOR;MP4;NON-SN;False;KDENLIVE
C:\DB\EVA-7K\non-SN\subset_kdenlive\D10_V_indoor_move_0002.mp4;EVA-7K;D10;Apple;iPhone4s;DIGITAL_CAMERA;INDOOR;MP4;NON-SN;False;KDENLIVE
C:\DB\EVA-7K\non-SN\subset_kdenlive\D10_V_outdoor_move_0001.mp4;EVA-7K;D10;Apple;iPhone4s;DIGITAL_CAMERA;OUTDOOR;MP4;NON-SN;False;KDENLIVE
C:\DB\EVA-7K\non-SN\subset_kdenlive\D10_V_outdoor_panrot_0001.mp4;EVA-7K;D10;Apple;iPhone4s;DIGITAL_CAMERA;OUTDOOR;MP4;NON-SN;False;KDENLIVE
C:\DB\EVA-7K\non-SN\subset_kdenlive\D11_V_indoor_move_0001.mp4;EVA-7K;D11;Samsung;GalaxyS3;DIGITAL_CAMERA;INDOOR;MP4;NON-SN;False;KDENLIVE
C:\DB\EVA-7K\non-SN\subset_kdenlive\D11_V_indoor_move_0002.mp4;EVA-7K;D11;Samsung;GalaxyS3;DIGITAL_CAMERA;INDOOR;MP4;NON-SN;False;KDENLIVE
C:\DB\EVA-7K\non-SN\subset_kdenlive\D11_V_outdoor_move_0001.mp4;EVA-7K;D11;Samsung;GalaxyS3;DIGITAL_CAMERA;OUTDOOR;MP4;NON-SN;False;KDENLIVE
C:\DB\EVA-7K\non-SN\subset_kdenlive\D11_V_outdoor_move_0002.mp4;EVA-7K;D11;Samsung;GalaxyS3;DIGITAL_CAMERA;OUTDOOR;MP4;NON-SN;False;KDENLIVE
C:\DB\EVA-7K\non-SN\subset_kdenlive\D12_V_indoor_move_0001.mp4;EVA-7K;D12;Sony;XperiaZ1Compact;DIGITAL_CAMERA;INDOOR;MP4;NON-SN;False;KDENLIVE
C:\DB\EVA-7K\non-SN\subset_kdenlive\D12_V_indoor_move_0002.mp4;EVA-7K;D12;Sony;XperiaZ1Compact;DIGITAL_CAMERA;INDOOR;MP4;NON-SN;False;KDENLIVE
C:\DB\EVA-7K\non-SN\subset_kdenlive\D12_V_outdoor_move_0001.mp4;EVA-7K;D12;Sony;XperiaZ1Compact;DIGITAL_CAMERA;OUTDOOR;MP4;NON-SN;False;KDENLIVE
C:\DB\EVA-7K\non-SN\subset_kdenlive\D12_V_outdoor_move_0002.mp4;EVA-7K;D12;Sony;XperiaZ1Compact;DIGITAL_CAMERA;OUTDOOR;MP4;NON-SN;False;KDENLIVE
C:\DB\EVA-7K\non-SN\subset_kdenlive\D13_V_indoor_move_0001.mp4;EVA-7K;D13;Apple;iPad2;DIGITAL_CAMERA;INDOOR;MP4;NON-SN;False;KDENLIVE
C:\DB\EVA-7K\non-SN\subset_kdenlive\D13_V_indoor_move_0002.mp4;EVA-7K;D13;Apple;iPad2;DIGITAL_CAMERA;INDOOR;MP4;NON-SN;False;KDENLIVE
C:\DB\EVA-7K\non-SN\subset_kdenlive\D13_V_outdoor_move_0001.mp4;EVA-7K;D13;Apple;iPad2;DIGITAL_CAMERA;OUTDOOR;MP4;NON-SN;False;KDENLIVE
C:\DB\EVA-7K\non-SN\subset_kdenlive\D13_V_outdoor_move_0002.mp4;EVA-7K;D13;Apple;iPad2;DIGITAL_CAMERA;OUTDOOR;MP4;NON-SN;False;KDENLIVE
C:\DB\EVA-7K\non-SN\subset_kdenlive\D14_V_indoor_move_0001.mp4;EVA-7K;D14;Apple;iPhone5c;DIGITAL_CAMERA;INDOOR;MP4;NON-SN;False;KDENLIVE
C:\DB\EVA-7K\non-SN\subset_kdenlive\D14_V_indoor_move_0002.mp4;EVA-7K;D14;Apple;iPhone5c;DIGITAL_CAMERA;INDOOR;MP4;NON-SN;False;KDENLIVE
C:\DB\EVA-7K\non-SN\subset_kdenlive\D14_V_outdoor_move_0001.mp4;EVA-7K;D14;Apple;iPhone5c;DIGITAL_CAMERA;OUTDOOR;MP4;NON-SN;False;KDENLIVE
C:\DB\EVA-7K\non-SN\subset_kdenlive\D14_V_outdoor_move_0002.mp4;EVA-7K;D14;Apple;iPhone5c;DIGITAL_CAMERA;OUTDOOR;MP4;NON-SN;False;KDENLIVE
C:\DB\EVA-7K\non-SN\subset_kdenlive\D15_V_indoor_move_0001.mp4;EVA-7K;D15;Apple;iPhone6;DIGITAL_CAMERA;INDOOR;MP4;NON-SN;False;KDENLIVE
C:\DB\EVA-7K\non-SN\subset_kdenlive\D15_V_indoor_move_0002.mp4;EVA-7K;D15;Apple;iPhone6;DIGITAL_CAMERA;INDOOR;MP4;NON-SN;False;KDENLIVE
C:\DB\EVA-7K\non-SN\subset_kdenlive\D15_V_outdoor_move_0001.mp4;EVA-7K;D15;Apple;iPhone6;DIGITAL_CAMERA;OUTDOOR;MP4;NON-SN;False;KDENLIVE
C:\DB\EVA-7K\non-SN\subset_kdenlive\D15_V_outdoor_move_0002.mp4;EVA-7K;D15;Apple;iPhone6;DIGITAL_CAMERA;OUTDOOR;MP4;NON-SN;False;KDENLIVE
C:\DB\EVA-7K\non-SN\subset_kdenlive\D16_V_indoor_move_0001.mp4;EVA-7K;D16;Huawei;P9lite;DIGITAL_CAMERA;INDOOR;MP4;NON-SN;False;KDENLIVE
C:\DB\EVA-7K\non-SN\subset_kdenlive\D16_V_indoor_move_0002.mp4;EVA-7K;D16;Huawei;P9lite;DIGITAL_CAMERA;INDOOR;MP4;NON-SN;False;KDENLIVE
C:\DB\EVA-7K\non-SN\subset_kdenlive\D16_V_outdoor_move_0001.mp4;EVA-7K;D16;Huawei;P9lite;DIGITAL_CAMERA;OUTDOOR;MP4;NON-SN;False;KDENLIVE
C:\DB\EVA-7K\non-SN\subset_kdenlive\D16_V_outdoor_move_0002.mp4;EVA-7K;D16;Huawei;P9lite;DIGITAL_CAMERA;OUTDOOR;MP4;NON-SN;False;KDENLIVE
C:\DB\EVA-7K\non-SN\subset_kdenlive\D17_V_indoor_move_0001.mp4;EVA-7K;D17;Microsoft;Lumia640LTE;DIGITAL_CAMERA;INDOOR;MP4;NON-SN;False;KDENLIVE
C:\DB\EVA-7K\non-SN\subset_kdenlive\D17_V_indoor_move_0002.mp4;EVA-7K;D17;Microsoft;Lumia640LTE;DIGITAL_CAMERA;INDOOR;MP4;NON-SN;False;KDENLIVE
C:\DB\EVA-7K\non-SN\subset_kdenlive\D17_V_outdoor_move_0001.mp4;EVA-7K;D17;Microsoft;Lumia640LTE;DIGITAL_CAMERA;OUTDOOR;MP4;NON-SN;False;KDENLIVE
C:\DB\EVA-7K\non-SN\subset_kdenlive\D17_V_outdoor_panrot_0001.mp4;EVA-7K;D17;Microsoft;Lumia640LTE;DIGITAL_CAMERA;OUTDOOR;MP4;NON-SN;False;KDENLIVE
C:\DB\EVA-7K\non-SN\subset_kdenlive\D18_V_indoor_move_0001.mp4;EVA-7K;D18;Apple;iPhone5c;DIGITAL_CAMERA;INDOOR;MP4;NON-SN;False;KDENLIVE
C:\DB\EVA-7K\non-SN\subset_kdenlive\D18_V_indoor_panrot_0001.mp4;EVA-7K;D18;Apple;iPhone5c;DIGITAL_CAMERA;INDOOR;MP4;NON-SN;False;KDENLIVE
C:\DB\EVA-7K\non-SN\subset_kdenlive\D18_V_outdoor_move_0001.mp4;EVA-7K;D18;Apple;iPhone5c;DIGITAL_CAMERA;OUTDOOR;MP4;NON-SN;False;KDENLIVE
C:\DB\EVA-7K\non-SN\subset_kdenlive\D18_V_outdoor_panrot_0001.mp4;EVA-7K;D18;Apple;iPhone5c;DIGITAL_CAMERA;OUTDOOR;MP4;NON-SN;False;KDENLIVE
C:\DB\EVA-7K\non-SN\subset_kdenlive\D19_V_indoor_move_0001.mp4;EVA-7K;D19;Apple;iPhone6Plus;DIGITAL_CAMERA;INDOOR;MP4;NON-SN;False;KDENLIVE
C:\DB\EVA-7K\non-SN\subset_kdenlive\D19_V_indoor_move_0002.mp4;EVA-7K;D19;Apple;iPhone6Plus;DIGITAL_CAMERA;INDOOR;MP4;NON-SN;False;KDENLIVE
C:\DB\EVA-7K\non-SN\subset_kdenlive\D19_V_outdoor_move_0001.mp4;EVA-7K;D19;Apple;iPhone6Plus;DIGITAL_CAMERA;OUTDOOR;MP4;NON-SN;False;KDENLIVE
C:\DB\EVA-7K\non-SN\subset_kdenlive\D19_V_outdoor_move_0002.mp4;EVA-7K;D19;Apple;iPhone6Plus;DIGITAL_CAMERA;OUTDOOR;MP4;NON-SN;False;KDENLIVE
C:\DB\EVA-7K\non-SN\subset_kdenlive\D20_V_indoor_move_0001.mp4;EVA-7K;D20;Apple;iPadmini;DIGITAL_CAMERA;INDOOR;MP4;NON-SN;False;KDENLIVE
C:\DB\EVA-7K\non-SN\subset_kdenlive\D20_V_indoor_move_0002.mp4;EVA-7K;D20;Apple;iPadmini;DIGITAL_CAMERA;INDOOR;MP4;NON-SN;False;KDENLIVE
C:\DB\EVA-7K\non-SN\subset_kdenlive\D20_V_outdoor_move_0001.mp4;EVA-7K;D20;Apple;iPadmini;DIGITAL_CAMERA;OUTDOOR;MP4;NON-SN;False;KDENLIVE
C:\DB\EVA-7K\non-SN\subset_kdenlive\D20_V_outdoor_move_0002.mp4;EVA-7K;D20;Apple;iPadmini;DIGITAL_CAMERA;OUTDOOR;MP4;NON-SN;False;KDENLIVE
C:\DB\EVA-7K\non-SN\subset_kdenlive\D21_V_indoor_move_0001.mp4;EVA-7K;D21;Wiko;Ridge4G;DIGITAL_CAMERA;INDOOR;MP4;NON-SN;False;KDENLIVE
C:\DB\EVA-7K\non-SN\subset_kdenlive\D21_V_indoor_panrot_0001.mp4;EVA-7K;D21;Wiko;Ridge4G;DIGITAL_CAMERA;INDOOR;MP4;NON-SN;False;KDENLIVE
C:\DB\EVA-7K\non-SN\subset_kdenlive\D21_V_outdoor_move_0001.mp4;EVA-7K;D21;Wiko;Ridge4G;DIGITAL_CAMERA;OUTDOOR;MP4;NON-SN;False;KDENLIVE
C:\DB\EVA-7K\non-SN\subset_kdenlive\D21_V_outdoor_panrot_0001.mp4;EVA-7K;D21;Wiko;Ridge4G;DIGITAL_CAMERA;OUTDOOR;MP4;NON-SN;False;KDENLIVE
C:\DB\EVA-7K\non-SN\subset_kdenlive\D22_V_indoor_move_0001.mp4;EVA-7K;D22;Samsung;GalaxyTrendPlus;DIGITAL_CAMERA;INDOOR;MP4;NON-SN;False;KDENLIVE
C:\DB\EVA-7K\non-SN\subset_kdenlive\D22_V_indoor_move_0002.mp4;EVA-7K;D22;Samsung;GalaxyTrendPlus;DIGITAL_CAMERA;INDOOR;MP4;NON-SN;False;KDENLIVE
C:\DB\EVA-7K\non-SN\subset_kdenlive\D22_V_outdoor_move_0001.mp4;EVA-7K;D22;Samsung;GalaxyTrendPlus;DIGITAL_CAMERA;OUTDOOR;MP4;NON-SN;False;KDENLIVE
C:\DB\EVA-7K\non-SN\subset_kdenlive\D22_V_outdoor_move_0002.mp4;EVA-7K;D22;Samsung;GalaxyTrendPlus;DIGITAL_CAMERA;OUTDOOR;MP4;NON-SN;False;KDENLIVE
C:\DB\EVA-7K\non-SN\subset_kdenlive\D23_V_indoor_move_0001.mp4;EVA-7K;D23;Asus;Zenfone2Laser;DIGITAL_CAMERA;INDOOR;MP4;NON-SN;False;KDENLIVE
C:\DB\EVA-7K\non-SN\subset_kdenlive\D23_V_indoor_move_0002.mp4;EVA-7K;D23;Asus;Zenfone2Laser;DIGITAL_CAMERA;INDOOR;MP4;NON-SN;False;KDENLIVE
C:\DB\EVA-7K\non-SN\subset_kdenlive\D23_V_outdoor_move_0001.mp4;EVA-7K;D23;Asus;Zenfone2Laser;DIGITAL_CAMERA;OUTDOOR;MP4;NON-SN;False;KDENLIVE
C:\DB\EVA-7K\non-SN\subset_kdenlive\D23_V_outdoor_move_0002.mp4;EVA-7K;D23;Asus;Zenfone2Laser;DIGITAL_CAMERA;OUTDOOR;MP4;NON-SN;False;KDENLIVE
C:\DB\EVA-7K\non-SN\subset_kdenlive\D24_V_indoor_move_0001.mp4;EVA-7K;D24;Xiaomi;RedmiNote3;DIGITAL_CAMERA;INDOOR;MP4;NON-SN;False;KDENLIVE
C:\DB\EVA-7K\non-SN\subset_kdenlive\D24_V_indoor_move_0002.mp4;EVA-7K;D24;Xiaomi;RedmiNote3;DIGITAL_CAMERA;INDOOR;MP4;NON-SN;False;KDENLIVE
C:\DB\EVA-7K\non-SN\subset_kdenlive\D24_V_outdoor_move_0001.mp4;EVA-7K;D24;Xiaomi;RedmiNote3;DIGITAL_CAMERA;OUTDOOR;MP4;NON-SN;False;KDENLIVE
C:\DB\EVA-7K\non-SN\subset_kdenlive\D24_V_outdoor_move_0002.mp4;EVA-7K;D24;Xiaomi;RedmiNote3;DIGITAL_CAMERA;OUTDOOR;MP4;NON-SN;False;KDENLIVE
C:\DB\EVA-7K\non-SN\subset_kdenlive\D25_V_indoor_move_0001.mp4;EVA-7K;D25;OnePlus;A3000;DIGITAL_CAMERA;INDOOR;MP4;NON-SN;False;KDENLIVE
C:\DB\EVA-7K\non-SN\subset_kdenlive\D25_V_indoor_move_0002.mp4;EVA-7K;D25;OnePlus;A3000;DIGITAL_CAMERA;INDOOR;MP4;NON-SN;False;KDENLIVE
C:\DB\EVA-7K\non-SN\subset_kdenlive\D25_V_outdoor_move_0001.mp4;EVA-7K;D25;OnePlus;A3000;DIGITAL_CAMERA;OUTDOOR;MP4;NON-SN;False;KDENLIVE
C:\DB\EVA-7K\non-SN\subset_kdenlive\D25_V_outdoor_move_0002.mp4;EVA-7K;D25;OnePlus;A3000;DIGITAL_CAMERA;OUTDOOR;MP4;NON-SN;False;KDENLIVE
C:\DB\EVA-7K\non-SN\subset_kdenlive\D26_V_indoor_move_0001.mp4;EVA-7K;D26;Samsung;GalaxyS3Mini;DIGITAL_CAMERA;INDOOR;MP4;NON-SN;False;KDENLIVE
C:\DB\EVA-7K\non-SN\subset_kdenlive\D26_V_indoor_move_0002.mp4;EVA-7K;D26;Samsung;GalaxyS3Mini;DIGITAL_CAMERA;INDOOR;MP4;NON-SN;False;KDENLIVE
C:\DB\EVA-7K\non-SN\subset_kdenlive\D26_V_outdoor_move_0001.mp4;EVA-7K;D26;Samsung;GalaxyS3Mini;DIGITAL_CAMERA;OUTDOOR;MP4;NON-SN;False;KDENLIVE
C:\DB\EVA-7K\non-SN\subset_kdenlive\D26_V_outdoor_move_0002.mp4;EVA-7K;D26;Samsung;GalaxyS3Mini;DIGITAL_CAMERA;OUTDOOR;MP4;NON-SN;False;KDENLIVE
C:\DB\EVA-7K\non-SN\subset_kdenlive\D27_V_indoor_move_0001.mp4;EVA-7K;D27;Samsung;GalaxyS5;DIGITAL_CAMERA;INDOOR;MP4;NON-SN;False;KDENLIVE
C:\DB\EVA-7K\non-SN\subset_kdenlive\D27_V_indoor_move_0002.mp4;EVA-7K;D27;Samsung;GalaxyS5;DIGITAL_CAMERA;INDOOR;MP4;NON-SN;False;KDENLIVE
C:\DB\EVA-7K\non-SN\subset_kdenlive\D27_V_outdoor_move_0001.mp4;EVA-7K;D27;Samsung;GalaxyS5;DIGITAL_CAMERA;OUTDOOR;MP4;NON-SN;False;KDENLIVE
C:\DB\EVA-7K\non-SN\subset_kdenlive\D27_V_outdoor_move_0002.mp4;EVA-7K;D27;Samsung;GalaxyS5;DIGITAL_CAMERA;OUTDOOR;MP4;NON-SN;False;KDENLIVE
C:\DB\EVA-7K\non-SN\subset_kdenlive\D28_V_indoor_move_0001.mp4;EVA-7K;D28;Huawei;P89;DIGITAL_CAMERA;INDOOR;MP4;NON-SN;False;KDENLIVE
C:\DB\EVA-7K\non-SN\subset_kdenlive\D28_V_indoor_move_0002.mp4;EVA-7K;D28;Huawei;P89;DIGITAL_CAMERA;INDOOR;MP4;NON-SN;False;KDENLIVE
C:\DB\EVA-7K\non-SN\subset_kdenlive\D28_V_outdoor_move_0001.mp4;EVA-7K;D28;Huawei;P89;DIGITAL_CAMERA;OUTDOOR;MP4;NON-SN;False;KDENLIVE
C:\DB\EVA-7K\non-SN\subset_kdenlive\D28_V_outdoor_move_0002.mp4;EVA-7K;D28;Huawei;P89;DIGITAL_CAMERA;OUTDOOR;MP4;NON-SN;False;KDENLIVE
C:\DB\EVA-7K\non-SN\subset_kdenlive\D29_V_indoor_move_0001.mp4;EVA-7K;D29;Apple;iPhone5;DIGITAL_CAMERA;INDOOR;MP4;NON-SN;False;KDENLIVE
C:\DB\EVA-7K\non-SN\subset_kdenlive\D29_V_indoor_move_0002.mp4;EVA-7K;D29;Apple;iPhone5;DIGITAL_CAMERA;INDOOR;MP4;NON-SN;False;KDENLIVE
C:\DB\EVA-7K\non-SN\subset_kdenlive\D29_V_outdoor_move_0001.mp4;EVA-7K;D29;Apple;iPhone5;DIGITAL_CAMERA;OUTDOOR;MP4;NON-SN;False;KDENLIVE
C:\DB\EVA-7K\non-SN\subset_kdenlive\D29_V_outdoor_move_0002.mp4;EVA-7K;D29;Apple;iPhone5;DIGITAL_CAMERA;OUTDOOR;MP4;NON-SN;False;KDENLIVE
C:\DB\EVA-7K\non-SN\subset_kdenlive\D30_V_indoor_move_0001.mp4;EVA-7K;D30;Huawei;Honor5;DIGITAL_CAMERA;INDOOR;MP4;NON-SN;False;KDENLIVE
C:\DB\EVA-7K\non-SN\subset_kdenlive\D30_V_indoor_move_0002.mp4;EVA-7K;D30;Huawei;Honor5;DIGITAL_CAMERA;INDOOR;MP4;NON-SN;False;KDENLIVE
C:\DB\EVA-7K\non-SN\subset_kdenlive\D30_V_outdoor_move_0001.mp4;EVA-7K;D30;Huawei;Honor5;DIGITAL_CAMERA;OUTDOOR;MP4;NON-SN;False;KDENLIVE
C:\DB\EVA-7K\non-SN\subset_kdenlive\D30_V_outdoor_move_0002.mp4;EVA-7K;D30;Huawei;Honor5;DIGITAL_CAMERA;OUTDOOR;MP4;NON-SN;False;KDENLIVE
C:\DB\EVA-7K\non-SN\subset_kdenlive\D31_V_indoor_move_0001.mp4;EVA-7K;D31;Samsung;GalaxyS4Mini;DIGITAL_CAMERA;INDOOR;MP4;NON-SN;False;KDENLIVE
C:\DB\EVA-7K\non-SN\subset_kdenlive\D31_V_indoor_move_0002.mp4;EVA-7K;D31;Samsung;GalaxyS4Mini;DIGITAL_CAMERA;INDOOR;MP4;NON-SN;False;KDENLIVE
C:\DB\EVA-7K\non-SN\subset_kdenlive\D31_V_outdoor_move_0001.mp4;EVA-7K;D31;Samsung;GalaxyS4Mini;DIGITAL_CAMERA;OUTDOOR;MP4;NON-SN;False;KDENLIVE
C:\DB\EVA-7K\non-SN\subset_kdenlive\D31_V_outdoor_move_0002.mp4;EVA-7K;D31;Samsung;GalaxyS4Mini;DIGITAL_CAMERA;OUTDOOR;MP4;NON-SN;False;KDENLIVE
C:\DB\EVA-7K\non-SN\subset_kdenlive\D32_V_indoor_move_0001.mp4;EVA-7K;D32;OnePlus;A3003;DIGITAL_CAMERA;INDOOR;MP4;NON-SN;False;KDENLIVE
C:\DB\EVA-7K\non-SN\subset_kdenlive\D32_V_indoor_move_0002.mp4;EVA-7K;D32;OnePlus;A3003;DIGITAL_CAMERA;INDOOR;MP4;NON-SN;False;KDENLIVE
C:\DB\EVA-7K\non-SN\subset_kdenlive\D32_V_outdoor_move_0001.mp4;EVA-7K;D32;OnePlus;A3003;DIGITAL_CAMERA;OUTDOOR;MP4;NON-SN;False;KDENLIVE
C:\DB\EVA-7K\non-SN\subset_kdenlive\D32_V_outdoor_move_0002.mp4;EVA-7K;D32;OnePlus;A3003;DIGITAL_CAMERA;OUTDOOR;MP4;NON-SN;False;KDENLIVE
C:\DB\EVA-7K\non-SN\subset_kdenlive\D33_V_indoor_move_0001.mp4;EVA-7K;D33;Huawei;AscendG6;DIGITAL_CAMERA;INDOOR;MP4;NON-SN;False;KDENLIVE
C:\DB\EVA-7K\non-SN\subset_kdenlive\D33_V_indoor_move_0002.mp4;EVA-7K;D33;Huawei;AscendG6;DIGITAL_CAMERA;INDOOR;MP4;NON-SN;False;KDENLIVE
C:\DB\EVA-7K\non-SN\subset_kdenlive\D33_V_outdoor_move_0001.mp4;EVA-7K;D33;Huawei;AscendG6;DIGITAL_CAMERA;OUTDOOR;MP4;NON-SN;False;KDENLIVE
C:\DB\EVA-7K\non-SN\subset_kdenlive\D33_V_outdoor_move_0002.mp4;EVA-7K;D33;Huawei;AscendG6;DIGITAL_CAMERA;OUTDOOR;MP4;NON-SN;False;KDENLIVE
C:\DB\EVA-7K\non-SN\subset_kdenlive\D34_V_indoor_move_0001.mp4;EVA-7K;D34;Apple;iPhone5;DIGITAL_CAMERA;INDOOR;MP4;NON-SN;False;KDENLIVE
C:\DB\EVA-7K\non-SN\subset_kdenlive\D34_V_indoor_move_0002.mp4;EVA-7K;D34;Apple;iPhone5;DIGITAL_CAMERA;INDOOR;MP4;NON-SN;False;KDENLIVE
C:\DB\EVA-7K\non-SN\subset_kdenlive\D34_V_outdoor_move_0001.mp4;EVA-7K;D34;Apple;iPhone5;DIGITAL_CAMERA;OUTDOOR;MP4;NON-SN;False;KDENLIVE
C:\DB\EVA-7K\non-SN\subset_kdenlive\D34_V_outdoor_move_0002.mp4;EVA-7K;D34;Apple;iPhone5;DIGITAL_CAMERA;OUTDOOR;MP4;NON-SN;False;KDENLIVE
C:\DB\EVA-7K\non-SN\subset_kdenlive\D35_V_outdoor_move_0001.mp4;EVA-7K;D35;Samsung;GalaxyTabA;DIGITAL_CAMERA;OUTDOOR;MP4;NON-SN;False;KDENLIVE
C:\DB\EVA-7K\non-SN\subset_kdenlive\D35_V_outdoor_move_0002.mp4;EVA-7K;D35;Samsung;GalaxyTabA;DIGITAL_CAMERA;OUTDOOR;MP4;NON-SN;False;KDENLIVE
C:\DB\EVA-7K\non-SN\subset_kdenlive\D35_V_outdoor_panrot_0001.mp4;EVA-7K;D35;Samsung;GalaxyTabA;DIGITAL_CAMERA;OUTDOOR;MP4;NON-SN;False;KDENLIVE
C:\DB\EVA-7K\non-SN\subset_kdenlive\D35_V_outdoor_panrot_0002.mp4;EVA-7K;D35;Samsung;GalaxyTabA;DIGITAL_CAMERA;OUTDOOR;MP4;NON-SN;False;KDENLIVE
C:\DB\EVA-7K\non-SN\subset_native\D01_V_indoor_move_0001.mp4;EVA-7K;D01;Samsung;GalaxyS3Mini;DIGITAL_CAMERA;INDOOR;MP4;NON-SN;False;NATIVE
C:\DB\EVA-7K\non-SN\subset_native\D01_V_indoor_move_0002.mp4;EVA-7K;D01;Samsung;GalaxyS3Mini;DIGITAL_CAMERA;INDOOR;MP4;NON-SN;False;NATIVE
C:\DB\EVA-7K\non-SN\subset_native\D01_V_outdoor_move_0001.mp4;EVA-7K;D01;Samsung;GalaxyS3Mini;DIGITAL_CAMERA;OUTDOOR;MP4;NON-SN;False;NATIVE
C:\DB\EVA-7K\non-SN\subset_native\D01_V_outdoor_move_0002.mp4;EVA-7K;D01;Samsung;GalaxyS3Mini;DIGITAL_CAMERA;OUTDOOR;MP4;NON-SN;False;NATIVE
C:\DB\EVA-7K\non-SN\subset_native\D02_V_indoor_move_0001.mov;EVA-7K;D02;Apple;iPhone4s;DIGITAL_CAMERA;INDOOR;MOV;NON-SN;False;NATIVE
C:\DB\EVA-7K\non-SN\subset_native\D02_V_indoor_panrot_0001.mov;EVA-7K;D02;Apple;iPhone4s;DIGITAL_CAMERA;INDOOR;MOV;NON-SN;False;NATIVE
C:\DB\EVA-7K\non-SN\subset_native\D02_V_outdoor_move_0001.mov;EVA-7K;D02;Apple;iPhone4s;DIGITAL_CAMERA;OUTDOOR;MOV;NON-SN;False;NATIVE
C:\DB\EVA-7K\non-SN\subset_native\D02_V_outdoor_panrot_0001.mov;EVA-7K;D02;Apple;iPhone4s;DIGITAL_CAMERA;OUTDOOR;MOV;NON-SN;False;NATIVE
C:\DB\EVA-7K\non-SN\subset_native\D03_V_indoor_move_0001.mp4;EVA-7K;D03;Huawei;P9;DIGITAL_CAMERA;INDOOR;MP4;NON-SN;False;NATIVE
C:\DB\EVA-7K\non-SN\subset_native\D03_V_indoor_move_0002.mp4;EVA-7K;D03;Huawei;P9;DIGITAL_CAMERA;INDOOR;MP4;NON-SN;False;NATIVE
C:\DB\EVA-7K\non-SN\subset_native\D03_V_outdoor_move_0001.mp4;EVA-7K;D03;Huawei;P9;DIGITAL_CAMERA;OUTDOOR;MP4;NON-SN;False;NATIVE
C:\DB\EVA-7K\non-SN\subset_native\D03_V_outdoor_move_0002.mp4;EVA-7K;D03;Huawei;P9;DIGITAL_CAMERA;OUTDOOR;MP4;NON-SN;False;NATIVE
C:\DB\EVA-7K\non-SN\subset_native\D04_V_indoor_move_0001.mp4;EVA-7K;D04;LG;D290;DIGITAL_CAMERA;INDOOR;MP4;NON-SN;False;NATIVE
C:\DB\EVA-7K\non-SN\subset_native\D04_V_indoor_move_0002.mp4;EVA-7K;D04;LG;D290;DIGITAL_CAMERA;INDOOR;MP4;NON-SN;False;NATIVE
C:\DB\EVA-7K\non-SN\subset_native\D04_V_outdoor_move_0001.mp4;EVA-7K;D04;LG;D290;DIGITAL_CAMERA;OUTDOOR;MP4;NON-SN;False;NATIVE
C:\DB\EVA-7K\non-SN\subset_native\D04_V_outdoor_move_0002.mp4;EVA-7K;D04;LG;D290;DIGITAL_CAMERA;OUTDOOR;MP4;NON-SN;False;NATIVE
C:\DB\EVA-7K\non-SN\subset_native\D05_V_indoor_move_0001.mov;EVA-7K;D05;Apple;iPhone5c;DIGITAL_CAMERA;INDOOR;MOV;NON-SN;False;NATIVE
C:\DB\EVA-7K\non-SN\subset_native\D05_V_indoor_move_0002.mov;EVA-7K;D05;Apple;iPhone5c;DIGITAL_CAMERA;INDOOR;MOV;NON-SN;False;NATIVE
C:\DB\EVA-7K\non-SN\subset_native\D05_V_outdoor_move_0001.mov;EVA-7K;D05;Apple;iPhone5c;DIGITAL_CAMERA;OUTDOOR;MOV;NON-SN;False;NATIVE
C:\DB\EVA-7K\non-SN\subset_native\D05_V_outdoor_move_0002.mov;EVA-7K;D05;Apple;iPhone5c;DIGITAL_CAMERA;OUTDOOR;MOV;NON-SN;False;NATIVE
C:\DB\EVA-7K\non-SN\subset_native\D06_V_indoor_move_0001.mov;EVA-7K;D06;Apple;iPhone6;DIGITAL_CAMERA;INDOOR;MOV;NON-SN;False;NATIVE
C:\DB\EVA-7K\non-SN\subset_native\D06_V_indoor_move_0002.mov;EVA-7K;D06;Apple;iPhone6;DIGITAL_CAMERA;INDOOR;MOV;NON-SN;False;NATIVE
C:\DB\EVA-7K\non-SN\subset_native\D06_V_outdoor_move_0001.mov;EVA-7K;D06;Apple;iPhone6;DIGITAL_CAMERA;OUTDOOR;MOV;NON-SN;False;NATIVE
C:\DB\EVA-7K\non-SN\subset_native\D06_V_outdoor_move_0002.mov;EVA-7K;D06;Apple;iPhone6;DIGITAL_CAMERA;OUTDOOR;MOV;NON-SN;False;NATIVE
C:\DB\EVA-7K\non-SN\subset_native\D08_V_indoor_move_0001.mp4;EVA-7K;D08;Samsung;GalaxyTab3;DIGITAL_CAMERA;INDOOR;MP4;NON-SN;False;NATIVE
C:\DB\EVA-7K\non-SN\subset_native\D08_V_indoor_move_0002.mp4;EVA-7K;D08;Samsung;GalaxyTab3;DIGITAL_CAMERA;INDOOR;MP4;NON-SN;False;NATIVE
C:\DB\EVA-7K\non-SN\subset_native\D08_V_outdoor_move_0001.mp4;EVA-7K;D08;Samsung;GalaxyTab3;DIGITAL_CAMERA;OUTDOOR;MP4;NON-SN;False;NATIVE
C:\DB\EVA-7K\non-SN\subset_native\D08_V_outdoor_move_0002.mp4;EVA-7K;D08;Samsung;GalaxyTab3;DIGITAL_CAMERA;OUTDOOR;MP4;NON-SN;False;NATIVE
C:\DB\EVA-7K\non-SN\subset_native\D09_V_indoor_move_0001.mov;EVA-7K;D09;Apple;iPhone4;DIGITAL_CAMERA;INDOOR;MOV;NON-SN;False;NATIVE
C:\DB\EVA-7K\non-SN\subset_native\D09_V_indoor_move_0002.mov;EVA-7K;D09;Apple;iPhone4;DIGITAL_CAMERA;INDOOR;MOV;NON-SN;False;NATIVE
C:\DB\EVA-7K\non-SN\subset_native\D09_V_outdoor_move_0001.mov;EVA-7K;D09;Apple;iPhone4;DIGITAL_CAMERA;OUTDOOR;MOV;NON-SN;False;NATIVE
C:\DB\EVA-7K\non-SN\subset_native\D09_V_outdoor_move_0002.mov;EVA-7K;D09;Apple;iPhone4;DIGITAL_CAMERA;OUTDOOR;MOV;NON-SN;False;NATIVE
C:\DB\EVA-7K\non-SN\subset_native\D10_V_indoor_move_0001.mov;EVA-7K;D10;Apple;iPhone4s;DIGITAL_CAMERA;INDOOR;MOV;NON-SN;False;NATIVE
C:\DB\EVA-7K\non-SN\subset_native\D10_V_indoor_move_0002.mov;EVA-7K;D10;Apple;iPhone4s;DIGITAL_CAMERA;INDOOR;MOV;NON-SN;False;NATIVE
C:\DB\EVA-7K\non-SN\subset_native\D10_V_outdoor_move_0001.mov;EVA-7K;D10;Apple;iPhone4s;DIGITAL_CAMERA;OUTDOOR;MOV;NON-SN;False;NATIVE
C:\DB\EVA-7K\non-SN\subset_native\D10_V_outdoor_panrot_0001.mov;EVA-7K;D10;Apple;iPhone4s;DIGITAL_CAMERA;OUTDOOR;MOV;NON-SN;False;NATIVE
C:\DB\EVA-7K\non-SN\subset_native\D11_V_indoor_move_0001.mp4;EVA-7K;D11;Samsung;GalaxyS3;DIGITAL_CAMERA;INDOOR;MP4;NON-SN;False;NATIVE
C:\DB\EVA-7K\non-SN\subset_native\D11_V_indoor_move_0002.mp4;EVA-7K;D11;Samsung;GalaxyS3;DIGITAL_CAMERA;INDOOR;MP4;NON-SN;False;NATIVE
C:\DB\EVA-7K\non-SN\subset_native\D11_V_outdoor_move_0001.mp4;EVA-7K;D11;Samsung;GalaxyS3;DIGITAL_CAMERA;OUTDOOR;MP4;NON-SN;False;NATIVE
C:\DB\EVA-7K\non-SN\subset_native\D11_V_outdoor_move_0002.mp4;EVA-7K;D11;Samsung;GalaxyS3;DIGITAL_CAMERA;OUTDOOR;MP4;NON-SN;False;NATIVE
C:\DB\EVA-7K\non-SN\subset_native\D12_V_indoor_move_0001.mp4;EVA-7K;D12;Sony;XperiaZ1Compact;DIGITAL_CAMERA;INDOOR;MP4;NON-SN;False;NATIVE
C:\DB\EVA-7K\non-SN\subset_native\D12_V_indoor_move_0002.mp4;EVA-7K;D12;Sony;XperiaZ1Compact;DIGITAL_CAMERA;INDOOR;MP4;NON-SN;False;NATIVE
C:\DB\EVA-7K\non-SN\subset_native\D12_V_outdoor_move_0001.mp4;EVA-7K;D12;Sony;XperiaZ1Compact;DIGITAL_CAMERA;OUTDOOR;MP4;NON-SN;False;NATIVE
C:\DB\EVA-7K\non-SN\subset_native\D12_V_outdoor_move_0002.mp4;EVA-7K;D12;Sony;XperiaZ1Compact;DIGITAL_CAMERA;OUTDOOR;MP4;NON-SN;False;NATIVE
C:\DB\EVA-7K\non-SN\subset_native\D13_V_indoor_move_0001.mov;EVA-7K;D13;Apple;iPad2;DIGITAL_CAMERA;INDOOR;MOV;NON-SN;False;NATIVE
C:\DB\EVA-7K\non-SN\subset_native\D13_V_indoor_move_0002.mov;EVA-7K;D13;Apple;iPad2;DIGITAL_CAMERA;INDOOR;MOV;NON-SN;False;NATIVE
C:\DB\EVA-7K\non-SN\subset_native\D13_V_outdoor_move_0001.mov;EVA-7K;D13;Apple;iPad2;DIGITAL_CAMERA;OUTDOOR;MOV;NON-SN;False;NATIVE
C:\DB\EVA-7K\non-SN\subset_native\D13_V_outdoor_move_0002.mov;EVA-7K;D13;Apple;iPad2;DIGITAL_CAMERA;OUTDOOR;MOV;NON-SN;False;NATIVE
C:\DB\EVA-7K\non-SN\subset_native\D14_V_indoor_move_0001.mov;EVA-7K;D14;Apple;iPhone5c;DIGITAL_CAMERA;INDOOR;MOV;NON-SN;False;NATIVE
C:\DB\EVA-7K\non-SN\subset_native\D14_V_indoor_move_0002.mov;EVA-7K;D14;Apple;iPhone5c;DIGITAL_CAMERA;INDOOR;MOV;NON-SN;False;NATIVE
C:\DB\EVA-7K\non-SN\subset_native\D14_V_outdoor_move_0001.mov;EVA-7K;D14;Apple;iPhone5c;DIGITAL_CAMERA;OUTDOOR;MOV;NON-SN;False;NATIVE
C:\DB\EVA-7K\non-SN\subset_native\D14_V_outdoor_move_0002.mov;EVA-7K;D14;Apple;iPhone5c;DIGITAL_CAMERA;OUTDOOR;MOV;NON-SN;False;NATIVE
C:\DB\EVA-7K\non-SN\subset_native\D15_V_indoor_move_0001.mov;EVA-7K;D15;Apple;iPhone6;DIGITAL_CAMERA;INDOOR;MOV;NON-SN;False;NATIVE
C:\DB\EVA-7K\non-SN\subset_native\D15_V_indoor_move_0002.mov;EVA-7K;D15;Apple;iPhone6;DIGITAL_CAMERA;INDOOR;MOV;NON-SN;False;NATIVE
C:\DB\EVA-7K\non-SN\subset_native\D15_V_outdoor_move_0001.mov;EVA-7K;D15;Apple;iPhone6;DIGITAL_CAMERA;OUTDOOR;MOV;NON-SN;False;NATIVE
C:\DB\EVA-7K\non-SN\subset_native\D15_V_outdoor_move_0002.mov;EVA-7K;D15;Apple;iPhone6;DIGITAL_CAMERA;OUTDOOR;MOV;NON-SN;False;NATIVE
C:\DB\EVA-7K\non-SN\subset_native\D16_V_indoor_move_0001.mp4;EVA-7K;D16;Huawei;P9lite;DIGITAL_CAMERA;INDOOR;MP4;NON-SN;False;NATIVE
C:\DB\EVA-7K\non-SN\subset_native\D16_V_indoor_move_0002.mp4;EVA-7K;D16;Huawei;P9lite;DIGITAL_CAMERA;INDOOR;MP4;NON-SN;False;NATIVE
C:\DB\EVA-7K\non-SN\subset_native\D16_V_outdoor_move_0001.mp4;EVA-7K;D16;Huawei;P9lite;DIGITAL_CAMERA;OUTDOOR;MP4;NON-SN;False;NATIVE
C:\DB\EVA-7K\non-SN\subset_native\D16_V_outdoor_move_0002.mp4;EVA-7K;D16;Huawei;P9lite;DIGITAL_CAMERA;OUTDOOR;MP4;NON-SN;False;NATIVE
C:\DB\EVA-7K\non-SN\subset_native\D17_V_indoor_move_0001.mp4;EVA-7K;D17;Microsoft;Lumia640LTE;DIGITAL_CAMERA;INDOOR;MP4;NON-SN;False;NATIVE
C:\DB\EVA-7K\non-SN\subset_native\D17_V_indoor_panrot_0001.mp4;EVA-7K;D17;Microsoft;Lumia640LTE;DIGITAL_CAMERA;INDOOR;MP4;NON-SN;False;NATIVE
C:\DB\EVA-7K\non-SN\subset_native\D17_V_outdoor_move_0001.mp4;EVA-7K;D17;Microsoft;Lumia640LTE;DIGITAL_CAMERA;OUTDOOR;MP4;NON-SN;False;NATIVE
C:\DB\EVA-7K\non-SN\subset_native\D17_V_outdoor_panrot_0001.mp4;EVA-7K;D17;Microsoft;Lumia640LTE;DIGITAL_CAMERA;OUTDOOR;MP4;NON-SN;False;NATIVE
C:\DB\EVA-7K\non-SN\subset_native\D18_V_indoor_move_0001.mov;EVA-7K;D18;Apple;iPhone5c;DIGITAL_CAMERA;INDOOR;MOV;NON-SN;False;NATIVE
C:\DB\EVA-7K\non-SN\subset_native\D18_V_indoor_panrot_0001.mov;EVA-7K;D18;Apple;iPhone5c;DIGITAL_CAMERA;INDOOR;MOV;NON-SN;False;NATIVE
C:\DB\EVA-7K\non-SN\subset_native\D18_V_outdoor_move_0001.mov;EVA-7K;D18;Apple;iPhone5c;DIGITAL_CAMERA;OUTDOOR;MOV;NON-SN;False;NATIVE
C:\DB\EVA-7K\non-SN\subset_native\D18_V_outdoor_panrot_0001.mov;EVA-7K;D18;Apple;iPhone5c;DIGITAL_CAMERA;OUTDOOR;MOV;NON-SN;False;NATIVE
C:\DB\EVA-7K\non-SN\subset_native\D19_V_indoor_move_0001.mov;EVA-7K;D19;Apple;iPhone6Plus;DIGITAL_CAMERA;INDOOR;MOV;NON-SN;False;NATIVE
C:\DB\EVA-7K\non-SN\subset_native\D19_V_indoor_move_0002.mov;EVA-7K;D19;Apple;iPhone6Plus;DIGITAL_CAMERA;INDOOR;MOV;NON-SN;False;NATIVE
C:\DB\EVA-7K\non-SN\subset_native\D19_V_outdoor_move_0001.mov;EVA-7K;D19;Apple;iPhone6Plus;DIGITAL_CAMERA;OUTDOOR;MOV;NON-SN;False;NATIVE
C:\DB\EVA-7K\non-SN\subset_native\D19_V_outdoor_move_0002.mov;EVA-7K;D19;Apple;iPhone6Plus;DIGITAL_CAMERA;OUTDOOR;MOV;NON-SN;False;NATIVE
C:\DB\EVA-7K\non-SN\subset_native\D20_V_indoor_move_0001.mov;EVA-7K;D20;Apple;iPadmini;DIGITAL_CAMERA;INDOOR;MOV;NON-SN;False;NATIVE
C:\DB\EVA-7K\non-SN\subset_native\D20_V_indoor_move_0002.mov;EVA-7K;D20;Apple;iPadmini;DIGITAL_CAMERA;INDOOR;MOV;NON-SN;False;NATIVE
C:\DB\EVA-7K\non-SN\subset_native\D20_V_outdoor_move_0001.mov;EVA-7K;D20;Apple;iPadmini;DIGITAL_CAMERA;OUTDOOR;MOV;NON-SN;False;NATIVE
C:\DB\EVA-7K\non-SN\subset_native\D20_V_outdoor_move_0002.mov;EVA-7K;D20;Apple;iPadmini;DIGITAL_CAMERA;OUTDOOR;MOV;NON-SN;False;NATIVE
C:\DB\EVA-7K\non-SN\subset_native\D21_V_indoor_move_0001.mp4;EVA-7K;D21;Wiko;Ridge4G;DIGITAL_CAMERA;INDOOR;MP4;NON-SN;False;NATIVE
C:\DB\EVA-7K\non-SN\subset_native\D21_V_indoor_panrot_0001.mp4;EVA-7K;D21;Wiko;Ridge4G;DIGITAL_CAMERA;INDOOR;MP4;NON-SN;False;NATIVE
C:\DB\EVA-7K\non-SN\subset_native\D21_V_outdoor_move_0001.mp4;EVA-7K;D21;Wiko;Ridge4G;DIGITAL_CAMERA;OUTDOOR;MP4;NON-SN;False;NATIVE
C:\DB\EVA-7K\non-SN\subset_native\D21_V_outdoor_panrot_0001.mp4;EVA-7K;D21;Wiko;Ridge4G;DIGITAL_CAMERA;OUTDOOR;MP4;NON-SN;False;NATIVE
C:\DB\EVA-7K\non-SN\subset_native\D22_V_indoor_move_0001.mp4;EVA-7K;D22;Samsung;GalaxyTrendPlus;DIGITAL_CAMERA;INDOOR;MP4;NON-SN;False;NATIVE
C:\DB\EVA-7K\non-SN\subset_native\D22_V_indoor_move_0002.mp4;EVA-7K;D22;Samsung;GalaxyTrendPlus;DIGITAL_CAMERA;INDOOR;MP4;NON-SN;False;NATIVE
C:\DB\EVA-7K\non-SN\subset_native\D22_V_outdoor_move_0001.mp4;EVA-7K;D22;Samsung;GalaxyTrendPlus;DIGITAL_CAMERA;OUTDOOR;MP4;NON-SN;False;NATIVE
C:\DB\EVA-7K\non-SN\subset_native\D22_V_outdoor_move_0002.mp4;EVA-7K;D22;Samsung;GalaxyTrendPlus;DIGITAL_CAMERA;OUTDOOR;MP4;NON-SN;False;NATIVE
C:\DB\EVA-7K\non-SN\subset_native\D23_V_indoor_move_0001.mp4;EVA-7K;D23;Asus;Zenfone2Laser;DIGITAL_CAMERA;INDOOR;MP4;NON-SN;False;NATIVE
C:\DB\EVA-7K\non-SN\subset_native\D23_V_indoor_move_0002.mp4;EVA-7K;D23;Asus;Zenfone2Laser;DIGITAL_CAMERA;INDOOR;MP4;NON-SN;False;NATIVE
C:\DB\EVA-7K\non-SN\subset_native\D23_V_outdoor_move_0001.mp4;EVA-7K;D23;Asus;Zenfone2Laser;DIGITAL_CAMERA;OUTDOOR;MP4;NON-SN;False;NATIVE
C:\DB\EVA-7K\non-SN\subset_native\D23_V_outdoor_move_0002.mp4;EVA-7K;D23;Asus;Zenfone2Laser;DIGITAL_CAMERA;OUTDOOR;MP4;NON-SN;False;NATIVE
C:\DB\EVA-7K\non-SN\subset_native\D24_V_indoor_move_0001.mp4;EVA-7K;D24;Xiaomi;RedmiNote3;DIGITAL_CAMERA;INDOOR;MP4;NON-SN;False;NATIVE
C:\DB\EVA-7K\non-SN\subset_native\D24_V_indoor_move_0002.mp4;EVA-7K;D24;Xiaomi;RedmiNote3;DIGITAL_CAMERA;INDOOR;MP4;NON-SN;False;NATIVE
C:\DB\EVA-7K\non-SN\subset_native\D24_V_outdoor_move_0001.mp4;EVA-7K;D24;Xiaomi;RedmiNote3;DIGITAL_CAMERA;OUTDOOR;MP4;NON-SN;False;NATIVE
C:\DB\EVA-7K\non-SN\subset_native\D24_V_outdoor_move_0002.mp4;EVA-7K;D24;Xiaomi;RedmiNote3;DIGITAL_CAMERA;OUTDOOR;MP4;NON-SN;False;NATIVE
C:\DB\EVA-7K\non-SN\subset_native\D25_V_indoor_move_0001.mp4;EVA-7K;D25;OnePlus;A3000;DIGITAL_CAMERA;INDOOR;MP4;NON-SN;False;NATIVE
C:\DB\EVA-7K\non-SN\subset_native\D25_V_indoor_move_0002.mp4;EVA-7K;D25;OnePlus;A3000;DIGITAL_CAMERA;INDOOR;MP4;NON-SN;False;NATIVE
C:\DB\EVA-7K\non-SN\subset_native\D25_V_outdoor_move_0001.mp4;EVA-7K;D25;OnePlus;A3000;DIGITAL_CAMERA;OUTDOOR;MP4;NON-SN;False;NATIVE
C:\DB\EVA-7K\non-SN\subset_native\D25_V_outdoor_move_0002.mp4;EVA-7K;D25;OnePlus;A3000;DIGITAL_CAMERA;OUTDOOR;MP4;NON-SN;False;NATIVE
C:\DB\EVA-7K\non-SN\subset_native\D26_V_indoor_move_0001.mp4;EVA-7K;D26;Samsung;GalaxyS3Mini;DIGITAL_CAMERA;INDOOR;MP4;NON-SN;False;NATIVE
C:\DB\EVA-7K\non-SN\subset_native\D26_V_indoor_move_0002.mp4;EVA-7K;D26;Samsung;GalaxyS3Mini;DIGITAL_CAMERA;INDOOR;MP4;NON-SN;False;NATIVE
C:\DB\EVA-7K\non-SN\subset_native\D26_V_outdoor_move_0001.mp4;EVA-7K;D26;Samsung;GalaxyS3Mini;DIGITAL_CAMERA;OUTDOOR;MP4;NON-SN;False;NATIVE
C:\DB\EVA-7K\non-SN\subset_native\D26_V_outdoor_move_0002.mp4;EVA-7K;D26;Samsung;GalaxyS3Mini;DIGITAL_CAMERA;OUTDOOR;MP4;NON-SN;False;NATIVE
C:\DB\EVA-7K\non-SN\subset_native\D27_V_indoor_move_0001.mp4;EVA-7K;D27;Samsung;GalaxyS5;DIGITAL_CAMERA;INDOOR;MP4;NON-SN;False;NATIVE
C:\DB\EVA-7K\non-SN\subset_native\D27_V_indoor_move_0002.mp4;EVA-7K;D27;Samsung;GalaxyS5;DIGITAL_CAMERA;INDOOR;MP4;NON-SN;False;NATIVE
C:\DB\EVA-7K\non-SN\subset_native\D27_V_outdoor_move_0001.mp4;EVA-7K;D27;Samsung;GalaxyS5;DIGITAL_CAMERA;OUTDOOR;MP4;NON-SN;False;NATIVE
C:\DB\EVA-7K\non-SN\subset_native\D27_V_outdoor_move_0002.mp4;EVA-7K;D27;Samsung;GalaxyS5;DIGITAL_CAMERA;OUTDOOR;MP4;NON-SN;False;NATIVE
C:\DB\EVA-7K\non-SN\subset_native\D28_V_indoor_move_0001.mp4;EVA-7K;D28;Huawei;P89;DIGITAL_CAMERA;INDOOR;MP4;NON-SN;False;NATIVE
C:\DB\EVA-7K\non-SN\subset_native\D28_V_indoor_move_0002.mp4;EVA-7K;D28;Huawei;P89;DIGITAL_CAMERA;INDOOR;MP4;NON-SN;False;NATIVE
C:\DB\EVA-7K\non-SN\subset_native\D28_V_outdoor_move_0001.mp4;EVA-7K;D28;Huawei;P89;DIGITAL_CAMERA;OUTDOOR;MP4;NON-SN;False;NATIVE
C:\DB\EVA-7K\non-SN\subset_native\D28_V_outdoor_move_0002.mp4;EVA-7K;D28;Huawei;P89;DIGITAL_CAMERA;OUTDOOR;MP4;NON-SN;False;NATIVE
C:\DB\EVA-7K\non-SN\subset_native\D29_V_indoor_move_0001.mov;EVA-7K;D29;Apple;iPhone5;DIGITAL_CAMERA;INDOOR;MOV;NON-SN;False;NATIVE
C:\DB\EVA-7K\non-SN\subset_native\D29_V_indoor_move_0002.mov;EVA-7K;D29;Apple;iPhone5;DIGITAL_CAMERA;INDOOR;MOV;NON-SN;False;NATIVE
C:\DB\EVA-7K\non-SN\subset_native\D29_V_outdoor_move_0001.mov;EVA-7K;D29;Apple;iPhone5;DIGITAL_CAMERA;OUTDOOR;MOV;NON-SN;False;NATIVE
C:\DB\EVA-7K\non-SN\subset_native\D29_V_outdoor_move_0002.mov;EVA-7K;D29;Apple;iPhone5;DIGITAL_CAMERA;OUTDOOR;MOV;NON-SN;False;NATIVE
C:\DB\EVA-7K\non-SN\subset_native\D30_V_indoor_move_0001.mp4;EVA-7K;D30;Huawei;Honor5;DIGITAL_CAMERA;INDOOR;MP4;NON-SN;False;NATIVE
C:\DB\EVA-7K\non-SN\subset_native\D30_V_indoor_move_0002.mp4;EVA-7K;D30;Huawei;Honor5;DIGITAL_CAMERA;INDOOR;MP4;NON-SN;False;NATIVE
C:\DB\EVA-7K\non-SN\subset_native\D30_V_outdoor_move_0001.mp4;EVA-7K;D30;Huawei;Honor5;DIGITAL_CAMERA;OUTDOOR;MP4;NON-SN;False;NATIVE
C:\DB\EVA-7K\non-SN\subset_native\D30_V_outdoor_move_0002.mp4;EVA-7K;D30;Huawei;Honor5;DIGITAL_CAMERA;OUTDOOR;MP4;NON-SN;False;NATIVE
C:\DB\EVA-7K\non-SN\subset_native\D31_V_indoor_move_0001.mp4;EVA-7K;D31;Samsung;GalaxyS4Mini;DIGITAL_CAMERA;INDOOR;MP4;NON-SN;False;NATIVE
C:\DB\EVA-7K\non-SN\subset_native\D31_V_indoor_move_0002.mp4;EVA-7K;D31;Samsung;GalaxyS4Mini;DIGITAL_CAMERA;INDOOR;MP4;NON-SN;False;NATIVE
C:\DB\EVA-7K\non-SN\subset_native\D31_V_outdoor_move_0001.mp4;EVA-7K;D31;Samsung;GalaxyS4Mini;DIGITAL_CAMERA;OUTDOOR;MP4;NON-SN;False;NATIVE
C:\DB\EVA-7K\non-SN\subset_native\D31_V_outdoor_move_0002.mp4;EVA-7K;D31;Samsung;GalaxyS4Mini;DIGITAL_CAMERA;OUTDOOR;MP4;NON-SN;False;NATIVE
C:\DB\EVA-7K\non-SN\subset_native\D32_V_indoor_move_0001.mp4;EVA-7K;D32;OnePlus;A3003;DIGITAL_CAMERA;INDOOR;MP4;NON-SN;False;NATIVE
C:\DB\EVA-7K\non-SN\subset_native\D32_V_indoor_move_0002.mp4;EVA-7K;D32;OnePlus;A3003;DIGITAL_CAMERA;INDOOR;MP4;NON-SN;False;NATIVE
C:\DB\EVA-7K\non-SN\subset_native\D32_V_outdoor_move_0001.mp4;EVA-7K;D32;OnePlus;A3003;DIGITAL_CAMERA;OUTDOOR;MP4;NON-SN;False;NATIVE
C:\DB\EVA-7K\non-SN\subset_native\D32_V_outdoor_move_0002.mp4;EVA-7K;D32;OnePlus;A3003;DIGITAL_CAMERA;OUTDOOR;MP4;NON-SN;False;NATIVE
C:\DB\EVA-7K\non-SN\subset_native\D33_V_indoor_move_0001.mp4;EVA-7K;D33;Huawei;AscendG6;DIGITAL_CAMERA;INDOOR;MP4;NON-SN;False;NATIVE
C:\DB\EVA-7K\non-SN\subset_native\D33_V_indoor_move_0002.mp4;EVA-7K;D33;Huawei;AscendG6;DIGITAL_CAMERA;INDOOR;MP4;NON-SN;False;NATIVE
C:\DB\EVA-7K\non-SN\subset_native\D33_V_outdoor_move_0001.mp4;EVA-7K;D33;Huawei;AscendG6;DIGITAL_CAMERA;OUTDOOR;MP4;NON-SN;False;NATIVE
C:\DB\EVA-7K\non-SN\subset_native\D33_V_outdoor_move_0002.mp4;EVA-7K;D33;Huawei;AscendG6;DIGITAL_CAMERA;OUTDOOR;MP4;NON-SN;False;NATIVE
C:\DB\EVA-7K\non-SN\subset_native\D34_V_indoor_move_0001.mov;EVA-7K;D34;Apple;iPhone5;DIGITAL_CAMERA;INDOOR;MOV;NON-SN;False;NATIVE
C:\DB\EVA-7K\non-SN\subset_native\D34_V_indoor_move_0002.mov;EVA-7K;D34;Apple;iPhone5;DIGITAL_CAMERA;INDOOR;MOV;NON-SN;False;NATIVE
C:\DB\EVA-7K\non-SN\subset_native\D34_V_outdoor_move_0001.mov;EVA-7K;D34;Apple;iPhone5;DIGITAL_CAMERA;OUTDOOR;MOV;NON-SN;False;NATIVE
C:\DB\EVA-7K\non-SN\subset_native\D34_V_outdoor_move_0002.mov;EVA-7K;D34;Apple;iPhone5;DIGITAL_CAMERA;OUTDOOR;MOV;NON-SN;False;NATIVE
C:\DB\EVA-7K\non-SN\subset_native\D35_V_outdoor_move_0001.mp4;EVA-7K;D35;Samsung;GalaxyTabA;DIGITAL_CAMERA;OUTDOOR;MP4;NON-SN;False;NATIVE
C:\DB\EVA-7K\non-SN\subset_native\D35_V_outdoor_move_0002.mp4;EVA-7K;D35;Samsung;GalaxyTabA;DIGITAL_CAMERA;OUTDOOR;MP4;NON-SN;False;NATIVE
C:\DB\EVA-7K\non-SN\subset_native\D35_V_outdoor_panrot_0001.mp4;EVA-7K;D35;Samsung;GalaxyTabA;DIGITAL_CAMERA;OUTDOOR;MP4;NON-SN;False;NATIVE
C:\DB\EVA-7K\non-SN\subset_native\D35_V_outdoor_panrot_0002.mp4;EVA-7K;D35;Samsung;GalaxyTabA;DIGITAL_CAMERA;OUTDOOR;MP4;NON-SN;False;NATIVE
C:\DB\EVA-7K\non-SN\subset_premiere\D01_V_indoor_move_0001.mp4;EVA-7K;D01;Samsung;GalaxyS3Mini;DIGITAL_CAMERA;INDOOR;MP4;NON-SN;False;PREMIERE
C:\DB\EVA-7K\non-SN\subset_premiere\D01_V_indoor_move_0002.mp4;EVA-7K;D01;Samsung;GalaxyS3Mini;DIGITAL_CAMERA;INDOOR;MP4;NON-SN;False;PREMIERE
C:\DB\EVA-7K\non-SN\subset_premiere\D01_V_outdoor_move_0001.mp4;EVA-7K;D01;Samsung;GalaxyS3Mini;DIGITAL_CAMERA;OUTDOOR;MP4;NON-SN;False;PREMIERE
C:\DB\EVA-7K\non-SN\subset_premiere\D01_V_outdoor_move_0002.mp4;EVA-7K;D01;Samsung;GalaxyS3Mini;DIGITAL_CAMERA;OUTDOOR;MP4;NON-SN;False;PREMIERE
C:\DB\EVA-7K\non-SN\subset_premiere\D02_V_indoor_move_0001.mp4;EVA-7K;D02;Apple;iPhone4s;DIGITAL_CAMERA;INDOOR;MP4;NON-SN;False;PREMIERE
C:\DB\EVA-7K\non-SN\subset_premiere\D02_V_indoor_panrot_0001.mp4;EVA-7K;D02;Apple;iPhone4s;DIGITAL_CAMERA;INDOOR;MP4;NON-SN;False;PREMIERE
C:\DB\EVA-7K\non-SN\subset_premiere\D02_V_outdoor_move_0001.mp4;EVA-7K;D02;Apple;iPhone4s;DIGITAL_CAMERA;OUTDOOR;MP4;NON-SN;False;PREMIERE
C:\DB\EVA-7K\non-SN\subset_premiere\D02_V_outdoor_panrot_0001.mp4;EVA-7K;D02;Apple;iPhone4s;DIGITAL_CAMERA;OUTDOOR;MP4;NON-SN;False;PREMIERE
C:\DB\EVA-7K\non-SN\subset_premiere\D03_V_indoor_move_0001.mp4;EVA-7K;D03;Huawei;P9;DIGITAL_CAMERA;INDOOR;MP4;NON-SN;False;PREMIERE
C:\DB\EVA-7K\non-SN\subset_premiere\D03_V_indoor_move_0002.mp4;EVA-7K;D03;Huawei;P9;DIGITAL_CAMERA;INDOOR;MP4;NON-SN;False;PREMIERE
C:\DB\EVA-7K\non-SN\subset_premiere\D03_V_outdoor_move_0001.mp4;EVA-7K;D03;Huawei;P9;DIGITAL_CAMERA;OUTDOOR;MP4;NON-SN;False;PREMIERE
C:\DB\EVA-7K\non-SN\subset_premiere\D03_V_outdoor_move_0002.mp4;EVA-7K;D03;Huawei;P9;DIGITAL_CAMERA;OUTDOOR;MP4;NON-SN;False;PREMIERE
C:\DB\EVA-7K\non-SN\subset_premiere\D04_V_indoor_move_0001.mp4;EVA-7K;D04;LG;D290;DIGITAL_CAMERA;INDOOR;MP4;NON-SN;False;PREMIERE
C:\DB\EVA-7K\non-SN\subset_premiere\D04_V_indoor_move_0002.mp4;EVA-7K;D04;LG;D290;DIGITAL_CAMERA;INDOOR;MP4;NON-SN;False;PREMIERE
C:\DB\EVA-7K\non-SN\subset_premiere\D04_V_outdoor_move_0001.mp4;EVA-7K;D04;LG;D290;DIGITAL_CAMERA;OUTDOOR;MP4;NON-SN;False;PREMIERE
C:\DB\EVA-7K\non-SN\subset_premiere\D04_V_outdoor_move_0002.mp4;EVA-7K;D04;LG;D290;DIGITAL_CAMERA;OUTDOOR;MP4;NON-SN;False;PREMIERE
C:\DB\EVA-7K\non-SN\subset_premiere\D05_V_indoor_move_0001.mp4;EVA-7K;D05;Apple;iPhone5c;DIGITAL_CAMERA;INDOOR;MP4;NON-SN;False;PREMIERE
C:\DB\EVA-7K\non-SN\subset_premiere\D05_V_indoor_move_0002.mp4;EVA-7K;D05;Apple;iPhone5c;DIGITAL_CAMERA;INDOOR;MP4;NON-SN;False;PREMIERE
C:\DB\EVA-7K\non-SN\subset_premiere\D05_V_outdoor_move_0001.mp4;EVA-7K;D05;Apple;iPhone5c;DIGITAL_CAMERA;OUTDOOR;MP4;NON-SN;False;PREMIERE
C:\DB\EVA-7K\non-SN\subset_premiere\D05_V_outdoor_move_0002.mp4;EVA-7K;D05;Apple;iPhone5c;DIGITAL_CAMERA;OUTDOOR;MP4;NON-SN;False;PREMIERE
C:\DB\EVA-7K\non-SN\subset_premiere\D06_V_indoor_move_0001.mp4;EVA-7K;D06;Apple;iPhone6;DIGITAL_CAMERA;INDOOR;MP4;NON-SN;False;PREMIERE
C:\DB\EVA-7K\non-SN\subset_premiere\D06_V_indoor_move_0002.mp4;EVA-7K;D06;Apple;iPhone6;DIGITAL_CAMERA;INDOOR;MP4;NON-SN;False;PREMIERE
C:\DB\EVA-7K\non-SN\subset_premiere\D06_V_outdoor_move_0001.mp4;EVA-7K;D06;Apple;iPhone6;DIGITAL_CAMERA;OUTDOOR;MP4;NON-SN;False;PREMIERE
C:\DB\EVA-7K\non-SN\subset_premiere\D06_V_outdoor_move_0002.mp4;EVA-7K;D06;Apple;iPhone6;DIGITAL_CAMERA;OUTDOOR;MP4;NON-SN;False;PREMIERE
C:\DB\EVA-7K\non-SN\subset_premiere\D07_V_indoor_move_0001.mp4;EVA-7K;D07;Lenovo;P70A;DIGITAL_CAMERA;INDOOR;MP4;NON-SN;False;PREMIERE
C:\DB\EVA-7K\non-SN\subset_premiere\D07_V_indoor_move_0002.mp4;EVA-7K;D07;Lenovo;P70A;DIGITAL_CAMERA;INDOOR;MP4;NON-SN;False;PREMIERE
C:\DB\EVA-7K\non-SN\subset_premiere\D07_V_outdoor_move_0001.mp4;EVA-7K;D07;Lenovo;P70A;DIGITAL_CAMERA;OUTDOOR;MP4;NON-SN;False;PREMIERE
C:\DB\EVA-7K\non-SN\subset_premiere\D07_V_outdoor_move_0002.mp4;EVA-7K;D07;Lenovo;P70A;DIGITAL_CAMERA;OUTDOOR;MP4;NON-SN;False;PREMIERE
C:\DB\EVA-7K\non-SN\subset_premiere\D08_V_indoor_move_0001.mp4;EVA-7K;D08;Samsung;GalaxyTab3;DIGITAL_CAMERA;INDOOR;MP4;NON-SN;False;PREMIERE
C:\DB\EVA-7K\non-SN\subset_premiere\D08_V_indoor_move_0002.mp4;EVA-7K;D08;Samsung;GalaxyTab3;DIGITAL_CAMERA;INDOOR;MP4;NON-SN;False;PREMIERE
C:\DB\EVA-7K\non-SN\subset_premiere\D08_V_outdoor_move_0001.mp4;EVA-7K;D08;Samsung;GalaxyTab3;DIGITAL_CAMERA;OUTDOOR;MP4;NON-SN;False;PREMIERE
C:\DB\EVA-7K\non-SN\subset_premiere\D08_V_outdoor_move_0002.mp4;EVA-7K;D08;Samsung;GalaxyTab3;DIGITAL_CAMERA;OUTDOOR;MP4;NON-SN;False;PREMIERE
C:\DB\EVA-7K\non-SN\subset_premiere\D09_V_indoor_move_0001.mp4;EVA-7K;D09;Apple;iPhone4;DIGITAL_CAMERA;INDOOR;MP4;NON-SN;False;PREMIERE
C:\DB\EVA-7K\non-SN\subset_premiere\D09_V_indoor_move_0002.mp4;EVA-7K;D09;Apple;iPhone4;DIGITAL_CAMERA;INDOOR;MP4;NON-SN;False;PREMIERE
C:\DB\EVA-7K\non-SN\subset_premiere\D09_V_outdoor_move_0001.mp4;EVA-7K;D09;Apple;iPhone4;DIGITAL_CAMERA;OUTDOOR;MP4;NON-SN;False;PREMIERE
C:\DB\EVA-7K\non-SN\subset_premiere\D09_V_outdoor_move_0002.mp4;EVA-7K;D09;Apple;iPhone4;DIGITAL_CAMERA;OUTDOOR;MP4;NON-SN;False;PREMIERE
C:\DB\EVA-7K\non-SN\subset_premiere\D10_V_indoor_move_0001.mp4;EVA-7K;D10;Apple;iPhone4s;DIGITAL_CAMERA;INDOOR;MP4;NON-SN;False;PREMIERE
C:\DB\EVA-7K\non-SN\subset_premiere\D10_V_indoor_move_0002.mp4;EVA-7K;D10;Apple;iPhone4s;DIGITAL_CAMERA;INDOOR;MP4;NON-SN;False;PREMIERE
C:\DB\EVA-7K\non-SN\subset_premiere\D10_V_outdoor_move_0001.mp4;EVA-7K;D10;Apple;iPhone4s;DIGITAL_CAMERA;OUTDOOR;MP4;NON-SN;False;PREMIERE
C:\DB\EVA-7K\non-SN\subset_premiere\D10_V_outdoor_panrot_0001.mp4;EVA-7K;D10;Apple;iPhone4s;DIGITAL_CAMERA;OUTDOOR;MP4;NON-SN;False;PREMIERE
C:\DB\EVA-7K\non-SN\subset_premiere\D11_V_indoor_move_0001.mp4;EVA-7K;D11;Samsung;GalaxyS3;DIGITAL_CAMERA;INDOOR;MP4;NON-SN;False;PREMIERE
C:\DB\EVA-7K\non-SN\subset_premiere\D11_V_indoor_move_0002.mp4;EVA-7K;D11;Samsung;GalaxyS3;DIGITAL_CAMERA;INDOOR;MP4;NON-SN;False;PREMIERE
C:\DB\EVA-7K\non-SN\subset_premiere\D11_V_outdoor_move_0001.mp4;EVA-7K;D11;Samsung;GalaxyS3;DIGITAL_CAMERA;OUTDOOR;MP4;NON-SN;False;PREMIERE
C:\DB\EVA-7K\non-SN\subset_premiere\D11_V_outdoor_move_0002.mp4;EVA-7K;D11;Samsung;GalaxyS3;DIGITAL_CAMERA;OUTDOOR;MP4;NON-SN;False;PREMIERE
C:\DB\EVA-7K\non-SN\subset_premiere\D12_V_indoor_move_0001.mp4;EVA-7K;D12;Sony;XperiaZ1Compact;DIGITAL_CAMERA;INDOOR;MP4;NON-SN;False;PREMIERE
C:\DB\EVA-7K\non-SN\subset_premiere\D12_V_indoor_move_0002.mp4;EVA-7K;D12;Sony;XperiaZ1Compact;DIGITAL_CAMERA;INDOOR;MP4;NON-SN;False;PREMIERE
C:\DB\EVA-7K\non-SN\subset_premiere\D12_V_outdoor_move_0001.mp4;EVA-7K;D12;Sony;XperiaZ1Compact;DIGITAL_CAMERA;OUTDOOR;MP4;NON-SN;False;PREMIERE
C:\DB\EVA-7K\non-SN\subset_premiere\D12_V_outdoor_move_0002.mp4;EVA-7K;D12;Sony;XperiaZ1Compact;DIGITAL_CAMERA;OUTDOOR;MP4;NON-SN;False;PREMIERE
C:\DB\EVA-7K\non-SN\subset_premiere\D13_V_indoor_move_0001.mp4;EVA-7K;D13;Apple;iPad2;DIGITAL_CAMERA;INDOOR;MP4;NON-SN;False;PREMIERE
C:\DB\EVA-7K\non-SN\subset_premiere\D13_V_indoor_move_0002.mp4;EVA-7K;D13;Apple;iPad2;DIGITAL_CAMERA;INDOOR;MP4;NON-SN;False;PREMIERE
C:\DB\EVA-7K\non-SN\subset_premiere\D13_V_outdoor_move_0001.mp4;EVA-7K;D13;Apple;iPad2;DIGITAL_CAMERA;OUTDOOR;MP4;NON-SN;False;PREMIERE
C:\DB\EVA-7K\non-SN\subset_premiere\D13_V_outdoor_move_0002.mp4;EVA-7K;D13;Apple;iPad2;DIGITAL_CAMERA;OUTDOOR;MP4;NON-SN;False;PREMIERE
C:\DB\EVA-7K\non-SN\subset_premiere\D14_V_indoor_move_0001.mp4;EVA-7K;D14;Apple;iPhone5c;DIGITAL_CAMERA;INDOOR;MP4;NON-SN;False;PREMIERE
C:\DB\EVA-7K\non-SN\subset_premiere\D14_V_indoor_move_0002.mp4;EVA-7K;D14;Apple;iPhone5c;DIGITAL_CAMERA;INDOOR;MP4;NON-SN;False;PREMIERE
C:\DB\EVA-7K\non-SN\subset_premiere\D14_V_outdoor_move_0001.mp4;EVA-7K;D14;Apple;iPhone5c;DIGITAL_CAMERA;OUTDOOR;MP4;NON-SN;False;PREMIERE
C:\DB\EVA-7K\non-SN\subset_premiere\D14_V_outdoor_move_0002.mp4;EVA-7K;D14;Apple;iPhone5c;DIGITAL_CAMERA;OUTDOOR;MP4;NON-SN;False;PREMIERE
C:\DB\EVA-7K\non-SN\subset_premiere\D15_V_indoor_move_0001.mp4;EVA-7K;D15;Apple;iPhone6;DIGITAL_CAMERA;INDOOR;MP4;NON-SN;False;PREMIERE
C:\DB\EVA-7K\non-SN\subset_premiere\D15_V_indoor_move_0002.mp4;EVA-7K;D15;Apple;iPhone6;DIGITAL_CAMERA;INDOOR;MP4;NON-SN;False;PREMIERE
C:\DB\EVA-7K\non-SN\subset_premiere\D15_V_outdoor_move_0001.mp4;EVA-7K;D15;Apple;iPhone6;DIGITAL_CAMERA;OUTDOOR;MP4;NON-SN;False;PREMIERE
C:\DB\EVA-7K\non-SN\subset_premiere\D15_V_outdoor_move_0002.mp4;EVA-7K;D15;Apple;iPhone6;DIGITAL_CAMERA;OUTDOOR;MP4;NON-SN;False;PREMIERE
C:\DB\EVA-7K\non-SN\subset_premiere\D16_V_indoor_move_0001.mp4;EVA-7K;D16;Huawei;P9lite;DIGITAL_CAMERA;INDOOR;MP4;NON-SN;False;PREMIERE
C:\DB\EVA-7K\non-SN\subset_premiere\D16_V_indoor_move_0002.mp4;EVA-7K;D16;Huawei;P9lite;DIGITAL_CAMERA;INDOOR;MP4;NON-SN;False;PREMIERE
C:\DB\EVA-7K\non-SN\subset_premiere\D16_V_outdoor_move_0001.mp4;EVA-7K;D16;Huawei;P9lite;DIGITAL_CAMERA;OUTDOOR;MP4;NON-SN;False;PREMIERE
C:\DB\EVA-7K\non-SN\subset_premiere\D16_V_outdoor_move_0002.mp4;EVA-7K;D16;Huawei;P9lite;DIGITAL_CAMERA;OUTDOOR;MP4;NON-SN;False;PREMIERE
C:\DB\EVA-7K\non-SN\subset_premiere\D17_V_indoor_move_0001.mp4;EVA-7K;D17;Microsoft;Lumia640LTE;DIGITAL_CAMERA;INDOOR;MP4;NON-SN;False;PREMIERE
C:\DB\EVA-7K\non-SN\subset_premiere\D17_V_indoor_panrot_0001.mp4;EVA-7K;D17;Microsoft;Lumia640LTE;DIGITAL_CAMERA;INDOOR;MP4;NON-SN;False;PREMIERE
C:\DB\EVA-7K\non-SN\subset_premiere\D17_V_outdoor_move_0001.mp4;EVA-7K;D17;Microsoft;Lumia640LTE;DIGITAL_CAMERA;OUTDOOR;MP4;NON-SN;False;PREMIERE
C:\DB\EVA-7K\non-SN\subset_premiere\D17_V_outdoor_panrot_0001.mp4;EVA-7K;D17;Microsoft;Lumia640LTE;DIGITAL_CAMERA;OUTDOOR;MP4;NON-SN;False;PREMIERE
C:\DB\EVA-7K\non-SN\subset_premiere\D18_V_indoor_move_0001.mp4;EVA-7K;D18;Apple;iPhone5c;DIGITAL_CAMERA;INDOOR;MP4;NON-SN;False;PREMIERE
C:\DB\EVA-7K\non-SN\subset_premiere\D18_V_indoor_panrot_0001.mp4;EVA-7K;D18;Apple;iPhone5c;DIGITAL_CAMERA;INDOOR;MP4;NON-SN;False;PREMIERE
C:\DB\EVA-7K\non-SN\subset_premiere\D18_V_outdoor_move_0001.mp4;EVA-7K;D18;Apple;iPhone5c;DIGITAL_CAMERA;OUTDOOR;MP4;NON-SN;False;PREMIERE
C:\DB\EVA-7K\non-SN\subset_premiere\D18_V_outdoor_panrot_0001.mp4;EVA-7K;D18;Apple;iPhone5c;DIGITAL_CAMERA;OUTDOOR;MP4;NON-SN;False;PREMIERE
C:\DB\EVA-7K\non-SN\subset_premiere\D19_V_indoor_move_0001.mp4;EVA-7K;D19;Apple;iPhone6Plus;DIGITAL_CAMERA;INDOOR;MP4;NON-SN;False;PREMIERE
C:\DB\EVA-7K\non-SN\subset_premiere\D19_V_indoor_move_0002.mp4;EVA-7K;D19;Apple;iPhone6Plus;DIGITAL_CAMERA;INDOOR;MP4;NON-SN;False;PREMIERE
C:\DB\EVA-7K\non-SN\subset_premiere\D19_V_outdoor_move_0001.mp4;EVA-7K;D19;Apple;iPhone6Plus;DIGITAL_CAMERA;OUTDOOR;MP4;NON-SN;False;PREMIERE
C:\DB\EVA-7K\non-SN\subset_premiere\D19_V_outdoor_move_0002.mp4;EVA-7K;D19;Apple;iPhone6Plus;DIGITAL_CAMERA;OUTDOOR;MP4;NON-SN;False;PREMIERE
C:\DB\EVA-7K\non-SN\subset_premiere\D20_V_indoor_move_0001.mp4;EVA-7K;D20;Apple;iPadmini;DIGITAL_CAMERA;INDOOR;MP4;NON-SN;False;PREMIERE
C:\DB\EVA-7K\non-SN\subset_premiere\D20_V_indoor_move_0002.mp4;EVA-7K;D20;Apple;iPadmini;DIGITAL_CAMERA;INDOOR;MP4;NON-SN;False;PREMIERE
C:\DB\EVA-7K\non-SN\subset_premiere\D20_V_outdoor_move_0001.mp4;EVA-7K;D20;Apple;iPadmini;DIGITAL_CAMERA;OUTDOOR;MP4;NON-SN;False;PREMIERE
C:\DB\EVA-7K\non-SN\subset_premiere\D20_V_outdoor_move_0002.mp4;EVA-7K;D20;Apple;iPadmini;DIGITAL_CAMERA;OUTDOOR;MP4;NON-SN;False;PREMIERE
C:\DB\EVA-7K\non-SN\subset_premiere\D21_V_indoor_move_0001.mp4;EVA-7K;D21;Wiko;Ridge4G;DIGITAL_CAMERA;INDOOR;MP4;NON-SN;False;PREMIERE
C:\DB\EVA-7K\non-SN\subset_premiere\D21_V_indoor_panrot_0001.mp4;EVA-7K;D21;Wiko;Ridge4G;DIGITAL_CAMERA;INDOOR;MP4;NON-SN;False;PREMIERE
C:\DB\EVA-7K\non-SN\subset_premiere\D21_V_outdoor_move_0001.mp4;EVA-7K;D21;Wiko;Ridge4G;DIGITAL_CAMERA;OUTDOOR;MP4;NON-SN;False;PREMIERE
C:\DB\EVA-7K\non-SN\subset_premiere\D21_V_outdoor_panrot_0001.mp4;EVA-7K;D21;Wiko;Ridge4G;DIGITAL_CAMERA;OUTDOOR;MP4;NON-SN;False;PREMIERE
C:\DB\EVA-7K\non-SN\subset_premiere\D22_V_indoor_move_0001.mp4;EVA-7K;D22;Samsung;GalaxyTrendPlus;DIGITAL_CAMERA;INDOOR;MP4;NON-SN;False;PREMIERE
C:\DB\EVA-7K\non-SN\subset_premiere\D22_V_indoor_move_0002.mp4;EVA-7K;D22;Samsung;GalaxyTrendPlus;DIGITAL_CAMERA;INDOOR;MP4;NON-SN;False;PREMIERE
C:\DB\EVA-7K\non-SN\subset_premiere\D22_V_outdoor_move_0001.mp4;EVA-7K;D22;Samsung;GalaxyTrendPlus;DIGITAL_CAMERA;OUTDOOR;MP4;NON-SN;False;PREMIERE
C:\DB\EVA-7K\non-SN\subset_premiere\D22_V_outdoor_move_0002.mp4;EVA-7K;D22;Samsung;GalaxyTrendPlus;DIGITAL_CAMERA;OUTDOOR;MP4;NON-SN;False;PREMIERE
C:\DB\EVA-7K\non-SN\subset_premiere\D23_V_indoor_move_0001.mp4;EVA-7K;D23;Asus;Zenfone2Laser;DIGITAL_CAMERA;INDOOR;MP4;NON-SN;False;PREMIERE
C:\DB\EVA-7K\non-SN\subset_premiere\D23_V_indoor_move_0002.mp4;EVA-7K;D23;Asus;Zenfone2Laser;DIGITAL_CAMERA;INDOOR;MP4;NON-SN;False;PREMIERE
C:\DB\EVA-7K\non-SN\subset_premiere\D23_V_outdoor_move_0001.mp4;EVA-7K;D23;Asus;Zenfone2Laser;DIGITAL_CAMERA;OUTDOOR;MP4;NON-SN;False;PREMIERE
C:\DB\EVA-7K\non-SN\subset_premiere\D23_V_outdoor_move_0002.mp4;EVA-7K;D23;Asus;Zenfone2Laser;DIGITAL_CAMERA;OUTDOOR;MP4;NON-SN;False;PREMIERE
C:\DB\EVA-7K\non-SN\subset_premiere\D24_V_indoor_move_0001.mp4;EVA-7K;D24;Xiaomi;RedmiNote3;DIGITAL_CAMERA;INDOOR;MP4;NON-SN;False;PREMIERE
C:\DB\EVA-7K\non-SN\subset_premiere\D24_V_indoor_move_0002.mp4;EVA-7K;D24;Xiaomi;RedmiNote3;DIGITAL_CAMERA;INDOOR;MP4;NON-SN;False;PREMIERE
C:\DB\EVA-7K\non-SN\subset_premiere\D24_V_outdoor_move_0001.mp4;EVA-7K;D24;Xiaomi;RedmiNote3;DIGITAL_CAMERA;OUTDOOR;MP4;NON-SN;False;PREMIERE
C:\DB\EVA-7K\non-SN\subset_premiere\D24_V_outdoor_move_0002.mp4;EVA-7K;D24;Xiaomi;RedmiNote3;DIGITAL_CAMERA;OUTDOOR;MP4;NON-SN;False;PREMIERE
C:\DB\EVA-7K\non-SN\subset_premiere\D25_V_indoor_move_0001.mp4;EVA-7K;D25;OnePlus;A3000;DIGITAL_CAMERA;INDOOR;MP4;NON-SN;False;PREMIERE
C:\DB\EVA-7K\non-SN\subset_premiere\D25_V_indoor_move_0002.mp4;EVA-7K;D25;OnePlus;A3000;DIGITAL_CAMERA;INDOOR;MP4;NON-SN;False;PREMIERE
C:\DB\EVA-7K\non-SN\subset_premiere\D25_V_outdoor_move_0001.mp4;EVA-7K;D25;OnePlus;A3000;DIGITAL_CAMERA;OUTDOOR;MP4;NON-SN;False;PREMIERE
C:\DB\EVA-7K\non-SN\subset_premiere\D25_V_outdoor_move_0002.mp4;EVA-7K;D25;OnePlus;A3000;DIGITAL_CAMERA;OUTDOOR;MP4;NON-SN;False;PREMIERE
C:\DB\EVA-7K\non-SN\subset_premiere\D26_V_indoor_move_0001.mp4;EVA-7K;D26;Samsung;GalaxyS3Mini;DIGITAL_CAMERA;INDOOR;MP4;NON-SN;False;PREMIERE
C:\DB\EVA-7K\non-SN\subset_premiere\D26_V_indoor_move_0002.mp4;EVA-7K;D26;Samsung;GalaxyS3Mini;DIGITAL_CAMERA;INDOOR;MP4;NON-SN;False;PREMIERE
C:\DB\EVA-7K\non-SN\subset_premiere\D26_V_outdoor_move_0001.mp4;EVA-7K;D26;Samsung;GalaxyS3Mini;DIGITAL_CAMERA;OUTDOOR;MP4;NON-SN;False;PREMIERE
C:\DB\EVA-7K\non-SN\subset_premiere\D26_V_outdoor_move_0002.mp4;EVA-7K;D26;Samsung;GalaxyS3Mini;DIGITAL_CAMERA;OUTDOOR;MP4;NON-SN;False;PREMIERE
C:\DB\EVA-7K\non-SN\subset_premiere\D27_V_indoor_move_0001.mp4;EVA-7K;D27;Samsung;GalaxyS5;DIGITAL_CAMERA;INDOOR;MP4;NON-SN;False;PREMIERE
C:\DB\EVA-7K\non-SN\subset_premiere\D27_V_indoor_move_0002.mp4;EVA-7K;D27;Samsung;GalaxyS5;DIGITAL_CAMERA;INDOOR;MP4;NON-SN;False;PREMIERE
C:\DB\EVA-7K\non-SN\subset_premiere\D27_V_outdoor_move_0001.mp4;EVA-7K;D27;Samsung;GalaxyS5;DIGITAL_CAMERA;OUTDOOR;MP4;NON-SN;False;PREMIERE
C:\DB\EVA-7K\non-SN\subset_premiere\D27_V_outdoor_move_0002.mp4;EVA-7K;D27;Samsung;GalaxyS5;DIGITAL_CAMERA;OUTDOOR;MP4;NON-SN;False;PREMIERE
C:\DB\EVA-7K\non-SN\subset_premiere\D28_V_indoor_move_0001.mp4;EVA-7K;D28;Huawei;P89;DIGITAL_CAMERA;INDOOR;MP4;NON-SN;False;PREMIERE
C:\DB\EVA-7K\non-SN\subset_premiere\D28_V_indoor_move_0002.mp4;EVA-7K;D28;Huawei;P89;DIGITAL_CAMERA;INDOOR;MP4;NON-SN;False;PREMIERE
C:\DB\EVA-7K\non-SN\subset_premiere\D28_V_outdoor_move_0001.mp4;EVA-7K;D28;Huawei;P89;DIGITAL_CAMERA;OUTDOOR;MP4;NON-SN;False;PREMIERE
C:\DB\EVA-7K\non-SN\subset_premiere\D28_V_outdoor_move_0002.mp4;EVA-7K;D28;Huawei;P89;DIGITAL_CAMERA;OUTDOOR;MP4;NON-SN;False;PREMIERE
C:\DB\EVA-7K\non-SN\subset_premiere\D29_V_indoor_move_0001.mp4;EVA-7K;D29;Apple;iPhone5;DIGITAL_CAMERA;INDOOR;MP4;NON-SN;False;PREMIERE
C:\DB\EVA-7K\non-SN\subset_premiere\D29_V_indoor_move_0002.mp4;EVA-7K;D29;Apple;iPhone5;DIGITAL_CAMERA;INDOOR;MP4;NON-SN;False;PREMIERE
C:\DB\EVA-7K\non-SN\subset_premiere\D29_V_outdoor_move_0001.mp4;EVA-7K;D29;Apple;iPhone5;DIGITAL_CAMERA;OUTDOOR;MP4;NON-SN;False;PREMIERE
C:\DB\EVA-7K\non-SN\subset_premiere\D29_V_outdoor_move_0002.mp4;EVA-7K;D29;Apple;iPhone5;DIGITAL_CAMERA;OUTDOOR;MP4;NON-SN;False;PREMIERE
C:\DB\EVA-7K\non-SN\subset_premiere\D30_V_indoor_move_0001.mp4;EVA-7K;D30;Huawei;Honor5;DIGITAL_CAMERA;INDOOR;MP4;NON-SN;False;PREMIERE
C:\DB\EVA-7K\non-SN\subset_premiere\D30_V_indoor_move_0002.mp4;EVA-7K;D30;Huawei;Honor5;DIGITAL_CAMERA;INDOOR;MP4;NON-SN;False;PREMIERE
C:\DB\EVA-7K\non-SN\subset_premiere\D30_V_outdoor_move_0001.mp4;EVA-7K;D30;Huawei;Honor5;DIGITAL_CAMERA;OUTDOOR;MP4;NON-SN;False;PREMIERE
C:\DB\EVA-7K\non-SN\subset_premiere\D30_V_outdoor_move_0002.mp4;EVA-7K;D30;Huawei;Honor5;DIGITAL_CAMERA;OUTDOOR;MP4;NON-SN;False;PREMIERE
C:\DB\EVA-7K\non-SN\subset_premiere\D31_V_indoor_move_0001.mp4;EVA-7K;D31;Samsung;GalaxyS4Mini;DIGITAL_CAMERA;INDOOR;MP4;NON-SN;False;PREMIERE
C:\DB\EVA-7K\non-SN\subset_premiere\D31_V_indoor_move_0002.mp4;EVA-7K;D31;Samsung;GalaxyS4Mini;DIGITAL_CAMERA;INDOOR;MP4;NON-SN;False;PREMIERE
C:\DB\EVA-7K\non-SN\subset_premiere\D31_V_outdoor_move_0001.mp4;EVA-7K;D31;Samsung;GalaxyS4Mini;DIGITAL_CAMERA;OUTDOOR;MP4;NON-SN;False;PREMIERE
C:\DB\EVA-7K\non-SN\subset_premiere\D31_V_outdoor_move_0002.mp4;EVA-7K;D31;Samsung;GalaxyS4Mini;DIGITAL_CAMERA;OUTDOOR;MP4;NON-SN;False;PREMIERE
C:\DB\EVA-7K\non-SN\subset_premiere\D32_V_indoor_move_0001.mp4;EVA-7K;D32;OnePlus;A3003;DIGITAL_CAMERA;INDOOR;MP4;NON-SN;False;PREMIERE
C:\DB\EVA-7K\non-SN\subset_premiere\D32_V_indoor_move_0002.mp4;EVA-7K;D32;OnePlus;A3003;DIGITAL_CAMERA;INDOOR;MP4;NON-SN;False;PREMIERE
C:\DB\EVA-7K\non-SN\subset_premiere\D32_V_outdoor_move_0001.mp4;EVA-7K;D32;OnePlus;A3003;DIGITAL_CAMERA;OUTDOOR;MP4;NON-SN;False;PREMIERE
C:\DB\EVA-7K\non-SN\subset_premiere\D32_V_outdoor_move_0002.mp4;EVA-7K;D32;OnePlus;A3003;DIGITAL_CAMERA;OUTDOOR;MP4;NON-SN;False;PREMIERE
C:\DB\EVA-7K\non-SN\subset_premiere\D33_V_indoor_move_0001.mp4;EVA-7K;D33;Huawei;AscendG6;DIGITAL_CAMERA;INDOOR;MP4;NON-SN;False;PREMIERE
C:\DB\EVA-7K\non-SN\subset_premiere\D33_V_indoor_move_0002.mp4;EVA-7K;D33;Huawei;AscendG6;DIGITAL_CAMERA;INDOOR;MP4;NON-SN;False;PREMIERE
C:\DB\EVA-7K\non-SN\subset_premiere\D33_V_outdoor_move_0001.mp4;EVA-7K;D33;Huawei;AscendG6;DIGITAL_CAMERA;OUTDOOR;MP4;NON-SN;False;PREMIERE
C:\DB\EVA-7K\non-SN\subset_premiere\D33_V_outdoor_move_0002.mp4;EVA-7K;D33;Huawei;AscendG6;DIGITAL_CAMERA;OUTDOOR;MP4;NON-SN;False;PREMIERE
C:\DB\EVA-7K\non-SN\subset_premiere\D34_V_indoor_move_0001.mp4;EVA-7K;D34;Apple;iPhone5;DIGITAL_CAMERA;INDOOR;MP4;NON-SN;False;PREMIERE
C:\DB\EVA-7K\non-SN\subset_premiere\D34_V_indoor_move_0002.mp4;EVA-7K;D34;Apple;iPhone5;DIGITAL_CAMERA;INDOOR;MP4;NON-SN;False;PREMIERE
C:\DB\EVA-7K\non-SN\subset_premiere\D34_V_outdoor_move_0001.mp4;EVA-7K;D34;Apple;iPhone5;DIGITAL_CAMERA;OUTDOOR;MP4;NON-SN;False;PREMIERE
C:\DB\EVA-7K\non-SN\subset_premiere\D34_V_outdoor_move_0002.mp4;EVA-7K;D34;Apple;iPhone5;DIGITAL_CAMERA;OUTDOOR;MP4;NON-SN;False;PREMIERE
C:\DB\EVA-7K\non-SN\subset_premiere\D35_V_outdoor_move_0001.mp4;EVA-7K;D35;Samsung;GalaxyTabA;DIGITAL_CAMERA;OUTDOOR;MP4;NON-SN;False;PREMIERE
C:\DB\EVA-7K\non-SN\subset_premiere\D35_V_outdoor_move_0002.mp4;EVA-7K;D35;Samsung;GalaxyTabA;DIGITAL_CAMERA;OUTDOOR;MP4;NON-SN;False;PREMIERE
C:\DB\EVA-7K\non-SN\subset_premiere\D35_V_outdoor_panrot_0001.mp4;EVA-7K;D35;Samsung;GalaxyTabA;DIGITAL_CAMERA;OUTDOOR;MP4;NON-SN;False;PREMIERE
C:\DB\EVA-7K\non-SN\subset_premiere\D35_V_outdoor_panrot_0002.mp4;EVA-7K;D35;Samsung;GalaxyTabA;DIGITAL_CAMERA;OUTDOOR;MP4;NON-SN;False;PREMIERE
