path;db_name;id;brand;model;content_source;content_type;media_type;processing;tampering
D:\MA\VISION\D01_Samsung_GalaxyS3Mini\videos\flat\D01_V_flat_move_0001.mp4;VISION;D01;Samsung;GalaxyS3Mini;DIGITAL_CAMERA;FLAT;MP4;ORIGINAL;NONE
D:\MA\VISION\D01_Samsung_GalaxyS3Mini\videos\flat\D01_V_flat_move_0002.mp4;VISION;D01;Samsung;GalaxyS3Mini;DIGITAL_CAMERA;FLAT;MP4;ORIGINAL;NONE
D:\MA\VISION\D01_Samsung_GalaxyS3Mini\videos\flat\D01_V_flat_panrot_0001.mp4;VISION;D01;Samsung;GalaxyS3Mini;DIGITAL_CAMERA;FLAT;MP4;ORIGINAL;NONE
D:\MA\VISION\D01_Samsung_GalaxyS3Mini\videos\flat\D01_V_flat_still_0001.mp4;VISION;D01;Samsung;GalaxyS3Mini;DIGITAL_CAMERA;FLAT;MP4;ORIGINAL;NONE
D:\MA\VISION\D01_Samsung_GalaxyS3Mini\videos\flatWA\D01_V_flatWA_move_0001.mp4;VISION;D01;Samsung;GalaxyS3Mini;DIGITAL_CAMERA;FLAT;MP4;WHATSAPP;NONE
D:\MA\VISION\D01_Samsung_GalaxyS3Mini\videos\flatWA\D01_V_flatWA_move_0002.mp4;VISION;D01;Samsung;GalaxyS3Mini;DIGITAL_CAMERA;FLAT;MP4;WHATSAPP;NONE
D:\MA\VISION\D01_Samsung_GalaxyS3Mini\videos\flatWA\D01_V_flatWA_panrot_0001.mp4;VISION;D01;Samsung;GalaxyS3Mini;DIGITAL_CAMERA;FLAT;MP4;WHATSAPP;NONE
D:\MA\VISION\D01_Samsung_GalaxyS3Mini\videos\flatWA\D01_V_flatWA_still_0001.mp4;VISION;D01;Samsung;GalaxyS3Mini;DIGITAL_CAMERA;FLAT;MP4;WHATSAPP;NONE
D:\MA\VISION\D01_Samsung_GalaxyS3Mini\videos\flatYT\D01_V_flatYT_move_0001.mp4;VISION;D01;Samsung;GalaxyS3Mini;DIGITAL_CAMERA;FLAT;MP4;YOUTUBE;NONE
D:\MA\VISION\D01_Samsung_GalaxyS3Mini\videos\flatYT\D01_V_flatYT_move_0002.mp4;VISION;D01;Samsung;GalaxyS3Mini;DIGITAL_CAMERA;FLAT;MP4;YOUTUBE;NONE
D:\MA\VISION\D01_Samsung_GalaxyS3Mini\videos\flatYT\D01_V_flatYT_panrot_0001.mp4;VISION;D01;Samsung;GalaxyS3Mini;DIGITAL_CAMERA;FLAT;MP4;YOUTUBE;NONE
D:\MA\VISION\D01_Samsung_GalaxyS3Mini\videos\flatYT\D01_V_flatYT_still_0001.mp4;VISION;D01;Samsung;GalaxyS3Mini;DIGITAL_CAMERA;FLAT;MP4;YOUTUBE;NONE
D:\MA\VISION\D01_Samsung_GalaxyS3Mini\videos\indoor\D01_V_indoor_move_0001.mp4;VISION;D01;Samsung;GalaxyS3Mini;DIGITAL_CAMERA;INDOOR;MP4;ORIGINAL;NONE
D:\MA\VISION\D01_Samsung_GalaxyS3Mini\videos\indoor\D01_V_indoor_move_0002.mp4;VISION;D01;Samsung;GalaxyS3Mini;DIGITAL_CAMERA;INDOOR;MP4;ORIGINAL;NONE
D:\MA\VISION\D01_Samsung_GalaxyS3Mini\videos\indoor\D01_V_indoor_panrot_0001.mp4;VISION;D01;Samsung;GalaxyS3Mini;DIGITAL_CAMERA;INDOOR;MP4;ORIGINAL;NONE
D:\MA\VISION\D01_Samsung_GalaxyS3Mini\videos\indoor\D01_V_indoor_panrot_0002.mp4;VISION;D01;Samsung;GalaxyS3Mini;DIGITAL_CAMERA;INDOOR;MP4;ORIGINAL;NONE
D:\MA\VISION\D01_Samsung_GalaxyS3Mini\videos\indoor\D01_V_indoor_still_0001.mp4;VISION;D01;Samsung;GalaxyS3Mini;DIGITAL_CAMERA;INDOOR;MP4;ORIGINAL;NONE
D:\MA\VISION\D01_Samsung_GalaxyS3Mini\videos\indoor\D01_V_indoor_still_0002.mp4;VISION;D01;Samsung;GalaxyS3Mini;DIGITAL_CAMERA;INDOOR;MP4;ORIGINAL;NONE
D:\MA\VISION\D01_Samsung_GalaxyS3Mini\videos\indoorWA\D01_V_indoorWA_move_0001.mp4;VISION;D01;Samsung;GalaxyS3Mini;DIGITAL_CAMERA;INDOOR;MP4;WHATSAPP;NONE
D:\MA\VISION\D01_Samsung_GalaxyS3Mini\videos\indoorWA\D01_V_indoorWA_move_0002.mp4;VISION;D01;Samsung;GalaxyS3Mini;DIGITAL_CAMERA;INDOOR;MP4;WHATSAPP;NONE
D:\MA\VISION\D01_Samsung_GalaxyS3Mini\videos\indoorWA\D01_V_indoorWA_panrot_0001.mp4;VISION;D01;Samsung;GalaxyS3Mini;DIGITAL_CAMERA;INDOOR;MP4;WHATSAPP;NONE
D:\MA\VISION\D01_Samsung_GalaxyS3Mini\videos\indoorWA\D01_V_indoorWA_panrot_0002.mp4;VISION;D01;Samsung;GalaxyS3Mini;DIGITAL_CAMERA;INDOOR;MP4;WHATSAPP;NONE
D:\MA\VISION\D01_Samsung_GalaxyS3Mini\videos\indoorWA\D01_V_indoorWA_still_0001.mp4;VISION;D01;Samsung;GalaxyS3Mini;DIGITAL_CAMERA;INDOOR;MP4;WHATSAPP;NONE
D:\MA\VISION\D01_Samsung_GalaxyS3Mini\videos\indoorWA\D01_V_indoorWA_still_0002.mp4;VISION;D01;Samsung;GalaxyS3Mini;DIGITAL_CAMERA;INDOOR;MP4;WHATSAPP;NONE
D:\MA\VISION\D01_Samsung_GalaxyS3Mini\videos\indoorYT\D01_V_indoorYT_move_0001.mp4;VISION;D01;Samsung;GalaxyS3Mini;DIGITAL_CAMERA;INDOOR;MP4;YOUTUBE;NONE
D:\MA\VISION\D01_Samsung_GalaxyS3Mini\videos\indoorYT\D01_V_indoorYT_move_0002.mp4;VISION;D01;Samsung;GalaxyS3Mini;DIGITAL_CAMERA;INDOOR;MP4;YOUTUBE;NONE
D:\MA\VISION\D01_Samsung_GalaxyS3Mini\videos\indoorYT\D01_V_indoorYT_panrot_0001.mp4;VISION;D01;Samsung;GalaxyS3Mini;DIGITAL_CAMERA;INDOOR;MP4;YOUTUBE;NONE
D:\MA\VISION\D01_Samsung_GalaxyS3Mini\videos\indoorYT\D01_V_indoorYT_panrot_0002.mp4;VISION;D01;Samsung;GalaxyS3Mini;DIGITAL_CAMERA;INDOOR;MP4;YOUTUBE;NONE
D:\MA\VISION\D01_Samsung_GalaxyS3Mini\videos\indoorYT\D01_V_indoorYT_still_0001.mp4;VISION;D01;Samsung;GalaxyS3Mini;DIGITAL_CAMERA;INDOOR;MP4;YOUTUBE;NONE
D:\MA\VISION\D01_Samsung_GalaxyS3Mini\videos\indoorYT\D01_V_indoorYT_still_0002.mp4;VISION;D01;Samsung;GalaxyS3Mini;DIGITAL_CAMERA;INDOOR;MP4;YOUTUBE;NONE
D:\MA\VISION\D01_Samsung_GalaxyS3Mini\videos\outdoor\D01_V_outdoor_move_0001.mp4;VISION;D01;Samsung;GalaxyS3Mini;DIGITAL_CAMERA;OUTDOOR;MP4;ORIGINAL;NONE
D:\MA\VISION\D01_Samsung_GalaxyS3Mini\videos\outdoor\D01_V_outdoor_move_0002.mp4;VISION;D01;Samsung;GalaxyS3Mini;DIGITAL_CAMERA;OUTDOOR;MP4;ORIGINAL;NONE
D:\MA\VISION\D01_Samsung_GalaxyS3Mini\videos\outdoor\D01_V_outdoor_move_0003.mp4;VISION;D01;Samsung;GalaxyS3Mini;DIGITAL_CAMERA;OUTDOOR;MP4;ORIGINAL;NONE
D:\MA\VISION\D01_Samsung_GalaxyS3Mini\videos\outdoor\D01_V_outdoor_move_0004.mp4;VISION;D01;Samsung;GalaxyS3Mini;DIGITAL_CAMERA;OUTDOOR;MP4;ORIGINAL;NONE
D:\MA\VISION\D01_Samsung_GalaxyS3Mini\videos\outdoor\D01_V_outdoor_panrot_0001.mp4;VISION;D01;Samsung;GalaxyS3Mini;DIGITAL_CAMERA;OUTDOOR;MP4;ORIGINAL;NONE
D:\MA\VISION\D01_Samsung_GalaxyS3Mini\videos\outdoor\D01_V_outdoor_panrot_0002.mp4;VISION;D01;Samsung;GalaxyS3Mini;DIGITAL_CAMERA;OUTDOOR;MP4;ORIGINAL;NONE
D:\MA\VISION\D01_Samsung_GalaxyS3Mini\videos\outdoor\D01_V_outdoor_panrot_0003.mp4;VISION;D01;Samsung;GalaxyS3Mini;DIGITAL_CAMERA;OUTDOOR;MP4;ORIGINAL;NONE
D:\MA\VISION\D01_Samsung_GalaxyS3Mini\videos\outdoor\D01_V_outdoor_panrot_0004.mp4;VISION;D01;Samsung;GalaxyS3Mini;DIGITAL_CAMERA;OUTDOOR;MP4;ORIGINAL;NONE
D:\MA\VISION\D01_Samsung_GalaxyS3Mini\videos\outdoor\D01_V_outdoor_still_0001.mp4;VISION;D01;Samsung;GalaxyS3Mini;DIGITAL_CAMERA;OUTDOOR;MP4;ORIGINAL;NONE
D:\MA\VISION\D01_Samsung_GalaxyS3Mini\videos\outdoor\D01_V_outdoor_still_0002.mp4;VISION;D01;Samsung;GalaxyS3Mini;DIGITAL_CAMERA;OUTDOOR;MP4;ORIGINAL;NONE
D:\MA\VISION\D01_Samsung_GalaxyS3Mini\videos\outdoor\D01_V_outdoor_still_0003.mp4;VISION;D01;Samsung;GalaxyS3Mini;DIGITAL_CAMERA;OUTDOOR;MP4;ORIGINAL;NONE
D:\MA\VISION\D01_Samsung_GalaxyS3Mini\videos\outdoor\D01_V_outdoor_still_0004.mp4;VISION;D01;Samsung;GalaxyS3Mini;DIGITAL_CAMERA;OUTDOOR;MP4;ORIGINAL;NONE
D:\MA\VISION\D01_Samsung_GalaxyS3Mini\videos\outdoorWA\D01_V_outdoorWA_move_0001.mp4;VISION;D01;Samsung;GalaxyS3Mini;DIGITAL_CAMERA;OUTDOOR;MP4;WHATSAPP;NONE
D:\MA\VISION\D01_Samsung_GalaxyS3Mini\videos\outdoorWA\D01_V_outdoorWA_move_0002.mp4;VISION;D01;Samsung;GalaxyS3Mini;DIGITAL_CAMERA;OUTDOOR;MP4;WHATSAPP;NONE
D:\MA\VISION\D01_Samsung_GalaxyS3Mini\videos\outdoorWA\D01_V_outdoorWA_move_0003.mp4;VISION;D01;Samsung;GalaxyS3Mini;DIGITAL_CAMERA;OUTDOOR;MP4;WHATSAPP;NONE
D:\MA\VISION\D01_Samsung_GalaxyS3Mini\videos\outdoorWA\D01_V_outdoorWA_move_0004.mp4;VISION;D01;Samsung;GalaxyS3Mini;DIGITAL_CAMERA;OUTDOOR;MP4;WHATSAPP;NONE
D:\MA\VISION\D01_Samsung_GalaxyS3Mini\videos\outdoorWA\D01_V_outdoorWA_panrot_0001.mp4;VISION;D01;Samsung;GalaxyS3Mini;DIGITAL_CAMERA;OUTDOOR;MP4;WHATSAPP;NONE
D:\MA\VISION\D01_Samsung_GalaxyS3Mini\videos\outdoorWA\D01_V_outdoorWA_panrot_0002.mp4;VISION;D01;Samsung;GalaxyS3Mini;DIGITAL_CAMERA;OUTDOOR;MP4;WHATSAPP;NONE
D:\MA\VISION\D01_Samsung_GalaxyS3Mini\videos\outdoorWA\D01_V_outdoorWA_panrot_0003.mp4;VISION;D01;Samsung;GalaxyS3Mini;DIGITAL_CAMERA;OUTDOOR;MP4;WHATSAPP;NONE
D:\MA\VISION\D01_Samsung_GalaxyS3Mini\videos\outdoorWA\D01_V_outdoorWA_panrot_0004.mp4;VISION;D01;Samsung;GalaxyS3Mini;DIGITAL_CAMERA;OUTDOOR;MP4;WHATSAPP;NONE
D:\MA\VISION\D01_Samsung_GalaxyS3Mini\videos\outdoorWA\D01_V_outdoorWA_still_0001.mp4;VISION;D01;Samsung;GalaxyS3Mini;DIGITAL_CAMERA;OUTDOOR;MP4;WHATSAPP;NONE
D:\MA\VISION\D01_Samsung_GalaxyS3Mini\videos\outdoorWA\D01_V_outdoorWA_still_0002.mp4;VISION;D01;Samsung;GalaxyS3Mini;DIGITAL_CAMERA;OUTDOOR;MP4;WHATSAPP;NONE
D:\MA\VISION\D01_Samsung_GalaxyS3Mini\videos\outdoorWA\D01_V_outdoorWA_still_0003.mp4;VISION;D01;Samsung;GalaxyS3Mini;DIGITAL_CAMERA;OUTDOOR;MP4;WHATSAPP;NONE
D:\MA\VISION\D01_Samsung_GalaxyS3Mini\videos\outdoorWA\D01_V_outdoorWA_still_0004.mp4;VISION;D01;Samsung;GalaxyS3Mini;DIGITAL_CAMERA;OUTDOOR;MP4;WHATSAPP;NONE
D:\MA\VISION\D01_Samsung_GalaxyS3Mini\videos\outdoorYT\D01_V_outdoorYT_panrot_0001.mp4;VISION;D01;Samsung;GalaxyS3Mini;DIGITAL_CAMERA;OUTDOOR;MP4;YOUTUBE;NONE
D:\MA\VISION\D01_Samsung_GalaxyS3Mini\videos\outdoorYT\D01_V_outdoorYT_panrot_0002.mp4;VISION;D01;Samsung;GalaxyS3Mini;DIGITAL_CAMERA;OUTDOOR;MP4;YOUTUBE;NONE
D:\MA\VISION\D01_Samsung_GalaxyS3Mini\videos\outdoorYT\D01_V_outdoorYT_panrot_0003.mp4;VISION;D01;Samsung;GalaxyS3Mini;DIGITAL_CAMERA;OUTDOOR;MP4;YOUTUBE;NONE
D:\MA\VISION\D01_Samsung_GalaxyS3Mini\videos\outdoorYT\D01_V_outdoorYT_still_0001.mp4;VISION;D01;Samsung;GalaxyS3Mini;DIGITAL_CAMERA;OUTDOOR;MP4;YOUTUBE;NONE
D:\MA\VISION\D01_Samsung_GalaxyS3Mini\videos\outdoorYT\D01_V_outdoorYT_still_0002.mp4;VISION;D01;Samsung;GalaxyS3Mini;DIGITAL_CAMERA;OUTDOOR;MP4;YOUTUBE;NONE
D:\MA\VISION\D01_Samsung_GalaxyS3Mini\videos\outdoorYT\D01_V_outdoorYT_still_0003.mp4;VISION;D01;Samsung;GalaxyS3Mini;DIGITAL_CAMERA;OUTDOOR;MP4;YOUTUBE;NONE
D:\MA\VISION\D02_Apple_iPhone4s\videos\flat\D02_V_flat_move_0001.mov;VISION;D02;Apple;iPhone4s;DIGITAL_CAMERA;FLAT;MOV;ORIGINAL;NONE
D:\MA\VISION\D02_Apple_iPhone4s\videos\flat\D02_V_flat_move_0002.mov;VISION;D02;Apple;iPhone4s;DIGITAL_CAMERA;FLAT;MOV;ORIGINAL;NONE
D:\MA\VISION\D02_Apple_iPhone4s\videos\flat\D02_V_flat_panrot_0001.mov;VISION;D02;Apple;iPhone4s;DIGITAL_CAMERA;FLAT;MOV;ORIGINAL;NONE
D:\MA\VISION\D02_Apple_iPhone4s\videos\flat\D02_V_flat_still_0001.mov;VISION;D02;Apple;iPhone4s;DIGITAL_CAMERA;FLAT;MOV;ORIGINAL;NONE
D:\MA\VISION\D02_Apple_iPhone4s\videos\flatWA\D02_V_flatWA_move_0001.mp4;VISION;D02;Apple;iPhone4s;DIGITAL_CAMERA;FLAT;MP4;WHATSAPP;NONE
D:\MA\VISION\D02_Apple_iPhone4s\videos\flatWA\D02_V_flatWA_move_0002.mp4;VISION;D02;Apple;iPhone4s;DIGITAL_CAMERA;FLAT;MP4;WHATSAPP;NONE
D:\MA\VISION\D02_Apple_iPhone4s\videos\flatWA\D02_V_flatWA_panrot_0001.mp4;VISION;D02;Apple;iPhone4s;DIGITAL_CAMERA;FLAT;MP4;WHATSAPP;NONE
D:\MA\VISION\D02_Apple_iPhone4s\videos\flatWA\D02_V_flatWA_still_0001.mp4;VISION;D02;Apple;iPhone4s;DIGITAL_CAMERA;FLAT;MP4;WHATSAPP;NONE
D:\MA\VISION\D02_Apple_iPhone4s\videos\flatYT\D02_V_flatYT_move_0001.mp4;VISION;D02;Apple;iPhone4s;DIGITAL_CAMERA;FLAT;MP4;YOUTUBE;NONE
D:\MA\VISION\D02_Apple_iPhone4s\videos\flatYT\D02_V_flatYT_move_0002.mp4;VISION;D02;Apple;iPhone4s;DIGITAL_CAMERA;FLAT;MP4;YOUTUBE;NONE
D:\MA\VISION\D02_Apple_iPhone4s\videos\flatYT\D02_V_flatYT_panrot_0001.mp4;VISION;D02;Apple;iPhone4s;DIGITAL_CAMERA;FLAT;MP4;YOUTUBE;NONE
D:\MA\VISION\D02_Apple_iPhone4s\videos\flatYT\D02_V_flatYT_still_0001.mp4;VISION;D02;Apple;iPhone4s;DIGITAL_CAMERA;FLAT;MP4;YOUTUBE;NONE
D:\MA\VISION\D02_Apple_iPhone4s\videos\indoor\D02_V_indoor_move_0001.mov;VISION;D02;Apple;iPhone4s;DIGITAL_CAMERA;INDOOR;MOV;ORIGINAL;NONE
D:\MA\VISION\D02_Apple_iPhone4s\videos\indoor\D02_V_indoor_panrot_0001.mov;VISION;D02;Apple;iPhone4s;DIGITAL_CAMERA;INDOOR;MOV;ORIGINAL;NONE
D:\MA\VISION\D02_Apple_iPhone4s\videos\indoor\D02_V_indoor_still_0001.mov;VISION;D02;Apple;iPhone4s;DIGITAL_CAMERA;INDOOR;MOV;ORIGINAL;NONE
D:\MA\VISION\D02_Apple_iPhone4s\videos\indoorWA\D02_V_indoorWA_move_0001.mp4;VISION;D02;Apple;iPhone4s;DIGITAL_CAMERA;INDOOR;MP4;WHATSAPP;NONE
D:\MA\VISION\D02_Apple_iPhone4s\videos\indoorWA\D02_V_indoorWA_panrot_0001.mp4;VISION;D02;Apple;iPhone4s;DIGITAL_CAMERA;INDOOR;MP4;WHATSAPP;NONE
D:\MA\VISION\D02_Apple_iPhone4s\videos\indoorWA\D02_V_indoorWA_still_0001.mp4;VISION;D02;Apple;iPhone4s;DIGITAL_CAMERA;INDOOR;MP4;WHATSAPP;NONE
D:\MA\VISION\D02_Apple_iPhone4s\videos\indoorYT\D02_V_indoorYT_move_0001.mp4;VISION;D02;Apple;iPhone4s;DIGITAL_CAMERA;INDOOR;MP4;YOUTUBE;NONE
D:\MA\VISION\D02_Apple_iPhone4s\videos\indoorYT\D02_V_indoorYT_panrot_0001.mp4;VISION;D02;Apple;iPhone4s;DIGITAL_CAMERA;INDOOR;MP4;YOUTUBE;NONE
D:\MA\VISION\D02_Apple_iPhone4s\videos\indoorYT\D02_V_indoorYT_still_0001.mp4;VISION;D02;Apple;iPhone4s;DIGITAL_CAMERA;INDOOR;MP4;YOUTUBE;NONE
D:\MA\VISION\D02_Apple_iPhone4s\videos\outdoor\D02_V_outdoor_move_0001.mov;VISION;D02;Apple;iPhone4s;DIGITAL_CAMERA;OUTDOOR;MOV;ORIGINAL;NONE
D:\MA\VISION\D02_Apple_iPhone4s\videos\outdoor\D02_V_outdoor_panrot_0001.mov;VISION;D02;Apple;iPhone4s;DIGITAL_CAMERA;OUTDOOR;MOV;ORIGINAL;NONE
D:\MA\VISION\D02_Apple_iPhone4s\videos\outdoor\D02_V_outdoor_panrot_0002.mov;VISION;D02;Apple;iPhone4s;DIGITAL_CAMERA;OUTDOOR;MOV;ORIGINAL;NONE
D:\MA\VISION\D02_Apple_iPhone4s\videos\outdoor\D02_V_outdoor_still_0001.mov;VISION;D02;Apple;iPhone4s;DIGITAL_CAMERA;OUTDOOR;MOV;ORIGINAL;NONE
D:\MA\VISION\D02_Apple_iPhone4s\videos\outdoor\D02_V_outdoor_still_0002.mov;VISION;D02;Apple;iPhone4s;DIGITAL_CAMERA;OUTDOOR;MOV;ORIGINAL;NONE
D:\MA\VISION\D02_Apple_iPhone4s\videos\outdoor\D02_V_outdoor_still_0003.mov;VISION;D02;Apple;iPhone4s;DIGITAL_CAMERA;OUTDOOR;MOV;ORIGINAL;NONE
D:\MA\VISION\D02_Apple_iPhone4s\videos\outdoorWA\D02_V_outdoorWA_move_0001.mp4;VISION;D02;Apple;iPhone4s;DIGITAL_CAMERA;OUTDOOR;MP4;WHATSAPP;NONE
D:\MA\VISION\D02_Apple_iPhone4s\videos\outdoorWA\D02_V_outdoorWA_panrot_0001.mp4;VISION;D02;Apple;iPhone4s;DIGITAL_CAMERA;OUTDOOR;MP4;WHATSAPP;NONE
D:\MA\VISION\D02_Apple_iPhone4s\videos\outdoorWA\D02_V_outdoorWA_panrot_0002.mp4;VISION;D02;Apple;iPhone4s;DIGITAL_CAMERA;OUTDOOR;MP4;WHATSAPP;NONE
D:\MA\VISION\D02_Apple_iPhone4s\videos\outdoorWA\D02_V_outdoorWA_still_0001.mp4;VISION;D02;Apple;iPhone4s;DIGITAL_CAMERA;OUTDOOR;MP4;WHATSAPP;NONE
D:\MA\VISION\D02_Apple_iPhone4s\videos\outdoorWA\D02_V_outdoorWA_still_0002.mp4;VISION;D02;Apple;iPhone4s;DIGITAL_CAMERA;OUTDOOR;MP4;WHATSAPP;NONE
D:\MA\VISION\D02_Apple_iPhone4s\videos\outdoorWA\D02_V_outdoorWA_still_0003.mp4;VISION;D02;Apple;iPhone4s;DIGITAL_CAMERA;OUTDOOR;MP4;WHATSAPP;NONE
D:\MA\VISION\D02_Apple_iPhone4s\videos\outdoorYT\D02_V_outdoorYT_move_0001.mp4;VISION;D02;Apple;iPhone4s;DIGITAL_CAMERA;OUTDOOR;MP4;YOUTUBE;NONE
D:\MA\VISION\D02_Apple_iPhone4s\videos\outdoorYT\D02_V_outdoorYT_panrot_0001.mp4;VISION;D02;Apple;iPhone4s;DIGITAL_CAMERA;OUTDOOR;MP4;YOUTUBE;NONE
D:\MA\VISION\D02_Apple_iPhone4s\videos\outdoorYT\D02_V_outdoorYT_panrot_0002.mp4;VISION;D02;Apple;iPhone4s;DIGITAL_CAMERA;OUTDOOR;MP4;YOUTUBE;NONE
D:\MA\VISION\D02_Apple_iPhone4s\videos\outdoorYT\D02_V_outdoorYT_still_0001.mp4;VISION;D02;Apple;iPhone4s;DIGITAL_CAMERA;OUTDOOR;MP4;YOUTUBE;NONE
D:\MA\VISION\D02_Apple_iPhone4s\videos\outdoorYT\D02_V_outdoorYT_still_0002.mp4;VISION;D02;Apple;iPhone4s;DIGITAL_CAMERA;OUTDOOR;MP4;YOUTUBE;NONE
D:\MA\VISION\D02_Apple_iPhone4s\videos\outdoorYT\D02_V_outdoorYT_still_0003.mp4;VISION;D02;Apple;iPhone4s;DIGITAL_CAMERA;OUTDOOR;MP4;YOUTUBE;NONE
D:\MA\VISION\D03_Huawei_P9\videos\flat\D03_V_flat_move_0001.mp4;VISION;D03;Huawei;P9;DIGITAL_CAMERA;FLAT;MP4;ORIGINAL;NONE
D:\MA\VISION\D03_Huawei_P9\videos\flat\D03_V_flat_move_0002.mp4;VISION;D03;Huawei;P9;DIGITAL_CAMERA;FLAT;MP4;ORIGINAL;NONE
D:\MA\VISION\D03_Huawei_P9\videos\flat\D03_V_flat_move_0003.mp4;VISION;D03;Huawei;P9;DIGITAL_CAMERA;FLAT;MP4;ORIGINAL;NONE
D:\MA\VISION\D03_Huawei_P9\videos\flat\D03_V_flat_panrot_0001.mp4;VISION;D03;Huawei;P9;DIGITAL_CAMERA;FLAT;MP4;ORIGINAL;NONE
D:\MA\VISION\D03_Huawei_P9\videos\flat\D03_V_flat_panrot_0002.mp4;VISION;D03;Huawei;P9;DIGITAL_CAMERA;FLAT;MP4;ORIGINAL;NONE
D:\MA\VISION\D03_Huawei_P9\videos\flat\D03_V_flat_still_0001.mp4;VISION;D03;Huawei;P9;DIGITAL_CAMERA;FLAT;MP4;ORIGINAL;NONE
D:\MA\VISION\D03_Huawei_P9\videos\flat\D03_V_flat_still_0002.mp4;VISION;D03;Huawei;P9;DIGITAL_CAMERA;FLAT;MP4;ORIGINAL;NONE
D:\MA\VISION\D03_Huawei_P9\videos\flatWA\D03_V_flatWA_move_0001.mp4;VISION;D03;Huawei;P9;DIGITAL_CAMERA;FLAT;MP4;WHATSAPP;NONE
D:\MA\VISION\D03_Huawei_P9\videos\flatWA\D03_V_flatWA_move_0002.mp4;VISION;D03;Huawei;P9;DIGITAL_CAMERA;FLAT;MP4;WHATSAPP;NONE
D:\MA\VISION\D03_Huawei_P9\videos\flatWA\D03_V_flatWA_move_0003.mp4;VISION;D03;Huawei;P9;DIGITAL_CAMERA;FLAT;MP4;WHATSAPP;NONE
D:\MA\VISION\D03_Huawei_P9\videos\flatWA\D03_V_flatWA_panrot_0001.mp4;VISION;D03;Huawei;P9;DIGITAL_CAMERA;FLAT;MP4;WHATSAPP;NONE
D:\MA\VISION\D03_Huawei_P9\videos\flatWA\D03_V_flatWA_panrot_0002.mp4;VISION;D03;Huawei;P9;DIGITAL_CAMERA;FLAT;MP4;WHATSAPP;NONE
D:\MA\VISION\D03_Huawei_P9\videos\flatWA\D03_V_flatWA_still_0001.mp4;VISION;D03;Huawei;P9;DIGITAL_CAMERA;FLAT;MP4;WHATSAPP;NONE
D:\MA\VISION\D03_Huawei_P9\videos\flatWA\D03_V_flatWA_still_0002.mp4;VISION;D03;Huawei;P9;DIGITAL_CAMERA;FLAT;MP4;WHATSAPP;NONE
D:\MA\VISION\D03_Huawei_P9\videos\flatYT\D03_V_flatYT_move_0001.mp4;VISION;D03;Huawei;P9;DIGITAL_CAMERA;FLAT;MP4;YOUTUBE;NONE
D:\MA\VISION\D03_Huawei_P9\videos\flatYT\D03_V_flatYT_move_0002.mp4;VISION;D03;Huawei;P9;DIGITAL_CAMERA;FLAT;MP4;YOUTUBE;NONE
D:\MA\VISION\D03_Huawei_P9\videos\flatYT\D03_V_flatYT_move_0003.mp4;VISION;D03;Huawei;P9;DIGITAL_CAMERA;FLAT;MP4;YOUTUBE;NONE
D:\MA\VISION\D03_Huawei_P9\videos\flatYT\D03_V_flatYT_panrot_0001.mp4;VISION;D03;Huawei;P9;DIGITAL_CAMERA;FLAT;MP4;YOUTUBE;NONE
D:\MA\VISION\D03_Huawei_P9\videos\flatYT\D03_V_flatYT_panrot_0002.mp4;VISION;D03;Huawei;P9;DIGITAL_CAMERA;FLAT;MP4;YOUTUBE;NONE
D:\MA\VISION\D03_Huawei_P9\videos\flatYT\D03_V_flatYT_still_0001.mp4;VISION;D03;Huawei;P9;DIGITAL_CAMERA;FLAT;MP4;YOUTUBE;NONE
D:\MA\VISION\D03_Huawei_P9\videos\flatYT\D03_V_flatYT_still_0002.mp4;VISION;D03;Huawei;P9;DIGITAL_CAMERA;FLAT;MP4;YOUTUBE;NONE
D:\MA\VISION\D03_Huawei_P9\videos\indoor\D03_V_indoor_move_0001.mp4;VISION;D03;Huawei;P9;DIGITAL_CAMERA;INDOOR;MP4;ORIGINAL;NONE
D:\MA\VISION\D03_Huawei_P9\videos\indoor\D03_V_indoor_move_0002.mp4;VISION;D03;Huawei;P9;DIGITAL_CAMERA;INDOOR;MP4;ORIGINAL;NONE
D:\MA\VISION\D03_Huawei_P9\videos\indoor\D03_V_indoor_panrot_0001.mp4;VISION;D03;Huawei;P9;DIGITAL_CAMERA;INDOOR;MP4;ORIGINAL;NONE
D:\MA\VISION\D03_Huawei_P9\videos\indoor\D03_V_indoor_panrot_0002.mp4;VISION;D03;Huawei;P9;DIGITAL_CAMERA;INDOOR;MP4;ORIGINAL;NONE
D:\MA\VISION\D03_Huawei_P9\videos\indoor\D03_V_indoor_still_0001.mp4;VISION;D03;Huawei;P9;DIGITAL_CAMERA;INDOOR;MP4;ORIGINAL;NONE
D:\MA\VISION\D03_Huawei_P9\videos\indoor\D03_V_indoor_still_0002.mp4;VISION;D03;Huawei;P9;DIGITAL_CAMERA;INDOOR;MP4;ORIGINAL;NONE
D:\MA\VISION\D03_Huawei_P9\videos\indoorWA\D03_V_indoorWA_move_0001.mp4;VISION;D03;Huawei;P9;DIGITAL_CAMERA;INDOOR;MP4;WHATSAPP;NONE
D:\MA\VISION\D03_Huawei_P9\videos\indoorWA\D03_V_indoorWA_move_0002.mp4;VISION;D03;Huawei;P9;DIGITAL_CAMERA;INDOOR;MP4;WHATSAPP;NONE
D:\MA\VISION\D03_Huawei_P9\videos\indoorWA\D03_V_indoorWA_panrot_0001.mp4;VISION;D03;Huawei;P9;DIGITAL_CAMERA;INDOOR;MP4;WHATSAPP;NONE
D:\MA\VISION\D03_Huawei_P9\videos\indoorWA\D03_V_indoorWA_panrot_0002.mp4;VISION;D03;Huawei;P9;DIGITAL_CAMERA;INDOOR;MP4;WHATSAPP;NONE
D:\MA\VISION\D03_Huawei_P9\videos\indoorWA\D03_V_indoorWA_still_0001.mp4;VISION;D03;Huawei;P9;DIGITAL_CAMERA;INDOOR;MP4;WHATSAPP;NONE
D:\MA\VISION\D03_Huawei_P9\videos\indoorWA\D03_V_indoorWA_still_0002.mp4;VISION;D03;Huawei;P9;DIGITAL_CAMERA;INDOOR;MP4;WHATSAPP;NONE
D:\MA\VISION\D03_Huawei_P9\videos\indoorYT\D03_V_indoorYT_move_0001.mp4;VISION;D03;Huawei;P9;DIGITAL_CAMERA;INDOOR;MP4;YOUTUBE;NONE
D:\MA\VISION\D03_Huawei_P9\videos\indoorYT\D03_V_indoorYT_move_0002.mp4;VISION;D03;Huawei;P9;DIGITAL_CAMERA;INDOOR;MP4;YOUTUBE;NONE
D:\MA\VISION\D03_Huawei_P9\videos\indoorYT\D03_V_indoorYT_panrot_0001.mp4;VISION;D03;Huawei;P9;DIGITAL_CAMERA;INDOOR;MP4;YOUTUBE;NONE
D:\MA\VISION\D03_Huawei_P9\videos\indoorYT\D03_V_indoorYT_panrot_0002.mp4;VISION;D03;Huawei;P9;DIGITAL_CAMERA;INDOOR;MP4;YOUTUBE;NONE
D:\MA\VISION\D03_Huawei_P9\videos\indoorYT\D03_V_indoorYT_still_0001.mp4;VISION;D03;Huawei;P9;DIGITAL_CAMERA;INDOOR;MP4;YOUTUBE;NONE
D:\MA\VISION\D03_Huawei_P9\videos\indoorYT\D03_V_indoorYT_still_0002.mp4;VISION;D03;Huawei;P9;DIGITAL_CAMERA;INDOOR;MP4;YOUTUBE;NONE
D:\MA\VISION\D03_Huawei_P9\videos\outdoor\D03_V_outdoor_move_0001.mp4;VISION;D03;Huawei;P9;DIGITAL_CAMERA;OUTDOOR;MP4;ORIGINAL;NONE
D:\MA\VISION\D03_Huawei_P9\videos\outdoor\D03_V_outdoor_move_0002.mp4;VISION;D03;Huawei;P9;DIGITAL_CAMERA;OUTDOOR;MP4;ORIGINAL;NONE
D:\MA\VISION\D03_Huawei_P9\videos\outdoor\D03_V_outdoor_panrot_0001.mp4;VISION;D03;Huawei;P9;DIGITAL_CAMERA;OUTDOOR;MP4;ORIGINAL;NONE
D:\MA\VISION\D03_Huawei_P9\videos\outdoor\D03_V_outdoor_panrot_0002.mp4;VISION;D03;Huawei;P9;DIGITAL_CAMERA;OUTDOOR;MP4;ORIGINAL;NONE
D:\MA\VISION\D03_Huawei_P9\videos\outdoor\D03_V_outdoor_still_0001.mp4;VISION;D03;Huawei;P9;DIGITAL_CAMERA;OUTDOOR;MP4;ORIGINAL;NONE
D:\MA\VISION\D03_Huawei_P9\videos\outdoor\D03_V_outdoor_still_0002.mp4;VISION;D03;Huawei;P9;DIGITAL_CAMERA;OUTDOOR;MP4;ORIGINAL;NONE
D:\MA\VISION\D03_Huawei_P9\videos\outdoorWA\D03_V_outdoorWA_move_0001.mp4;VISION;D03;Huawei;P9;DIGITAL_CAMERA;OUTDOOR;MP4;WHATSAPP;NONE
D:\MA\VISION\D03_Huawei_P9\videos\outdoorWA\D03_V_outdoorWA_move_0002.mp4;VISION;D03;Huawei;P9;DIGITAL_CAMERA;OUTDOOR;MP4;WHATSAPP;NONE
D:\MA\VISION\D03_Huawei_P9\videos\outdoorWA\D03_V_outdoorWA_panrot_0001.mp4;VISION;D03;Huawei;P9;DIGITAL_CAMERA;OUTDOOR;MP4;WHATSAPP;NONE
D:\MA\VISION\D03_Huawei_P9\videos\outdoorWA\D03_V_outdoorWA_panrot_0002.mp4;VISION;D03;Huawei;P9;DIGITAL_CAMERA;OUTDOOR;MP4;WHATSAPP;NONE
D:\MA\VISION\D03_Huawei_P9\videos\outdoorWA\D03_V_outdoorWA_still_0001.mp4;VISION;D03;Huawei;P9;DIGITAL_CAMERA;OUTDOOR;MP4;WHATSAPP;NONE
D:\MA\VISION\D03_Huawei_P9\videos\outdoorWA\D03_V_outdoorWA_still_0002.mp4;VISION;D03;Huawei;P9;DIGITAL_CAMERA;OUTDOOR;MP4;WHATSAPP;NONE
D:\MA\VISION\D03_Huawei_P9\videos\outdoorYT\D03_V_outdoorYT_move_0001.mp4;VISION;D03;Huawei;P9;DIGITAL_CAMERA;OUTDOOR;MP4;YOUTUBE;NONE
D:\MA\VISION\D03_Huawei_P9\videos\outdoorYT\D03_V_outdoorYT_move_0002.mp4;VISION;D03;Huawei;P9;DIGITAL_CAMERA;OUTDOOR;MP4;YOUTUBE;NONE
D:\MA\VISION\D03_Huawei_P9\videos\outdoorYT\D03_V_outdoorYT_panrot_0001.mp4;VISION;D03;Huawei;P9;DIGITAL_CAMERA;OUTDOOR;MP4;YOUTUBE;NONE
D:\MA\VISION\D03_Huawei_P9\videos\outdoorYT\D03_V_outdoorYT_panrot_0002.mp4;VISION;D03;Huawei;P9;DIGITAL_CAMERA;OUTDOOR;MP4;YOUTUBE;NONE
D:\MA\VISION\D03_Huawei_P9\videos\outdoorYT\D03_V_outdoorYT_still_0001.mp4;VISION;D03;Huawei;P9;DIGITAL_CAMERA;OUTDOOR;MP4;YOUTUBE;NONE
D:\MA\VISION\D03_Huawei_P9\videos\outdoorYT\D03_V_outdoorYT_still_0002.mp4;VISION;D03;Huawei;P9;DIGITAL_CAMERA;OUTDOOR;MP4;YOUTUBE;NONE
D:\MA\VISION\D04_LG_D290\videos\flat\D04_V_flat_move_0001.mp4;VISION;D04;LG;D290;DIGITAL_CAMERA;FLAT;MP4;ORIGINAL;NONE
D:\MA\VISION\D04_LG_D290\videos\flat\D04_V_flat_move_0002.mp4;VISION;D04;LG;D290;DIGITAL_CAMERA;FLAT;MP4;ORIGINAL;NONE
D:\MA\VISION\D04_LG_D290\videos\flat\D04_V_flat_move_0003.mp4;VISION;D04;LG;D290;DIGITAL_CAMERA;FLAT;MP4;ORIGINAL;NONE
D:\MA\VISION\D04_LG_D290\videos\flat\D04_V_flat_panrot_0001.mp4;VISION;D04;LG;D290;DIGITAL_CAMERA;FLAT;MP4;ORIGINAL;NONE
D:\MA\VISION\D04_LG_D290\videos\flat\D04_V_flat_panrot_0002.mp4;VISION;D04;LG;D290;DIGITAL_CAMERA;FLAT;MP4;ORIGINAL;NONE
D:\MA\VISION\D04_LG_D290\videos\flat\D04_V_flat_still_0001.mp4;VISION;D04;LG;D290;DIGITAL_CAMERA;FLAT;MP4;ORIGINAL;NONE
D:\MA\VISION\D04_LG_D290\videos\flat\D04_V_flat_still_0002.mp4;VISION;D04;LG;D290;DIGITAL_CAMERA;FLAT;MP4;ORIGINAL;NONE
D:\MA\VISION\D04_LG_D290\videos\flatWA\D04_V_flatWA_move_0001.mp4;VISION;D04;LG;D290;DIGITAL_CAMERA;FLAT;MP4;WHATSAPP;NONE
D:\MA\VISION\D04_LG_D290\videos\flatWA\D04_V_flatWA_move_0002.mp4;VISION;D04;LG;D290;DIGITAL_CAMERA;FLAT;MP4;WHATSAPP;NONE
D:\MA\VISION\D04_LG_D290\videos\flatWA\D04_V_flatWA_move_0003.mp4;VISION;D04;LG;D290;DIGITAL_CAMERA;FLAT;MP4;WHATSAPP;NONE
D:\MA\VISION\D04_LG_D290\videos\flatWA\D04_V_flatWA_panrot_0001.mp4;VISION;D04;LG;D290;DIGITAL_CAMERA;FLAT;MP4;WHATSAPP;NONE
D:\MA\VISION\D04_LG_D290\videos\flatWA\D04_V_flatWA_panrot_0002.mp4;VISION;D04;LG;D290;DIGITAL_CAMERA;FLAT;MP4;WHATSAPP;NONE
D:\MA\VISION\D04_LG_D290\videos\flatWA\D04_V_flatWA_still_0001.mp4;VISION;D04;LG;D290;DIGITAL_CAMERA;FLAT;MP4;WHATSAPP;NONE
D:\MA\VISION\D04_LG_D290\videos\flatWA\D04_V_flatWA_still_0002.mp4;VISION;D04;LG;D290;DIGITAL_CAMERA;FLAT;MP4;WHATSAPP;NONE
D:\MA\VISION\D04_LG_D290\videos\flatYT\D04_V_flatYT_move_0001.mp4;VISION;D04;LG;D290;DIGITAL_CAMERA;FLAT;MP4;YOUTUBE;NONE
D:\MA\VISION\D04_LG_D290\videos\flatYT\D04_V_flatYT_move_0002.mp4;VISION;D04;LG;D290;DIGITAL_CAMERA;FLAT;MP4;YOUTUBE;NONE
D:\MA\VISION\D04_LG_D290\videos\flatYT\D04_V_flatYT_move_0003.mp4;VISION;D04;LG;D290;DIGITAL_CAMERA;FLAT;MP4;YOUTUBE;NONE
D:\MA\VISION\D04_LG_D290\videos\flatYT\D04_V_flatYT_panrot_0001.mp4;VISION;D04;LG;D290;DIGITAL_CAMERA;FLAT;MP4;YOUTUBE;NONE
D:\MA\VISION\D04_LG_D290\videos\flatYT\D04_V_flatYT_panrot_0002.mp4;VISION;D04;LG;D290;DIGITAL_CAMERA;FLAT;MP4;YOUTUBE;NONE
D:\MA\VISION\D04_LG_D290\videos\flatYT\D04_V_flatYT_still_0001.mp4;VISION;D04;LG;D290;DIGITAL_CAMERA;FLAT;MP4;YOUTUBE;NONE
D:\MA\VISION\D04_LG_D290\videos\flatYT\D04_V_flatYT_still_0002.mp4;VISION;D04;LG;D290;DIGITAL_CAMERA;FLAT;MP4;YOUTUBE;NONE
D:\MA\VISION\D04_LG_D290\videos\indoor\D04_V_indoor_move_0001.mp4;VISION;D04;LG;D290;DIGITAL_CAMERA;INDOOR;MP4;ORIGINAL;NONE
D:\MA\VISION\D04_LG_D290\videos\indoor\D04_V_indoor_move_0002.mp4;VISION;D04;LG;D290;DIGITAL_CAMERA;INDOOR;MP4;ORIGINAL;NONE
D:\MA\VISION\D04_LG_D290\videos\indoor\D04_V_indoor_panrot_0001.mp4;VISION;D04;LG;D290;DIGITAL_CAMERA;INDOOR;MP4;ORIGINAL;NONE
D:\MA\VISION\D04_LG_D290\videos\indoor\D04_V_indoor_panrot_0002.mp4;VISION;D04;LG;D290;DIGITAL_CAMERA;INDOOR;MP4;ORIGINAL;NONE
D:\MA\VISION\D04_LG_D290\videos\indoor\D04_V_indoor_still_0001.mp4;VISION;D04;LG;D290;DIGITAL_CAMERA;INDOOR;MP4;ORIGINAL;NONE
D:\MA\VISION\D04_LG_D290\videos\indoor\D04_V_indoor_still_0002.mp4;VISION;D04;LG;D290;DIGITAL_CAMERA;INDOOR;MP4;ORIGINAL;NONE
D:\MA\VISION\D04_LG_D290\videos\indoorWA\D04_V_indoorWA_move_0002.mp4;VISION;D04;LG;D290;DIGITAL_CAMERA;INDOOR;MP4;WHATSAPP;NONE
D:\MA\VISION\D04_LG_D290\videos\indoorWA\D04_V_indoorWA_panrot_0001.mp4;VISION;D04;LG;D290;DIGITAL_CAMERA;INDOOR;MP4;WHATSAPP;NONE
D:\MA\VISION\D04_LG_D290\videos\indoorWA\D04_V_indoorWA_panrot_0002.mp4;VISION;D04;LG;D290;DIGITAL_CAMERA;INDOOR;MP4;WHATSAPP;NONE
D:\MA\VISION\D04_LG_D290\videos\indoorWA\D04_V_indoorWA_still_0001.mp4;VISION;D04;LG;D290;DIGITAL_CAMERA;INDOOR;MP4;WHATSAPP;NONE
D:\MA\VISION\D04_LG_D290\videos\indoorWA\D04_V_indoorWA_still_0002.mp4;VISION;D04;LG;D290;DIGITAL_CAMERA;INDOOR;MP4;WHATSAPP;NONE
D:\MA\VISION\D04_LG_D290\videos\indoorYT\D04_V_indoorYT_move_0001.mp4;VISION;D04;LG;D290;DIGITAL_CAMERA;INDOOR;MP4;YOUTUBE;NONE
D:\MA\VISION\D04_LG_D290\videos\indoorYT\D04_V_indoorYT_move_0002.mp4;VISION;D04;LG;D290;DIGITAL_CAMERA;INDOOR;MP4;YOUTUBE;NONE
D:\MA\VISION\D04_LG_D290\videos\indoorYT\D04_V_indoorYT_panrot_0001.mp4;VISION;D04;LG;D290;DIGITAL_CAMERA;INDOOR;MP4;YOUTUBE;NONE
D:\MA\VISION\D04_LG_D290\videos\indoorYT\D04_V_indoorYT_panrot_0002.mp4;VISION;D04;LG;D290;DIGITAL_CAMERA;INDOOR;MP4;YOUTUBE;NONE
D:\MA\VISION\D04_LG_D290\videos\indoorYT\D04_V_indoorYT_still_0001.mp4;VISION;D04;LG;D290;DIGITAL_CAMERA;INDOOR;MP4;YOUTUBE;NONE
D:\MA\VISION\D04_LG_D290\videos\indoorYT\D04_V_indoorYT_still_0002.mp4;VISION;D04;LG;D290;DIGITAL_CAMERA;INDOOR;MP4;YOUTUBE;NONE
D:\MA\VISION\D04_LG_D290\videos\outdoor\D04_V_outdoor_move_0001.mp4;VISION;D04;LG;D290;DIGITAL_CAMERA;OUTDOOR;MP4;ORIGINAL;NONE
D:\MA\VISION\D04_LG_D290\videos\outdoor\D04_V_outdoor_move_0002.mp4;VISION;D04;LG;D290;DIGITAL_CAMERA;OUTDOOR;MP4;ORIGINAL;NONE
D:\MA\VISION\D04_LG_D290\videos\outdoor\D04_V_outdoor_panrot_0001.mp4;VISION;D04;LG;D290;DIGITAL_CAMERA;OUTDOOR;MP4;ORIGINAL;NONE
D:\MA\VISION\D04_LG_D290\videos\outdoor\D04_V_outdoor_panrot_0002.mp4;VISION;D04;LG;D290;DIGITAL_CAMERA;OUTDOOR;MP4;ORIGINAL;NONE
D:\MA\VISION\D04_LG_D290\videos\outdoor\D04_V_outdoor_still_0001.mp4;VISION;D04;LG;D290;DIGITAL_CAMERA;OUTDOOR;MP4;ORIGINAL;NONE
D:\MA\VISION\D04_LG_D290\videos\outdoor\D04_V_outdoor_still_0002.mp4;VISION;D04;LG;D290;DIGITAL_CAMERA;OUTDOOR;MP4;ORIGINAL;NONE
D:\MA\VISION\D04_LG_D290\videos\outdoorWA\D04_V_outdoorWA_move_0001.mp4;VISION;D04;LG;D290;DIGITAL_CAMERA;OUTDOOR;MP4;WHATSAPP;NONE
D:\MA\VISION\D04_LG_D290\videos\outdoorWA\D04_V_outdoorWA_move_0002.mp4;VISION;D04;LG;D290;DIGITAL_CAMERA;OUTDOOR;MP4;WHATSAPP;NONE
D:\MA\VISION\D04_LG_D290\videos\outdoorWA\D04_V_outdoorWA_panrot_0001.mp4;VISION;D04;LG;D290;DIGITAL_CAMERA;OUTDOOR;MP4;WHATSAPP;NONE
D:\MA\VISION\D04_LG_D290\videos\outdoorWA\D04_V_outdoorWA_panrot_0002.mp4;VISION;D04;LG;D290;DIGITAL_CAMERA;OUTDOOR;MP4;WHATSAPP;NONE
D:\MA\VISION\D04_LG_D290\videos\outdoorWA\D04_V_outdoorWA_still_0001.mp4;VISION;D04;LG;D290;DIGITAL_CAMERA;OUTDOOR;MP4;WHATSAPP;NONE
D:\MA\VISION\D04_LG_D290\videos\outdoorWA\D04_V_outdoorWA_still_0002.mp4;VISION;D04;LG;D290;DIGITAL_CAMERA;OUTDOOR;MP4;WHATSAPP;NONE
D:\MA\VISION\D04_LG_D290\videos\outdoorYT\D04_V_outdoorYT_move_0001.mp4;VISION;D04;LG;D290;DIGITAL_CAMERA;OUTDOOR;MP4;YOUTUBE;NONE
D:\MA\VISION\D04_LG_D290\videos\outdoorYT\D04_V_outdoorYT_move_0002.mp4;VISION;D04;LG;D290;DIGITAL_CAMERA;OUTDOOR;MP4;YOUTUBE;NONE
D:\MA\VISION\D04_LG_D290\videos\outdoorYT\D04_V_outdoorYT_panrot_0001.mp4;VISION;D04;LG;D290;DIGITAL_CAMERA;OUTDOOR;MP4;YOUTUBE;NONE
D:\MA\VISION\D04_LG_D290\videos\outdoorYT\D04_V_outdoorYT_panrot_0002.mp4;VISION;D04;LG;D290;DIGITAL_CAMERA;OUTDOOR;MP4;YOUTUBE;NONE
D:\MA\VISION\D04_LG_D290\videos\outdoorYT\D04_V_outdoorYT_still_0001.mp4;VISION;D04;LG;D290;DIGITAL_CAMERA;OUTDOOR;MP4;YOUTUBE;NONE
D:\MA\VISION\D04_LG_D290\videos\outdoorYT\D04_V_outdoorYT_still_0002.mp4;VISION;D04;LG;D290;DIGITAL_CAMERA;OUTDOOR;MP4;YOUTUBE;NONE
D:\MA\VISION\D05_Apple_iPhone5c\videos\flat\D05_V_flat_move_0001.mov;VISION;D05;Apple;iPhone5c;DIGITAL_CAMERA;FLAT;MOV;ORIGINAL;NONE
D:\MA\VISION\D05_Apple_iPhone5c\videos\flat\D05_V_flat_move_0002.mov;VISION;D05;Apple;iPhone5c;DIGITAL_CAMERA;FLAT;MOV;ORIGINAL;NONE
D:\MA\VISION\D05_Apple_iPhone5c\videos\flat\D05_V_flat_move_0003.mov;VISION;D05;Apple;iPhone5c;DIGITAL_CAMERA;FLAT;MOV;ORIGINAL;NONE
D:\MA\VISION\D05_Apple_iPhone5c\videos\flat\D05_V_flat_panrot_0001.mov;VISION;D05;Apple;iPhone5c;DIGITAL_CAMERA;FLAT;MOV;ORIGINAL;NONE
D:\MA\VISION\D05_Apple_iPhone5c\videos\flat\D05_V_flat_panrot_0002.mov;VISION;D05;Apple;iPhone5c;DIGITAL_CAMERA;FLAT;MOV;ORIGINAL;NONE
D:\MA\VISION\D05_Apple_iPhone5c\videos\flat\D05_V_flat_still_0001.mov;VISION;D05;Apple;iPhone5c;DIGITAL_CAMERA;FLAT;MOV;ORIGINAL;NONE
D:\MA\VISION\D05_Apple_iPhone5c\videos\flat\D05_V_flat_still_0002.mov;VISION;D05;Apple;iPhone5c;DIGITAL_CAMERA;FLAT;MOV;ORIGINAL;NONE
D:\MA\VISION\D05_Apple_iPhone5c\videos\flatWA\D05_V_flatWA_move_0001.mp4;VISION;D05;Apple;iPhone5c;DIGITAL_CAMERA;FLAT;MP4;WHATSAPP;NONE
D:\MA\VISION\D05_Apple_iPhone5c\videos\flatWA\D05_V_flatWA_move_0002.mp4;VISION;D05;Apple;iPhone5c;DIGITAL_CAMERA;FLAT;MP4;WHATSAPP;NONE
D:\MA\VISION\D05_Apple_iPhone5c\videos\flatWA\D05_V_flatWA_move_0003.mp4;VISION;D05;Apple;iPhone5c;DIGITAL_CAMERA;FLAT;MP4;WHATSAPP;NONE
D:\MA\VISION\D05_Apple_iPhone5c\videos\flatWA\D05_V_flatWA_panrot_0001.mp4;VISION;D05;Apple;iPhone5c;DIGITAL_CAMERA;FLAT;MP4;WHATSAPP;NONE
D:\MA\VISION\D05_Apple_iPhone5c\videos\flatWA\D05_V_flatWA_panrot_0002.mp4;VISION;D05;Apple;iPhone5c;DIGITAL_CAMERA;FLAT;MP4;WHATSAPP;NONE
D:\MA\VISION\D05_Apple_iPhone5c\videos\flatWA\D05_V_flatWA_still_0001.mp4;VISION;D05;Apple;iPhone5c;DIGITAL_CAMERA;FLAT;MP4;WHATSAPP;NONE
D:\MA\VISION\D05_Apple_iPhone5c\videos\flatWA\D05_V_flatWA_still_0002.mp4;VISION;D05;Apple;iPhone5c;DIGITAL_CAMERA;FLAT;MP4;WHATSAPP;NONE
D:\MA\VISION\D05_Apple_iPhone5c\videos\flatYT\D05_V_flatYT_move_0001.mp4;VISION;D05;Apple;iPhone5c;DIGITAL_CAMERA;FLAT;MP4;YOUTUBE;NONE
D:\MA\VISION\D05_Apple_iPhone5c\videos\flatYT\D05_V_flatYT_move_0002.mp4;VISION;D05;Apple;iPhone5c;DIGITAL_CAMERA;FLAT;MP4;YOUTUBE;NONE
D:\MA\VISION\D05_Apple_iPhone5c\videos\flatYT\D05_V_flatYT_move_0003.mp4;VISION;D05;Apple;iPhone5c;DIGITAL_CAMERA;FLAT;MP4;YOUTUBE;NONE
D:\MA\VISION\D05_Apple_iPhone5c\videos\flatYT\D05_V_flatYT_panrot_0001.mp4;VISION;D05;Apple;iPhone5c;DIGITAL_CAMERA;FLAT;MP4;YOUTUBE;NONE
D:\MA\VISION\D05_Apple_iPhone5c\videos\flatYT\D05_V_flatYT_panrot_0002.mp4;VISION;D05;Apple;iPhone5c;DIGITAL_CAMERA;FLAT;MP4;YOUTUBE;NONE
D:\MA\VISION\D05_Apple_iPhone5c\videos\flatYT\D05_V_flatYT_still_0001.mp4;VISION;D05;Apple;iPhone5c;DIGITAL_CAMERA;FLAT;MP4;YOUTUBE;NONE
D:\MA\VISION\D05_Apple_iPhone5c\videos\flatYT\D05_V_flatYT_still_0002.mp4;VISION;D05;Apple;iPhone5c;DIGITAL_CAMERA;FLAT;MP4;YOUTUBE;NONE
D:\MA\VISION\D05_Apple_iPhone5c\videos\indoor\D05_V_indoor_move_0001.mov;VISION;D05;Apple;iPhone5c;DIGITAL_CAMERA;INDOOR;MOV;ORIGINAL;NONE
D:\MA\VISION\D05_Apple_iPhone5c\videos\indoor\D05_V_indoor_move_0002.mov;VISION;D05;Apple;iPhone5c;DIGITAL_CAMERA;INDOOR;MOV;ORIGINAL;NONE
D:\MA\VISION\D05_Apple_iPhone5c\videos\indoor\D05_V_indoor_panrot_0001.mov;VISION;D05;Apple;iPhone5c;DIGITAL_CAMERA;INDOOR;MOV;ORIGINAL;NONE
D:\MA\VISION\D05_Apple_iPhone5c\videos\indoor\D05_V_indoor_panrot_0002.mov;VISION;D05;Apple;iPhone5c;DIGITAL_CAMERA;INDOOR;MOV;ORIGINAL;NONE
D:\MA\VISION\D05_Apple_iPhone5c\videos\indoor\D05_V_indoor_still_0001.mov;VISION;D05;Apple;iPhone5c;DIGITAL_CAMERA;INDOOR;MOV;ORIGINAL;NONE
D:\MA\VISION\D05_Apple_iPhone5c\videos\indoor\D05_V_indoor_still_0002.mov;VISION;D05;Apple;iPhone5c;DIGITAL_CAMERA;INDOOR;MOV;ORIGINAL;NONE
D:\MA\VISION\D05_Apple_iPhone5c\videos\indoorWA\D05_V_indoorWA_move_0001.mp4;VISION;D05;Apple;iPhone5c;DIGITAL_CAMERA;INDOOR;MP4;WHATSAPP;NONE
D:\MA\VISION\D05_Apple_iPhone5c\videos\indoorWA\D05_V_indoorWA_move_0002.mp4;VISION;D05;Apple;iPhone5c;DIGITAL_CAMERA;INDOOR;MP4;WHATSAPP;NONE
D:\MA\VISION\D05_Apple_iPhone5c\videos\indoorWA\D05_V_indoorWA_panrot_0001.mp4;VISION;D05;Apple;iPhone5c;DIGITAL_CAMERA;INDOOR;MP4;WHATSAPP;NONE
D:\MA\VISION\D05_Apple_iPhone5c\videos\indoorWA\D05_V_indoorWA_panrot_0002.mp4;VISION;D05;Apple;iPhone5c;DIGITAL_CAMERA;INDOOR;MP4;WHATSAPP;NONE
D:\MA\VISION\D05_Apple_iPhone5c\videos\indoorWA\D05_V_indoorWA_still_0001.mp4;VISION;D05;Apple;iPhone5c;DIGITAL_CAMERA;INDOOR;MP4;WHATSAPP;NONE
D:\MA\VISION\D05_Apple_iPhone5c\videos\indoorWA\D05_V_indoorWA_still_0002.mp4;VISION;D05;Apple;iPhone5c;DIGITAL_CAMERA;INDOOR;MP4;WHATSAPP;NONE
D:\MA\VISION\D05_Apple_iPhone5c\videos\indoorYT\D05_V_indoorYT_move_0001.mp4;VISION;D05;Apple;iPhone5c;DIGITAL_CAMERA;INDOOR;MP4;YOUTUBE;NONE
D:\MA\VISION\D05_Apple_iPhone5c\videos\indoorYT\D05_V_indoorYT_move_0002.mp4;VISION;D05;Apple;iPhone5c;DIGITAL_CAMERA;INDOOR;MP4;YOUTUBE;NONE
D:\MA\VISION\D05_Apple_iPhone5c\videos\indoorYT\D05_V_indoorYT_panrot_0001.mp4;VISION;D05;Apple;iPhone5c;DIGITAL_CAMERA;INDOOR;MP4;YOUTUBE;NONE
D:\MA\VISION\D05_Apple_iPhone5c\videos\indoorYT\D05_V_indoorYT_panrot_0002.mp4;VISION;D05;Apple;iPhone5c;DIGITAL_CAMERA;INDOOR;MP4;YOUTUBE;NONE
D:\MA\VISION\D05_Apple_iPhone5c\videos\indoorYT\D05_V_indoorYT_still_0001.mp4;VISION;D05;Apple;iPhone5c;DIGITAL_CAMERA;INDOOR;MP4;YOUTUBE;NONE
D:\MA\VISION\D05_Apple_iPhone5c\videos\indoorYT\D05_V_indoorYT_still_0002.mp4;VISION;D05;Apple;iPhone5c;DIGITAL_CAMERA;INDOOR;MP4;YOUTUBE;NONE
D:\MA\VISION\D05_Apple_iPhone5c\videos\outdoor\D05_V_outdoor_move_0001.mov;VISION;D05;Apple;iPhone5c;DIGITAL_CAMERA;OUTDOOR;MOV;ORIGINAL;NONE
D:\MA\VISION\D05_Apple_iPhone5c\videos\outdoor\D05_V_outdoor_move_0002.mov;VISION;D05;Apple;iPhone5c;DIGITAL_CAMERA;OUTDOOR;MOV;ORIGINAL;NONE
D:\MA\VISION\D05_Apple_iPhone5c\videos\outdoor\D05_V_outdoor_panrot_0001.mov;VISION;D05;Apple;iPhone5c;DIGITAL_CAMERA;OUTDOOR;MOV;ORIGINAL;NONE
D:\MA\VISION\D05_Apple_iPhone5c\videos\outdoor\D05_V_outdoor_panrot_0002.mov;VISION;D05;Apple;iPhone5c;DIGITAL_CAMERA;OUTDOOR;MOV;ORIGINAL;NONE
D:\MA\VISION\D05_Apple_iPhone5c\videos\outdoor\D05_V_outdoor_still_0001.mov;VISION;D05;Apple;iPhone5c;DIGITAL_CAMERA;OUTDOOR;MOV;ORIGINAL;NONE
D:\MA\VISION\D05_Apple_iPhone5c\videos\outdoor\D05_V_outdoor_still_0002.mov;VISION;D05;Apple;iPhone5c;DIGITAL_CAMERA;OUTDOOR;MOV;ORIGINAL;NONE
D:\MA\VISION\D05_Apple_iPhone5c\videos\outdoorWA\D05_V_outdoorWA_move_0001.mp4;VISION;D05;Apple;iPhone5c;DIGITAL_CAMERA;OUTDOOR;MP4;WHATSAPP;NONE
D:\MA\VISION\D05_Apple_iPhone5c\videos\outdoorWA\D05_V_outdoorWA_move_0002.mp4;VISION;D05;Apple;iPhone5c;DIGITAL_CAMERA;OUTDOOR;MP4;WHATSAPP;NONE
D:\MA\VISION\D05_Apple_iPhone5c\videos\outdoorWA\D05_V_outdoorWA_panrot_0001.mp4;VISION;D05;Apple;iPhone5c;DIGITAL_CAMERA;OUTDOOR;MP4;WHATSAPP;NONE
D:\MA\VISION\D05_Apple_iPhone5c\videos\outdoorWA\D05_V_outdoorWA_panrot_0002.mp4;VISION;D05;Apple;iPhone5c;DIGITAL_CAMERA;OUTDOOR;MP4;WHATSAPP;NONE
D:\MA\VISION\D05_Apple_iPhone5c\videos\outdoorWA\D05_V_outdoorWA_still_0001.mp4;VISION;D05;Apple;iPhone5c;DIGITAL_CAMERA;OUTDOOR;MP4;WHATSAPP;NONE
D:\MA\VISION\D05_Apple_iPhone5c\videos\outdoorWA\D05_V_outdoorWA_still_0002.mp4;VISION;D05;Apple;iPhone5c;DIGITAL_CAMERA;OUTDOOR;MP4;WHATSAPP;NONE
D:\MA\VISION\D05_Apple_iPhone5c\videos\outdoorYT\D05_V_outdoorYT_move_0001.mp4;VISION;D05;Apple;iPhone5c;DIGITAL_CAMERA;OUTDOOR;MP4;YOUTUBE;NONE
D:\MA\VISION\D05_Apple_iPhone5c\videos\outdoorYT\D05_V_outdoorYT_move_0002.mp4;VISION;D05;Apple;iPhone5c;DIGITAL_CAMERA;OUTDOOR;MP4;YOUTUBE;NONE
D:\MA\VISION\D05_Apple_iPhone5c\videos\outdoorYT\D05_V_outdoorYT_panrot_0001.mp4;VISION;D05;Apple;iPhone5c;DIGITAL_CAMERA;OUTDOOR;MP4;YOUTUBE;NONE
D:\MA\VISION\D05_Apple_iPhone5c\videos\outdoorYT\D05_V_outdoorYT_panrot_0002.mp4;VISION;D05;Apple;iPhone5c;DIGITAL_CAMERA;OUTDOOR;MP4;YOUTUBE;NONE
D:\MA\VISION\D05_Apple_iPhone5c\videos\outdoorYT\D05_V_outdoorYT_still_0001.mp4;VISION;D05;Apple;iPhone5c;DIGITAL_CAMERA;OUTDOOR;MP4;YOUTUBE;NONE
D:\MA\VISION\D05_Apple_iPhone5c\videos\outdoorYT\D05_V_outdoorYT_still_0002.mp4;VISION;D05;Apple;iPhone5c;DIGITAL_CAMERA;OUTDOOR;MP4;YOUTUBE;NONE
D:\MA\VISION\D06_Apple_iPhone6\videos\flat\D06_V_flat_move_0001.mov;VISION;D06;Apple;iPhone6;DIGITAL_CAMERA;FLAT;MOV;ORIGINAL;NONE
D:\MA\VISION\D06_Apple_iPhone6\videos\flat\D06_V_flat_move_0002.mov;VISION;D06;Apple;iPhone6;DIGITAL_CAMERA;FLAT;MOV;ORIGINAL;NONE
D:\MA\VISION\D06_Apple_iPhone6\videos\flat\D06_V_flat_panrot_0001.mov;VISION;D06;Apple;iPhone6;DIGITAL_CAMERA;FLAT;MOV;ORIGINAL;NONE
D:\MA\VISION\D06_Apple_iPhone6\videos\flat\D06_V_flat_panrot_0002.mov;VISION;D06;Apple;iPhone6;DIGITAL_CAMERA;FLAT;MOV;ORIGINAL;NONE
D:\MA\VISION\D06_Apple_iPhone6\videos\flat\D06_V_flat_still_0001.mov;VISION;D06;Apple;iPhone6;DIGITAL_CAMERA;FLAT;MOV;ORIGINAL;NONE
D:\MA\VISION\D06_Apple_iPhone6\videos\flatWA\D06_V_flatWA_move_0001.mp4;VISION;D06;Apple;iPhone6;DIGITAL_CAMERA;FLAT;MP4;WHATSAPP;NONE
D:\MA\VISION\D06_Apple_iPhone6\videos\flatWA\D06_V_flatWA_move_0002.mp4;VISION;D06;Apple;iPhone6;DIGITAL_CAMERA;FLAT;MP4;WHATSAPP;NONE
D:\MA\VISION\D06_Apple_iPhone6\videos\flatWA\D06_V_flatWA_panrot_0001.mp4;VISION;D06;Apple;iPhone6;DIGITAL_CAMERA;FLAT;MP4;WHATSAPP;NONE
D:\MA\VISION\D06_Apple_iPhone6\videos\flatWA\D06_V_flatWA_panrot_0002.mp4;VISION;D06;Apple;iPhone6;DIGITAL_CAMERA;FLAT;MP4;WHATSAPP;NONE
D:\MA\VISION\D06_Apple_iPhone6\videos\flatWA\D06_V_flatWA_still_0001.mp4;VISION;D06;Apple;iPhone6;DIGITAL_CAMERA;FLAT;MP4;WHATSAPP;NONE
D:\MA\VISION\D06_Apple_iPhone6\videos\flatYT\D06_V_flatYT_move_0002.mp4;VISION;D06;Apple;iPhone6;DIGITAL_CAMERA;FLAT;MP4;YOUTUBE;NONE
D:\MA\VISION\D06_Apple_iPhone6\videos\flatYT\D06_V_flatYT_panrot_0001.mp4;VISION;D06;Apple;iPhone6;DIGITAL_CAMERA;FLAT;MP4;YOUTUBE;NONE
D:\MA\VISION\D06_Apple_iPhone6\videos\flatYT\D06_V_flatYT_panrot_0002.mp4;VISION;D06;Apple;iPhone6;DIGITAL_CAMERA;FLAT;MP4;YOUTUBE;NONE
D:\MA\VISION\D06_Apple_iPhone6\videos\flatYT\D06_V_flatYT_still_0001.mp4;VISION;D06;Apple;iPhone6;DIGITAL_CAMERA;FLAT;MP4;YOUTUBE;NONE
D:\MA\VISION\D06_Apple_iPhone6\videos\indoor\D06_V_indoor_move_0001.mov;VISION;D06;Apple;iPhone6;DIGITAL_CAMERA;INDOOR;MOV;ORIGINAL;NONE
D:\MA\VISION\D06_Apple_iPhone6\videos\indoor\D06_V_indoor_move_0002.mov;VISION;D06;Apple;iPhone6;DIGITAL_CAMERA;INDOOR;MOV;ORIGINAL;NONE
D:\MA\VISION\D06_Apple_iPhone6\videos\indoor\D06_V_indoor_panrot_0001.mov;VISION;D06;Apple;iPhone6;DIGITAL_CAMERA;INDOOR;MOV;ORIGINAL;NONE
D:\MA\VISION\D06_Apple_iPhone6\videos\indoor\D06_V_indoor_panrot_0002.mov;VISION;D06;Apple;iPhone6;DIGITAL_CAMERA;INDOOR;MOV;ORIGINAL;NONE
D:\MA\VISION\D06_Apple_iPhone6\videos\indoor\D06_V_indoor_still_0001.mov;VISION;D06;Apple;iPhone6;DIGITAL_CAMERA;INDOOR;MOV;ORIGINAL;NONE
D:\MA\VISION\D06_Apple_iPhone6\videos\indoor\D06_V_indoor_still_0002.mov;VISION;D06;Apple;iPhone6;DIGITAL_CAMERA;INDOOR;MOV;ORIGINAL;NONE
D:\MA\VISION\D06_Apple_iPhone6\videos\indoorWA\D06_V_indoorWA_move_0001.mp4;VISION;D06;Apple;iPhone6;DIGITAL_CAMERA;INDOOR;MP4;WHATSAPP;NONE
D:\MA\VISION\D06_Apple_iPhone6\videos\indoorWA\D06_V_indoorWA_move_0002.mov.mp4;VISION;D06;Apple;iPhone6;DIGITAL_CAMERA;INDOOR;MP4;WHATSAPP;NONE
D:\MA\VISION\D06_Apple_iPhone6\videos\indoorWA\D06_V_indoorWA_panrot_0001.mp4;VISION;D06;Apple;iPhone6;DIGITAL_CAMERA;INDOOR;MP4;WHATSAPP;NONE
D:\MA\VISION\D06_Apple_iPhone6\videos\indoorWA\D06_V_indoorWA_panrot_0002.mp4;VISION;D06;Apple;iPhone6;DIGITAL_CAMERA;INDOOR;MP4;WHATSAPP;NONE
D:\MA\VISION\D06_Apple_iPhone6\videos\indoorWA\D06_V_indoorWA_still_0001.mp4;VISION;D06;Apple;iPhone6;DIGITAL_CAMERA;INDOOR;MP4;WHATSAPP;NONE
D:\MA\VISION\D06_Apple_iPhone6\videos\indoorWA\D06_V_indoorWA_still_0002.mp4;VISION;D06;Apple;iPhone6;DIGITAL_CAMERA;INDOOR;MP4;WHATSAPP;NONE
D:\MA\VISION\D06_Apple_iPhone6\videos\indoorYT\D06_V_indoorYT_move_0002.mp4;VISION;D06;Apple;iPhone6;DIGITAL_CAMERA;INDOOR;MP4;YOUTUBE;NONE
D:\MA\VISION\D06_Apple_iPhone6\videos\indoorYT\D06_V_indoorYT_panrot_0001.mp4;VISION;D06;Apple;iPhone6;DIGITAL_CAMERA;INDOOR;MP4;YOUTUBE;NONE
D:\MA\VISION\D06_Apple_iPhone6\videos\indoorYT\D06_V_indoorYT_panrot_0002.mp4;VISION;D06;Apple;iPhone6;DIGITAL_CAMERA;INDOOR;MP4;YOUTUBE;NONE
D:\MA\VISION\D06_Apple_iPhone6\videos\indoorYT\D06_V_indoorYT_still_0001.mp4;VISION;D06;Apple;iPhone6;DIGITAL_CAMERA;INDOOR;MP4;YOUTUBE;NONE
D:\MA\VISION\D06_Apple_iPhone6\videos\indoorYT\D06_V_indoorYT_still_0002.mp4;VISION;D06;Apple;iPhone6;DIGITAL_CAMERA;INDOOR;MP4;YOUTUBE;NONE
D:\MA\VISION\D06_Apple_iPhone6\videos\outdoor\D06_V_outdoor_move_0001.mov;VISION;D06;Apple;iPhone6;DIGITAL_CAMERA;OUTDOOR;MOV;ORIGINAL;NONE
D:\MA\VISION\D06_Apple_iPhone6\videos\outdoor\D06_V_outdoor_move_0002.mov;VISION;D06;Apple;iPhone6;DIGITAL_CAMERA;OUTDOOR;MOV;ORIGINAL;NONE
D:\MA\VISION\D06_Apple_iPhone6\videos\outdoor\D06_V_outdoor_panrot_0001.mov;VISION;D06;Apple;iPhone6;DIGITAL_CAMERA;OUTDOOR;MOV;ORIGINAL;NONE
D:\MA\VISION\D06_Apple_iPhone6\videos\outdoor\D06_V_outdoor_panrot_0002.mov;VISION;D06;Apple;iPhone6;DIGITAL_CAMERA;OUTDOOR;MOV;ORIGINAL;NONE
D:\MA\VISION\D06_Apple_iPhone6\videos\outdoor\D06_V_outdoor_still_0001.mov;VISION;D06;Apple;iPhone6;DIGITAL_CAMERA;OUTDOOR;MOV;ORIGINAL;NONE
D:\MA\VISION\D06_Apple_iPhone6\videos\outdoor\D06_V_outdoor_still_0002.mov;VISION;D06;Apple;iPhone6;DIGITAL_CAMERA;OUTDOOR;MOV;ORIGINAL;NONE
D:\MA\VISION\D06_Apple_iPhone6\videos\outdoorWA\D06_V_outdoorWA_move_0001.mp4;VISION;D06;Apple;iPhone6;DIGITAL_CAMERA;OUTDOOR;MP4;WHATSAPP;NONE
D:\MA\VISION\D06_Apple_iPhone6\videos\outdoorWA\D06_V_outdoorWA_move_0002.mp4;VISION;D06;Apple;iPhone6;DIGITAL_CAMERA;OUTDOOR;MP4;WHATSAPP;NONE
D:\MA\VISION\D06_Apple_iPhone6\videos\outdoorWA\D06_V_outdoorWA_panrot_0001.mp4;VISION;D06;Apple;iPhone6;DIGITAL_CAMERA;OUTDOOR;MP4;WHATSAPP;NONE
D:\MA\VISION\D06_Apple_iPhone6\videos\outdoorWA\D06_V_outdoorWA_panrot_0002.mov.mp4;VISION;D06;Apple;iPhone6;DIGITAL_CAMERA;OUTDOOR;MP4;WHATSAPP;NONE
D:\MA\VISION\D06_Apple_iPhone6\videos\outdoorWA\D06_V_outdoorWA_still_0001.mp4;VISION;D06;Apple;iPhone6;DIGITAL_CAMERA;OUTDOOR;MP4;WHATSAPP;NONE
D:\MA\VISION\D06_Apple_iPhone6\videos\outdoorWA\D06_V_outdoorWA_still_0002.mp4;VISION;D06;Apple;iPhone6;DIGITAL_CAMERA;OUTDOOR;MP4;WHATSAPP;NONE
D:\MA\VISION\D06_Apple_iPhone6\videos\outdoorYT\D06_V_outdoorYT_move_0001.mp4;VISION;D06;Apple;iPhone6;DIGITAL_CAMERA;OUTDOOR;MP4;YOUTUBE;NONE
D:\MA\VISION\D06_Apple_iPhone6\videos\outdoorYT\D06_V_outdoorYT_move_0002.mp4;VISION;D06;Apple;iPhone6;DIGITAL_CAMERA;OUTDOOR;MP4;YOUTUBE;NONE
D:\MA\VISION\D06_Apple_iPhone6\videos\outdoorYT\D06_V_outdoorYT_panrot_0001.mp4;VISION;D06;Apple;iPhone6;DIGITAL_CAMERA;OUTDOOR;MP4;YOUTUBE;NONE
D:\MA\VISION\D06_Apple_iPhone6\videos\outdoorYT\D06_V_outdoorYT_panrot_0002.mp4;VISION;D06;Apple;iPhone6;DIGITAL_CAMERA;OUTDOOR;MP4;YOUTUBE;NONE
D:\MA\VISION\D06_Apple_iPhone6\videos\outdoorYT\D06_V_outdoorYT_still_0001.mp4;VISION;D06;Apple;iPhone6;DIGITAL_CAMERA;OUTDOOR;MP4;YOUTUBE;NONE
D:\MA\VISION\D06_Apple_iPhone6\videos\outdoorYT\D06_V_outdoorYT_still_0002.mp4;VISION;D06;Apple;iPhone6;DIGITAL_CAMERA;OUTDOOR;MP4;YOUTUBE;NONE
D:\MA\VISION\D07_Lenovo_P70A\videos\flatWA\D07_V_flatWA_move_0001.mp4;VISION;D07;Lenovo;P70A;DIGITAL_CAMERA;FLAT;MP4;WHATSAPP;NONE
D:\MA\VISION\D07_Lenovo_P70A\videos\flatWA\D07_V_flatWA_move_0002.mp4;VISION;D07;Lenovo;P70A;DIGITAL_CAMERA;FLAT;MP4;WHATSAPP;NONE
D:\MA\VISION\D07_Lenovo_P70A\videos\flatWA\D07_V_flatWA_move_0003.mp4;VISION;D07;Lenovo;P70A;DIGITAL_CAMERA;FLAT;MP4;WHATSAPP;NONE
D:\MA\VISION\D07_Lenovo_P70A\videos\flatWA\D07_V_flatWA_panrot_0001.mp4;VISION;D07;Lenovo;P70A;DIGITAL_CAMERA;FLAT;MP4;WHATSAPP;NONE
D:\MA\VISION\D07_Lenovo_P70A\videos\flatWA\D07_V_flatWA_panrot_0002.mp4;VISION;D07;Lenovo;P70A;DIGITAL_CAMERA;FLAT;MP4;WHATSAPP;NONE
D:\MA\VISION\D07_Lenovo_P70A\videos\flatWA\D07_V_flatWA_still_0001.mp4;VISION;D07;Lenovo;P70A;DIGITAL_CAMERA;FLAT;MP4;WHATSAPP;NONE
D:\MA\VISION\D07_Lenovo_P70A\videos\flatWA\D07_V_flatWA_still_0002.mp4;VISION;D07;Lenovo;P70A;DIGITAL_CAMERA;FLAT;MP4;WHATSAPP;NONE
D:\MA\VISION\D07_Lenovo_P70A\videos\flatYT\D07_V_flatYT_move_0001.mp4;VISION;D07;Lenovo;P70A;DIGITAL_CAMERA;FLAT;MP4;YOUTUBE;NONE
D:\MA\VISION\D07_Lenovo_P70A\videos\flatYT\D07_V_flatYT_move_0002.mp4;VISION;D07;Lenovo;P70A;DIGITAL_CAMERA;FLAT;MP4;YOUTUBE;NONE
D:\MA\VISION\D07_Lenovo_P70A\videos\flatYT\D07_V_flatYT_move_0003.mp4;VISION;D07;Lenovo;P70A;DIGITAL_CAMERA;FLAT;MP4;YOUTUBE;NONE
D:\MA\VISION\D07_Lenovo_P70A\videos\flatYT\D07_V_flatYT_panrot_0001.mp4;VISION;D07;Lenovo;P70A;DIGITAL_CAMERA;FLAT;MP4;YOUTUBE;NONE
D:\MA\VISION\D07_Lenovo_P70A\videos\flatYT\D07_V_flatYT_panrot_0002.mp4;VISION;D07;Lenovo;P70A;DIGITAL_CAMERA;FLAT;MP4;YOUTUBE;NONE
D:\MA\VISION\D07_Lenovo_P70A\videos\flatYT\D07_V_flatYT_still_0001.mp4;VISION;D07;Lenovo;P70A;DIGITAL_CAMERA;FLAT;MP4;YOUTUBE;NONE
D:\MA\VISION\D07_Lenovo_P70A\videos\flatYT\D07_V_flatYT_still_0002.mp4;VISION;D07;Lenovo;P70A;DIGITAL_CAMERA;FLAT;MP4;YOUTUBE;NONE
D:\MA\VISION\D07_Lenovo_P70A\videos\indoorWA\D07_V_indoorWA_move_0001.mp4;VISION;D07;Lenovo;P70A;DIGITAL_CAMERA;INDOOR;MP4;WHATSAPP;NONE
D:\MA\VISION\D07_Lenovo_P70A\videos\indoorWA\D07_V_indoorWA_move_0002.mp4;VISION;D07;Lenovo;P70A;DIGITAL_CAMERA;INDOOR;MP4;WHATSAPP;NONE
D:\MA\VISION\D07_Lenovo_P70A\videos\indoorWA\D07_V_indoorWA_panrot_0001.mp4;VISION;D07;Lenovo;P70A;DIGITAL_CAMERA;INDOOR;MP4;WHATSAPP;NONE
D:\MA\VISION\D07_Lenovo_P70A\videos\indoorWA\D07_V_indoorWA_panrot_0002.mp4;VISION;D07;Lenovo;P70A;DIGITAL_CAMERA;INDOOR;MP4;WHATSAPP;NONE
D:\MA\VISION\D07_Lenovo_P70A\videos\indoorWA\D07_V_indoorWA_still_0001.mp4;VISION;D07;Lenovo;P70A;DIGITAL_CAMERA;INDOOR;MP4;WHATSAPP;NONE
D:\MA\VISION\D07_Lenovo_P70A\videos\indoorWA\D07_V_indoorWA_still_0002.mp4;VISION;D07;Lenovo;P70A;DIGITAL_CAMERA;INDOOR;MP4;WHATSAPP;NONE
D:\MA\VISION\D07_Lenovo_P70A\videos\indoorYT\D07_V_indoorYT_move_0001.mp4;VISION;D07;Lenovo;P70A;DIGITAL_CAMERA;INDOOR;MP4;YOUTUBE;NONE
D:\MA\VISION\D07_Lenovo_P70A\videos\indoorYT\D07_V_indoorYT_move_0002.mp4;VISION;D07;Lenovo;P70A;DIGITAL_CAMERA;INDOOR;MP4;YOUTUBE;NONE
D:\MA\VISION\D07_Lenovo_P70A\videos\indoorYT\D07_V_indoorYT_panrot_0001.mp4;VISION;D07;Lenovo;P70A;DIGITAL_CAMERA;INDOOR;MP4;YOUTUBE;NONE
D:\MA\VISION\D07_Lenovo_P70A\videos\indoorYT\D07_V_indoorYT_panrot_0002.mp4;VISION;D07;Lenovo;P70A;DIGITAL_CAMERA;INDOOR;MP4;YOUTUBE;NONE
D:\MA\VISION\D07_Lenovo_P70A\videos\indoorYT\D07_V_indoorYT_still_0001.mp4;VISION;D07;Lenovo;P70A;DIGITAL_CAMERA;INDOOR;MP4;YOUTUBE;NONE
D:\MA\VISION\D07_Lenovo_P70A\videos\indoorYT\D07_V_indoorYT_still_0002.mp4;VISION;D07;Lenovo;P70A;DIGITAL_CAMERA;INDOOR;MP4;YOUTUBE;NONE
D:\MA\VISION\D07_Lenovo_P70A\videos\outdoorWA\D07_V_outdoorWA_move_0001.mp4;VISION;D07;Lenovo;P70A;DIGITAL_CAMERA;OUTDOOR;MP4;WHATSAPP;NONE
D:\MA\VISION\D07_Lenovo_P70A\videos\outdoorWA\D07_V_outdoorWA_move_0002.mp4;VISION;D07;Lenovo;P70A;DIGITAL_CAMERA;OUTDOOR;MP4;WHATSAPP;NONE
D:\MA\VISION\D07_Lenovo_P70A\videos\outdoorWA\D07_V_outdoorWA_panrot_0001.mp4;VISION;D07;Lenovo;P70A;DIGITAL_CAMERA;OUTDOOR;MP4;WHATSAPP;NONE
D:\MA\VISION\D07_Lenovo_P70A\videos\outdoorWA\D07_V_outdoorWA_panrot_0002.mp4;VISION;D07;Lenovo;P70A;DIGITAL_CAMERA;OUTDOOR;MP4;WHATSAPP;NONE
D:\MA\VISION\D07_Lenovo_P70A\videos\outdoorWA\D07_V_outdoorWA_still_0001.mp4;VISION;D07;Lenovo;P70A;DIGITAL_CAMERA;OUTDOOR;MP4;WHATSAPP;NONE
D:\MA\VISION\D07_Lenovo_P70A\videos\outdoorWA\D07_V_outdoorWA_still_0002.mp4;VISION;D07;Lenovo;P70A;DIGITAL_CAMERA;OUTDOOR;MP4;WHATSAPP;NONE
D:\MA\VISION\D07_Lenovo_P70A\videos\outdoorYT\D07_V_outdoorYT_move_0001.mp4;VISION;D07;Lenovo;P70A;DIGITAL_CAMERA;OUTDOOR;MP4;YOUTUBE;NONE
D:\MA\VISION\D07_Lenovo_P70A\videos\outdoorYT\D07_V_outdoorYT_move_0002.mp4;VISION;D07;Lenovo;P70A;DIGITAL_CAMERA;OUTDOOR;MP4;YOUTUBE;NONE
D:\MA\VISION\D07_Lenovo_P70A\videos\outdoorYT\D07_V_outdoorYT_panrot_0001.mp4;VISION;D07;Lenovo;P70A;DIGITAL_CAMERA;OUTDOOR;MP4;YOUTUBE;NONE
D:\MA\VISION\D07_Lenovo_P70A\videos\outdoorYT\D07_V_outdoorYT_panrot_0002.mp4;VISION;D07;Lenovo;P70A;DIGITAL_CAMERA;OUTDOOR;MP4;YOUTUBE;NONE
D:\MA\VISION\D07_Lenovo_P70A\videos\outdoorYT\D07_V_outdoorYT_still_0001.mp4;VISION;D07;Lenovo;P70A;DIGITAL_CAMERA;OUTDOOR;MP4;YOUTUBE;NONE
D:\MA\VISION\D07_Lenovo_P70A\videos\outdoorYT\D07_V_outdoorYT_still_0002.mp4;VISION;D07;Lenovo;P70A;DIGITAL_CAMERA;OUTDOOR;MP4;YOUTUBE;NONE
D:\MA\VISION\D08_Samsung_GalaxyTab3\videos\flat\D08_V_flat_move_0001.mp4;VISION;D08;Samsung;GalaxyTab3;DIGITAL_CAMERA;FLAT;MP4;ORIGINAL;NONE
D:\MA\VISION\D08_Samsung_GalaxyTab3\videos\flat\D08_V_flat_move_0002.mp4;VISION;D08;Samsung;GalaxyTab3;DIGITAL_CAMERA;FLAT;MP4;ORIGINAL;NONE
D:\MA\VISION\D08_Samsung_GalaxyTab3\videos\flat\D08_V_flat_move_0003.mp4;VISION;D08;Samsung;GalaxyTab3;DIGITAL_CAMERA;FLAT;MP4;ORIGINAL;NONE
D:\MA\VISION\D08_Samsung_GalaxyTab3\videos\flat\D08_V_flat_move_0004.mp4;VISION;D08;Samsung;GalaxyTab3;DIGITAL_CAMERA;FLAT;MP4;ORIGINAL;NONE
D:\MA\VISION\D08_Samsung_GalaxyTab3\videos\flat\D08_V_flat_panrot_0001.mp4;VISION;D08;Samsung;GalaxyTab3;DIGITAL_CAMERA;FLAT;MP4;ORIGINAL;NONE
D:\MA\VISION\D08_Samsung_GalaxyTab3\videos\flat\D08_V_flat_panrot_0002.mp4;VISION;D08;Samsung;GalaxyTab3;DIGITAL_CAMERA;FLAT;MP4;ORIGINAL;NONE
D:\MA\VISION\D08_Samsung_GalaxyTab3\videos\flat\D08_V_flat_panrot_0003.mp4;VISION;D08;Samsung;GalaxyTab3;DIGITAL_CAMERA;FLAT;MP4;ORIGINAL;NONE
D:\MA\VISION\D08_Samsung_GalaxyTab3\videos\flat\D08_V_flat_panrot_0004.mp4;VISION;D08;Samsung;GalaxyTab3;DIGITAL_CAMERA;FLAT;MP4;ORIGINAL;NONE
D:\MA\VISION\D08_Samsung_GalaxyTab3\videos\flat\D08_V_flat_still_0001.mp4;VISION;D08;Samsung;GalaxyTab3;DIGITAL_CAMERA;FLAT;MP4;ORIGINAL;NONE
D:\MA\VISION\D08_Samsung_GalaxyTab3\videos\flat\D08_V_flat_still_0002.mp4;VISION;D08;Samsung;GalaxyTab3;DIGITAL_CAMERA;FLAT;MP4;ORIGINAL;NONE
D:\MA\VISION\D08_Samsung_GalaxyTab3\videos\flat\D08_V_flat_still_0003.mp4;VISION;D08;Samsung;GalaxyTab3;DIGITAL_CAMERA;FLAT;MP4;ORIGINAL;NONE
D:\MA\VISION\D08_Samsung_GalaxyTab3\videos\flat\D08_V_flat_still_0004.mp4;VISION;D08;Samsung;GalaxyTab3;DIGITAL_CAMERA;FLAT;MP4;ORIGINAL;NONE
D:\MA\VISION\D08_Samsung_GalaxyTab3\videos\flat\D08_V_flat_still_0005.mp4;VISION;D08;Samsung;GalaxyTab3;DIGITAL_CAMERA;FLAT;MP4;ORIGINAL;NONE
D:\MA\VISION\D08_Samsung_GalaxyTab3\videos\flatWA\D08_V_flatWA_move_0001.mp4;VISION;D08;Samsung;GalaxyTab3;DIGITAL_CAMERA;FLAT;MP4;WHATSAPP;NONE
D:\MA\VISION\D08_Samsung_GalaxyTab3\videos\flatWA\D08_V_flatWA_move_0002.mp4;VISION;D08;Samsung;GalaxyTab3;DIGITAL_CAMERA;FLAT;MP4;WHATSAPP;NONE
D:\MA\VISION\D08_Samsung_GalaxyTab3\videos\flatWA\D08_V_flatWA_move_0003.mp4;VISION;D08;Samsung;GalaxyTab3;DIGITAL_CAMERA;FLAT;MP4;WHATSAPP;NONE
D:\MA\VISION\D08_Samsung_GalaxyTab3\videos\flatWA\D08_V_flatWA_move_0004.mp4;VISION;D08;Samsung;GalaxyTab3;DIGITAL_CAMERA;FLAT;MP4;WHATSAPP;NONE
D:\MA\VISION\D08_Samsung_GalaxyTab3\videos\flatWA\D08_V_flatWA_panrot_0001.mp4;VISION;D08;Samsung;GalaxyTab3;DIGITAL_CAMERA;FLAT;MP4;WHATSAPP;NONE
D:\MA\VISION\D08_Samsung_GalaxyTab3\videos\flatWA\D08_V_flatWA_panrot_0003.mp4;VISION;D08;Samsung;GalaxyTab3;DIGITAL_CAMERA;FLAT;MP4;WHATSAPP;NONE
D:\MA\VISION\D08_Samsung_GalaxyTab3\videos\flatWA\D08_V_flatWA_panrot_0004.mp4;VISION;D08;Samsung;GalaxyTab3;DIGITAL_CAMERA;FLAT;MP4;WHATSAPP;NONE
D:\MA\VISION\D08_Samsung_GalaxyTab3\videos\flatWA\D08_V_flatWA_still_0001.mp4;VISION;D08;Samsung;GalaxyTab3;DIGITAL_CAMERA;FLAT;MP4;WHATSAPP;NONE
D:\MA\VISION\D08_Samsung_GalaxyTab3\videos\flatWA\D08_V_flatWA_still_0002.mp4;VISION;D08;Samsung;GalaxyTab3;DIGITAL_CAMERA;FLAT;MP4;WHATSAPP;NONE
D:\MA\VISION\D08_Samsung_GalaxyTab3\videos\flatWA\D08_V_flatWA_still_0003.mp4;VISION;D08;Samsung;GalaxyTab3;DIGITAL_CAMERA;FLAT;MP4;WHATSAPP;NONE
D:\MA\VISION\D08_Samsung_GalaxyTab3\videos\flatWA\D08_V_flatWA_still_0004.mp4;VISION;D08;Samsung;GalaxyTab3;DIGITAL_CAMERA;FLAT;MP4;WHATSAPP;NONE
D:\MA\VISION\D08_Samsung_GalaxyTab3\videos\flatWA\D08_V_flatWA_still_0005.mp4;VISION;D08;Samsung;GalaxyTab3;DIGITAL_CAMERA;FLAT;MP4;WHATSAPP;NONE
D:\MA\VISION\D08_Samsung_GalaxyTab3\videos\flatYT\D08_V_flatYT_move_0001.mp4;VISION;D08;Samsung;GalaxyTab3;DIGITAL_CAMERA;FLAT;MP4;YOUTUBE;NONE
D:\MA\VISION\D08_Samsung_GalaxyTab3\videos\flatYT\D08_V_flatYT_move_0002.mp4;VISION;D08;Samsung;GalaxyTab3;DIGITAL_CAMERA;FLAT;MP4;YOUTUBE;NONE
D:\MA\VISION\D08_Samsung_GalaxyTab3\videos\flatYT\D08_V_flatYT_move_0003.mp4;VISION;D08;Samsung;GalaxyTab3;DIGITAL_CAMERA;FLAT;MP4;YOUTUBE;NONE
D:\MA\VISION\D08_Samsung_GalaxyTab3\videos\flatYT\D08_V_flatYT_move_0004.mp4;VISION;D08;Samsung;GalaxyTab3;DIGITAL_CAMERA;FLAT;MP4;YOUTUBE;NONE
D:\MA\VISION\D08_Samsung_GalaxyTab3\videos\flatYT\D08_V_flatYT_panrot_0001.mp4;VISION;D08;Samsung;GalaxyTab3;DIGITAL_CAMERA;FLAT;MP4;YOUTUBE;NONE
D:\MA\VISION\D08_Samsung_GalaxyTab3\videos\flatYT\D08_V_flatYT_panrot_0002.mp4;VISION;D08;Samsung;GalaxyTab3;DIGITAL_CAMERA;FLAT;MP4;YOUTUBE;NONE
D:\MA\VISION\D08_Samsung_GalaxyTab3\videos\flatYT\D08_V_flatYT_panrot_0003.mp4;VISION;D08;Samsung;GalaxyTab3;DIGITAL_CAMERA;FLAT;MP4;YOUTUBE;NONE
D:\MA\VISION\D08_Samsung_GalaxyTab3\videos\flatYT\D08_V_flatYT_panrot_0004.mp4;VISION;D08;Samsung;GalaxyTab3;DIGITAL_CAMERA;FLAT;MP4;YOUTUBE;NONE
D:\MA\VISION\D08_Samsung_GalaxyTab3\videos\flatYT\D08_V_flatYT_still_0001.mp4;VISION;D08;Samsung;GalaxyTab3;DIGITAL_CAMERA;FLAT;MP4;YOUTUBE;NONE
D:\MA\VISION\D08_Samsung_GalaxyTab3\videos\flatYT\D08_V_flatYT_still_0002.mp4;VISION;D08;Samsung;GalaxyTab3;DIGITAL_CAMERA;FLAT;MP4;YOUTUBE;NONE
D:\MA\VISION\D08_Samsung_GalaxyTab3\videos\flatYT\D08_V_flatYT_still_0003.mp4;VISION;D08;Samsung;GalaxyTab3;DIGITAL_CAMERA;FLAT;MP4;YOUTUBE;NONE
D:\MA\VISION\D08_Samsung_GalaxyTab3\videos\flatYT\D08_V_flatYT_still_0004.mp4;VISION;D08;Samsung;GalaxyTab3;DIGITAL_CAMERA;FLAT;MP4;YOUTUBE;NONE
D:\MA\VISION\D08_Samsung_GalaxyTab3\videos\flatYT\D08_V_flatYT_still_0005.mp4;VISION;D08;Samsung;GalaxyTab3;DIGITAL_CAMERA;FLAT;MP4;YOUTUBE;NONE
D:\MA\VISION\D08_Samsung_GalaxyTab3\videos\indoor\D08_V_indoor_move_0001.mp4;VISION;D08;Samsung;GalaxyTab3;DIGITAL_CAMERA;INDOOR;MP4;ORIGINAL;NONE
D:\MA\VISION\D08_Samsung_GalaxyTab3\videos\indoor\D08_V_indoor_move_0002.mp4;VISION;D08;Samsung;GalaxyTab3;DIGITAL_CAMERA;INDOOR;MP4;ORIGINAL;NONE
D:\MA\VISION\D08_Samsung_GalaxyTab3\videos\indoor\D08_V_indoor_move_0003.mp4;VISION;D08;Samsung;GalaxyTab3;DIGITAL_CAMERA;INDOOR;MP4;ORIGINAL;NONE
D:\MA\VISION\D08_Samsung_GalaxyTab3\videos\indoor\D08_V_indoor_move_0004.mp4;VISION;D08;Samsung;GalaxyTab3;DIGITAL_CAMERA;INDOOR;MP4;ORIGINAL;NONE
D:\MA\VISION\D08_Samsung_GalaxyTab3\videos\indoor\D08_V_indoor_panrot_0001.mp4;VISION;D08;Samsung;GalaxyTab3;DIGITAL_CAMERA;INDOOR;MP4;ORIGINAL;NONE
D:\MA\VISION\D08_Samsung_GalaxyTab3\videos\indoor\D08_V_indoor_panrot_0002.mp4;VISION;D08;Samsung;GalaxyTab3;DIGITAL_CAMERA;INDOOR;MP4;ORIGINAL;NONE
D:\MA\VISION\D08_Samsung_GalaxyTab3\videos\indoor\D08_V_indoor_panrot_0003.mp4;VISION;D08;Samsung;GalaxyTab3;DIGITAL_CAMERA;INDOOR;MP4;ORIGINAL;NONE
D:\MA\VISION\D08_Samsung_GalaxyTab3\videos\indoor\D08_V_indoor_panrot_0004.mp4;VISION;D08;Samsung;GalaxyTab3;DIGITAL_CAMERA;INDOOR;MP4;ORIGINAL;NONE
D:\MA\VISION\D08_Samsung_GalaxyTab3\videos\indoor\D08_V_indoor_still_0001.mp4;VISION;D08;Samsung;GalaxyTab3;DIGITAL_CAMERA;INDOOR;MP4;ORIGINAL;NONE
D:\MA\VISION\D08_Samsung_GalaxyTab3\videos\indoor\D08_V_indoor_still_0002.mp4;VISION;D08;Samsung;GalaxyTab3;DIGITAL_CAMERA;INDOOR;MP4;ORIGINAL;NONE
D:\MA\VISION\D08_Samsung_GalaxyTab3\videos\indoor\D08_V_indoor_still_0003.mp4;VISION;D08;Samsung;GalaxyTab3;DIGITAL_CAMERA;INDOOR;MP4;ORIGINAL;NONE
D:\MA\VISION\D08_Samsung_GalaxyTab3\videos\indoor\D08_V_indoor_still_0004.mp4;VISION;D08;Samsung;GalaxyTab3;DIGITAL_CAMERA;INDOOR;MP4;ORIGINAL;NONE
D:\MA\VISION\D08_Samsung_GalaxyTab3\videos\indoorWA\D08_V_indoorWA_move_0001.mp4;VISION;D08;Samsung;GalaxyTab3;DIGITAL_CAMERA;INDOOR;MP4;WHATSAPP;NONE
D:\MA\VISION\D08_Samsung_GalaxyTab3\videos\indoorWA\D08_V_indoorWA_move_0002.mp4;VISION;D08;Samsung;GalaxyTab3;DIGITAL_CAMERA;INDOOR;MP4;WHATSAPP;NONE
D:\MA\VISION\D08_Samsung_GalaxyTab3\videos\indoorWA\D08_V_indoorWA_move_0003.mp4;VISION;D08;Samsung;GalaxyTab3;DIGITAL_CAMERA;INDOOR;MP4;WHATSAPP;NONE
D:\MA\VISION\D08_Samsung_GalaxyTab3\videos\indoorWA\D08_V_indoorWA_move_0004.mp4;VISION;D08;Samsung;GalaxyTab3;DIGITAL_CAMERA;INDOOR;MP4;WHATSAPP;NONE
D:\MA\VISION\D08_Samsung_GalaxyTab3\videos\indoorWA\D08_V_indoorWA_panrot_0001.mp4;VISION;D08;Samsung;GalaxyTab3;DIGITAL_CAMERA;INDOOR;MP4;WHATSAPP;NONE
D:\MA\VISION\D08_Samsung_GalaxyTab3\videos\indoorWA\D08_V_indoorWA_panrot_0002.mp4;VISION;D08;Samsung;GalaxyTab3;DIGITAL_CAMERA;INDOOR;MP4;WHATSAPP;NONE
D:\MA\VISION\D08_Samsung_GalaxyTab3\videos\indoorWA\D08_V_indoorWA_panrot_0003.mp4;VISION;D08;Samsung;GalaxyTab3;DIGITAL_CAMERA;INDOOR;MP4;WHATSAPP;NONE
D:\MA\VISION\D08_Samsung_GalaxyTab3\videos\indoorWA\D08_V_indoorWA_panrot_0004.mp4;VISION;D08;Samsung;GalaxyTab3;DIGITAL_CAMERA;INDOOR;MP4;WHATSAPP;NONE
D:\MA\VISION\D08_Samsung_GalaxyTab3\videos\indoorWA\D08_V_indoorWA_still_0001.mp4;VISION;D08;Samsung;GalaxyTab3;DIGITAL_CAMERA;INDOOR;MP4;WHATSAPP;NONE
D:\MA\VISION\D08_Samsung_GalaxyTab3\videos\indoorWA\D08_V_indoorWA_still_0002.mp4;VISION;D08;Samsung;GalaxyTab3;DIGITAL_CAMERA;INDOOR;MP4;WHATSAPP;NONE
D:\MA\VISION\D08_Samsung_GalaxyTab3\videos\indoorWA\D08_V_indoorWA_still_0003.mp4;VISION;D08;Samsung;GalaxyTab3;DIGITAL_CAMERA;INDOOR;MP4;WHATSAPP;NONE
D:\MA\VISION\D08_Samsung_GalaxyTab3\videos\indoorWA\D08_V_indoorWA_still_0004.mp4;VISION;D08;Samsung;GalaxyTab3;DIGITAL_CAMERA;INDOOR;MP4;WHATSAPP;NONE
D:\MA\VISION\D08_Samsung_GalaxyTab3\videos\indoorYT\D08_V_indoorYT_move_0001.mp4;VISION;D08;Samsung;GalaxyTab3;DIGITAL_CAMERA;INDOOR;MP4;YOUTUBE;NONE
D:\MA\VISION\D08_Samsung_GalaxyTab3\videos\indoorYT\D08_V_indoorYT_move_0002.mp4;VISION;D08;Samsung;GalaxyTab3;DIGITAL_CAMERA;INDOOR;MP4;YOUTUBE;NONE
D:\MA\VISION\D08_Samsung_GalaxyTab3\videos\indoorYT\D08_V_indoorYT_move_0003.mp4;VISION;D08;Samsung;GalaxyTab3;DIGITAL_CAMERA;INDOOR;MP4;YOUTUBE;NONE
D:\MA\VISION\D08_Samsung_GalaxyTab3\videos\indoorYT\D08_V_indoorYT_move_0004.mp4;VISION;D08;Samsung;GalaxyTab3;DIGITAL_CAMERA;INDOOR;MP4;YOUTUBE;NONE
D:\MA\VISION\D08_Samsung_GalaxyTab3\videos\indoorYT\D08_V_indoorYT_panrot_0001.mp4;VISION;D08;Samsung;GalaxyTab3;DIGITAL_CAMERA;INDOOR;MP4;YOUTUBE;NONE
D:\MA\VISION\D08_Samsung_GalaxyTab3\videos\indoorYT\D08_V_indoorYT_panrot_0002.mp4;VISION;D08;Samsung;GalaxyTab3;DIGITAL_CAMERA;INDOOR;MP4;YOUTUBE;NONE
D:\MA\VISION\D08_Samsung_GalaxyTab3\videos\indoorYT\D08_V_indoorYT_still_0001.mp4;VISION;D08;Samsung;GalaxyTab3;DIGITAL_CAMERA;INDOOR;MP4;YOUTUBE;NONE
D:\MA\VISION\D08_Samsung_GalaxyTab3\videos\indoorYT\D08_V_indoorYT_still_0002.mp4;VISION;D08;Samsung;GalaxyTab3;DIGITAL_CAMERA;INDOOR;MP4;YOUTUBE;NONE
D:\MA\VISION\D08_Samsung_GalaxyTab3\videos\indoorYT\D08_V_indoorYT_still_0003.mp4;VISION;D08;Samsung;GalaxyTab3;DIGITAL_CAMERA;INDOOR;MP4;YOUTUBE;NONE
D:\MA\VISION\D08_Samsung_GalaxyTab3\videos\outdoor\D08_V_outdoor_move_0001.mp4;VISION;D08;Samsung;GalaxyTab3;DIGITAL_CAMERA;OUTDOOR;MP4;ORIGINAL;NONE
D:\MA\VISION\D08_Samsung_GalaxyTab3\videos\outdoor\D08_V_outdoor_move_0002.mp4;VISION;D08;Samsung;GalaxyTab3;DIGITAL_CAMERA;OUTDOOR;MP4;ORIGINAL;NONE
D:\MA\VISION\D08_Samsung_GalaxyTab3\videos\outdoor\D08_V_outdoor_move_0003.mp4;VISION;D08;Samsung;GalaxyTab3;DIGITAL_CAMERA;OUTDOOR;MP4;ORIGINAL;NONE
D:\MA\VISION\D08_Samsung_GalaxyTab3\videos\outdoor\D08_V_outdoor_move_0004.mp4;VISION;D08;Samsung;GalaxyTab3;DIGITAL_CAMERA;OUTDOOR;MP4;ORIGINAL;NONE
D:\MA\VISION\D08_Samsung_GalaxyTab3\videos\outdoor\D08_V_outdoor_panrot_0001.mp4;VISION;D08;Samsung;GalaxyTab3;DIGITAL_CAMERA;OUTDOOR;MP4;ORIGINAL;NONE
D:\MA\VISION\D08_Samsung_GalaxyTab3\videos\outdoor\D08_V_outdoor_panrot_0002.mp4;VISION;D08;Samsung;GalaxyTab3;DIGITAL_CAMERA;OUTDOOR;MP4;ORIGINAL;NONE
D:\MA\VISION\D08_Samsung_GalaxyTab3\videos\outdoor\D08_V_outdoor_panrot_0003.mp4;VISION;D08;Samsung;GalaxyTab3;DIGITAL_CAMERA;OUTDOOR;MP4;ORIGINAL;NONE
D:\MA\VISION\D08_Samsung_GalaxyTab3\videos\outdoor\D08_V_outdoor_panrot_0004.mp4;VISION;D08;Samsung;GalaxyTab3;DIGITAL_CAMERA;OUTDOOR;MP4;ORIGINAL;NONE
D:\MA\VISION\D08_Samsung_GalaxyTab3\videos\outdoor\D08_V_outdoor_still_0001.mp4;VISION;D08;Samsung;GalaxyTab3;DIGITAL_CAMERA;OUTDOOR;MP4;ORIGINAL;NONE
D:\MA\VISION\D08_Samsung_GalaxyTab3\videos\outdoor\D08_V_outdoor_still_0002.mp4;VISION;D08;Samsung;GalaxyTab3;DIGITAL_CAMERA;OUTDOOR;MP4;ORIGINAL;NONE
D:\MA\VISION\D08_Samsung_GalaxyTab3\videos\outdoor\D08_V_outdoor_still_0003.mp4;VISION;D08;Samsung;GalaxyTab3;DIGITAL_CAMERA;OUTDOOR;MP4;ORIGINAL;NONE
D:\MA\VISION\D08_Samsung_GalaxyTab3\videos\outdoor\D08_V_outdoor_still_0004.mp4;VISION;D08;Samsung;GalaxyTab3;DIGITAL_CAMERA;OUTDOOR;MP4;ORIGINAL;NONE
D:\MA\VISION\D08_Samsung_GalaxyTab3\videos\outdoorWA\D08_V_outdoorWA_move_0001.mp4;VISION;D08;Samsung;GalaxyTab3;DIGITAL_CAMERA;OUTDOOR;MP4;WHATSAPP;NONE
D:\MA\VISION\D08_Samsung_GalaxyTab3\videos\outdoorWA\D08_V_outdoorWA_move_0002.mp4;VISION;D08;Samsung;GalaxyTab3;DIGITAL_CAMERA;OUTDOOR;MP4;WHATSAPP;NONE
D:\MA\VISION\D08_Samsung_GalaxyTab3\videos\outdoorWA\D08_V_outdoorWA_move_0003.mp4;VISION;D08;Samsung;GalaxyTab3;DIGITAL_CAMERA;OUTDOOR;MP4;WHATSAPP;NONE
D:\MA\VISION\D08_Samsung_GalaxyTab3\videos\outdoorWA\D08_V_outdoorWA_move_0004.mp4;VISION;D08;Samsung;GalaxyTab3;DIGITAL_CAMERA;OUTDOOR;MP4;WHATSAPP;NONE
D:\MA\VISION\D08_Samsung_GalaxyTab3\videos\outdoorWA\D08_V_outdoorWA_panrot_0001.mp4;VISION;D08;Samsung;GalaxyTab3;DIGITAL_CAMERA;OUTDOOR;MP4;WHATSAPP;NONE
D:\MA\VISION\D08_Samsung_GalaxyTab3\videos\outdoorWA\D08_V_outdoorWA_panrot_0002.mp4;VISION;D08;Samsung;GalaxyTab3;DIGITAL_CAMERA;OUTDOOR;MP4;WHATSAPP;NONE
D:\MA\VISION\D08_Samsung_GalaxyTab3\videos\outdoorWA\D08_V_outdoorWA_panrot_0003.mp4;VISION;D08;Samsung;GalaxyTab3;DIGITAL_CAMERA;OUTDOOR;MP4;WHATSAPP;NONE
D:\MA\VISION\D08_Samsung_GalaxyTab3\videos\outdoorWA\D08_V_outdoorWA_panrot_0004.mp4;VISION;D08;Samsung;GalaxyTab3;DIGITAL_CAMERA;OUTDOOR;MP4;WHATSAPP;NONE
D:\MA\VISION\D08_Samsung_GalaxyTab3\videos\outdoorWA\D08_V_outdoorWA_still_0001.mp4;VISION;D08;Samsung;GalaxyTab3;DIGITAL_CAMERA;OUTDOOR;MP4;WHATSAPP;NONE
D:\MA\VISION\D08_Samsung_GalaxyTab3\videos\outdoorWA\D08_V_outdoorWA_still_0002.mp4;VISION;D08;Samsung;GalaxyTab3;DIGITAL_CAMERA;OUTDOOR;MP4;WHATSAPP;NONE
D:\MA\VISION\D08_Samsung_GalaxyTab3\videos\outdoorWA\D08_V_outdoorWA_still_0003.mp4;VISION;D08;Samsung;GalaxyTab3;DIGITAL_CAMERA;OUTDOOR;MP4;WHATSAPP;NONE
D:\MA\VISION\D08_Samsung_GalaxyTab3\videos\outdoorWA\D08_V_outdoorWA_still_0004.mp4;VISION;D08;Samsung;GalaxyTab3;DIGITAL_CAMERA;OUTDOOR;MP4;WHATSAPP;NONE
D:\MA\VISION\D08_Samsung_GalaxyTab3\videos\outdoorYT\D08_V_outdoorYT_move_0001.mp4;VISION;D08;Samsung;GalaxyTab3;DIGITAL_CAMERA;OUTDOOR;MP4;YOUTUBE;NONE
D:\MA\VISION\D08_Samsung_GalaxyTab3\videos\outdoorYT\D08_V_outdoorYT_move_0002.mp4;VISION;D08;Samsung;GalaxyTab3;DIGITAL_CAMERA;OUTDOOR;MP4;YOUTUBE;NONE
D:\MA\VISION\D08_Samsung_GalaxyTab3\videos\outdoorYT\D08_V_outdoorYT_move_0003.mp4;VISION;D08;Samsung;GalaxyTab3;DIGITAL_CAMERA;OUTDOOR;MP4;YOUTUBE;NONE
D:\MA\VISION\D08_Samsung_GalaxyTab3\videos\outdoorYT\D08_V_outdoorYT_move_0004.mp4;VISION;D08;Samsung;GalaxyTab3;DIGITAL_CAMERA;OUTDOOR;MP4;YOUTUBE;NONE
D:\MA\VISION\D08_Samsung_GalaxyTab3\videos\outdoorYT\D08_V_outdoorYT_panrot_0001.mp4;VISION;D08;Samsung;GalaxyTab3;DIGITAL_CAMERA;OUTDOOR;MP4;YOUTUBE;NONE
D:\MA\VISION\D08_Samsung_GalaxyTab3\videos\outdoorYT\D08_V_outdoorYT_panrot_0002.mp4;VISION;D08;Samsung;GalaxyTab3;DIGITAL_CAMERA;OUTDOOR;MP4;YOUTUBE;NONE
D:\MA\VISION\D08_Samsung_GalaxyTab3\videos\outdoorYT\D08_V_outdoorYT_panrot_0003.mp4;VISION;D08;Samsung;GalaxyTab3;DIGITAL_CAMERA;OUTDOOR;MP4;YOUTUBE;NONE
D:\MA\VISION\D08_Samsung_GalaxyTab3\videos\outdoorYT\D08_V_outdoorYT_panrot_0004.mp4;VISION;D08;Samsung;GalaxyTab3;DIGITAL_CAMERA;OUTDOOR;MP4;YOUTUBE;NONE
D:\MA\VISION\D08_Samsung_GalaxyTab3\videos\outdoorYT\D08_V_outdoorYT_still_0001.mp4;VISION;D08;Samsung;GalaxyTab3;DIGITAL_CAMERA;OUTDOOR;MP4;YOUTUBE;NONE
D:\MA\VISION\D08_Samsung_GalaxyTab3\videos\outdoorYT\D08_V_outdoorYT_still_0002.mp4;VISION;D08;Samsung;GalaxyTab3;DIGITAL_CAMERA;OUTDOOR;MP4;YOUTUBE;NONE
D:\MA\VISION\D08_Samsung_GalaxyTab3\videos\outdoorYT\D08_V_outdoorYT_still_0003.mp4;VISION;D08;Samsung;GalaxyTab3;DIGITAL_CAMERA;OUTDOOR;MP4;YOUTUBE;NONE
D:\MA\VISION\D08_Samsung_GalaxyTab3\videos\outdoorYT\D08_V_outdoorYT_still_0004.mp4;VISION;D08;Samsung;GalaxyTab3;DIGITAL_CAMERA;OUTDOOR;MP4;YOUTUBE;NONE
D:\MA\VISION\D09_Apple_iPhone4\videos\flat\D09_V_flat_move_0001.mov;VISION;D09;Apple;iPhone4;DIGITAL_CAMERA;FLAT;MOV;ORIGINAL;NONE
D:\MA\VISION\D09_Apple_iPhone4\videos\flat\D09_V_flat_move_0002.mov;VISION;D09;Apple;iPhone4;DIGITAL_CAMERA;FLAT;MOV;ORIGINAL;NONE
D:\MA\VISION\D09_Apple_iPhone4\videos\flat\D09_V_flat_move_0003.mov;VISION;D09;Apple;iPhone4;DIGITAL_CAMERA;FLAT;MOV;ORIGINAL;NONE
D:\MA\VISION\D09_Apple_iPhone4\videos\flat\D09_V_flat_panrot_0001.mov;VISION;D09;Apple;iPhone4;DIGITAL_CAMERA;FLAT;MOV;ORIGINAL;NONE
D:\MA\VISION\D09_Apple_iPhone4\videos\flat\D09_V_flat_panrot_0002.mov;VISION;D09;Apple;iPhone4;DIGITAL_CAMERA;FLAT;MOV;ORIGINAL;NONE
D:\MA\VISION\D09_Apple_iPhone4\videos\flat\D09_V_flat_still_0001.mov;VISION;D09;Apple;iPhone4;DIGITAL_CAMERA;FLAT;MOV;ORIGINAL;NONE
D:\MA\VISION\D09_Apple_iPhone4\videos\flat\D09_V_flat_still_0002.mov;VISION;D09;Apple;iPhone4;DIGITAL_CAMERA;FLAT;MOV;ORIGINAL;NONE
D:\MA\VISION\D09_Apple_iPhone4\videos\flatWA\D09_V_flatWA_move_0001.mp4;VISION;D09;Apple;iPhone4;DIGITAL_CAMERA;FLAT;MP4;WHATSAPP;NONE
D:\MA\VISION\D09_Apple_iPhone4\videos\flatWA\D09_V_flatWA_move_0002.mp4;VISION;D09;Apple;iPhone4;DIGITAL_CAMERA;FLAT;MP4;WHATSAPP;NONE
D:\MA\VISION\D09_Apple_iPhone4\videos\flatWA\D09_V_flatWA_move_0003.mp4;VISION;D09;Apple;iPhone4;DIGITAL_CAMERA;FLAT;MP4;WHATSAPP;NONE
D:\MA\VISION\D09_Apple_iPhone4\videos\flatWA\D09_V_flatWA_panrot_0001.mp4;VISION;D09;Apple;iPhone4;DIGITAL_CAMERA;FLAT;MP4;WHATSAPP;NONE
D:\MA\VISION\D09_Apple_iPhone4\videos\flatWA\D09_V_flatWA_panrot_0002.mp4;VISION;D09;Apple;iPhone4;DIGITAL_CAMERA;FLAT;MP4;WHATSAPP;NONE
D:\MA\VISION\D09_Apple_iPhone4\videos\flatWA\D09_V_flatWA_still_0001.mp4;VISION;D09;Apple;iPhone4;DIGITAL_CAMERA;FLAT;MP4;WHATSAPP;NONE
D:\MA\VISION\D09_Apple_iPhone4\videos\flatWA\D09_V_flatWA_still_0002.mp4;VISION;D09;Apple;iPhone4;DIGITAL_CAMERA;FLAT;MP4;WHATSAPP;NONE
D:\MA\VISION\D09_Apple_iPhone4\videos\flatYT\D09_V_flatYT_move_0001.mp4;VISION;D09;Apple;iPhone4;DIGITAL_CAMERA;FLAT;MP4;YOUTUBE;NONE
D:\MA\VISION\D09_Apple_iPhone4\videos\flatYT\D09_V_flatYT_move_0002.mp4;VISION;D09;Apple;iPhone4;DIGITAL_CAMERA;FLAT;MP4;YOUTUBE;NONE
D:\MA\VISION\D09_Apple_iPhone4\videos\flatYT\D09_V_flatYT_move_0003.mp4;VISION;D09;Apple;iPhone4;DIGITAL_CAMERA;FLAT;MP4;YOUTUBE;NONE
D:\MA\VISION\D09_Apple_iPhone4\videos\flatYT\D09_V_flatYT_panrot_0001.mp4;VISION;D09;Apple;iPhone4;DIGITAL_CAMERA;FLAT;MP4;YOUTUBE;NONE
D:\MA\VISION\D09_Apple_iPhone4\videos\flatYT\D09_V_flatYT_panrot_0002.mp4;VISION;D09;Apple;iPhone4;DIGITAL_CAMERA;FLAT;MP4;YOUTUBE;NONE
D:\MA\VISION\D09_Apple_iPhone4\videos\flatYT\D09_V_flatYT_still_0001.mp4;VISION;D09;Apple;iPhone4;DIGITAL_CAMERA;FLAT;MP4;YOUTUBE;NONE
D:\MA\VISION\D09_Apple_iPhone4\videos\flatYT\D09_V_flatYT_still_0002.mp4;VISION;D09;Apple;iPhone4;DIGITAL_CAMERA;FLAT;MP4;YOUTUBE;NONE
D:\MA\VISION\D09_Apple_iPhone4\videos\indoor\D09_V_indoor_move_0001.mov;VISION;D09;Apple;iPhone4;DIGITAL_CAMERA;INDOOR;MOV;ORIGINAL;NONE
D:\MA\VISION\D09_Apple_iPhone4\videos\indoor\D09_V_indoor_move_0002.mov;VISION;D09;Apple;iPhone4;DIGITAL_CAMERA;INDOOR;MOV;ORIGINAL;NONE
D:\MA\VISION\D09_Apple_iPhone4\videos\indoor\D09_V_indoor_panrot_0001.mov;VISION;D09;Apple;iPhone4;DIGITAL_CAMERA;INDOOR;MOV;ORIGINAL;NONE
D:\MA\VISION\D09_Apple_iPhone4\videos\indoor\D09_V_indoor_panrot_0002.mov;VISION;D09;Apple;iPhone4;DIGITAL_CAMERA;INDOOR;MOV;ORIGINAL;NONE
D:\MA\VISION\D09_Apple_iPhone4\videos\indoor\D09_V_indoor_still_0001.mov;VISION;D09;Apple;iPhone4;DIGITAL_CAMERA;INDOOR;MOV;ORIGINAL;NONE
D:\MA\VISION\D09_Apple_iPhone4\videos\indoor\D09_V_indoor_still_0002.mov;VISION;D09;Apple;iPhone4;DIGITAL_CAMERA;INDOOR;MOV;ORIGINAL;NONE
D:\MA\VISION\D09_Apple_iPhone4\videos\indoorWA\D09_V_indoorWA_move_0001.mp4;VISION;D09;Apple;iPhone4;DIGITAL_CAMERA;INDOOR;MP4;WHATSAPP;NONE
D:\MA\VISION\D09_Apple_iPhone4\videos\indoorWA\D09_V_indoorWA_move_0002.mp4;VISION;D09;Apple;iPhone4;DIGITAL_CAMERA;INDOOR;MP4;WHATSAPP;NONE
D:\MA\VISION\D09_Apple_iPhone4\videos\indoorWA\D09_V_indoorWA_panrot_0001.mp4;VISION;D09;Apple;iPhone4;DIGITAL_CAMERA;INDOOR;MP4;WHATSAPP;NONE
D:\MA\VISION\D09_Apple_iPhone4\videos\indoorWA\D09_V_indoorWA_panrot_0002.mp4;VISION;D09;Apple;iPhone4;DIGITAL_CAMERA;INDOOR;MP4;WHATSAPP;NONE
D:\MA\VISION\D09_Apple_iPhone4\videos\indoorWA\D09_V_indoorWA_still_0001.mp4;VISION;D09;Apple;iPhone4;DIGITAL_CAMERA;INDOOR;MP4;WHATSAPP;NONE
D:\MA\VISION\D09_Apple_iPhone4\videos\indoorWA\D09_V_indoorWA_still_0002.mp4;VISION;D09;Apple;iPhone4;DIGITAL_CAMERA;INDOOR;MP4;WHATSAPP;NONE
D:\MA\VISION\D09_Apple_iPhone4\videos\indoorYT\D09_V_indoorYT_move_0001.mp4;VISION;D09;Apple;iPhone4;DIGITAL_CAMERA;INDOOR;MP4;YOUTUBE;NONE
D:\MA\VISION\D09_Apple_iPhone4\videos\indoorYT\D09_V_indoorYT_move_0002.mp4;VISION;D09;Apple;iPhone4;DIGITAL_CAMERA;INDOOR;MP4;YOUTUBE;NONE
D:\MA\VISION\D09_Apple_iPhone4\videos\indoorYT\D09_V_indoorYT_panrot_0001.mp4;VISION;D09;Apple;iPhone4;DIGITAL_CAMERA;INDOOR;MP4;YOUTUBE;NONE
D:\MA\VISION\D09_Apple_iPhone4\videos\indoorYT\D09_V_indoorYT_panrot_0002.mp4;VISION;D09;Apple;iPhone4;DIGITAL_CAMERA;INDOOR;MP4;YOUTUBE;NONE
D:\MA\VISION\D09_Apple_iPhone4\videos\indoorYT\D09_V_indoorYT_still_0001.mp4;VISION;D09;Apple;iPhone4;DIGITAL_CAMERA;INDOOR;MP4;YOUTUBE;NONE
D:\MA\VISION\D09_Apple_iPhone4\videos\indoorYT\D09_V_indoorYT_still_0002.mp4;VISION;D09;Apple;iPhone4;DIGITAL_CAMERA;INDOOR;MP4;YOUTUBE;NONE
D:\MA\VISION\D09_Apple_iPhone4\videos\outdoor\D09_V_outdoor_move_0001.mov;VISION;D09;Apple;iPhone4;DIGITAL_CAMERA;OUTDOOR;MOV;ORIGINAL;NONE
D:\MA\VISION\D09_Apple_iPhone4\videos\outdoor\D09_V_outdoor_move_0002.mov;VISION;D09;Apple;iPhone4;DIGITAL_CAMERA;OUTDOOR;MOV;ORIGINAL;NONE
D:\MA\VISION\D09_Apple_iPhone4\videos\outdoor\D09_V_outdoor_panrot_0001.mov;VISION;D09;Apple;iPhone4;DIGITAL_CAMERA;OUTDOOR;MOV;ORIGINAL;NONE
D:\MA\VISION\D09_Apple_iPhone4\videos\outdoor\D09_V_outdoor_panrot_0002.mov;VISION;D09;Apple;iPhone4;DIGITAL_CAMERA;OUTDOOR;MOV;ORIGINAL;NONE
D:\MA\VISION\D09_Apple_iPhone4\videos\outdoor\D09_V_outdoor_still_0001.mov;VISION;D09;Apple;iPhone4;DIGITAL_CAMERA;OUTDOOR;MOV;ORIGINAL;NONE
D:\MA\VISION\D09_Apple_iPhone4\videos\outdoor\D09_V_outdoor_still_0002.mov;VISION;D09;Apple;iPhone4;DIGITAL_CAMERA;OUTDOOR;MOV;ORIGINAL;NONE
D:\MA\VISION\D09_Apple_iPhone4\videos\outdoorWA\D09_V_outdoorWA_move_0001.mp4;VISION;D09;Apple;iPhone4;DIGITAL_CAMERA;OUTDOOR;MP4;WHATSAPP;NONE
D:\MA\VISION\D09_Apple_iPhone4\videos\outdoorWA\D09_V_outdoorWA_move_0002.mp4;VISION;D09;Apple;iPhone4;DIGITAL_CAMERA;OUTDOOR;MP4;WHATSAPP;NONE
D:\MA\VISION\D09_Apple_iPhone4\videos\outdoorWA\D09_V_outdoorWA_panrot_0001.mp4;VISION;D09;Apple;iPhone4;DIGITAL_CAMERA;OUTDOOR;MP4;WHATSAPP;NONE
D:\MA\VISION\D09_Apple_iPhone4\videos\outdoorWA\D09_V_outdoorWA_panrot_0002.mp4;VISION;D09;Apple;iPhone4;DIGITAL_CAMERA;OUTDOOR;MP4;WHATSAPP;NONE
D:\MA\VISION\D09_Apple_iPhone4\videos\outdoorWA\D09_V_outdoorWA_still_0001.mp4;VISION;D09;Apple;iPhone4;DIGITAL_CAMERA;OUTDOOR;MP4;WHATSAPP;NONE
D:\MA\VISION\D09_Apple_iPhone4\videos\outdoorWA\D09_V_outdoorWA_still_0002.mp4;VISION;D09;Apple;iPhone4;DIGITAL_CAMERA;OUTDOOR;MP4;WHATSAPP;NONE
D:\MA\VISION\D09_Apple_iPhone4\videos\outdoorYT\D09_V_outdoorYT_move_0001.mp4;VISION;D09;Apple;iPhone4;DIGITAL_CAMERA;OUTDOOR;MP4;YOUTUBE;NONE
D:\MA\VISION\D09_Apple_iPhone4\videos\outdoorYT\D09_V_outdoorYT_move_0002.mp4;VISION;D09;Apple;iPhone4;DIGITAL_CAMERA;OUTDOOR;MP4;YOUTUBE;NONE
D:\MA\VISION\D09_Apple_iPhone4\videos\outdoorYT\D09_V_outdoorYT_panrot_0001.mp4;VISION;D09;Apple;iPhone4;DIGITAL_CAMERA;OUTDOOR;MP4;YOUTUBE;NONE
D:\MA\VISION\D09_Apple_iPhone4\videos\outdoorYT\D09_V_outdoorYT_panrot_0002.mp4;VISION;D09;Apple;iPhone4;DIGITAL_CAMERA;OUTDOOR;MP4;YOUTUBE;NONE
D:\MA\VISION\D09_Apple_iPhone4\videos\outdoorYT\D09_V_outdoorYT_still_0001.mp4;VISION;D09;Apple;iPhone4;DIGITAL_CAMERA;OUTDOOR;MP4;YOUTUBE;NONE
D:\MA\VISION\D09_Apple_iPhone4\videos\outdoorYT\D09_V_outdoorYT_still_0002.mp4;VISION;D09;Apple;iPhone4;DIGITAL_CAMERA;OUTDOOR;MP4;YOUTUBE;NONE
D:\MA\VISION\D27_Samsung_GalaxyS5\videos\flat\D27_V_flat_move_0001.mp4;VISION;D27;Samsung;GalaxyS5;DIGITAL_CAMERA;FLAT;MP4;ORIGINAL;NONE
D:\MA\VISION\D27_Samsung_GalaxyS5\videos\flat\D27_V_flat_move_0002.mp4;VISION;D27;Samsung;GalaxyS5;DIGITAL_CAMERA;FLAT;MP4;ORIGINAL;NONE
D:\MA\VISION\D27_Samsung_GalaxyS5\videos\flat\D27_V_flat_move_0003.mp4;VISION;D27;Samsung;GalaxyS5;DIGITAL_CAMERA;FLAT;MP4;ORIGINAL;NONE
D:\MA\VISION\D27_Samsung_GalaxyS5\videos\flat\D27_V_flat_panrot_0001.mp4;VISION;D27;Samsung;GalaxyS5;DIGITAL_CAMERA;FLAT;MP4;ORIGINAL;NONE
D:\MA\VISION\D27_Samsung_GalaxyS5\videos\flat\D27_V_flat_panrot_0002.mp4;VISION;D27;Samsung;GalaxyS5;DIGITAL_CAMERA;FLAT;MP4;ORIGINAL;NONE
D:\MA\VISION\D27_Samsung_GalaxyS5\videos\flat\D27_V_flat_still_0001.mp4;VISION;D27;Samsung;GalaxyS5;DIGITAL_CAMERA;FLAT;MP4;ORIGINAL;NONE
D:\MA\VISION\D27_Samsung_GalaxyS5\videos\flat\D27_V_flat_still_0002.mp4;VISION;D27;Samsung;GalaxyS5;DIGITAL_CAMERA;FLAT;MP4;ORIGINAL;NONE
D:\MA\VISION\D27_Samsung_GalaxyS5\videos\flatWA\D27_V_flatWA_move_0001.mp4;VISION;D27;Samsung;GalaxyS5;DIGITAL_CAMERA;FLAT;MP4;WHATSAPP;NONE
D:\MA\VISION\D27_Samsung_GalaxyS5\videos\flatWA\D27_V_flatWA_move_0002.mp4;VISION;D27;Samsung;GalaxyS5;DIGITAL_CAMERA;FLAT;MP4;WHATSAPP;NONE
D:\MA\VISION\D27_Samsung_GalaxyS5\videos\flatWA\D27_V_flatWA_move_0003.mp4;VISION;D27;Samsung;GalaxyS5;DIGITAL_CAMERA;FLAT;MP4;WHATSAPP;NONE
D:\MA\VISION\D27_Samsung_GalaxyS5\videos\flatWA\D27_V_flatWA_panrot_0001.mp4;VISION;D27;Samsung;GalaxyS5;DIGITAL_CAMERA;FLAT;MP4;WHATSAPP;NONE
D:\MA\VISION\D27_Samsung_GalaxyS5\videos\flatWA\D27_V_flatWA_panrot_0002.mp4;VISION;D27;Samsung;GalaxyS5;DIGITAL_CAMERA;FLAT;MP4;WHATSAPP;NONE
D:\MA\VISION\D27_Samsung_GalaxyS5\videos\flatWA\D27_V_flatWA_still_0001.mp4;VISION;D27;Samsung;GalaxyS5;DIGITAL_CAMERA;FLAT;MP4;WHATSAPP;NONE
D:\MA\VISION\D27_Samsung_GalaxyS5\videos\flatWA\D27_V_flatWA_still_0002.mp4;VISION;D27;Samsung;GalaxyS5;DIGITAL_CAMERA;FLAT;MP4;WHATSAPP;NONE
D:\MA\VISION\D27_Samsung_GalaxyS5\videos\flatYT\D27_V_flatYT_move_0001.mp4;VISION;D27;Samsung;GalaxyS5;DIGITAL_CAMERA;FLAT;MP4;YOUTUBE;NONE
D:\MA\VISION\D27_Samsung_GalaxyS5\videos\flatYT\D27_V_flatYT_move_0002.mp4;VISION;D27;Samsung;GalaxyS5;DIGITAL_CAMERA;FLAT;MP4;YOUTUBE;NONE
D:\MA\VISION\D27_Samsung_GalaxyS5\videos\flatYT\D27_V_flatYT_move_0003.mp4;VISION;D27;Samsung;GalaxyS5;DIGITAL_CAMERA;FLAT;MP4;YOUTUBE;NONE
D:\MA\VISION\D27_Samsung_GalaxyS5\videos\flatYT\D27_V_flatYT_panrot_0001.mp4;VISION;D27;Samsung;GalaxyS5;DIGITAL_CAMERA;FLAT;MP4;YOUTUBE;NONE
D:\MA\VISION\D27_Samsung_GalaxyS5\videos\flatYT\D27_V_flatYT_panrot_0002.mp4;VISION;D27;Samsung;GalaxyS5;DIGITAL_CAMERA;FLAT;MP4;YOUTUBE;NONE
D:\MA\VISION\D27_Samsung_GalaxyS5\videos\flatYT\D27_V_flatYT_still_0001.mp4;VISION;D27;Samsung;GalaxyS5;DIGITAL_CAMERA;FLAT;MP4;YOUTUBE;NONE
D:\MA\VISION\D27_Samsung_GalaxyS5\videos\flatYT\D27_V_flatYT_still_0002.mp4;VISION;D27;Samsung;GalaxyS5;DIGITAL_CAMERA;FLAT;MP4;YOUTUBE;NONE
D:\MA\VISION\D27_Samsung_GalaxyS5\videos\indoor\D27_V_indoor_move_0001.mp4;VISION;D27;Samsung;GalaxyS5;DIGITAL_CAMERA;INDOOR;MP4;ORIGINAL;NONE
D:\MA\VISION\D27_Samsung_GalaxyS5\videos\indoor\D27_V_indoor_move_0002.mp4;VISION;D27;Samsung;GalaxyS5;DIGITAL_CAMERA;INDOOR;MP4;ORIGINAL;NONE
D:\MA\VISION\D27_Samsung_GalaxyS5\videos\indoor\D27_V_indoor_panrot_0001.mp4;VISION;D27;Samsung;GalaxyS5;DIGITAL_CAMERA;INDOOR;MP4;ORIGINAL;NONE
D:\MA\VISION\D27_Samsung_GalaxyS5\videos\indoor\D27_V_indoor_panrot_0002.mp4;VISION;D27;Samsung;GalaxyS5;DIGITAL_CAMERA;INDOOR;MP4;ORIGINAL;NONE
D:\MA\VISION\D27_Samsung_GalaxyS5\videos\indoor\D27_V_indoor_still_0001.mp4;VISION;D27;Samsung;GalaxyS5;DIGITAL_CAMERA;INDOOR;MP4;ORIGINAL;NONE
D:\MA\VISION\D27_Samsung_GalaxyS5\videos\indoor\D27_V_indoor_still_0002.mp4;VISION;D27;Samsung;GalaxyS5;DIGITAL_CAMERA;INDOOR;MP4;ORIGINAL;NONE
D:\MA\VISION\D27_Samsung_GalaxyS5\videos\indoorWA\D27_V_indoorWA_move_0001.mp4;VISION;D27;Samsung;GalaxyS5;DIGITAL_CAMERA;INDOOR;MP4;WHATSAPP;NONE
D:\MA\VISION\D27_Samsung_GalaxyS5\videos\indoorWA\D27_V_indoorWA_move_0002.mp4;VISION;D27;Samsung;GalaxyS5;DIGITAL_CAMERA;INDOOR;MP4;WHATSAPP;NONE
D:\MA\VISION\D27_Samsung_GalaxyS5\videos\indoorWA\D27_V_indoorWA_panrot_0001.mp4;VISION;D27;Samsung;GalaxyS5;DIGITAL_CAMERA;INDOOR;MP4;WHATSAPP;NONE
D:\MA\VISION\D27_Samsung_GalaxyS5\videos\indoorWA\D27_V_indoorWA_panrot_0002.mp4;VISION;D27;Samsung;GalaxyS5;DIGITAL_CAMERA;INDOOR;MP4;WHATSAPP;NONE
D:\MA\VISION\D27_Samsung_GalaxyS5\videos\indoorWA\D27_V_indoorWA_still_0001.mp4;VISION;D27;Samsung;GalaxyS5;DIGITAL_CAMERA;INDOOR;MP4;WHATSAPP;NONE
D:\MA\VISION\D27_Samsung_GalaxyS5\videos\indoorWA\D27_V_indoorWA_still_0002.mp4;VISION;D27;Samsung;GalaxyS5;DIGITAL_CAMERA;INDOOR;MP4;WHATSAPP;NONE
D:\MA\VISION\D27_Samsung_GalaxyS5\videos\indoorYT\D27_V_indoorYT_move_0001.mp4;VISION;D27;Samsung;GalaxyS5;DIGITAL_CAMERA;INDOOR;MP4;YOUTUBE;NONE
D:\MA\VISION\D27_Samsung_GalaxyS5\videos\indoorYT\D27_V_indoorYT_move_0002.mp4;VISION;D27;Samsung;GalaxyS5;DIGITAL_CAMERA;INDOOR;MP4;YOUTUBE;NONE
D:\MA\VISION\D27_Samsung_GalaxyS5\videos\indoorYT\D27_V_indoorYT_panrot_0001.mp4;VISION;D27;Samsung;GalaxyS5;DIGITAL_CAMERA;INDOOR;MP4;YOUTUBE;NONE
D:\MA\VISION\D27_Samsung_GalaxyS5\videos\indoorYT\D27_V_indoorYT_panrot_0002.mp4;VISION;D27;Samsung;GalaxyS5;DIGITAL_CAMERA;INDOOR;MP4;YOUTUBE;NONE
D:\MA\VISION\D27_Samsung_GalaxyS5\videos\indoorYT\D27_V_indoorYT_still_0001.mp4;VISION;D27;Samsung;GalaxyS5;DIGITAL_CAMERA;INDOOR;MP4;YOUTUBE;NONE
D:\MA\VISION\D27_Samsung_GalaxyS5\videos\indoorYT\D27_V_indoorYT_still_0002.mp4;VISION;D27;Samsung;GalaxyS5;DIGITAL_CAMERA;INDOOR;MP4;YOUTUBE;NONE
D:\MA\VISION\D27_Samsung_GalaxyS5\videos\outdoor\D27_V_outdoor_move_0001.mp4;VISION;D27;Samsung;GalaxyS5;DIGITAL_CAMERA;OUTDOOR;MP4;ORIGINAL;NONE
D:\MA\VISION\D27_Samsung_GalaxyS5\videos\outdoor\D27_V_outdoor_move_0002.mp4;VISION;D27;Samsung;GalaxyS5;DIGITAL_CAMERA;OUTDOOR;MP4;ORIGINAL;NONE
D:\MA\VISION\D27_Samsung_GalaxyS5\videos\outdoor\D27_V_outdoor_panrot_0001.mp4;VISION;D27;Samsung;GalaxyS5;DIGITAL_CAMERA;OUTDOOR;MP4;ORIGINAL;NONE
D:\MA\VISION\D27_Samsung_GalaxyS5\videos\outdoor\D27_V_outdoor_panrot_0002.mp4;VISION;D27;Samsung;GalaxyS5;DIGITAL_CAMERA;OUTDOOR;MP4;ORIGINAL;NONE
D:\MA\VISION\D27_Samsung_GalaxyS5\videos\outdoor\D27_V_outdoor_still_0001.mp4;VISION;D27;Samsung;GalaxyS5;DIGITAL_CAMERA;OUTDOOR;MP4;ORIGINAL;NONE
D:\MA\VISION\D27_Samsung_GalaxyS5\videos\outdoor\D27_V_outdoor_still_0002.mp4;VISION;D27;Samsung;GalaxyS5;DIGITAL_CAMERA;OUTDOOR;MP4;ORIGINAL;NONE
D:\MA\VISION\D27_Samsung_GalaxyS5\videos\outdoorWA\D27_V_outdoorWA_move_0001.mp4;VISION;D27;Samsung;GalaxyS5;DIGITAL_CAMERA;OUTDOOR;MP4;WHATSAPP;NONE
D:\MA\VISION\D27_Samsung_GalaxyS5\videos\outdoorWA\D27_V_outdoorWA_move_0002.mp4;VISION;D27;Samsung;GalaxyS5;DIGITAL_CAMERA;OUTDOOR;MP4;WHATSAPP;NONE
D:\MA\VISION\D27_Samsung_GalaxyS5\videos\outdoorWA\D27_V_outdoorWA_panrot_0001.mp4;VISION;D27;Samsung;GalaxyS5;DIGITAL_CAMERA;OUTDOOR;MP4;WHATSAPP;NONE
D:\MA\VISION\D27_Samsung_GalaxyS5\videos\outdoorWA\D27_V_outdoorWA_panrot_0002.mp4;VISION;D27;Samsung;GalaxyS5;DIGITAL_CAMERA;OUTDOOR;MP4;WHATSAPP;NONE
D:\MA\VISION\D27_Samsung_GalaxyS5\videos\outdoorWA\D27_V_outdoorWA_still_0001.mp4;VISION;D27;Samsung;GalaxyS5;DIGITAL_CAMERA;OUTDOOR;MP4;WHATSAPP;NONE
D:\MA\VISION\D27_Samsung_GalaxyS5\videos\outdoorWA\D27_V_outdoorWA_still_0002.mp4;VISION;D27;Samsung;GalaxyS5;DIGITAL_CAMERA;OUTDOOR;MP4;WHATSAPP;NONE
D:\MA\VISION\D27_Samsung_GalaxyS5\videos\outdoorYT\D27_V_outdoorYT_move_0001.mp4;VISION;D27;Samsung;GalaxyS5;DIGITAL_CAMERA;OUTDOOR;MP4;YOUTUBE;NONE
D:\MA\VISION\D27_Samsung_GalaxyS5\videos\outdoorYT\D27_V_outdoorYT_move_0002.mp4;VISION;D27;Samsung;GalaxyS5;DIGITAL_CAMERA;OUTDOOR;MP4;YOUTUBE;NONE
D:\MA\VISION\D27_Samsung_GalaxyS5\videos\outdoorYT\D27_V_outdoorYT_panrot_0001.mp4;VISION;D27;Samsung;GalaxyS5;DIGITAL_CAMERA;OUTDOOR;MP4;YOUTUBE;NONE
D:\MA\VISION\D27_Samsung_GalaxyS5\videos\outdoorYT\D27_V_outdoorYT_panrot_0002.mp4;VISION;D27;Samsung;GalaxyS5;DIGITAL_CAMERA;OUTDOOR;MP4;YOUTUBE;NONE
D:\MA\VISION\D27_Samsung_GalaxyS5\videos\outdoorYT\D27_V_outdoorYT_still_0001.mp4;VISION;D27;Samsung;GalaxyS5;DIGITAL_CAMERA;OUTDOOR;MP4;YOUTUBE;NONE
D:\MA\VISION\D27_Samsung_GalaxyS5\videos\outdoorYT\D27_V_outdoorYT_still_0002.mp4;VISION;D27;Samsung;GalaxyS5;DIGITAL_CAMERA;OUTDOOR;MP4;YOUTUBE;NONE
D:\MA\VISION\D26_Samsung_GalaxyS3Mini\videos\flat\D26_V_flat_move_0001.mp4;VISION;D26;Samsung;GalaxyS3Mini;DIGITAL_CAMERA;FLAT;MP4;ORIGINAL;NONE
D:\MA\VISION\D26_Samsung_GalaxyS3Mini\videos\flat\D26_V_flat_move_0002.mp4;VISION;D26;Samsung;GalaxyS3Mini;DIGITAL_CAMERA;FLAT;MP4;ORIGINAL;NONE
D:\MA\VISION\D26_Samsung_GalaxyS3Mini\videos\flat\D26_V_flat_panrot_0001.mp4;VISION;D26;Samsung;GalaxyS3Mini;DIGITAL_CAMERA;FLAT;MP4;ORIGINAL;NONE
D:\MA\VISION\D26_Samsung_GalaxyS3Mini\videos\flat\D26_V_flat_still_0001.mp4;VISION;D26;Samsung;GalaxyS3Mini;DIGITAL_CAMERA;FLAT;MP4;ORIGINAL;NONE
D:\MA\VISION\D26_Samsung_GalaxyS3Mini\videos\flatWA\D26_V_flatWA_move_0001.mp4;VISION;D26;Samsung;GalaxyS3Mini;DIGITAL_CAMERA;FLAT;MP4;WHATSAPP;NONE
D:\MA\VISION\D26_Samsung_GalaxyS3Mini\videos\flatWA\D26_V_flatWA_move_0002.mp4;VISION;D26;Samsung;GalaxyS3Mini;DIGITAL_CAMERA;FLAT;MP4;WHATSAPP;NONE
D:\MA\VISION\D26_Samsung_GalaxyS3Mini\videos\flatWA\D26_V_flatWA_panrot_0001.mp4;VISION;D26;Samsung;GalaxyS3Mini;DIGITAL_CAMERA;FLAT;MP4;WHATSAPP;NONE
D:\MA\VISION\D26_Samsung_GalaxyS3Mini\videos\flatWA\D26_V_flatWA_still_0001.mp4;VISION;D26;Samsung;GalaxyS3Mini;DIGITAL_CAMERA;FLAT;MP4;WHATSAPP;NONE
D:\MA\VISION\D26_Samsung_GalaxyS3Mini\videos\flatYT\D26_V_flatYT_move_0001.mp4;VISION;D26;Samsung;GalaxyS3Mini;DIGITAL_CAMERA;FLAT;MP4;YOUTUBE;NONE
D:\MA\VISION\D26_Samsung_GalaxyS3Mini\videos\flatYT\D26_V_flatYT_move_0002.mp4;VISION;D26;Samsung;GalaxyS3Mini;DIGITAL_CAMERA;FLAT;MP4;YOUTUBE;NONE
D:\MA\VISION\D26_Samsung_GalaxyS3Mini\videos\flatYT\D26_V_flatYT_panrot_0001.mp4;VISION;D26;Samsung;GalaxyS3Mini;DIGITAL_CAMERA;FLAT;MP4;YOUTUBE;NONE
D:\MA\VISION\D26_Samsung_GalaxyS3Mini\videos\flatYT\D26_V_flatYT_still_0001.mp4;VISION;D26;Samsung;GalaxyS3Mini;DIGITAL_CAMERA;FLAT;MP4;YOUTUBE;NONE
D:\MA\VISION\D26_Samsung_GalaxyS3Mini\videos\indoor\D26_V_indoor_move_0001.mp4;VISION;D26;Samsung;GalaxyS3Mini;DIGITAL_CAMERA;INDOOR;MP4;ORIGINAL;NONE
D:\MA\VISION\D26_Samsung_GalaxyS3Mini\videos\indoor\D26_V_indoor_move_0002.mp4;VISION;D26;Samsung;GalaxyS3Mini;DIGITAL_CAMERA;INDOOR;MP4;ORIGINAL;NONE
D:\MA\VISION\D26_Samsung_GalaxyS3Mini\videos\indoor\D26_V_indoor_panrot_0001.mp4;VISION;D26;Samsung;GalaxyS3Mini;DIGITAL_CAMERA;INDOOR;MP4;ORIGINAL;NONE
D:\MA\VISION\D26_Samsung_GalaxyS3Mini\videos\indoor\D26_V_indoor_panrot_0002.mp4;VISION;D26;Samsung;GalaxyS3Mini;DIGITAL_CAMERA;INDOOR;MP4;ORIGINAL;NONE
D:\MA\VISION\D26_Samsung_GalaxyS3Mini\videos\indoor\D26_V_indoor_still_0001.mp4;VISION;D26;Samsung;GalaxyS3Mini;DIGITAL_CAMERA;INDOOR;MP4;ORIGINAL;NONE
D:\MA\VISION\D26_Samsung_GalaxyS3Mini\videos\indoor\D26_V_indoor_still_0002.mp4;VISION;D26;Samsung;GalaxyS3Mini;DIGITAL_CAMERA;INDOOR;MP4;ORIGINAL;NONE
D:\MA\VISION\D26_Samsung_GalaxyS3Mini\videos\indoorWA\D26_V_indoorWA_move_0001.mp4;VISION;D26;Samsung;GalaxyS3Mini;DIGITAL_CAMERA;INDOOR;MP4;WHATSAPP;NONE
D:\MA\VISION\D26_Samsung_GalaxyS3Mini\videos\indoorWA\D26_V_indoorWA_move_0002.mp4;VISION;D26;Samsung;GalaxyS3Mini;DIGITAL_CAMERA;INDOOR;MP4;WHATSAPP;NONE
D:\MA\VISION\D26_Samsung_GalaxyS3Mini\videos\indoorWA\D26_V_indoorWA_panrot_0001.mp4;VISION;D26;Samsung;GalaxyS3Mini;DIGITAL_CAMERA;INDOOR;MP4;WHATSAPP;NONE
D:\MA\VISION\D26_Samsung_GalaxyS3Mini\videos\indoorWA\D26_V_indoorWA_panrot_0002.mp4;VISION;D26;Samsung;GalaxyS3Mini;DIGITAL_CAMERA;INDOOR;MP4;WHATSAPP;NONE
D:\MA\VISION\D26_Samsung_GalaxyS3Mini\videos\indoorWA\D26_V_indoorWA_still_0001.mp4;VISION;D26;Samsung;GalaxyS3Mini;DIGITAL_CAMERA;INDOOR;MP4;WHATSAPP;NONE
D:\MA\VISION\D26_Samsung_GalaxyS3Mini\videos\indoorWA\D26_V_indoorWA_still_0002.mp4;VISION;D26;Samsung;GalaxyS3Mini;DIGITAL_CAMERA;INDOOR;MP4;WHATSAPP;NONE
D:\MA\VISION\D26_Samsung_GalaxyS3Mini\videos\indoorYT\D26_V_indoorYT_move_0001.mp4;VISION;D26;Samsung;GalaxyS3Mini;DIGITAL_CAMERA;INDOOR;MP4;YOUTUBE;NONE
D:\MA\VISION\D26_Samsung_GalaxyS3Mini\videos\indoorYT\D26_V_indoorYT_move_0002.mp4;VISION;D26;Samsung;GalaxyS3Mini;DIGITAL_CAMERA;INDOOR;MP4;YOUTUBE;NONE
D:\MA\VISION\D26_Samsung_GalaxyS3Mini\videos\indoorYT\D26_V_indoorYT_panrot_0001.mp4;VISION;D26;Samsung;GalaxyS3Mini;DIGITAL_CAMERA;INDOOR;MP4;YOUTUBE;NONE
D:\MA\VISION\D26_Samsung_GalaxyS3Mini\videos\indoorYT\D26_V_indoorYT_panrot_0002.mp4;VISION;D26;Samsung;GalaxyS3Mini;DIGITAL_CAMERA;INDOOR;MP4;YOUTUBE;NONE
D:\MA\VISION\D26_Samsung_GalaxyS3Mini\videos\indoorYT\D26_V_indoorYT_still_0001.mp4;VISION;D26;Samsung;GalaxyS3Mini;DIGITAL_CAMERA;INDOOR;MP4;YOUTUBE;NONE
D:\MA\VISION\D26_Samsung_GalaxyS3Mini\videos\indoorYT\D26_V_indoorYT_still_0002.mp4;VISION;D26;Samsung;GalaxyS3Mini;DIGITAL_CAMERA;INDOOR;MP4;YOUTUBE;NONE
D:\MA\VISION\D26_Samsung_GalaxyS3Mini\videos\outdoor\D26_V_outdoor_move_0001.mp4;VISION;D26;Samsung;GalaxyS3Mini;DIGITAL_CAMERA;OUTDOOR;MP4;ORIGINAL;NONE
D:\MA\VISION\D26_Samsung_GalaxyS3Mini\videos\outdoor\D26_V_outdoor_move_0002.mp4;VISION;D26;Samsung;GalaxyS3Mini;DIGITAL_CAMERA;OUTDOOR;MP4;ORIGINAL;NONE
D:\MA\VISION\D26_Samsung_GalaxyS3Mini\videos\outdoor\D26_V_outdoor_panrot_0001.mp4;VISION;D26;Samsung;GalaxyS3Mini;DIGITAL_CAMERA;OUTDOOR;MP4;ORIGINAL;NONE
D:\MA\VISION\D26_Samsung_GalaxyS3Mini\videos\outdoor\D26_V_outdoor_panrot_0002.mp4;VISION;D26;Samsung;GalaxyS3Mini;DIGITAL_CAMERA;OUTDOOR;MP4;ORIGINAL;NONE
D:\MA\VISION\D26_Samsung_GalaxyS3Mini\videos\outdoor\D26_V_outdoor_still_0001.mp4;VISION;D26;Samsung;GalaxyS3Mini;DIGITAL_CAMERA;OUTDOOR;MP4;ORIGINAL;NONE
D:\MA\VISION\D26_Samsung_GalaxyS3Mini\videos\outdoor\D26_V_outdoor_still_0002.mp4;VISION;D26;Samsung;GalaxyS3Mini;DIGITAL_CAMERA;OUTDOOR;MP4;ORIGINAL;NONE
D:\MA\VISION\D26_Samsung_GalaxyS3Mini\videos\outdoorWA\D26_V_outdoorWA_move_0001.mp4;VISION;D26;Samsung;GalaxyS3Mini;DIGITAL_CAMERA;OUTDOOR;MP4;WHATSAPP;NONE
D:\MA\VISION\D26_Samsung_GalaxyS3Mini\videos\outdoorWA\D26_V_outdoorWA_move_0002.mp4;VISION;D26;Samsung;GalaxyS3Mini;DIGITAL_CAMERA;OUTDOOR;MP4;WHATSAPP;NONE
D:\MA\VISION\D26_Samsung_GalaxyS3Mini\videos\outdoorWA\D26_V_outdoorWA_panrot_0001.mp4;VISION;D26;Samsung;GalaxyS3Mini;DIGITAL_CAMERA;OUTDOOR;MP4;WHATSAPP;NONE
D:\MA\VISION\D26_Samsung_GalaxyS3Mini\videos\outdoorWA\D26_V_outdoorWA_panrot_0002.mp4;VISION;D26;Samsung;GalaxyS3Mini;DIGITAL_CAMERA;OUTDOOR;MP4;WHATSAPP;NONE
D:\MA\VISION\D26_Samsung_GalaxyS3Mini\videos\outdoorWA\D26_V_outdoorWA_still_0001.mp4;VISION;D26;Samsung;GalaxyS3Mini;DIGITAL_CAMERA;OUTDOOR;MP4;WHATSAPP;NONE
D:\MA\VISION\D26_Samsung_GalaxyS3Mini\videos\outdoorWA\D26_V_outdoorWA_still_0002.mp4;VISION;D26;Samsung;GalaxyS3Mini;DIGITAL_CAMERA;OUTDOOR;MP4;WHATSAPP;NONE
D:\MA\VISION\D26_Samsung_GalaxyS3Mini\videos\outdoorYT\D26_V_outdoorYT_move_0001.mp4;VISION;D26;Samsung;GalaxyS3Mini;DIGITAL_CAMERA;OUTDOOR;MP4;YOUTUBE;NONE
D:\MA\VISION\D26_Samsung_GalaxyS3Mini\videos\outdoorYT\D26_V_outdoorYT_move_0002.mp4;VISION;D26;Samsung;GalaxyS3Mini;DIGITAL_CAMERA;OUTDOOR;MP4;YOUTUBE;NONE
D:\MA\VISION\D26_Samsung_GalaxyS3Mini\videos\outdoorYT\D26_V_outdoorYT_panrot_0001.mp4;VISION;D26;Samsung;GalaxyS3Mini;DIGITAL_CAMERA;OUTDOOR;MP4;YOUTUBE;NONE
D:\MA\VISION\D26_Samsung_GalaxyS3Mini\videos\outdoorYT\D26_V_outdoorYT_panrot_0002.mp4;VISION;D26;Samsung;GalaxyS3Mini;DIGITAL_CAMERA;OUTDOOR;MP4;YOUTUBE;NONE
D:\MA\VISION\D26_Samsung_GalaxyS3Mini\videos\outdoorYT\D26_V_outdoorYT_still_0001.mp4;VISION;D26;Samsung;GalaxyS3Mini;DIGITAL_CAMERA;OUTDOOR;MP4;YOUTUBE;NONE
D:\MA\VISION\D26_Samsung_GalaxyS3Mini\videos\outdoorYT\D26_V_outdoorYT_still_0002.mp4;VISION;D26;Samsung;GalaxyS3Mini;DIGITAL_CAMERA;OUTDOOR;MP4;YOUTUBE;NONE
D:\MA\VISION\D25_OnePlus_A3000\videos\flat\D25_V_flat_move_0001.mp4;VISION;D25;OnePlus;A3000;DIGITAL_CAMERA;FLAT;MP4;ORIGINAL;NONE
D:\MA\VISION\D25_OnePlus_A3000\videos\flat\D25_V_flat_move_0002.mp4;VISION;D25;OnePlus;A3000;DIGITAL_CAMERA;FLAT;MP4;ORIGINAL;NONE
D:\MA\VISION\D25_OnePlus_A3000\videos\flat\D25_V_flat_move_0003.mp4;VISION;D25;OnePlus;A3000;DIGITAL_CAMERA;FLAT;MP4;ORIGINAL;NONE
D:\MA\VISION\D25_OnePlus_A3000\videos\flat\D25_V_flat_panrot_0001.mp4;VISION;D25;OnePlus;A3000;DIGITAL_CAMERA;FLAT;MP4;ORIGINAL;NONE
D:\MA\VISION\D25_OnePlus_A3000\videos\flat\D25_V_flat_panrot_0002.mp4;VISION;D25;OnePlus;A3000;DIGITAL_CAMERA;FLAT;MP4;ORIGINAL;NONE
D:\MA\VISION\D25_OnePlus_A3000\videos\flat\D25_V_flat_still_0001.mp4;VISION;D25;OnePlus;A3000;DIGITAL_CAMERA;FLAT;MP4;ORIGINAL;NONE
D:\MA\VISION\D25_OnePlus_A3000\videos\flat\D25_V_flat_still_0002.mp4;VISION;D25;OnePlus;A3000;DIGITAL_CAMERA;FLAT;MP4;ORIGINAL;NONE
D:\MA\VISION\D25_OnePlus_A3000\videos\flatWA\D25_V_flatWA_move_0001.mp4;VISION;D25;OnePlus;A3000;DIGITAL_CAMERA;FLAT;MP4;WHATSAPP;NONE
D:\MA\VISION\D25_OnePlus_A3000\videos\flatWA\D25_V_flatWA_move_0002.mp4;VISION;D25;OnePlus;A3000;DIGITAL_CAMERA;FLAT;MP4;WHATSAPP;NONE
D:\MA\VISION\D25_OnePlus_A3000\videos\flatWA\D25_V_flatWA_move_0003.mp4;VISION;D25;OnePlus;A3000;DIGITAL_CAMERA;FLAT;MP4;WHATSAPP;NONE
D:\MA\VISION\D25_OnePlus_A3000\videos\flatWA\D25_V_flatWA_panrot_0001.mp4;VISION;D25;OnePlus;A3000;DIGITAL_CAMERA;FLAT;MP4;WHATSAPP;NONE
D:\MA\VISION\D25_OnePlus_A3000\videos\flatWA\D25_V_flatWA_panrot_0002.mp4;VISION;D25;OnePlus;A3000;DIGITAL_CAMERA;FLAT;MP4;WHATSAPP;NONE
D:\MA\VISION\D25_OnePlus_A3000\videos\flatWA\D25_V_flatWA_still_0001.mp4;VISION;D25;OnePlus;A3000;DIGITAL_CAMERA;FLAT;MP4;WHATSAPP;NONE
D:\MA\VISION\D25_OnePlus_A3000\videos\flatWA\D25_V_flatWA_still_0002.mp4;VISION;D25;OnePlus;A3000;DIGITAL_CAMERA;FLAT;MP4;WHATSAPP;NONE
D:\MA\VISION\D25_OnePlus_A3000\videos\flatYT\D25_V_flatYT_move_0001.mp4;VISION;D25;OnePlus;A3000;DIGITAL_CAMERA;FLAT;MP4;YOUTUBE;NONE
D:\MA\VISION\D25_OnePlus_A3000\videos\flatYT\D25_V_flatYT_move_0002.mp4;VISION;D25;OnePlus;A3000;DIGITAL_CAMERA;FLAT;MP4;YOUTUBE;NONE
D:\MA\VISION\D25_OnePlus_A3000\videos\flatYT\D25_V_flatYT_move_0003.mp4;VISION;D25;OnePlus;A3000;DIGITAL_CAMERA;FLAT;MP4;YOUTUBE;NONE
D:\MA\VISION\D25_OnePlus_A3000\videos\flatYT\D25_V_flatYT_panrot_0001.mp4;VISION;D25;OnePlus;A3000;DIGITAL_CAMERA;FLAT;MP4;YOUTUBE;NONE
D:\MA\VISION\D25_OnePlus_A3000\videos\flatYT\D25_V_flatYT_panrot_0002.mp4;VISION;D25;OnePlus;A3000;DIGITAL_CAMERA;FLAT;MP4;YOUTUBE;NONE
D:\MA\VISION\D25_OnePlus_A3000\videos\flatYT\D25_V_flatYT_still_0001.mp4;VISION;D25;OnePlus;A3000;DIGITAL_CAMERA;FLAT;MP4;YOUTUBE;NONE
D:\MA\VISION\D25_OnePlus_A3000\videos\flatYT\D25_V_flatYT_still_0002.mp4;VISION;D25;OnePlus;A3000;DIGITAL_CAMERA;FLAT;MP4;YOUTUBE;NONE
D:\MA\VISION\D25_OnePlus_A3000\videos\indoor\D25_V_indoor_move_0001.mp4;VISION;D25;OnePlus;A3000;DIGITAL_CAMERA;INDOOR;MP4;ORIGINAL;NONE
D:\MA\VISION\D25_OnePlus_A3000\videos\indoor\D25_V_indoor_move_0002.mp4;VISION;D25;OnePlus;A3000;DIGITAL_CAMERA;INDOOR;MP4;ORIGINAL;NONE
D:\MA\VISION\D25_OnePlus_A3000\videos\indoor\D25_V_indoor_panrot_0001.mp4;VISION;D25;OnePlus;A3000;DIGITAL_CAMERA;INDOOR;MP4;ORIGINAL;NONE
D:\MA\VISION\D25_OnePlus_A3000\videos\indoor\D25_V_indoor_panrot_0002.mp4;VISION;D25;OnePlus;A3000;DIGITAL_CAMERA;INDOOR;MP4;ORIGINAL;NONE
D:\MA\VISION\D25_OnePlus_A3000\videos\indoor\D25_V_indoor_still_0001.mp4;VISION;D25;OnePlus;A3000;DIGITAL_CAMERA;INDOOR;MP4;ORIGINAL;NONE
D:\MA\VISION\D25_OnePlus_A3000\videos\indoor\D25_V_indoor_still_0002.mp4;VISION;D25;OnePlus;A3000;DIGITAL_CAMERA;INDOOR;MP4;ORIGINAL;NONE
D:\MA\VISION\D25_OnePlus_A3000\videos\indoorWA\D25_V_indoorWA_move_0001.mp4;VISION;D25;OnePlus;A3000;DIGITAL_CAMERA;INDOOR;MP4;WHATSAPP;NONE
D:\MA\VISION\D25_OnePlus_A3000\videos\indoorWA\D25_V_indoorWA_move_0002.mp4;VISION;D25;OnePlus;A3000;DIGITAL_CAMERA;INDOOR;MP4;WHATSAPP;NONE
D:\MA\VISION\D25_OnePlus_A3000\videos\indoorWA\D25_V_indoorWA_panrot_0001.mp4;VISION;D25;OnePlus;A3000;DIGITAL_CAMERA;INDOOR;MP4;WHATSAPP;NONE
D:\MA\VISION\D25_OnePlus_A3000\videos\indoorWA\D25_V_indoorWA_panrot_0002.mp4;VISION;D25;OnePlus;A3000;DIGITAL_CAMERA;INDOOR;MP4;WHATSAPP;NONE
D:\MA\VISION\D25_OnePlus_A3000\videos\indoorWA\D25_V_indoorWA_still_0001.mp4;VISION;D25;OnePlus;A3000;DIGITAL_CAMERA;INDOOR;MP4;WHATSAPP;NONE
D:\MA\VISION\D25_OnePlus_A3000\videos\indoorWA\D25_V_indoorWA_still_0002.mp4;VISION;D25;OnePlus;A3000;DIGITAL_CAMERA;INDOOR;MP4;WHATSAPP;NONE
D:\MA\VISION\D25_OnePlus_A3000\videos\indoorYT\D25_V_indoorYT_move_0001.mp4;VISION;D25;OnePlus;A3000;DIGITAL_CAMERA;INDOOR;MP4;YOUTUBE;NONE
D:\MA\VISION\D25_OnePlus_A3000\videos\indoorYT\D25_V_indoorYT_move_0002.mp4;VISION;D25;OnePlus;A3000;DIGITAL_CAMERA;INDOOR;MP4;YOUTUBE;NONE
D:\MA\VISION\D25_OnePlus_A3000\videos\indoorYT\D25_V_indoorYT_panrot_0001.mp4;VISION;D25;OnePlus;A3000;DIGITAL_CAMERA;INDOOR;MP4;YOUTUBE;NONE
D:\MA\VISION\D25_OnePlus_A3000\videos\indoorYT\D25_V_indoorYT_panrot_0002.mp4;VISION;D25;OnePlus;A3000;DIGITAL_CAMERA;INDOOR;MP4;YOUTUBE;NONE
D:\MA\VISION\D25_OnePlus_A3000\videos\indoorYT\D25_V_indoorYT_still_0001.mp4;VISION;D25;OnePlus;A3000;DIGITAL_CAMERA;INDOOR;MP4;YOUTUBE;NONE
D:\MA\VISION\D25_OnePlus_A3000\videos\indoorYT\D25_V_indoorYT_still_0002.mp4;VISION;D25;OnePlus;A3000;DIGITAL_CAMERA;INDOOR;MP4;YOUTUBE;NONE
D:\MA\VISION\D25_OnePlus_A3000\videos\outdoor\D25_V_outdoor_move_0001.mp4;VISION;D25;OnePlus;A3000;DIGITAL_CAMERA;OUTDOOR;MP4;ORIGINAL;NONE
D:\MA\VISION\D25_OnePlus_A3000\videos\outdoor\D25_V_outdoor_move_0002.mp4;VISION;D25;OnePlus;A3000;DIGITAL_CAMERA;OUTDOOR;MP4;ORIGINAL;NONE
D:\MA\VISION\D25_OnePlus_A3000\videos\outdoor\D25_V_outdoor_panrot_0001.mp4;VISION;D25;OnePlus;A3000;DIGITAL_CAMERA;OUTDOOR;MP4;ORIGINAL;NONE
D:\MA\VISION\D25_OnePlus_A3000\videos\outdoor\D25_V_outdoor_panrot_0002.mp4;VISION;D25;OnePlus;A3000;DIGITAL_CAMERA;OUTDOOR;MP4;ORIGINAL;NONE
D:\MA\VISION\D25_OnePlus_A3000\videos\outdoor\D25_V_outdoor_still_0001.mp4;VISION;D25;OnePlus;A3000;DIGITAL_CAMERA;OUTDOOR;MP4;ORIGINAL;NONE
D:\MA\VISION\D25_OnePlus_A3000\videos\outdoor\D25_V_outdoor_still_0002.mp4;VISION;D25;OnePlus;A3000;DIGITAL_CAMERA;OUTDOOR;MP4;ORIGINAL;NONE
D:\MA\VISION\D25_OnePlus_A3000\videos\outdoorWA\D25_V_outdoorWA_move_0001.mp4;VISION;D25;OnePlus;A3000;DIGITAL_CAMERA;OUTDOOR;MP4;WHATSAPP;NONE
D:\MA\VISION\D25_OnePlus_A3000\videos\outdoorWA\D25_V_outdoorWA_move_0002.mp4;VISION;D25;OnePlus;A3000;DIGITAL_CAMERA;OUTDOOR;MP4;WHATSAPP;NONE
D:\MA\VISION\D25_OnePlus_A3000\videos\outdoorWA\D25_V_outdoorWA_panrot_0001.mp4;VISION;D25;OnePlus;A3000;DIGITAL_CAMERA;OUTDOOR;MP4;WHATSAPP;NONE
D:\MA\VISION\D25_OnePlus_A3000\videos\outdoorWA\D25_V_outdoorWA_panrot_0002.mp4;VISION;D25;OnePlus;A3000;DIGITAL_CAMERA;OUTDOOR;MP4;WHATSAPP;NONE
D:\MA\VISION\D25_OnePlus_A3000\videos\outdoorWA\D25_V_outdoorWA_still_0001.mp4;VISION;D25;OnePlus;A3000;DIGITAL_CAMERA;OUTDOOR;MP4;WHATSAPP;NONE
D:\MA\VISION\D25_OnePlus_A3000\videos\outdoorWA\D25_V_outdoorWA_still_0002.mp4;VISION;D25;OnePlus;A3000;DIGITAL_CAMERA;OUTDOOR;MP4;WHATSAPP;NONE
D:\MA\VISION\D25_OnePlus_A3000\videos\outdoorYT\D25_V_outdoorYT_move_0001.mp4;VISION;D25;OnePlus;A3000;DIGITAL_CAMERA;OUTDOOR;MP4;YOUTUBE;NONE
D:\MA\VISION\D25_OnePlus_A3000\videos\outdoorYT\D25_V_outdoorYT_move_0002.mp4;VISION;D25;OnePlus;A3000;DIGITAL_CAMERA;OUTDOOR;MP4;YOUTUBE;NONE
D:\MA\VISION\D25_OnePlus_A3000\videos\outdoorYT\D25_V_outdoorYT_panrot_0001.mp4;VISION;D25;OnePlus;A3000;DIGITAL_CAMERA;OUTDOOR;MP4;YOUTUBE;NONE
D:\MA\VISION\D25_OnePlus_A3000\videos\outdoorYT\D25_V_outdoorYT_panrot_0002.mp4;VISION;D25;OnePlus;A3000;DIGITAL_CAMERA;OUTDOOR;MP4;YOUTUBE;NONE
D:\MA\VISION\D25_OnePlus_A3000\videos\outdoorYT\D25_V_outdoorYT_still_0001.mp4;VISION;D25;OnePlus;A3000;DIGITAL_CAMERA;OUTDOOR;MP4;YOUTUBE;NONE
D:\MA\VISION\D25_OnePlus_A3000\videos\outdoorYT\D25_V_outdoorYT_still_0002.mp4;VISION;D25;OnePlus;A3000;DIGITAL_CAMERA;OUTDOOR;MP4;YOUTUBE;NONE
D:\MA\VISION\D24_Xiaomi_RedmiNote3\videos\flat\D24_V_flat_move_0001.mp4;VISION;D24;Xiaomi;RedmiNote3;DIGITAL_CAMERA;FLAT;MP4;ORIGINAL;NONE
D:\MA\VISION\D24_Xiaomi_RedmiNote3\videos\flat\D24_V_flat_move_0002.mp4;VISION;D24;Xiaomi;RedmiNote3;DIGITAL_CAMERA;FLAT;MP4;ORIGINAL;NONE
D:\MA\VISION\D24_Xiaomi_RedmiNote3\videos\flat\D24_V_flat_move_0003.mp4;VISION;D24;Xiaomi;RedmiNote3;DIGITAL_CAMERA;FLAT;MP4;ORIGINAL;NONE
D:\MA\VISION\D24_Xiaomi_RedmiNote3\videos\flat\D24_V_flat_panrot_0001.mp4;VISION;D24;Xiaomi;RedmiNote3;DIGITAL_CAMERA;FLAT;MP4;ORIGINAL;NONE
D:\MA\VISION\D24_Xiaomi_RedmiNote3\videos\flat\D24_V_flat_panrot_0002.mp4;VISION;D24;Xiaomi;RedmiNote3;DIGITAL_CAMERA;FLAT;MP4;ORIGINAL;NONE
D:\MA\VISION\D24_Xiaomi_RedmiNote3\videos\flat\D24_V_flat_still_0001.mp4;VISION;D24;Xiaomi;RedmiNote3;DIGITAL_CAMERA;FLAT;MP4;ORIGINAL;NONE
D:\MA\VISION\D24_Xiaomi_RedmiNote3\videos\flat\D24_V_flat_still_0002.mp4;VISION;D24;Xiaomi;RedmiNote3;DIGITAL_CAMERA;FLAT;MP4;ORIGINAL;NONE
D:\MA\VISION\D24_Xiaomi_RedmiNote3\videos\flatWA\D24_V_flatWA_move_0001.mp4;VISION;D24;Xiaomi;RedmiNote3;DIGITAL_CAMERA;FLAT;MP4;WHATSAPP;NONE
D:\MA\VISION\D24_Xiaomi_RedmiNote3\videos\flatWA\D24_V_flatWA_move_0002.mp4;VISION;D24;Xiaomi;RedmiNote3;DIGITAL_CAMERA;FLAT;MP4;WHATSAPP;NONE
D:\MA\VISION\D24_Xiaomi_RedmiNote3\videos\flatWA\D24_V_flatWA_move_0003.mp4;VISION;D24;Xiaomi;RedmiNote3;DIGITAL_CAMERA;FLAT;MP4;WHATSAPP;NONE
D:\MA\VISION\D24_Xiaomi_RedmiNote3\videos\flatWA\D24_V_flatWA_panrot_0001.mp4;VISION;D24;Xiaomi;RedmiNote3;DIGITAL_CAMERA;FLAT;MP4;WHATSAPP;NONE
D:\MA\VISION\D24_Xiaomi_RedmiNote3\videos\flatWA\D24_V_flatWA_panrot_0002.mp4;VISION;D24;Xiaomi;RedmiNote3;DIGITAL_CAMERA;FLAT;MP4;WHATSAPP;NONE
D:\MA\VISION\D24_Xiaomi_RedmiNote3\videos\flatWA\D24_V_flatWA_still_0001.mp4;VISION;D24;Xiaomi;RedmiNote3;DIGITAL_CAMERA;FLAT;MP4;WHATSAPP;NONE
D:\MA\VISION\D24_Xiaomi_RedmiNote3\videos\flatWA\D24_V_flatWA_still_0002.mp4;VISION;D24;Xiaomi;RedmiNote3;DIGITAL_CAMERA;FLAT;MP4;WHATSAPP;NONE
D:\MA\VISION\D24_Xiaomi_RedmiNote3\videos\flatYT\D24_V_flatYT_move_0001.mp4;VISION;D24;Xiaomi;RedmiNote3;DIGITAL_CAMERA;FLAT;MP4;YOUTUBE;NONE
D:\MA\VISION\D24_Xiaomi_RedmiNote3\videos\flatYT\D24_V_flatYT_move_0002.mp4;VISION;D24;Xiaomi;RedmiNote3;DIGITAL_CAMERA;FLAT;MP4;YOUTUBE;NONE
D:\MA\VISION\D24_Xiaomi_RedmiNote3\videos\flatYT\D24_V_flatYT_move_0003.mp4;VISION;D24;Xiaomi;RedmiNote3;DIGITAL_CAMERA;FLAT;MP4;YOUTUBE;NONE
D:\MA\VISION\D24_Xiaomi_RedmiNote3\videos\flatYT\D24_V_flatYT_panrot_0001.mp4;VISION;D24;Xiaomi;RedmiNote3;DIGITAL_CAMERA;FLAT;MP4;YOUTUBE;NONE
D:\MA\VISION\D24_Xiaomi_RedmiNote3\videos\flatYT\D24_V_flatYT_panrot_0002.mp4;VISION;D24;Xiaomi;RedmiNote3;DIGITAL_CAMERA;FLAT;MP4;YOUTUBE;NONE
D:\MA\VISION\D24_Xiaomi_RedmiNote3\videos\flatYT\D24_V_flatYT_still_0001.mp4;VISION;D24;Xiaomi;RedmiNote3;DIGITAL_CAMERA;FLAT;MP4;YOUTUBE;NONE
D:\MA\VISION\D24_Xiaomi_RedmiNote3\videos\flatYT\D24_V_flatYT_still_0002.mp4;VISION;D24;Xiaomi;RedmiNote3;DIGITAL_CAMERA;FLAT;MP4;YOUTUBE;NONE
D:\MA\VISION\D24_Xiaomi_RedmiNote3\videos\indoor\D24_V_indoor_move_0001.mp4;VISION;D24;Xiaomi;RedmiNote3;DIGITAL_CAMERA;INDOOR;MP4;ORIGINAL;NONE
D:\MA\VISION\D24_Xiaomi_RedmiNote3\videos\indoor\D24_V_indoor_move_0002.mp4;VISION;D24;Xiaomi;RedmiNote3;DIGITAL_CAMERA;INDOOR;MP4;ORIGINAL;NONE
D:\MA\VISION\D24_Xiaomi_RedmiNote3\videos\indoor\D24_V_indoor_panrot_0001.mp4;VISION;D24;Xiaomi;RedmiNote3;DIGITAL_CAMERA;INDOOR;MP4;ORIGINAL;NONE
D:\MA\VISION\D24_Xiaomi_RedmiNote3\videos\indoor\D24_V_indoor_panrot_0002.mp4;VISION;D24;Xiaomi;RedmiNote3;DIGITAL_CAMERA;INDOOR;MP4;ORIGINAL;NONE
D:\MA\VISION\D24_Xiaomi_RedmiNote3\videos\indoor\D24_V_indoor_still_0001.mp4;VISION;D24;Xiaomi;RedmiNote3;DIGITAL_CAMERA;INDOOR;MP4;ORIGINAL;NONE
D:\MA\VISION\D24_Xiaomi_RedmiNote3\videos\indoor\D24_V_indoor_still_0002.mp4;VISION;D24;Xiaomi;RedmiNote3;DIGITAL_CAMERA;INDOOR;MP4;ORIGINAL;NONE
D:\MA\VISION\D24_Xiaomi_RedmiNote3\videos\indoorWA\D24_V_indoorWA_move_0001.mp4;VISION;D24;Xiaomi;RedmiNote3;DIGITAL_CAMERA;INDOOR;MP4;WHATSAPP;NONE
D:\MA\VISION\D24_Xiaomi_RedmiNote3\videos\indoorWA\D24_V_indoorWA_move_0002.mp4;VISION;D24;Xiaomi;RedmiNote3;DIGITAL_CAMERA;INDOOR;MP4;WHATSAPP;NONE
D:\MA\VISION\D24_Xiaomi_RedmiNote3\videos\indoorWA\D24_V_indoorWA_panrot_0001.mp4;VISION;D24;Xiaomi;RedmiNote3;DIGITAL_CAMERA;INDOOR;MP4;WHATSAPP;NONE
D:\MA\VISION\D24_Xiaomi_RedmiNote3\videos\indoorWA\D24_V_indoorWA_panrot_0002.mp4;VISION;D24;Xiaomi;RedmiNote3;DIGITAL_CAMERA;INDOOR;MP4;WHATSAPP;NONE
D:\MA\VISION\D24_Xiaomi_RedmiNote3\videos\indoorWA\D24_V_indoorWA_still_0001.mp4;VISION;D24;Xiaomi;RedmiNote3;DIGITAL_CAMERA;INDOOR;MP4;WHATSAPP;NONE
D:\MA\VISION\D24_Xiaomi_RedmiNote3\videos\indoorWA\D24_V_indoorWA_still_0002.mp4;VISION;D24;Xiaomi;RedmiNote3;DIGITAL_CAMERA;INDOOR;MP4;WHATSAPP;NONE
D:\MA\VISION\D24_Xiaomi_RedmiNote3\videos\indoorYT\D24_V_indoorYT_move_0001.mp4;VISION;D24;Xiaomi;RedmiNote3;DIGITAL_CAMERA;INDOOR;MP4;YOUTUBE;NONE
D:\MA\VISION\D24_Xiaomi_RedmiNote3\videos\indoorYT\D24_V_indoorYT_move_0002.mp4;VISION;D24;Xiaomi;RedmiNote3;DIGITAL_CAMERA;INDOOR;MP4;YOUTUBE;NONE
D:\MA\VISION\D24_Xiaomi_RedmiNote3\videos\indoorYT\D24_V_indoorYT_panrot_0001.mp4;VISION;D24;Xiaomi;RedmiNote3;DIGITAL_CAMERA;INDOOR;MP4;YOUTUBE;NONE
D:\MA\VISION\D24_Xiaomi_RedmiNote3\videos\indoorYT\D24_V_indoorYT_panrot_0002.mp4;VISION;D24;Xiaomi;RedmiNote3;DIGITAL_CAMERA;INDOOR;MP4;YOUTUBE;NONE
D:\MA\VISION\D24_Xiaomi_RedmiNote3\videos\indoorYT\D24_V_indoorYT_still_0001.mp4;VISION;D24;Xiaomi;RedmiNote3;DIGITAL_CAMERA;INDOOR;MP4;YOUTUBE;NONE
D:\MA\VISION\D24_Xiaomi_RedmiNote3\videos\indoorYT\D24_V_indoorYT_still_0002.mp4;VISION;D24;Xiaomi;RedmiNote3;DIGITAL_CAMERA;INDOOR;MP4;YOUTUBE;NONE
D:\MA\VISION\D24_Xiaomi_RedmiNote3\videos\outdoor\D24_V_outdoor_move_0001.mp4;VISION;D24;Xiaomi;RedmiNote3;DIGITAL_CAMERA;OUTDOOR;MP4;ORIGINAL;NONE
D:\MA\VISION\D24_Xiaomi_RedmiNote3\videos\outdoor\D24_V_outdoor_move_0002.mp4;VISION;D24;Xiaomi;RedmiNote3;DIGITAL_CAMERA;OUTDOOR;MP4;ORIGINAL;NONE
D:\MA\VISION\D24_Xiaomi_RedmiNote3\videos\outdoor\D24_V_outdoor_panrot_0001.mp4;VISION;D24;Xiaomi;RedmiNote3;DIGITAL_CAMERA;OUTDOOR;MP4;ORIGINAL;NONE
D:\MA\VISION\D24_Xiaomi_RedmiNote3\videos\outdoor\D24_V_outdoor_panrot_0002.mp4;VISION;D24;Xiaomi;RedmiNote3;DIGITAL_CAMERA;OUTDOOR;MP4;ORIGINAL;NONE
D:\MA\VISION\D24_Xiaomi_RedmiNote3\videos\outdoor\D24_V_outdoor_still_0001.mp4;VISION;D24;Xiaomi;RedmiNote3;DIGITAL_CAMERA;OUTDOOR;MP4;ORIGINAL;NONE
D:\MA\VISION\D24_Xiaomi_RedmiNote3\videos\outdoor\D24_V_outdoor_still_0002.mp4;VISION;D24;Xiaomi;RedmiNote3;DIGITAL_CAMERA;OUTDOOR;MP4;ORIGINAL;NONE
D:\MA\VISION\D24_Xiaomi_RedmiNote3\videos\outdoorWA\D24_V_outdoorWA_move_0001.mp4;VISION;D24;Xiaomi;RedmiNote3;DIGITAL_CAMERA;OUTDOOR;MP4;WHATSAPP;NONE
D:\MA\VISION\D24_Xiaomi_RedmiNote3\videos\outdoorWA\D24_V_outdoorWA_move_0002.mp4;VISION;D24;Xiaomi;RedmiNote3;DIGITAL_CAMERA;OUTDOOR;MP4;WHATSAPP;NONE
D:\MA\VISION\D24_Xiaomi_RedmiNote3\videos\outdoorWA\D24_V_outdoorWA_panrot_0001.mp4;VISION;D24;Xiaomi;RedmiNote3;DIGITAL_CAMERA;OUTDOOR;MP4;WHATSAPP;NONE
D:\MA\VISION\D24_Xiaomi_RedmiNote3\videos\outdoorWA\D24_V_outdoorWA_panrot_0002.mp4;VISION;D24;Xiaomi;RedmiNote3;DIGITAL_CAMERA;OUTDOOR;MP4;WHATSAPP;NONE
D:\MA\VISION\D24_Xiaomi_RedmiNote3\videos\outdoorWA\D24_V_outdoorWA_still_0001.mp4;VISION;D24;Xiaomi;RedmiNote3;DIGITAL_CAMERA;OUTDOOR;MP4;WHATSAPP;NONE
D:\MA\VISION\D24_Xiaomi_RedmiNote3\videos\outdoorWA\D24_V_outdoorWA_still_0002.mp4;VISION;D24;Xiaomi;RedmiNote3;DIGITAL_CAMERA;OUTDOOR;MP4;WHATSAPP;NONE
D:\MA\VISION\D24_Xiaomi_RedmiNote3\videos\outdoorYT\D24_V_outdoorYT_move_0001.mp4;VISION;D24;Xiaomi;RedmiNote3;DIGITAL_CAMERA;OUTDOOR;MP4;YOUTUBE;NONE
D:\MA\VISION\D24_Xiaomi_RedmiNote3\videos\outdoorYT\D24_V_outdoorYT_move_0002.mp4;VISION;D24;Xiaomi;RedmiNote3;DIGITAL_CAMERA;OUTDOOR;MP4;YOUTUBE;NONE
D:\MA\VISION\D24_Xiaomi_RedmiNote3\videos\outdoorYT\D24_V_outdoorYT_panrot_0001.mp4;VISION;D24;Xiaomi;RedmiNote3;DIGITAL_CAMERA;OUTDOOR;MP4;YOUTUBE;NONE
D:\MA\VISION\D24_Xiaomi_RedmiNote3\videos\outdoorYT\D24_V_outdoorYT_panrot_0002.mp4;VISION;D24;Xiaomi;RedmiNote3;DIGITAL_CAMERA;OUTDOOR;MP4;YOUTUBE;NONE
D:\MA\VISION\D24_Xiaomi_RedmiNote3\videos\outdoorYT\D24_V_outdoorYT_still_0001.mp4;VISION;D24;Xiaomi;RedmiNote3;DIGITAL_CAMERA;OUTDOOR;MP4;YOUTUBE;NONE
D:\MA\VISION\D24_Xiaomi_RedmiNote3\videos\outdoorYT\D24_V_outdoorYT_still_0002.mp4;VISION;D24;Xiaomi;RedmiNote3;DIGITAL_CAMERA;OUTDOOR;MP4;YOUTUBE;NONE
D:\MA\VISION\D23_Asus_Zenfone2Laser\videos\flat\D23_V_flat_move_0001.mp4;VISION;D23;Asus;Zenfone2Laser;DIGITAL_CAMERA;FLAT;MP4;ORIGINAL;NONE
D:\MA\VISION\D23_Asus_Zenfone2Laser\videos\flat\D23_V_flat_move_0002.mp4;VISION;D23;Asus;Zenfone2Laser;DIGITAL_CAMERA;FLAT;MP4;ORIGINAL;NONE
D:\MA\VISION\D23_Asus_Zenfone2Laser\videos\flat\D23_V_flat_move_0003.mp4;VISION;D23;Asus;Zenfone2Laser;DIGITAL_CAMERA;FLAT;MP4;ORIGINAL;NONE
D:\MA\VISION\D23_Asus_Zenfone2Laser\videos\flat\D23_V_flat_panrot_0001.mp4;VISION;D23;Asus;Zenfone2Laser;DIGITAL_CAMERA;FLAT;MP4;ORIGINAL;NONE
D:\MA\VISION\D23_Asus_Zenfone2Laser\videos\flat\D23_V_flat_panrot_0002.mp4;VISION;D23;Asus;Zenfone2Laser;DIGITAL_CAMERA;FLAT;MP4;ORIGINAL;NONE
D:\MA\VISION\D23_Asus_Zenfone2Laser\videos\flat\D23_V_flat_still_0001.mp4;VISION;D23;Asus;Zenfone2Laser;DIGITAL_CAMERA;FLAT;MP4;ORIGINAL;NONE
D:\MA\VISION\D23_Asus_Zenfone2Laser\videos\flat\D23_V_flat_still_0002.mp4;VISION;D23;Asus;Zenfone2Laser;DIGITAL_CAMERA;FLAT;MP4;ORIGINAL;NONE
D:\MA\VISION\D23_Asus_Zenfone2Laser\videos\flatWA\D23_V_flatWA_move_0001.mp4;VISION;D23;Asus;Zenfone2Laser;DIGITAL_CAMERA;FLAT;MP4;WHATSAPP;NONE
D:\MA\VISION\D23_Asus_Zenfone2Laser\videos\flatWA\D23_V_flatWA_move_0002.mp4;VISION;D23;Asus;Zenfone2Laser;DIGITAL_CAMERA;FLAT;MP4;WHATSAPP;NONE
D:\MA\VISION\D23_Asus_Zenfone2Laser\videos\flatWA\D23_V_flatWA_move_0003.mp4;VISION;D23;Asus;Zenfone2Laser;DIGITAL_CAMERA;FLAT;MP4;WHATSAPP;NONE
D:\MA\VISION\D23_Asus_Zenfone2Laser\videos\flatWA\D23_V_flatWA_panrot_0001.mp4;VISION;D23;Asus;Zenfone2Laser;DIGITAL_CAMERA;FLAT;MP4;WHATSAPP;NONE
D:\MA\VISION\D23_Asus_Zenfone2Laser\videos\flatWA\D23_V_flatWA_panrot_0002.mp4;VISION;D23;Asus;Zenfone2Laser;DIGITAL_CAMERA;FLAT;MP4;WHATSAPP;NONE
D:\MA\VISION\D23_Asus_Zenfone2Laser\videos\flatWA\D23_V_flatWA_still_0001.mp4;VISION;D23;Asus;Zenfone2Laser;DIGITAL_CAMERA;FLAT;MP4;WHATSAPP;NONE
D:\MA\VISION\D23_Asus_Zenfone2Laser\videos\flatWA\D23_V_flatWA_still_0002.mp4;VISION;D23;Asus;Zenfone2Laser;DIGITAL_CAMERA;FLAT;MP4;WHATSAPP;NONE
D:\MA\VISION\D23_Asus_Zenfone2Laser\videos\flatYT\D23_V_flatYT_move_0001.mp4;VISION;D23;Asus;Zenfone2Laser;DIGITAL_CAMERA;FLAT;MP4;YOUTUBE;NONE
D:\MA\VISION\D23_Asus_Zenfone2Laser\videos\flatYT\D23_V_flatYT_move_0002.mp4;VISION;D23;Asus;Zenfone2Laser;DIGITAL_CAMERA;FLAT;MP4;YOUTUBE;NONE
D:\MA\VISION\D23_Asus_Zenfone2Laser\videos\flatYT\D23_V_flatYT_move_0003.mp4;VISION;D23;Asus;Zenfone2Laser;DIGITAL_CAMERA;FLAT;MP4;YOUTUBE;NONE
D:\MA\VISION\D23_Asus_Zenfone2Laser\videos\flatYT\D23_V_flatYT_panrot_0001.mp4;VISION;D23;Asus;Zenfone2Laser;DIGITAL_CAMERA;FLAT;MP4;YOUTUBE;NONE
D:\MA\VISION\D23_Asus_Zenfone2Laser\videos\flatYT\D23_V_flatYT_panrot_0002.mp4;VISION;D23;Asus;Zenfone2Laser;DIGITAL_CAMERA;FLAT;MP4;YOUTUBE;NONE
D:\MA\VISION\D23_Asus_Zenfone2Laser\videos\flatYT\D23_V_flatYT_still_0001.mp4;VISION;D23;Asus;Zenfone2Laser;DIGITAL_CAMERA;FLAT;MP4;YOUTUBE;NONE
D:\MA\VISION\D23_Asus_Zenfone2Laser\videos\flatYT\D23_V_flatYT_still_0002.mp4;VISION;D23;Asus;Zenfone2Laser;DIGITAL_CAMERA;FLAT;MP4;YOUTUBE;NONE
D:\MA\VISION\D23_Asus_Zenfone2Laser\videos\indoor\D23_V_indoor_move_0001.mp4;VISION;D23;Asus;Zenfone2Laser;DIGITAL_CAMERA;INDOOR;MP4;ORIGINAL;NONE
D:\MA\VISION\D23_Asus_Zenfone2Laser\videos\indoor\D23_V_indoor_move_0002.mp4;VISION;D23;Asus;Zenfone2Laser;DIGITAL_CAMERA;INDOOR;MP4;ORIGINAL;NONE
D:\MA\VISION\D23_Asus_Zenfone2Laser\videos\indoor\D23_V_indoor_panrot_0001.mp4;VISION;D23;Asus;Zenfone2Laser;DIGITAL_CAMERA;INDOOR;MP4;ORIGINAL;NONE
D:\MA\VISION\D23_Asus_Zenfone2Laser\videos\indoor\D23_V_indoor_panrot_0002.mp4;VISION;D23;Asus;Zenfone2Laser;DIGITAL_CAMERA;INDOOR;MP4;ORIGINAL;NONE
D:\MA\VISION\D23_Asus_Zenfone2Laser\videos\indoor\D23_V_indoor_still_0001.mp4;VISION;D23;Asus;Zenfone2Laser;DIGITAL_CAMERA;INDOOR;MP4;ORIGINAL;NONE
D:\MA\VISION\D23_Asus_Zenfone2Laser\videos\indoor\D23_V_indoor_still_0002.mp4;VISION;D23;Asus;Zenfone2Laser;DIGITAL_CAMERA;INDOOR;MP4;ORIGINAL;NONE
D:\MA\VISION\D23_Asus_Zenfone2Laser\videos\indoorWA\D23_V_indoorWA_move_0001.mp4;VISION;D23;Asus;Zenfone2Laser;DIGITAL_CAMERA;INDOOR;MP4;WHATSAPP;NONE
D:\MA\VISION\D23_Asus_Zenfone2Laser\videos\indoorWA\D23_V_indoorWA_move_0002.mp4;VISION;D23;Asus;Zenfone2Laser;DIGITAL_CAMERA;INDOOR;MP4;WHATSAPP;NONE
D:\MA\VISION\D23_Asus_Zenfone2Laser\videos\indoorWA\D23_V_indoorWA_panrot_0001.mp4;VISION;D23;Asus;Zenfone2Laser;DIGITAL_CAMERA;INDOOR;MP4;WHATSAPP;NONE
D:\MA\VISION\D23_Asus_Zenfone2Laser\videos\indoorWA\D23_V_indoorWA_panrot_0002.mp4;VISION;D23;Asus;Zenfone2Laser;DIGITAL_CAMERA;INDOOR;MP4;WHATSAPP;NONE
D:\MA\VISION\D23_Asus_Zenfone2Laser\videos\indoorWA\D23_V_indoorWA_still_0001.mp4;VISION;D23;Asus;Zenfone2Laser;DIGITAL_CAMERA;INDOOR;MP4;WHATSAPP;NONE
D:\MA\VISION\D23_Asus_Zenfone2Laser\videos\indoorWA\D23_V_indoorWA_still_0002.mp4;VISION;D23;Asus;Zenfone2Laser;DIGITAL_CAMERA;INDOOR;MP4;WHATSAPP;NONE
D:\MA\VISION\D23_Asus_Zenfone2Laser\videos\indoorYT\D23_V_indoorYT_move_0001.mp4;VISION;D23;Asus;Zenfone2Laser;DIGITAL_CAMERA;INDOOR;MP4;YOUTUBE;NONE
D:\MA\VISION\D23_Asus_Zenfone2Laser\videos\indoorYT\D23_V_indoorYT_move_0002.mp4;VISION;D23;Asus;Zenfone2Laser;DIGITAL_CAMERA;INDOOR;MP4;YOUTUBE;NONE
D:\MA\VISION\D23_Asus_Zenfone2Laser\videos\indoorYT\D23_V_indoorYT_panrot_0001.mp4;VISION;D23;Asus;Zenfone2Laser;DIGITAL_CAMERA;INDOOR;MP4;YOUTUBE;NONE
D:\MA\VISION\D23_Asus_Zenfone2Laser\videos\indoorYT\D23_V_indoorYT_panrot_0002.mp4;VISION;D23;Asus;Zenfone2Laser;DIGITAL_CAMERA;INDOOR;MP4;YOUTUBE;NONE
D:\MA\VISION\D23_Asus_Zenfone2Laser\videos\indoorYT\D23_V_indoorYT_still_0001.mp4;VISION;D23;Asus;Zenfone2Laser;DIGITAL_CAMERA;INDOOR;MP4;YOUTUBE;NONE
D:\MA\VISION\D23_Asus_Zenfone2Laser\videos\indoorYT\D23_V_indoorYT_still_0002.mp4;VISION;D23;Asus;Zenfone2Laser;DIGITAL_CAMERA;INDOOR;MP4;YOUTUBE;NONE
D:\MA\VISION\D23_Asus_Zenfone2Laser\videos\outdoor\D23_V_outdoor_move_0001.mp4;VISION;D23;Asus;Zenfone2Laser;DIGITAL_CAMERA;OUTDOOR;MP4;ORIGINAL;NONE
D:\MA\VISION\D23_Asus_Zenfone2Laser\videos\outdoor\D23_V_outdoor_move_0002.mp4;VISION;D23;Asus;Zenfone2Laser;DIGITAL_CAMERA;OUTDOOR;MP4;ORIGINAL;NONE
D:\MA\VISION\D23_Asus_Zenfone2Laser\videos\outdoor\D23_V_outdoor_panrot_0001.mp4;VISION;D23;Asus;Zenfone2Laser;DIGITAL_CAMERA;OUTDOOR;MP4;ORIGINAL;NONE
D:\MA\VISION\D23_Asus_Zenfone2Laser\videos\outdoor\D23_V_outdoor_panrot_0002.mp4;VISION;D23;Asus;Zenfone2Laser;DIGITAL_CAMERA;OUTDOOR;MP4;ORIGINAL;NONE
D:\MA\VISION\D23_Asus_Zenfone2Laser\videos\outdoor\D23_V_outdoor_still_0001.mp4;VISION;D23;Asus;Zenfone2Laser;DIGITAL_CAMERA;OUTDOOR;MP4;ORIGINAL;NONE
D:\MA\VISION\D23_Asus_Zenfone2Laser\videos\outdoor\D23_V_outdoor_still_0002.mp4;VISION;D23;Asus;Zenfone2Laser;DIGITAL_CAMERA;OUTDOOR;MP4;ORIGINAL;NONE
D:\MA\VISION\D23_Asus_Zenfone2Laser\videos\outdoorWA\D23_V_outdoorWA_move_0001.mp4;VISION;D23;Asus;Zenfone2Laser;DIGITAL_CAMERA;OUTDOOR;MP4;WHATSAPP;NONE
D:\MA\VISION\D23_Asus_Zenfone2Laser\videos\outdoorWA\D23_V_outdoorWA_move_0002.mp4;VISION;D23;Asus;Zenfone2Laser;DIGITAL_CAMERA;OUTDOOR;MP4;WHATSAPP;NONE
D:\MA\VISION\D23_Asus_Zenfone2Laser\videos\outdoorWA\D23_V_outdoorWA_panrot_0001.mp4;VISION;D23;Asus;Zenfone2Laser;DIGITAL_CAMERA;OUTDOOR;MP4;WHATSAPP;NONE
D:\MA\VISION\D23_Asus_Zenfone2Laser\videos\outdoorWA\D23_V_outdoorWA_panrot_0002.mp4;VISION;D23;Asus;Zenfone2Laser;DIGITAL_CAMERA;OUTDOOR;MP4;WHATSAPP;NONE
D:\MA\VISION\D23_Asus_Zenfone2Laser\videos\outdoorWA\D23_V_outdoorWA_still_0001.mp4;VISION;D23;Asus;Zenfone2Laser;DIGITAL_CAMERA;OUTDOOR;MP4;WHATSAPP;NONE
D:\MA\VISION\D23_Asus_Zenfone2Laser\videos\outdoorWA\D23_V_outdoorWA_still_0002.mp4;VISION;D23;Asus;Zenfone2Laser;DIGITAL_CAMERA;OUTDOOR;MP4;WHATSAPP;NONE
D:\MA\VISION\D23_Asus_Zenfone2Laser\videos\outdoorYT\D23_V_outdoorYT_move_0001.mp4;VISION;D23;Asus;Zenfone2Laser;DIGITAL_CAMERA;OUTDOOR;MP4;YOUTUBE;NONE
D:\MA\VISION\D23_Asus_Zenfone2Laser\videos\outdoorYT\D23_V_outdoorYT_move_0002.mp4;VISION;D23;Asus;Zenfone2Laser;DIGITAL_CAMERA;OUTDOOR;MP4;YOUTUBE;NONE
D:\MA\VISION\D23_Asus_Zenfone2Laser\videos\outdoorYT\D23_V_outdoorYT_panrot_0001.mp4;VISION;D23;Asus;Zenfone2Laser;DIGITAL_CAMERA;OUTDOOR;MP4;YOUTUBE;NONE
D:\MA\VISION\D23_Asus_Zenfone2Laser\videos\outdoorYT\D23_V_outdoorYT_panrot_0002.mp4;VISION;D23;Asus;Zenfone2Laser;DIGITAL_CAMERA;OUTDOOR;MP4;YOUTUBE;NONE
D:\MA\VISION\D23_Asus_Zenfone2Laser\videos\outdoorYT\D23_V_outdoorYT_still_0001.mp4;VISION;D23;Asus;Zenfone2Laser;DIGITAL_CAMERA;OUTDOOR;MP4;YOUTUBE;NONE
D:\MA\VISION\D23_Asus_Zenfone2Laser\videos\outdoorYT\D23_V_outdoorYT_still_0002.mp4;VISION;D23;Asus;Zenfone2Laser;DIGITAL_CAMERA;OUTDOOR;MP4;YOUTUBE;NONE
D:\MA\VISION\D22_Samsung_GalaxyTrendPlus\videos\flat\D22_V_flat_move_0001.mp4;VISION;D22;Samsung;GalaxyTrendPlus;DIGITAL_CAMERA;FLAT;MP4;ORIGINAL;NONE
D:\MA\VISION\D22_Samsung_GalaxyTrendPlus\videos\flat\D22_V_flat_move_0002.mp4;VISION;D22;Samsung;GalaxyTrendPlus;DIGITAL_CAMERA;FLAT;MP4;ORIGINAL;NONE
D:\MA\VISION\D22_Samsung_GalaxyTrendPlus\videos\flat\D22_V_flat_panrot_0001.mp4;VISION;D22;Samsung;GalaxyTrendPlus;DIGITAL_CAMERA;FLAT;MP4;ORIGINAL;NONE
D:\MA\VISION\D22_Samsung_GalaxyTrendPlus\videos\flat\D22_V_flat_still_0001.mp4;VISION;D22;Samsung;GalaxyTrendPlus;DIGITAL_CAMERA;FLAT;MP4;ORIGINAL;NONE
D:\MA\VISION\D22_Samsung_GalaxyTrendPlus\videos\flatWA\D22_V_flatWA_move_0001.mp4;VISION;D22;Samsung;GalaxyTrendPlus;DIGITAL_CAMERA;FLAT;MP4;WHATSAPP;NONE
D:\MA\VISION\D22_Samsung_GalaxyTrendPlus\videos\flatWA\D22_V_flatWA_move_0002.mp4;VISION;D22;Samsung;GalaxyTrendPlus;DIGITAL_CAMERA;FLAT;MP4;WHATSAPP;NONE
D:\MA\VISION\D22_Samsung_GalaxyTrendPlus\videos\flatWA\D22_V_flatWA_panrot_0001.mp4;VISION;D22;Samsung;GalaxyTrendPlus;DIGITAL_CAMERA;FLAT;MP4;WHATSAPP;NONE
D:\MA\VISION\D22_Samsung_GalaxyTrendPlus\videos\flatWA\D22_V_flatWA_still_0001.mp4;VISION;D22;Samsung;GalaxyTrendPlus;DIGITAL_CAMERA;FLAT;MP4;WHATSAPP;NONE
D:\MA\VISION\D22_Samsung_GalaxyTrendPlus\videos\flatYT\D22_V_flatYT_move_0001.mp4;VISION;D22;Samsung;GalaxyTrendPlus;DIGITAL_CAMERA;FLAT;MP4;YOUTUBE;NONE
D:\MA\VISION\D22_Samsung_GalaxyTrendPlus\videos\flatYT\D22_V_flatYT_move_0002.mp4;VISION;D22;Samsung;GalaxyTrendPlus;DIGITAL_CAMERA;FLAT;MP4;YOUTUBE;NONE
D:\MA\VISION\D22_Samsung_GalaxyTrendPlus\videos\flatYT\D22_V_flatYT_panrot_0001.mp4;VISION;D22;Samsung;GalaxyTrendPlus;DIGITAL_CAMERA;FLAT;MP4;YOUTUBE;NONE
D:\MA\VISION\D22_Samsung_GalaxyTrendPlus\videos\flatYT\D22_V_flatYT_still_0001.mp4;VISION;D22;Samsung;GalaxyTrendPlus;DIGITAL_CAMERA;FLAT;MP4;YOUTUBE;NONE
D:\MA\VISION\D22_Samsung_GalaxyTrendPlus\videos\indoor\D22_V_indoor_move_0001.mp4;VISION;D22;Samsung;GalaxyTrendPlus;DIGITAL_CAMERA;INDOOR;MP4;ORIGINAL;NONE
D:\MA\VISION\D22_Samsung_GalaxyTrendPlus\videos\indoor\D22_V_indoor_move_0002.mp4;VISION;D22;Samsung;GalaxyTrendPlus;DIGITAL_CAMERA;INDOOR;MP4;ORIGINAL;NONE
D:\MA\VISION\D22_Samsung_GalaxyTrendPlus\videos\indoor\D22_V_indoor_panrot_0001.mp4;VISION;D22;Samsung;GalaxyTrendPlus;DIGITAL_CAMERA;INDOOR;MP4;ORIGINAL;NONE
D:\MA\VISION\D22_Samsung_GalaxyTrendPlus\videos\indoor\D22_V_indoor_panrot_0002.mp4;VISION;D22;Samsung;GalaxyTrendPlus;DIGITAL_CAMERA;INDOOR;MP4;ORIGINAL;NONE
D:\MA\VISION\D22_Samsung_GalaxyTrendPlus\videos\indoor\D22_V_indoor_still_0001.mp4;VISION;D22;Samsung;GalaxyTrendPlus;DIGITAL_CAMERA;INDOOR;MP4;ORIGINAL;NONE
D:\MA\VISION\D22_Samsung_GalaxyTrendPlus\videos\indoor\D22_V_indoor_still_0002.mp4;VISION;D22;Samsung;GalaxyTrendPlus;DIGITAL_CAMERA;INDOOR;MP4;ORIGINAL;NONE
D:\MA\VISION\D22_Samsung_GalaxyTrendPlus\videos\indoorWA\D22_V_indoorWA_move_0002.mp4;VISION;D22;Samsung;GalaxyTrendPlus;DIGITAL_CAMERA;INDOOR;MP4;WHATSAPP;NONE
D:\MA\VISION\D22_Samsung_GalaxyTrendPlus\videos\indoorWA\D22_V_indoorWA_panrot_0001.mp4;VISION;D22;Samsung;GalaxyTrendPlus;DIGITAL_CAMERA;INDOOR;MP4;WHATSAPP;NONE
D:\MA\VISION\D22_Samsung_GalaxyTrendPlus\videos\indoorWA\D22_V_indoorWA_panrot_0002.mp4;VISION;D22;Samsung;GalaxyTrendPlus;DIGITAL_CAMERA;INDOOR;MP4;WHATSAPP;NONE
D:\MA\VISION\D22_Samsung_GalaxyTrendPlus\videos\indoorWA\D22_V_indoorWA_still_0001.mp4;VISION;D22;Samsung;GalaxyTrendPlus;DIGITAL_CAMERA;INDOOR;MP4;WHATSAPP;NONE
D:\MA\VISION\D22_Samsung_GalaxyTrendPlus\videos\indoorWA\D22_V_indoorWA_still_0002.mp4;VISION;D22;Samsung;GalaxyTrendPlus;DIGITAL_CAMERA;INDOOR;MP4;WHATSAPP;NONE
D:\MA\VISION\D22_Samsung_GalaxyTrendPlus\videos\indoorYT\D22_V_indoorYT_move_0001.mp4;VISION;D22;Samsung;GalaxyTrendPlus;DIGITAL_CAMERA;INDOOR;MP4;YOUTUBE;NONE
D:\MA\VISION\D22_Samsung_GalaxyTrendPlus\videos\indoorYT\D22_V_indoorYT_move_0002.mp4;VISION;D22;Samsung;GalaxyTrendPlus;DIGITAL_CAMERA;INDOOR;MP4;YOUTUBE;NONE
D:\MA\VISION\D22_Samsung_GalaxyTrendPlus\videos\indoorYT\D22_V_indoorYT_panrot_0001.mp4;VISION;D22;Samsung;GalaxyTrendPlus;DIGITAL_CAMERA;INDOOR;MP4;YOUTUBE;NONE
D:\MA\VISION\D22_Samsung_GalaxyTrendPlus\videos\indoorYT\D22_V_indoorYT_panrot_0002.mp4;VISION;D22;Samsung;GalaxyTrendPlus;DIGITAL_CAMERA;INDOOR;MP4;YOUTUBE;NONE
D:\MA\VISION\D22_Samsung_GalaxyTrendPlus\videos\indoorYT\D22_V_indoorYT_still_0001.mp4;VISION;D22;Samsung;GalaxyTrendPlus;DIGITAL_CAMERA;INDOOR;MP4;YOUTUBE;NONE
D:\MA\VISION\D22_Samsung_GalaxyTrendPlus\videos\indoorYT\D22_V_indoorYT_still_0002.mp4;VISION;D22;Samsung;GalaxyTrendPlus;DIGITAL_CAMERA;INDOOR;MP4;YOUTUBE;NONE
D:\MA\VISION\D22_Samsung_GalaxyTrendPlus\videos\outdoor\D22_V_outdoor_move_0001.mp4;VISION;D22;Samsung;GalaxyTrendPlus;DIGITAL_CAMERA;OUTDOOR;MP4;ORIGINAL;NONE
D:\MA\VISION\D22_Samsung_GalaxyTrendPlus\videos\outdoor\D22_V_outdoor_move_0002.mp4;VISION;D22;Samsung;GalaxyTrendPlus;DIGITAL_CAMERA;OUTDOOR;MP4;ORIGINAL;NONE
D:\MA\VISION\D22_Samsung_GalaxyTrendPlus\videos\outdoor\D22_V_outdoor_panrot_0001.mp4;VISION;D22;Samsung;GalaxyTrendPlus;DIGITAL_CAMERA;OUTDOOR;MP4;ORIGINAL;NONE
D:\MA\VISION\D22_Samsung_GalaxyTrendPlus\videos\outdoor\D22_V_outdoor_panrot_0002.mp4;VISION;D22;Samsung;GalaxyTrendPlus;DIGITAL_CAMERA;OUTDOOR;MP4;ORIGINAL;NONE
D:\MA\VISION\D22_Samsung_GalaxyTrendPlus\videos\outdoor\D22_V_outdoor_still_0001.mp4;VISION;D22;Samsung;GalaxyTrendPlus;DIGITAL_CAMERA;OUTDOOR;MP4;ORIGINAL;NONE
D:\MA\VISION\D22_Samsung_GalaxyTrendPlus\videos\outdoor\D22_V_outdoor_still_0002.mp4;VISION;D22;Samsung;GalaxyTrendPlus;DIGITAL_CAMERA;OUTDOOR;MP4;ORIGINAL;NONE
D:\MA\VISION\D22_Samsung_GalaxyTrendPlus\videos\outdoorWA\D22_V_outdoorWA_move_0001.mp4;VISION;D22;Samsung;GalaxyTrendPlus;DIGITAL_CAMERA;OUTDOOR;MP4;WHATSAPP;NONE
D:\MA\VISION\D22_Samsung_GalaxyTrendPlus\videos\outdoorWA\D22_V_outdoorWA_move_0002.mp4;VISION;D22;Samsung;GalaxyTrendPlus;DIGITAL_CAMERA;OUTDOOR;MP4;WHATSAPP;NONE
D:\MA\VISION\D22_Samsung_GalaxyTrendPlus\videos\outdoorWA\D22_V_outdoorWA_panrot_0001.mp4;VISION;D22;Samsung;GalaxyTrendPlus;DIGITAL_CAMERA;OUTDOOR;MP4;WHATSAPP;NONE
D:\MA\VISION\D22_Samsung_GalaxyTrendPlus\videos\outdoorWA\D22_V_outdoorWA_panrot_0002.mp4;VISION;D22;Samsung;GalaxyTrendPlus;DIGITAL_CAMERA;OUTDOOR;MP4;WHATSAPP;NONE
D:\MA\VISION\D22_Samsung_GalaxyTrendPlus\videos\outdoorWA\D22_V_outdoorWA_still_0001.mp4;VISION;D22;Samsung;GalaxyTrendPlus;DIGITAL_CAMERA;OUTDOOR;MP4;WHATSAPP;NONE
D:\MA\VISION\D22_Samsung_GalaxyTrendPlus\videos\outdoorWA\D22_V_outdoorWA_still_0002.mp4;VISION;D22;Samsung;GalaxyTrendPlus;DIGITAL_CAMERA;OUTDOOR;MP4;WHATSAPP;NONE
D:\MA\VISION\D22_Samsung_GalaxyTrendPlus\videos\outdoorYT\D22_V_outdoorYT_move_0001.mp4;VISION;D22;Samsung;GalaxyTrendPlus;DIGITAL_CAMERA;OUTDOOR;MP4;YOUTUBE;NONE
D:\MA\VISION\D22_Samsung_GalaxyTrendPlus\videos\outdoorYT\D22_V_outdoorYT_move_0002.mp4;VISION;D22;Samsung;GalaxyTrendPlus;DIGITAL_CAMERA;OUTDOOR;MP4;YOUTUBE;NONE
D:\MA\VISION\D22_Samsung_GalaxyTrendPlus\videos\outdoorYT\D22_V_outdoorYT_panrot_0001.mp4;VISION;D22;Samsung;GalaxyTrendPlus;DIGITAL_CAMERA;OUTDOOR;MP4;YOUTUBE;NONE
D:\MA\VISION\D22_Samsung_GalaxyTrendPlus\videos\outdoorYT\D22_V_outdoorYT_panrot_0002.mp4;VISION;D22;Samsung;GalaxyTrendPlus;DIGITAL_CAMERA;OUTDOOR;MP4;YOUTUBE;NONE
D:\MA\VISION\D22_Samsung_GalaxyTrendPlus\videos\outdoorYT\D22_V_outdoorYT_still_0001.mp4;VISION;D22;Samsung;GalaxyTrendPlus;DIGITAL_CAMERA;OUTDOOR;MP4;YOUTUBE;NONE
D:\MA\VISION\D22_Samsung_GalaxyTrendPlus\videos\outdoorYT\D22_V_outdoorYT_still_0002.mp4;VISION;D22;Samsung;GalaxyTrendPlus;DIGITAL_CAMERA;OUTDOOR;MP4;YOUTUBE;NONE
D:\MA\VISION\D21_Wiko_Ridge4G\videos\flat\D21_V_flat_move_0001.mp4;VISION;D21;Wiko;Ridge4G;DIGITAL_CAMERA;FLAT;MP4;ORIGINAL;NONE
D:\MA\VISION\D21_Wiko_Ridge4G\videos\flat\D21_V_flat_move_0002.mp4;VISION;D21;Wiko;Ridge4G;DIGITAL_CAMERA;FLAT;MP4;ORIGINAL;NONE
D:\MA\VISION\D21_Wiko_Ridge4G\videos\flat\D21_V_flat_panrot_0001.mp4;VISION;D21;Wiko;Ridge4G;DIGITAL_CAMERA;FLAT;MP4;ORIGINAL;NONE
D:\MA\VISION\D21_Wiko_Ridge4G\videos\flat\D21_V_flat_still_0001.mp4;VISION;D21;Wiko;Ridge4G;DIGITAL_CAMERA;FLAT;MP4;ORIGINAL;NONE
D:\MA\VISION\D21_Wiko_Ridge4G\videos\flatWA\D21_V_flatWA_move_0001.mp4;VISION;D21;Wiko;Ridge4G;DIGITAL_CAMERA;FLAT;MP4;WHATSAPP;NONE
D:\MA\VISION\D21_Wiko_Ridge4G\videos\flatWA\D21_V_flatWA_move_0002.mp4;VISION;D21;Wiko;Ridge4G;DIGITAL_CAMERA;FLAT;MP4;WHATSAPP;NONE
D:\MA\VISION\D21_Wiko_Ridge4G\videos\flatWA\D21_V_flatWA_still_0001.mp4;VISION;D21;Wiko;Ridge4G;DIGITAL_CAMERA;FLAT;MP4;WHATSAPP;NONE
D:\MA\VISION\D21_Wiko_Ridge4G\videos\flatYT\D21_V_flatYT_move_0001.mp4;VISION;D21;Wiko;Ridge4G;DIGITAL_CAMERA;FLAT;MP4;YOUTUBE;NONE
D:\MA\VISION\D21_Wiko_Ridge4G\videos\flatYT\D21_V_flatYT_move_0002.mp4;VISION;D21;Wiko;Ridge4G;DIGITAL_CAMERA;FLAT;MP4;YOUTUBE;NONE
D:\MA\VISION\D21_Wiko_Ridge4G\videos\flatYT\D21_V_flatYT_panrot_0001.mp4;VISION;D21;Wiko;Ridge4G;DIGITAL_CAMERA;FLAT;MP4;YOUTUBE;NONE
D:\MA\VISION\D21_Wiko_Ridge4G\videos\flatYT\D21_V_flatYT_still_0001.mp4;VISION;D21;Wiko;Ridge4G;DIGITAL_CAMERA;FLAT;MP4;YOUTUBE;NONE
D:\MA\VISION\D21_Wiko_Ridge4G\videos\indoor\D21_V_indoor_move_0001.mp4;VISION;D21;Wiko;Ridge4G;DIGITAL_CAMERA;INDOOR;MP4;ORIGINAL;NONE
D:\MA\VISION\D21_Wiko_Ridge4G\videos\indoor\D21_V_indoor_panrot_0001.mp4;VISION;D21;Wiko;Ridge4G;DIGITAL_CAMERA;INDOOR;MP4;ORIGINAL;NONE
D:\MA\VISION\D21_Wiko_Ridge4G\videos\indoor\D21_V_indoor_still_0001.mp4;VISION;D21;Wiko;Ridge4G;DIGITAL_CAMERA;INDOOR;MP4;ORIGINAL;NONE
D:\MA\VISION\D21_Wiko_Ridge4G\videos\indoorWA\D21_V_indoorWA_move_0001.mp4;VISION;D21;Wiko;Ridge4G;DIGITAL_CAMERA;INDOOR;MP4;WHATSAPP;NONE
D:\MA\VISION\D21_Wiko_Ridge4G\videos\indoorWA\D21_V_indoorWA_panrot_0001.mp4;VISION;D21;Wiko;Ridge4G;DIGITAL_CAMERA;INDOOR;MP4;WHATSAPP;NONE
D:\MA\VISION\D21_Wiko_Ridge4G\videos\indoorWA\D21_V_indoorWA_still_0001.mp4;VISION;D21;Wiko;Ridge4G;DIGITAL_CAMERA;INDOOR;MP4;WHATSAPP;NONE
D:\MA\VISION\D21_Wiko_Ridge4G\videos\indoorYT\D21_V_indoorYT_move_0001.mp4;VISION;D21;Wiko;Ridge4G;DIGITAL_CAMERA;INDOOR;MP4;YOUTUBE;NONE
D:\MA\VISION\D21_Wiko_Ridge4G\videos\indoorYT\D21_V_indoorYT_panrot_0001.mp4;VISION;D21;Wiko;Ridge4G;DIGITAL_CAMERA;INDOOR;MP4;YOUTUBE;NONE
D:\MA\VISION\D21_Wiko_Ridge4G\videos\indoorYT\D21_V_indoorYT_still_0001.mp4;VISION;D21;Wiko;Ridge4G;DIGITAL_CAMERA;INDOOR;MP4;YOUTUBE;NONE
D:\MA\VISION\D21_Wiko_Ridge4G\videos\outdoor\D21_V_outdoor_move_0001.mp4;VISION;D21;Wiko;Ridge4G;DIGITAL_CAMERA;OUTDOOR;MP4;ORIGINAL;NONE
D:\MA\VISION\D21_Wiko_Ridge4G\videos\outdoor\D21_V_outdoor_panrot_0001.mp4;VISION;D21;Wiko;Ridge4G;DIGITAL_CAMERA;OUTDOOR;MP4;ORIGINAL;NONE
D:\MA\VISION\D21_Wiko_Ridge4G\videos\outdoor\D21_V_outdoor_still_0001.mp4;VISION;D21;Wiko;Ridge4G;DIGITAL_CAMERA;OUTDOOR;MP4;ORIGINAL;NONE
D:\MA\VISION\D21_Wiko_Ridge4G\videos\outdoor\D21_V_outdoor_still_0002.mp4;VISION;D21;Wiko;Ridge4G;DIGITAL_CAMERA;OUTDOOR;MP4;ORIGINAL;NONE
D:\MA\VISION\D21_Wiko_Ridge4G\videos\outdoorWA\D21_V_outdoorWA_move_0001.mp4;VISION;D21;Wiko;Ridge4G;DIGITAL_CAMERA;OUTDOOR;MP4;WHATSAPP;NONE
D:\MA\VISION\D21_Wiko_Ridge4G\videos\outdoorWA\D21_V_outdoorWA_panrot_0001.mp4;VISION;D21;Wiko;Ridge4G;DIGITAL_CAMERA;OUTDOOR;MP4;WHATSAPP;NONE
D:\MA\VISION\D21_Wiko_Ridge4G\videos\outdoorWA\D21_V_outdoorWA_still_0001.mp4;VISION;D21;Wiko;Ridge4G;DIGITAL_CAMERA;OUTDOOR;MP4;WHATSAPP;NONE
D:\MA\VISION\D21_Wiko_Ridge4G\videos\outdoorWA\D21_V_outdoorWA_still_0002.mp4;VISION;D21;Wiko;Ridge4G;DIGITAL_CAMERA;OUTDOOR;MP4;WHATSAPP;NONE
D:\MA\VISION\D21_Wiko_Ridge4G\videos\outdoorYT\D21_V_outdoorYT_move_0001.mp4;VISION;D21;Wiko;Ridge4G;DIGITAL_CAMERA;OUTDOOR;MP4;YOUTUBE;NONE
D:\MA\VISION\D21_Wiko_Ridge4G\videos\outdoorYT\D21_V_outdoorYT_panrot_0001.mp4;VISION;D21;Wiko;Ridge4G;DIGITAL_CAMERA;OUTDOOR;MP4;YOUTUBE;NONE
D:\MA\VISION\D21_Wiko_Ridge4G\videos\outdoorYT\D21_V_outdoorYT_still_0001.mp4;VISION;D21;Wiko;Ridge4G;DIGITAL_CAMERA;OUTDOOR;MP4;YOUTUBE;NONE
D:\MA\VISION\D21_Wiko_Ridge4G\videos\outdoorYT\D21_V_outdoorYT_still_0002.mp4;VISION;D21;Wiko;Ridge4G;DIGITAL_CAMERA;OUTDOOR;MP4;YOUTUBE;NONE
D:\MA\VISION\D20_Apple_iPadMini\videos\flat\D20_V_flat_move_0001.mov;VISION;D20;Apple;iPadmini;DIGITAL_CAMERA;FLAT;MOV;ORIGINAL;NONE
D:\MA\VISION\D20_Apple_iPadMini\videos\flat\D20_V_flat_move_0002.mov;VISION;D20;Apple;iPadmini;DIGITAL_CAMERA;FLAT;MOV;ORIGINAL;NONE
D:\MA\VISION\D20_Apple_iPadMini\videos\flat\D20_V_flat_panrot_0001.mov;VISION;D20;Apple;iPadmini;DIGITAL_CAMERA;FLAT;MOV;ORIGINAL;NONE
D:\MA\VISION\D20_Apple_iPadMini\videos\flat\D20_V_flat_still_0001.mov;VISION;D20;Apple;iPadmini;DIGITAL_CAMERA;FLAT;MOV;ORIGINAL;NONE
D:\MA\VISION\D20_Apple_iPadMini\videos\flatWA\D20_V_flatWA_move_0001.mp4;VISION;D20;Apple;iPadmini;DIGITAL_CAMERA;FLAT;MP4;WHATSAPP;NONE
D:\MA\VISION\D20_Apple_iPadMini\videos\flatWA\D20_V_flatWA_move_0002.mp4;VISION;D20;Apple;iPadmini;DIGITAL_CAMERA;FLAT;MP4;WHATSAPP;NONE
D:\MA\VISION\D20_Apple_iPadMini\videos\flatWA\D20_V_flatWA_panrot_0001.mp4;VISION;D20;Apple;iPadmini;DIGITAL_CAMERA;FLAT;MP4;WHATSAPP;NONE
D:\MA\VISION\D20_Apple_iPadMini\videos\flatWA\D20_V_flatWA_still_0001.mp4;VISION;D20;Apple;iPadmini;DIGITAL_CAMERA;FLAT;MP4;WHATSAPP;NONE
D:\MA\VISION\D20_Apple_iPadMini\videos\flatYT\D20_V_flatYT_move_0001.mp4;VISION;D20;Apple;iPadmini;DIGITAL_CAMERA;FLAT;MP4;YOUTUBE;NONE
D:\MA\VISION\D20_Apple_iPadMini\videos\flatYT\D20_V_flatYT_move_0002.mp4;VISION;D20;Apple;iPadmini;DIGITAL_CAMERA;FLAT;MP4;YOUTUBE;NONE
D:\MA\VISION\D20_Apple_iPadMini\videos\flatYT\D20_V_flatYT_panrot_0001.mp4;VISION;D20;Apple;iPadmini;DIGITAL_CAMERA;FLAT;MP4;YOUTUBE;NONE
D:\MA\VISION\D20_Apple_iPadMini\videos\flatYT\D20_V_flatYT_still_0001.mp4;VISION;D20;Apple;iPadmini;DIGITAL_CAMERA;FLAT;MP4;YOUTUBE;NONE
D:\MA\VISION\D20_Apple_iPadMini\videos\indoor\D20_V_indoor_move_0001.mov;VISION;D20;Apple;iPadmini;DIGITAL_CAMERA;INDOOR;MOV;ORIGINAL;NONE
D:\MA\VISION\D20_Apple_iPadMini\videos\indoor\D20_V_indoor_move_0002.mov;VISION;D20;Apple;iPadmini;DIGITAL_CAMERA;INDOOR;MOV;ORIGINAL;NONE
D:\MA\VISION\D20_Apple_iPadMini\videos\indoor\D20_V_indoor_panrot_0001.mov;VISION;D20;Apple;iPadmini;DIGITAL_CAMERA;INDOOR;MOV;ORIGINAL;NONE
D:\MA\VISION\D20_Apple_iPadMini\videos\indoor\D20_V_indoor_panrot_0002.mov;VISION;D20;Apple;iPadmini;DIGITAL_CAMERA;INDOOR;MOV;ORIGINAL;NONE
D:\MA\VISION\D20_Apple_iPadMini\videos\indoor\D20_V_indoor_still_0001.mov;VISION;D20;Apple;iPadmini;DIGITAL_CAMERA;INDOOR;MOV;ORIGINAL;NONE
D:\MA\VISION\D20_Apple_iPadMini\videos\indoor\D20_V_indoor_still_0002.mov;VISION;D20;Apple;iPadmini;DIGITAL_CAMERA;INDOOR;MOV;ORIGINAL;NONE
D:\MA\VISION\D20_Apple_iPadMini\videos\indoorWA\D20_V_indoorWA_move_0001.mp4;VISION;D20;Apple;iPadmini;DIGITAL_CAMERA;INDOOR;MP4;WHATSAPP;NONE
D:\MA\VISION\D20_Apple_iPadMini\videos\indoorWA\D20_V_indoorWA_move_0002.mp4;VISION;D20;Apple;iPadmini;DIGITAL_CAMERA;INDOOR;MP4;WHATSAPP;NONE
D:\MA\VISION\D20_Apple_iPadMini\videos\indoorWA\D20_V_indoorWA_panrot_0001.mp4;VISION;D20;Apple;iPadmini;DIGITAL_CAMERA;INDOOR;MP4;WHATSAPP;NONE
D:\MA\VISION\D20_Apple_iPadMini\videos\indoorWA\D20_V_indoorWA_panrot_0002.mp4;VISION;D20;Apple;iPadmini;DIGITAL_CAMERA;INDOOR;MP4;WHATSAPP;NONE
D:\MA\VISION\D20_Apple_iPadMini\videos\indoorWA\D20_V_indoorWA_still_0001.mp4;VISION;D20;Apple;iPadmini;DIGITAL_CAMERA;INDOOR;MP4;WHATSAPP;NONE
D:\MA\VISION\D20_Apple_iPadMini\videos\indoorWA\D20_V_indoorWA_still_0002.mp4;VISION;D20;Apple;iPadmini;DIGITAL_CAMERA;INDOOR;MP4;WHATSAPP;NONE
D:\MA\VISION\D20_Apple_iPadMini\videos\indoorYT\D20_V_indoorYT_move_0001.mp4;VISION;D20;Apple;iPadmini;DIGITAL_CAMERA;INDOOR;MP4;YOUTUBE;NONE
D:\MA\VISION\D20_Apple_iPadMini\videos\indoorYT\D20_V_indoorYT_move_0002.mp4;VISION;D20;Apple;iPadmini;DIGITAL_CAMERA;INDOOR;MP4;YOUTUBE;NONE
D:\MA\VISION\D20_Apple_iPadMini\videos\indoorYT\D20_V_indoorYT_panrot_0001.mp4;VISION;D20;Apple;iPadmini;DIGITAL_CAMERA;INDOOR;MP4;YOUTUBE;NONE
D:\MA\VISION\D20_Apple_iPadMini\videos\indoorYT\D20_V_indoorYT_panrot_0002.mp4;VISION;D20;Apple;iPadmini;DIGITAL_CAMERA;INDOOR;MP4;YOUTUBE;NONE
D:\MA\VISION\D20_Apple_iPadMini\videos\indoorYT\D20_V_indoorYT_still_0001.mp4;VISION;D20;Apple;iPadmini;DIGITAL_CAMERA;INDOOR;MP4;YOUTUBE;NONE
D:\MA\VISION\D20_Apple_iPadMini\videos\indoorYT\D20_V_indoorYT_still_0002.mp4;VISION;D20;Apple;iPadmini;DIGITAL_CAMERA;INDOOR;MP4;YOUTUBE;NONE
D:\MA\VISION\D20_Apple_iPadMini\videos\outdoor\D20_V_outdoor_move_0001.mov;VISION;D20;Apple;iPadmini;DIGITAL_CAMERA;OUTDOOR;MOV;ORIGINAL;NONE
D:\MA\VISION\D20_Apple_iPadMini\videos\outdoor\D20_V_outdoor_move_0002.mov;VISION;D20;Apple;iPadmini;DIGITAL_CAMERA;OUTDOOR;MOV;ORIGINAL;NONE
D:\MA\VISION\D20_Apple_iPadMini\videos\outdoor\D20_V_outdoor_panrot_0001.mov;VISION;D20;Apple;iPadmini;DIGITAL_CAMERA;OUTDOOR;MOV;ORIGINAL;NONE
D:\MA\VISION\D20_Apple_iPadMini\videos\outdoor\D20_V_outdoor_panrot_0002.mov;VISION;D20;Apple;iPadmini;DIGITAL_CAMERA;OUTDOOR;MOV;ORIGINAL;NONE
D:\MA\VISION\D20_Apple_iPadMini\videos\outdoor\D20_V_outdoor_still_0001.mov;VISION;D20;Apple;iPadmini;DIGITAL_CAMERA;OUTDOOR;MOV;ORIGINAL;NONE
D:\MA\VISION\D20_Apple_iPadMini\videos\outdoor\D20_V_outdoor_still_0002.mov;VISION;D20;Apple;iPadmini;DIGITAL_CAMERA;OUTDOOR;MOV;ORIGINAL;NONE
D:\MA\VISION\D20_Apple_iPadMini\videos\outdoorWA\D20_V_outdoorWA_move_0001.mp4;VISION;D20;Apple;iPadmini;DIGITAL_CAMERA;OUTDOOR;MP4;WHATSAPP;NONE
D:\MA\VISION\D20_Apple_iPadMini\videos\outdoorWA\D20_V_outdoorWA_move_0002.mp4;VISION;D20;Apple;iPadmini;DIGITAL_CAMERA;OUTDOOR;MP4;WHATSAPP;NONE
D:\MA\VISION\D20_Apple_iPadMini\videos\outdoorWA\D20_V_outdoorWA_panrot_0001.mp4;VISION;D20;Apple;iPadmini;DIGITAL_CAMERA;OUTDOOR;MP4;WHATSAPP;NONE
D:\MA\VISION\D20_Apple_iPadMini\videos\outdoorWA\D20_V_outdoorWA_panrot_0002.mp4;VISION;D20;Apple;iPadmini;DIGITAL_CAMERA;OUTDOOR;MP4;WHATSAPP;NONE
D:\MA\VISION\D20_Apple_iPadMini\videos\outdoorWA\D20_V_outdoorWA_still_0001.mp4;VISION;D20;Apple;iPadmini;DIGITAL_CAMERA;OUTDOOR;MP4;WHATSAPP;NONE
D:\MA\VISION\D20_Apple_iPadMini\videos\outdoorWA\D20_V_outdoorWA_still_0002.mp4;VISION;D20;Apple;iPadmini;DIGITAL_CAMERA;OUTDOOR;MP4;WHATSAPP;NONE
D:\MA\VISION\D20_Apple_iPadMini\videos\outdoorYT\D20_V_outdoorYT_move_0001.mp4;VISION;D20;Apple;iPadmini;DIGITAL_CAMERA;OUTDOOR;MP4;YOUTUBE;NONE
D:\MA\VISION\D20_Apple_iPadMini\videos\outdoorYT\D20_V_outdoorYT_move_0002.mp4;VISION;D20;Apple;iPadmini;DIGITAL_CAMERA;OUTDOOR;MP4;YOUTUBE;NONE
D:\MA\VISION\D20_Apple_iPadMini\videos\outdoorYT\D20_V_outdoorYT_panrot_0001.mp4;VISION;D20;Apple;iPadmini;DIGITAL_CAMERA;OUTDOOR;MP4;YOUTUBE;NONE
D:\MA\VISION\D20_Apple_iPadMini\videos\outdoorYT\D20_V_outdoorYT_panrot_0002.mp4;VISION;D20;Apple;iPadmini;DIGITAL_CAMERA;OUTDOOR;MP4;YOUTUBE;NONE
D:\MA\VISION\D20_Apple_iPadMini\videos\outdoorYT\D20_V_outdoorYT_still_0001.mp4;VISION;D20;Apple;iPadmini;DIGITAL_CAMERA;OUTDOOR;MP4;YOUTUBE;NONE
D:\MA\VISION\D20_Apple_iPadMini\videos\outdoorYT\D20_V_outdoorYT_still_0002.mp4;VISION;D20;Apple;iPadmini;DIGITAL_CAMERA;OUTDOOR;MP4;YOUTUBE;NONE
D:\MA\VISION\D19_Apple_iPhone6Plus\videos\flat\D19_V_flat_move_0001.mov;VISION;D19;Apple;iPhone6Plus;DIGITAL_CAMERA;FLAT;MOV;ORIGINAL;NONE
D:\MA\VISION\D19_Apple_iPhone6Plus\videos\flat\D19_V_flat_move_0002.mov;VISION;D19;Apple;iPhone6Plus;DIGITAL_CAMERA;FLAT;MOV;ORIGINAL;NONE
D:\MA\VISION\D19_Apple_iPhone6Plus\videos\flat\D19_V_flat_move_0003.mov;VISION;D19;Apple;iPhone6Plus;DIGITAL_CAMERA;FLAT;MOV;ORIGINAL;NONE
D:\MA\VISION\D19_Apple_iPhone6Plus\videos\flat\D19_V_flat_panrot_0001.mov;VISION;D19;Apple;iPhone6Plus;DIGITAL_CAMERA;FLAT;MOV;ORIGINAL;NONE
D:\MA\VISION\D19_Apple_iPhone6Plus\videos\flat\D19_V_flat_panrot_0002.mov;VISION;D19;Apple;iPhone6Plus;DIGITAL_CAMERA;FLAT;MOV;ORIGINAL;NONE
D:\MA\VISION\D19_Apple_iPhone6Plus\videos\flat\D19_V_flat_still_0001.mov;VISION;D19;Apple;iPhone6Plus;DIGITAL_CAMERA;FLAT;MOV;ORIGINAL;NONE
D:\MA\VISION\D19_Apple_iPhone6Plus\videos\flat\D19_V_flat_still_0002.mov;VISION;D19;Apple;iPhone6Plus;DIGITAL_CAMERA;FLAT;MOV;ORIGINAL;NONE
D:\MA\VISION\D19_Apple_iPhone6Plus\videos\flatWA\D19_V_flatWA_move_0001.mp4;VISION;D19;Apple;iPhone6Plus;DIGITAL_CAMERA;FLAT;MP4;WHATSAPP;NONE
D:\MA\VISION\D19_Apple_iPhone6Plus\videos\flatWA\D19_V_flatWA_move_0002.mp4;VISION;D19;Apple;iPhone6Plus;DIGITAL_CAMERA;FLAT;MP4;WHATSAPP;NONE
D:\MA\VISION\D19_Apple_iPhone6Plus\videos\flatWA\D19_V_flatWA_move_0003.mp4;VISION;D19;Apple;iPhone6Plus;DIGITAL_CAMERA;FLAT;MP4;WHATSAPP;NONE
D:\MA\VISION\D19_Apple_iPhone6Plus\videos\flatWA\D19_V_flatWA_panrot_0001.mp4;VISION;D19;Apple;iPhone6Plus;DIGITAL_CAMERA;FLAT;MP4;WHATSAPP;NONE
D:\MA\VISION\D19_Apple_iPhone6Plus\videos\flatWA\D19_V_flatWA_panrot_0002.mp4;VISION;D19;Apple;iPhone6Plus;DIGITAL_CAMERA;FLAT;MP4;WHATSAPP;NONE
D:\MA\VISION\D19_Apple_iPhone6Plus\videos\flatWA\D19_V_flatWA_still_0001.mp4;VISION;D19;Apple;iPhone6Plus;DIGITAL_CAMERA;FLAT;MP4;WHATSAPP;NONE
D:\MA\VISION\D19_Apple_iPhone6Plus\videos\flatWA\D19_V_flatWA_still_0002.mp4;VISION;D19;Apple;iPhone6Plus;DIGITAL_CAMERA;FLAT;MP4;WHATSAPP;NONE
D:\MA\VISION\D19_Apple_iPhone6Plus\videos\flatYT\D19_V_flatYT_move_0001.mp4;VISION;D19;Apple;iPhone6Plus;DIGITAL_CAMERA;FLAT;MP4;YOUTUBE;NONE
D:\MA\VISION\D19_Apple_iPhone6Plus\videos\flatYT\D19_V_flatYT_move_0002.mp4;VISION;D19;Apple;iPhone6Plus;DIGITAL_CAMERA;FLAT;MP4;YOUTUBE;NONE
D:\MA\VISION\D19_Apple_iPhone6Plus\videos\flatYT\D19_V_flatYT_move_0003.mp4;VISION;D19;Apple;iPhone6Plus;DIGITAL_CAMERA;FLAT;MP4;YOUTUBE;NONE
D:\MA\VISION\D19_Apple_iPhone6Plus\videos\flatYT\D19_V_flatYT_panrot_0001.mp4;VISION;D19;Apple;iPhone6Plus;DIGITAL_CAMERA;FLAT;MP4;YOUTUBE;NONE
D:\MA\VISION\D19_Apple_iPhone6Plus\videos\flatYT\D19_V_flatYT_panrot_0002.mp4;VISION;D19;Apple;iPhone6Plus;DIGITAL_CAMERA;FLAT;MP4;YOUTUBE;NONE
D:\MA\VISION\D19_Apple_iPhone6Plus\videos\flatYT\D19_V_flatYT_still_0001.mp4;VISION;D19;Apple;iPhone6Plus;DIGITAL_CAMERA;FLAT;MP4;YOUTUBE;NONE
D:\MA\VISION\D19_Apple_iPhone6Plus\videos\flatYT\D19_V_flatYT_still_0002.mp4;VISION;D19;Apple;iPhone6Plus;DIGITAL_CAMERA;FLAT;MP4;YOUTUBE;NONE
D:\MA\VISION\D19_Apple_iPhone6Plus\videos\indoor\D19_V_indoor_move_0001.mov;VISION;D19;Apple;iPhone6Plus;DIGITAL_CAMERA;INDOOR;MOV;ORIGINAL;NONE
D:\MA\VISION\D19_Apple_iPhone6Plus\videos\indoor\D19_V_indoor_move_0002.mov;VISION;D19;Apple;iPhone6Plus;DIGITAL_CAMERA;INDOOR;MOV;ORIGINAL;NONE
D:\MA\VISION\D19_Apple_iPhone6Plus\videos\indoor\D19_V_indoor_panrot_0001.mov;VISION;D19;Apple;iPhone6Plus;DIGITAL_CAMERA;INDOOR;MOV;ORIGINAL;NONE
D:\MA\VISION\D19_Apple_iPhone6Plus\videos\indoor\D19_V_indoor_panrot_0002.mov;VISION;D19;Apple;iPhone6Plus;DIGITAL_CAMERA;INDOOR;MOV;ORIGINAL;NONE
D:\MA\VISION\D19_Apple_iPhone6Plus\videos\indoor\D19_V_indoor_still_0001.mov;VISION;D19;Apple;iPhone6Plus;DIGITAL_CAMERA;INDOOR;MOV;ORIGINAL;NONE
D:\MA\VISION\D19_Apple_iPhone6Plus\videos\indoor\D19_V_indoor_still_0002.mov;VISION;D19;Apple;iPhone6Plus;DIGITAL_CAMERA;INDOOR;MOV;ORIGINAL;NONE
D:\MA\VISION\D19_Apple_iPhone6Plus\videos\indoorWA\D19_V_indoorWA_move_0001.mp4;VISION;D19;Apple;iPhone6Plus;DIGITAL_CAMERA;INDOOR;MP4;WHATSAPP;NONE
D:\MA\VISION\D19_Apple_iPhone6Plus\videos\indoorWA\D19_V_indoorWA_move_0002.mp4;VISION;D19;Apple;iPhone6Plus;DIGITAL_CAMERA;INDOOR;MP4;WHATSAPP;NONE
D:\MA\VISION\D19_Apple_iPhone6Plus\videos\indoorWA\D19_V_indoorWA_panrot_0001.mp4;VISION;D19;Apple;iPhone6Plus;DIGITAL_CAMERA;INDOOR;MP4;WHATSAPP;NONE
D:\MA\VISION\D19_Apple_iPhone6Plus\videos\indoorWA\D19_V_indoorWA_panrot_0002.mp4;VISION;D19;Apple;iPhone6Plus;DIGITAL_CAMERA;INDOOR;MP4;WHATSAPP;NONE
D:\MA\VISION\D19_Apple_iPhone6Plus\videos\indoorWA\D19_V_indoorWA_still_0001.mp4;VISION;D19;Apple;iPhone6Plus;DIGITAL_CAMERA;INDOOR;MP4;WHATSAPP;NONE
D:\MA\VISION\D19_Apple_iPhone6Plus\videos\indoorWA\D19_V_indoorWA_still_0002.mp4;VISION;D19;Apple;iPhone6Plus;DIGITAL_CAMERA;INDOOR;MP4;WHATSAPP;NONE
D:\MA\VISION\D19_Apple_iPhone6Plus\videos\indoorYT\D19_V_indoorYT_move_0001.mp4;VISION;D19;Apple;iPhone6Plus;DIGITAL_CAMERA;INDOOR;MP4;YOUTUBE;NONE
D:\MA\VISION\D19_Apple_iPhone6Plus\videos\indoorYT\D19_V_indoorYT_move_0002.mp4;VISION;D19;Apple;iPhone6Plus;DIGITAL_CAMERA;INDOOR;MP4;YOUTUBE;NONE
D:\MA\VISION\D19_Apple_iPhone6Plus\videos\indoorYT\D19_V_indoorYT_panrot_0001.mp4;VISION;D19;Apple;iPhone6Plus;DIGITAL_CAMERA;INDOOR;MP4;YOUTUBE;NONE
D:\MA\VISION\D19_Apple_iPhone6Plus\videos\indoorYT\D19_V_indoorYT_panrot_0002.mp4;VISION;D19;Apple;iPhone6Plus;DIGITAL_CAMERA;INDOOR;MP4;YOUTUBE;NONE
D:\MA\VISION\D19_Apple_iPhone6Plus\videos\indoorYT\D19_V_indoorYT_still_0001.mp4;VISION;D19;Apple;iPhone6Plus;DIGITAL_CAMERA;INDOOR;MP4;YOUTUBE;NONE
D:\MA\VISION\D19_Apple_iPhone6Plus\videos\indoorYT\D19_V_indoorYT_still_0002.mp4;VISION;D19;Apple;iPhone6Plus;DIGITAL_CAMERA;INDOOR;MP4;YOUTUBE;NONE
D:\MA\VISION\D19_Apple_iPhone6Plus\videos\outdoor\D19_V_outdoor_move_0001.mov;VISION;D19;Apple;iPhone6Plus;DIGITAL_CAMERA;OUTDOOR;MOV;ORIGINAL;NONE
D:\MA\VISION\D19_Apple_iPhone6Plus\videos\outdoor\D19_V_outdoor_move_0002.mov;VISION;D19;Apple;iPhone6Plus;DIGITAL_CAMERA;OUTDOOR;MOV;ORIGINAL;NONE
D:\MA\VISION\D19_Apple_iPhone6Plus\videos\outdoor\D19_V_outdoor_panrot_0001.mov;VISION;D19;Apple;iPhone6Plus;DIGITAL_CAMERA;OUTDOOR;MOV;ORIGINAL;NONE
D:\MA\VISION\D19_Apple_iPhone6Plus\videos\outdoor\D19_V_outdoor_panrot_0002.mov;VISION;D19;Apple;iPhone6Plus;DIGITAL_CAMERA;OUTDOOR;MOV;ORIGINAL;NONE
D:\MA\VISION\D19_Apple_iPhone6Plus\videos\outdoor\D19_V_outdoor_still_0001.mov;VISION;D19;Apple;iPhone6Plus;DIGITAL_CAMERA;OUTDOOR;MOV;ORIGINAL;NONE
D:\MA\VISION\D19_Apple_iPhone6Plus\videos\outdoor\D19_V_outdoor_still_0002.mov;VISION;D19;Apple;iPhone6Plus;DIGITAL_CAMERA;OUTDOOR;MOV;ORIGINAL;NONE
D:\MA\VISION\D19_Apple_iPhone6Plus\videos\outdoorWA\D19_V_outdoorWA_move_0001.mp4;VISION;D19;Apple;iPhone6Plus;DIGITAL_CAMERA;OUTDOOR;MP4;WHATSAPP;NONE
D:\MA\VISION\D19_Apple_iPhone6Plus\videos\outdoorWA\D19_V_outdoorWA_move_0002.mp4;VISION;D19;Apple;iPhone6Plus;DIGITAL_CAMERA;OUTDOOR;MP4;WHATSAPP;NONE
D:\MA\VISION\D19_Apple_iPhone6Plus\videos\outdoorWA\D19_V_outdoorWA_panrot_0001.mp4;VISION;D19;Apple;iPhone6Plus;DIGITAL_CAMERA;OUTDOOR;MP4;WHATSAPP;NONE
D:\MA\VISION\D19_Apple_iPhone6Plus\videos\outdoorWA\D19_V_outdoorWA_panrot_0002.mp4;VISION;D19;Apple;iPhone6Plus;DIGITAL_CAMERA;OUTDOOR;MP4;WHATSAPP;NONE
D:\MA\VISION\D19_Apple_iPhone6Plus\videos\outdoorWA\D19_V_outdoorWA_still_0001.mp4;VISION;D19;Apple;iPhone6Plus;DIGITAL_CAMERA;OUTDOOR;MP4;WHATSAPP;NONE
D:\MA\VISION\D19_Apple_iPhone6Plus\videos\outdoorWA\D19_V_outdoorWA_still_0002.mp4;VISION;D19;Apple;iPhone6Plus;DIGITAL_CAMERA;OUTDOOR;MP4;WHATSAPP;NONE
D:\MA\VISION\D19_Apple_iPhone6Plus\videos\outdoorYT\D19_V_outdoorYT_move_0001.mp4;VISION;D19;Apple;iPhone6Plus;DIGITAL_CAMERA;OUTDOOR;MP4;YOUTUBE;NONE
D:\MA\VISION\D19_Apple_iPhone6Plus\videos\outdoorYT\D19_V_outdoorYT_move_0002.mp4;VISION;D19;Apple;iPhone6Plus;DIGITAL_CAMERA;OUTDOOR;MP4;YOUTUBE;NONE
D:\MA\VISION\D19_Apple_iPhone6Plus\videos\outdoorYT\D19_V_outdoorYT_panrot_0001.mp4;VISION;D19;Apple;iPhone6Plus;DIGITAL_CAMERA;OUTDOOR;MP4;YOUTUBE;NONE
D:\MA\VISION\D19_Apple_iPhone6Plus\videos\outdoorYT\D19_V_outdoorYT_panrot_0002.mp4;VISION;D19;Apple;iPhone6Plus;DIGITAL_CAMERA;OUTDOOR;MP4;YOUTUBE;NONE
D:\MA\VISION\D19_Apple_iPhone6Plus\videos\outdoorYT\D19_V_outdoorYT_still_0001.mp4;VISION;D19;Apple;iPhone6Plus;DIGITAL_CAMERA;OUTDOOR;MP4;YOUTUBE;NONE
D:\MA\VISION\D19_Apple_iPhone6Plus\videos\outdoorYT\D19_V_outdoorYT_still_0002.mp4;VISION;D19;Apple;iPhone6Plus;DIGITAL_CAMERA;OUTDOOR;MP4;YOUTUBE;NONE
D:\MA\VISION\D18_Apple_iPhone5c\videos\flat\D18_V_flat_move_0001.mov;VISION;D18;Apple;iPhone5c;DIGITAL_CAMERA;FLAT;MOV;ORIGINAL;NONE
D:\MA\VISION\D18_Apple_iPhone5c\videos\flat\D18_V_flat_move_0002.mov;VISION;D18;Apple;iPhone5c;DIGITAL_CAMERA;FLAT;MOV;ORIGINAL;NONE
D:\MA\VISION\D18_Apple_iPhone5c\videos\flat\D18_V_flat_panrot_0001.mov;VISION;D18;Apple;iPhone5c;DIGITAL_CAMERA;FLAT;MOV;ORIGINAL;NONE
D:\MA\VISION\D18_Apple_iPhone5c\videos\flat\D18_V_flat_still_0001.mov;VISION;D18;Apple;iPhone5c;DIGITAL_CAMERA;FLAT;MOV;ORIGINAL;NONE
D:\MA\VISION\D18_Apple_iPhone5c\videos\flat\D18_V_flat_still_0002.mov;VISION;D18;Apple;iPhone5c;DIGITAL_CAMERA;FLAT;MOV;ORIGINAL;NONE
D:\MA\VISION\D18_Apple_iPhone5c\videos\flatWA\D18_V_flatWA_move_0001.mp4;VISION;D18;Apple;iPhone5c;DIGITAL_CAMERA;FLAT;MP4;WHATSAPP;NONE
D:\MA\VISION\D18_Apple_iPhone5c\videos\flatWA\D18_V_flatWA_move_0002.mp4;VISION;D18;Apple;iPhone5c;DIGITAL_CAMERA;FLAT;MP4;WHATSAPP;NONE
D:\MA\VISION\D18_Apple_iPhone5c\videos\flatWA\D18_V_flatWA_panrot_0001.mp4;VISION;D18;Apple;iPhone5c;DIGITAL_CAMERA;FLAT;MP4;WHATSAPP;NONE
D:\MA\VISION\D18_Apple_iPhone5c\videos\flatWA\D18_V_flatWA_still_0001.mp4;VISION;D18;Apple;iPhone5c;DIGITAL_CAMERA;FLAT;MP4;WHATSAPP;NONE
D:\MA\VISION\D18_Apple_iPhone5c\videos\flatWA\D18_V_flatWA_still_0002.mp4;VISION;D18;Apple;iPhone5c;DIGITAL_CAMERA;FLAT;MP4;WHATSAPP;NONE
D:\MA\VISION\D18_Apple_iPhone5c\videos\flatYT\D18_V_flatYT_move_0001.mp4;VISION;D18;Apple;iPhone5c;DIGITAL_CAMERA;FLAT;MP4;YOUTUBE;NONE
D:\MA\VISION\D18_Apple_iPhone5c\videos\flatYT\D18_V_flatYT_move_0002.mp4;VISION;D18;Apple;iPhone5c;DIGITAL_CAMERA;FLAT;MP4;YOUTUBE;NONE
D:\MA\VISION\D18_Apple_iPhone5c\videos\flatYT\D18_V_flatYT_panrot_0001.mp4;VISION;D18;Apple;iPhone5c;DIGITAL_CAMERA;FLAT;MP4;YOUTUBE;NONE
D:\MA\VISION\D18_Apple_iPhone5c\videos\flatYT\D18_V_flatYT_still_0001.mp4;VISION;D18;Apple;iPhone5c;DIGITAL_CAMERA;FLAT;MP4;YOUTUBE;NONE
D:\MA\VISION\D18_Apple_iPhone5c\videos\flatYT\D18_V_flatYT_still_0002.mp4;VISION;D18;Apple;iPhone5c;DIGITAL_CAMERA;FLAT;MP4;YOUTUBE;NONE
D:\MA\VISION\D18_Apple_iPhone5c\videos\indoor\D18_V_indoor_move_0001.mov;VISION;D18;Apple;iPhone5c;DIGITAL_CAMERA;INDOOR;MOV;ORIGINAL;NONE
D:\MA\VISION\D18_Apple_iPhone5c\videos\indoor\D18_V_indoor_panrot_0001.mov;VISION;D18;Apple;iPhone5c;DIGITAL_CAMERA;INDOOR;MOV;ORIGINAL;NONE
D:\MA\VISION\D18_Apple_iPhone5c\videos\indoor\D18_V_indoor_still_0001.mov;VISION;D18;Apple;iPhone5c;DIGITAL_CAMERA;INDOOR;MOV;ORIGINAL;NONE
D:\MA\VISION\D18_Apple_iPhone5c\videos\indoor\D18_V_indoor_still_0002.mov;VISION;D18;Apple;iPhone5c;DIGITAL_CAMERA;INDOOR;MOV;ORIGINAL;NONE
D:\MA\VISION\D18_Apple_iPhone5c\videos\indoorWA\D18_V_indoorWA_move_0001.mp4;VISION;D18;Apple;iPhone5c;DIGITAL_CAMERA;INDOOR;MP4;WHATSAPP;NONE
D:\MA\VISION\D18_Apple_iPhone5c\videos\indoorWA\D18_V_indoorWA_panrot_0001.mp4;VISION;D18;Apple;iPhone5c;DIGITAL_CAMERA;INDOOR;MP4;WHATSAPP;NONE
D:\MA\VISION\D18_Apple_iPhone5c\videos\indoorWA\D18_V_indoorWA_still_0001.mp4;VISION;D18;Apple;iPhone5c;DIGITAL_CAMERA;INDOOR;MP4;WHATSAPP;NONE
D:\MA\VISION\D18_Apple_iPhone5c\videos\indoorWA\D18_V_indoorWA_still_0002.mp4;VISION;D18;Apple;iPhone5c;DIGITAL_CAMERA;INDOOR;MP4;WHATSAPP;NONE
D:\MA\VISION\D18_Apple_iPhone5c\videos\indoorYT\D18_V_indoorYT_move_0001.mp4;VISION;D18;Apple;iPhone5c;DIGITAL_CAMERA;INDOOR;MP4;YOUTUBE;NONE
D:\MA\VISION\D18_Apple_iPhone5c\videos\indoorYT\D18_V_indoorYT_panrot_0001.mp4;VISION;D18;Apple;iPhone5c;DIGITAL_CAMERA;INDOOR;MP4;YOUTUBE;NONE
D:\MA\VISION\D18_Apple_iPhone5c\videos\indoorYT\D18_V_indoorYT_still_0001.mp4;VISION;D18;Apple;iPhone5c;DIGITAL_CAMERA;INDOOR;MP4;YOUTUBE;NONE
D:\MA\VISION\D18_Apple_iPhone5c\videos\indoorYT\D18_V_indoorYT_still_0002.mp4;VISION;D18;Apple;iPhone5c;DIGITAL_CAMERA;INDOOR;MP4;YOUTUBE;NONE
D:\MA\VISION\D18_Apple_iPhone5c\videos\outdoor\D18_V_outdoor_move_0001.mov;VISION;D18;Apple;iPhone5c;DIGITAL_CAMERA;OUTDOOR;MOV;ORIGINAL;NONE
D:\MA\VISION\D18_Apple_iPhone5c\videos\outdoor\D18_V_outdoor_panrot_0001.mov;VISION;D18;Apple;iPhone5c;DIGITAL_CAMERA;OUTDOOR;MOV;ORIGINAL;NONE
D:\MA\VISION\D18_Apple_iPhone5c\videos\outdoor\D18_V_outdoor_still_0001.mov;VISION;D18;Apple;iPhone5c;DIGITAL_CAMERA;OUTDOOR;MOV;ORIGINAL;NONE
D:\MA\VISION\D18_Apple_iPhone5c\videos\outdoor\D18_V_outdoor_still_0002.mov;VISION;D18;Apple;iPhone5c;DIGITAL_CAMERA;OUTDOOR;MOV;ORIGINAL;NONE
D:\MA\VISION\D18_Apple_iPhone5c\videos\outdoorWA\D18_V_outdoorWA_move_0001.mp4;VISION;D18;Apple;iPhone5c;DIGITAL_CAMERA;OUTDOOR;MP4;WHATSAPP;NONE
D:\MA\VISION\D18_Apple_iPhone5c\videos\outdoorWA\D18_V_outdoorWA_panrot_0001.mp4;VISION;D18;Apple;iPhone5c;DIGITAL_CAMERA;OUTDOOR;MP4;WHATSAPP;NONE
D:\MA\VISION\D18_Apple_iPhone5c\videos\outdoorWA\D18_V_outdoorWA_still_0001.mp4;VISION;D18;Apple;iPhone5c;DIGITAL_CAMERA;OUTDOOR;MP4;WHATSAPP;NONE
D:\MA\VISION\D18_Apple_iPhone5c\videos\outdoorWA\D18_V_outdoorWA_still_0002.mp4;VISION;D18;Apple;iPhone5c;DIGITAL_CAMERA;OUTDOOR;MP4;WHATSAPP;NONE
D:\MA\VISION\D18_Apple_iPhone5c\videos\outdoorYT\D18_V_outdoorYT_move_0001.mp4;VISION;D18;Apple;iPhone5c;DIGITAL_CAMERA;OUTDOOR;MP4;YOUTUBE;NONE
D:\MA\VISION\D18_Apple_iPhone5c\videos\outdoorYT\D18_V_outdoorYT_panrot_0001.mp4;VISION;D18;Apple;iPhone5c;DIGITAL_CAMERA;OUTDOOR;MP4;YOUTUBE;NONE
D:\MA\VISION\D18_Apple_iPhone5c\videos\outdoorYT\D18_V_outdoorYT_still_0001.mp4;VISION;D18;Apple;iPhone5c;DIGITAL_CAMERA;OUTDOOR;MP4;YOUTUBE;NONE
D:\MA\VISION\D18_Apple_iPhone5c\videos\outdoorYT\D18_V_outdoorYT_still_0002.mp4;VISION;D18;Apple;iPhone5c;DIGITAL_CAMERA;OUTDOOR;MP4;YOUTUBE;NONE
D:\MA\VISION\D17_Microsoft_Lumia640LTE\videos\flat\D17_V_flat_move_0001.mp4;VISION;D17;Microsoft;Lumia640LTE;DIGITAL_CAMERA;FLAT;MP4;ORIGINAL;NONE
D:\MA\VISION\D17_Microsoft_Lumia640LTE\videos\flat\D17_V_flat_move_0002.mp4;VISION;D17;Microsoft;Lumia640LTE;DIGITAL_CAMERA;FLAT;MP4;ORIGINAL;NONE
D:\MA\VISION\D17_Microsoft_Lumia640LTE\videos\flat\D17_V_flat_panrot_0001.mp4;VISION;D17;Microsoft;Lumia640LTE;DIGITAL_CAMERA;FLAT;MP4;ORIGINAL;NONE
D:\MA\VISION\D17_Microsoft_Lumia640LTE\videos\flat\D17_V_flat_still_0001.mp4;VISION;D17;Microsoft;Lumia640LTE;DIGITAL_CAMERA;FLAT;MP4;ORIGINAL;NONE
D:\MA\VISION\D17_Microsoft_Lumia640LTE\videos\flatWA\D17_V_flatWA_move_0001.mp4;VISION;D17;Microsoft;Lumia640LTE;DIGITAL_CAMERA;FLAT;MP4;WHATSAPP;NONE
D:\MA\VISION\D17_Microsoft_Lumia640LTE\videos\flatWA\D17_V_flatWA_move_0002.mp4;VISION;D17;Microsoft;Lumia640LTE;DIGITAL_CAMERA;FLAT;MP4;WHATSAPP;NONE
D:\MA\VISION\D17_Microsoft_Lumia640LTE\videos\flatWA\D17_V_flatWA_panrot_0001.mp4;VISION;D17;Microsoft;Lumia640LTE;DIGITAL_CAMERA;FLAT;MP4;WHATSAPP;NONE
D:\MA\VISION\D17_Microsoft_Lumia640LTE\videos\flatWA\D17_V_flatWA_still_0001.mp4;VISION;D17;Microsoft;Lumia640LTE;DIGITAL_CAMERA;FLAT;MP4;WHATSAPP;NONE
D:\MA\VISION\D17_Microsoft_Lumia640LTE\videos\flatYT\D17_V_flatYT_move_0001.mp4;VISION;D17;Microsoft;Lumia640LTE;DIGITAL_CAMERA;FLAT;MP4;YOUTUBE;NONE
D:\MA\VISION\D17_Microsoft_Lumia640LTE\videos\flatYT\D17_V_flatYT_move_0002.mp4;VISION;D17;Microsoft;Lumia640LTE;DIGITAL_CAMERA;FLAT;MP4;YOUTUBE;NONE
D:\MA\VISION\D17_Microsoft_Lumia640LTE\videos\flatYT\D17_V_flatYT_panrot_0001.mp4;VISION;D17;Microsoft;Lumia640LTE;DIGITAL_CAMERA;FLAT;MP4;YOUTUBE;NONE
D:\MA\VISION\D17_Microsoft_Lumia640LTE\videos\flatYT\D17_V_flatYT_still_0001.mp4;VISION;D17;Microsoft;Lumia640LTE;DIGITAL_CAMERA;FLAT;MP4;YOUTUBE;NONE
D:\MA\VISION\D17_Microsoft_Lumia640LTE\videos\indoor\D17_V_indoor_move_0001.mp4;VISION;D17;Microsoft;Lumia640LTE;DIGITAL_CAMERA;INDOOR;MP4;ORIGINAL;NONE
D:\MA\VISION\D17_Microsoft_Lumia640LTE\videos\indoor\D17_V_indoor_panrot_0001.mp4;VISION;D17;Microsoft;Lumia640LTE;DIGITAL_CAMERA;INDOOR;MP4;ORIGINAL;NONE
D:\MA\VISION\D17_Microsoft_Lumia640LTE\videos\indoor\D17_V_indoor_still_0001.mp4;VISION;D17;Microsoft;Lumia640LTE;DIGITAL_CAMERA;INDOOR;MP4;ORIGINAL;NONE
D:\MA\VISION\D17_Microsoft_Lumia640LTE\videos\indoorWA\D17_V_indoorWA_move_0001.mp4;VISION;D17;Microsoft;Lumia640LTE;DIGITAL_CAMERA;INDOOR;MP4;WHATSAPP;NONE
D:\MA\VISION\D17_Microsoft_Lumia640LTE\videos\indoorWA\D17_V_indoorWA_panrot_0001.mp4;VISION;D17;Microsoft;Lumia640LTE;DIGITAL_CAMERA;INDOOR;MP4;WHATSAPP;NONE
D:\MA\VISION\D17_Microsoft_Lumia640LTE\videos\indoorWA\D17_V_indoorWA_still_0001.mp4;VISION;D17;Microsoft;Lumia640LTE;DIGITAL_CAMERA;INDOOR;MP4;WHATSAPP;NONE
D:\MA\VISION\D17_Microsoft_Lumia640LTE\videos\indoorYT\D17_V_indoorYT_move_0001.mp4;VISION;D17;Microsoft;Lumia640LTE;DIGITAL_CAMERA;INDOOR;MP4;YOUTUBE;NONE
D:\MA\VISION\D17_Microsoft_Lumia640LTE\videos\indoorYT\D17_V_indoorYT_panrot_0001.mp4;VISION;D17;Microsoft;Lumia640LTE;DIGITAL_CAMERA;INDOOR;MP4;YOUTUBE;NONE
D:\MA\VISION\D17_Microsoft_Lumia640LTE\videos\indoorYT\D17_V_indoorYT_still_0001.mp4;VISION;D17;Microsoft;Lumia640LTE;DIGITAL_CAMERA;INDOOR;MP4;YOUTUBE;NONE
D:\MA\VISION\D17_Microsoft_Lumia640LTE\videos\outdoor\D17_V_outdoor_move_0001.mp4;VISION;D17;Microsoft;Lumia640LTE;DIGITAL_CAMERA;OUTDOOR;MP4;ORIGINAL;NONE
D:\MA\VISION\D17_Microsoft_Lumia640LTE\videos\outdoor\D17_V_outdoor_panrot_0001.mp4;VISION;D17;Microsoft;Lumia640LTE;DIGITAL_CAMERA;OUTDOOR;MP4;ORIGINAL;NONE
D:\MA\VISION\D17_Microsoft_Lumia640LTE\videos\outdoor\D17_V_outdoor_still_0001.mp4;VISION;D17;Microsoft;Lumia640LTE;DIGITAL_CAMERA;OUTDOOR;MP4;ORIGINAL;NONE
D:\MA\VISION\D17_Microsoft_Lumia640LTE\videos\outdoorWA\D17_V_outdoorWA_move_0001.mp4;VISION;D17;Microsoft;Lumia640LTE;DIGITAL_CAMERA;OUTDOOR;MP4;WHATSAPP;NONE
D:\MA\VISION\D17_Microsoft_Lumia640LTE\videos\outdoorWA\D17_V_outdoorWA_panrot_0001.mp4;VISION;D17;Microsoft;Lumia640LTE;DIGITAL_CAMERA;OUTDOOR;MP4;WHATSAPP;NONE
D:\MA\VISION\D17_Microsoft_Lumia640LTE\videos\outdoorWA\D17_V_outdoorWA_still_0001.mp4;VISION;D17;Microsoft;Lumia640LTE;DIGITAL_CAMERA;OUTDOOR;MP4;WHATSAPP;NONE
D:\MA\VISION\D17_Microsoft_Lumia640LTE\videos\outdoorYT\D17_V_outdoorYT_move_0001.mp4;VISION;D17;Microsoft;Lumia640LTE;DIGITAL_CAMERA;OUTDOOR;MP4;YOUTUBE;NONE
D:\MA\VISION\D17_Microsoft_Lumia640LTE\videos\outdoorYT\D17_V_outdoorYT_panrot_0001.mp4;VISION;D17;Microsoft;Lumia640LTE;DIGITAL_CAMERA;OUTDOOR;MP4;YOUTUBE;NONE
D:\MA\VISION\D17_Microsoft_Lumia640LTE\videos\outdoorYT\D17_V_outdoorYT_still_0001.mp4;VISION;D17;Microsoft;Lumia640LTE;DIGITAL_CAMERA;OUTDOOR;MP4;YOUTUBE;NONE
D:\MA\VISION\D16_Huawei_P9Lite\videos\flat\D16_V_flat_move_0001.mp4;VISION;D16;Huawei;P9lite;DIGITAL_CAMERA;FLAT;MP4;ORIGINAL;NONE
D:\MA\VISION\D16_Huawei_P9Lite\videos\flat\D16_V_flat_move_0002.mp4;VISION;D16;Huawei;P9lite;DIGITAL_CAMERA;FLAT;MP4;ORIGINAL;NONE
D:\MA\VISION\D16_Huawei_P9Lite\videos\flat\D16_V_flat_move_0003.mp4;VISION;D16;Huawei;P9lite;DIGITAL_CAMERA;FLAT;MP4;ORIGINAL;NONE
D:\MA\VISION\D16_Huawei_P9Lite\videos\flat\D16_V_flat_panrot_0001.mp4;VISION;D16;Huawei;P9lite;DIGITAL_CAMERA;FLAT;MP4;ORIGINAL;NONE
D:\MA\VISION\D16_Huawei_P9Lite\videos\flat\D16_V_flat_panrot_0002.mp4;VISION;D16;Huawei;P9lite;DIGITAL_CAMERA;FLAT;MP4;ORIGINAL;NONE
D:\MA\VISION\D16_Huawei_P9Lite\videos\flat\D16_V_flat_still_0001.mp4;VISION;D16;Huawei;P9lite;DIGITAL_CAMERA;FLAT;MP4;ORIGINAL;NONE
D:\MA\VISION\D16_Huawei_P9Lite\videos\flat\D16_V_flat_still_0002.mp4;VISION;D16;Huawei;P9lite;DIGITAL_CAMERA;FLAT;MP4;ORIGINAL;NONE
D:\MA\VISION\D16_Huawei_P9Lite\videos\flatWA\D16_V_flatWA_move_0001.mp4;VISION;D16;Huawei;P9lite;DIGITAL_CAMERA;FLAT;MP4;WHATSAPP;NONE
D:\MA\VISION\D16_Huawei_P9Lite\videos\flatWA\D16_V_flatWA_move_0002.mp4;VISION;D16;Huawei;P9lite;DIGITAL_CAMERA;FLAT;MP4;WHATSAPP;NONE
D:\MA\VISION\D16_Huawei_P9Lite\videos\flatWA\D16_V_flatWA_move_0003.mp4;VISION;D16;Huawei;P9lite;DIGITAL_CAMERA;FLAT;MP4;WHATSAPP;NONE
D:\MA\VISION\D16_Huawei_P9Lite\videos\flatWA\D16_V_flatWA_panrot_0001.mp4;VISION;D16;Huawei;P9lite;DIGITAL_CAMERA;FLAT;MP4;WHATSAPP;NONE
D:\MA\VISION\D16_Huawei_P9Lite\videos\flatWA\D16_V_flatWA_panrot_0002.mp4;VISION;D16;Huawei;P9lite;DIGITAL_CAMERA;FLAT;MP4;WHATSAPP;NONE
D:\MA\VISION\D16_Huawei_P9Lite\videos\flatWA\D16_V_flatWA_still_0001.mp4;VISION;D16;Huawei;P9lite;DIGITAL_CAMERA;FLAT;MP4;WHATSAPP;NONE
D:\MA\VISION\D16_Huawei_P9Lite\videos\flatWA\D16_V_flatWA_still_0002.mp4;VISION;D16;Huawei;P9lite;DIGITAL_CAMERA;FLAT;MP4;WHATSAPP;NONE
D:\MA\VISION\D16_Huawei_P9Lite\videos\flatYT\D16_V_flatYT_move_0001.mp4;VISION;D16;Huawei;P9lite;DIGITAL_CAMERA;FLAT;MP4;YOUTUBE;NONE
D:\MA\VISION\D16_Huawei_P9Lite\videos\flatYT\D16_V_flatYT_move_0002.mp4;VISION;D16;Huawei;P9lite;DIGITAL_CAMERA;FLAT;MP4;YOUTUBE;NONE
D:\MA\VISION\D16_Huawei_P9Lite\videos\flatYT\D16_V_flatYT_move_0003.mp4;VISION;D16;Huawei;P9lite;DIGITAL_CAMERA;FLAT;MP4;YOUTUBE;NONE
D:\MA\VISION\D16_Huawei_P9Lite\videos\flatYT\D16_V_flatYT_panrot_0001.mp4;VISION;D16;Huawei;P9lite;DIGITAL_CAMERA;FLAT;MP4;YOUTUBE;NONE
D:\MA\VISION\D16_Huawei_P9Lite\videos\flatYT\D16_V_flatYT_panrot_0002.mp4;VISION;D16;Huawei;P9lite;DIGITAL_CAMERA;FLAT;MP4;YOUTUBE;NONE
D:\MA\VISION\D16_Huawei_P9Lite\videos\flatYT\D16_V_flatYT_still_0001.mp4;VISION;D16;Huawei;P9lite;DIGITAL_CAMERA;FLAT;MP4;YOUTUBE;NONE
D:\MA\VISION\D16_Huawei_P9Lite\videos\flatYT\D16_V_flatYT_still_0002.mp4;VISION;D16;Huawei;P9lite;DIGITAL_CAMERA;FLAT;MP4;YOUTUBE;NONE
D:\MA\VISION\D16_Huawei_P9Lite\videos\indoor\D16_V_indoor_move_0001.mp4;VISION;D16;Huawei;P9lite;DIGITAL_CAMERA;INDOOR;MP4;ORIGINAL;NONE
D:\MA\VISION\D16_Huawei_P9Lite\videos\indoor\D16_V_indoor_move_0002.mp4;VISION;D16;Huawei;P9lite;DIGITAL_CAMERA;INDOOR;MP4;ORIGINAL;NONE
D:\MA\VISION\D16_Huawei_P9Lite\videos\indoor\D16_V_indoor_panrot_0001.mp4;VISION;D16;Huawei;P9lite;DIGITAL_CAMERA;INDOOR;MP4;ORIGINAL;NONE
D:\MA\VISION\D16_Huawei_P9Lite\videos\indoor\D16_V_indoor_panrot_0002.mp4;VISION;D16;Huawei;P9lite;DIGITAL_CAMERA;INDOOR;MP4;ORIGINAL;NONE
D:\MA\VISION\D16_Huawei_P9Lite\videos\indoor\D16_V_indoor_still_0001.mp4;VISION;D16;Huawei;P9lite;DIGITAL_CAMERA;INDOOR;MP4;ORIGINAL;NONE
D:\MA\VISION\D16_Huawei_P9Lite\videos\indoor\D16_V_indoor_still_0002.mp4;VISION;D16;Huawei;P9lite;DIGITAL_CAMERA;INDOOR;MP4;ORIGINAL;NONE
D:\MA\VISION\D16_Huawei_P9Lite\videos\indoorWA\D16_V_indoorWA_move_0001.mp4;VISION;D16;Huawei;P9lite;DIGITAL_CAMERA;INDOOR;MP4;WHATSAPP;NONE
D:\MA\VISION\D16_Huawei_P9Lite\videos\indoorWA\D16_V_indoorWA_move_0002.mp4;VISION;D16;Huawei;P9lite;DIGITAL_CAMERA;INDOOR;MP4;WHATSAPP;NONE
D:\MA\VISION\D16_Huawei_P9Lite\videos\indoorWA\D16_V_indoorWA_panrot_0001.mp4;VISION;D16;Huawei;P9lite;DIGITAL_CAMERA;INDOOR;MP4;WHATSAPP;NONE
D:\MA\VISION\D16_Huawei_P9Lite\videos\indoorWA\D16_V_indoorWA_panrot_0002.mp4;VISION;D16;Huawei;P9lite;DIGITAL_CAMERA;INDOOR;MP4;WHATSAPP;NONE
D:\MA\VISION\D16_Huawei_P9Lite\videos\indoorWA\D16_V_indoorWA_still_0001.mp4;VISION;D16;Huawei;P9lite;DIGITAL_CAMERA;INDOOR;MP4;WHATSAPP;NONE
D:\MA\VISION\D16_Huawei_P9Lite\videos\indoorWA\D16_V_indoorWA_still_0002.mp4;VISION;D16;Huawei;P9lite;DIGITAL_CAMERA;INDOOR;MP4;WHATSAPP;NONE
D:\MA\VISION\D16_Huawei_P9Lite\videos\indoorYT\D16_V_indoorYT_move_0001.mp4;VISION;D16;Huawei;P9lite;DIGITAL_CAMERA;INDOOR;MP4;YOUTUBE;NONE
D:\MA\VISION\D16_Huawei_P9Lite\videos\indoorYT\D16_V_indoorYT_move_0002.mp4;VISION;D16;Huawei;P9lite;DIGITAL_CAMERA;INDOOR;MP4;YOUTUBE;NONE
D:\MA\VISION\D16_Huawei_P9Lite\videos\indoorYT\D16_V_indoorYT_panrot_0001.mp4;VISION;D16;Huawei;P9lite;DIGITAL_CAMERA;INDOOR;MP4;YOUTUBE;NONE
D:\MA\VISION\D16_Huawei_P9Lite\videos\indoorYT\D16_V_indoorYT_panrot_0002.mp4;VISION;D16;Huawei;P9lite;DIGITAL_CAMERA;INDOOR;MP4;YOUTUBE;NONE
D:\MA\VISION\D16_Huawei_P9Lite\videos\indoorYT\D16_V_indoorYT_still_0001.mp4;VISION;D16;Huawei;P9lite;DIGITAL_CAMERA;INDOOR;MP4;YOUTUBE;NONE
D:\MA\VISION\D16_Huawei_P9Lite\videos\indoorYT\D16_V_indoorYT_still_0002.mp4;VISION;D16;Huawei;P9lite;DIGITAL_CAMERA;INDOOR;MP4;YOUTUBE;NONE
D:\MA\VISION\D16_Huawei_P9Lite\videos\outdoor\D16_V_outdoor_move_0001.mp4;VISION;D16;Huawei;P9lite;DIGITAL_CAMERA;OUTDOOR;MP4;ORIGINAL;NONE
D:\MA\VISION\D16_Huawei_P9Lite\videos\outdoor\D16_V_outdoor_move_0002.mp4;VISION;D16;Huawei;P9lite;DIGITAL_CAMERA;OUTDOOR;MP4;ORIGINAL;NONE
D:\MA\VISION\D16_Huawei_P9Lite\videos\outdoor\D16_V_outdoor_panrot_0001.mp4;VISION;D16;Huawei;P9lite;DIGITAL_CAMERA;OUTDOOR;MP4;ORIGINAL;NONE
D:\MA\VISION\D16_Huawei_P9Lite\videos\outdoor\D16_V_outdoor_panrot_0002.mp4;VISION;D16;Huawei;P9lite;DIGITAL_CAMERA;OUTDOOR;MP4;ORIGINAL;NONE
D:\MA\VISION\D16_Huawei_P9Lite\videos\outdoor\D16_V_outdoor_still_0001.mp4;VISION;D16;Huawei;P9lite;DIGITAL_CAMERA;OUTDOOR;MP4;ORIGINAL;NONE
D:\MA\VISION\D16_Huawei_P9Lite\videos\outdoor\D16_V_outdoor_still_0002.mp4;VISION;D16;Huawei;P9lite;DIGITAL_CAMERA;OUTDOOR;MP4;ORIGINAL;NONE
D:\MA\VISION\D16_Huawei_P9Lite\videos\outdoorWA\D16_V_outdoorWA_move_0001.mp4;VISION;D16;Huawei;P9lite;DIGITAL_CAMERA;OUTDOOR;MP4;WHATSAPP;NONE
D:\MA\VISION\D16_Huawei_P9Lite\videos\outdoorWA\D16_V_outdoorWA_move_0002.mp4;VISION;D16;Huawei;P9lite;DIGITAL_CAMERA;OUTDOOR;MP4;WHATSAPP;NONE
D:\MA\VISION\D16_Huawei_P9Lite\videos\outdoorWA\D16_V_outdoorWA_panrot_0001.mp4;VISION;D16;Huawei;P9lite;DIGITAL_CAMERA;OUTDOOR;MP4;WHATSAPP;NONE
D:\MA\VISION\D16_Huawei_P9Lite\videos\outdoorWA\D16_V_outdoorWA_panrot_0002.mp4;VISION;D16;Huawei;P9lite;DIGITAL_CAMERA;OUTDOOR;MP4;WHATSAPP;NONE
D:\MA\VISION\D16_Huawei_P9Lite\videos\outdoorWA\D16_V_outdoorWA_still_0001.mp4;VISION;D16;Huawei;P9lite;DIGITAL_CAMERA;OUTDOOR;MP4;WHATSAPP;NONE
D:\MA\VISION\D16_Huawei_P9Lite\videos\outdoorWA\D16_V_outdoorWA_still_0002.mp4;VISION;D16;Huawei;P9lite;DIGITAL_CAMERA;OUTDOOR;MP4;WHATSAPP;NONE
D:\MA\VISION\D16_Huawei_P9Lite\videos\outdoorYT\D16_V_outdoorYT_move_0001.mp4;VISION;D16;Huawei;P9lite;DIGITAL_CAMERA;OUTDOOR;MP4;YOUTUBE;NONE
D:\MA\VISION\D16_Huawei_P9Lite\videos\outdoorYT\D16_V_outdoorYT_move_0002.mp4;VISION;D16;Huawei;P9lite;DIGITAL_CAMERA;OUTDOOR;MP4;YOUTUBE;NONE
D:\MA\VISION\D16_Huawei_P9Lite\videos\outdoorYT\D16_V_outdoorYT_panrot_0001.mp4;VISION;D16;Huawei;P9lite;DIGITAL_CAMERA;OUTDOOR;MP4;YOUTUBE;NONE
D:\MA\VISION\D16_Huawei_P9Lite\videos\outdoorYT\D16_V_outdoorYT_panrot_0002.mp4;VISION;D16;Huawei;P9lite;DIGITAL_CAMERA;OUTDOOR;MP4;YOUTUBE;NONE
D:\MA\VISION\D16_Huawei_P9Lite\videos\outdoorYT\D16_V_outdoorYT_still_0001.mp4;VISION;D16;Huawei;P9lite;DIGITAL_CAMERA;OUTDOOR;MP4;YOUTUBE;NONE
D:\MA\VISION\D16_Huawei_P9Lite\videos\outdoorYT\D16_V_outdoorYT_still_0002.mp4;VISION;D16;Huawei;P9lite;DIGITAL_CAMERA;OUTDOOR;MP4;YOUTUBE;NONE
D:\MA\VISION\D15_Apple_iPhone6\videos\flat\D15_V_flat_move_0001.mov;VISION;D15;Apple;iPhone6;DIGITAL_CAMERA;FLAT;MOV;ORIGINAL;NONE
D:\MA\VISION\D15_Apple_iPhone6\videos\flat\D15_V_flat_move_0002.mov;VISION;D15;Apple;iPhone6;DIGITAL_CAMERA;FLAT;MOV;ORIGINAL;NONE
D:\MA\VISION\D15_Apple_iPhone6\videos\flat\D15_V_flat_move_0003.mov;VISION;D15;Apple;iPhone6;DIGITAL_CAMERA;FLAT;MOV;ORIGINAL;NONE
D:\MA\VISION\D15_Apple_iPhone6\videos\flat\D15_V_flat_panrot_0001.mov;VISION;D15;Apple;iPhone6;DIGITAL_CAMERA;FLAT;MOV;ORIGINAL;NONE
D:\MA\VISION\D15_Apple_iPhone6\videos\flat\D15_V_flat_panrot_0002.mov;VISION;D15;Apple;iPhone6;DIGITAL_CAMERA;FLAT;MOV;ORIGINAL;NONE
D:\MA\VISION\D15_Apple_iPhone6\videos\flat\D15_V_flat_still_0001.mov;VISION;D15;Apple;iPhone6;DIGITAL_CAMERA;FLAT;MOV;ORIGINAL;NONE
D:\MA\VISION\D15_Apple_iPhone6\videos\flat\D15_V_flat_still_0002.mov;VISION;D15;Apple;iPhone6;DIGITAL_CAMERA;FLAT;MOV;ORIGINAL;NONE
D:\MA\VISION\D15_Apple_iPhone6\videos\flatWA\D15_V_flatWA_move_0001.mp4;VISION;D15;Apple;iPhone6;DIGITAL_CAMERA;FLAT;MP4;WHATSAPP;NONE
D:\MA\VISION\D15_Apple_iPhone6\videos\flatWA\D15_V_flatWA_move_0002.mp4;VISION;D15;Apple;iPhone6;DIGITAL_CAMERA;FLAT;MP4;WHATSAPP;NONE
D:\MA\VISION\D15_Apple_iPhone6\videos\flatWA\D15_V_flatWA_move_0003.mp4;VISION;D15;Apple;iPhone6;DIGITAL_CAMERA;FLAT;MP4;WHATSAPP;NONE
D:\MA\VISION\D15_Apple_iPhone6\videos\flatWA\D15_V_flatWA_panrot_0001.mp4;VISION;D15;Apple;iPhone6;DIGITAL_CAMERA;FLAT;MP4;WHATSAPP;NONE
D:\MA\VISION\D15_Apple_iPhone6\videos\flatWA\D15_V_flatWA_panrot_0002.mp4;VISION;D15;Apple;iPhone6;DIGITAL_CAMERA;FLAT;MP4;WHATSAPP;NONE
D:\MA\VISION\D15_Apple_iPhone6\videos\flatWA\D15_V_flatWA_still_0001.mp4;VISION;D15;Apple;iPhone6;DIGITAL_CAMERA;FLAT;MP4;WHATSAPP;NONE
D:\MA\VISION\D15_Apple_iPhone6\videos\flatWA\D15_V_flatWA_still_0002.mp4;VISION;D15;Apple;iPhone6;DIGITAL_CAMERA;FLAT;MP4;WHATSAPP;NONE
D:\MA\VISION\D15_Apple_iPhone6\videos\flatYT\D15_V_flatYT_move_0001.mp4;VISION;D15;Apple;iPhone6;DIGITAL_CAMERA;FLAT;MP4;YOUTUBE;NONE
D:\MA\VISION\D15_Apple_iPhone6\videos\flatYT\D15_V_flatYT_move_0002.mp4;VISION;D15;Apple;iPhone6;DIGITAL_CAMERA;FLAT;MP4;YOUTUBE;NONE
D:\MA\VISION\D15_Apple_iPhone6\videos\flatYT\D15_V_flatYT_move_0003.mp4;VISION;D15;Apple;iPhone6;DIGITAL_CAMERA;FLAT;MP4;YOUTUBE;NONE
D:\MA\VISION\D15_Apple_iPhone6\videos\flatYT\D15_V_flatYT_panrot_0001.mp4;VISION;D15;Apple;iPhone6;DIGITAL_CAMERA;FLAT;MP4;YOUTUBE;NONE
D:\MA\VISION\D15_Apple_iPhone6\videos\flatYT\D15_V_flatYT_panrot_0002.mp4;VISION;D15;Apple;iPhone6;DIGITAL_CAMERA;FLAT;MP4;YOUTUBE;NONE
D:\MA\VISION\D15_Apple_iPhone6\videos\flatYT\D15_V_flatYT_still_0001.mp4;VISION;D15;Apple;iPhone6;DIGITAL_CAMERA;FLAT;MP4;YOUTUBE;NONE
D:\MA\VISION\D15_Apple_iPhone6\videos\flatYT\D15_V_flatYT_still_0002.mp4;VISION;D15;Apple;iPhone6;DIGITAL_CAMERA;FLAT;MP4;YOUTUBE;NONE
D:\MA\VISION\D15_Apple_iPhone6\videos\indoor\D15_V_indoor_move_0001.mov;VISION;D15;Apple;iPhone6;DIGITAL_CAMERA;INDOOR;MOV;ORIGINAL;NONE
D:\MA\VISION\D15_Apple_iPhone6\videos\indoor\D15_V_indoor_move_0002.mov;VISION;D15;Apple;iPhone6;DIGITAL_CAMERA;INDOOR;MOV;ORIGINAL;NONE
D:\MA\VISION\D15_Apple_iPhone6\videos\indoor\D15_V_indoor_panrot_0001.mov;VISION;D15;Apple;iPhone6;DIGITAL_CAMERA;INDOOR;MOV;ORIGINAL;NONE
D:\MA\VISION\D15_Apple_iPhone6\videos\indoor\D15_V_indoor_panrot_0002.mov;VISION;D15;Apple;iPhone6;DIGITAL_CAMERA;INDOOR;MOV;ORIGINAL;NONE
D:\MA\VISION\D15_Apple_iPhone6\videos\indoor\D15_V_indoor_still_0001.mov;VISION;D15;Apple;iPhone6;DIGITAL_CAMERA;INDOOR;MOV;ORIGINAL;NONE
D:\MA\VISION\D15_Apple_iPhone6\videos\indoor\D15_V_indoor_still_0002.mov;VISION;D15;Apple;iPhone6;DIGITAL_CAMERA;INDOOR;MOV;ORIGINAL;NONE
D:\MA\VISION\D15_Apple_iPhone6\videos\indoorWA\D15_V_indoorWA_move_0001.mp4;VISION;D15;Apple;iPhone6;DIGITAL_CAMERA;INDOOR;MP4;WHATSAPP;NONE
D:\MA\VISION\D15_Apple_iPhone6\videos\indoorWA\D15_V_indoorWA_move_0002.mp4;VISION;D15;Apple;iPhone6;DIGITAL_CAMERA;INDOOR;MP4;WHATSAPP;NONE
D:\MA\VISION\D15_Apple_iPhone6\videos\indoorWA\D15_V_indoorWA_panrot_0001.mp4;VISION;D15;Apple;iPhone6;DIGITAL_CAMERA;INDOOR;MP4;WHATSAPP;NONE
D:\MA\VISION\D15_Apple_iPhone6\videos\indoorWA\D15_V_indoorWA_panrot_0002.mp4;VISION;D15;Apple;iPhone6;DIGITAL_CAMERA;INDOOR;MP4;WHATSAPP;NONE
D:\MA\VISION\D15_Apple_iPhone6\videos\indoorWA\D15_V_indoorWA_still_0001.mp4;VISION;D15;Apple;iPhone6;DIGITAL_CAMERA;INDOOR;MP4;WHATSAPP;NONE
D:\MA\VISION\D15_Apple_iPhone6\videos\indoorWA\D15_V_indoorWA_still_0002.mp4;VISION;D15;Apple;iPhone6;DIGITAL_CAMERA;INDOOR;MP4;WHATSAPP;NONE
D:\MA\VISION\D15_Apple_iPhone6\videos\indoorYT\D15_V_indoorYT_move_0001.mp4;VISION;D15;Apple;iPhone6;DIGITAL_CAMERA;INDOOR;MP4;YOUTUBE;NONE
D:\MA\VISION\D15_Apple_iPhone6\videos\indoorYT\D15_V_indoorYT_move_0002.mp4;VISION;D15;Apple;iPhone6;DIGITAL_CAMERA;INDOOR;MP4;YOUTUBE;NONE
D:\MA\VISION\D15_Apple_iPhone6\videos\indoorYT\D15_V_indoorYT_panrot_0001.mp4;VISION;D15;Apple;iPhone6;DIGITAL_CAMERA;INDOOR;MP4;YOUTUBE;NONE
D:\MA\VISION\D15_Apple_iPhone6\videos\indoorYT\D15_V_indoorYT_panrot_0002.mp4;VISION;D15;Apple;iPhone6;DIGITAL_CAMERA;INDOOR;MP4;YOUTUBE;NONE
D:\MA\VISION\D15_Apple_iPhone6\videos\indoorYT\D15_V_indoorYT_still_0001.mp4;VISION;D15;Apple;iPhone6;DIGITAL_CAMERA;INDOOR;MP4;YOUTUBE;NONE
D:\MA\VISION\D15_Apple_iPhone6\videos\indoorYT\D15_V_indoorYT_still_0002.mp4;VISION;D15;Apple;iPhone6;DIGITAL_CAMERA;INDOOR;MP4;YOUTUBE;NONE
D:\MA\VISION\D15_Apple_iPhone6\videos\outdoor\D15_V_outdoor_move_0001.mov;VISION;D15;Apple;iPhone6;DIGITAL_CAMERA;OUTDOOR;MOV;ORIGINAL;NONE
D:\MA\VISION\D15_Apple_iPhone6\videos\outdoor\D15_V_outdoor_move_0002.mov;VISION;D15;Apple;iPhone6;DIGITAL_CAMERA;OUTDOOR;MOV;ORIGINAL;NONE
D:\MA\VISION\D15_Apple_iPhone6\videos\outdoor\D15_V_outdoor_panrot_0001.mov;VISION;D15;Apple;iPhone6;DIGITAL_CAMERA;OUTDOOR;MOV;ORIGINAL;NONE
D:\MA\VISION\D15_Apple_iPhone6\videos\outdoor\D15_V_outdoor_panrot_0002.mov;VISION;D15;Apple;iPhone6;DIGITAL_CAMERA;OUTDOOR;MOV;ORIGINAL;NONE
D:\MA\VISION\D15_Apple_iPhone6\videos\outdoor\D15_V_outdoor_still_0001.mov;VISION;D15;Apple;iPhone6;DIGITAL_CAMERA;OUTDOOR;MOV;ORIGINAL;NONE
D:\MA\VISION\D15_Apple_iPhone6\videos\outdoorWA\D15_V_outdoorWA_move_0001.mp4;VISION;D15;Apple;iPhone6;DIGITAL_CAMERA;OUTDOOR;MP4;WHATSAPP;NONE
D:\MA\VISION\D15_Apple_iPhone6\videos\outdoorWA\D15_V_outdoorWA_move_0002.mp4;VISION;D15;Apple;iPhone6;DIGITAL_CAMERA;OUTDOOR;MP4;WHATSAPP;NONE
D:\MA\VISION\D15_Apple_iPhone6\videos\outdoorWA\D15_V_outdoorWA_panrot_0001.mp4;VISION;D15;Apple;iPhone6;DIGITAL_CAMERA;OUTDOOR;MP4;WHATSAPP;NONE
D:\MA\VISION\D15_Apple_iPhone6\videos\outdoorWA\D15_V_outdoorWA_panrot_0002.mp4;VISION;D15;Apple;iPhone6;DIGITAL_CAMERA;OUTDOOR;MP4;WHATSAPP;NONE
D:\MA\VISION\D15_Apple_iPhone6\videos\outdoorWA\D15_V_outdoorWA_still_0001.mp4;VISION;D15;Apple;iPhone6;DIGITAL_CAMERA;OUTDOOR;MP4;WHATSAPP;NONE
D:\MA\VISION\D15_Apple_iPhone6\videos\outdoorYT\D15_V_outdoorYT_move_0001.mp4;VISION;D15;Apple;iPhone6;DIGITAL_CAMERA;OUTDOOR;MP4;YOUTUBE;NONE
D:\MA\VISION\D15_Apple_iPhone6\videos\outdoorYT\D15_V_outdoorYT_move_0002.mp4;VISION;D15;Apple;iPhone6;DIGITAL_CAMERA;OUTDOOR;MP4;YOUTUBE;NONE
D:\MA\VISION\D15_Apple_iPhone6\videos\outdoorYT\D15_V_outdoorYT_panrot_0001.mp4;VISION;D15;Apple;iPhone6;DIGITAL_CAMERA;OUTDOOR;MP4;YOUTUBE;NONE
D:\MA\VISION\D15_Apple_iPhone6\videos\outdoorYT\D15_V_outdoorYT_panrot_0002.mp4;VISION;D15;Apple;iPhone6;DIGITAL_CAMERA;OUTDOOR;MP4;YOUTUBE;NONE
D:\MA\VISION\D15_Apple_iPhone6\videos\outdoorYT\D15_V_outdoorYT_still_0001.mp4;VISION;D15;Apple;iPhone6;DIGITAL_CAMERA;OUTDOOR;MP4;YOUTUBE;NONE
D:\MA\VISION\D14_Apple_iPhone5c\videos\flat\D14_V_flat_move_0001.mov;VISION;D14;Apple;iPhone5c;DIGITAL_CAMERA;FLAT;MOV;ORIGINAL;NONE
D:\MA\VISION\D14_Apple_iPhone5c\videos\flat\D14_V_flat_move_0002.mov;VISION;D14;Apple;iPhone5c;DIGITAL_CAMERA;FLAT;MOV;ORIGINAL;NONE
D:\MA\VISION\D14_Apple_iPhone5c\videos\flat\D14_V_flat_move_0003.mov;VISION;D14;Apple;iPhone5c;DIGITAL_CAMERA;FLAT;MOV;ORIGINAL;NONE
D:\MA\VISION\D14_Apple_iPhone5c\videos\flat\D14_V_flat_panrot_0001.mov;VISION;D14;Apple;iPhone5c;DIGITAL_CAMERA;FLAT;MOV;ORIGINAL;NONE
D:\MA\VISION\D14_Apple_iPhone5c\videos\flat\D14_V_flat_panrot_0002.mov;VISION;D14;Apple;iPhone5c;DIGITAL_CAMERA;FLAT;MOV;ORIGINAL;NONE
D:\MA\VISION\D14_Apple_iPhone5c\videos\flat\D14_V_flat_still_0001.mov;VISION;D14;Apple;iPhone5c;DIGITAL_CAMERA;FLAT;MOV;ORIGINAL;NONE
D:\MA\VISION\D14_Apple_iPhone5c\videos\flat\D14_V_flat_still_0002.mov;VISION;D14;Apple;iPhone5c;DIGITAL_CAMERA;FLAT;MOV;ORIGINAL;NONE
D:\MA\VISION\D14_Apple_iPhone5c\videos\flatWA\D14_V_flatWA_move_0001.mp4;VISION;D14;Apple;iPhone5c;DIGITAL_CAMERA;FLAT;MP4;WHATSAPP;NONE
D:\MA\VISION\D14_Apple_iPhone5c\videos\flatWA\D14_V_flatWA_move_0002.mp4;VISION;D14;Apple;iPhone5c;DIGITAL_CAMERA;FLAT;MP4;WHATSAPP;NONE
D:\MA\VISION\D14_Apple_iPhone5c\videos\flatWA\D14_V_flatWA_move_0003.mp4;VISION;D14;Apple;iPhone5c;DIGITAL_CAMERA;FLAT;MP4;WHATSAPP;NONE
D:\MA\VISION\D14_Apple_iPhone5c\videos\flatWA\D14_V_flatWA_panrot_0001.mp4;VISION;D14;Apple;iPhone5c;DIGITAL_CAMERA;FLAT;MP4;WHATSAPP;NONE
D:\MA\VISION\D14_Apple_iPhone5c\videos\flatWA\D14_V_flatWA_panrot_0002.mp4;VISION;D14;Apple;iPhone5c;DIGITAL_CAMERA;FLAT;MP4;WHATSAPP;NONE
D:\MA\VISION\D14_Apple_iPhone5c\videos\flatWA\D14_V_flatWA_still_0001.mp4;VISION;D14;Apple;iPhone5c;DIGITAL_CAMERA;FLAT;MP4;WHATSAPP;NONE
D:\MA\VISION\D14_Apple_iPhone5c\videos\flatWA\D14_V_flatWA_still_0002.mp4;VISION;D14;Apple;iPhone5c;DIGITAL_CAMERA;FLAT;MP4;WHATSAPP;NONE
D:\MA\VISION\D14_Apple_iPhone5c\videos\flatYT\D14_V_flatYT_move_0001.mp4;VISION;D14;Apple;iPhone5c;DIGITAL_CAMERA;FLAT;MP4;YOUTUBE;NONE
D:\MA\VISION\D14_Apple_iPhone5c\videos\flatYT\D14_V_flatYT_move_0002.mp4;VISION;D14;Apple;iPhone5c;DIGITAL_CAMERA;FLAT;MP4;YOUTUBE;NONE
D:\MA\VISION\D14_Apple_iPhone5c\videos\flatYT\D14_V_flatYT_move_0003.mp4;VISION;D14;Apple;iPhone5c;DIGITAL_CAMERA;FLAT;MP4;YOUTUBE;NONE
D:\MA\VISION\D14_Apple_iPhone5c\videos\flatYT\D14_V_flatYT_panrot_0001.mp4;VISION;D14;Apple;iPhone5c;DIGITAL_CAMERA;FLAT;MP4;YOUTUBE;NONE
D:\MA\VISION\D14_Apple_iPhone5c\videos\flatYT\D14_V_flatYT_panrot_0002.mp4;VISION;D14;Apple;iPhone5c;DIGITAL_CAMERA;FLAT;MP4;YOUTUBE;NONE
D:\MA\VISION\D14_Apple_iPhone5c\videos\flatYT\D14_V_flatYT_still_0001.mp4;VISION;D14;Apple;iPhone5c;DIGITAL_CAMERA;FLAT;MP4;YOUTUBE;NONE
D:\MA\VISION\D14_Apple_iPhone5c\videos\flatYT\D14_V_flatYT_still_0002.mp4;VISION;D14;Apple;iPhone5c;DIGITAL_CAMERA;FLAT;MP4;YOUTUBE;NONE
D:\MA\VISION\D14_Apple_iPhone5c\videos\indoor\D14_V_indoor_move_0001.mov;VISION;D14;Apple;iPhone5c;DIGITAL_CAMERA;INDOOR;MOV;ORIGINAL;NONE
D:\MA\VISION\D14_Apple_iPhone5c\videos\indoor\D14_V_indoor_move_0002.mov;VISION;D14;Apple;iPhone5c;DIGITAL_CAMERA;INDOOR;MOV;ORIGINAL;NONE
D:\MA\VISION\D14_Apple_iPhone5c\videos\indoor\D14_V_indoor_panrot_0001.mov;VISION;D14;Apple;iPhone5c;DIGITAL_CAMERA;INDOOR;MOV;ORIGINAL;NONE
D:\MA\VISION\D14_Apple_iPhone5c\videos\indoor\D14_V_indoor_panrot_0002.mov;VISION;D14;Apple;iPhone5c;DIGITAL_CAMERA;INDOOR;MOV;ORIGINAL;NONE
D:\MA\VISION\D14_Apple_iPhone5c\videos\indoor\D14_V_indoor_still_0001.mov;VISION;D14;Apple;iPhone5c;DIGITAL_CAMERA;INDOOR;MOV;ORIGINAL;NONE
D:\MA\VISION\D14_Apple_iPhone5c\videos\indoor\D14_V_indoor_still_0002.mov;VISION;D14;Apple;iPhone5c;DIGITAL_CAMERA;INDOOR;MOV;ORIGINAL;NONE
D:\MA\VISION\D14_Apple_iPhone5c\videos\indoorWA\D14_V_indoorWA_move_0001.mp4;VISION;D14;Apple;iPhone5c;DIGITAL_CAMERA;INDOOR;MP4;WHATSAPP;NONE
D:\MA\VISION\D14_Apple_iPhone5c\videos\indoorWA\D14_V_indoorWA_move_0002.mp4;VISION;D14;Apple;iPhone5c;DIGITAL_CAMERA;INDOOR;MP4;WHATSAPP;NONE
D:\MA\VISION\D14_Apple_iPhone5c\videos\indoorWA\D14_V_indoorWA_panrot_0001.mp4;VISION;D14;Apple;iPhone5c;DIGITAL_CAMERA;INDOOR;MP4;WHATSAPP;NONE
D:\MA\VISION\D14_Apple_iPhone5c\videos\indoorWA\D14_V_indoorWA_panrot_0002.mp4;VISION;D14;Apple;iPhone5c;DIGITAL_CAMERA;INDOOR;MP4;WHATSAPP;NONE
D:\MA\VISION\D14_Apple_iPhone5c\videos\indoorWA\D14_V_indoorWA_still_0001.mp4;VISION;D14;Apple;iPhone5c;DIGITAL_CAMERA;INDOOR;MP4;WHATSAPP;NONE
D:\MA\VISION\D14_Apple_iPhone5c\videos\indoorWA\D14_V_indoorWA_still_0002.mp4;VISION;D14;Apple;iPhone5c;DIGITAL_CAMERA;INDOOR;MP4;WHATSAPP;NONE
D:\MA\VISION\D14_Apple_iPhone5c\videos\indoorYT\D14_V_indoorYT_move_0001.mp4;VISION;D14;Apple;iPhone5c;DIGITAL_CAMERA;INDOOR;MP4;YOUTUBE;NONE
D:\MA\VISION\D14_Apple_iPhone5c\videos\indoorYT\D14_V_indoorYT_move_0002.mp4;VISION;D14;Apple;iPhone5c;DIGITAL_CAMERA;INDOOR;MP4;YOUTUBE;NONE
D:\MA\VISION\D14_Apple_iPhone5c\videos\indoorYT\D14_V_indoorYT_panrot_0001.mp4;VISION;D14;Apple;iPhone5c;DIGITAL_CAMERA;INDOOR;MP4;YOUTUBE;NONE
D:\MA\VISION\D14_Apple_iPhone5c\videos\indoorYT\D14_V_indoorYT_panrot_0002.mp4;VISION;D14;Apple;iPhone5c;DIGITAL_CAMERA;INDOOR;MP4;YOUTUBE;NONE
D:\MA\VISION\D14_Apple_iPhone5c\videos\indoorYT\D14_V_indoorYT_still_0001.mp4;VISION;D14;Apple;iPhone5c;DIGITAL_CAMERA;INDOOR;MP4;YOUTUBE;NONE
D:\MA\VISION\D14_Apple_iPhone5c\videos\indoorYT\D14_V_indoorYT_still_0002.mp4;VISION;D14;Apple;iPhone5c;DIGITAL_CAMERA;INDOOR;MP4;YOUTUBE;NONE
D:\MA\VISION\D14_Apple_iPhone5c\videos\outdoor\D14_V_outdoor_move_0001.mov;VISION;D14;Apple;iPhone5c;DIGITAL_CAMERA;OUTDOOR;MOV;ORIGINAL;NONE
D:\MA\VISION\D14_Apple_iPhone5c\videos\outdoor\D14_V_outdoor_move_0002.mov;VISION;D14;Apple;iPhone5c;DIGITAL_CAMERA;OUTDOOR;MOV;ORIGINAL;NONE
D:\MA\VISION\D14_Apple_iPhone5c\videos\outdoor\D14_V_outdoor_panrot_0001.mov;VISION;D14;Apple;iPhone5c;DIGITAL_CAMERA;OUTDOOR;MOV;ORIGINAL;NONE
D:\MA\VISION\D14_Apple_iPhone5c\videos\outdoor\D14_V_outdoor_panrot_0002.mov;VISION;D14;Apple;iPhone5c;DIGITAL_CAMERA;OUTDOOR;MOV;ORIGINAL;NONE
D:\MA\VISION\D14_Apple_iPhone5c\videos\outdoor\D14_V_outdoor_still_0001.mov;VISION;D14;Apple;iPhone5c;DIGITAL_CAMERA;OUTDOOR;MOV;ORIGINAL;NONE
D:\MA\VISION\D14_Apple_iPhone5c\videos\outdoor\D14_V_outdoor_still_0002.mov;VISION;D14;Apple;iPhone5c;DIGITAL_CAMERA;OUTDOOR;MOV;ORIGINAL;NONE
D:\MA\VISION\D14_Apple_iPhone5c\videos\outdoorWA\D14_V_outdoorWA_move_0001.mp4;VISION;D14;Apple;iPhone5c;DIGITAL_CAMERA;OUTDOOR;MP4;WHATSAPP;NONE
D:\MA\VISION\D14_Apple_iPhone5c\videos\outdoorWA\D14_V_outdoorWA_move_0002.mp4;VISION;D14;Apple;iPhone5c;DIGITAL_CAMERA;OUTDOOR;MP4;WHATSAPP;NONE
D:\MA\VISION\D14_Apple_iPhone5c\videos\outdoorWA\D14_V_outdoorWA_panrot_0001.mp4;VISION;D14;Apple;iPhone5c;DIGITAL_CAMERA;OUTDOOR;MP4;WHATSAPP;NONE
D:\MA\VISION\D14_Apple_iPhone5c\videos\outdoorWA\D14_V_outdoorWA_panrot_0002.mp4;VISION;D14;Apple;iPhone5c;DIGITAL_CAMERA;OUTDOOR;MP4;WHATSAPP;NONE
D:\MA\VISION\D14_Apple_iPhone5c\videos\outdoorWA\D14_V_outdoorWA_still_0001.mp4;VISION;D14;Apple;iPhone5c;DIGITAL_CAMERA;OUTDOOR;MP4;WHATSAPP;NONE
D:\MA\VISION\D14_Apple_iPhone5c\videos\outdoorWA\D14_V_outdoorWA_still_0002.mp4;VISION;D14;Apple;iPhone5c;DIGITAL_CAMERA;OUTDOOR;MP4;WHATSAPP;NONE
D:\MA\VISION\D14_Apple_iPhone5c\videos\outdoorYT\D14_V_outdoorYT_move_0001.mp4;VISION;D14;Apple;iPhone5c;DIGITAL_CAMERA;OUTDOOR;MP4;YOUTUBE;NONE
D:\MA\VISION\D14_Apple_iPhone5c\videos\outdoorYT\D14_V_outdoorYT_move_0002.mp4;VISION;D14;Apple;iPhone5c;DIGITAL_CAMERA;OUTDOOR;MP4;YOUTUBE;NONE
D:\MA\VISION\D14_Apple_iPhone5c\videos\outdoorYT\D14_V_outdoorYT_panrot_0001.mp4;VISION;D14;Apple;iPhone5c;DIGITAL_CAMERA;OUTDOOR;MP4;YOUTUBE;NONE
D:\MA\VISION\D14_Apple_iPhone5c\videos\outdoorYT\D14_V_outdoorYT_panrot_0002.mp4;VISION;D14;Apple;iPhone5c;DIGITAL_CAMERA;OUTDOOR;MP4;YOUTUBE;NONE
D:\MA\VISION\D14_Apple_iPhone5c\videos\outdoorYT\D14_V_outdoorYT_still_0001.mp4;VISION;D14;Apple;iPhone5c;DIGITAL_CAMERA;OUTDOOR;MP4;YOUTUBE;NONE
D:\MA\VISION\D14_Apple_iPhone5c\videos\outdoorYT\D14_V_outdoorYT_still_0002.mp4;VISION;D14;Apple;iPhone5c;DIGITAL_CAMERA;OUTDOOR;MP4;YOUTUBE;NONE
D:\MA\VISION\D13_Apple_iPad2\videos\flat\D13_V_flat_move_0001.mov;VISION;D13;Apple;iPad2;DIGITAL_CAMERA;FLAT;MOV;ORIGINAL;NONE
D:\MA\VISION\D13_Apple_iPad2\videos\flat\D13_V_flat_move_0002.mov;VISION;D13;Apple;iPad2;DIGITAL_CAMERA;FLAT;MOV;ORIGINAL;NONE
D:\MA\VISION\D13_Apple_iPad2\videos\flat\D13_V_flat_panrot_0001.mov;VISION;D13;Apple;iPad2;DIGITAL_CAMERA;FLAT;MOV;ORIGINAL;NONE
D:\MA\VISION\D13_Apple_iPad2\videos\flat\D13_V_flat_still_0001.mov;VISION;D13;Apple;iPad2;DIGITAL_CAMERA;FLAT;MOV;ORIGINAL;NONE
D:\MA\VISION\D13_Apple_iPad2\videos\flatWA\D13_V_flatWA_move_0001.mp4;VISION;D13;Apple;iPad2;DIGITAL_CAMERA;FLAT;MP4;WHATSAPP;NONE
D:\MA\VISION\D13_Apple_iPad2\videos\flatWA\D13_V_flatWA_move_0002.mp4;VISION;D13;Apple;iPad2;DIGITAL_CAMERA;FLAT;MP4;WHATSAPP;NONE
D:\MA\VISION\D13_Apple_iPad2\videos\flatWA\D13_V_flatWA_panrot_0001.mp4;VISION;D13;Apple;iPad2;DIGITAL_CAMERA;FLAT;MP4;WHATSAPP;NONE
D:\MA\VISION\D13_Apple_iPad2\videos\flatWA\D13_V_flatWA_still_0001.mp4;VISION;D13;Apple;iPad2;DIGITAL_CAMERA;FLAT;MP4;WHATSAPP;NONE
D:\MA\VISION\D13_Apple_iPad2\videos\flatYT\D13_V_flatYT_move_0001.mp4;VISION;D13;Apple;iPad2;DIGITAL_CAMERA;FLAT;MP4;YOUTUBE;NONE
D:\MA\VISION\D13_Apple_iPad2\videos\flatYT\D13_V_flatYT_move_0002.mp4;VISION;D13;Apple;iPad2;DIGITAL_CAMERA;FLAT;MP4;YOUTUBE;NONE
D:\MA\VISION\D13_Apple_iPad2\videos\flatYT\D13_V_flatYT_panrot_0001.mp4;VISION;D13;Apple;iPad2;DIGITAL_CAMERA;FLAT;MP4;YOUTUBE;NONE
D:\MA\VISION\D13_Apple_iPad2\videos\flatYT\D13_V_flatYT_still_0001.mp4;VISION;D13;Apple;iPad2;DIGITAL_CAMERA;FLAT;MP4;YOUTUBE;NONE
D:\MA\VISION\D13_Apple_iPad2\videos\indoor\D13_V_indoor_move_0001.mov;VISION;D13;Apple;iPad2;DIGITAL_CAMERA;INDOOR;MOV;ORIGINAL;NONE
D:\MA\VISION\D13_Apple_iPad2\videos\indoor\D13_V_indoor_move_0002.mov;VISION;D13;Apple;iPad2;DIGITAL_CAMERA;INDOOR;MOV;ORIGINAL;NONE
D:\MA\VISION\D13_Apple_iPad2\videos\indoor\D13_V_indoor_panrot_0001.mov;VISION;D13;Apple;iPad2;DIGITAL_CAMERA;INDOOR;MOV;ORIGINAL;NONE
D:\MA\VISION\D13_Apple_iPad2\videos\indoor\D13_V_indoor_panrot_0002.mov;VISION;D13;Apple;iPad2;DIGITAL_CAMERA;INDOOR;MOV;ORIGINAL;NONE
D:\MA\VISION\D13_Apple_iPad2\videos\indoor\D13_V_indoor_still_0001.mov;VISION;D13;Apple;iPad2;DIGITAL_CAMERA;INDOOR;MOV;ORIGINAL;NONE
D:\MA\VISION\D13_Apple_iPad2\videos\indoor\D13_V_indoor_still_0002.mov;VISION;D13;Apple;iPad2;DIGITAL_CAMERA;INDOOR;MOV;ORIGINAL;NONE
D:\MA\VISION\D13_Apple_iPad2\videos\indoorWA\D13_V_indoorWA_move_0001.mp4;VISION;D13;Apple;iPad2;DIGITAL_CAMERA;INDOOR;MP4;WHATSAPP;NONE
D:\MA\VISION\D13_Apple_iPad2\videos\indoorWA\D13_V_indoorWA_move_0002.mp4;VISION;D13;Apple;iPad2;DIGITAL_CAMERA;INDOOR;MP4;WHATSAPP;NONE
D:\MA\VISION\D13_Apple_iPad2\videos\indoorWA\D13_V_indoorWA_panrot_0001.mp4;VISION;D13;Apple;iPad2;DIGITAL_CAMERA;INDOOR;MP4;WHATSAPP;NONE
D:\MA\VISION\D13_Apple_iPad2\videos\indoorWA\D13_V_indoorWA_panrot_0002.mp4;VISION;D13;Apple;iPad2;DIGITAL_CAMERA;INDOOR;MP4;WHATSAPP;NONE
D:\MA\VISION\D13_Apple_iPad2\videos\indoorWA\D13_V_indoorWA_still_0001.mp4;VISION;D13;Apple;iPad2;DIGITAL_CAMERA;INDOOR;MP4;WHATSAPP;NONE
D:\MA\VISION\D13_Apple_iPad2\videos\indoorWA\D13_V_indoorWA_still_0002.mp4;VISION;D13;Apple;iPad2;DIGITAL_CAMERA;INDOOR;MP4;WHATSAPP;NONE
D:\MA\VISION\D13_Apple_iPad2\videos\indoorYT\D13_V_indoorYT_move_0001.mp4;VISION;D13;Apple;iPad2;DIGITAL_CAMERA;INDOOR;MP4;YOUTUBE;NONE
D:\MA\VISION\D13_Apple_iPad2\videos\indoorYT\D13_V_indoorYT_move_0002.mp4;VISION;D13;Apple;iPad2;DIGITAL_CAMERA;INDOOR;MP4;YOUTUBE;NONE
D:\MA\VISION\D13_Apple_iPad2\videos\indoorYT\D13_V_indoorYT_panrot_0001.mp4;VISION;D13;Apple;iPad2;DIGITAL_CAMERA;INDOOR;MP4;YOUTUBE;NONE
D:\MA\VISION\D13_Apple_iPad2\videos\indoorYT\D13_V_indoorYT_panrot_0002.mp4;VISION;D13;Apple;iPad2;DIGITAL_CAMERA;INDOOR;MP4;YOUTUBE;NONE
D:\MA\VISION\D13_Apple_iPad2\videos\indoorYT\D13_V_indoorYT_still_0001.mp4;VISION;D13;Apple;iPad2;DIGITAL_CAMERA;INDOOR;MP4;YOUTUBE;NONE
D:\MA\VISION\D13_Apple_iPad2\videos\indoorYT\D13_V_indoorYT_still_0002.mp4;VISION;D13;Apple;iPad2;DIGITAL_CAMERA;INDOOR;MP4;YOUTUBE;NONE
D:\MA\VISION\D13_Apple_iPad2\videos\outdoor\D13_V_outdoor_move_0001.mov;VISION;D13;Apple;iPad2;DIGITAL_CAMERA;OUTDOOR;MOV;ORIGINAL;NONE
D:\MA\VISION\D13_Apple_iPad2\videos\outdoor\D13_V_outdoor_move_0002.mov;VISION;D13;Apple;iPad2;DIGITAL_CAMERA;OUTDOOR;MOV;ORIGINAL;NONE
D:\MA\VISION\D13_Apple_iPad2\videos\outdoor\D13_V_outdoor_panrot_0001.mov;VISION;D13;Apple;iPad2;DIGITAL_CAMERA;OUTDOOR;MOV;ORIGINAL;NONE
D:\MA\VISION\D13_Apple_iPad2\videos\outdoor\D13_V_outdoor_panrot_0002.mov;VISION;D13;Apple;iPad2;DIGITAL_CAMERA;OUTDOOR;MOV;ORIGINAL;NONE
D:\MA\VISION\D13_Apple_iPad2\videos\outdoor\D13_V_outdoor_still_0001.mov;VISION;D13;Apple;iPad2;DIGITAL_CAMERA;OUTDOOR;MOV;ORIGINAL;NONE
D:\MA\VISION\D13_Apple_iPad2\videos\outdoor\D13_V_outdoor_still_0002.mov;VISION;D13;Apple;iPad2;DIGITAL_CAMERA;OUTDOOR;MOV;ORIGINAL;NONE
D:\MA\VISION\D13_Apple_iPad2\videos\outdoorWA\D13_V_outdoorWA_move_0001.mp4;VISION;D13;Apple;iPad2;DIGITAL_CAMERA;OUTDOOR;MP4;WHATSAPP;NONE
D:\MA\VISION\D13_Apple_iPad2\videos\outdoorWA\D13_V_outdoorWA_move_0002.mp4;VISION;D13;Apple;iPad2;DIGITAL_CAMERA;OUTDOOR;MP4;WHATSAPP;NONE
D:\MA\VISION\D13_Apple_iPad2\videos\outdoorWA\D13_V_outdoorWA_panrot_0001.mp4;VISION;D13;Apple;iPad2;DIGITAL_CAMERA;OUTDOOR;MP4;WHATSAPP;NONE
D:\MA\VISION\D13_Apple_iPad2\videos\outdoorWA\D13_V_outdoorWA_panrot_0002.mp4;VISION;D13;Apple;iPad2;DIGITAL_CAMERA;OUTDOOR;MP4;WHATSAPP;NONE
D:\MA\VISION\D13_Apple_iPad2\videos\outdoorWA\D13_V_outdoorWA_still_0001.mp4;VISION;D13;Apple;iPad2;DIGITAL_CAMERA;OUTDOOR;MP4;WHATSAPP;NONE
D:\MA\VISION\D13_Apple_iPad2\videos\outdoorWA\D13_V_outdoorWA_still_0002.mp4;VISION;D13;Apple;iPad2;DIGITAL_CAMERA;OUTDOOR;MP4;WHATSAPP;NONE
D:\MA\VISION\D13_Apple_iPad2\videos\outdoorYT\D13_V_outdoorYT_move_0001.mp4;VISION;D13;Apple;iPad2;DIGITAL_CAMERA;OUTDOOR;MP4;YOUTUBE;NONE
D:\MA\VISION\D13_Apple_iPad2\videos\outdoorYT\D13_V_outdoorYT_move_0002.mp4;VISION;D13;Apple;iPad2;DIGITAL_CAMERA;OUTDOOR;MP4;YOUTUBE;NONE
D:\MA\VISION\D13_Apple_iPad2\videos\outdoorYT\D13_V_outdoorYT_panrot_0001.mp4;VISION;D13;Apple;iPad2;DIGITAL_CAMERA;OUTDOOR;MP4;YOUTUBE;NONE
D:\MA\VISION\D13_Apple_iPad2\videos\outdoorYT\D13_V_outdoorYT_panrot_0002.mp4;VISION;D13;Apple;iPad2;DIGITAL_CAMERA;OUTDOOR;MP4;YOUTUBE;NONE
D:\MA\VISION\D13_Apple_iPad2\videos\outdoorYT\D13_V_outdoorYT_still_0001.mp4;VISION;D13;Apple;iPad2;DIGITAL_CAMERA;OUTDOOR;MP4;YOUTUBE;NONE
D:\MA\VISION\D13_Apple_iPad2\videos\outdoorYT\D13_V_outdoorYT_still_0002.mp4;VISION;D13;Apple;iPad2;DIGITAL_CAMERA;OUTDOOR;MP4;YOUTUBE;NONE
D:\MA\VISION\D12_Sony_XperiaZ1Compact\videos\flat\D12_V_flat_move_0001.mp4;VISION;D12;Sony;XperiaZ1Compact;DIGITAL_CAMERA;FLAT;MP4;ORIGINAL;NONE
D:\MA\VISION\D12_Sony_XperiaZ1Compact\videos\flat\D12_V_flat_move_0002.mp4;VISION;D12;Sony;XperiaZ1Compact;DIGITAL_CAMERA;FLAT;MP4;ORIGINAL;NONE
D:\MA\VISION\D12_Sony_XperiaZ1Compact\videos\flat\D12_V_flat_move_0003.mp4;VISION;D12;Sony;XperiaZ1Compact;DIGITAL_CAMERA;FLAT;MP4;ORIGINAL;NONE
D:\MA\VISION\D12_Sony_XperiaZ1Compact\videos\flat\D12_V_flat_panrot_0001.mp4;VISION;D12;Sony;XperiaZ1Compact;DIGITAL_CAMERA;FLAT;MP4;ORIGINAL;NONE
D:\MA\VISION\D12_Sony_XperiaZ1Compact\videos\flat\D12_V_flat_panrot_0002.mp4;VISION;D12;Sony;XperiaZ1Compact;DIGITAL_CAMERA;FLAT;MP4;ORIGINAL;NONE
D:\MA\VISION\D12_Sony_XperiaZ1Compact\videos\flat\D12_V_flat_still_0001.mp4;VISION;D12;Sony;XperiaZ1Compact;DIGITAL_CAMERA;FLAT;MP4;ORIGINAL;NONE
D:\MA\VISION\D12_Sony_XperiaZ1Compact\videos\flat\D12_V_flat_still_0002.mp4;VISION;D12;Sony;XperiaZ1Compact;DIGITAL_CAMERA;FLAT;MP4;ORIGINAL;NONE
D:\MA\VISION\D12_Sony_XperiaZ1Compact\videos\flatWA\D12_V_flatWA_move_0001.mp4;VISION;D12;Sony;XperiaZ1Compact;DIGITAL_CAMERA;FLAT;MP4;WHATSAPP;NONE
D:\MA\VISION\D12_Sony_XperiaZ1Compact\videos\flatWA\D12_V_flatWA_move_0002.mp4;VISION;D12;Sony;XperiaZ1Compact;DIGITAL_CAMERA;FLAT;MP4;WHATSAPP;NONE
D:\MA\VISION\D12_Sony_XperiaZ1Compact\videos\flatWA\D12_V_flatWA_move_0003.mp4;VISION;D12;Sony;XperiaZ1Compact;DIGITAL_CAMERA;FLAT;MP4;WHATSAPP;NONE
D:\MA\VISION\D12_Sony_XperiaZ1Compact\videos\flatWA\D12_V_flatWA_panrot_0001.mp4;VISION;D12;Sony;XperiaZ1Compact;DIGITAL_CAMERA;FLAT;MP4;WHATSAPP;NONE
D:\MA\VISION\D12_Sony_XperiaZ1Compact\videos\flatWA\D12_V_flatWA_panrot_0002.mp4;VISION;D12;Sony;XperiaZ1Compact;DIGITAL_CAMERA;FLAT;MP4;WHATSAPP;NONE
D:\MA\VISION\D12_Sony_XperiaZ1Compact\videos\flatWA\D12_V_flatWA_still_0001.mp4;VISION;D12;Sony;XperiaZ1Compact;DIGITAL_CAMERA;FLAT;MP4;WHATSAPP;NONE
D:\MA\VISION\D12_Sony_XperiaZ1Compact\videos\flatWA\D12_V_flatWA_still_0002.mp4;VISION;D12;Sony;XperiaZ1Compact;DIGITAL_CAMERA;FLAT;MP4;WHATSAPP;NONE
D:\MA\VISION\D12_Sony_XperiaZ1Compact\videos\flatYT\D12_V_flatYT_move_0001.mp4;VISION;D12;Sony;XperiaZ1Compact;DIGITAL_CAMERA;FLAT;MP4;YOUTUBE;NONE
D:\MA\VISION\D12_Sony_XperiaZ1Compact\videos\flatYT\D12_V_flatYT_move_0002.mp4;VISION;D12;Sony;XperiaZ1Compact;DIGITAL_CAMERA;FLAT;MP4;YOUTUBE;NONE
D:\MA\VISION\D12_Sony_XperiaZ1Compact\videos\flatYT\D12_V_flatYT_move_0003.mp4;VISION;D12;Sony;XperiaZ1Compact;DIGITAL_CAMERA;FLAT;MP4;YOUTUBE;NONE
D:\MA\VISION\D12_Sony_XperiaZ1Compact\videos\flatYT\D12_V_flatYT_panrot_0001.mp4;VISION;D12;Sony;XperiaZ1Compact;DIGITAL_CAMERA;FLAT;MP4;YOUTUBE;NONE
D:\MA\VISION\D12_Sony_XperiaZ1Compact\videos\flatYT\D12_V_flatYT_panrot_0002.mp4;VISION;D12;Sony;XperiaZ1Compact;DIGITAL_CAMERA;FLAT;MP4;YOUTUBE;NONE
D:\MA\VISION\D12_Sony_XperiaZ1Compact\videos\flatYT\D12_V_flatYT_still_0001.mp4;VISION;D12;Sony;XperiaZ1Compact;DIGITAL_CAMERA;FLAT;MP4;YOUTUBE;NONE
D:\MA\VISION\D12_Sony_XperiaZ1Compact\videos\flatYT\D12_V_flatYT_still_0002.mp4;VISION;D12;Sony;XperiaZ1Compact;DIGITAL_CAMERA;FLAT;MP4;YOUTUBE;NONE
D:\MA\VISION\D12_Sony_XperiaZ1Compact\videos\indoor\D12_V_indoor_move_0001.mp4;VISION;D12;Sony;XperiaZ1Compact;DIGITAL_CAMERA;INDOOR;MP4;ORIGINAL;NONE
D:\MA\VISION\D12_Sony_XperiaZ1Compact\videos\indoor\D12_V_indoor_move_0002.mp4;VISION;D12;Sony;XperiaZ1Compact;DIGITAL_CAMERA;INDOOR;MP4;ORIGINAL;NONE
D:\MA\VISION\D12_Sony_XperiaZ1Compact\videos\indoor\D12_V_indoor_panrot_0001.mp4;VISION;D12;Sony;XperiaZ1Compact;DIGITAL_CAMERA;INDOOR;MP4;ORIGINAL;NONE
D:\MA\VISION\D12_Sony_XperiaZ1Compact\videos\indoor\D12_V_indoor_panrot_0002.mp4;VISION;D12;Sony;XperiaZ1Compact;DIGITAL_CAMERA;INDOOR;MP4;ORIGINAL;NONE
D:\MA\VISION\D12_Sony_XperiaZ1Compact\videos\indoor\D12_V_indoor_still_0001.mp4;VISION;D12;Sony;XperiaZ1Compact;DIGITAL_CAMERA;INDOOR;MP4;ORIGINAL;NONE
D:\MA\VISION\D12_Sony_XperiaZ1Compact\videos\indoor\D12_V_indoor_still_0002.mp4;VISION;D12;Sony;XperiaZ1Compact;DIGITAL_CAMERA;INDOOR;MP4;ORIGINAL;NONE
D:\MA\VISION\D12_Sony_XperiaZ1Compact\videos\indoorWA\D12_V_indoorWA_move_0001.mp4;VISION;D12;Sony;XperiaZ1Compact;DIGITAL_CAMERA;INDOOR;MP4;WHATSAPP;NONE
D:\MA\VISION\D12_Sony_XperiaZ1Compact\videos\indoorWA\D12_V_indoorWA_move_0002.mp4;VISION;D12;Sony;XperiaZ1Compact;DIGITAL_CAMERA;INDOOR;MP4;WHATSAPP;NONE
D:\MA\VISION\D12_Sony_XperiaZ1Compact\videos\indoorWA\D12_V_indoorWA_panrot_0001.mp4;VISION;D12;Sony;XperiaZ1Compact;DIGITAL_CAMERA;INDOOR;MP4;WHATSAPP;NONE
D:\MA\VISION\D12_Sony_XperiaZ1Compact\videos\indoorWA\D12_V_indoorWA_panrot_0002.mp4;VISION;D12;Sony;XperiaZ1Compact;DIGITAL_CAMERA;INDOOR;MP4;WHATSAPP;NONE
D:\MA\VISION\D12_Sony_XperiaZ1Compact\videos\indoorWA\D12_V_indoorWA_still_0001.mp4;VISION;D12;Sony;XperiaZ1Compact;DIGITAL_CAMERA;INDOOR;MP4;WHATSAPP;NONE
D:\MA\VISION\D12_Sony_XperiaZ1Compact\videos\indoorWA\D12_V_indoorWA_still_0002.mp4;VISION;D12;Sony;XperiaZ1Compact;DIGITAL_CAMERA;INDOOR;MP4;WHATSAPP;NONE
D:\MA\VISION\D12_Sony_XperiaZ1Compact\videos\indoorYT\D12_V_indoorYT_move_0001.mp4;VISION;D12;Sony;XperiaZ1Compact;DIGITAL_CAMERA;INDOOR;MP4;YOUTUBE;NONE
D:\MA\VISION\D12_Sony_XperiaZ1Compact\videos\indoorYT\D12_V_indoorYT_move_0002.mp4;VISION;D12;Sony;XperiaZ1Compact;DIGITAL_CAMERA;INDOOR;MP4;YOUTUBE;NONE
D:\MA\VISION\D12_Sony_XperiaZ1Compact\videos\indoorYT\D12_V_indoorYT_panrot_0001.mp4;VISION;D12;Sony;XperiaZ1Compact;DIGITAL_CAMERA;INDOOR;MP4;YOUTUBE;NONE
D:\MA\VISION\D12_Sony_XperiaZ1Compact\videos\indoorYT\D12_V_indoorYT_panrot_0002.mp4;VISION;D12;Sony;XperiaZ1Compact;DIGITAL_CAMERA;INDOOR;MP4;YOUTUBE;NONE
D:\MA\VISION\D12_Sony_XperiaZ1Compact\videos\indoorYT\D12_V_indoorYT_still_0001.mp4;VISION;D12;Sony;XperiaZ1Compact;DIGITAL_CAMERA;INDOOR;MP4;YOUTUBE;NONE
D:\MA\VISION\D12_Sony_XperiaZ1Compact\videos\indoorYT\D12_V_indoorYT_still_0002.mp4;VISION;D12;Sony;XperiaZ1Compact;DIGITAL_CAMERA;INDOOR;MP4;YOUTUBE;NONE
D:\MA\VISION\D12_Sony_XperiaZ1Compact\videos\outdoor\D12_V_outdoor_move_0001.mp4;VISION;D12;Sony;XperiaZ1Compact;DIGITAL_CAMERA;OUTDOOR;MP4;ORIGINAL;NONE
D:\MA\VISION\D12_Sony_XperiaZ1Compact\videos\outdoor\D12_V_outdoor_move_0002.mp4;VISION;D12;Sony;XperiaZ1Compact;DIGITAL_CAMERA;OUTDOOR;MP4;ORIGINAL;NONE
D:\MA\VISION\D12_Sony_XperiaZ1Compact\videos\outdoor\D12_V_outdoor_panrot_0001.mp4;VISION;D12;Sony;XperiaZ1Compact;DIGITAL_CAMERA;OUTDOOR;MP4;ORIGINAL;NONE
D:\MA\VISION\D12_Sony_XperiaZ1Compact\videos\outdoor\D12_V_outdoor_panrot_0002.mp4;VISION;D12;Sony;XperiaZ1Compact;DIGITAL_CAMERA;OUTDOOR;MP4;ORIGINAL;NONE
D:\MA\VISION\D12_Sony_XperiaZ1Compact\videos\outdoor\D12_V_outdoor_still_0001.mp4;VISION;D12;Sony;XperiaZ1Compact;DIGITAL_CAMERA;OUTDOOR;MP4;ORIGINAL;NONE
D:\MA\VISION\D12_Sony_XperiaZ1Compact\videos\outdoor\D12_V_outdoor_still_0002.mp4;VISION;D12;Sony;XperiaZ1Compact;DIGITAL_CAMERA;OUTDOOR;MP4;ORIGINAL;NONE
D:\MA\VISION\D12_Sony_XperiaZ1Compact\videos\outdoorWA\D12_V_outdoorWA_move_0001.mp4;VISION;D12;Sony;XperiaZ1Compact;DIGITAL_CAMERA;OUTDOOR;MP4;WHATSAPP;NONE
D:\MA\VISION\D12_Sony_XperiaZ1Compact\videos\outdoorWA\D12_V_outdoorWA_move_0002.mp4;VISION;D12;Sony;XperiaZ1Compact;DIGITAL_CAMERA;OUTDOOR;MP4;WHATSAPP;NONE
D:\MA\VISION\D12_Sony_XperiaZ1Compact\videos\outdoorWA\D12_V_outdoorWA_panrot_0001.mp4;VISION;D12;Sony;XperiaZ1Compact;DIGITAL_CAMERA;OUTDOOR;MP4;WHATSAPP;NONE
D:\MA\VISION\D12_Sony_XperiaZ1Compact\videos\outdoorWA\D12_V_outdoorWA_panrot_0002.mp4;VISION;D12;Sony;XperiaZ1Compact;DIGITAL_CAMERA;OUTDOOR;MP4;WHATSAPP;NONE
D:\MA\VISION\D12_Sony_XperiaZ1Compact\videos\outdoorWA\D12_V_outdoorWA_still_0001.mp4;VISION;D12;Sony;XperiaZ1Compact;DIGITAL_CAMERA;OUTDOOR;MP4;WHATSAPP;NONE
D:\MA\VISION\D12_Sony_XperiaZ1Compact\videos\outdoorWA\D12_V_outdoorWA_still_0002.mp4;VISION;D12;Sony;XperiaZ1Compact;DIGITAL_CAMERA;OUTDOOR;MP4;WHATSAPP;NONE
D:\MA\VISION\D12_Sony_XperiaZ1Compact\videos\outdoorYT\D12_V_outdoorYT_move_0001.mp4;VISION;D12;Sony;XperiaZ1Compact;DIGITAL_CAMERA;OUTDOOR;MP4;YOUTUBE;NONE
D:\MA\VISION\D12_Sony_XperiaZ1Compact\videos\outdoorYT\D12_V_outdoorYT_move_0002.mp4;VISION;D12;Sony;XperiaZ1Compact;DIGITAL_CAMERA;OUTDOOR;MP4;YOUTUBE;NONE
D:\MA\VISION\D12_Sony_XperiaZ1Compact\videos\outdoorYT\D12_V_outdoorYT_panrot_0001.mp4;VISION;D12;Sony;XperiaZ1Compact;DIGITAL_CAMERA;OUTDOOR;MP4;YOUTUBE;NONE
D:\MA\VISION\D12_Sony_XperiaZ1Compact\videos\outdoorYT\D12_V_outdoorYT_panrot_0002.mp4;VISION;D12;Sony;XperiaZ1Compact;DIGITAL_CAMERA;OUTDOOR;MP4;YOUTUBE;NONE
D:\MA\VISION\D12_Sony_XperiaZ1Compact\videos\outdoorYT\D12_V_outdoorYT_still_0001.mp4;VISION;D12;Sony;XperiaZ1Compact;DIGITAL_CAMERA;OUTDOOR;MP4;YOUTUBE;NONE
D:\MA\VISION\D12_Sony_XperiaZ1Compact\videos\outdoorYT\D12_V_outdoorYT_still_0002.mp4;VISION;D12;Sony;XperiaZ1Compact;DIGITAL_CAMERA;OUTDOOR;MP4;YOUTUBE;NONE
D:\MA\VISION\D11_Samsung_GalaxyS3\videos\flat\D11_V_flat_move_0001.mp4;VISION;D11;Samsung;GalaxyS3;DIGITAL_CAMERA;FLAT;MP4;ORIGINAL;NONE
D:\MA\VISION\D11_Samsung_GalaxyS3\videos\flat\D11_V_flat_move_0002.mp4;VISION;D11;Samsung;GalaxyS3;DIGITAL_CAMERA;FLAT;MP4;ORIGINAL;NONE
D:\MA\VISION\D11_Samsung_GalaxyS3\videos\flat\D11_V_flat_move_0003.mp4;VISION;D11;Samsung;GalaxyS3;DIGITAL_CAMERA;FLAT;MP4;ORIGINAL;NONE
D:\MA\VISION\D11_Samsung_GalaxyS3\videos\flat\D11_V_flat_panrot_0001.mp4;VISION;D11;Samsung;GalaxyS3;DIGITAL_CAMERA;FLAT;MP4;ORIGINAL;NONE
D:\MA\VISION\D11_Samsung_GalaxyS3\videos\flat\D11_V_flat_panrot_0002.mp4;VISION;D11;Samsung;GalaxyS3;DIGITAL_CAMERA;FLAT;MP4;ORIGINAL;NONE
D:\MA\VISION\D11_Samsung_GalaxyS3\videos\flat\D11_V_flat_still_0001.mp4;VISION;D11;Samsung;GalaxyS3;DIGITAL_CAMERA;FLAT;MP4;ORIGINAL;NONE
D:\MA\VISION\D11_Samsung_GalaxyS3\videos\flat\D11_V_flat_still_0002.mp4;VISION;D11;Samsung;GalaxyS3;DIGITAL_CAMERA;FLAT;MP4;ORIGINAL;NONE
D:\MA\VISION\D11_Samsung_GalaxyS3\videos\flatWA\D11_V_flatWA_move_0001.mp4;VISION;D11;Samsung;GalaxyS3;DIGITAL_CAMERA;FLAT;MP4;WHATSAPP;NONE
D:\MA\VISION\D11_Samsung_GalaxyS3\videos\flatWA\D11_V_flatWA_move_0002.mp4;VISION;D11;Samsung;GalaxyS3;DIGITAL_CAMERA;FLAT;MP4;WHATSAPP;NONE
D:\MA\VISION\D11_Samsung_GalaxyS3\videos\flatWA\D11_V_flatWA_move_0003.mp4;VISION;D11;Samsung;GalaxyS3;DIGITAL_CAMERA;FLAT;MP4;WHATSAPP;NONE
D:\MA\VISION\D11_Samsung_GalaxyS3\videos\flatWA\D11_V_flatWA_panrot_0001.mp4;VISION;D11;Samsung;GalaxyS3;DIGITAL_CAMERA;FLAT;MP4;WHATSAPP;NONE
D:\MA\VISION\D11_Samsung_GalaxyS3\videos\flatWA\D11_V_flatWA_panrot_0002.mp4;VISION;D11;Samsung;GalaxyS3;DIGITAL_CAMERA;FLAT;MP4;WHATSAPP;NONE
D:\MA\VISION\D11_Samsung_GalaxyS3\videos\flatWA\D11_V_flatWA_still_0001.mp4;VISION;D11;Samsung;GalaxyS3;DIGITAL_CAMERA;FLAT;MP4;WHATSAPP;NONE
D:\MA\VISION\D11_Samsung_GalaxyS3\videos\flatWA\D11_V_flatWA_still_0002.mp4;VISION;D11;Samsung;GalaxyS3;DIGITAL_CAMERA;FLAT;MP4;WHATSAPP;NONE
D:\MA\VISION\D11_Samsung_GalaxyS3\videos\flatYT\D11_V_flatYT_move_0001.mp4;VISION;D11;Samsung;GalaxyS3;DIGITAL_CAMERA;FLAT;MP4;YOUTUBE;NONE
D:\MA\VISION\D11_Samsung_GalaxyS3\videos\flatYT\D11_V_flatYT_move_0002.mp4;VISION;D11;Samsung;GalaxyS3;DIGITAL_CAMERA;FLAT;MP4;YOUTUBE;NONE
D:\MA\VISION\D11_Samsung_GalaxyS3\videos\flatYT\D11_V_flatYT_move_0003.mp4;VISION;D11;Samsung;GalaxyS3;DIGITAL_CAMERA;FLAT;MP4;YOUTUBE;NONE
D:\MA\VISION\D11_Samsung_GalaxyS3\videos\flatYT\D11_V_flatYT_panrot_0001.mp4;VISION;D11;Samsung;GalaxyS3;DIGITAL_CAMERA;FLAT;MP4;YOUTUBE;NONE
D:\MA\VISION\D11_Samsung_GalaxyS3\videos\flatYT\D11_V_flatYT_panrot_0002.mp4;VISION;D11;Samsung;GalaxyS3;DIGITAL_CAMERA;FLAT;MP4;YOUTUBE;NONE
D:\MA\VISION\D11_Samsung_GalaxyS3\videos\flatYT\D11_V_flatYT_still_0001.mp4;VISION;D11;Samsung;GalaxyS3;DIGITAL_CAMERA;FLAT;MP4;YOUTUBE;NONE
D:\MA\VISION\D11_Samsung_GalaxyS3\videos\flatYT\D11_V_flatYT_still_0002.mp4;VISION;D11;Samsung;GalaxyS3;DIGITAL_CAMERA;FLAT;MP4;YOUTUBE;NONE
D:\MA\VISION\D11_Samsung_GalaxyS3\videos\indoor\D11_V_indoor_move_0001.mp4;VISION;D11;Samsung;GalaxyS3;DIGITAL_CAMERA;INDOOR;MP4;ORIGINAL;NONE
D:\MA\VISION\D11_Samsung_GalaxyS3\videos\indoor\D11_V_indoor_move_0002.mp4;VISION;D11;Samsung;GalaxyS3;DIGITAL_CAMERA;INDOOR;MP4;ORIGINAL;NONE
D:\MA\VISION\D11_Samsung_GalaxyS3\videos\indoor\D11_V_indoor_panrot_0001.mp4;VISION;D11;Samsung;GalaxyS3;DIGITAL_CAMERA;INDOOR;MP4;ORIGINAL;NONE
D:\MA\VISION\D11_Samsung_GalaxyS3\videos\indoor\D11_V_indoor_panrot_0002.mp4;VISION;D11;Samsung;GalaxyS3;DIGITAL_CAMERA;INDOOR;MP4;ORIGINAL;NONE
D:\MA\VISION\D11_Samsung_GalaxyS3\videos\indoor\D11_V_indoor_still_0001.mp4;VISION;D11;Samsung;GalaxyS3;DIGITAL_CAMERA;INDOOR;MP4;ORIGINAL;NONE
D:\MA\VISION\D11_Samsung_GalaxyS3\videos\indoor\D11_V_indoor_still_0002.mp4;VISION;D11;Samsung;GalaxyS3;DIGITAL_CAMERA;INDOOR;MP4;ORIGINAL;NONE
D:\MA\VISION\D11_Samsung_GalaxyS3\videos\indoorWA\D11_V_indoorWA_move_0001.mp4;VISION;D11;Samsung;GalaxyS3;DIGITAL_CAMERA;INDOOR;MP4;WHATSAPP;NONE
D:\MA\VISION\D11_Samsung_GalaxyS3\videos\indoorWA\D11_V_indoorWA_move_0002.mp4;VISION;D11;Samsung;GalaxyS3;DIGITAL_CAMERA;INDOOR;MP4;WHATSAPP;NONE
D:\MA\VISION\D11_Samsung_GalaxyS3\videos\indoorWA\D11_V_indoorWA_panrot_0001.mp4;VISION;D11;Samsung;GalaxyS3;DIGITAL_CAMERA;INDOOR;MP4;WHATSAPP;NONE
D:\MA\VISION\D11_Samsung_GalaxyS3\videos\indoorWA\D11_V_indoorWA_panrot_0002.mp4;VISION;D11;Samsung;GalaxyS3;DIGITAL_CAMERA;INDOOR;MP4;WHATSAPP;NONE
D:\MA\VISION\D11_Samsung_GalaxyS3\videos\indoorWA\D11_V_indoorWA_still_0001.mp4;VISION;D11;Samsung;GalaxyS3;DIGITAL_CAMERA;INDOOR;MP4;WHATSAPP;NONE
D:\MA\VISION\D11_Samsung_GalaxyS3\videos\indoorWA\D11_V_indoorWA_still_0002.mp4;VISION;D11;Samsung;GalaxyS3;DIGITAL_CAMERA;INDOOR;MP4;WHATSAPP;NONE
D:\MA\VISION\D11_Samsung_GalaxyS3\videos\indoorYT\D11_V_indoorYT_move_0001.mp4;VISION;D11;Samsung;GalaxyS3;DIGITAL_CAMERA;INDOOR;MP4;YOUTUBE;NONE
D:\MA\VISION\D11_Samsung_GalaxyS3\videos\indoorYT\D11_V_indoorYT_move_0002.mp4;VISION;D11;Samsung;GalaxyS3;DIGITAL_CAMERA;INDOOR;MP4;YOUTUBE;NONE
D:\MA\VISION\D11_Samsung_GalaxyS3\videos\indoorYT\D11_V_indoorYT_panrot_0001.mp4;VISION;D11;Samsung;GalaxyS3;DIGITAL_CAMERA;INDOOR;MP4;YOUTUBE;NONE
D:\MA\VISION\D11_Samsung_GalaxyS3\videos\indoorYT\D11_V_indoorYT_panrot_0002.mp4;VISION;D11;Samsung;GalaxyS3;DIGITAL_CAMERA;INDOOR;MP4;YOUTUBE;NONE
D:\MA\VISION\D11_Samsung_GalaxyS3\videos\indoorYT\D11_V_indoorYT_still_0001.mp4;VISION;D11;Samsung;GalaxyS3;DIGITAL_CAMERA;INDOOR;MP4;YOUTUBE;NONE
D:\MA\VISION\D11_Samsung_GalaxyS3\videos\indoorYT\D11_V_indoorYT_still_0002.mp4;VISION;D11;Samsung;GalaxyS3;DIGITAL_CAMERA;INDOOR;MP4;YOUTUBE;NONE
D:\MA\VISION\D11_Samsung_GalaxyS3\videos\outdoor\D11_V_outdoor_move_0001.mp4;VISION;D11;Samsung;GalaxyS3;DIGITAL_CAMERA;OUTDOOR;MP4;ORIGINAL;NONE
D:\MA\VISION\D11_Samsung_GalaxyS3\videos\outdoor\D11_V_outdoor_move_0002.mp4;VISION;D11;Samsung;GalaxyS3;DIGITAL_CAMERA;OUTDOOR;MP4;ORIGINAL;NONE
D:\MA\VISION\D11_Samsung_GalaxyS3\videos\outdoor\D11_V_outdoor_panrot_0001.mp4;VISION;D11;Samsung;GalaxyS3;DIGITAL_CAMERA;OUTDOOR;MP4;ORIGINAL;NONE
D:\MA\VISION\D11_Samsung_GalaxyS3\videos\outdoor\D11_V_outdoor_panrot_0002.mp4;VISION;D11;Samsung;GalaxyS3;DIGITAL_CAMERA;OUTDOOR;MP4;ORIGINAL;NONE
D:\MA\VISION\D11_Samsung_GalaxyS3\videos\outdoor\D11_V_outdoor_still_0001.mp4;VISION;D11;Samsung;GalaxyS3;DIGITAL_CAMERA;OUTDOOR;MP4;ORIGINAL;NONE
D:\MA\VISION\D11_Samsung_GalaxyS3\videos\outdoor\D11_V_outdoor_still_0002.mp4;VISION;D11;Samsung;GalaxyS3;DIGITAL_CAMERA;OUTDOOR;MP4;ORIGINAL;NONE
D:\MA\VISION\D11_Samsung_GalaxyS3\videos\outdoorWA\D11_V_outdoorWA_move_0001.mp4;VISION;D11;Samsung;GalaxyS3;DIGITAL_CAMERA;OUTDOOR;MP4;WHATSAPP;NONE
D:\MA\VISION\D11_Samsung_GalaxyS3\videos\outdoorWA\D11_V_outdoorWA_move_0002.mp4;VISION;D11;Samsung;GalaxyS3;DIGITAL_CAMERA;OUTDOOR;MP4;WHATSAPP;NONE
D:\MA\VISION\D11_Samsung_GalaxyS3\videos\outdoorWA\D11_V_outdoorWA_panrot_0001.mp4;VISION;D11;Samsung;GalaxyS3;DIGITAL_CAMERA;OUTDOOR;MP4;WHATSAPP;NONE
D:\MA\VISION\D11_Samsung_GalaxyS3\videos\outdoorWA\D11_V_outdoorWA_panrot_0002.mp4;VISION;D11;Samsung;GalaxyS3;DIGITAL_CAMERA;OUTDOOR;MP4;WHATSAPP;NONE
D:\MA\VISION\D11_Samsung_GalaxyS3\videos\outdoorWA\D11_V_outdoorWA_still_0001.mp4;VISION;D11;Samsung;GalaxyS3;DIGITAL_CAMERA;OUTDOOR;MP4;WHATSAPP;NONE
D:\MA\VISION\D11_Samsung_GalaxyS3\videos\outdoorWA\D11_V_outdoorWA_still_0002.mp4;VISION;D11;Samsung;GalaxyS3;DIGITAL_CAMERA;OUTDOOR;MP4;WHATSAPP;NONE
D:\MA\VISION\D11_Samsung_GalaxyS3\videos\outdoorYT\D11_V_outdoorYT_move_0001.mp4;VISION;D11;Samsung;GalaxyS3;DIGITAL_CAMERA;OUTDOOR;MP4;YOUTUBE;NONE
D:\MA\VISION\D11_Samsung_GalaxyS3\videos\outdoorYT\D11_V_outdoorYT_move_0002.mp4;VISION;D11;Samsung;GalaxyS3;DIGITAL_CAMERA;OUTDOOR;MP4;YOUTUBE;NONE
D:\MA\VISION\D11_Samsung_GalaxyS3\videos\outdoorYT\D11_V_outdoorYT_panrot_0001.mp4;VISION;D11;Samsung;GalaxyS3;DIGITAL_CAMERA;OUTDOOR;MP4;YOUTUBE;NONE
D:\MA\VISION\D11_Samsung_GalaxyS3\videos\outdoorYT\D11_V_outdoorYT_panrot_0002.mp4;VISION;D11;Samsung;GalaxyS3;DIGITAL_CAMERA;OUTDOOR;MP4;YOUTUBE;NONE
D:\MA\VISION\D11_Samsung_GalaxyS3\videos\outdoorYT\D11_V_outdoorYT_still_0001.mp4;VISION;D11;Samsung;GalaxyS3;DIGITAL_CAMERA;OUTDOOR;MP4;YOUTUBE;NONE
D:\MA\VISION\D11_Samsung_GalaxyS3\videos\outdoorYT\D11_V_outdoorYT_still_0002.mp4;VISION;D11;Samsung;GalaxyS3;DIGITAL_CAMERA;OUTDOOR;MP4;YOUTUBE;NONE
D:\MA\VISION\D10_Apple_iPhone4s\videos\flat\D10_V_flat_move_0001.mov;VISION;D10;Apple;iPhone4s;DIGITAL_CAMERA;FLAT;MOV;ORIGINAL;NONE
D:\MA\VISION\D10_Apple_iPhone4s\videos\flat\D10_V_flat_move_0002.mov;VISION;D10;Apple;iPhone4s;DIGITAL_CAMERA;FLAT;MOV;ORIGINAL;NONE
D:\MA\VISION\D10_Apple_iPhone4s\videos\flat\D10_V_flat_panrot_0001.mov;VISION;D10;Apple;iPhone4s;DIGITAL_CAMERA;FLAT;MOV;ORIGINAL;NONE
D:\MA\VISION\D10_Apple_iPhone4s\videos\flat\D10_V_flat_still_0001.mov;VISION;D10;Apple;iPhone4s;DIGITAL_CAMERA;FLAT;MOV;ORIGINAL;NONE
D:\MA\VISION\D10_Apple_iPhone4s\videos\flatWA\D10_V_flatWA_move_0001.mp4;VISION;D10;Apple;iPhone4s;DIGITAL_CAMERA;FLAT;MP4;WHATSAPP;NONE
D:\MA\VISION\D10_Apple_iPhone4s\videos\flatWA\D10_V_flatWA_move_0002.mp4;VISION;D10;Apple;iPhone4s;DIGITAL_CAMERA;FLAT;MP4;WHATSAPP;NONE
D:\MA\VISION\D10_Apple_iPhone4s\videos\flatWA\D10_V_flatWA_panrot_0001.mp4;VISION;D10;Apple;iPhone4s;DIGITAL_CAMERA;FLAT;MP4;WHATSAPP;NONE
D:\MA\VISION\D10_Apple_iPhone4s\videos\flatWA\D10_V_flatWA_still_0001.mp4;VISION;D10;Apple;iPhone4s;DIGITAL_CAMERA;FLAT;MP4;WHATSAPP;NONE
D:\MA\VISION\D10_Apple_iPhone4s\videos\flatYT\D10_V_flatYT_move_0001.mp4;VISION;D10;Apple;iPhone4s;DIGITAL_CAMERA;FLAT;MP4;YOUTUBE;NONE
D:\MA\VISION\D10_Apple_iPhone4s\videos\flatYT\D10_V_flatYT_move_0002.mp4;VISION;D10;Apple;iPhone4s;DIGITAL_CAMERA;FLAT;MP4;YOUTUBE;NONE
D:\MA\VISION\D10_Apple_iPhone4s\videos\flatYT\D10_V_flatYT_panrot_0001.mp4;VISION;D10;Apple;iPhone4s;DIGITAL_CAMERA;FLAT;MP4;YOUTUBE;NONE
D:\MA\VISION\D10_Apple_iPhone4s\videos\flatYT\D10_V_flatYT_still_0001.mp4;VISION;D10;Apple;iPhone4s;DIGITAL_CAMERA;FLAT;MP4;YOUTUBE;NONE
D:\MA\VISION\D10_Apple_iPhone4s\videos\indoor\D10_V_indoor_move_0001.mov;VISION;D10;Apple;iPhone4s;DIGITAL_CAMERA;INDOOR;MOV;ORIGINAL;NONE
D:\MA\VISION\D10_Apple_iPhone4s\videos\indoor\D10_V_indoor_move_0002.mov;VISION;D10;Apple;iPhone4s;DIGITAL_CAMERA;INDOOR;MOV;ORIGINAL;NONE
D:\MA\VISION\D10_Apple_iPhone4s\videos\indoor\D10_V_indoor_panrot_0001.mov;VISION;D10;Apple;iPhone4s;DIGITAL_CAMERA;INDOOR;MOV;ORIGINAL;NONE
D:\MA\VISION\D10_Apple_iPhone4s\videos\indoor\D10_V_indoor_panrot_0002.mov;VISION;D10;Apple;iPhone4s;DIGITAL_CAMERA;INDOOR;MOV;ORIGINAL;NONE
D:\MA\VISION\D10_Apple_iPhone4s\videos\indoor\D10_V_indoor_still_0001.mov;VISION;D10;Apple;iPhone4s;DIGITAL_CAMERA;INDOOR;MOV;ORIGINAL;NONE
D:\MA\VISION\D10_Apple_iPhone4s\videos\indoor\D10_V_indoor_still_0002.mov;VISION;D10;Apple;iPhone4s;DIGITAL_CAMERA;INDOOR;MOV;ORIGINAL;NONE
D:\MA\VISION\D10_Apple_iPhone4s\videos\indoorWA\D10_V_indoorWA_move_0001.mp4;VISION;D10;Apple;iPhone4s;DIGITAL_CAMERA;INDOOR;MP4;WHATSAPP;NONE
D:\MA\VISION\D10_Apple_iPhone4s\videos\indoorWA\D10_V_indoorWA_move_0002.mp4;VISION;D10;Apple;iPhone4s;DIGITAL_CAMERA;INDOOR;MP4;WHATSAPP;NONE
D:\MA\VISION\D10_Apple_iPhone4s\videos\indoorWA\D10_V_indoorWA_panrot_0001.mp4;VISION;D10;Apple;iPhone4s;DIGITAL_CAMERA;INDOOR;MP4;WHATSAPP;NONE
D:\MA\VISION\D10_Apple_iPhone4s\videos\indoorWA\D10_V_indoorWA_panrot_0002.mp4;VISION;D10;Apple;iPhone4s;DIGITAL_CAMERA;INDOOR;MP4;WHATSAPP;NONE
D:\MA\VISION\D10_Apple_iPhone4s\videos\indoorWA\D10_V_indoorWA_still_0001.mp4;VISION;D10;Apple;iPhone4s;DIGITAL_CAMERA;INDOOR;MP4;WHATSAPP;NONE
D:\MA\VISION\D10_Apple_iPhone4s\videos\indoorWA\D10_V_indoorWA_still_0002.mp4;VISION;D10;Apple;iPhone4s;DIGITAL_CAMERA;INDOOR;MP4;WHATSAPP;NONE
D:\MA\VISION\D10_Apple_iPhone4s\videos\indoorYT\D10_V_indoorYT_move_0001.mp4;VISION;D10;Apple;iPhone4s;DIGITAL_CAMERA;INDOOR;MP4;YOUTUBE;NONE
D:\MA\VISION\D10_Apple_iPhone4s\videos\indoorYT\D10_V_indoorYT_move_0002.mp4;VISION;D10;Apple;iPhone4s;DIGITAL_CAMERA;INDOOR;MP4;YOUTUBE;NONE
D:\MA\VISION\D10_Apple_iPhone4s\videos\indoorYT\D10_V_indoorYT_panrot_0001.mp4;VISION;D10;Apple;iPhone4s;DIGITAL_CAMERA;INDOOR;MP4;YOUTUBE;NONE
D:\MA\VISION\D10_Apple_iPhone4s\videos\indoorYT\D10_V_indoorYT_panrot_0002.mp4;VISION;D10;Apple;iPhone4s;DIGITAL_CAMERA;INDOOR;MP4;YOUTUBE;NONE
D:\MA\VISION\D10_Apple_iPhone4s\videos\indoorYT\D10_V_indoorYT_still_0001.mp4;VISION;D10;Apple;iPhone4s;DIGITAL_CAMERA;INDOOR;MP4;YOUTUBE;NONE
D:\MA\VISION\D10_Apple_iPhone4s\videos\indoorYT\D10_V_indoorYT_still_0002.mp4;VISION;D10;Apple;iPhone4s;DIGITAL_CAMERA;INDOOR;MP4;YOUTUBE;NONE
D:\MA\VISION\D10_Apple_iPhone4s\videos\outdoor\D10_V_outdoor_move_0001.mov;VISION;D10;Apple;iPhone4s;DIGITAL_CAMERA;OUTDOOR;MOV;ORIGINAL;NONE
D:\MA\VISION\D10_Apple_iPhone4s\videos\outdoor\D10_V_outdoor_panrot_0001.mov;VISION;D10;Apple;iPhone4s;DIGITAL_CAMERA;OUTDOOR;MOV;ORIGINAL;NONE
D:\MA\VISION\D10_Apple_iPhone4s\videos\outdoor\D10_V_outdoor_panrot_0002.mov;VISION;D10;Apple;iPhone4s;DIGITAL_CAMERA;OUTDOOR;MOV;ORIGINAL;NONE
D:\MA\VISION\D10_Apple_iPhone4s\videos\outdoor\D10_V_outdoor_still_0001.mov;VISION;D10;Apple;iPhone4s;DIGITAL_CAMERA;OUTDOOR;MOV;ORIGINAL;NONE
D:\MA\VISION\D10_Apple_iPhone4s\videos\outdoor\D10_V_outdoor_still_0002.mov;VISION;D10;Apple;iPhone4s;DIGITAL_CAMERA;OUTDOOR;MOV;ORIGINAL;NONE
D:\MA\VISION\D10_Apple_iPhone4s\videos\outdoorWA\D10_V_outdoorWA_move_0001.mp4;VISION;D10;Apple;iPhone4s;DIGITAL_CAMERA;OUTDOOR;MP4;WHATSAPP;NONE
D:\MA\VISION\D10_Apple_iPhone4s\videos\outdoorWA\D10_V_outdoorWA_panrot_0001.mp4;VISION;D10;Apple;iPhone4s;DIGITAL_CAMERA;OUTDOOR;MP4;WHATSAPP;NONE
D:\MA\VISION\D10_Apple_iPhone4s\videos\outdoorWA\D10_V_outdoorWA_panrot_0002.mp4;VISION;D10;Apple;iPhone4s;DIGITAL_CAMERA;OUTDOOR;MP4;WHATSAPP;NONE
D:\MA\VISION\D10_Apple_iPhone4s\videos\outdoorWA\D10_V_outdoorWA_still_0001.mp4;VISION;D10;Apple;iPhone4s;DIGITAL_CAMERA;OUTDOOR;MP4;WHATSAPP;NONE
D:\MA\VISION\D10_Apple_iPhone4s\videos\outdoorWA\D10_V_outdoorWA_still_0002.mp4;VISION;D10;Apple;iPhone4s;DIGITAL_CAMERA;OUTDOOR;MP4;WHATSAPP;NONE
D:\MA\VISION\D10_Apple_iPhone4s\videos\outdoorYT\D10_V_outdoorYT_move_0001.mp4;VISION;D10;Apple;iPhone4s;DIGITAL_CAMERA;OUTDOOR;MP4;YOUTUBE;NONE
D:\MA\VISION\D10_Apple_iPhone4s\videos\outdoorYT\D10_V_outdoorYT_panrot_0001.mp4;VISION;D10;Apple;iPhone4s;DIGITAL_CAMERA;OUTDOOR;MP4;YOUTUBE;NONE
D:\MA\VISION\D10_Apple_iPhone4s\videos\outdoorYT\D10_V_outdoorYT_panrot_0002.mp4;VISION;D10;Apple;iPhone4s;DIGITAL_CAMERA;OUTDOOR;MP4;YOUTUBE;NONE
D:\MA\VISION\D10_Apple_iPhone4s\videos\outdoorYT\D10_V_outdoorYT_still_0001.mp4;VISION;D10;Apple;iPhone4s;DIGITAL_CAMERA;OUTDOOR;MP4;YOUTUBE;NONE
D:\MA\VISION\D10_Apple_iPhone4s\videos\outdoorYT\D10_V_outdoorYT_still_0002.mp4;VISION;D10;Apple;iPhone4s;DIGITAL_CAMERA;OUTDOOR;MP4;YOUTUBE;NONE
D:\MA\VISION\D34_Apple_iPhone5\videos\flat\D34_V_flat_move_0001.mov;VISION;D34;Apple;iPhone5;DIGITAL_CAMERA;FLAT;MOV;ORIGINAL;NONE
D:\MA\VISION\D34_Apple_iPhone5\videos\flat\D34_V_flat_move_0002.mov;VISION;D34;Apple;iPhone5;DIGITAL_CAMERA;FLAT;MOV;ORIGINAL;NONE
D:\MA\VISION\D34_Apple_iPhone5\videos\flat\D34_V_flat_move_0003.mov;VISION;D34;Apple;iPhone5;DIGITAL_CAMERA;FLAT;MOV;ORIGINAL;NONE
D:\MA\VISION\D34_Apple_iPhone5\videos\flat\D34_V_flat_move_0004.mov;VISION;D34;Apple;iPhone5;DIGITAL_CAMERA;FLAT;MOV;ORIGINAL;NONE
D:\MA\VISION\D34_Apple_iPhone5\videos\flat\D34_V_flat_move_0005.mov;VISION;D34;Apple;iPhone5;DIGITAL_CAMERA;FLAT;MOV;ORIGINAL;NONE
D:\MA\VISION\D34_Apple_iPhone5\videos\flat\D34_V_flat_panrot_0001.mov;VISION;D34;Apple;iPhone5;DIGITAL_CAMERA;FLAT;MOV;ORIGINAL;NONE
D:\MA\VISION\D34_Apple_iPhone5\videos\flat\D34_V_flat_panrot_0002.mov;VISION;D34;Apple;iPhone5;DIGITAL_CAMERA;FLAT;MOV;ORIGINAL;NONE
D:\MA\VISION\D34_Apple_iPhone5\videos\flat\D34_V_flat_panrot_0003.mov;VISION;D34;Apple;iPhone5;DIGITAL_CAMERA;FLAT;MOV;ORIGINAL;NONE
D:\MA\VISION\D34_Apple_iPhone5\videos\flat\D34_V_flat_panrot_0004.mov;VISION;D34;Apple;iPhone5;DIGITAL_CAMERA;FLAT;MOV;ORIGINAL;NONE
D:\MA\VISION\D34_Apple_iPhone5\videos\flat\D34_V_flat_still_0001.mov;VISION;D34;Apple;iPhone5;DIGITAL_CAMERA;FLAT;MOV;ORIGINAL;NONE
D:\MA\VISION\D34_Apple_iPhone5\videos\flat\D34_V_flat_still_0002.mov;VISION;D34;Apple;iPhone5;DIGITAL_CAMERA;FLAT;MOV;ORIGINAL;NONE
D:\MA\VISION\D34_Apple_iPhone5\videos\flat\D34_V_flat_still_0003.mov;VISION;D34;Apple;iPhone5;DIGITAL_CAMERA;FLAT;MOV;ORIGINAL;NONE
D:\MA\VISION\D34_Apple_iPhone5\videos\flat\D34_V_flat_still_0004.mov;VISION;D34;Apple;iPhone5;DIGITAL_CAMERA;FLAT;MOV;ORIGINAL;NONE
D:\MA\VISION\D34_Apple_iPhone5\videos\flatWA\D34_V_flatWA_move_0001.mp4;VISION;D34;Apple;iPhone5;DIGITAL_CAMERA;FLAT;MP4;WHATSAPP;NONE
D:\MA\VISION\D34_Apple_iPhone5\videos\flatWA\D34_V_flatWA_move_0002.mp4;VISION;D34;Apple;iPhone5;DIGITAL_CAMERA;FLAT;MP4;WHATSAPP;NONE
D:\MA\VISION\D34_Apple_iPhone5\videos\flatWA\D34_V_flatWA_move_0003.mp4;VISION;D34;Apple;iPhone5;DIGITAL_CAMERA;FLAT;MP4;WHATSAPP;NONE
D:\MA\VISION\D34_Apple_iPhone5\videos\flatWA\D34_V_flatWA_move_0004.mp4;VISION;D34;Apple;iPhone5;DIGITAL_CAMERA;FLAT;MP4;WHATSAPP;NONE
D:\MA\VISION\D34_Apple_iPhone5\videos\flatWA\D34_V_flatWA_move_0005.mp4;VISION;D34;Apple;iPhone5;DIGITAL_CAMERA;FLAT;MP4;WHATSAPP;NONE
D:\MA\VISION\D34_Apple_iPhone5\videos\flatWA\D34_V_flatWA_panrot_0001.mp4;VISION;D34;Apple;iPhone5;DIGITAL_CAMERA;FLAT;MP4;WHATSAPP;NONE
D:\MA\VISION\D34_Apple_iPhone5\videos\flatWA\D34_V_flatWA_panrot_0002.mp4;VISION;D34;Apple;iPhone5;DIGITAL_CAMERA;FLAT;MP4;WHATSAPP;NONE
D:\MA\VISION\D34_Apple_iPhone5\videos\flatWA\D34_V_flatWA_panrot_0003.mp4;VISION;D34;Apple;iPhone5;DIGITAL_CAMERA;FLAT;MP4;WHATSAPP;NONE
D:\MA\VISION\D34_Apple_iPhone5\videos\flatWA\D34_V_flatWA_panrot_0004.mp4;VISION;D34;Apple;iPhone5;DIGITAL_CAMERA;FLAT;MP4;WHATSAPP;NONE
D:\MA\VISION\D34_Apple_iPhone5\videos\flatWA\D34_V_flatWA_still_0001.mp4;VISION;D34;Apple;iPhone5;DIGITAL_CAMERA;FLAT;MP4;WHATSAPP;NONE
D:\MA\VISION\D34_Apple_iPhone5\videos\flatWA\D34_V_flatWA_still_0002.mp4;VISION;D34;Apple;iPhone5;DIGITAL_CAMERA;FLAT;MP4;WHATSAPP;NONE
D:\MA\VISION\D34_Apple_iPhone5\videos\flatWA\D34_V_flatWA_still_0003.mp4;VISION;D34;Apple;iPhone5;DIGITAL_CAMERA;FLAT;MP4;WHATSAPP;NONE
D:\MA\VISION\D34_Apple_iPhone5\videos\flatWA\D34_V_flatWA_still_0004.mp4;VISION;D34;Apple;iPhone5;DIGITAL_CAMERA;FLAT;MP4;WHATSAPP;NONE
D:\MA\VISION\D34_Apple_iPhone5\videos\flatYT\D34_V_flatYT_move_0005.mp4;VISION;D34;Apple;iPhone5;DIGITAL_CAMERA;FLAT;MP4;YOUTUBE;NONE
D:\MA\VISION\D34_Apple_iPhone5\videos\flatYT\D34_V_flatYT_panrot_0004.mp4;VISION;D34;Apple;iPhone5;DIGITAL_CAMERA;FLAT;MP4;YOUTUBE;NONE
D:\MA\VISION\D34_Apple_iPhone5\videos\indoor\D34_V_indoor_move_0001.mov;VISION;D34;Apple;iPhone5;DIGITAL_CAMERA;INDOOR;MOV;ORIGINAL;NONE
D:\MA\VISION\D34_Apple_iPhone5\videos\indoor\D34_V_indoor_move_0002.mov;VISION;D34;Apple;iPhone5;DIGITAL_CAMERA;INDOOR;MOV;ORIGINAL;NONE
D:\MA\VISION\D34_Apple_iPhone5\videos\indoor\D34_V_indoor_move_0003.mov;VISION;D34;Apple;iPhone5;DIGITAL_CAMERA;INDOOR;MOV;ORIGINAL;NONE
D:\MA\VISION\D34_Apple_iPhone5\videos\indoor\D34_V_indoor_move_0004.mov;VISION;D34;Apple;iPhone5;DIGITAL_CAMERA;INDOOR;MOV;ORIGINAL;NONE
D:\MA\VISION\D34_Apple_iPhone5\videos\indoor\D34_V_indoor_panrot_0001.mov;VISION;D34;Apple;iPhone5;DIGITAL_CAMERA;INDOOR;MOV;ORIGINAL;NONE
D:\MA\VISION\D34_Apple_iPhone5\videos\indoor\D34_V_indoor_panrot_0002.mov;VISION;D34;Apple;iPhone5;DIGITAL_CAMERA;INDOOR;MOV;ORIGINAL;NONE
D:\MA\VISION\D34_Apple_iPhone5\videos\indoor\D34_V_indoor_panrot_0003.mov;VISION;D34;Apple;iPhone5;DIGITAL_CAMERA;INDOOR;MOV;ORIGINAL;NONE
D:\MA\VISION\D34_Apple_iPhone5\videos\indoor\D34_V_indoor_panrot_0004.mov;VISION;D34;Apple;iPhone5;DIGITAL_CAMERA;INDOOR;MOV;ORIGINAL;NONE
D:\MA\VISION\D34_Apple_iPhone5\videos\indoor\D34_V_indoor_still_0001.mov;VISION;D34;Apple;iPhone5;DIGITAL_CAMERA;INDOOR;MOV;ORIGINAL;NONE
D:\MA\VISION\D34_Apple_iPhone5\videos\indoor\D34_V_indoor_still_0002.mov;VISION;D34;Apple;iPhone5;DIGITAL_CAMERA;INDOOR;MOV;ORIGINAL;NONE
D:\MA\VISION\D34_Apple_iPhone5\videos\indoor\D34_V_indoor_still_0003.mov;VISION;D34;Apple;iPhone5;DIGITAL_CAMERA;INDOOR;MOV;ORIGINAL;NONE
D:\MA\VISION\D34_Apple_iPhone5\videos\indoor\D34_V_indoor_still_0004.mov;VISION;D34;Apple;iPhone5;DIGITAL_CAMERA;INDOOR;MOV;ORIGINAL;NONE
D:\MA\VISION\D34_Apple_iPhone5\videos\indoorWA\D34_V_indoorWA_move_0001.mp4;VISION;D34;Apple;iPhone5;DIGITAL_CAMERA;INDOOR;MP4;WHATSAPP;NONE
D:\MA\VISION\D34_Apple_iPhone5\videos\indoorWA\D34_V_indoorWA_move_0002.mp4;VISION;D34;Apple;iPhone5;DIGITAL_CAMERA;INDOOR;MP4;WHATSAPP;NONE
D:\MA\VISION\D34_Apple_iPhone5\videos\indoorWA\D34_V_indoorWA_move_0003.mp4;VISION;D34;Apple;iPhone5;DIGITAL_CAMERA;INDOOR;MP4;WHATSAPP;NONE
D:\MA\VISION\D34_Apple_iPhone5\videos\indoorWA\D34_V_indoorWA_move_0004.mp4;VISION;D34;Apple;iPhone5;DIGITAL_CAMERA;INDOOR;MP4;WHATSAPP;NONE
D:\MA\VISION\D34_Apple_iPhone5\videos\indoorWA\D34_V_indoorWA_panrot_0001.mp4;VISION;D34;Apple;iPhone5;DIGITAL_CAMERA;INDOOR;MP4;WHATSAPP;NONE
D:\MA\VISION\D34_Apple_iPhone5\videos\indoorWA\D34_V_indoorWA_panrot_0002.mp4;VISION;D34;Apple;iPhone5;DIGITAL_CAMERA;INDOOR;MP4;WHATSAPP;NONE
D:\MA\VISION\D34_Apple_iPhone5\videos\indoorWA\D34_V_indoorWA_panrot_0003.mp4;VISION;D34;Apple;iPhone5;DIGITAL_CAMERA;INDOOR;MP4;WHATSAPP;NONE
D:\MA\VISION\D34_Apple_iPhone5\videos\indoorWA\D34_V_indoorWA_panrot_0004.mp4;VISION;D34;Apple;iPhone5;DIGITAL_CAMERA;INDOOR;MP4;WHATSAPP;NONE
D:\MA\VISION\D34_Apple_iPhone5\videos\indoorWA\D34_V_indoorWA_still_0001.mp4;VISION;D34;Apple;iPhone5;DIGITAL_CAMERA;INDOOR;MP4;WHATSAPP;NONE
D:\MA\VISION\D34_Apple_iPhone5\videos\indoorWA\D34_V_indoorWA_still_0002.mp4;VISION;D34;Apple;iPhone5;DIGITAL_CAMERA;INDOOR;MP4;WHATSAPP;NONE
D:\MA\VISION\D34_Apple_iPhone5\videos\indoorWA\D34_V_indoorWA_still_0003.mp4;VISION;D34;Apple;iPhone5;DIGITAL_CAMERA;INDOOR;MP4;WHATSAPP;NONE
D:\MA\VISION\D34_Apple_iPhone5\videos\indoorWA\D34_V_indoorWA_still_0004.mp4;VISION;D34;Apple;iPhone5;DIGITAL_CAMERA;INDOOR;MP4;WHATSAPP;NONE
D:\MA\VISION\D34_Apple_iPhone5\videos\indoorYT\D34_V_indoorYT_move_0001.mp4;VISION;D34;Apple;iPhone5;DIGITAL_CAMERA;INDOOR;MP4;YOUTUBE;NONE
D:\MA\VISION\D34_Apple_iPhone5\videos\indoorYT\D34_V_indoorYT_move_0002.mp4;VISION;D34;Apple;iPhone5;DIGITAL_CAMERA;INDOOR;MP4;YOUTUBE;NONE
D:\MA\VISION\D34_Apple_iPhone5\videos\indoorYT\D34_V_indoorYT_move_0003.mp4;VISION;D34;Apple;iPhone5;DIGITAL_CAMERA;INDOOR;MP4;YOUTUBE;NONE
D:\MA\VISION\D34_Apple_iPhone5\videos\indoorYT\D34_V_indoorYT_move_0004.mp4;VISION;D34;Apple;iPhone5;DIGITAL_CAMERA;INDOOR;MP4;YOUTUBE;NONE
D:\MA\VISION\D34_Apple_iPhone5\videos\indoorYT\D34_V_indoorYT_panrot_0001.mp4;VISION;D34;Apple;iPhone5;DIGITAL_CAMERA;INDOOR;MP4;YOUTUBE;NONE
D:\MA\VISION\D34_Apple_iPhone5\videos\indoorYT\D34_V_indoorYT_panrot_0002.mp4;VISION;D34;Apple;iPhone5;DIGITAL_CAMERA;INDOOR;MP4;YOUTUBE;NONE
D:\MA\VISION\D34_Apple_iPhone5\videos\indoorYT\D34_V_indoorYT_panrot_0003.mp4;VISION;D34;Apple;iPhone5;DIGITAL_CAMERA;INDOOR;MP4;YOUTUBE;NONE
D:\MA\VISION\D34_Apple_iPhone5\videos\indoorYT\D34_V_indoorYT_panrot_0004.mp4;VISION;D34;Apple;iPhone5;DIGITAL_CAMERA;INDOOR;MP4;YOUTUBE;NONE
D:\MA\VISION\D34_Apple_iPhone5\videos\indoorYT\D34_V_indoorYT_still_0001.mp4;VISION;D34;Apple;iPhone5;DIGITAL_CAMERA;INDOOR;MP4;YOUTUBE;NONE
D:\MA\VISION\D34_Apple_iPhone5\videos\indoorYT\D34_V_indoorYT_still_0002.mp4;VISION;D34;Apple;iPhone5;DIGITAL_CAMERA;INDOOR;MP4;YOUTUBE;NONE
D:\MA\VISION\D34_Apple_iPhone5\videos\outdoor\D34_V_outdoor_move_0001.mov;VISION;D34;Apple;iPhone5;DIGITAL_CAMERA;OUTDOOR;MOV;ORIGINAL;NONE
D:\MA\VISION\D34_Apple_iPhone5\videos\outdoor\D34_V_outdoor_move_0002.mov;VISION;D34;Apple;iPhone5;DIGITAL_CAMERA;OUTDOOR;MOV;ORIGINAL;NONE
D:\MA\VISION\D34_Apple_iPhone5\videos\outdoor\D34_V_outdoor_move_0003.mov;VISION;D34;Apple;iPhone5;DIGITAL_CAMERA;OUTDOOR;MOV;ORIGINAL;NONE
D:\MA\VISION\D34_Apple_iPhone5\videos\outdoor\D34_V_outdoor_move_0004.mov;VISION;D34;Apple;iPhone5;DIGITAL_CAMERA;OUTDOOR;MOV;ORIGINAL;NONE
D:\MA\VISION\D34_Apple_iPhone5\videos\outdoor\D34_V_outdoor_panrot_0001.mov;VISION;D34;Apple;iPhone5;DIGITAL_CAMERA;OUTDOOR;MOV;ORIGINAL;NONE
D:\MA\VISION\D34_Apple_iPhone5\videos\outdoor\D34_V_outdoor_panrot_0002.mov;VISION;D34;Apple;iPhone5;DIGITAL_CAMERA;OUTDOOR;MOV;ORIGINAL;NONE
D:\MA\VISION\D34_Apple_iPhone5\videos\outdoor\D34_V_outdoor_still_0001.mov;VISION;D34;Apple;iPhone5;DIGITAL_CAMERA;OUTDOOR;MOV;ORIGINAL;NONE
D:\MA\VISION\D34_Apple_iPhone5\videos\outdoorWA\D34_V_outdoorWA_move_0001.mp4;VISION;D34;Apple;iPhone5;DIGITAL_CAMERA;OUTDOOR;MP4;WHATSAPP;NONE
D:\MA\VISION\D34_Apple_iPhone5\videos\outdoorWA\D34_V_outdoorWA_move_0002.mp4;VISION;D34;Apple;iPhone5;DIGITAL_CAMERA;OUTDOOR;MP4;WHATSAPP;NONE
D:\MA\VISION\D34_Apple_iPhone5\videos\outdoorWA\D34_V_outdoorWA_move_0003.mp4;VISION;D34;Apple;iPhone5;DIGITAL_CAMERA;OUTDOOR;MP4;WHATSAPP;NONE
D:\MA\VISION\D34_Apple_iPhone5\videos\outdoorWA\D34_V_outdoorWA_move_0004.mp4;VISION;D34;Apple;iPhone5;DIGITAL_CAMERA;OUTDOOR;MP4;WHATSAPP;NONE
D:\MA\VISION\D34_Apple_iPhone5\videos\outdoorWA\D34_V_outdoorWA_panrot_0001.mp4;VISION;D34;Apple;iPhone5;DIGITAL_CAMERA;OUTDOOR;MP4;WHATSAPP;NONE
D:\MA\VISION\D34_Apple_iPhone5\videos\outdoorWA\D34_V_outdoorWA_panrot_0002.mp4;VISION;D34;Apple;iPhone5;DIGITAL_CAMERA;OUTDOOR;MP4;WHATSAPP;NONE
D:\MA\VISION\D34_Apple_iPhone5\videos\outdoorWA\D34_V_outdoorWA_still_0001.mp4;VISION;D34;Apple;iPhone5;DIGITAL_CAMERA;OUTDOOR;MP4;WHATSAPP;NONE
D:\MA\VISION\D34_Apple_iPhone5\videos\outdoorYT\D34_V_outdoorYT_move_0001.mp4;VISION;D34;Apple;iPhone5;DIGITAL_CAMERA;OUTDOOR;MP4;YOUTUBE;NONE
D:\MA\VISION\D34_Apple_iPhone5\videos\outdoorYT\D34_V_outdoorYT_move_0002.mp4;VISION;D34;Apple;iPhone5;DIGITAL_CAMERA;OUTDOOR;MP4;YOUTUBE;NONE
D:\MA\VISION\D34_Apple_iPhone5\videos\outdoorYT\D34_V_outdoorYT_move_0003.mp4;VISION;D34;Apple;iPhone5;DIGITAL_CAMERA;OUTDOOR;MP4;YOUTUBE;NONE
D:\MA\VISION\D34_Apple_iPhone5\videos\outdoorYT\D34_V_outdoorYT_move_0004.mp4;VISION;D34;Apple;iPhone5;DIGITAL_CAMERA;OUTDOOR;MP4;YOUTUBE;NONE
D:\MA\VISION\D34_Apple_iPhone5\videos\outdoorYT\D34_V_outdoorYT_panrot_0001.mp4;VISION;D34;Apple;iPhone5;DIGITAL_CAMERA;OUTDOOR;MP4;YOUTUBE;NONE
D:\MA\VISION\D34_Apple_iPhone5\videos\outdoorYT\D34_V_outdoorYT_panrot_0002.mp4;VISION;D34;Apple;iPhone5;DIGITAL_CAMERA;OUTDOOR;MP4;YOUTUBE;NONE
D:\MA\VISION\D33_Huawei_Ascend\videos\flat\D33_V_flat_move_0001.mp4;VISION;D33;Huawei;AscendG6;DIGITAL_CAMERA;FLAT;MP4;ORIGINAL;NONE
D:\MA\VISION\D33_Huawei_Ascend\videos\flat\D33_V_flat_move_0002.mp4;VISION;D33;Huawei;AscendG6;DIGITAL_CAMERA;FLAT;MP4;ORIGINAL;NONE
D:\MA\VISION\D33_Huawei_Ascend\videos\flat\D33_V_flat_move_0003.mp4;VISION;D33;Huawei;AscendG6;DIGITAL_CAMERA;FLAT;MP4;ORIGINAL;NONE
D:\MA\VISION\D33_Huawei_Ascend\videos\flat\D33_V_flat_panrot_0001.mp4;VISION;D33;Huawei;AscendG6;DIGITAL_CAMERA;FLAT;MP4;ORIGINAL;NONE
D:\MA\VISION\D33_Huawei_Ascend\videos\flat\D33_V_flat_panrot_0002.mp4;VISION;D33;Huawei;AscendG6;DIGITAL_CAMERA;FLAT;MP4;ORIGINAL;NONE
D:\MA\VISION\D33_Huawei_Ascend\videos\flat\D33_V_flat_still_0001.mp4;VISION;D33;Huawei;AscendG6;DIGITAL_CAMERA;FLAT;MP4;ORIGINAL;NONE
D:\MA\VISION\D33_Huawei_Ascend\videos\flat\D33_V_flat_still_0002.mp4;VISION;D33;Huawei;AscendG6;DIGITAL_CAMERA;FLAT;MP4;ORIGINAL;NONE
D:\MA\VISION\D33_Huawei_Ascend\videos\flatWA\D33_V_flatWA_move_0001.mp4;VISION;D33;Huawei;AscendG6;DIGITAL_CAMERA;FLAT;MP4;WHATSAPP;NONE
D:\MA\VISION\D33_Huawei_Ascend\videos\flatWA\D33_V_flatWA_move_0002.mp4;VISION;D33;Huawei;AscendG6;DIGITAL_CAMERA;FLAT;MP4;WHATSAPP;NONE
D:\MA\VISION\D33_Huawei_Ascend\videos\flatWA\D33_V_flatWA_move_0003.mp4;VISION;D33;Huawei;AscendG6;DIGITAL_CAMERA;FLAT;MP4;WHATSAPP;NONE
D:\MA\VISION\D33_Huawei_Ascend\videos\flatWA\D33_V_flatWA_panrot_0001.mp4;VISION;D33;Huawei;AscendG6;DIGITAL_CAMERA;FLAT;MP4;WHATSAPP;NONE
D:\MA\VISION\D33_Huawei_Ascend\videos\flatWA\D33_V_flatWA_panrot_0002.mp4;VISION;D33;Huawei;AscendG6;DIGITAL_CAMERA;FLAT;MP4;WHATSAPP;NONE
D:\MA\VISION\D33_Huawei_Ascend\videos\flatWA\D33_V_flatWA_still_0001.mp4;VISION;D33;Huawei;AscendG6;DIGITAL_CAMERA;FLAT;MP4;WHATSAPP;NONE
D:\MA\VISION\D33_Huawei_Ascend\videos\flatWA\D33_V_flatWA_still_0002.mp4;VISION;D33;Huawei;AscendG6;DIGITAL_CAMERA;FLAT;MP4;WHATSAPP;NONE
D:\MA\VISION\D33_Huawei_Ascend\videos\flatYT\D33_V_flatYT_move_0002.mp4;VISION;D33;Huawei;AscendG6;DIGITAL_CAMERA;FLAT;MP4;YOUTUBE;NONE
D:\MA\VISION\D33_Huawei_Ascend\videos\flatYT\D33_V_flatYT_move_0003.mp4;VISION;D33;Huawei;AscendG6;DIGITAL_CAMERA;FLAT;MP4;YOUTUBE;NONE
D:\MA\VISION\D33_Huawei_Ascend\videos\flatYT\D33_V_flatYT_panrot_0001.mp4;VISION;D33;Huawei;AscendG6;DIGITAL_CAMERA;FLAT;MP4;YOUTUBE;NONE
D:\MA\VISION\D33_Huawei_Ascend\videos\flatYT\D33_V_flatYT_panrot_0002.mp4;VISION;D33;Huawei;AscendG6;DIGITAL_CAMERA;FLAT;MP4;YOUTUBE;NONE
D:\MA\VISION\D33_Huawei_Ascend\videos\flatYT\D33_V_flatYT_still_0001.mp4;VISION;D33;Huawei;AscendG6;DIGITAL_CAMERA;FLAT;MP4;YOUTUBE;NONE
D:\MA\VISION\D33_Huawei_Ascend\videos\flatYT\D33_V_flatYT_still_0002.mp4;VISION;D33;Huawei;AscendG6;DIGITAL_CAMERA;FLAT;MP4;YOUTUBE;NONE
D:\MA\VISION\D33_Huawei_Ascend\videos\indoor\D33_V_indoor_move_0001.mp4;VISION;D33;Huawei;AscendG6;DIGITAL_CAMERA;INDOOR;MP4;ORIGINAL;NONE
D:\MA\VISION\D33_Huawei_Ascend\videos\indoor\D33_V_indoor_move_0002.mp4;VISION;D33;Huawei;AscendG6;DIGITAL_CAMERA;INDOOR;MP4;ORIGINAL;NONE
D:\MA\VISION\D33_Huawei_Ascend\videos\indoor\D33_V_indoor_panrot_0001.mp4;VISION;D33;Huawei;AscendG6;DIGITAL_CAMERA;INDOOR;MP4;ORIGINAL;NONE
D:\MA\VISION\D33_Huawei_Ascend\videos\indoor\D33_V_indoor_panrot_0002.mp4;VISION;D33;Huawei;AscendG6;DIGITAL_CAMERA;INDOOR;MP4;ORIGINAL;NONE
D:\MA\VISION\D33_Huawei_Ascend\videos\indoor\D33_V_indoor_still_0001.mp4;VISION;D33;Huawei;AscendG6;DIGITAL_CAMERA;INDOOR;MP4;ORIGINAL;NONE
D:\MA\VISION\D33_Huawei_Ascend\videos\indoor\D33_V_indoor_still_0002.mp4;VISION;D33;Huawei;AscendG6;DIGITAL_CAMERA;INDOOR;MP4;ORIGINAL;NONE
D:\MA\VISION\D33_Huawei_Ascend\videos\indoorWA\D33_V_indoorWA_move_0001.mp4;VISION;D33;Huawei;AscendG6;DIGITAL_CAMERA;INDOOR;MP4;WHATSAPP;NONE
D:\MA\VISION\D33_Huawei_Ascend\videos\indoorWA\D33_V_indoorWA_move_0002.mp4;VISION;D33;Huawei;AscendG6;DIGITAL_CAMERA;INDOOR;MP4;WHATSAPP;NONE
D:\MA\VISION\D33_Huawei_Ascend\videos\indoorWA\D33_V_indoorWA_panrot_0001.mp4;VISION;D33;Huawei;AscendG6;DIGITAL_CAMERA;INDOOR;MP4;WHATSAPP;NONE
D:\MA\VISION\D33_Huawei_Ascend\videos\indoorWA\D33_V_indoorWA_panrot_0002.mp4;VISION;D33;Huawei;AscendG6;DIGITAL_CAMERA;INDOOR;MP4;WHATSAPP;NONE
D:\MA\VISION\D33_Huawei_Ascend\videos\indoorWA\D33_V_indoorWA_still_0001.mp4;VISION;D33;Huawei;AscendG6;DIGITAL_CAMERA;INDOOR;MP4;WHATSAPP;NONE
D:\MA\VISION\D33_Huawei_Ascend\videos\indoorWA\D33_V_indoorWA_still_0002.mp4;VISION;D33;Huawei;AscendG6;DIGITAL_CAMERA;INDOOR;MP4;WHATSAPP;NONE
D:\MA\VISION\D33_Huawei_Ascend\videos\indoorYT\D33_V_indoorYT_move_0001.mp4;VISION;D33;Huawei;AscendG6;DIGITAL_CAMERA;INDOOR;MP4;YOUTUBE;NONE
D:\MA\VISION\D33_Huawei_Ascend\videos\indoorYT\D33_V_indoorYT_move_0002.mp4;VISION;D33;Huawei;AscendG6;DIGITAL_CAMERA;INDOOR;MP4;YOUTUBE;NONE
D:\MA\VISION\D33_Huawei_Ascend\videos\indoorYT\D33_V_indoorYT_panrot_0001.mp4;VISION;D33;Huawei;AscendG6;DIGITAL_CAMERA;INDOOR;MP4;YOUTUBE;NONE
D:\MA\VISION\D33_Huawei_Ascend\videos\indoorYT\D33_V_indoorYT_panrot_0002.mp4;VISION;D33;Huawei;AscendG6;DIGITAL_CAMERA;INDOOR;MP4;YOUTUBE;NONE
D:\MA\VISION\D33_Huawei_Ascend\videos\indoorYT\D33_V_indoorYT_still_0001.mp4;VISION;D33;Huawei;AscendG6;DIGITAL_CAMERA;INDOOR;MP4;YOUTUBE;NONE
D:\MA\VISION\D33_Huawei_Ascend\videos\indoorYT\D33_V_indoorYT_still_0002.mp4;VISION;D33;Huawei;AscendG6;DIGITAL_CAMERA;INDOOR;MP4;YOUTUBE;NONE
D:\MA\VISION\D33_Huawei_Ascend\videos\outdoor\D33_V_outdoor_move_0001.mp4;VISION;D33;Huawei;AscendG6;DIGITAL_CAMERA;OUTDOOR;MP4;ORIGINAL;NONE
D:\MA\VISION\D33_Huawei_Ascend\videos\outdoor\D33_V_outdoor_move_0002.mp4;VISION;D33;Huawei;AscendG6;DIGITAL_CAMERA;OUTDOOR;MP4;ORIGINAL;NONE
D:\MA\VISION\D33_Huawei_Ascend\videos\outdoor\D33_V_outdoor_panrot_0001.mp4;VISION;D33;Huawei;AscendG6;DIGITAL_CAMERA;OUTDOOR;MP4;ORIGINAL;NONE
D:\MA\VISION\D33_Huawei_Ascend\videos\outdoor\D33_V_outdoor_panrot_0002.mp4;VISION;D33;Huawei;AscendG6;DIGITAL_CAMERA;OUTDOOR;MP4;ORIGINAL;NONE
D:\MA\VISION\D33_Huawei_Ascend\videos\outdoor\D33_V_outdoor_still_0001.mp4;VISION;D33;Huawei;AscendG6;DIGITAL_CAMERA;OUTDOOR;MP4;ORIGINAL;NONE
D:\MA\VISION\D33_Huawei_Ascend\videos\outdoor\D33_V_outdoor_still_0002.mp4;VISION;D33;Huawei;AscendG6;DIGITAL_CAMERA;OUTDOOR;MP4;ORIGINAL;NONE
D:\MA\VISION\D33_Huawei_Ascend\videos\outdoorWA\D33_V_outdoorWA_move_0001.mp4;VISION;D33;Huawei;AscendG6;DIGITAL_CAMERA;OUTDOOR;MP4;WHATSAPP;NONE
D:\MA\VISION\D33_Huawei_Ascend\videos\outdoorWA\D33_V_outdoorWA_move_0002.mp4;VISION;D33;Huawei;AscendG6;DIGITAL_CAMERA;OUTDOOR;MP4;WHATSAPP;NONE
D:\MA\VISION\D33_Huawei_Ascend\videos\outdoorWA\D33_V_outdoorWA_panrot_0001.mp4;VISION;D33;Huawei;AscendG6;DIGITAL_CAMERA;OUTDOOR;MP4;WHATSAPP;NONE
D:\MA\VISION\D33_Huawei_Ascend\videos\outdoorWA\D33_V_outdoorWA_panrot_0002.mp4;VISION;D33;Huawei;AscendG6;DIGITAL_CAMERA;OUTDOOR;MP4;WHATSAPP;NONE
D:\MA\VISION\D33_Huawei_Ascend\videos\outdoorWA\D33_V_outdoorWA_still_0001.mp4;VISION;D33;Huawei;AscendG6;DIGITAL_CAMERA;OUTDOOR;MP4;WHATSAPP;NONE
D:\MA\VISION\D33_Huawei_Ascend\videos\outdoorWA\D33_V_outdoorWA_still_0002.mp4;VISION;D33;Huawei;AscendG6;DIGITAL_CAMERA;OUTDOOR;MP4;WHATSAPP;NONE
D:\MA\VISION\D33_Huawei_Ascend\videos\outdoorYT\D33_V_outdoorYT_move_0001.mp4;VISION;D33;Huawei;AscendG6;DIGITAL_CAMERA;OUTDOOR;MP4;YOUTUBE;NONE
D:\MA\VISION\D33_Huawei_Ascend\videos\outdoorYT\D33_V_outdoorYT_move_0002.mp4;VISION;D33;Huawei;AscendG6;DIGITAL_CAMERA;OUTDOOR;MP4;YOUTUBE;NONE
D:\MA\VISION\D33_Huawei_Ascend\videos\outdoorYT\D33_V_outdoorYT_panrot_0001.mp4;VISION;D33;Huawei;AscendG6;DIGITAL_CAMERA;OUTDOOR;MP4;YOUTUBE;NONE
D:\MA\VISION\D33_Huawei_Ascend\videos\outdoorYT\D33_V_outdoorYT_panrot_0002.mp4;VISION;D33;Huawei;AscendG6;DIGITAL_CAMERA;OUTDOOR;MP4;YOUTUBE;NONE
D:\MA\VISION\D33_Huawei_Ascend\videos\outdoorYT\D33_V_outdoorYT_still_0001.mp4;VISION;D33;Huawei;AscendG6;DIGITAL_CAMERA;OUTDOOR;MP4;YOUTUBE;NONE
D:\MA\VISION\D33_Huawei_Ascend\videos\outdoorYT\D33_V_outdoorYT_still_0002.mp4;VISION;D33;Huawei;AscendG6;DIGITAL_CAMERA;OUTDOOR;MP4;YOUTUBE;NONE
D:\MA\VISION\D32_OnePlus_A3003\videos\flat\D32_V_flat_move_0001.mp4;VISION;D32;OnePlus;A3003;DIGITAL_CAMERA;FLAT;MP4;ORIGINAL;NONE
D:\MA\VISION\D32_OnePlus_A3003\videos\flat\D32_V_flat_move_0002.mp4;VISION;D32;OnePlus;A3003;DIGITAL_CAMERA;FLAT;MP4;ORIGINAL;NONE
D:\MA\VISION\D32_OnePlus_A3003\videos\flat\D32_V_flat_move_0003.mp4;VISION;D32;OnePlus;A3003;DIGITAL_CAMERA;FLAT;MP4;ORIGINAL;NONE
D:\MA\VISION\D32_OnePlus_A3003\videos\flat\D32_V_flat_panrot_0001.mp4;VISION;D32;OnePlus;A3003;DIGITAL_CAMERA;FLAT;MP4;ORIGINAL;NONE
D:\MA\VISION\D32_OnePlus_A3003\videos\flat\D32_V_flat_panrot_0002.mp4;VISION;D32;OnePlus;A3003;DIGITAL_CAMERA;FLAT;MP4;ORIGINAL;NONE
D:\MA\VISION\D32_OnePlus_A3003\videos\flat\D32_V_flat_still_0001.mp4;VISION;D32;OnePlus;A3003;DIGITAL_CAMERA;FLAT;MP4;ORIGINAL;NONE
D:\MA\VISION\D32_OnePlus_A3003\videos\flat\D32_V_flat_still_0002.mp4;VISION;D32;OnePlus;A3003;DIGITAL_CAMERA;FLAT;MP4;ORIGINAL;NONE
D:\MA\VISION\D32_OnePlus_A3003\videos\flatWA\D32_V_flatWA_move_0001.mp4;VISION;D32;OnePlus;A3003;DIGITAL_CAMERA;FLAT;MP4;WHATSAPP;NONE
D:\MA\VISION\D32_OnePlus_A3003\videos\flatWA\D32_V_flatWA_move_0002.mp4;VISION;D32;OnePlus;A3003;DIGITAL_CAMERA;FLAT;MP4;WHATSAPP;NONE
D:\MA\VISION\D32_OnePlus_A3003\videos\flatWA\D32_V_flatWA_move_0003.mp4;VISION;D32;OnePlus;A3003;DIGITAL_CAMERA;FLAT;MP4;WHATSAPP;NONE
D:\MA\VISION\D32_OnePlus_A3003\videos\flatWA\D32_V_flatWA_panrot_0001.mp4;VISION;D32;OnePlus;A3003;DIGITAL_CAMERA;FLAT;MP4;WHATSAPP;NONE
D:\MA\VISION\D32_OnePlus_A3003\videos\flatWA\D32_V_flatWA_panrot_0002.mp4;VISION;D32;OnePlus;A3003;DIGITAL_CAMERA;FLAT;MP4;WHATSAPP;NONE
D:\MA\VISION\D32_OnePlus_A3003\videos\flatWA\D32_V_flatWA_still_0001.mp4;VISION;D32;OnePlus;A3003;DIGITAL_CAMERA;FLAT;MP4;WHATSAPP;NONE
D:\MA\VISION\D32_OnePlus_A3003\videos\flatWA\D32_V_flatWA_still_0002.mp4;VISION;D32;OnePlus;A3003;DIGITAL_CAMERA;FLAT;MP4;WHATSAPP;NONE
D:\MA\VISION\D32_OnePlus_A3003\videos\flatYT\D32_V_flatYT_move_0001.mp4;VISION;D32;OnePlus;A3003;DIGITAL_CAMERA;FLAT;MP4;YOUTUBE;NONE
D:\MA\VISION\D32_OnePlus_A3003\videos\flatYT\D32_V_flatYT_move_0002.mp4;VISION;D32;OnePlus;A3003;DIGITAL_CAMERA;FLAT;MP4;YOUTUBE;NONE
D:\MA\VISION\D32_OnePlus_A3003\videos\flatYT\D32_V_flatYT_move_0003.mp4;VISION;D32;OnePlus;A3003;DIGITAL_CAMERA;FLAT;MP4;YOUTUBE;NONE
D:\MA\VISION\D32_OnePlus_A3003\videos\flatYT\D32_V_flatYT_panrot_0001.mp4;VISION;D32;OnePlus;A3003;DIGITAL_CAMERA;FLAT;MP4;YOUTUBE;NONE
D:\MA\VISION\D32_OnePlus_A3003\videos\flatYT\D32_V_flatYT_panrot_0002.mp4;VISION;D32;OnePlus;A3003;DIGITAL_CAMERA;FLAT;MP4;YOUTUBE;NONE
D:\MA\VISION\D32_OnePlus_A3003\videos\flatYT\D32_V_flatYT_still_0001.mp4;VISION;D32;OnePlus;A3003;DIGITAL_CAMERA;FLAT;MP4;YOUTUBE;NONE
D:\MA\VISION\D32_OnePlus_A3003\videos\flatYT\D32_V_flatYT_still_0002.mp4;VISION;D32;OnePlus;A3003;DIGITAL_CAMERA;FLAT;MP4;YOUTUBE;NONE
D:\MA\VISION\D32_OnePlus_A3003\videos\indoor\D32_V_indoor_move_0001.mp4;VISION;D32;OnePlus;A3003;DIGITAL_CAMERA;INDOOR;MP4;ORIGINAL;NONE
D:\MA\VISION\D32_OnePlus_A3003\videos\indoor\D32_V_indoor_move_0002.mp4;VISION;D32;OnePlus;A3003;DIGITAL_CAMERA;INDOOR;MP4;ORIGINAL;NONE
D:\MA\VISION\D32_OnePlus_A3003\videos\indoor\D32_V_indoor_panrot_0001.mp4;VISION;D32;OnePlus;A3003;DIGITAL_CAMERA;INDOOR;MP4;ORIGINAL;NONE
D:\MA\VISION\D32_OnePlus_A3003\videos\indoor\D32_V_indoor_panrot_0002.mp4;VISION;D32;OnePlus;A3003;DIGITAL_CAMERA;INDOOR;MP4;ORIGINAL;NONE
D:\MA\VISION\D32_OnePlus_A3003\videos\indoor\D32_V_indoor_still_0001.mp4;VISION;D32;OnePlus;A3003;DIGITAL_CAMERA;INDOOR;MP4;ORIGINAL;NONE
D:\MA\VISION\D32_OnePlus_A3003\videos\indoor\D32_V_indoor_still_0002.mp4;VISION;D32;OnePlus;A3003;DIGITAL_CAMERA;INDOOR;MP4;ORIGINAL;NONE
D:\MA\VISION\D32_OnePlus_A3003\videos\indoorWA\D32_V_indoorWA_move_0001.mp4;VISION;D32;OnePlus;A3003;DIGITAL_CAMERA;INDOOR;MP4;WHATSAPP;NONE
D:\MA\VISION\D32_OnePlus_A3003\videos\indoorWA\D32_V_indoorWA_move_0002.mp4;VISION;D32;OnePlus;A3003;DIGITAL_CAMERA;INDOOR;MP4;WHATSAPP;NONE
D:\MA\VISION\D32_OnePlus_A3003\videos\indoorWA\D32_V_indoorWA_panrot_0001.mp4;VISION;D32;OnePlus;A3003;DIGITAL_CAMERA;INDOOR;MP4;WHATSAPP;NONE
D:\MA\VISION\D32_OnePlus_A3003\videos\indoorWA\D32_V_indoorWA_panrot_0002.mp4;VISION;D32;OnePlus;A3003;DIGITAL_CAMERA;INDOOR;MP4;WHATSAPP;NONE
D:\MA\VISION\D32_OnePlus_A3003\videos\indoorWA\D32_V_indoorWA_still_0001.mp4;VISION;D32;OnePlus;A3003;DIGITAL_CAMERA;INDOOR;MP4;WHATSAPP;NONE
D:\MA\VISION\D32_OnePlus_A3003\videos\indoorWA\D32_V_indoorWA_still_0002.mp4;VISION;D32;OnePlus;A3003;DIGITAL_CAMERA;INDOOR;MP4;WHATSAPP;NONE
D:\MA\VISION\D32_OnePlus_A3003\videos\indoorYT\D32_V_indoorYT_move_0001.mp4;VISION;D32;OnePlus;A3003;DIGITAL_CAMERA;INDOOR;MP4;YOUTUBE;NONE
D:\MA\VISION\D32_OnePlus_A3003\videos\indoorYT\D32_V_indoorYT_move_0002.mp4;VISION;D32;OnePlus;A3003;DIGITAL_CAMERA;INDOOR;MP4;YOUTUBE;NONE
D:\MA\VISION\D32_OnePlus_A3003\videos\indoorYT\D32_V_indoorYT_panrot_0001.mp4;VISION;D32;OnePlus;A3003;DIGITAL_CAMERA;INDOOR;MP4;YOUTUBE;NONE
D:\MA\VISION\D32_OnePlus_A3003\videos\indoorYT\D32_V_indoorYT_panrot_0002.mp4;VISION;D32;OnePlus;A3003;DIGITAL_CAMERA;INDOOR;MP4;YOUTUBE;NONE
D:\MA\VISION\D32_OnePlus_A3003\videos\indoorYT\D32_V_indoorYT_still_0001.mp4;VISION;D32;OnePlus;A3003;DIGITAL_CAMERA;INDOOR;MP4;YOUTUBE;NONE
D:\MA\VISION\D32_OnePlus_A3003\videos\indoorYT\D32_V_indoorYT_still_0002.mp4;VISION;D32;OnePlus;A3003;DIGITAL_CAMERA;INDOOR;MP4;YOUTUBE;NONE
D:\MA\VISION\D32_OnePlus_A3003\videos\outdoor\D32_V_outdoor_move_0001.mp4;VISION;D32;OnePlus;A3003;DIGITAL_CAMERA;OUTDOOR;MP4;ORIGINAL;NONE
D:\MA\VISION\D32_OnePlus_A3003\videos\outdoor\D32_V_outdoor_move_0002.mp4;VISION;D32;OnePlus;A3003;DIGITAL_CAMERA;OUTDOOR;MP4;ORIGINAL;NONE
D:\MA\VISION\D32_OnePlus_A3003\videos\outdoor\D32_V_outdoor_panrot_0001.mp4;VISION;D32;OnePlus;A3003;DIGITAL_CAMERA;OUTDOOR;MP4;ORIGINAL;NONE
D:\MA\VISION\D32_OnePlus_A3003\videos\outdoor\D32_V_outdoor_panrot_0002.mp4;VISION;D32;OnePlus;A3003;DIGITAL_CAMERA;OUTDOOR;MP4;ORIGINAL;NONE
D:\MA\VISION\D32_OnePlus_A3003\videos\outdoor\D32_V_outdoor_still_0001.mp4;VISION;D32;OnePlus;A3003;DIGITAL_CAMERA;OUTDOOR;MP4;ORIGINAL;NONE
D:\MA\VISION\D32_OnePlus_A3003\videos\outdoor\D32_V_outdoor_still_0002.mp4;VISION;D32;OnePlus;A3003;DIGITAL_CAMERA;OUTDOOR;MP4;ORIGINAL;NONE
D:\MA\VISION\D32_OnePlus_A3003\videos\outdoorWA\D32_V_outdoorWA_move_0001.mp4;VISION;D32;OnePlus;A3003;DIGITAL_CAMERA;OUTDOOR;MP4;WHATSAPP;NONE
D:\MA\VISION\D32_OnePlus_A3003\videos\outdoorWA\D32_V_outdoorWA_move_0002.mp4;VISION;D32;OnePlus;A3003;DIGITAL_CAMERA;OUTDOOR;MP4;WHATSAPP;NONE
D:\MA\VISION\D32_OnePlus_A3003\videos\outdoorWA\D32_V_outdoorWA_panrot_0001.mp4;VISION;D32;OnePlus;A3003;DIGITAL_CAMERA;OUTDOOR;MP4;WHATSAPP;NONE
D:\MA\VISION\D32_OnePlus_A3003\videos\outdoorWA\D32_V_outdoorWA_panrot_0002.mp4;VISION;D32;OnePlus;A3003;DIGITAL_CAMERA;OUTDOOR;MP4;WHATSAPP;NONE
D:\MA\VISION\D32_OnePlus_A3003\videos\outdoorWA\D32_V_outdoorWA_still_0001.mp4;VISION;D32;OnePlus;A3003;DIGITAL_CAMERA;OUTDOOR;MP4;WHATSAPP;NONE
D:\MA\VISION\D32_OnePlus_A3003\videos\outdoorWA\D32_V_outdoorWA_still_0002.mp4;VISION;D32;OnePlus;A3003;DIGITAL_CAMERA;OUTDOOR;MP4;WHATSAPP;NONE
D:\MA\VISION\D32_OnePlus_A3003\videos\outdoorYT\D32_V_outdoorYT_move_0001.mp4;VISION;D32;OnePlus;A3003;DIGITAL_CAMERA;OUTDOOR;MP4;YOUTUBE;NONE
D:\MA\VISION\D32_OnePlus_A3003\videos\outdoorYT\D32_V_outdoorYT_move_0002.mp4;VISION;D32;OnePlus;A3003;DIGITAL_CAMERA;OUTDOOR;MP4;YOUTUBE;NONE
D:\MA\VISION\D32_OnePlus_A3003\videos\outdoorYT\D32_V_outdoorYT_panrot_0001.mp4;VISION;D32;OnePlus;A3003;DIGITAL_CAMERA;OUTDOOR;MP4;YOUTUBE;NONE
D:\MA\VISION\D32_OnePlus_A3003\videos\outdoorYT\D32_V_outdoorYT_panrot_0002.mp4;VISION;D32;OnePlus;A3003;DIGITAL_CAMERA;OUTDOOR;MP4;YOUTUBE;NONE
D:\MA\VISION\D32_OnePlus_A3003\videos\outdoorYT\D32_V_outdoorYT_still_0001.mp4;VISION;D32;OnePlus;A3003;DIGITAL_CAMERA;OUTDOOR;MP4;YOUTUBE;NONE
D:\MA\VISION\D32_OnePlus_A3003\videos\outdoorYT\D32_V_outdoorYT_still_0002.mp4;VISION;D32;OnePlus;A3003;DIGITAL_CAMERA;OUTDOOR;MP4;YOUTUBE;NONE
D:\MA\VISION\D31_Samsung_GalaxyS4Mini\videos\flat\D31_V_flat_move_0001.mp4;VISION;D31;Samsung;GalaxyS4Mini;DIGITAL_CAMERA;FLAT;MP4;ORIGINAL;NONE
D:\MA\VISION\D31_Samsung_GalaxyS4Mini\videos\flat\D31_V_flat_move_0002.mp4;VISION;D31;Samsung;GalaxyS4Mini;DIGITAL_CAMERA;FLAT;MP4;ORIGINAL;NONE
D:\MA\VISION\D31_Samsung_GalaxyS4Mini\videos\flat\D31_V_flat_move_0003.mp4;VISION;D31;Samsung;GalaxyS4Mini;DIGITAL_CAMERA;FLAT;MP4;ORIGINAL;NONE
D:\MA\VISION\D31_Samsung_GalaxyS4Mini\videos\flat\D31_V_flat_panrot_0001.mp4;VISION;D31;Samsung;GalaxyS4Mini;DIGITAL_CAMERA;FLAT;MP4;ORIGINAL;NONE
D:\MA\VISION\D31_Samsung_GalaxyS4Mini\videos\flat\D31_V_flat_panrot_0002.mp4;VISION;D31;Samsung;GalaxyS4Mini;DIGITAL_CAMERA;FLAT;MP4;ORIGINAL;NONE
D:\MA\VISION\D31_Samsung_GalaxyS4Mini\videos\flat\D31_V_flat_still_0001.mp4;VISION;D31;Samsung;GalaxyS4Mini;DIGITAL_CAMERA;FLAT;MP4;ORIGINAL;NONE
D:\MA\VISION\D31_Samsung_GalaxyS4Mini\videos\flat\D31_V_flat_still_0002.mp4;VISION;D31;Samsung;GalaxyS4Mini;DIGITAL_CAMERA;FLAT;MP4;ORIGINAL;NONE
D:\MA\VISION\D31_Samsung_GalaxyS4Mini\videos\flatWA\D31_V_flatWA_move_0001.mp4;VISION;D31;Samsung;GalaxyS4Mini;DIGITAL_CAMERA;FLAT;MP4;WHATSAPP;NONE
D:\MA\VISION\D31_Samsung_GalaxyS4Mini\videos\flatWA\D31_V_flatWA_move_0002.mp4;VISION;D31;Samsung;GalaxyS4Mini;DIGITAL_CAMERA;FLAT;MP4;WHATSAPP;NONE
D:\MA\VISION\D31_Samsung_GalaxyS4Mini\videos\flatWA\D31_V_flatWA_move_0003.mp4;VISION;D31;Samsung;GalaxyS4Mini;DIGITAL_CAMERA;FLAT;MP4;WHATSAPP;NONE
D:\MA\VISION\D31_Samsung_GalaxyS4Mini\videos\flatWA\D31_V_flatWA_panrot_0001.mp4;VISION;D31;Samsung;GalaxyS4Mini;DIGITAL_CAMERA;FLAT;MP4;WHATSAPP;NONE
D:\MA\VISION\D31_Samsung_GalaxyS4Mini\videos\flatWA\D31_V_flatWA_panrot_0002.mp4;VISION;D31;Samsung;GalaxyS4Mini;DIGITAL_CAMERA;FLAT;MP4;WHATSAPP;NONE
D:\MA\VISION\D31_Samsung_GalaxyS4Mini\videos\flatWA\D31_V_flatWA_still_0001.mp4;VISION;D31;Samsung;GalaxyS4Mini;DIGITAL_CAMERA;FLAT;MP4;WHATSAPP;NONE
D:\MA\VISION\D31_Samsung_GalaxyS4Mini\videos\flatWA\D31_V_flatWA_still_0002.mp4;VISION;D31;Samsung;GalaxyS4Mini;DIGITAL_CAMERA;FLAT;MP4;WHATSAPP;NONE
D:\MA\VISION\D31_Samsung_GalaxyS4Mini\videos\flatYT\D31_V_flatYT_move_0001.mp4;VISION;D31;Samsung;GalaxyS4Mini;DIGITAL_CAMERA;FLAT;MP4;YOUTUBE;NONE
D:\MA\VISION\D31_Samsung_GalaxyS4Mini\videos\flatYT\D31_V_flatYT_move_0002.mp4;VISION;D31;Samsung;GalaxyS4Mini;DIGITAL_CAMERA;FLAT;MP4;YOUTUBE;NONE
D:\MA\VISION\D31_Samsung_GalaxyS4Mini\videos\flatYT\D31_V_flatYT_move_0003.mp4;VISION;D31;Samsung;GalaxyS4Mini;DIGITAL_CAMERA;FLAT;MP4;YOUTUBE;NONE
D:\MA\VISION\D31_Samsung_GalaxyS4Mini\videos\flatYT\D31_V_flatYT_panrot_0001.mp4;VISION;D31;Samsung;GalaxyS4Mini;DIGITAL_CAMERA;FLAT;MP4;YOUTUBE;NONE
D:\MA\VISION\D31_Samsung_GalaxyS4Mini\videos\flatYT\D31_V_flatYT_panrot_0002.mp4;VISION;D31;Samsung;GalaxyS4Mini;DIGITAL_CAMERA;FLAT;MP4;YOUTUBE;NONE
D:\MA\VISION\D31_Samsung_GalaxyS4Mini\videos\flatYT\D31_V_flatYT_still_0001.mp4;VISION;D31;Samsung;GalaxyS4Mini;DIGITAL_CAMERA;FLAT;MP4;YOUTUBE;NONE
D:\MA\VISION\D31_Samsung_GalaxyS4Mini\videos\flatYT\D31_V_flatYT_still_0002.mp4;VISION;D31;Samsung;GalaxyS4Mini;DIGITAL_CAMERA;FLAT;MP4;YOUTUBE;NONE
D:\MA\VISION\D31_Samsung_GalaxyS4Mini\videos\indoor\D31_V_indoor_move_0001.mp4;VISION;D31;Samsung;GalaxyS4Mini;DIGITAL_CAMERA;INDOOR;MP4;ORIGINAL;NONE
D:\MA\VISION\D31_Samsung_GalaxyS4Mini\videos\indoor\D31_V_indoor_move_0002.mp4;VISION;D31;Samsung;GalaxyS4Mini;DIGITAL_CAMERA;INDOOR;MP4;ORIGINAL;NONE
D:\MA\VISION\D31_Samsung_GalaxyS4Mini\videos\indoor\D31_V_indoor_panrot_0001.mp4;VISION;D31;Samsung;GalaxyS4Mini;DIGITAL_CAMERA;INDOOR;MP4;ORIGINAL;NONE
D:\MA\VISION\D31_Samsung_GalaxyS4Mini\videos\indoor\D31_V_indoor_panrot_0002.mp4;VISION;D31;Samsung;GalaxyS4Mini;DIGITAL_CAMERA;INDOOR;MP4;ORIGINAL;NONE
D:\MA\VISION\D31_Samsung_GalaxyS4Mini\videos\indoor\D31_V_indoor_still_0001.mp4;VISION;D31;Samsung;GalaxyS4Mini;DIGITAL_CAMERA;INDOOR;MP4;ORIGINAL;NONE
D:\MA\VISION\D31_Samsung_GalaxyS4Mini\videos\indoor\D31_V_indoor_still_0002.mp4;VISION;D31;Samsung;GalaxyS4Mini;DIGITAL_CAMERA;INDOOR;MP4;ORIGINAL;NONE
D:\MA\VISION\D31_Samsung_GalaxyS4Mini\videos\indoorWA\D31_V_indoorWA_move_0001.mp4;VISION;D31;Samsung;GalaxyS4Mini;DIGITAL_CAMERA;INDOOR;MP4;WHATSAPP;NONE
D:\MA\VISION\D31_Samsung_GalaxyS4Mini\videos\indoorWA\D31_V_indoorWA_move_0002.mp4;VISION;D31;Samsung;GalaxyS4Mini;DIGITAL_CAMERA;INDOOR;MP4;WHATSAPP;NONE
D:\MA\VISION\D31_Samsung_GalaxyS4Mini\videos\indoorWA\D31_V_indoorWA_panrot_0001.mp4;VISION;D31;Samsung;GalaxyS4Mini;DIGITAL_CAMERA;INDOOR;MP4;WHATSAPP;NONE
D:\MA\VISION\D31_Samsung_GalaxyS4Mini\videos\indoorWA\D31_V_indoorWA_panrot_0002.mp4;VISION;D31;Samsung;GalaxyS4Mini;DIGITAL_CAMERA;INDOOR;MP4;WHATSAPP;NONE
D:\MA\VISION\D31_Samsung_GalaxyS4Mini\videos\indoorWA\D31_V_indoorWA_still_0001.mp4;VISION;D31;Samsung;GalaxyS4Mini;DIGITAL_CAMERA;INDOOR;MP4;WHATSAPP;NONE
D:\MA\VISION\D31_Samsung_GalaxyS4Mini\videos\indoorWA\D31_V_indoorWA_still_0002.mp4;VISION;D31;Samsung;GalaxyS4Mini;DIGITAL_CAMERA;INDOOR;MP4;WHATSAPP;NONE
D:\MA\VISION\D31_Samsung_GalaxyS4Mini\videos\indoorYT\D31_V_indoorYT_move_0001.mp4;VISION;D31;Samsung;GalaxyS4Mini;DIGITAL_CAMERA;INDOOR;MP4;YOUTUBE;NONE
D:\MA\VISION\D31_Samsung_GalaxyS4Mini\videos\indoorYT\D31_V_indoorYT_move_0002.mp4;VISION;D31;Samsung;GalaxyS4Mini;DIGITAL_CAMERA;INDOOR;MP4;YOUTUBE;NONE
D:\MA\VISION\D31_Samsung_GalaxyS4Mini\videos\indoorYT\D31_V_indoorYT_panrot_0001.mp4;VISION;D31;Samsung;GalaxyS4Mini;DIGITAL_CAMERA;INDOOR;MP4;YOUTUBE;NONE
D:\MA\VISION\D31_Samsung_GalaxyS4Mini\videos\indoorYT\D31_V_indoorYT_panrot_0002.mp4;VISION;D31;Samsung;GalaxyS4Mini;DIGITAL_CAMERA;INDOOR;MP4;YOUTUBE;NONE
D:\MA\VISION\D31_Samsung_GalaxyS4Mini\videos\indoorYT\D31_V_indoorYT_still_0001.mp4;VISION;D31;Samsung;GalaxyS4Mini;DIGITAL_CAMERA;INDOOR;MP4;YOUTUBE;NONE
D:\MA\VISION\D31_Samsung_GalaxyS4Mini\videos\indoorYT\D31_V_indoorYT_still_0002.mp4;VISION;D31;Samsung;GalaxyS4Mini;DIGITAL_CAMERA;INDOOR;MP4;YOUTUBE;NONE
D:\MA\VISION\D31_Samsung_GalaxyS4Mini\videos\outdoor\D31_V_outdoor_move_0001.mp4;VISION;D31;Samsung;GalaxyS4Mini;DIGITAL_CAMERA;OUTDOOR;MP4;ORIGINAL;NONE
D:\MA\VISION\D31_Samsung_GalaxyS4Mini\videos\outdoor\D31_V_outdoor_move_0002.mp4;VISION;D31;Samsung;GalaxyS4Mini;DIGITAL_CAMERA;OUTDOOR;MP4;ORIGINAL;NONE
D:\MA\VISION\D31_Samsung_GalaxyS4Mini\videos\outdoor\D31_V_outdoor_panrot_0001.mp4;VISION;D31;Samsung;GalaxyS4Mini;DIGITAL_CAMERA;OUTDOOR;MP4;ORIGINAL;NONE
D:\MA\VISION\D31_Samsung_GalaxyS4Mini\videos\outdoor\D31_V_outdoor_panrot_0002.mp4;VISION;D31;Samsung;GalaxyS4Mini;DIGITAL_CAMERA;OUTDOOR;MP4;ORIGINAL;NONE
D:\MA\VISION\D31_Samsung_GalaxyS4Mini\videos\outdoor\D31_V_outdoor_still_0001.mp4;VISION;D31;Samsung;GalaxyS4Mini;DIGITAL_CAMERA;OUTDOOR;MP4;ORIGINAL;NONE
D:\MA\VISION\D31_Samsung_GalaxyS4Mini\videos\outdoor\D31_V_outdoor_still_0002.mp4;VISION;D31;Samsung;GalaxyS4Mini;DIGITAL_CAMERA;OUTDOOR;MP4;ORIGINAL;NONE
D:\MA\VISION\D31_Samsung_GalaxyS4Mini\videos\outdoorWA\D31_V_outdoorWA_move_0001.mp4;VISION;D31;Samsung;GalaxyS4Mini;DIGITAL_CAMERA;OUTDOOR;MP4;WHATSAPP;NONE
D:\MA\VISION\D31_Samsung_GalaxyS4Mini\videos\outdoorWA\D31_V_outdoorWA_move_0002.mp4;VISION;D31;Samsung;GalaxyS4Mini;DIGITAL_CAMERA;OUTDOOR;MP4;WHATSAPP;NONE
D:\MA\VISION\D31_Samsung_GalaxyS4Mini\videos\outdoorWA\D31_V_outdoorWA_panrot_0001.mp4;VISION;D31;Samsung;GalaxyS4Mini;DIGITAL_CAMERA;OUTDOOR;MP4;WHATSAPP;NONE
D:\MA\VISION\D31_Samsung_GalaxyS4Mini\videos\outdoorWA\D31_V_outdoorWA_panrot_0002.mp4;VISION;D31;Samsung;GalaxyS4Mini;DIGITAL_CAMERA;OUTDOOR;MP4;WHATSAPP;NONE
D:\MA\VISION\D31_Samsung_GalaxyS4Mini\videos\outdoorWA\D31_V_outdoorWA_still_0001.mp4;VISION;D31;Samsung;GalaxyS4Mini;DIGITAL_CAMERA;OUTDOOR;MP4;WHATSAPP;NONE
D:\MA\VISION\D31_Samsung_GalaxyS4Mini\videos\outdoorWA\D31_V_outdoorWA_still_0002.mp4;VISION;D31;Samsung;GalaxyS4Mini;DIGITAL_CAMERA;OUTDOOR;MP4;WHATSAPP;NONE
D:\MA\VISION\D31_Samsung_GalaxyS4Mini\videos\outdoorYT\D31_V_outdoorYT_move_0001.mp4;VISION;D31;Samsung;GalaxyS4Mini;DIGITAL_CAMERA;OUTDOOR;MP4;YOUTUBE;NONE
D:\MA\VISION\D31_Samsung_GalaxyS4Mini\videos\outdoorYT\D31_V_outdoorYT_move_0002.mp4;VISION;D31;Samsung;GalaxyS4Mini;DIGITAL_CAMERA;OUTDOOR;MP4;YOUTUBE;NONE
D:\MA\VISION\D31_Samsung_GalaxyS4Mini\videos\outdoorYT\D31_V_outdoorYT_panrot_0001.mp4;VISION;D31;Samsung;GalaxyS4Mini;DIGITAL_CAMERA;OUTDOOR;MP4;YOUTUBE;NONE
D:\MA\VISION\D31_Samsung_GalaxyS4Mini\videos\outdoorYT\D31_V_outdoorYT_panrot_0002.mp4;VISION;D31;Samsung;GalaxyS4Mini;DIGITAL_CAMERA;OUTDOOR;MP4;YOUTUBE;NONE
D:\MA\VISION\D31_Samsung_GalaxyS4Mini\videos\outdoorYT\D31_V_outdoorYT_still_0001.mp4;VISION;D31;Samsung;GalaxyS4Mini;DIGITAL_CAMERA;OUTDOOR;MP4;YOUTUBE;NONE
D:\MA\VISION\D31_Samsung_GalaxyS4Mini\videos\outdoorYT\D31_V_outdoorYT_still_0002.mp4;VISION;D31;Samsung;GalaxyS4Mini;DIGITAL_CAMERA;OUTDOOR;MP4;YOUTUBE;NONE
D:\MA\VISION\D30_Huawei_Honor5c\videos\flat\D30_V_flat_move_0001.mp4;VISION;D30;Huawei;Honor5;DIGITAL_CAMERA;FLAT;MP4;ORIGINAL;NONE
D:\MA\VISION\D30_Huawei_Honor5c\videos\flat\D30_V_flat_move_0002.mp4;VISION;D30;Huawei;Honor5;DIGITAL_CAMERA;FLAT;MP4;ORIGINAL;NONE
D:\MA\VISION\D30_Huawei_Honor5c\videos\flat\D30_V_flat_move_0003.mp4;VISION;D30;Huawei;Honor5;DIGITAL_CAMERA;FLAT;MP4;ORIGINAL;NONE
D:\MA\VISION\D30_Huawei_Honor5c\videos\flat\D30_V_flat_panrot_0001.mp4;VISION;D30;Huawei;Honor5;DIGITAL_CAMERA;FLAT;MP4;ORIGINAL;NONE
D:\MA\VISION\D30_Huawei_Honor5c\videos\flat\D30_V_flat_panrot_0002.mp4;VISION;D30;Huawei;Honor5;DIGITAL_CAMERA;FLAT;MP4;ORIGINAL;NONE
D:\MA\VISION\D30_Huawei_Honor5c\videos\flat\D30_V_flat_still_0001.mp4;VISION;D30;Huawei;Honor5;DIGITAL_CAMERA;FLAT;MP4;ORIGINAL;NONE
D:\MA\VISION\D30_Huawei_Honor5c\videos\flat\D30_V_flat_still_0002.mp4;VISION;D30;Huawei;Honor5;DIGITAL_CAMERA;FLAT;MP4;ORIGINAL;NONE
D:\MA\VISION\D30_Huawei_Honor5c\videos\flatWA\D30_V_flatWA_move_0001.mp4;VISION;D30;Huawei;Honor5;DIGITAL_CAMERA;FLAT;MP4;WHATSAPP;NONE
D:\MA\VISION\D30_Huawei_Honor5c\videos\flatWA\D30_V_flatWA_move_0002.mp4;VISION;D30;Huawei;Honor5;DIGITAL_CAMERA;FLAT;MP4;WHATSAPP;NONE
D:\MA\VISION\D30_Huawei_Honor5c\videos\flatWA\D30_V_flatWA_move_0003.mp4;VISION;D30;Huawei;Honor5;DIGITAL_CAMERA;FLAT;MP4;WHATSAPP;NONE
D:\MA\VISION\D30_Huawei_Honor5c\videos\flatWA\D30_V_flatWA_panrot_0001.mp4;VISION;D30;Huawei;Honor5;DIGITAL_CAMERA;FLAT;MP4;WHATSAPP;NONE
D:\MA\VISION\D30_Huawei_Honor5c\videos\flatWA\D30_V_flatWA_panrot_0002.mp4;VISION;D30;Huawei;Honor5;DIGITAL_CAMERA;FLAT;MP4;WHATSAPP;NONE
D:\MA\VISION\D30_Huawei_Honor5c\videos\flatWA\D30_V_flatWA_still_0001.mp4;VISION;D30;Huawei;Honor5;DIGITAL_CAMERA;FLAT;MP4;WHATSAPP;NONE
D:\MA\VISION\D30_Huawei_Honor5c\videos\flatWA\D30_V_flatWA_still_0002.mp4;VISION;D30;Huawei;Honor5;DIGITAL_CAMERA;FLAT;MP4;WHATSAPP;NONE
D:\MA\VISION\D30_Huawei_Honor5c\videos\flatYT\D30_V_flatYT_move_0001.mp4;VISION;D30;Huawei;Honor5;DIGITAL_CAMERA;FLAT;MP4;YOUTUBE;NONE
D:\MA\VISION\D30_Huawei_Honor5c\videos\flatYT\D30_V_flatYT_move_0002.mp4;VISION;D30;Huawei;Honor5;DIGITAL_CAMERA;FLAT;MP4;YOUTUBE;NONE
D:\MA\VISION\D30_Huawei_Honor5c\videos\flatYT\D30_V_flatYT_move_0003.mp4;VISION;D30;Huawei;Honor5;DIGITAL_CAMERA;FLAT;MP4;YOUTUBE;NONE
D:\MA\VISION\D30_Huawei_Honor5c\videos\flatYT\D30_V_flatYT_panrot_0001.mp4;VISION;D30;Huawei;Honor5;DIGITAL_CAMERA;FLAT;MP4;YOUTUBE;NONE
D:\MA\VISION\D30_Huawei_Honor5c\videos\flatYT\D30_V_flatYT_panrot_0002.mp4;VISION;D30;Huawei;Honor5;DIGITAL_CAMERA;FLAT;MP4;YOUTUBE;NONE
D:\MA\VISION\D30_Huawei_Honor5c\videos\flatYT\D30_V_flatYT_still_0001.mp4;VISION;D30;Huawei;Honor5;DIGITAL_CAMERA;FLAT;MP4;YOUTUBE;NONE
D:\MA\VISION\D30_Huawei_Honor5c\videos\flatYT\D30_V_flatYT_still_0002.mp4;VISION;D30;Huawei;Honor5;DIGITAL_CAMERA;FLAT;MP4;YOUTUBE;NONE
D:\MA\VISION\D30_Huawei_Honor5c\videos\indoor\D30_V_indoor_move_0001.mp4;VISION;D30;Huawei;Honor5;DIGITAL_CAMERA;INDOOR;MP4;ORIGINAL;NONE
D:\MA\VISION\D30_Huawei_Honor5c\videos\indoor\D30_V_indoor_move_0002.mp4;VISION;D30;Huawei;Honor5;DIGITAL_CAMERA;INDOOR;MP4;ORIGINAL;NONE
D:\MA\VISION\D30_Huawei_Honor5c\videos\indoor\D30_V_indoor_panrot_0001.mp4;VISION;D30;Huawei;Honor5;DIGITAL_CAMERA;INDOOR;MP4;ORIGINAL;NONE
D:\MA\VISION\D30_Huawei_Honor5c\videos\indoor\D30_V_indoor_panrot_0002.mp4;VISION;D30;Huawei;Honor5;DIGITAL_CAMERA;INDOOR;MP4;ORIGINAL;NONE
D:\MA\VISION\D30_Huawei_Honor5c\videos\indoor\D30_V_indoor_still_0001.mp4;VISION;D30;Huawei;Honor5;DIGITAL_CAMERA;INDOOR;MP4;ORIGINAL;NONE
D:\MA\VISION\D30_Huawei_Honor5c\videos\indoor\D30_V_indoor_still_0002.mp4;VISION;D30;Huawei;Honor5;DIGITAL_CAMERA;INDOOR;MP4;ORIGINAL;NONE
D:\MA\VISION\D30_Huawei_Honor5c\videos\indoorWA\D30_V_indoorWA_move_0001.mp4;VISION;D30;Huawei;Honor5;DIGITAL_CAMERA;INDOOR;MP4;WHATSAPP;NONE
D:\MA\VISION\D30_Huawei_Honor5c\videos\indoorWA\D30_V_indoorWA_move_0002.mp4;VISION;D30;Huawei;Honor5;DIGITAL_CAMERA;INDOOR;MP4;WHATSAPP;NONE
D:\MA\VISION\D30_Huawei_Honor5c\videos\indoorWA\D30_V_indoorWA_panrot_0001.mp4;VISION;D30;Huawei;Honor5;DIGITAL_CAMERA;INDOOR;MP4;WHATSAPP;NONE
D:\MA\VISION\D30_Huawei_Honor5c\videos\indoorWA\D30_V_indoorWA_panrot_0002.mp4;VISION;D30;Huawei;Honor5;DIGITAL_CAMERA;INDOOR;MP4;WHATSAPP;NONE
D:\MA\VISION\D30_Huawei_Honor5c\videos\indoorWA\D30_V_indoorWA_still_0001.mp4;VISION;D30;Huawei;Honor5;DIGITAL_CAMERA;INDOOR;MP4;WHATSAPP;NONE
D:\MA\VISION\D30_Huawei_Honor5c\videos\indoorWA\D30_V_indoorWA_still_0002.mp4;VISION;D30;Huawei;Honor5;DIGITAL_CAMERA;INDOOR;MP4;WHATSAPP;NONE
D:\MA\VISION\D30_Huawei_Honor5c\videos\indoorYT\D30_V_indoorYT_move_0001.mp4;VISION;D30;Huawei;Honor5;DIGITAL_CAMERA;INDOOR;MP4;YOUTUBE;NONE
D:\MA\VISION\D30_Huawei_Honor5c\videos\indoorYT\D30_V_indoorYT_move_0002.mp4;VISION;D30;Huawei;Honor5;DIGITAL_CAMERA;INDOOR;MP4;YOUTUBE;NONE
D:\MA\VISION\D30_Huawei_Honor5c\videos\indoorYT\D30_V_indoorYT_panrot_0001.mp4;VISION;D30;Huawei;Honor5;DIGITAL_CAMERA;INDOOR;MP4;YOUTUBE;NONE
D:\MA\VISION\D30_Huawei_Honor5c\videos\indoorYT\D30_V_indoorYT_panrot_0002.mp4;VISION;D30;Huawei;Honor5;DIGITAL_CAMERA;INDOOR;MP4;YOUTUBE;NONE
D:\MA\VISION\D30_Huawei_Honor5c\videos\indoorYT\D30_V_indoorYT_still_0001.mp4;VISION;D30;Huawei;Honor5;DIGITAL_CAMERA;INDOOR;MP4;YOUTUBE;NONE
D:\MA\VISION\D30_Huawei_Honor5c\videos\indoorYT\D30_V_indoorYT_still_0002.mp4;VISION;D30;Huawei;Honor5;DIGITAL_CAMERA;INDOOR;MP4;YOUTUBE;NONE
D:\MA\VISION\D30_Huawei_Honor5c\videos\outdoor\D30_V_outdoor_move_0001.mp4;VISION;D30;Huawei;Honor5;DIGITAL_CAMERA;OUTDOOR;MP4;ORIGINAL;NONE
D:\MA\VISION\D30_Huawei_Honor5c\videos\outdoor\D30_V_outdoor_move_0002.mp4;VISION;D30;Huawei;Honor5;DIGITAL_CAMERA;OUTDOOR;MP4;ORIGINAL;NONE
D:\MA\VISION\D30_Huawei_Honor5c\videos\outdoor\D30_V_outdoor_panrot_0001.mp4;VISION;D30;Huawei;Honor5;DIGITAL_CAMERA;OUTDOOR;MP4;ORIGINAL;NONE
D:\MA\VISION\D30_Huawei_Honor5c\videos\outdoor\D30_V_outdoor_panrot_0002.mp4;VISION;D30;Huawei;Honor5;DIGITAL_CAMERA;OUTDOOR;MP4;ORIGINAL;NONE
D:\MA\VISION\D30_Huawei_Honor5c\videos\outdoor\D30_V_outdoor_still_0001.mp4;VISION;D30;Huawei;Honor5;DIGITAL_CAMERA;OUTDOOR;MP4;ORIGINAL;NONE
D:\MA\VISION\D30_Huawei_Honor5c\videos\outdoor\D30_V_outdoor_still_0002.mp4;VISION;D30;Huawei;Honor5;DIGITAL_CAMERA;OUTDOOR;MP4;ORIGINAL;NONE
D:\MA\VISION\D30_Huawei_Honor5c\videos\outdoorWA\D30_V_outdoorWA_move_0001.mp4;VISION;D30;Huawei;Honor5;DIGITAL_CAMERA;OUTDOOR;MP4;WHATSAPP;NONE
D:\MA\VISION\D30_Huawei_Honor5c\videos\outdoorWA\D30_V_outdoorWA_move_0002.mp4;VISION;D30;Huawei;Honor5;DIGITAL_CAMERA;OUTDOOR;MP4;WHATSAPP;NONE
D:\MA\VISION\D30_Huawei_Honor5c\videos\outdoorWA\D30_V_outdoorWA_panrot_0001.mp4;VISION;D30;Huawei;Honor5;DIGITAL_CAMERA;OUTDOOR;MP4;WHATSAPP;NONE
D:\MA\VISION\D30_Huawei_Honor5c\videos\outdoorWA\D30_V_outdoorWA_panrot_0002.mp4;VISION;D30;Huawei;Honor5;DIGITAL_CAMERA;OUTDOOR;MP4;WHATSAPP;NONE
D:\MA\VISION\D30_Huawei_Honor5c\videos\outdoorWA\D30_V_outdoorWA_still_0001.mp4;VISION;D30;Huawei;Honor5;DIGITAL_CAMERA;OUTDOOR;MP4;WHATSAPP;NONE
D:\MA\VISION\D30_Huawei_Honor5c\videos\outdoorWA\D30_V_outdoorWA_still_0002.mp4;VISION;D30;Huawei;Honor5;DIGITAL_CAMERA;OUTDOOR;MP4;WHATSAPP;NONE
D:\MA\VISION\D30_Huawei_Honor5c\videos\outdoorYT\D30_V_outdoorYT_move_0001.mp4;VISION;D30;Huawei;Honor5;DIGITAL_CAMERA;OUTDOOR;MP4;YOUTUBE;NONE
D:\MA\VISION\D30_Huawei_Honor5c\videos\outdoorYT\D30_V_outdoorYT_move_0002.mp4;VISION;D30;Huawei;Honor5;DIGITAL_CAMERA;OUTDOOR;MP4;YOUTUBE;NONE
D:\MA\VISION\D30_Huawei_Honor5c\videos\outdoorYT\D30_V_outdoorYT_panrot_0001.mp4;VISION;D30;Huawei;Honor5;DIGITAL_CAMERA;OUTDOOR;MP4;YOUTUBE;NONE
D:\MA\VISION\D30_Huawei_Honor5c\videos\outdoorYT\D30_V_outdoorYT_panrot_0002.mp4;VISION;D30;Huawei;Honor5;DIGITAL_CAMERA;OUTDOOR;MP4;YOUTUBE;NONE
D:\MA\VISION\D30_Huawei_Honor5c\videos\outdoorYT\D30_V_outdoorYT_still_0001.mp4;VISION;D30;Huawei;Honor5;DIGITAL_CAMERA;OUTDOOR;MP4;YOUTUBE;NONE
D:\MA\VISION\D30_Huawei_Honor5c\videos\outdoorYT\D30_V_outdoorYT_still_0002.mp4;VISION;D30;Huawei;Honor5;DIGITAL_CAMERA;OUTDOOR;MP4;YOUTUBE;NONE
D:\MA\VISION\D29_Apple_iPhone5\videos\flat\D29_V_flat_move_0001.mov;VISION;D29;Apple;iPhone5;DIGITAL_CAMERA;FLAT;MOV;ORIGINAL;NONE
D:\MA\VISION\D29_Apple_iPhone5\videos\flat\D29_V_flat_move_0002.mov;VISION;D29;Apple;iPhone5;DIGITAL_CAMERA;FLAT;MOV;ORIGINAL;NONE
D:\MA\VISION\D29_Apple_iPhone5\videos\flat\D29_V_flat_move_0003.mov;VISION;D29;Apple;iPhone5;DIGITAL_CAMERA;FLAT;MOV;ORIGINAL;NONE
D:\MA\VISION\D29_Apple_iPhone5\videos\flat\D29_V_flat_panrot_0001.mov;VISION;D29;Apple;iPhone5;DIGITAL_CAMERA;FLAT;MOV;ORIGINAL;NONE
D:\MA\VISION\D29_Apple_iPhone5\videos\flat\D29_V_flat_panrot_0002.mov;VISION;D29;Apple;iPhone5;DIGITAL_CAMERA;FLAT;MOV;ORIGINAL;NONE
D:\MA\VISION\D29_Apple_iPhone5\videos\flat\D29_V_flat_still_0001.mov;VISION;D29;Apple;iPhone5;DIGITAL_CAMERA;FLAT;MOV;ORIGINAL;NONE
D:\MA\VISION\D29_Apple_iPhone5\videos\flat\D29_V_flat_still_0002.mov;VISION;D29;Apple;iPhone5;DIGITAL_CAMERA;FLAT;MOV;ORIGINAL;NONE
D:\MA\VISION\D29_Apple_iPhone5\videos\flatWA\D29_V_flatWA_move_0001.mp4;VISION;D29;Apple;iPhone5;DIGITAL_CAMERA;FLAT;MP4;WHATSAPP;NONE
D:\MA\VISION\D29_Apple_iPhone5\videos\flatWA\D29_V_flatWA_move_0002.mp4;VISION;D29;Apple;iPhone5;DIGITAL_CAMERA;FLAT;MP4;WHATSAPP;NONE
D:\MA\VISION\D29_Apple_iPhone5\videos\flatWA\D29_V_flatWA_move_0003.mp4;VISION;D29;Apple;iPhone5;DIGITAL_CAMERA;FLAT;MP4;WHATSAPP;NONE
D:\MA\VISION\D29_Apple_iPhone5\videos\flatWA\D29_V_flatWA_panrot_0001.mp4;VISION;D29;Apple;iPhone5;DIGITAL_CAMERA;FLAT;MP4;WHATSAPP;NONE
D:\MA\VISION\D29_Apple_iPhone5\videos\flatWA\D29_V_flatWA_panrot_0002.mp4;VISION;D29;Apple;iPhone5;DIGITAL_CAMERA;FLAT;MP4;WHATSAPP;NONE
D:\MA\VISION\D29_Apple_iPhone5\videos\flatWA\D29_V_flatWA_still_0001.mp4;VISION;D29;Apple;iPhone5;DIGITAL_CAMERA;FLAT;MP4;WHATSAPP;NONE
D:\MA\VISION\D29_Apple_iPhone5\videos\flatWA\D29_V_flatWA_still_0002.mp4;VISION;D29;Apple;iPhone5;DIGITAL_CAMERA;FLAT;MP4;WHATSAPP;NONE
D:\MA\VISION\D29_Apple_iPhone5\videos\flatYT\D29_V_flatYT_move_0001.mp4;VISION;D29;Apple;iPhone5;DIGITAL_CAMERA;FLAT;MP4;YOUTUBE;NONE
D:\MA\VISION\D29_Apple_iPhone5\videos\flatYT\D29_V_flatYT_move_0002.mp4;VISION;D29;Apple;iPhone5;DIGITAL_CAMERA;FLAT;MP4;YOUTUBE;NONE
D:\MA\VISION\D29_Apple_iPhone5\videos\flatYT\D29_V_flatYT_move_0003.mp4;VISION;D29;Apple;iPhone5;DIGITAL_CAMERA;FLAT;MP4;YOUTUBE;NONE
D:\MA\VISION\D29_Apple_iPhone5\videos\flatYT\D29_V_flatYT_panrot_0001.mp4;VISION;D29;Apple;iPhone5;DIGITAL_CAMERA;FLAT;MP4;YOUTUBE;NONE
D:\MA\VISION\D29_Apple_iPhone5\videos\flatYT\D29_V_flatYT_panrot_0002.mp4;VISION;D29;Apple;iPhone5;DIGITAL_CAMERA;FLAT;MP4;YOUTUBE;NONE
D:\MA\VISION\D29_Apple_iPhone5\videos\flatYT\D29_V_flatYT_still_0001.mp4;VISION;D29;Apple;iPhone5;DIGITAL_CAMERA;FLAT;MP4;YOUTUBE;NONE
D:\MA\VISION\D29_Apple_iPhone5\videos\flatYT\D29_V_flatYT_still_0002.mp4;VISION;D29;Apple;iPhone5;DIGITAL_CAMERA;FLAT;MP4;YOUTUBE;NONE
D:\MA\VISION\D29_Apple_iPhone5\videos\indoor\D29_V_indoor_move_0001.mov;VISION;D29;Apple;iPhone5;DIGITAL_CAMERA;INDOOR;MOV;ORIGINAL;NONE
D:\MA\VISION\D29_Apple_iPhone5\videos\indoor\D29_V_indoor_move_0002.mov;VISION;D29;Apple;iPhone5;DIGITAL_CAMERA;INDOOR;MOV;ORIGINAL;NONE
D:\MA\VISION\D29_Apple_iPhone5\videos\indoor\D29_V_indoor_panrot_0001.mov;VISION;D29;Apple;iPhone5;DIGITAL_CAMERA;INDOOR;MOV;ORIGINAL;NONE
D:\MA\VISION\D29_Apple_iPhone5\videos\indoor\D29_V_indoor_panrot_0002.mov;VISION;D29;Apple;iPhone5;DIGITAL_CAMERA;INDOOR;MOV;ORIGINAL;NONE
D:\MA\VISION\D29_Apple_iPhone5\videos\indoor\D29_V_indoor_still_0001.mov;VISION;D29;Apple;iPhone5;DIGITAL_CAMERA;INDOOR;MOV;ORIGINAL;NONE
D:\MA\VISION\D29_Apple_iPhone5\videos\indoor\D29_V_indoor_still_0002.mov;VISION;D29;Apple;iPhone5;DIGITAL_CAMERA;INDOOR;MOV;ORIGINAL;NONE
D:\MA\VISION\D29_Apple_iPhone5\videos\indoorWA\D29_V_indoorWA_move_0001.mp4;VISION;D29;Apple;iPhone5;DIGITAL_CAMERA;INDOOR;MP4;WHATSAPP;NONE
D:\MA\VISION\D29_Apple_iPhone5\videos\indoorWA\D29_V_indoorWA_move_0002.mp4;VISION;D29;Apple;iPhone5;DIGITAL_CAMERA;INDOOR;MP4;WHATSAPP;NONE
D:\MA\VISION\D29_Apple_iPhone5\videos\indoorWA\D29_V_indoorWA_panrot_0001.mp4;VISION;D29;Apple;iPhone5;DIGITAL_CAMERA;INDOOR;MP4;WHATSAPP;NONE
D:\MA\VISION\D29_Apple_iPhone5\videos\indoorWA\D29_V_indoorWA_panrot_0002.mp4;VISION;D29;Apple;iPhone5;DIGITAL_CAMERA;INDOOR;MP4;WHATSAPP;NONE
D:\MA\VISION\D29_Apple_iPhone5\videos\indoorWA\D29_V_indoorWA_still_0001.mp4;VISION;D29;Apple;iPhone5;DIGITAL_CAMERA;INDOOR;MP4;WHATSAPP;NONE
D:\MA\VISION\D29_Apple_iPhone5\videos\indoorWA\D29_V_indoorWA_still_0002.mp4;VISION;D29;Apple;iPhone5;DIGITAL_CAMERA;INDOOR;MP4;WHATSAPP;NONE
D:\MA\VISION\D29_Apple_iPhone5\videos\indoorYT\D29_V_indoorYT_move_0001.mp4;VISION;D29;Apple;iPhone5;DIGITAL_CAMERA;INDOOR;MP4;YOUTUBE;NONE
D:\MA\VISION\D29_Apple_iPhone5\videos\indoorYT\D29_V_indoorYT_move_0002.mp4;VISION;D29;Apple;iPhone5;DIGITAL_CAMERA;INDOOR;MP4;YOUTUBE;NONE
D:\MA\VISION\D29_Apple_iPhone5\videos\indoorYT\D29_V_indoorYT_panrot_0001.mp4;VISION;D29;Apple;iPhone5;DIGITAL_CAMERA;INDOOR;MP4;YOUTUBE;NONE
D:\MA\VISION\D29_Apple_iPhone5\videos\indoorYT\D29_V_indoorYT_panrot_0002.mp4;VISION;D29;Apple;iPhone5;DIGITAL_CAMERA;INDOOR;MP4;YOUTUBE;NONE
D:\MA\VISION\D29_Apple_iPhone5\videos\indoorYT\D29_V_indoorYT_still_0001.mp4;VISION;D29;Apple;iPhone5;DIGITAL_CAMERA;INDOOR;MP4;YOUTUBE;NONE
D:\MA\VISION\D29_Apple_iPhone5\videos\indoorYT\D29_V_indoorYT_still_0002.mp4;VISION;D29;Apple;iPhone5;DIGITAL_CAMERA;INDOOR;MP4;YOUTUBE;NONE
D:\MA\VISION\D29_Apple_iPhone5\videos\outdoor\D29_V_outdoor_move_0001.mov;VISION;D29;Apple;iPhone5;DIGITAL_CAMERA;OUTDOOR;MOV;ORIGINAL;NONE
D:\MA\VISION\D29_Apple_iPhone5\videos\outdoor\D29_V_outdoor_move_0002.mov;VISION;D29;Apple;iPhone5;DIGITAL_CAMERA;OUTDOOR;MOV;ORIGINAL;NONE
D:\MA\VISION\D29_Apple_iPhone5\videos\outdoor\D29_V_outdoor_panrot_0001.mov;VISION;D29;Apple;iPhone5;DIGITAL_CAMERA;OUTDOOR;MOV;ORIGINAL;NONE
D:\MA\VISION\D29_Apple_iPhone5\videos\outdoor\D29_V_outdoor_panrot_0002.mov;VISION;D29;Apple;iPhone5;DIGITAL_CAMERA;OUTDOOR;MOV;ORIGINAL;NONE
D:\MA\VISION\D29_Apple_iPhone5\videos\outdoor\D29_V_outdoor_still_0001.mov;VISION;D29;Apple;iPhone5;DIGITAL_CAMERA;OUTDOOR;MOV;ORIGINAL;NONE
D:\MA\VISION\D29_Apple_iPhone5\videos\outdoor\D29_V_outdoor_still_0002.mov;VISION;D29;Apple;iPhone5;DIGITAL_CAMERA;OUTDOOR;MOV;ORIGINAL;NONE
D:\MA\VISION\D29_Apple_iPhone5\videos\outdoorWA\D29_V_outdoorWA_move_0001.mp4;VISION;D29;Apple;iPhone5;DIGITAL_CAMERA;OUTDOOR;MP4;WHATSAPP;NONE
D:\MA\VISION\D29_Apple_iPhone5\videos\outdoorWA\D29_V_outdoorWA_move_0002.mp4;VISION;D29;Apple;iPhone5;DIGITAL_CAMERA;OUTDOOR;MP4;WHATSAPP;NONE
D:\MA\VISION\D29_Apple_iPhone5\videos\outdoorWA\D29_V_outdoorWA_panrot_0001.mp4;VISION;D29;Apple;iPhone5;DIGITAL_CAMERA;OUTDOOR;MP4;WHATSAPP;NONE
D:\MA\VISION\D29_Apple_iPhone5\videos\outdoorWA\D29_V_outdoorWA_panrot_0002.mp4;VISION;D29;Apple;iPhone5;DIGITAL_CAMERA;OUTDOOR;MP4;WHATSAPP;NONE
D:\MA\VISION\D29_Apple_iPhone5\videos\outdoorWA\D29_V_outdoorWA_still_0001.mp4;VISION;D29;Apple;iPhone5;DIGITAL_CAMERA;OUTDOOR;MP4;WHATSAPP;NONE
D:\MA\VISION\D29_Apple_iPhone5\videos\outdoorWA\D29_V_outdoorWA_still_0002.mp4;VISION;D29;Apple;iPhone5;DIGITAL_CAMERA;OUTDOOR;MP4;WHATSAPP;NONE
D:\MA\VISION\D29_Apple_iPhone5\videos\outdoorYT\D29_V_outdoorYT_move_0001.mp4;VISION;D29;Apple;iPhone5;DIGITAL_CAMERA;OUTDOOR;MP4;YOUTUBE;NONE
D:\MA\VISION\D29_Apple_iPhone5\videos\outdoorYT\D29_V_outdoorYT_move_0002.mp4;VISION;D29;Apple;iPhone5;DIGITAL_CAMERA;OUTDOOR;MP4;YOUTUBE;NONE
D:\MA\VISION\D29_Apple_iPhone5\videos\outdoorYT\D29_V_outdoorYT_panrot_0001.mp4;VISION;D29;Apple;iPhone5;DIGITAL_CAMERA;OUTDOOR;MP4;YOUTUBE;NONE
D:\MA\VISION\D29_Apple_iPhone5\videos\outdoorYT\D29_V_outdoorYT_panrot_0002.mp4;VISION;D29;Apple;iPhone5;DIGITAL_CAMERA;OUTDOOR;MP4;YOUTUBE;NONE
D:\MA\VISION\D29_Apple_iPhone5\videos\outdoorYT\D29_V_outdoorYT_still_0001.mp4;VISION;D29;Apple;iPhone5;DIGITAL_CAMERA;OUTDOOR;MP4;YOUTUBE;NONE
D:\MA\VISION\D29_Apple_iPhone5\videos\outdoorYT\D29_V_outdoorYT_still_0002.mp4;VISION;D29;Apple;iPhone5;DIGITAL_CAMERA;OUTDOOR;MP4;YOUTUBE;NONE
D:\MA\VISION\D28_Huawei_P8\videos\flat\D28_V_flat_move_0001.mp4;VISION;D28;Huawei;P89;DIGITAL_CAMERA;FLAT;MP4;ORIGINAL;NONE
D:\MA\VISION\D28_Huawei_P8\videos\flat\D28_V_flat_move_0002.mp4;VISION;D28;Huawei;P89;DIGITAL_CAMERA;FLAT;MP4;ORIGINAL;NONE
D:\MA\VISION\D28_Huawei_P8\videos\flat\D28_V_flat_move_0003.mp4;VISION;D28;Huawei;P89;DIGITAL_CAMERA;FLAT;MP4;ORIGINAL;NONE
D:\MA\VISION\D28_Huawei_P8\videos\flat\D28_V_flat_panrot_0001.mp4;VISION;D28;Huawei;P89;DIGITAL_CAMERA;FLAT;MP4;ORIGINAL;NONE
D:\MA\VISION\D28_Huawei_P8\videos\flat\D28_V_flat_panrot_0002.mp4;VISION;D28;Huawei;P89;DIGITAL_CAMERA;FLAT;MP4;ORIGINAL;NONE
D:\MA\VISION\D28_Huawei_P8\videos\flat\D28_V_flat_still_0001.mp4;VISION;D28;Huawei;P89;DIGITAL_CAMERA;FLAT;MP4;ORIGINAL;NONE
D:\MA\VISION\D28_Huawei_P8\videos\flat\D28_V_flat_still_0002.mp4;VISION;D28;Huawei;P89;DIGITAL_CAMERA;FLAT;MP4;ORIGINAL;NONE
D:\MA\VISION\D28_Huawei_P8\videos\flatWA\D28_V_flatWA_move_0001.mp4;VISION;D28;Huawei;P89;DIGITAL_CAMERA;FLAT;MP4;WHATSAPP;NONE
D:\MA\VISION\D28_Huawei_P8\videos\flatWA\D28_V_flatWA_move_0002.mp4;VISION;D28;Huawei;P89;DIGITAL_CAMERA;FLAT;MP4;WHATSAPP;NONE
D:\MA\VISION\D28_Huawei_P8\videos\flatWA\D28_V_flatWA_move_0003.mp4;VISION;D28;Huawei;P89;DIGITAL_CAMERA;FLAT;MP4;WHATSAPP;NONE
D:\MA\VISION\D28_Huawei_P8\videos\flatWA\D28_V_flatWA_panrot_0001.mp4;VISION;D28;Huawei;P89;DIGITAL_CAMERA;FLAT;MP4;WHATSAPP;NONE
D:\MA\VISION\D28_Huawei_P8\videos\flatWA\D28_V_flatWA_panrot_0002.mp4;VISION;D28;Huawei;P89;DIGITAL_CAMERA;FLAT;MP4;WHATSAPP;NONE
D:\MA\VISION\D28_Huawei_P8\videos\flatWA\D28_V_flatWA_still_0001.mp4;VISION;D28;Huawei;P89;DIGITAL_CAMERA;FLAT;MP4;WHATSAPP;NONE
D:\MA\VISION\D28_Huawei_P8\videos\flatWA\D28_V_flatWA_still_0002.mp4;VISION;D28;Huawei;P89;DIGITAL_CAMERA;FLAT;MP4;WHATSAPP;NONE
D:\MA\VISION\D28_Huawei_P8\videos\flatYT\D28_V_flatYT_move_0001.mp4;VISION;D28;Huawei;P89;DIGITAL_CAMERA;FLAT;MP4;YOUTUBE;NONE
D:\MA\VISION\D28_Huawei_P8\videos\flatYT\D28_V_flatYT_move_0002.mp4;VISION;D28;Huawei;P89;DIGITAL_CAMERA;FLAT;MP4;YOUTUBE;NONE
D:\MA\VISION\D28_Huawei_P8\videos\flatYT\D28_V_flatYT_move_0003.mp4;VISION;D28;Huawei;P89;DIGITAL_CAMERA;FLAT;MP4;YOUTUBE;NONE
D:\MA\VISION\D28_Huawei_P8\videos\flatYT\D28_V_flatYT_panrot_0001.mp4;VISION;D28;Huawei;P89;DIGITAL_CAMERA;FLAT;MP4;YOUTUBE;NONE
D:\MA\VISION\D28_Huawei_P8\videos\flatYT\D28_V_flatYT_panrot_0002.mp4;VISION;D28;Huawei;P89;DIGITAL_CAMERA;FLAT;MP4;YOUTUBE;NONE
D:\MA\VISION\D28_Huawei_P8\videos\flatYT\D28_V_flatYT_still_0001.mp4;VISION;D28;Huawei;P89;DIGITAL_CAMERA;FLAT;MP4;YOUTUBE;NONE
D:\MA\VISION\D28_Huawei_P8\videos\flatYT\D28_V_flatYT_still_0002.mp4;VISION;D28;Huawei;P89;DIGITAL_CAMERA;FLAT;MP4;YOUTUBE;NONE
D:\MA\VISION\D28_Huawei_P8\videos\indoor\D28_V_indoor_move_0001.mp4;VISION;D28;Huawei;P89;DIGITAL_CAMERA;INDOOR;MP4;ORIGINAL;NONE
D:\MA\VISION\D28_Huawei_P8\videos\indoor\D28_V_indoor_move_0002.mp4;VISION;D28;Huawei;P89;DIGITAL_CAMERA;INDOOR;MP4;ORIGINAL;NONE
D:\MA\VISION\D28_Huawei_P8\videos\indoor\D28_V_indoor_panrot_0001.mp4;VISION;D28;Huawei;P89;DIGITAL_CAMERA;INDOOR;MP4;ORIGINAL;NONE
D:\MA\VISION\D28_Huawei_P8\videos\indoor\D28_V_indoor_panrot_0002.mp4;VISION;D28;Huawei;P89;DIGITAL_CAMERA;INDOOR;MP4;ORIGINAL;NONE
D:\MA\VISION\D28_Huawei_P8\videos\indoor\D28_V_indoor_still_0001.mp4;VISION;D28;Huawei;P89;DIGITAL_CAMERA;INDOOR;MP4;ORIGINAL;NONE
D:\MA\VISION\D28_Huawei_P8\videos\indoor\D28_V_indoor_still_0002.mp4;VISION;D28;Huawei;P89;DIGITAL_CAMERA;INDOOR;MP4;ORIGINAL;NONE
D:\MA\VISION\D28_Huawei_P8\videos\indoorWA\D28_V_indoorWA_move_0001.mp4;VISION;D28;Huawei;P89;DIGITAL_CAMERA;INDOOR;MP4;WHATSAPP;NONE
D:\MA\VISION\D28_Huawei_P8\videos\indoorWA\D28_V_indoorWA_move_0002.mp4;VISION;D28;Huawei;P89;DIGITAL_CAMERA;INDOOR;MP4;WHATSAPP;NONE
D:\MA\VISION\D28_Huawei_P8\videos\indoorWA\D28_V_indoorWA_panrot_0001.mp4;VISION;D28;Huawei;P89;DIGITAL_CAMERA;INDOOR;MP4;WHATSAPP;NONE
D:\MA\VISION\D28_Huawei_P8\videos\indoorWA\D28_V_indoorWA_panrot_0002.mp4;VISION;D28;Huawei;P89;DIGITAL_CAMERA;INDOOR;MP4;WHATSAPP;NONE
D:\MA\VISION\D28_Huawei_P8\videos\indoorWA\D28_V_indoorWA_still_0001.mp4;VISION;D28;Huawei;P89;DIGITAL_CAMERA;INDOOR;MP4;WHATSAPP;NONE
D:\MA\VISION\D28_Huawei_P8\videos\indoorWA\D28_V_indoorWA_still_0002.mp4;VISION;D28;Huawei;P89;DIGITAL_CAMERA;INDOOR;MP4;WHATSAPP;NONE
D:\MA\VISION\D28_Huawei_P8\videos\indoorYT\D28_V_indoorYT_move_0001.mp4;VISION;D28;Huawei;P89;DIGITAL_CAMERA;INDOOR;MP4;YOUTUBE;NONE
D:\MA\VISION\D28_Huawei_P8\videos\indoorYT\D28_V_indoorYT_move_0002.mp4;VISION;D28;Huawei;P89;DIGITAL_CAMERA;INDOOR;MP4;YOUTUBE;NONE
D:\MA\VISION\D28_Huawei_P8\videos\indoorYT\D28_V_indoorYT_panrot_0001.mp4;VISION;D28;Huawei;P89;DIGITAL_CAMERA;INDOOR;MP4;YOUTUBE;NONE
D:\MA\VISION\D28_Huawei_P8\videos\indoorYT\D28_V_indoorYT_panrot_0002.mp4;VISION;D28;Huawei;P89;DIGITAL_CAMERA;INDOOR;MP4;YOUTUBE;NONE
D:\MA\VISION\D28_Huawei_P8\videos\indoorYT\D28_V_indoorYT_still_0001.mp4;VISION;D28;Huawei;P89;DIGITAL_CAMERA;INDOOR;MP4;YOUTUBE;NONE
D:\MA\VISION\D28_Huawei_P8\videos\indoorYT\D28_V_indoorYT_still_0002.mp4;VISION;D28;Huawei;P89;DIGITAL_CAMERA;INDOOR;MP4;YOUTUBE;NONE
D:\MA\VISION\D28_Huawei_P8\videos\outdoor\D28_V_outdoor_move_0001.mp4;VISION;D28;Huawei;P89;DIGITAL_CAMERA;OUTDOOR;MP4;ORIGINAL;NONE
D:\MA\VISION\D28_Huawei_P8\videos\outdoor\D28_V_outdoor_move_0002.mp4;VISION;D28;Huawei;P89;DIGITAL_CAMERA;OUTDOOR;MP4;ORIGINAL;NONE
D:\MA\VISION\D28_Huawei_P8\videos\outdoor\D28_V_outdoor_panrot_0001.mp4;VISION;D28;Huawei;P89;DIGITAL_CAMERA;OUTDOOR;MP4;ORIGINAL;NONE
D:\MA\VISION\D28_Huawei_P8\videos\outdoor\D28_V_outdoor_panrot_0002.mp4;VISION;D28;Huawei;P89;DIGITAL_CAMERA;OUTDOOR;MP4;ORIGINAL;NONE
D:\MA\VISION\D28_Huawei_P8\videos\outdoor\D28_V_outdoor_still_0001.mp4;VISION;D28;Huawei;P89;DIGITAL_CAMERA;OUTDOOR;MP4;ORIGINAL;NONE
D:\MA\VISION\D28_Huawei_P8\videos\outdoor\D28_V_outdoor_still_0002.mp4;VISION;D28;Huawei;P89;DIGITAL_CAMERA;OUTDOOR;MP4;ORIGINAL;NONE
D:\MA\VISION\D28_Huawei_P8\videos\outdoorWA\D28_V_outdoorWA_move_0001.mp4;VISION;D28;Huawei;P89;DIGITAL_CAMERA;OUTDOOR;MP4;WHATSAPP;NONE
D:\MA\VISION\D28_Huawei_P8\videos\outdoorWA\D28_V_outdoorWA_move_0002.mp4;VISION;D28;Huawei;P89;DIGITAL_CAMERA;OUTDOOR;MP4;WHATSAPP;NONE
D:\MA\VISION\D28_Huawei_P8\videos\outdoorWA\D28_V_outdoorWA_panrot_0001.mp4;VISION;D28;Huawei;P89;DIGITAL_CAMERA;OUTDOOR;MP4;WHATSAPP;NONE
D:\MA\VISION\D28_Huawei_P8\videos\outdoorWA\D28_V_outdoorWA_panrot_0002.mp4;VISION;D28;Huawei;P89;DIGITAL_CAMERA;OUTDOOR;MP4;WHATSAPP;NONE
D:\MA\VISION\D28_Huawei_P8\videos\outdoorWA\D28_V_outdoorWA_still_0001.mp4;VISION;D28;Huawei;P89;DIGITAL_CAMERA;OUTDOOR;MP4;WHATSAPP;NONE
D:\MA\VISION\D28_Huawei_P8\videos\outdoorWA\D28_V_outdoorWA_still_0002.mp4;VISION;D28;Huawei;P89;DIGITAL_CAMERA;OUTDOOR;MP4;WHATSAPP;NONE
D:\MA\VISION\D28_Huawei_P8\videos\outdoorYT\D28_V_outdoorYT_move_0001.mp4;VISION;D28;Huawei;P89;DIGITAL_CAMERA;OUTDOOR;MP4;YOUTUBE;NONE
D:\MA\VISION\D28_Huawei_P8\videos\outdoorYT\D28_V_outdoorYT_move_0002.mp4;VISION;D28;Huawei;P89;DIGITAL_CAMERA;OUTDOOR;MP4;YOUTUBE;NONE
D:\MA\VISION\D28_Huawei_P8\videos\outdoorYT\D28_V_outdoorYT_panrot_0001.mp4;VISION;D28;Huawei;P89;DIGITAL_CAMERA;OUTDOOR;MP4;YOUTUBE;NONE
D:\MA\VISION\D28_Huawei_P8\videos\outdoorYT\D28_V_outdoorYT_panrot_0002.mp4;VISION;D28;Huawei;P89;DIGITAL_CAMERA;OUTDOOR;MP4;YOUTUBE;NONE
D:\MA\VISION\D28_Huawei_P8\videos\outdoorYT\D28_V_outdoorYT_still_0001.mp4;VISION;D28;Huawei;P89;DIGITAL_CAMERA;OUTDOOR;MP4;YOUTUBE;NONE
D:\MA\VISION\D28_Huawei_P8\videos\outdoorYT\D28_V_outdoorYT_still_0002.mp4;VISION;D28;Huawei;P89;DIGITAL_CAMERA;OUTDOOR;MP4;YOUTUBE;NONE
D:\MA\VISION\D35_Samsung_GalaxyTabA\videos\flat\D35_V_flat_move_0001.mp4;VISION;D35;Samsung;GalaxyTabA;DIGITAL_CAMERA;FLAT;MP4;ORIGINAL;NONE
D:\MA\VISION\D35_Samsung_GalaxyTabA\videos\flat\D35_V_flat_move_0002.mp4;VISION;D35;Samsung;GalaxyTabA;DIGITAL_CAMERA;FLAT;MP4;ORIGINAL;NONE
D:\MA\VISION\D35_Samsung_GalaxyTabA\videos\flat\D35_V_flat_panrot_0001.mp4;VISION;D35;Samsung;GalaxyTabA;DIGITAL_CAMERA;FLAT;MP4;ORIGINAL;NONE
D:\MA\VISION\D35_Samsung_GalaxyTabA\videos\flat\D35_V_flat_still_0001.mp4;VISION;D35;Samsung;GalaxyTabA;DIGITAL_CAMERA;FLAT;MP4;ORIGINAL;NONE
D:\MA\VISION\D35_Samsung_GalaxyTabA\videos\flatWA\D35_V_flatWA_move_0001.mp4;VISION;D35;Samsung;GalaxyTabA;DIGITAL_CAMERA;FLAT;MP4;WHATSAPP;NONE
D:\MA\VISION\D35_Samsung_GalaxyTabA\videos\flatWA\D35_V_flatWA_move_0002.mp4;VISION;D35;Samsung;GalaxyTabA;DIGITAL_CAMERA;FLAT;MP4;WHATSAPP;NONE
D:\MA\VISION\D35_Samsung_GalaxyTabA\videos\flatWA\D35_V_flatWA_panrot_0001.mp4;VISION;D35;Samsung;GalaxyTabA;DIGITAL_CAMERA;FLAT;MP4;WHATSAPP;NONE
D:\MA\VISION\D35_Samsung_GalaxyTabA\videos\flatWA\D35_V_flatWA_still_0001.mp4;VISION;D35;Samsung;GalaxyTabA;DIGITAL_CAMERA;FLAT;MP4;WHATSAPP;NONE
D:\MA\VISION\D35_Samsung_GalaxyTabA\videos\flatYT\D35_V_flatYT_move_0001.mp4;VISION;D35;Samsung;GalaxyTabA;DIGITAL_CAMERA;FLAT;MP4;YOUTUBE;NONE
D:\MA\VISION\D35_Samsung_GalaxyTabA\videos\flatYT\D35_V_flatYT_move_0002.mp4;VISION;D35;Samsung;GalaxyTabA;DIGITAL_CAMERA;FLAT;MP4;YOUTUBE;NONE
D:\MA\VISION\D35_Samsung_GalaxyTabA\videos\flatYT\D35_V_flatYT_panrot_0001.mp4;VISION;D35;Samsung;GalaxyTabA;DIGITAL_CAMERA;FLAT;MP4;YOUTUBE;NONE
D:\MA\VISION\D35_Samsung_GalaxyTabA\videos\flatYT\D35_V_flatYT_still_0001.mp4;VISION;D35;Samsung;GalaxyTabA;DIGITAL_CAMERA;FLAT;MP4;YOUTUBE;NONE
D:\MA\VISION\D35_Samsung_GalaxyTabA\videos\indoor\D35_V_indoor_move_0001.mp4;VISION;D35;Samsung;GalaxyTabA;DIGITAL_CAMERA;INDOOR;MP4;ORIGINAL;NONE
D:\MA\VISION\D35_Samsung_GalaxyTabA\videos\indoor\D35_V_indoor_move_0002.mp4;VISION;D35;Samsung;GalaxyTabA;DIGITAL_CAMERA;INDOOR;MP4;ORIGINAL;NONE
D:\MA\VISION\D35_Samsung_GalaxyTabA\videos\indoor\D35_V_indoor_panrot_0001.mp4;VISION;D35;Samsung;GalaxyTabA;DIGITAL_CAMERA;INDOOR;MP4;ORIGINAL;NONE
D:\MA\VISION\D35_Samsung_GalaxyTabA\videos\indoor\D35_V_indoor_panrot_0002.mp4;VISION;D35;Samsung;GalaxyTabA;DIGITAL_CAMERA;INDOOR;MP4;ORIGINAL;NONE
D:\MA\VISION\D35_Samsung_GalaxyTabA\videos\indoor\D35_V_indoor_still_0001.mp4;VISION;D35;Samsung;GalaxyTabA;DIGITAL_CAMERA;INDOOR;MP4;ORIGINAL;NONE
D:\MA\VISION\D35_Samsung_GalaxyTabA\videos\indoor\D35_V_indoor_still_0002.mp4;VISION;D35;Samsung;GalaxyTabA;DIGITAL_CAMERA;INDOOR;MP4;ORIGINAL;NONE
D:\MA\VISION\D35_Samsung_GalaxyTabA\videos\indoorWA\D35_V_indoorWA_move_0001.mp4;VISION;D35;Samsung;GalaxyTabA;DIGITAL_CAMERA;INDOOR;MP4;WHATSAPP;NONE
D:\MA\VISION\D35_Samsung_GalaxyTabA\videos\indoorWA\D35_V_indoorWA_move_0002.mp4;VISION;D35;Samsung;GalaxyTabA;DIGITAL_CAMERA;INDOOR;MP4;WHATSAPP;NONE
D:\MA\VISION\D35_Samsung_GalaxyTabA\videos\indoorWA\D35_V_indoorWA_panrot_0001.mp4;VISION;D35;Samsung;GalaxyTabA;DIGITAL_CAMERA;INDOOR;MP4;WHATSAPP;NONE
D:\MA\VISION\D35_Samsung_GalaxyTabA\videos\indoorWA\D35_V_indoorWA_panrot_0002.mp4;VISION;D35;Samsung;GalaxyTabA;DIGITAL_CAMERA;INDOOR;MP4;WHATSAPP;NONE
D:\MA\VISION\D35_Samsung_GalaxyTabA\videos\indoorWA\D35_V_indoorWA_still_0001.mp4;VISION;D35;Samsung;GalaxyTabA;DIGITAL_CAMERA;INDOOR;MP4;WHATSAPP;NONE
D:\MA\VISION\D35_Samsung_GalaxyTabA\videos\indoorWA\D35_V_indoorWA_still_0002.mp4;VISION;D35;Samsung;GalaxyTabA;DIGITAL_CAMERA;INDOOR;MP4;WHATSAPP;NONE
D:\MA\VISION\D35_Samsung_GalaxyTabA\videos\indoorYT\D35_V_indoorYT_move_0001.mp4;VISION;D35;Samsung;GalaxyTabA;DIGITAL_CAMERA;INDOOR;MP4;YOUTUBE;NONE
D:\MA\VISION\D35_Samsung_GalaxyTabA\videos\indoorYT\D35_V_indoorYT_move_0002.mp4;VISION;D35;Samsung;GalaxyTabA;DIGITAL_CAMERA;INDOOR;MP4;YOUTUBE;NONE
D:\MA\VISION\D35_Samsung_GalaxyTabA\videos\indoorYT\D35_V_indoorYT_panrot_0001.mp4;VISION;D35;Samsung;GalaxyTabA;DIGITAL_CAMERA;INDOOR;MP4;YOUTUBE;NONE
D:\MA\VISION\D35_Samsung_GalaxyTabA\videos\indoorYT\D35_V_indoorYT_panrot_0002.mp4;VISION;D35;Samsung;GalaxyTabA;DIGITAL_CAMERA;INDOOR;MP4;YOUTUBE;NONE
D:\MA\VISION\D35_Samsung_GalaxyTabA\videos\indoorYT\D35_V_indoorYT_still_0001.mp4;VISION;D35;Samsung;GalaxyTabA;DIGITAL_CAMERA;INDOOR;MP4;YOUTUBE;NONE
D:\MA\VISION\D35_Samsung_GalaxyTabA\videos\indoorYT\D35_V_indoorYT_still_0002.mp4;VISION;D35;Samsung;GalaxyTabA;DIGITAL_CAMERA;INDOOR;MP4;YOUTUBE;NONE
D:\MA\VISION\D35_Samsung_GalaxyTabA\videos\outdoor\D35_V_outdoor_move_0001.mp4;VISION;D35;Samsung;GalaxyTabA;DIGITAL_CAMERA;OUTDOOR;MP4;ORIGINAL;NONE
D:\MA\VISION\D35_Samsung_GalaxyTabA\videos\outdoor\D35_V_outdoor_move_0002.mp4;VISION;D35;Samsung;GalaxyTabA;DIGITAL_CAMERA;OUTDOOR;MP4;ORIGINAL;NONE
D:\MA\VISION\D35_Samsung_GalaxyTabA\videos\outdoor\D35_V_outdoor_panrot_0001.mp4;VISION;D35;Samsung;GalaxyTabA;DIGITAL_CAMERA;OUTDOOR;MP4;ORIGINAL;NONE
D:\MA\VISION\D35_Samsung_GalaxyTabA\videos\outdoor\D35_V_outdoor_panrot_0002.mp4;VISION;D35;Samsung;GalaxyTabA;DIGITAL_CAMERA;OUTDOOR;MP4;ORIGINAL;NONE
D:\MA\VISION\D35_Samsung_GalaxyTabA\videos\outdoor\D35_V_outdoor_still_0001.mp4;VISION;D35;Samsung;GalaxyTabA;DIGITAL_CAMERA;OUTDOOR;MP4;ORIGINAL;NONE
D:\MA\VISION\D35_Samsung_GalaxyTabA\videos\outdoor\D35_V_outdoor_still_0002.mp4;VISION;D35;Samsung;GalaxyTabA;DIGITAL_CAMERA;OUTDOOR;MP4;ORIGINAL;NONE
D:\MA\VISION\D35_Samsung_GalaxyTabA\videos\outdoorWA\D35_V_outdoorWA_move_0001.mp4;VISION;D35;Samsung;GalaxyTabA;DIGITAL_CAMERA;OUTDOOR;MP4;WHATSAPP;NONE
D:\MA\VISION\D35_Samsung_GalaxyTabA\videos\outdoorWA\D35_V_outdoorWA_move_0002.mp4;VISION;D35;Samsung;GalaxyTabA;DIGITAL_CAMERA;OUTDOOR;MP4;WHATSAPP;NONE
D:\MA\VISION\D35_Samsung_GalaxyTabA\videos\outdoorWA\D35_V_outdoorWA_panrot_0001.mp4;VISION;D35;Samsung;GalaxyTabA;DIGITAL_CAMERA;OUTDOOR;MP4;WHATSAPP;NONE
D:\MA\VISION\D35_Samsung_GalaxyTabA\videos\outdoorWA\D35_V_outdoorWA_panrot_0002.mp4;VISION;D35;Samsung;GalaxyTabA;DIGITAL_CAMERA;OUTDOOR;MP4;WHATSAPP;NONE
D:\MA\VISION\D35_Samsung_GalaxyTabA\videos\outdoorWA\D35_V_outdoorWA_still_0001.mp4;VISION;D35;Samsung;GalaxyTabA;DIGITAL_CAMERA;OUTDOOR;MP4;WHATSAPP;NONE
D:\MA\VISION\D35_Samsung_GalaxyTabA\videos\outdoorWA\D35_V_outdoorWA_still_0002.mp4;VISION;D35;Samsung;GalaxyTabA;DIGITAL_CAMERA;OUTDOOR;MP4;WHATSAPP;NONE
D:\MA\VISION\D35_Samsung_GalaxyTabA\videos\outdoorYT\D35_V_outdoorYT_move_0001.mp4;VISION;D35;Samsung;GalaxyTabA;DIGITAL_CAMERA;OUTDOOR;MP4;YOUTUBE;NONE
D:\MA\VISION\D35_Samsung_GalaxyTabA\videos\outdoorYT\D35_V_outdoorYT_move_0002.mp4;VISION;D35;Samsung;GalaxyTabA;DIGITAL_CAMERA;OUTDOOR;MP4;YOUTUBE;NONE
D:\MA\VISION\D35_Samsung_GalaxyTabA\videos\outdoorYT\D35_V_outdoorYT_panrot_0001.mp4;VISION;D35;Samsung;GalaxyTabA;DIGITAL_CAMERA;OUTDOOR;MP4;YOUTUBE;NONE
D:\MA\VISION\D35_Samsung_GalaxyTabA\videos\outdoorYT\D35_V_outdoorYT_panrot_0002.mp4;VISION;D35;Samsung;GalaxyTabA;DIGITAL_CAMERA;OUTDOOR;MP4;YOUTUBE;NONE
D:\MA\VISION\D35_Samsung_GalaxyTabA\videos\outdoorYT\D35_V_outdoorYT_still_0001.mp4;VISION;D35;Samsung;GalaxyTabA;DIGITAL_CAMERA;OUTDOOR;MP4;YOUTUBE;NONE
D:\MA\VISION\D35_Samsung_GalaxyTabA\videos\outdoorYT\D35_V_outdoorYT_still_0002.mp4;VISION;D35;Samsung;GalaxyTabA;DIGITAL_CAMERA;OUTDOOR;MP4;YOUTUBE;NONE
