ground_truth_source;ground_truth_mp4;filename;true_positive;similarity_2;similarity_3;similarity_4
TIKTOK_native;original_native;D01_V_flat_move_0002.mp4;False;0.677419;0.575758;0.485714
TIKTOK_native;original_native;D01_V_flat_panrot_0001.mp4;False;0.677419;0.575758;0.485714
TIKTOK_native;original_native;D01_V_flat_still_0001.mp4;False;0.677419;0.575758;0.485714
TIKTOK_native;whatsapp_native;D01_V_flatWA_move_0002.mp4;False;0.69697;0.628571;0.567568
TIKTOK_native;whatsapp_native;D01_V_flatWA_panrot_0001.mp4;False;0.69697;0.628571;0.567568
TIKTOK_native;whatsapp_native;D01_V_flatWA_still_0001.mp4;False;0.69697;0.628571;0.567568
TIKTOK_native;youtube_native;D01_V_flatYT_move_0002.mp4;False;0.888889;0.842105;0.8
TIKTOK_native;youtube_native;D01_V_flatYT_panrot_0001.mp4;False;0.888889;0.842105;0.8
TIKTOK_native;youtube_native;D01_V_flatYT_still_0001.mp4;False;0.888889;0.842105;0.8
TIKTOK_native;original_native;D01_V_indoor_move_0002.mp4;False;0.677419;0.575758;0.485714
TIKTOK_native;original_native;D01_V_indoor_panrot_0001.mp4;False;0.677419;0.575758;0.485714
TIKTOK_native;original_native;D01_V_indoor_panrot_0002.mp4;False;0.677419;0.575758;0.485714
TIKTOK_native;original_native;D01_V_indoor_still_0001.mp4;False;0.677419;0.575758;0.485714
TIKTOK_native;original_native;D01_V_indoor_still_0002.mp4;False;0.677419;0.575758;0.485714
TIKTOK_native;whatsapp_native;D01_V_indoorWA_move_0002.mp4;False;0.69697;0.628571;0.567568
TIKTOK_native;whatsapp_native;D01_V_indoorWA_panrot_0001.mp4;False;0.69697;0.628571;0.567568
TIKTOK_native;whatsapp_native;D01_V_indoorWA_panrot_0002.mp4;False;0.69697;0.628571;0.567568
TIKTOK_native;whatsapp_native;D01_V_indoorWA_still_0001.mp4;False;0.69697;0.628571;0.567568
TIKTOK_native;whatsapp_native;D01_V_indoorWA_still_0002.mp4;False;0.69697;0.628571;0.567568
TIKTOK_native;youtube_native;D01_V_indoorYT_move_0002.mp4;False;0.888889;0.842105;0.8
TIKTOK_native;youtube_native;D01_V_indoorYT_panrot_0001.mp4;False;0.888889;0.842105;0.8
TIKTOK_native;youtube_native;D01_V_indoorYT_panrot_0002.mp4;False;0.888889;0.842105;0.8
TIKTOK_native;youtube_native;D01_V_indoorYT_still_0001.mp4;False;0.888889;0.842105;0.8
TIKTOK_native;youtube_native;D01_V_indoorYT_still_0002.mp4;False;0.888889;0.842105;0.8
TIKTOK_native;original_native;D01_V_outdoor_move_0002.mp4;False;0.677419;0.575758;0.485714
TIKTOK_native;original_native;D01_V_outdoor_move_0003.mp4;False;0.677419;0.575758;0.485714
TIKTOK_native;original_native;D01_V_outdoor_move_0004.mp4;False;0.677419;0.575758;0.485714
TIKTOK_native;original_native;D01_V_outdoor_panrot_0001.mp4;False;0.677419;0.575758;0.485714
TIKTOK_native;original_native;D01_V_outdoor_panrot_0002.mp4;False;0.677419;0.575758;0.485714
TIKTOK_native;original_native;D01_V_outdoor_panrot_0003.mp4;False;0.677419;0.575758;0.485714
TIKTOK_native;original_native;D01_V_outdoor_panrot_0004.mp4;False;0.677419;0.575758;0.485714
TIKTOK_native;original_native;D01_V_outdoor_still_0001.mp4;False;0.677419;0.575758;0.485714
TIKTOK_native;original_native;D01_V_outdoor_still_0002.mp4;False;0.677419;0.575758;0.485714
TIKTOK_native;original_native;D01_V_outdoor_still_0003.mp4;False;0.677419;0.575758;0.485714
TIKTOK_native;original_native;D01_V_outdoor_still_0004.mp4;False;0.677419;0.575758;0.485714
TIKTOK_native;whatsapp_native;D01_V_outdoorWA_move_0002.mp4;False;0.69697;0.628571;0.567568
TIKTOK_native;whatsapp_native;D01_V_outdoorWA_move_0003.mp4;False;0.69697;0.628571;0.567568
TIKTOK_native;whatsapp_native;D01_V_outdoorWA_move_0004.mp4;False;0.69697;0.628571;0.567568
TIKTOK_native;whatsapp_native;D01_V_outdoorWA_panrot_0001.mp4;False;0.69697;0.628571;0.567568
TIKTOK_native;whatsapp_native;D01_V_outdoorWA_panrot_0002.mp4;False;0.69697;0.628571;0.567568
TIKTOK_native;whatsapp_native;D01_V_outdoorWA_panrot_0003.mp4;False;0.69697;0.628571;0.567568
TIKTOK_native;whatsapp_native;D01_V_outdoorWA_panrot_0004.mp4;False;0.69697;0.628571;0.567568
TIKTOK_native;whatsapp_native;D01_V_outdoorWA_still_0001.mp4;False;0.69697;0.628571;0.567568
TIKTOK_native;whatsapp_native;D01_V_outdoorWA_still_0002.mp4;False;0.69697;0.628571;0.567568
TIKTOK_native;whatsapp_native;D01_V_outdoorWA_still_0003.mp4;False;0.69697;0.628571;0.567568
TIKTOK_native;whatsapp_native;D01_V_outdoorWA_still_0004.mp4;False;0.69697;0.628571;0.567568
TIKTOK_native;youtube_native;D01_V_outdoorYT_panrot_0002.mp4;False;0.888889;0.842105;0.8
TIKTOK_native;youtube_native;D01_V_outdoorYT_panrot_0003.mp4;False;0.888889;0.842105;0.8
TIKTOK_native;youtube_native;D01_V_outdoorYT_still_0001.mp4;False;0.888889;0.842105;0.8
TIKTOK_native;youtube_native;D01_V_outdoorYT_still_0002.mp4;False;0.888889;0.842105;0.8
TIKTOK_native;youtube_native;D01_V_outdoorYT_still_0003.mp4;False;0.888889;0.842105;0.8
TIKTOK_native;original_native;D02_V_flat_move_0002.mov;False;0.519231;0.392857;0.288136
TIKTOK_native;original_native;D02_V_flat_panrot_0001.mov;False;0.509434;0.385965;0.283333
TIKTOK_native;original_native;D02_V_flat_still_0001.mov;False;0.509434;0.385965;0.283333
TIKTOK_native;whatsapp_native;D02_V_flatWA_move_0002.mp4;False;0.69697;0.628571;0.567568
TIKTOK_native;whatsapp_native;D02_V_flatWA_panrot_0001.mp4;False;0.69697;0.628571;0.567568
TIKTOK_native;whatsapp_native;D02_V_flatWA_still_0001.mp4;False;0.69697;0.628571;0.567568
TIKTOK_native;youtube_native;D02_V_flatYT_move_0002.mp4;False;0.888889;0.842105;0.8
TIKTOK_native;youtube_native;D02_V_flatYT_panrot_0001.mp4;False;0.888889;0.842105;0.8
TIKTOK_native;youtube_native;D02_V_flatYT_still_0001.mp4;False;0.888889;0.842105;0.8
TIKTOK_native;original_native;D02_V_indoor_panrot_0001.mov;False;0.509434;0.385965;0.283333
TIKTOK_native;original_native;D02_V_indoor_still_0001.mov;False;0.509434;0.385965;0.283333
TIKTOK_native;whatsapp_native;D02_V_indoorWA_panrot_0001.mp4;False;0.69697;0.628571;0.567568
TIKTOK_native;whatsapp_native;D02_V_indoorWA_still_0001.mp4;False;0.69697;0.628571;0.567568
TIKTOK_native;youtube_native;D02_V_indoorYT_panrot_0001.mp4;False;0.888889;0.842105;0.8
TIKTOK_native;youtube_native;D02_V_indoorYT_still_0001.mp4;False;0.888889;0.842105;0.8
TIKTOK_native;original_native;D02_V_outdoor_panrot_0001.mov;False;0.509434;0.385965;0.283333
TIKTOK_native;original_native;D02_V_outdoor_panrot_0002.mov;False;0.509434;0.385965;0.283333
TIKTOK_native;original_native;D02_V_outdoor_still_0001.mov;False;0.509434;0.385965;0.283333
TIKTOK_native;original_native;D02_V_outdoor_still_0002.mov;False;0.509434;0.385965;0.283333
TIKTOK_native;original_native;D02_V_outdoor_still_0003.mov;False;0.509434;0.385965;0.283333
TIKTOK_native;whatsapp_native;D02_V_outdoorWA_panrot_0001.mp4;False;0.69697;0.628571;0.567568
TIKTOK_native;whatsapp_native;D02_V_outdoorWA_panrot_0002.mp4;False;0.69697;0.628571;0.567568
TIKTOK_native;whatsapp_native;D02_V_outdoorWA_still_0001.mp4;False;0.69697;0.628571;0.567568
TIKTOK_native;whatsapp_native;D02_V_outdoorWA_still_0002.mp4;False;0.69697;0.628571;0.567568
TIKTOK_native;whatsapp_native;D02_V_outdoorWA_still_0003.mp4;False;0.69697;0.628571;0.567568
TIKTOK_native;youtube_native;D02_V_outdoorYT_panrot_0001.mp4;False;0.888889;0.842105;0.8
TIKTOK_native;youtube_native;D02_V_outdoorYT_panrot_0002.mp4;False;0.888889;0.842105;0.8
TIKTOK_native;youtube_native;D02_V_outdoorYT_still_0001.mp4;False;0.888889;0.842105;0.8
TIKTOK_native;youtube_native;D02_V_outdoorYT_still_0002.mp4;False;0.888889;0.842105;0.8
TIKTOK_native;youtube_native;D02_V_outdoorYT_still_0003.mp4;False;0.888889;0.842105;0.8
TIKTOK_native;original_native;D03_V_flat_move_0002.mp4;False;0.647059;0.472222;0.421053
TIKTOK_native;original_native;D03_V_flat_move_0003.mp4;False;0.647059;0.472222;0.421053
TIKTOK_native;original_native;D03_V_flat_panrot_0001.mp4;False;0.647059;0.472222;0.421053
TIKTOK_native;original_native;D03_V_flat_panrot_0002.mp4;False;0.647059;0.472222;0.421053
TIKTOK_native;original_native;D03_V_flat_still_0001.mp4;False;0.647059;0.472222;0.421053
TIKTOK_native;whatsapp_native;D03_V_flatWA_move_0002.mp4;False;0.69697;0.628571;0.567568
TIKTOK_native;whatsapp_native;D03_V_flatWA_move_0003.mp4;False;0.69697;0.628571;0.567568
TIKTOK_native;whatsapp_native;D03_V_flatWA_panrot_0001.mp4;False;0.69697;0.628571;0.567568
TIKTOK_native;whatsapp_native;D03_V_flatWA_panrot_0002.mp4;False;0.69697;0.628571;0.567568
TIKTOK_native;whatsapp_native;D03_V_flatWA_still_0001.mp4;False;0.69697;0.628571;0.567568
TIKTOK_native;youtube_native;D03_V_flatYT_move_0002.mp4;False;0.888889;0.842105;0.8
TIKTOK_native;youtube_native;D03_V_flatYT_move_0003.mp4;False;0.888889;0.842105;0.8
TIKTOK_native;youtube_native;D03_V_flatYT_panrot_0001.mp4;False;0.888889;0.842105;0.8
TIKTOK_native;youtube_native;D03_V_flatYT_panrot_0002.mp4;False;0.888889;0.842105;0.8
TIKTOK_native;youtube_native;D03_V_flatYT_still_0001.mp4;False;0.888889;0.842105;0.8
TIKTOK_native;original_native;D03_V_indoor_move_0002.mp4;False;0.647059;0.472222;0.421053
TIKTOK_native;original_native;D03_V_indoor_panrot_0001.mp4;False;0.647059;0.472222;0.421053
TIKTOK_native;original_native;D03_V_indoor_panrot_0002.mp4;False;0.647059;0.472222;0.421053
TIKTOK_native;original_native;D03_V_indoor_still_0001.mp4;False;0.647059;0.472222;0.421053
TIKTOK_native;original_native;D03_V_indoor_still_0002.mp4;False;0.647059;0.472222;0.421053
TIKTOK_native;whatsapp_native;D03_V_indoorWA_move_0002.mp4;False;0.69697;0.628571;0.567568
TIKTOK_native;whatsapp_native;D03_V_indoorWA_panrot_0001.mp4;False;0.69697;0.628571;0.567568
TIKTOK_native;whatsapp_native;D03_V_indoorWA_panrot_0002.mp4;False;0.69697;0.628571;0.567568
TIKTOK_native;whatsapp_native;D03_V_indoorWA_still_0001.mp4;False;0.69697;0.628571;0.567568
TIKTOK_native;whatsapp_native;D03_V_indoorWA_still_0002.mp4;False;0.69697;0.628571;0.567568
TIKTOK_native;youtube_native;D03_V_indoorYT_move_0002.mp4;False;0.888889;0.842105;0.8
TIKTOK_native;youtube_native;D03_V_indoorYT_panrot_0001.mp4;False;0.888889;0.842105;0.8
TIKTOK_native;youtube_native;D03_V_indoorYT_panrot_0002.mp4;False;0.888889;0.842105;0.8
TIKTOK_native;youtube_native;D03_V_indoorYT_still_0001.mp4;False;0.888889;0.842105;0.8
TIKTOK_native;youtube_native;D03_V_indoorYT_still_0002.mp4;False;0.888889;0.842105;0.8
TIKTOK_native;original_native;D03_V_outdoor_move_0002.mp4;False;0.647059;0.472222;0.421053
TIKTOK_native;original_native;D03_V_outdoor_panrot_0001.mp4;False;0.647059;0.472222;0.421053
TIKTOK_native;original_native;D03_V_outdoor_panrot_0002.mp4;False;0.647059;0.472222;0.421053
TIKTOK_native;original_native;D03_V_outdoor_still_0001.mp4;False;0.647059;0.472222;0.421053
TIKTOK_native;original_native;D03_V_outdoor_still_0002.mp4;False;0.647059;0.472222;0.421053
TIKTOK_native;whatsapp_native;D03_V_outdoorWA_move_0002.mp4;False;0.69697;0.628571;0.567568
TIKTOK_native;whatsapp_native;D03_V_outdoorWA_panrot_0001.mp4;False;0.69697;0.628571;0.567568
TIKTOK_native;whatsapp_native;D03_V_outdoorWA_panrot_0002.mp4;False;0.69697;0.628571;0.567568
TIKTOK_native;whatsapp_native;D03_V_outdoorWA_still_0001.mp4;False;0.69697;0.628571;0.567568
TIKTOK_native;whatsapp_native;D03_V_outdoorWA_still_0002.mp4;False;0.69697;0.628571;0.567568
TIKTOK_native;youtube_native;D03_V_outdoorYT_move_0002.mp4;False;0.888889;0.842105;0.8
TIKTOK_native;youtube_native;D03_V_outdoorYT_panrot_0001.mp4;False;0.888889;0.842105;0.8
TIKTOK_native;youtube_native;D03_V_outdoorYT_panrot_0002.mp4;False;0.888889;0.842105;0.8
TIKTOK_native;youtube_native;D03_V_outdoorYT_still_0001.mp4;False;0.888889;0.842105;0.8
TIKTOK_native;youtube_native;D03_V_outdoorYT_still_0002.mp4;False;0.888889;0.842105;0.8
TIKTOK_native;original_native;D04_V_flat_move_0002.mp4;False;0.625;0.470588;0.416667
TIKTOK_native;original_native;D04_V_flat_move_0003.mp4;False;0.625;0.470588;0.416667
TIKTOK_native;original_native;D04_V_flat_panrot_0001.mp4;False;0.625;0.470588;0.416667
TIKTOK_native;original_native;D04_V_flat_panrot_0002.mp4;False;0.625;0.470588;0.416667
TIKTOK_native;original_native;D04_V_flat_still_0001.mp4;False;0.625;0.470588;0.416667
TIKTOK_native;original_native;D04_V_flat_still_0002.mp4;False;0.625;0.470588;0.416667
TIKTOK_native;whatsapp_native;D04_V_flatWA_move_0002.mp4;False;0.75;0.705882;0.638889
TIKTOK_native;whatsapp_native;D04_V_flatWA_move_0003.mp4;False;0.75;0.705882;0.638889
TIKTOK_native;whatsapp_native;D04_V_flatWA_panrot_0001.mp4;False;0.75;0.705882;0.638889
TIKTOK_native;whatsapp_native;D04_V_flatWA_panrot_0002.mp4;False;0.75;0.705882;0.638889
TIKTOK_native;whatsapp_native;D04_V_flatWA_still_0001.mp4;False;0.75;0.705882;0.638889
TIKTOK_native;whatsapp_native;D04_V_flatWA_still_0002.mp4;False;0.75;0.705882;0.638889
TIKTOK_native;youtube_native;D04_V_flatYT_move_0002.mp4;False;0.888889;0.842105;0.8
TIKTOK_native;youtube_native;D04_V_flatYT_move_0003.mp4;False;0.888889;0.842105;0.8
TIKTOK_native;youtube_native;D04_V_flatYT_panrot_0001.mp4;False;0.888889;0.842105;0.8
TIKTOK_native;youtube_native;D04_V_flatYT_panrot_0002.mp4;False;0.888889;0.842105;0.8
TIKTOK_native;youtube_native;D04_V_flatYT_still_0001.mp4;False;0.888889;0.842105;0.8
TIKTOK_native;youtube_native;D04_V_flatYT_still_0002.mp4;False;0.888889;0.842105;0.8
TIKTOK_native;original_native;D04_V_indoor_move_0002.mp4;False;0.625;0.470588;0.416667
TIKTOK_native;original_native;D04_V_indoor_panrot_0001.mp4;False;0.625;0.470588;0.416667
TIKTOK_native;original_native;D04_V_indoor_panrot_0002.mp4;False;0.625;0.470588;0.416667
TIKTOK_native;original_native;D04_V_indoor_still_0001.mp4;False;0.625;0.470588;0.416667
TIKTOK_native;original_native;D04_V_indoor_still_0002.mp4;False;0.625;0.470588;0.416667
TIKTOK_native;whatsapp_native;D04_V_indoorWA_panrot_0001.mp4;False;0.75;0.705882;0.638889
TIKTOK_native;whatsapp_native;D04_V_indoorWA_panrot_0002.mp4;False;0.75;0.705882;0.638889
TIKTOK_native;whatsapp_native;D04_V_indoorWA_still_0001.mp4;False;0.75;0.705882;0.638889
TIKTOK_native;whatsapp_native;D04_V_indoorWA_still_0002.mp4;False;0.75;0.705882;0.638889
TIKTOK_native;youtube_native;D04_V_indoorYT_move_0002.mp4;False;0.888889;0.842105;0.8
TIKTOK_native;youtube_native;D04_V_indoorYT_panrot_0001.mp4;False;0.888889;0.842105;0.8
TIKTOK_native;youtube_native;D04_V_indoorYT_panrot_0002.mp4;False;0.888889;0.842105;0.8
TIKTOK_native;youtube_native;D04_V_indoorYT_still_0001.mp4;False;0.888889;0.842105;0.8
TIKTOK_native;youtube_native;D04_V_indoorYT_still_0002.mp4;False;0.888889;0.842105;0.8
TIKTOK_native;original_native;D04_V_outdoor_move_0002.mp4;False;0.625;0.470588;0.416667
TIKTOK_native;original_native;D04_V_outdoor_panrot_0001.mp4;False;0.625;0.470588;0.416667
TIKTOK_native;original_native;D04_V_outdoor_panrot_0002.mp4;False;0.625;0.470588;0.416667
TIKTOK_native;original_native;D04_V_outdoor_still_0001.mp4;False;0.625;0.470588;0.416667
TIKTOK_native;original_native;D04_V_outdoor_still_0002.mp4;False;0.625;0.470588;0.416667
TIKTOK_native;whatsapp_native;D04_V_outdoorWA_move_0002.mp4;False;0.75;0.705882;0.638889
TIKTOK_native;whatsapp_native;D04_V_outdoorWA_panrot_0001.mp4;False;0.75;0.705882;0.638889
TIKTOK_native;whatsapp_native;D04_V_outdoorWA_panrot_0002.mp4;False;0.75;0.705882;0.638889
TIKTOK_native;whatsapp_native;D04_V_outdoorWA_still_0001.mp4;False;0.75;0.705882;0.638889
TIKTOK_native;whatsapp_native;D04_V_outdoorWA_still_0002.mp4;False;0.75;0.705882;0.638889
TIKTOK_native;youtube_native;D04_V_outdoorYT_move_0002.mp4;False;0.888889;0.842105;0.8
TIKTOK_native;youtube_native;D04_V_outdoorYT_panrot_0001.mp4;False;0.888889;0.842105;0.8
TIKTOK_native;youtube_native;D04_V_outdoorYT_panrot_0002.mp4;False;0.888889;0.842105;0.8
TIKTOK_native;youtube_native;D04_V_outdoorYT_still_0001.mp4;False;0.888889;0.842105;0.8
TIKTOK_native;youtube_native;D04_V_outdoorYT_still_0002.mp4;False;0.888889;0.842105;0.8
TIKTOK_native;original_native;D05_V_flat_move_0002.mov;False;0.54902;0.421053;0.322581
TIKTOK_native;original_native;D05_V_flat_move_0003.mov;False;0.54902;0.421053;0.322581
TIKTOK_native;original_native;D05_V_flat_panrot_0001.mov;False;0.54902;0.421053;0.322581
TIKTOK_native;original_native;D05_V_flat_panrot_0002.mov;False;0.54902;0.421053;0.322581
TIKTOK_native;original_native;D05_V_flat_still_0001.mov;False;0.54902;0.421053;0.322581
TIKTOK_native;original_native;D05_V_flat_still_0002.mov;False;0.54902;0.421053;0.322581
TIKTOK_native;whatsapp_native;D05_V_flatWA_move_0002.mp4;False;0.69697;0.628571;0.567568
TIKTOK_native;whatsapp_native;D05_V_flatWA_move_0003.mp4;False;0.69697;0.628571;0.567568
TIKTOK_native;whatsapp_native;D05_V_flatWA_panrot_0001.mp4;False;0.69697;0.628571;0.567568
TIKTOK_native;whatsapp_native;D05_V_flatWA_panrot_0002.mp4;False;0.69697;0.628571;0.567568
TIKTOK_native;whatsapp_native;D05_V_flatWA_still_0001.mp4;False;0.69697;0.628571;0.567568
TIKTOK_native;whatsapp_native;D05_V_flatWA_still_0002.mp4;False;0.69697;0.628571;0.567568
TIKTOK_native;youtube_native;D05_V_flatYT_move_0002.mp4;False;0.888889;0.842105;0.8
TIKTOK_native;youtube_native;D05_V_flatYT_move_0003.mp4;False;0.888889;0.842105;0.8
TIKTOK_native;youtube_native;D05_V_flatYT_panrot_0001.mp4;False;0.888889;0.842105;0.8
TIKTOK_native;youtube_native;D05_V_flatYT_panrot_0002.mp4;False;0.888889;0.842105;0.8
TIKTOK_native;youtube_native;D05_V_flatYT_still_0001.mp4;False;0.888889;0.842105;0.8
TIKTOK_native;youtube_native;D05_V_flatYT_still_0002.mp4;False;0.888889;0.842105;0.8
TIKTOK_native;original_native;D05_V_indoor_move_0002.mov;False;0.54902;0.421053;0.322581
TIKTOK_native;original_native;D05_V_indoor_panrot_0001.mov;False;0.54902;0.421053;0.322581
TIKTOK_native;original_native;D05_V_indoor_panrot_0002.mov;False;0.54902;0.421053;0.322581
TIKTOK_native;original_native;D05_V_indoor_still_0001.mov;False;0.54902;0.421053;0.322581
TIKTOK_native;original_native;D05_V_indoor_still_0002.mov;False;0.54902;0.421053;0.322581
TIKTOK_native;whatsapp_native;D05_V_indoorWA_move_0002.mp4;False;0.69697;0.628571;0.567568
TIKTOK_native;whatsapp_native;D05_V_indoorWA_panrot_0001.mp4;False;0.69697;0.628571;0.567568
TIKTOK_native;whatsapp_native;D05_V_indoorWA_panrot_0002.mp4;False;0.69697;0.628571;0.567568
TIKTOK_native;whatsapp_native;D05_V_indoorWA_still_0001.mp4;False;0.69697;0.628571;0.567568
TIKTOK_native;whatsapp_native;D05_V_indoorWA_still_0002.mp4;False;0.69697;0.628571;0.567568
TIKTOK_native;youtube_native;D05_V_indoorYT_move_0002.mp4;False;0.888889;0.842105;0.8
TIKTOK_native;youtube_native;D05_V_indoorYT_panrot_0001.mp4;False;0.888889;0.842105;0.8
TIKTOK_native;youtube_native;D05_V_indoorYT_panrot_0002.mp4;False;0.888889;0.842105;0.8
TIKTOK_native;youtube_native;D05_V_indoorYT_still_0001.mp4;False;0.888889;0.842105;0.8
TIKTOK_native;youtube_native;D05_V_indoorYT_still_0002.mp4;False;0.888889;0.842105;0.8
TIKTOK_native;original_native;D05_V_outdoor_move_0002.mov;False;0.54902;0.421053;0.322581
TIKTOK_native;original_native;D05_V_outdoor_panrot_0001.mov;False;0.54902;0.421053;0.322581
TIKTOK_native;original_native;D05_V_outdoor_panrot_0002.mov;False;0.54902;0.421053;0.322581
TIKTOK_native;original_native;D05_V_outdoor_still_0001.mov;False;0.54902;0.421053;0.322581
TIKTOK_native;original_native;D05_V_outdoor_still_0002.mov;False;0.54902;0.421053;0.322581
TIKTOK_native;whatsapp_native;D05_V_outdoorWA_move_0002.mp4;False;0.69697;0.628571;0.567568
TIKTOK_native;whatsapp_native;D05_V_outdoorWA_panrot_0001.mp4;False;0.69697;0.628571;0.567568
TIKTOK_native;whatsapp_native;D05_V_outdoorWA_panrot_0002.mp4;False;0.69697;0.628571;0.567568
TIKTOK_native;whatsapp_native;D05_V_outdoorWA_still_0001.mp4;False;0.69697;0.628571;0.567568
TIKTOK_native;whatsapp_native;D05_V_outdoorWA_still_0002.mp4;False;0.69697;0.628571;0.567568
TIKTOK_native;youtube_native;D05_V_outdoorYT_move_0002.mp4;False;0.888889;0.842105;0.8
TIKTOK_native;youtube_native;D05_V_outdoorYT_panrot_0001.mp4;False;0.888889;0.842105;0.8
TIKTOK_native;youtube_native;D05_V_outdoorYT_panrot_0002.mp4;False;0.888889;0.842105;0.8
TIKTOK_native;youtube_native;D05_V_outdoorYT_still_0001.mp4;False;0.888889;0.842105;0.8
TIKTOK_native;youtube_native;D05_V_outdoorYT_still_0002.mp4;False;0.888889;0.842105;0.8
TIKTOK_native;original_native;D06_V_flat_move_0002.mov;False;0.56;0.45283;0.363636
TIKTOK_native;original_native;D06_V_flat_panrot_0001.mov;False;0.56;0.45283;0.363636
TIKTOK_native;original_native;D06_V_flat_panrot_0002.mov;False;0.56;0.45283;0.363636
TIKTOK_native;original_native;D06_V_flat_still_0001.mov;False;0.56;0.45283;0.363636
TIKTOK_native;whatsapp_native;D06_V_flatWA_move_0002.mp4;False;0.69697;0.628571;0.567568
TIKTOK_native;whatsapp_native;D06_V_flatWA_panrot_0001.mp4;False;0.69697;0.628571;0.567568
TIKTOK_native;whatsapp_native;D06_V_flatWA_panrot_0002.mp4;False;0.69697;0.628571;0.567568
TIKTOK_native;whatsapp_native;D06_V_flatWA_still_0001.mp4;False;0.69697;0.628571;0.567568
TIKTOK_native;youtube_native;D06_V_flatYT_panrot_0001.mp4;False;0.888889;0.842105;0.8
TIKTOK_native;youtube_native;D06_V_flatYT_panrot_0002.mp4;False;0.888889;0.842105;0.8
TIKTOK_native;youtube_native;D06_V_flatYT_still_0001.mp4;False;0.888889;0.842105;0.8
TIKTOK_native;original_native;D06_V_indoor_move_0002.mov;False;0.56;0.45283;0.363636
TIKTOK_native;original_native;D06_V_indoor_panrot_0001.mov;False;0.56;0.45283;0.363636
TIKTOK_native;original_native;D06_V_indoor_panrot_0002.mov;False;0.56;0.45283;0.363636
TIKTOK_native;original_native;D06_V_indoor_still_0001.mov;False;0.56;0.45283;0.363636
TIKTOK_native;original_native;D06_V_indoor_still_0002.mov;False;0.56;0.45283;0.363636
TIKTOK_native;whatsapp_native;D06_V_indoorWA_move_0002.mov.mp4;False;0.69697;0.628571;0.567568
TIKTOK_native;whatsapp_native;D06_V_indoorWA_panrot_0001.mp4;False;0.69697;0.628571;0.567568
TIKTOK_native;whatsapp_native;D06_V_indoorWA_panrot_0002.mp4;False;0.69697;0.628571;0.567568
TIKTOK_native;whatsapp_native;D06_V_indoorWA_still_0001.mp4;False;0.69697;0.628571;0.567568
TIKTOK_native;whatsapp_native;D06_V_indoorWA_still_0002.mp4;False;0.69697;0.628571;0.567568
TIKTOK_native;youtube_native;D06_V_indoorYT_panrot_0001.mp4;False;0.888889;0.842105;0.8
TIKTOK_native;youtube_native;D06_V_indoorYT_panrot_0002.mp4;False;0.888889;0.842105;0.8
TIKTOK_native;youtube_native;D06_V_indoorYT_still_0001.mp4;False;0.888889;0.842105;0.8
TIKTOK_native;youtube_native;D06_V_indoorYT_still_0002.mp4;False;0.888889;0.842105;0.8
TIKTOK_native;original_native;D06_V_outdoor_move_0002.mov;False;0.56;0.45283;0.363636
TIKTOK_native;original_native;D06_V_outdoor_panrot_0001.mov;False;0.56;0.45283;0.363636
TIKTOK_native;original_native;D06_V_outdoor_panrot_0002.mov;False;0.56;0.45283;0.363636
TIKTOK_native;original_native;D06_V_outdoor_still_0001.mov;False;0.56;0.45283;0.363636
TIKTOK_native;original_native;D06_V_outdoor_still_0002.mov;False;0.56;0.45283;0.363636
TIKTOK_native;whatsapp_native;D06_V_outdoorWA_move_0002.mp4;False;0.69697;0.628571;0.567568
TIKTOK_native;whatsapp_native;D06_V_outdoorWA_panrot_0001.mp4;False;0.69697;0.628571;0.567568
TIKTOK_native;whatsapp_native;D06_V_outdoorWA_panrot_0002.mov.mp4;False;0.69697;0.628571;0.567568
TIKTOK_native;whatsapp_native;D06_V_outdoorWA_still_0001.mp4;False;0.69697;0.628571;0.567568
TIKTOK_native;whatsapp_native;D06_V_outdoorWA_still_0002.mp4;False;0.69697;0.628571;0.567568
TIKTOK_native;youtube_native;D06_V_outdoorYT_move_0002.mp4;False;0.888889;0.842105;0.8
TIKTOK_native;youtube_native;D06_V_outdoorYT_panrot_0001.mp4;False;0.888889;0.842105;0.8
TIKTOK_native;youtube_native;D06_V_outdoorYT_panrot_0002.mp4;False;0.888889;0.842105;0.8
TIKTOK_native;youtube_native;D06_V_outdoorYT_still_0001.mp4;False;0.888889;0.842105;0.8
TIKTOK_native;youtube_native;D06_V_outdoorYT_still_0002.mp4;False;0.888889;0.842105;0.8
TIKTOK_native;whatsapp_native;D07_V_flatWA_move_0002.mp4;False;0.69697;0.628571;0.567568
TIKTOK_native;whatsapp_native;D07_V_flatWA_move_0003.mp4;False;0.69697;0.628571;0.567568
TIKTOK_native;whatsapp_native;D07_V_flatWA_panrot_0001.mp4;False;0.69697;0.628571;0.567568
TIKTOK_native;whatsapp_native;D07_V_flatWA_panrot_0002.mp4;False;0.69697;0.628571;0.567568
TIKTOK_native;whatsapp_native;D07_V_flatWA_still_0001.mp4;False;0.69697;0.628571;0.567568
TIKTOK_native;whatsapp_native;D07_V_flatWA_still_0002.mp4;False;0.69697;0.628571;0.567568
TIKTOK_native;youtube_native;D07_V_flatYT_move_0002.mp4;False;0.888889;0.842105;0.8
TIKTOK_native;youtube_native;D07_V_flatYT_move_0003.mp4;False;0.888889;0.842105;0.8
TIKTOK_native;youtube_native;D07_V_flatYT_panrot_0001.mp4;False;0.888889;0.842105;0.8
TIKTOK_native;youtube_native;D07_V_flatYT_panrot_0002.mp4;False;0.888889;0.842105;0.8
TIKTOK_native;youtube_native;D07_V_flatYT_still_0001.mp4;False;0.888889;0.842105;0.8
TIKTOK_native;youtube_native;D07_V_flatYT_still_0002.mp4;False;0.888889;0.842105;0.8
TIKTOK_native;whatsapp_native;D07_V_indoorWA_move_0002.mp4;False;0.69697;0.628571;0.567568
TIKTOK_native;whatsapp_native;D07_V_indoorWA_panrot_0001.mp4;False;0.69697;0.628571;0.567568
TIKTOK_native;whatsapp_native;D07_V_indoorWA_panrot_0002.mp4;False;0.69697;0.628571;0.567568
TIKTOK_native;whatsapp_native;D07_V_indoorWA_still_0001.mp4;False;0.69697;0.628571;0.567568
TIKTOK_native;whatsapp_native;D07_V_indoorWA_still_0002.mp4;False;0.69697;0.628571;0.567568
TIKTOK_native;youtube_native;D07_V_indoorYT_move_0002.mp4;False;0.888889;0.842105;0.8
TIKTOK_native;youtube_native;D07_V_indoorYT_panrot_0001.mp4;False;0.888889;0.842105;0.8
TIKTOK_native;youtube_native;D07_V_indoorYT_panrot_0002.mp4;False;0.888889;0.842105;0.8
TIKTOK_native;youtube_native;D07_V_indoorYT_still_0001.mp4;False;0.888889;0.842105;0.8
TIKTOK_native;youtube_native;D07_V_indoorYT_still_0002.mp4;False;0.888889;0.842105;0.8
TIKTOK_native;whatsapp_native;D07_V_outdoorWA_move_0002.mp4;False;0.69697;0.628571;0.567568
TIKTOK_native;whatsapp_native;D07_V_outdoorWA_panrot_0001.mp4;False;0.69697;0.628571;0.567568
TIKTOK_native;whatsapp_native;D07_V_outdoorWA_panrot_0002.mp4;False;0.69697;0.628571;0.567568
TIKTOK_native;whatsapp_native;D07_V_outdoorWA_still_0001.mp4;False;0.69697;0.628571;0.567568
TIKTOK_native;whatsapp_native;D07_V_outdoorWA_still_0002.mp4;False;0.69697;0.628571;0.567568
TIKTOK_native;youtube_native;D07_V_outdoorYT_move_0002.mp4;False;0.888889;0.842105;0.8
TIKTOK_native;youtube_native;D07_V_outdoorYT_panrot_0001.mp4;False;0.888889;0.842105;0.8
TIKTOK_native;youtube_native;D07_V_outdoorYT_panrot_0002.mp4;False;0.888889;0.842105;0.8
TIKTOK_native;youtube_native;D07_V_outdoorYT_still_0001.mp4;False;0.888889;0.842105;0.8
TIKTOK_native;youtube_native;D07_V_outdoorYT_still_0002.mp4;False;0.888889;0.842105;0.8
TIKTOK_native;original_native;D08_V_flat_move_0002.mp4;False;0.65625;0.558824;0.472222
TIKTOK_native;original_native;D08_V_flat_move_0003.mp4;False;0.65625;0.558824;0.472222
TIKTOK_native;original_native;D08_V_flat_move_0004.mp4;False;0.65625;0.558824;0.472222
TIKTOK_native;original_native;D08_V_flat_panrot_0001.mp4;False;0.65625;0.558824;0.472222
TIKTOK_native;original_native;D08_V_flat_panrot_0002.mp4;False;0.65625;0.558824;0.472222
TIKTOK_native;original_native;D08_V_flat_panrot_0003.mp4;False;0.65625;0.558824;0.472222
TIKTOK_native;original_native;D08_V_flat_panrot_0004.mp4;False;0.65625;0.558824;0.472222
TIKTOK_native;original_native;D08_V_flat_still_0001.mp4;False;0.65625;0.558824;0.472222
TIKTOK_native;original_native;D08_V_flat_still_0002.mp4;False;0.65625;0.558824;0.472222
TIKTOK_native;original_native;D08_V_flat_still_0003.mp4;False;0.65625;0.558824;0.472222
TIKTOK_native;original_native;D08_V_flat_still_0004.mp4;False;0.65625;0.558824;0.472222
TIKTOK_native;original_native;D08_V_flat_still_0005.mp4;False;0.65625;0.558824;0.472222
TIKTOK_native;whatsapp_native;D08_V_flatWA_move_0002.mp4;False;0.69697;0.628571;0.567568
TIKTOK_native;whatsapp_native;D08_V_flatWA_move_0003.mp4;False;0.69697;0.628571;0.567568
TIKTOK_native;whatsapp_native;D08_V_flatWA_move_0004.mp4;False;0.69697;0.628571;0.567568
TIKTOK_native;whatsapp_native;D08_V_flatWA_panrot_0001.mp4;False;0.69697;0.628571;0.567568
TIKTOK_native;whatsapp_native;D08_V_flatWA_panrot_0003.mp4;False;0.69697;0.628571;0.567568
TIKTOK_native;whatsapp_native;D08_V_flatWA_panrot_0004.mp4;False;0.69697;0.628571;0.567568
TIKTOK_native;whatsapp_native;D08_V_flatWA_still_0001.mp4;False;0.69697;0.628571;0.567568
TIKTOK_native;whatsapp_native;D08_V_flatWA_still_0002.mp4;False;0.69697;0.628571;0.567568
TIKTOK_native;whatsapp_native;D08_V_flatWA_still_0003.mp4;False;0.69697;0.628571;0.567568
TIKTOK_native;whatsapp_native;D08_V_flatWA_still_0004.mp4;False;0.69697;0.628571;0.567568
TIKTOK_native;whatsapp_native;D08_V_flatWA_still_0005.mp4;False;0.69697;0.628571;0.567568
TIKTOK_native;youtube_native;D08_V_flatYT_move_0002.mp4;False;0.888889;0.842105;0.8
TIKTOK_native;youtube_native;D08_V_flatYT_move_0003.mp4;False;0.888889;0.842105;0.8
TIKTOK_native;youtube_native;D08_V_flatYT_move_0004.mp4;False;0.888889;0.842105;0.8
TIKTOK_native;youtube_native;D08_V_flatYT_panrot_0001.mp4;False;0.888889;0.842105;0.8
TIKTOK_native;youtube_native;D08_V_flatYT_panrot_0002.mp4;False;0.888889;0.842105;0.8
TIKTOK_native;youtube_native;D08_V_flatYT_panrot_0003.mp4;False;0.888889;0.842105;0.8
TIKTOK_native;youtube_native;D08_V_flatYT_panrot_0004.mp4;False;0.888889;0.842105;0.8
TIKTOK_native;youtube_native;D08_V_flatYT_still_0001.mp4;False;0.888889;0.842105;0.8
TIKTOK_native;youtube_native;D08_V_flatYT_still_0002.mp4;False;0.888889;0.842105;0.8
TIKTOK_native;youtube_native;D08_V_flatYT_still_0003.mp4;False;0.888889;0.842105;0.8
TIKTOK_native;youtube_native;D08_V_flatYT_still_0004.mp4;False;0.888889;0.842105;0.8
TIKTOK_native;youtube_native;D08_V_flatYT_still_0005.mp4;False;0.888889;0.842105;0.8
TIKTOK_native;original_native;D08_V_indoor_move_0002.mp4;False;0.65625;0.558824;0.472222
TIKTOK_native;original_native;D08_V_indoor_move_0003.mp4;False;0.65625;0.558824;0.472222
TIKTOK_native;original_native;D08_V_indoor_move_0004.mp4;False;0.65625;0.558824;0.472222
TIKTOK_native;original_native;D08_V_indoor_panrot_0001.mp4;False;0.65625;0.558824;0.472222
TIKTOK_native;original_native;D08_V_indoor_panrot_0002.mp4;False;0.65625;0.558824;0.472222
TIKTOK_native;original_native;D08_V_indoor_panrot_0003.mp4;False;0.65625;0.558824;0.472222
TIKTOK_native;original_native;D08_V_indoor_panrot_0004.mp4;False;0.65625;0.558824;0.472222
TIKTOK_native;original_native;D08_V_indoor_still_0001.mp4;False;0.65625;0.558824;0.472222
TIKTOK_native;original_native;D08_V_indoor_still_0002.mp4;False;0.65625;0.558824;0.472222
TIKTOK_native;original_native;D08_V_indoor_still_0003.mp4;False;0.65625;0.558824;0.472222
TIKTOK_native;original_native;D08_V_indoor_still_0004.mp4;False;0.65625;0.558824;0.472222
TIKTOK_native;whatsapp_native;D08_V_indoorWA_move_0002.mp4;False;0.69697;0.628571;0.567568
TIKTOK_native;whatsapp_native;D08_V_indoorWA_move_0003.mp4;False;0.69697;0.628571;0.567568
TIKTOK_native;whatsapp_native;D08_V_indoorWA_move_0004.mp4;False;0.69697;0.628571;0.567568
TIKTOK_native;whatsapp_native;D08_V_indoorWA_panrot_0001.mp4;False;0.69697;0.628571;0.567568
TIKTOK_native;whatsapp_native;D08_V_indoorWA_panrot_0002.mp4;False;0.69697;0.628571;0.567568
TIKTOK_native;whatsapp_native;D08_V_indoorWA_panrot_0003.mp4;False;0.69697;0.628571;0.567568
TIKTOK_native;whatsapp_native;D08_V_indoorWA_panrot_0004.mp4;False;0.69697;0.628571;0.567568
TIKTOK_native;whatsapp_native;D08_V_indoorWA_still_0001.mp4;False;0.69697;0.628571;0.567568
TIKTOK_native;whatsapp_native;D08_V_indoorWA_still_0002.mp4;False;0.69697;0.628571;0.567568
TIKTOK_native;whatsapp_native;D08_V_indoorWA_still_0003.mp4;False;0.69697;0.628571;0.567568
TIKTOK_native;whatsapp_native;D08_V_indoorWA_still_0004.mp4;False;0.69697;0.628571;0.567568
TIKTOK_native;youtube_native;D08_V_indoorYT_move_0002.mp4;False;0.888889;0.842105;0.8
TIKTOK_native;youtube_native;D08_V_indoorYT_move_0003.mp4;False;0.888889;0.842105;0.8
TIKTOK_native;youtube_native;D08_V_indoorYT_move_0004.mp4;False;0.888889;0.842105;0.8
TIKTOK_native;youtube_native;D08_V_indoorYT_panrot_0001.mp4;False;0.888889;0.842105;0.8
TIKTOK_native;youtube_native;D08_V_indoorYT_panrot_0002.mp4;False;0.888889;0.842105;0.8
TIKTOK_native;youtube_native;D08_V_indoorYT_still_0001.mp4;False;0.888889;0.842105;0.8
TIKTOK_native;youtube_native;D08_V_indoorYT_still_0002.mp4;False;0.888889;0.842105;0.8
TIKTOK_native;youtube_native;D08_V_indoorYT_still_0003.mp4;False;0.888889;0.842105;0.8
TIKTOK_native;original_native;D08_V_outdoor_move_0002.mp4;False;0.65625;0.558824;0.472222
TIKTOK_native;original_native;D08_V_outdoor_move_0003.mp4;False;0.65625;0.558824;0.472222
TIKTOK_native;original_native;D08_V_outdoor_move_0004.mp4;False;0.65625;0.558824;0.472222
TIKTOK_native;original_native;D08_V_outdoor_panrot_0001.mp4;False;0.65625;0.558824;0.472222
TIKTOK_native;original_native;D08_V_outdoor_panrot_0002.mp4;False;0.65625;0.558824;0.472222
TIKTOK_native;original_native;D08_V_outdoor_panrot_0003.mp4;False;0.65625;0.558824;0.472222
TIKTOK_native;original_native;D08_V_outdoor_panrot_0004.mp4;False;0.65625;0.558824;0.472222
TIKTOK_native;original_native;D08_V_outdoor_still_0001.mp4;False;0.65625;0.558824;0.472222
TIKTOK_native;original_native;D08_V_outdoor_still_0002.mp4;False;0.65625;0.558824;0.472222
TIKTOK_native;original_native;D08_V_outdoor_still_0003.mp4;False;0.65625;0.558824;0.472222
TIKTOK_native;original_native;D08_V_outdoor_still_0004.mp4;False;0.65625;0.558824;0.472222
TIKTOK_native;whatsapp_native;D08_V_outdoorWA_move_0002.mp4;False;0.69697;0.628571;0.567568
TIKTOK_native;whatsapp_native;D08_V_outdoorWA_move_0003.mp4;False;0.69697;0.628571;0.567568
TIKTOK_native;whatsapp_native;D08_V_outdoorWA_move_0004.mp4;False;0.69697;0.628571;0.567568
TIKTOK_native;whatsapp_native;D08_V_outdoorWA_panrot_0001.mp4;False;0.69697;0.628571;0.567568
TIKTOK_native;whatsapp_native;D08_V_outdoorWA_panrot_0002.mp4;False;0.69697;0.628571;0.567568
TIKTOK_native;whatsapp_native;D08_V_outdoorWA_panrot_0003.mp4;False;0.69697;0.628571;0.567568
TIKTOK_native;whatsapp_native;D08_V_outdoorWA_panrot_0004.mp4;False;0.69697;0.628571;0.567568
TIKTOK_native;whatsapp_native;D08_V_outdoorWA_still_0001.mp4;False;0.69697;0.628571;0.567568
TIKTOK_native;whatsapp_native;D08_V_outdoorWA_still_0002.mp4;False;0.69697;0.628571;0.567568
TIKTOK_native;whatsapp_native;D08_V_outdoorWA_still_0003.mp4;False;0.69697;0.628571;0.567568
TIKTOK_native;whatsapp_native;D08_V_outdoorWA_still_0004.mp4;False;0.69697;0.628571;0.567568
TIKTOK_native;youtube_native;D08_V_outdoorYT_move_0002.mp4;False;0.888889;0.842105;0.8
TIKTOK_native;youtube_native;D08_V_outdoorYT_move_0003.mp4;False;0.888889;0.842105;0.8
TIKTOK_native;youtube_native;D08_V_outdoorYT_move_0004.mp4;False;0.888889;0.842105;0.8
TIKTOK_native;youtube_native;D08_V_outdoorYT_panrot_0001.mp4;False;0.888889;0.842105;0.8
TIKTOK_native;youtube_native;D08_V_outdoorYT_panrot_0002.mp4;False;0.888889;0.842105;0.8
TIKTOK_native;youtube_native;D08_V_outdoorYT_panrot_0003.mp4;False;0.888889;0.842105;0.8
TIKTOK_native;youtube_native;D08_V_outdoorYT_panrot_0004.mp4;False;0.888889;0.842105;0.8
TIKTOK_native;youtube_native;D08_V_outdoorYT_still_0001.mp4;False;0.888889;0.842105;0.8
TIKTOK_native;youtube_native;D08_V_outdoorYT_still_0002.mp4;False;0.888889;0.842105;0.8
TIKTOK_native;youtube_native;D08_V_outdoorYT_still_0003.mp4;False;0.888889;0.842105;0.8
TIKTOK_native;youtube_native;D08_V_outdoorYT_still_0004.mp4;False;0.888889;0.842105;0.8
TIKTOK_native;original_native;D09_V_flat_move_0002.mov;False;0.509434;0.385965;0.283333
TIKTOK_native;original_native;D09_V_flat_move_0003.mov;False;0.509434;0.385965;0.283333
TIKTOK_native;original_native;D09_V_flat_panrot_0001.mov;False;0.509434;0.385965;0.283333
TIKTOK_native;original_native;D09_V_flat_panrot_0002.mov;False;0.509434;0.385965;0.283333
TIKTOK_native;original_native;D09_V_flat_still_0001.mov;False;0.509434;0.385965;0.283333
TIKTOK_native;original_native;D09_V_flat_still_0002.mov;False;0.509434;0.385965;0.283333
TIKTOK_native;whatsapp_native;D09_V_flatWA_move_0002.mp4;False;0.69697;0.628571;0.567568
TIKTOK_native;whatsapp_native;D09_V_flatWA_move_0003.mp4;False;0.69697;0.628571;0.567568
TIKTOK_native;whatsapp_native;D09_V_flatWA_panrot_0001.mp4;False;0.69697;0.628571;0.567568
TIKTOK_native;whatsapp_native;D09_V_flatWA_panrot_0002.mp4;False;0.69697;0.628571;0.567568
TIKTOK_native;whatsapp_native;D09_V_flatWA_still_0001.mp4;False;0.69697;0.628571;0.567568
TIKTOK_native;whatsapp_native;D09_V_flatWA_still_0002.mp4;False;0.69697;0.628571;0.567568
TIKTOK_native;youtube_native;D09_V_flatYT_move_0002.mp4;False;0.888889;0.842105;0.8
TIKTOK_native;youtube_native;D09_V_flatYT_move_0003.mp4;False;0.888889;0.842105;0.8
TIKTOK_native;youtube_native;D09_V_flatYT_panrot_0001.mp4;False;0.888889;0.842105;0.8
TIKTOK_native;youtube_native;D09_V_flatYT_panrot_0002.mp4;False;0.888889;0.842105;0.8
TIKTOK_native;youtube_native;D09_V_flatYT_still_0001.mp4;False;0.888889;0.842105;0.8
TIKTOK_native;youtube_native;D09_V_flatYT_still_0002.mp4;False;0.888889;0.842105;0.8
TIKTOK_native;original_native;D09_V_indoor_move_0002.mov;False;0.519231;0.392857;0.288136
TIKTOK_native;original_native;D09_V_indoor_panrot_0001.mov;False;0.509434;0.385965;0.283333
TIKTOK_native;original_native;D09_V_indoor_panrot_0002.mov;False;0.509434;0.385965;0.283333
TIKTOK_native;original_native;D09_V_indoor_still_0001.mov;False;0.509434;0.385965;0.283333
TIKTOK_native;original_native;D09_V_indoor_still_0002.mov;False;0.509434;0.385965;0.283333
TIKTOK_native;whatsapp_native;D09_V_indoorWA_move_0002.mp4;False;0.69697;0.628571;0.567568
TIKTOK_native;whatsapp_native;D09_V_indoorWA_panrot_0001.mp4;False;0.69697;0.628571;0.567568
TIKTOK_native;whatsapp_native;D09_V_indoorWA_panrot_0002.mp4;False;0.69697;0.628571;0.567568
TIKTOK_native;whatsapp_native;D09_V_indoorWA_still_0001.mp4;False;0.69697;0.628571;0.567568
TIKTOK_native;whatsapp_native;D09_V_indoorWA_still_0002.mp4;False;0.69697;0.628571;0.567568
TIKTOK_native;youtube_native;D09_V_indoorYT_move_0002.mp4;False;0.888889;0.842105;0.8
TIKTOK_native;youtube_native;D09_V_indoorYT_panrot_0001.mp4;False;0.888889;0.842105;0.8
TIKTOK_native;youtube_native;D09_V_indoorYT_panrot_0002.mp4;False;0.888889;0.842105;0.8
TIKTOK_native;youtube_native;D09_V_indoorYT_still_0001.mp4;False;0.888889;0.842105;0.8
TIKTOK_native;youtube_native;D09_V_indoorYT_still_0002.mp4;False;0.888889;0.842105;0.8
TIKTOK_native;original_native;D09_V_outdoor_move_0002.mov;False;0.509434;0.385965;0.283333
TIKTOK_native;original_native;D09_V_outdoor_panrot_0001.mov;False;0.509434;0.385965;0.283333
TIKTOK_native;original_native;D09_V_outdoor_panrot_0002.mov;False;0.509434;0.385965;0.283333
TIKTOK_native;original_native;D09_V_outdoor_still_0001.mov;False;0.509434;0.385965;0.283333
TIKTOK_native;original_native;D09_V_outdoor_still_0002.mov;False;0.509434;0.385965;0.283333
TIKTOK_native;whatsapp_native;D09_V_outdoorWA_move_0002.mp4;False;0.69697;0.628571;0.567568
TIKTOK_native;whatsapp_native;D09_V_outdoorWA_panrot_0001.mp4;False;0.69697;0.628571;0.567568
TIKTOK_native;whatsapp_native;D09_V_outdoorWA_panrot_0002.mp4;False;0.69697;0.628571;0.567568
TIKTOK_native;whatsapp_native;D09_V_outdoorWA_still_0001.mp4;False;0.69697;0.628571;0.567568
TIKTOK_native;whatsapp_native;D09_V_outdoorWA_still_0002.mp4;False;0.69697;0.628571;0.567568
TIKTOK_native;youtube_native;D09_V_outdoorYT_move_0002.mp4;False;0.888889;0.842105;0.8
TIKTOK_native;youtube_native;D09_V_outdoorYT_panrot_0001.mp4;False;0.888889;0.842105;0.8
TIKTOK_native;youtube_native;D09_V_outdoorYT_panrot_0002.mp4;False;0.888889;0.842105;0.8
TIKTOK_native;youtube_native;D09_V_outdoorYT_still_0001.mp4;False;0.888889;0.842105;0.8
TIKTOK_native;youtube_native;D09_V_outdoorYT_still_0002.mp4;False;0.888889;0.842105;0.8
TIKTOK_native;original_native;D10_V_flat_move_0002.mov;False;0.56;0.45283;0.363636
TIKTOK_native;original_native;D10_V_flat_panrot_0001.mov;False;0.56;0.45283;0.363636
TIKTOK_native;original_native;D10_V_flat_still_0001.mov;False;0.56;0.45283;0.363636
TIKTOK_native;whatsapp_native;D10_V_flatWA_move_0002.mp4;False;0.69697;0.628571;0.567568
TIKTOK_native;whatsapp_native;D10_V_flatWA_panrot_0001.mp4;False;0.69697;0.628571;0.567568
TIKTOK_native;whatsapp_native;D10_V_flatWA_still_0001.mp4;False;0.69697;0.628571;0.567568
TIKTOK_native;youtube_native;D10_V_flatYT_move_0002.mp4;False;0.888889;0.842105;0.8
TIKTOK_native;youtube_native;D10_V_flatYT_panrot_0001.mp4;False;0.888889;0.842105;0.8
TIKTOK_native;youtube_native;D10_V_flatYT_still_0001.mp4;False;0.888889;0.842105;0.8
TIKTOK_native;original_native;D10_V_indoor_move_0002.mov;False;0.56;0.45283;0.363636
TIKTOK_native;original_native;D10_V_indoor_panrot_0001.mov;False;0.56;0.45283;0.363636
TIKTOK_native;original_native;D10_V_indoor_panrot_0002.mov;False;0.56;0.45283;0.363636
TIKTOK_native;original_native;D10_V_indoor_still_0001.mov;False;0.56;0.45283;0.363636
TIKTOK_native;original_native;D10_V_indoor_still_0002.mov;False;0.56;0.45283;0.363636
TIKTOK_native;whatsapp_native;D10_V_indoorWA_move_0002.mp4;False;0.69697;0.628571;0.567568
TIKTOK_native;whatsapp_native;D10_V_indoorWA_panrot_0001.mp4;False;0.69697;0.628571;0.567568
TIKTOK_native;whatsapp_native;D10_V_indoorWA_panrot_0002.mp4;False;0.69697;0.628571;0.567568
TIKTOK_native;whatsapp_native;D10_V_indoorWA_still_0001.mp4;False;0.69697;0.628571;0.567568
TIKTOK_native;whatsapp_native;D10_V_indoorWA_still_0002.mp4;False;0.69697;0.628571;0.567568
TIKTOK_native;youtube_native;D10_V_indoorYT_move_0002.mp4;False;0.888889;0.842105;0.8
TIKTOK_native;youtube_native;D10_V_indoorYT_panrot_0001.mp4;False;0.888889;0.842105;0.8
TIKTOK_native;youtube_native;D10_V_indoorYT_panrot_0002.mp4;False;0.888889;0.842105;0.8
TIKTOK_native;youtube_native;D10_V_indoorYT_still_0001.mp4;False;0.888889;0.842105;0.8
TIKTOK_native;youtube_native;D10_V_indoorYT_still_0002.mp4;False;0.888889;0.842105;0.8
TIKTOK_native;original_native;D10_V_outdoor_panrot_0001.mov;False;0.56;0.45283;0.363636
TIKTOK_native;original_native;D10_V_outdoor_panrot_0002.mov;False;0.56;0.45283;0.363636
TIKTOK_native;original_native;D10_V_outdoor_still_0001.mov;False;0.56;0.45283;0.363636
TIKTOK_native;original_native;D10_V_outdoor_still_0002.mov;False;0.56;0.45283;0.363636
TIKTOK_native;whatsapp_native;D10_V_outdoorWA_panrot_0001.mp4;False;0.69697;0.628571;0.567568
TIKTOK_native;whatsapp_native;D10_V_outdoorWA_panrot_0002.mp4;False;0.69697;0.628571;0.567568
TIKTOK_native;whatsapp_native;D10_V_outdoorWA_still_0001.mp4;False;0.69697;0.628571;0.567568
TIKTOK_native;whatsapp_native;D10_V_outdoorWA_still_0002.mp4;False;0.69697;0.628571;0.567568
TIKTOK_native;youtube_native;D10_V_outdoorYT_panrot_0001.mp4;False;0.888889;0.842105;0.8
TIKTOK_native;youtube_native;D10_V_outdoorYT_panrot_0002.mp4;False;0.888889;0.842105;0.8
TIKTOK_native;youtube_native;D10_V_outdoorYT_still_0001.mp4;False;0.888889;0.842105;0.8
TIKTOK_native;youtube_native;D10_V_outdoorYT_still_0002.mp4;False;0.888889;0.842105;0.8
TIKTOK_native;original_native;D11_V_flat_move_0002.mp4;False;0.666667;0.53125;0.470588
TIKTOK_native;original_native;D11_V_flat_move_0003.mp4;False;0.59375;0.441176;0.416667
TIKTOK_native;original_native;D11_V_flat_panrot_0001.mp4;False;0.666667;0.53125;0.470588
TIKTOK_native;original_native;D11_V_flat_panrot_0002.mp4;False;0.666667;0.53125;0.470588
TIKTOK_native;original_native;D11_V_flat_still_0001.mp4;False;0.666667;0.53125;0.470588
TIKTOK_native;original_native;D11_V_flat_still_0002.mp4;False;0.666667;0.53125;0.470588
TIKTOK_native;whatsapp_native;D11_V_flatWA_move_0002.mp4;False;0.69697;0.628571;0.567568
TIKTOK_native;whatsapp_native;D11_V_flatWA_move_0003.mp4;False;0.69697;0.628571;0.567568
TIKTOK_native;whatsapp_native;D11_V_flatWA_panrot_0001.mp4;False;0.69697;0.628571;0.567568
TIKTOK_native;whatsapp_native;D11_V_flatWA_panrot_0002.mp4;False;0.69697;0.628571;0.567568
TIKTOK_native;whatsapp_native;D11_V_flatWA_still_0001.mp4;False;0.69697;0.628571;0.567568
TIKTOK_native;whatsapp_native;D11_V_flatWA_still_0002.mp4;False;0.69697;0.628571;0.567568
TIKTOK_native;youtube_native;D11_V_flatYT_move_0002.mp4;False;0.888889;0.842105;0.8
TIKTOK_native;youtube_native;D11_V_flatYT_move_0003.mp4;False;0.888889;0.842105;0.8
TIKTOK_native;youtube_native;D11_V_flatYT_panrot_0001.mp4;False;0.888889;0.842105;0.8
TIKTOK_native;youtube_native;D11_V_flatYT_panrot_0002.mp4;False;0.888889;0.842105;0.8
TIKTOK_native;youtube_native;D11_V_flatYT_still_0001.mp4;False;0.888889;0.842105;0.8
TIKTOK_native;youtube_native;D11_V_flatYT_still_0002.mp4;False;0.888889;0.842105;0.8
TIKTOK_native;original_native;D11_V_indoor_move_0002.mp4;False;0.666667;0.53125;0.470588
TIKTOK_native;original_native;D11_V_indoor_panrot_0001.mp4;False;0.666667;0.53125;0.470588
TIKTOK_native;original_native;D11_V_indoor_panrot_0002.mp4;False;0.666667;0.53125;0.470588
TIKTOK_native;original_native;D11_V_indoor_still_0001.mp4;False;0.59375;0.441176;0.416667
TIKTOK_native;original_native;D11_V_indoor_still_0002.mp4;False;0.666667;0.53125;0.470588
TIKTOK_native;whatsapp_native;D11_V_indoorWA_move_0002.mp4;False;0.69697;0.628571;0.567568
TIKTOK_native;whatsapp_native;D11_V_indoorWA_panrot_0001.mp4;False;0.69697;0.628571;0.567568
TIKTOK_native;whatsapp_native;D11_V_indoorWA_panrot_0002.mp4;False;0.69697;0.628571;0.567568
TIKTOK_native;whatsapp_native;D11_V_indoorWA_still_0001.mp4;False;0.69697;0.628571;0.567568
TIKTOK_native;whatsapp_native;D11_V_indoorWA_still_0002.mp4;False;0.69697;0.628571;0.567568
TIKTOK_native;youtube_native;D11_V_indoorYT_move_0002.mp4;False;0.888889;0.842105;0.8
TIKTOK_native;youtube_native;D11_V_indoorYT_panrot_0001.mp4;False;0.888889;0.842105;0.8
TIKTOK_native;youtube_native;D11_V_indoorYT_panrot_0002.mp4;False;0.888889;0.842105;0.8
TIKTOK_native;youtube_native;D11_V_indoorYT_still_0001.mp4;False;0.888889;0.842105;0.8
TIKTOK_native;youtube_native;D11_V_indoorYT_still_0002.mp4;False;0.888889;0.842105;0.8
TIKTOK_native;original_native;D11_V_outdoor_move_0002.mp4;False;0.666667;0.53125;0.470588
TIKTOK_native;original_native;D11_V_outdoor_panrot_0001.mp4;False;0.666667;0.53125;0.470588
TIKTOK_native;original_native;D11_V_outdoor_panrot_0002.mp4;False;0.666667;0.53125;0.470588
TIKTOK_native;original_native;D11_V_outdoor_still_0001.mp4;False;0.666667;0.53125;0.470588
TIKTOK_native;original_native;D11_V_outdoor_still_0002.mp4;False;0.666667;0.53125;0.470588
TIKTOK_native;whatsapp_native;D11_V_outdoorWA_move_0002.mp4;False;0.69697;0.628571;0.567568
TIKTOK_native;whatsapp_native;D11_V_outdoorWA_panrot_0001.mp4;False;0.69697;0.628571;0.567568
TIKTOK_native;whatsapp_native;D11_V_outdoorWA_panrot_0002.mp4;False;0.69697;0.628571;0.567568
TIKTOK_native;whatsapp_native;D11_V_outdoorWA_still_0001.mp4;False;0.69697;0.628571;0.567568
TIKTOK_native;whatsapp_native;D11_V_outdoorWA_still_0002.mp4;False;0.69697;0.628571;0.567568
TIKTOK_native;youtube_native;D11_V_outdoorYT_move_0002.mp4;False;0.888889;0.842105;0.8
TIKTOK_native;youtube_native;D11_V_outdoorYT_panrot_0001.mp4;False;0.888889;0.842105;0.8
TIKTOK_native;youtube_native;D11_V_outdoorYT_panrot_0002.mp4;False;0.888889;0.842105;0.8
TIKTOK_native;youtube_native;D11_V_outdoorYT_still_0001.mp4;False;0.888889;0.842105;0.8
TIKTOK_native;youtube_native;D11_V_outdoorYT_still_0002.mp4;False;0.888889;0.842105;0.8
TIKTOK_native;original_native;D12_V_flat_move_0002.mp4;False;0.6;0.458333;0.391304
TIKTOK_native;original_native;D12_V_flat_move_0003.mp4;False;0.6;0.458333;0.391304
TIKTOK_native;original_native;D12_V_flat_panrot_0001.mp4;False;0.6;0.458333;0.391304
TIKTOK_native;original_native;D12_V_flat_panrot_0002.mp4;False;0.6;0.458333;0.391304
TIKTOK_native;original_native;D12_V_flat_still_0001.mp4;False;0.6;0.458333;0.391304
TIKTOK_native;original_native;D12_V_flat_still_0002.mp4;False;0.6;0.458333;0.391304
TIKTOK_native;whatsapp_native;D12_V_flatWA_move_0002.mp4;False;0.615385;0.48;0.375
TIKTOK_native;whatsapp_native;D12_V_flatWA_move_0003.mp4;False;0.615385;0.48;0.375
TIKTOK_native;whatsapp_native;D12_V_flatWA_panrot_0001.mp4;False;0.615385;0.48;0.375
TIKTOK_native;whatsapp_native;D12_V_flatWA_panrot_0002.mp4;False;0.615385;0.48;0.375
TIKTOK_native;whatsapp_native;D12_V_flatWA_still_0001.mp4;False;0.615385;0.48;0.375
TIKTOK_native;whatsapp_native;D12_V_flatWA_still_0002.mp4;False;0.615385;0.48;0.375
TIKTOK_native;youtube_native;D12_V_flatYT_move_0002.mp4;False;0.888889;0.842105;0.8
TIKTOK_native;youtube_native;D12_V_flatYT_move_0003.mp4;False;0.888889;0.842105;0.8
TIKTOK_native;youtube_native;D12_V_flatYT_panrot_0001.mp4;False;0.888889;0.842105;0.8
TIKTOK_native;youtube_native;D12_V_flatYT_panrot_0002.mp4;False;0.888889;0.842105;0.8
TIKTOK_native;youtube_native;D12_V_flatYT_still_0001.mp4;False;0.888889;0.842105;0.8
TIKTOK_native;youtube_native;D12_V_flatYT_still_0002.mp4;False;0.888889;0.842105;0.8
TIKTOK_native;original_native;D12_V_indoor_move_0002.mp4;False;0.6;0.458333;0.391304
TIKTOK_native;original_native;D12_V_indoor_panrot_0001.mp4;False;0.6;0.458333;0.391304
TIKTOK_native;original_native;D12_V_indoor_panrot_0002.mp4;False;0.6;0.458333;0.391304
TIKTOK_native;original_native;D12_V_indoor_still_0001.mp4;False;0.6;0.458333;0.391304
TIKTOK_native;original_native;D12_V_indoor_still_0002.mp4;False;0.6;0.458333;0.391304
TIKTOK_native;whatsapp_native;D12_V_indoorWA_move_0002.mp4;False;0.615385;0.48;0.375
TIKTOK_native;whatsapp_native;D12_V_indoorWA_panrot_0001.mp4;False;0.615385;0.48;0.375
TIKTOK_native;whatsapp_native;D12_V_indoorWA_panrot_0002.mp4;False;0.615385;0.48;0.375
TIKTOK_native;whatsapp_native;D12_V_indoorWA_still_0001.mp4;False;0.615385;0.48;0.375
TIKTOK_native;whatsapp_native;D12_V_indoorWA_still_0002.mp4;False;0.615385;0.48;0.375
TIKTOK_native;youtube_native;D12_V_indoorYT_move_0002.mp4;False;0.888889;0.842105;0.8
TIKTOK_native;youtube_native;D12_V_indoorYT_panrot_0001.mp4;False;0.888889;0.842105;0.8
TIKTOK_native;youtube_native;D12_V_indoorYT_panrot_0002.mp4;False;0.888889;0.842105;0.8
TIKTOK_native;youtube_native;D12_V_indoorYT_still_0001.mp4;False;0.888889;0.842105;0.8
TIKTOK_native;youtube_native;D12_V_indoorYT_still_0002.mp4;False;0.888889;0.842105;0.8
TIKTOK_native;original_native;D12_V_outdoor_move_0002.mp4;False;0.6;0.458333;0.391304
TIKTOK_native;original_native;D12_V_outdoor_panrot_0001.mp4;False;0.6;0.458333;0.391304
TIKTOK_native;original_native;D12_V_outdoor_panrot_0002.mp4;False;0.6;0.458333;0.391304
TIKTOK_native;original_native;D12_V_outdoor_still_0001.mp4;False;0.6;0.458333;0.391304
TIKTOK_native;original_native;D12_V_outdoor_still_0002.mp4;False;0.6;0.458333;0.391304
TIKTOK_native;whatsapp_native;D12_V_outdoorWA_move_0002.mp4;False;0.615385;0.48;0.375
TIKTOK_native;whatsapp_native;D12_V_outdoorWA_panrot_0001.mp4;False;0.615385;0.48;0.375
TIKTOK_native;whatsapp_native;D12_V_outdoorWA_panrot_0002.mp4;False;0.615385;0.48;0.375
TIKTOK_native;whatsapp_native;D12_V_outdoorWA_still_0001.mp4;False;0.615385;0.48;0.375
TIKTOK_native;whatsapp_native;D12_V_outdoorWA_still_0002.mp4;False;0.615385;0.48;0.375
TIKTOK_native;youtube_native;D12_V_outdoorYT_move_0002.mp4;False;0.888889;0.842105;0.8
TIKTOK_native;youtube_native;D12_V_outdoorYT_panrot_0001.mp4;False;0.888889;0.842105;0.8
TIKTOK_native;youtube_native;D12_V_outdoorYT_panrot_0002.mp4;False;0.888889;0.842105;0.8
TIKTOK_native;youtube_native;D12_V_outdoorYT_still_0001.mp4;False;0.888889;0.842105;0.8
TIKTOK_native;youtube_native;D12_V_outdoorYT_still_0002.mp4;False;0.888889;0.842105;0.8
TIKTOK_native;original_native;D13_V_flat_move_0002.mov;False;0.519231;0.392857;0.288136
TIKTOK_native;original_native;D13_V_flat_panrot_0001.mov;False;0.519231;0.392857;0.288136
TIKTOK_native;original_native;D13_V_flat_still_0001.mov;False;0.519231;0.392857;0.288136
TIKTOK_native;whatsapp_native;D13_V_flatWA_move_0002.mp4;False;0.69697;0.628571;0.567568
TIKTOK_native;whatsapp_native;D13_V_flatWA_panrot_0001.mp4;False;0.69697;0.628571;0.567568
TIKTOK_native;whatsapp_native;D13_V_flatWA_still_0001.mp4;False;0.69697;0.628571;0.567568
TIKTOK_native;youtube_native;D13_V_flatYT_move_0002.mp4;False;0.888889;0.842105;0.8
TIKTOK_native;youtube_native;D13_V_flatYT_panrot_0001.mp4;False;0.888889;0.842105;0.8
TIKTOK_native;youtube_native;D13_V_flatYT_still_0001.mp4;False;0.888889;0.842105;0.8
TIKTOK_native;original_native;D13_V_indoor_move_0002.mov;False;0.519231;0.392857;0.288136
TIKTOK_native;original_native;D13_V_indoor_panrot_0001.mov;False;0.519231;0.392857;0.288136
TIKTOK_native;original_native;D13_V_indoor_panrot_0002.mov;False;0.519231;0.392857;0.288136
TIKTOK_native;original_native;D13_V_indoor_still_0001.mov;False;0.519231;0.392857;0.288136
TIKTOK_native;original_native;D13_V_indoor_still_0002.mov;False;0.519231;0.392857;0.288136
TIKTOK_native;whatsapp_native;D13_V_indoorWA_move_0002.mp4;False;0.69697;0.628571;0.567568
TIKTOK_native;whatsapp_native;D13_V_indoorWA_panrot_0001.mp4;False;0.69697;0.628571;0.567568
TIKTOK_native;whatsapp_native;D13_V_indoorWA_panrot_0002.mp4;False;0.69697;0.628571;0.567568
TIKTOK_native;whatsapp_native;D13_V_indoorWA_still_0001.mp4;False;0.69697;0.628571;0.567568
TIKTOK_native;whatsapp_native;D13_V_indoorWA_still_0002.mp4;False;0.69697;0.628571;0.567568
TIKTOK_native;youtube_native;D13_V_indoorYT_move_0002.mp4;False;0.888889;0.842105;0.8
TIKTOK_native;youtube_native;D13_V_indoorYT_panrot_0001.mp4;False;0.888889;0.842105;0.8
TIKTOK_native;youtube_native;D13_V_indoorYT_panrot_0002.mp4;False;0.888889;0.842105;0.8
TIKTOK_native;youtube_native;D13_V_indoorYT_still_0001.mp4;False;0.888889;0.842105;0.8
TIKTOK_native;youtube_native;D13_V_indoorYT_still_0002.mp4;False;0.888889;0.842105;0.8
TIKTOK_native;original_native;D13_V_outdoor_move_0002.mov;False;0.519231;0.392857;0.288136
TIKTOK_native;original_native;D13_V_outdoor_panrot_0001.mov;False;0.519231;0.392857;0.288136
TIKTOK_native;original_native;D13_V_outdoor_panrot_0002.mov;False;0.519231;0.392857;0.288136
TIKTOK_native;original_native;D13_V_outdoor_still_0001.mov;False;0.519231;0.392857;0.288136
TIKTOK_native;original_native;D13_V_outdoor_still_0002.mov;False;0.519231;0.392857;0.288136
TIKTOK_native;whatsapp_native;D13_V_outdoorWA_move_0002.mp4;False;0.69697;0.628571;0.567568
TIKTOK_native;whatsapp_native;D13_V_outdoorWA_panrot_0001.mp4;False;0.69697;0.628571;0.567568
TIKTOK_native;whatsapp_native;D13_V_outdoorWA_panrot_0002.mp4;False;0.69697;0.628571;0.567568
TIKTOK_native;whatsapp_native;D13_V_outdoorWA_still_0001.mp4;False;0.69697;0.628571;0.567568
TIKTOK_native;whatsapp_native;D13_V_outdoorWA_still_0002.mp4;False;0.69697;0.628571;0.567568
TIKTOK_native;youtube_native;D13_V_outdoorYT_move_0002.mp4;False;0.888889;0.842105;0.8
TIKTOK_native;youtube_native;D13_V_outdoorYT_panrot_0001.mp4;False;0.888889;0.842105;0.8
TIKTOK_native;youtube_native;D13_V_outdoorYT_panrot_0002.mp4;False;0.888889;0.842105;0.8
TIKTOK_native;youtube_native;D13_V_outdoorYT_still_0001.mp4;False;0.888889;0.842105;0.8
TIKTOK_native;youtube_native;D13_V_outdoorYT_still_0002.mp4;False;0.888889;0.842105;0.8
TIKTOK_native;original_native;D14_V_flat_move_0002.mov;False;0.519231;0.392857;0.288136
TIKTOK_native;original_native;D14_V_flat_move_0003.mov;False;0.519231;0.392857;0.288136
TIKTOK_native;original_native;D14_V_flat_panrot_0001.mov;False;0.519231;0.392857;0.288136
TIKTOK_native;original_native;D14_V_flat_panrot_0002.mov;False;0.519231;0.392857;0.288136
TIKTOK_native;original_native;D14_V_flat_still_0001.mov;False;0.519231;0.392857;0.288136
TIKTOK_native;original_native;D14_V_flat_still_0002.mov;False;0.519231;0.392857;0.288136
TIKTOK_native;whatsapp_native;D14_V_flatWA_move_0002.mp4;False;0.69697;0.628571;0.567568
TIKTOK_native;whatsapp_native;D14_V_flatWA_move_0003.mp4;False;0.69697;0.628571;0.567568
TIKTOK_native;whatsapp_native;D14_V_flatWA_panrot_0001.mp4;False;0.69697;0.628571;0.567568
TIKTOK_native;whatsapp_native;D14_V_flatWA_panrot_0002.mp4;False;0.69697;0.628571;0.567568
TIKTOK_native;whatsapp_native;D14_V_flatWA_still_0001.mp4;False;0.69697;0.628571;0.567568
TIKTOK_native;whatsapp_native;D14_V_flatWA_still_0002.mp4;False;0.69697;0.628571;0.567568
TIKTOK_native;youtube_native;D14_V_flatYT_move_0002.mp4;False;0.888889;0.842105;0.8
TIKTOK_native;youtube_native;D14_V_flatYT_move_0003.mp4;False;0.888889;0.842105;0.8
TIKTOK_native;youtube_native;D14_V_flatYT_panrot_0001.mp4;False;0.888889;0.842105;0.8
TIKTOK_native;youtube_native;D14_V_flatYT_panrot_0002.mp4;False;0.888889;0.842105;0.8
TIKTOK_native;youtube_native;D14_V_flatYT_still_0001.mp4;False;0.888889;0.842105;0.8
TIKTOK_native;youtube_native;D14_V_flatYT_still_0002.mp4;False;0.888889;0.842105;0.8
TIKTOK_native;original_native;D14_V_indoor_move_0002.mov;False;0.519231;0.392857;0.288136
TIKTOK_native;original_native;D14_V_indoor_panrot_0001.mov;False;0.519231;0.392857;0.288136
TIKTOK_native;original_native;D14_V_indoor_panrot_0002.mov;False;0.519231;0.392857;0.288136
TIKTOK_native;original_native;D14_V_indoor_still_0001.mov;False;0.519231;0.392857;0.288136
TIKTOK_native;original_native;D14_V_indoor_still_0002.mov;False;0.519231;0.392857;0.288136
TIKTOK_native;whatsapp_native;D14_V_indoorWA_move_0002.mp4;False;0.69697;0.628571;0.567568
TIKTOK_native;whatsapp_native;D14_V_indoorWA_panrot_0001.mp4;False;0.69697;0.628571;0.567568
TIKTOK_native;whatsapp_native;D14_V_indoorWA_panrot_0002.mp4;False;0.69697;0.628571;0.567568
TIKTOK_native;whatsapp_native;D14_V_indoorWA_still_0001.mp4;False;0.69697;0.628571;0.567568
TIKTOK_native;whatsapp_native;D14_V_indoorWA_still_0002.mp4;False;0.69697;0.628571;0.567568
TIKTOK_native;youtube_native;D14_V_indoorYT_move_0002.mp4;False;0.888889;0.842105;0.8
TIKTOK_native;youtube_native;D14_V_indoorYT_panrot_0001.mp4;False;0.888889;0.842105;0.8
TIKTOK_native;youtube_native;D14_V_indoorYT_panrot_0002.mp4;False;0.888889;0.842105;0.8
TIKTOK_native;youtube_native;D14_V_indoorYT_still_0001.mp4;False;0.888889;0.842105;0.8
TIKTOK_native;youtube_native;D14_V_indoorYT_still_0002.mp4;False;0.888889;0.842105;0.8
TIKTOK_native;original_native;D14_V_outdoor_move_0002.mov;False;0.519231;0.392857;0.288136
TIKTOK_native;original_native;D14_V_outdoor_panrot_0001.mov;False;0.519231;0.392857;0.288136
TIKTOK_native;original_native;D14_V_outdoor_panrot_0002.mov;False;0.519231;0.392857;0.288136
TIKTOK_native;original_native;D14_V_outdoor_still_0001.mov;False;0.519231;0.392857;0.288136
TIKTOK_native;original_native;D14_V_outdoor_still_0002.mov;False;0.519231;0.392857;0.288136
TIKTOK_native;whatsapp_native;D14_V_outdoorWA_move_0002.mp4;False;0.69697;0.628571;0.567568
TIKTOK_native;whatsapp_native;D14_V_outdoorWA_panrot_0001.mp4;False;0.69697;0.628571;0.567568
TIKTOK_native;whatsapp_native;D14_V_outdoorWA_panrot_0002.mp4;False;0.69697;0.628571;0.567568
TIKTOK_native;whatsapp_native;D14_V_outdoorWA_still_0001.mp4;False;0.69697;0.628571;0.567568
TIKTOK_native;whatsapp_native;D14_V_outdoorWA_still_0002.mp4;False;0.69697;0.628571;0.567568
TIKTOK_native;youtube_native;D14_V_outdoorYT_move_0002.mp4;False;0.888889;0.842105;0.8
TIKTOK_native;youtube_native;D14_V_outdoorYT_panrot_0001.mp4;False;0.888889;0.842105;0.8
TIKTOK_native;youtube_native;D14_V_outdoorYT_panrot_0002.mp4;False;0.888889;0.842105;0.8
TIKTOK_native;youtube_native;D14_V_outdoorYT_still_0001.mp4;False;0.888889;0.842105;0.8
TIKTOK_native;youtube_native;D14_V_outdoorYT_still_0002.mp4;False;0.888889;0.842105;0.8
TIKTOK_native;original_native;D15_V_flat_move_0002.mov;False;0.54902;0.421053;0.322581
TIKTOK_native;original_native;D15_V_flat_move_0003.mov;False;0.54902;0.421053;0.322581
TIKTOK_native;original_native;D15_V_flat_panrot_0001.mov;False;0.54902;0.421053;0.322581
TIKTOK_native;original_native;D15_V_flat_panrot_0002.mov;False;0.54902;0.421053;0.322581
TIKTOK_native;original_native;D15_V_flat_still_0001.mov;False;0.54902;0.421053;0.322581
TIKTOK_native;original_native;D15_V_flat_still_0002.mov;False;0.54902;0.421053;0.322581
TIKTOK_native;whatsapp_native;D15_V_flatWA_move_0002.mp4;False;0.69697;0.628571;0.567568
TIKTOK_native;whatsapp_native;D15_V_flatWA_move_0003.mp4;False;0.69697;0.628571;0.567568
TIKTOK_native;whatsapp_native;D15_V_flatWA_panrot_0001.mp4;False;0.69697;0.628571;0.567568
TIKTOK_native;whatsapp_native;D15_V_flatWA_panrot_0002.mp4;False;0.69697;0.628571;0.567568
TIKTOK_native;whatsapp_native;D15_V_flatWA_still_0001.mp4;False;0.69697;0.628571;0.567568
TIKTOK_native;whatsapp_native;D15_V_flatWA_still_0002.mp4;False;0.69697;0.628571;0.567568
TIKTOK_native;youtube_native;D15_V_flatYT_move_0002.mp4;False;0.888889;0.842105;0.8
TIKTOK_native;youtube_native;D15_V_flatYT_move_0003.mp4;False;0.888889;0.842105;0.8
TIKTOK_native;youtube_native;D15_V_flatYT_panrot_0001.mp4;False;0.888889;0.842105;0.8
TIKTOK_native;youtube_native;D15_V_flatYT_panrot_0002.mp4;False;0.888889;0.842105;0.8
TIKTOK_native;youtube_native;D15_V_flatYT_still_0001.mp4;False;0.888889;0.842105;0.8
TIKTOK_native;youtube_native;D15_V_flatYT_still_0002.mp4;False;0.888889;0.842105;0.8
TIKTOK_native;original_native;D15_V_indoor_move_0002.mov;False;0.54902;0.421053;0.322581
TIKTOK_native;original_native;D15_V_indoor_panrot_0001.mov;False;0.54902;0.421053;0.322581
TIKTOK_native;original_native;D15_V_indoor_panrot_0002.mov;False;0.54902;0.421053;0.322581
TIKTOK_native;original_native;D15_V_indoor_still_0001.mov;False;0.54902;0.421053;0.322581
TIKTOK_native;original_native;D15_V_indoor_still_0002.mov;False;0.54902;0.421053;0.322581
TIKTOK_native;whatsapp_native;D15_V_indoorWA_move_0002.mp4;False;0.69697;0.628571;0.567568
TIKTOK_native;whatsapp_native;D15_V_indoorWA_panrot_0001.mp4;False;0.69697;0.628571;0.567568
TIKTOK_native;whatsapp_native;D15_V_indoorWA_panrot_0002.mp4;False;0.69697;0.628571;0.567568
TIKTOK_native;whatsapp_native;D15_V_indoorWA_still_0001.mp4;False;0.69697;0.628571;0.567568
TIKTOK_native;whatsapp_native;D15_V_indoorWA_still_0002.mp4;False;0.69697;0.628571;0.567568
TIKTOK_native;youtube_native;D15_V_indoorYT_move_0002.mp4;False;0.888889;0.842105;0.8
TIKTOK_native;youtube_native;D15_V_indoorYT_panrot_0001.mp4;False;0.888889;0.842105;0.8
TIKTOK_native;youtube_native;D15_V_indoorYT_panrot_0002.mp4;False;0.888889;0.842105;0.8
TIKTOK_native;youtube_native;D15_V_indoorYT_still_0001.mp4;False;0.888889;0.842105;0.8
TIKTOK_native;youtube_native;D15_V_indoorYT_still_0002.mp4;False;0.888889;0.842105;0.8
TIKTOK_native;original_native;D15_V_outdoor_move_0002.mov;False;0.54902;0.421053;0.322581
TIKTOK_native;original_native;D15_V_outdoor_panrot_0001.mov;False;0.54902;0.421053;0.322581
TIKTOK_native;original_native;D15_V_outdoor_panrot_0002.mov;False;0.54902;0.421053;0.322581
TIKTOK_native;original_native;D15_V_outdoor_still_0001.mov;False;0.54902;0.421053;0.322581
TIKTOK_native;whatsapp_native;D15_V_outdoorWA_move_0002.mp4;False;0.69697;0.628571;0.567568
TIKTOK_native;whatsapp_native;D15_V_outdoorWA_panrot_0001.mp4;False;0.69697;0.628571;0.567568
TIKTOK_native;whatsapp_native;D15_V_outdoorWA_panrot_0002.mp4;False;0.69697;0.628571;0.567568
TIKTOK_native;whatsapp_native;D15_V_outdoorWA_still_0001.mp4;False;0.69697;0.628571;0.567568
TIKTOK_native;youtube_native;D15_V_outdoorYT_move_0002.mp4;False;0.888889;0.842105;0.8
TIKTOK_native;youtube_native;D15_V_outdoorYT_panrot_0001.mp4;False;0.888889;0.842105;0.8
TIKTOK_native;youtube_native;D15_V_outdoorYT_panrot_0002.mp4;False;0.888889;0.842105;0.8
TIKTOK_native;youtube_native;D15_V_outdoorYT_still_0001.mp4;False;0.888889;0.842105;0.8
TIKTOK_native;original_native;D16_V_flat_move_0002.mp4;False;0.647059;0.472222;0.421053
TIKTOK_native;original_native;D16_V_flat_move_0003.mp4;False;0.647059;0.472222;0.421053
TIKTOK_native;original_native;D16_V_flat_panrot_0001.mp4;False;0.647059;0.472222;0.421053
TIKTOK_native;original_native;D16_V_flat_panrot_0002.mp4;False;0.647059;0.472222;0.421053
TIKTOK_native;original_native;D16_V_flat_still_0001.mp4;False;0.647059;0.472222;0.421053
TIKTOK_native;original_native;D16_V_flat_still_0002.mp4;False;0.647059;0.472222;0.421053
TIKTOK_native;whatsapp_native;D16_V_flatWA_move_0002.mp4;False;0.69697;0.628571;0.567568
TIKTOK_native;whatsapp_native;D16_V_flatWA_move_0003.mp4;False;0.69697;0.628571;0.567568
TIKTOK_native;whatsapp_native;D16_V_flatWA_panrot_0001.mp4;False;0.69697;0.628571;0.567568
TIKTOK_native;whatsapp_native;D16_V_flatWA_panrot_0002.mp4;False;0.69697;0.628571;0.567568
TIKTOK_native;whatsapp_native;D16_V_flatWA_still_0001.mp4;False;0.69697;0.628571;0.567568
TIKTOK_native;whatsapp_native;D16_V_flatWA_still_0002.mp4;False;0.69697;0.628571;0.567568
TIKTOK_native;youtube_native;D16_V_flatYT_move_0002.mp4;False;0.888889;0.842105;0.8
TIKTOK_native;youtube_native;D16_V_flatYT_move_0003.mp4;False;0.888889;0.842105;0.8
TIKTOK_native;youtube_native;D16_V_flatYT_panrot_0001.mp4;False;0.888889;0.842105;0.8
TIKTOK_native;youtube_native;D16_V_flatYT_panrot_0002.mp4;False;0.888889;0.842105;0.8
TIKTOK_native;youtube_native;D16_V_flatYT_still_0001.mp4;False;0.888889;0.842105;0.8
TIKTOK_native;youtube_native;D16_V_flatYT_still_0002.mp4;False;0.888889;0.842105;0.8
TIKTOK_native;original_native;D16_V_indoor_move_0002.mp4;False;0.647059;0.472222;0.421053
TIKTOK_native;original_native;D16_V_indoor_panrot_0001.mp4;False;0.647059;0.472222;0.421053
TIKTOK_native;original_native;D16_V_indoor_panrot_0002.mp4;False;0.647059;0.472222;0.421053
TIKTOK_native;original_native;D16_V_indoor_still_0001.mp4;False;0.647059;0.472222;0.421053
TIKTOK_native;original_native;D16_V_indoor_still_0002.mp4;False;0.647059;0.472222;0.421053
TIKTOK_native;whatsapp_native;D16_V_indoorWA_move_0002.mp4;False;0.69697;0.628571;0.567568
TIKTOK_native;whatsapp_native;D16_V_indoorWA_panrot_0001.mp4;False;0.69697;0.628571;0.567568
TIKTOK_native;whatsapp_native;D16_V_indoorWA_panrot_0002.mp4;False;0.69697;0.628571;0.567568
TIKTOK_native;whatsapp_native;D16_V_indoorWA_still_0001.mp4;False;0.69697;0.628571;0.567568
TIKTOK_native;whatsapp_native;D16_V_indoorWA_still_0002.mp4;False;0.69697;0.628571;0.567568
TIKTOK_native;youtube_native;D16_V_indoorYT_move_0002.mp4;False;0.888889;0.842105;0.8
TIKTOK_native;youtube_native;D16_V_indoorYT_panrot_0001.mp4;False;0.888889;0.842105;0.8
TIKTOK_native;youtube_native;D16_V_indoorYT_panrot_0002.mp4;False;0.888889;0.842105;0.8
TIKTOK_native;youtube_native;D16_V_indoorYT_still_0001.mp4;False;0.888889;0.842105;0.8
TIKTOK_native;youtube_native;D16_V_indoorYT_still_0002.mp4;False;0.888889;0.842105;0.8
TIKTOK_native;original_native;D16_V_outdoor_move_0002.mp4;False;0.647059;0.472222;0.421053
TIKTOK_native;original_native;D16_V_outdoor_panrot_0001.mp4;False;0.647059;0.472222;0.421053
TIKTOK_native;original_native;D16_V_outdoor_panrot_0002.mp4;False;0.647059;0.472222;0.421053
TIKTOK_native;original_native;D16_V_outdoor_still_0001.mp4;False;0.647059;0.472222;0.421053
TIKTOK_native;original_native;D16_V_outdoor_still_0002.mp4;False;0.647059;0.472222;0.421053
TIKTOK_native;whatsapp_native;D16_V_outdoorWA_move_0002.mp4;False;0.69697;0.628571;0.567568
TIKTOK_native;whatsapp_native;D16_V_outdoorWA_panrot_0001.mp4;False;0.69697;0.628571;0.567568
TIKTOK_native;whatsapp_native;D16_V_outdoorWA_panrot_0002.mp4;False;0.69697;0.628571;0.567568
TIKTOK_native;whatsapp_native;D16_V_outdoorWA_still_0001.mp4;False;0.69697;0.628571;0.567568
TIKTOK_native;whatsapp_native;D16_V_outdoorWA_still_0002.mp4;False;0.69697;0.628571;0.567568
TIKTOK_native;youtube_native;D16_V_outdoorYT_move_0002.mp4;False;0.888889;0.842105;0.8
TIKTOK_native;youtube_native;D16_V_outdoorYT_panrot_0001.mp4;False;0.888889;0.842105;0.8
TIKTOK_native;youtube_native;D16_V_outdoorYT_panrot_0002.mp4;False;0.888889;0.842105;0.8
TIKTOK_native;youtube_native;D16_V_outdoorYT_still_0001.mp4;False;0.888889;0.842105;0.8
TIKTOK_native;youtube_native;D16_V_outdoorYT_still_0002.mp4;False;0.888889;0.842105;0.8
TIKTOK_native;original_native;D17_V_flat_move_0002.mp4;False;0.657895;0.585366;0.534884
TIKTOK_native;original_native;D17_V_flat_panrot_0001.mp4;False;0.69697;0.638889;0.605263
TIKTOK_native;original_native;D17_V_flat_still_0001.mp4;False;0.657895;0.585366;0.534884
TIKTOK_native;whatsapp_native;D17_V_flatWA_move_0002.mp4;False;0.69697;0.628571;0.567568
TIKTOK_native;whatsapp_native;D17_V_flatWA_panrot_0001.mp4;False;0.69697;0.628571;0.567568
TIKTOK_native;whatsapp_native;D17_V_flatWA_still_0001.mp4;False;0.69697;0.628571;0.567568
TIKTOK_native;youtube_native;D17_V_flatYT_move_0002.mp4;False;0.888889;0.842105;0.8
TIKTOK_native;youtube_native;D17_V_flatYT_panrot_0001.mp4;False;0.888889;0.842105;0.8
TIKTOK_native;youtube_native;D17_V_flatYT_still_0001.mp4;False;0.888889;0.842105;0.8
TIKTOK_native;original_native;D17_V_indoor_panrot_0001.mp4;False;0.657895;0.585366;0.534884
TIKTOK_native;original_native;D17_V_indoor_still_0001.mp4;False;0.657895;0.585366;0.534884
TIKTOK_native;whatsapp_native;D17_V_indoorWA_panrot_0001.mp4;False;0.69697;0.628571;0.567568
TIKTOK_native;whatsapp_native;D17_V_indoorWA_still_0001.mp4;False;0.69697;0.628571;0.567568
TIKTOK_native;youtube_native;D17_V_indoorYT_panrot_0001.mp4;False;0.888889;0.842105;0.8
TIKTOK_native;youtube_native;D17_V_indoorYT_still_0001.mp4;False;0.888889;0.842105;0.8
TIKTOK_native;original_native;D17_V_outdoor_panrot_0001.mp4;False;0.657895;0.585366;0.534884
TIKTOK_native;original_native;D17_V_outdoor_still_0001.mp4;False;0.657895;0.585366;0.534884
TIKTOK_native;whatsapp_native;D17_V_outdoorWA_panrot_0001.mp4;False;0.69697;0.628571;0.567568
TIKTOK_native;whatsapp_native;D17_V_outdoorWA_still_0001.mp4;False;0.69697;0.628571;0.567568
TIKTOK_native;youtube_native;D17_V_outdoorYT_panrot_0001.mp4;False;0.888889;0.842105;0.8
TIKTOK_native;youtube_native;D17_V_outdoorYT_still_0001.mp4;False;0.888889;0.842105;0.8
TIKTOK_native;original_native;D18_V_flat_move_0002.mov;False;0.56;0.45283;0.363636
TIKTOK_native;original_native;D18_V_flat_panrot_0001.mov;False;0.56;0.45283;0.363636
TIKTOK_native;original_native;D18_V_flat_still_0001.mov;False;0.56;0.45283;0.363636
TIKTOK_native;original_native;D18_V_flat_still_0002.mov;False;0.56;0.45283;0.363636
TIKTOK_native;whatsapp_native;D18_V_flatWA_move_0002.mp4;False;0.69697;0.628571;0.567568
TIKTOK_native;whatsapp_native;D18_V_flatWA_panrot_0001.mp4;False;0.69697;0.628571;0.567568
TIKTOK_native;whatsapp_native;D18_V_flatWA_still_0001.mp4;False;0.69697;0.628571;0.567568
TIKTOK_native;whatsapp_native;D18_V_flatWA_still_0002.mp4;False;0.69697;0.628571;0.567568
TIKTOK_native;youtube_native;D18_V_flatYT_move_0002.mp4;False;0.888889;0.842105;0.8
TIKTOK_native;youtube_native;D18_V_flatYT_panrot_0001.mp4;False;0.888889;0.842105;0.8
TIKTOK_native;youtube_native;D18_V_flatYT_still_0001.mp4;False;0.888889;0.842105;0.8
TIKTOK_native;youtube_native;D18_V_flatYT_still_0002.mp4;False;0.888889;0.842105;0.8
TIKTOK_native;original_native;D18_V_indoor_panrot_0001.mov;False;0.56;0.45283;0.363636
TIKTOK_native;original_native;D18_V_indoor_still_0001.mov;False;0.56;0.45283;0.363636
TIKTOK_native;original_native;D18_V_indoor_still_0002.mov;False;0.56;0.45283;0.363636
TIKTOK_native;whatsapp_native;D18_V_indoorWA_panrot_0001.mp4;False;0.69697;0.628571;0.567568
TIKTOK_native;whatsapp_native;D18_V_indoorWA_still_0001.mp4;False;0.69697;0.628571;0.567568
TIKTOK_native;whatsapp_native;D18_V_indoorWA_still_0002.mp4;False;0.69697;0.628571;0.567568
TIKTOK_native;youtube_native;D18_V_indoorYT_panrot_0001.mp4;False;0.888889;0.842105;0.8
TIKTOK_native;youtube_native;D18_V_indoorYT_still_0001.mp4;False;0.888889;0.842105;0.8
TIKTOK_native;youtube_native;D18_V_indoorYT_still_0002.mp4;False;0.888889;0.842105;0.8
TIKTOK_native;original_native;D18_V_outdoor_panrot_0001.mov;False;0.56;0.45283;0.363636
TIKTOK_native;original_native;D18_V_outdoor_still_0001.mov;False;0.56;0.45283;0.363636
TIKTOK_native;original_native;D18_V_outdoor_still_0002.mov;False;0.56;0.45283;0.363636
TIKTOK_native;whatsapp_native;D18_V_outdoorWA_panrot_0001.mp4;False;0.69697;0.628571;0.567568
TIKTOK_native;whatsapp_native;D18_V_outdoorWA_still_0001.mp4;False;0.69697;0.628571;0.567568
TIKTOK_native;whatsapp_native;D18_V_outdoorWA_still_0002.mp4;False;0.69697;0.628571;0.567568
TIKTOK_native;youtube_native;D18_V_outdoorYT_panrot_0001.mp4;False;0.888889;0.842105;0.8
TIKTOK_native;youtube_native;D18_V_outdoorYT_still_0001.mp4;False;0.888889;0.842105;0.8
TIKTOK_native;youtube_native;D18_V_outdoorYT_still_0002.mp4;False;0.888889;0.842105;0.8
TIKTOK_native;original_native;D19_V_flat_move_0003.mov;False;0.54902;0.421053;0.322581
TIKTOK_native;original_native;D19_V_flat_panrot_0001.mov;False;0.54902;0.421053;0.322581
TIKTOK_native;original_native;D19_V_flat_panrot_0002.mov;False;0.54902;0.421053;0.322581
TIKTOK_native;original_native;D19_V_flat_still_0001.mov;False;0.54902;0.421053;0.322581
TIKTOK_native;original_native;D19_V_flat_still_0002.mov;False;0.54902;0.421053;0.322581
TIKTOK_native;whatsapp_native;D19_V_flatWA_move_0003.mp4;False;0.69697;0.628571;0.567568
TIKTOK_native;whatsapp_native;D19_V_flatWA_panrot_0001.mp4;False;0.69697;0.628571;0.567568
TIKTOK_native;whatsapp_native;D19_V_flatWA_panrot_0002.mp4;False;0.69697;0.628571;0.567568
TIKTOK_native;whatsapp_native;D19_V_flatWA_still_0001.mp4;False;0.69697;0.628571;0.567568
TIKTOK_native;whatsapp_native;D19_V_flatWA_still_0002.mp4;False;0.69697;0.628571;0.567568
TIKTOK_native;youtube_native;D19_V_flatYT_move_0003.mp4;False;0.888889;0.842105;0.8
TIKTOK_native;youtube_native;D19_V_flatYT_panrot_0001.mp4;False;0.888889;0.842105;0.8
TIKTOK_native;youtube_native;D19_V_flatYT_panrot_0002.mp4;False;0.888889;0.842105;0.8
TIKTOK_native;youtube_native;D19_V_flatYT_still_0001.mp4;False;0.888889;0.842105;0.8
TIKTOK_native;youtube_native;D19_V_flatYT_still_0002.mp4;False;0.888889;0.842105;0.8
TIKTOK_native;original_native;D19_V_indoor_move_0002.mov;False;0.54902;0.421053;0.322581
TIKTOK_native;original_native;D19_V_indoor_panrot_0001.mov;False;0.54902;0.421053;0.322581
TIKTOK_native;original_native;D19_V_indoor_panrot_0002.mov;False;0.54902;0.421053;0.322581
TIKTOK_native;original_native;D19_V_indoor_still_0001.mov;False;0.54902;0.421053;0.322581
TIKTOK_native;original_native;D19_V_indoor_still_0002.mov;False;0.54902;0.421053;0.322581
TIKTOK_native;whatsapp_native;D19_V_indoorWA_move_0002.mp4;False;0.69697;0.628571;0.567568
TIKTOK_native;whatsapp_native;D19_V_indoorWA_panrot_0001.mp4;False;0.69697;0.628571;0.567568
TIKTOK_native;whatsapp_native;D19_V_indoorWA_panrot_0002.mp4;False;0.69697;0.628571;0.567568
TIKTOK_native;whatsapp_native;D19_V_indoorWA_still_0001.mp4;False;0.69697;0.628571;0.567568
TIKTOK_native;whatsapp_native;D19_V_indoorWA_still_0002.mp4;False;0.69697;0.628571;0.567568
TIKTOK_native;youtube_native;D19_V_indoorYT_move_0002.mp4;False;0.888889;0.842105;0.8
TIKTOK_native;youtube_native;D19_V_indoorYT_panrot_0001.mp4;False;0.888889;0.842105;0.8
TIKTOK_native;youtube_native;D19_V_indoorYT_panrot_0002.mp4;False;0.888889;0.842105;0.8
TIKTOK_native;youtube_native;D19_V_indoorYT_still_0001.mp4;False;0.888889;0.842105;0.8
TIKTOK_native;youtube_native;D19_V_indoorYT_still_0002.mp4;False;0.888889;0.842105;0.8
TIKTOK_native;original_native;D19_V_outdoor_move_0002.mov;False;0.54902;0.421053;0.322581
TIKTOK_native;original_native;D19_V_outdoor_panrot_0001.mov;False;0.54902;0.421053;0.322581
TIKTOK_native;original_native;D19_V_outdoor_panrot_0002.mov;False;0.54902;0.421053;0.322581
TIKTOK_native;original_native;D19_V_outdoor_still_0001.mov;False;0.54902;0.421053;0.322581
TIKTOK_native;original_native;D19_V_outdoor_still_0002.mov;False;0.54902;0.421053;0.322581
TIKTOK_native;whatsapp_native;D19_V_outdoorWA_move_0002.mp4;False;0.69697;0.628571;0.567568
TIKTOK_native;whatsapp_native;D19_V_outdoorWA_panrot_0001.mp4;False;0.69697;0.628571;0.567568
TIKTOK_native;whatsapp_native;D19_V_outdoorWA_panrot_0002.mp4;False;0.69697;0.628571;0.567568
TIKTOK_native;whatsapp_native;D19_V_outdoorWA_still_0001.mp4;False;0.69697;0.628571;0.567568
TIKTOK_native;whatsapp_native;D19_V_outdoorWA_still_0002.mp4;False;0.69697;0.628571;0.567568
TIKTOK_native;youtube_native;D19_V_outdoorYT_move_0002.mp4;False;0.888889;0.842105;0.8
TIKTOK_native;youtube_native;D19_V_outdoorYT_panrot_0001.mp4;False;0.888889;0.842105;0.8
TIKTOK_native;youtube_native;D19_V_outdoorYT_panrot_0002.mp4;False;0.888889;0.842105;0.8
TIKTOK_native;youtube_native;D19_V_outdoorYT_still_0001.mp4;False;0.888889;0.842105;0.8
TIKTOK_native;youtube_native;D19_V_outdoorYT_still_0002.mp4;False;0.888889;0.842105;0.8
TIKTOK_native;original_native;D20_V_flat_move_0002.mov;False;0.56;0.45283;0.363636
TIKTOK_native;original_native;D20_V_flat_panrot_0001.mov;False;0.56;0.45283;0.363636
TIKTOK_native;original_native;D20_V_flat_still_0001.mov;False;0.56;0.45283;0.363636
TIKTOK_native;whatsapp_native;D20_V_flatWA_move_0002.mp4;False;0.69697;0.628571;0.567568
TIKTOK_native;whatsapp_native;D20_V_flatWA_panrot_0001.mp4;False;0.69697;0.628571;0.567568
TIKTOK_native;whatsapp_native;D20_V_flatWA_still_0001.mp4;False;0.69697;0.628571;0.567568
TIKTOK_native;youtube_native;D20_V_flatYT_move_0002.mp4;False;0.888889;0.842105;0.8
TIKTOK_native;youtube_native;D20_V_flatYT_panrot_0001.mp4;False;0.888889;0.842105;0.8
TIKTOK_native;youtube_native;D20_V_flatYT_still_0001.mp4;False;0.888889;0.842105;0.8
TIKTOK_native;original_native;D20_V_indoor_move_0002.mov;False;0.571429;0.461538;0.37037
TIKTOK_native;original_native;D20_V_indoor_panrot_0001.mov;False;0.571429;0.461538;0.37037
TIKTOK_native;original_native;D20_V_indoor_panrot_0002.mov;False;0.571429;0.461538;0.37037
TIKTOK_native;original_native;D20_V_indoor_still_0001.mov;False;0.571429;0.461538;0.37037
TIKTOK_native;original_native;D20_V_indoor_still_0002.mov;False;0.571429;0.461538;0.37037
TIKTOK_native;whatsapp_native;D20_V_indoorWA_move_0002.mp4;False;0.69697;0.628571;0.567568
TIKTOK_native;whatsapp_native;D20_V_indoorWA_panrot_0001.mp4;False;0.69697;0.628571;0.567568
TIKTOK_native;whatsapp_native;D20_V_indoorWA_panrot_0002.mp4;False;0.69697;0.628571;0.567568
TIKTOK_native;whatsapp_native;D20_V_indoorWA_still_0001.mp4;False;0.69697;0.628571;0.567568
TIKTOK_native;whatsapp_native;D20_V_indoorWA_still_0002.mp4;False;0.69697;0.628571;0.567568
TIKTOK_native;youtube_native;D20_V_indoorYT_move_0002.mp4;False;0.888889;0.842105;0.8
TIKTOK_native;youtube_native;D20_V_indoorYT_panrot_0001.mp4;False;0.888889;0.842105;0.8
TIKTOK_native;youtube_native;D20_V_indoorYT_panrot_0002.mp4;False;0.888889;0.842105;0.8
TIKTOK_native;youtube_native;D20_V_indoorYT_still_0001.mp4;False;0.888889;0.842105;0.8
TIKTOK_native;youtube_native;D20_V_indoorYT_still_0002.mp4;False;0.888889;0.842105;0.8
TIKTOK_native;original_native;D20_V_outdoor_move_0002.mov;False;0.571429;0.461538;0.37037
TIKTOK_native;original_native;D20_V_outdoor_panrot_0001.mov;False;0.56;0.45283;0.363636
TIKTOK_native;original_native;D20_V_outdoor_panrot_0002.mov;False;0.571429;0.461538;0.37037
TIKTOK_native;original_native;D20_V_outdoor_still_0001.mov;False;0.56;0.45283;0.363636
TIKTOK_native;original_native;D20_V_outdoor_still_0002.mov;False;0.571429;0.461538;0.37037
TIKTOK_native;whatsapp_native;D20_V_outdoorWA_move_0002.mp4;False;0.69697;0.628571;0.567568
TIKTOK_native;whatsapp_native;D20_V_outdoorWA_panrot_0001.mp4;False;0.69697;0.628571;0.567568
TIKTOK_native;whatsapp_native;D20_V_outdoorWA_panrot_0002.mp4;False;0.69697;0.628571;0.567568
TIKTOK_native;whatsapp_native;D20_V_outdoorWA_still_0001.mp4;False;0.69697;0.628571;0.567568
TIKTOK_native;whatsapp_native;D20_V_outdoorWA_still_0002.mp4;False;0.69697;0.628571;0.567568
TIKTOK_native;youtube_native;D20_V_outdoorYT_move_0002.mp4;False;0.888889;0.842105;0.8
TIKTOK_native;youtube_native;D20_V_outdoorYT_panrot_0001.mp4;False;0.888889;0.842105;0.8
TIKTOK_native;youtube_native;D20_V_outdoorYT_panrot_0002.mp4;False;0.888889;0.842105;0.8
TIKTOK_native;youtube_native;D20_V_outdoorYT_still_0001.mp4;False;0.888889;0.842105;0.8
TIKTOK_native;youtube_native;D20_V_outdoorYT_still_0002.mp4;False;0.888889;0.842105;0.8
TIKTOK_native;original_native;D21_V_flat_move_0002.mp4;False;0.7;0.5625;0.470588
TIKTOK_native;original_native;D21_V_flat_panrot_0001.mp4;False;0.7;0.5625;0.470588
TIKTOK_native;original_native;D21_V_flat_still_0001.mp4;False;0.7;0.5625;0.470588
TIKTOK_native;whatsapp_native;D21_V_flatWA_move_0002.mp4;False;0.69697;0.628571;0.567568
TIKTOK_native;whatsapp_native;D21_V_flatWA_still_0001.mp4;False;0.69697;0.628571;0.567568
TIKTOK_native;youtube_native;D21_V_flatYT_move_0002.mp4;False;0.888889;0.842105;0.8
TIKTOK_native;youtube_native;D21_V_flatYT_panrot_0001.mp4;False;0.888889;0.842105;0.8
TIKTOK_native;youtube_native;D21_V_flatYT_still_0001.mp4;False;0.888889;0.842105;0.8
TIKTOK_native;original_native;D21_V_indoor_panrot_0001.mp4;False;0.7;0.5625;0.470588
TIKTOK_native;original_native;D21_V_indoor_still_0001.mp4;False;0.7;0.5625;0.470588
TIKTOK_native;whatsapp_native;D21_V_indoorWA_panrot_0001.mp4;False;0.69697;0.628571;0.567568
TIKTOK_native;whatsapp_native;D21_V_indoorWA_still_0001.mp4;False;0.69697;0.628571;0.567568
TIKTOK_native;youtube_native;D21_V_indoorYT_panrot_0001.mp4;False;0.888889;0.842105;0.8
TIKTOK_native;youtube_native;D21_V_indoorYT_still_0001.mp4;False;0.888889;0.842105;0.8
TIKTOK_native;original_native;D21_V_outdoor_panrot_0001.mp4;False;0.7;0.5625;0.470588
TIKTOK_native;original_native;D21_V_outdoor_still_0001.mp4;False;0.7;0.5625;0.470588
TIKTOK_native;original_native;D21_V_outdoor_still_0002.mp4;False;0.7;0.5625;0.470588
TIKTOK_native;whatsapp_native;D21_V_outdoorWA_panrot_0001.mp4;False;0.69697;0.628571;0.567568
TIKTOK_native;whatsapp_native;D21_V_outdoorWA_still_0001.mp4;False;0.69697;0.628571;0.567568
TIKTOK_native;whatsapp_native;D21_V_outdoorWA_still_0002.mp4;False;0.69697;0.628571;0.567568
TIKTOK_native;youtube_native;D21_V_outdoorYT_panrot_0001.mp4;False;0.888889;0.842105;0.8
TIKTOK_native;youtube_native;D21_V_outdoorYT_still_0001.mp4;False;0.888889;0.842105;0.8
TIKTOK_native;youtube_native;D21_V_outdoorYT_still_0002.mp4;False;0.888889;0.842105;0.8
TIKTOK_native;original_native;D22_V_flat_move_0002.mp4;False;0.677419;0.575758;0.485714
TIKTOK_native;original_native;D22_V_flat_panrot_0001.mp4;False;0.677419;0.575758;0.485714
TIKTOK_native;original_native;D22_V_flat_still_0001.mp4;False;0.677419;0.575758;0.485714
TIKTOK_native;whatsapp_native;D22_V_flatWA_move_0002.mp4;False;0.69697;0.628571;0.567568
TIKTOK_native;whatsapp_native;D22_V_flatWA_panrot_0001.mp4;False;0.69697;0.628571;0.567568
TIKTOK_native;whatsapp_native;D22_V_flatWA_still_0001.mp4;False;0.69697;0.628571;0.567568
TIKTOK_native;youtube_native;D22_V_flatYT_move_0002.mp4;False;0.888889;0.842105;0.8
TIKTOK_native;youtube_native;D22_V_flatYT_panrot_0001.mp4;False;0.888889;0.842105;0.8
TIKTOK_native;youtube_native;D22_V_flatYT_still_0001.mp4;False;0.888889;0.842105;0.8
TIKTOK_native;original_native;D22_V_indoor_move_0002.mp4;False;0.677419;0.575758;0.485714
TIKTOK_native;original_native;D22_V_indoor_panrot_0001.mp4;False;0.677419;0.575758;0.485714
TIKTOK_native;original_native;D22_V_indoor_panrot_0002.mp4;False;0.677419;0.575758;0.485714
TIKTOK_native;original_native;D22_V_indoor_still_0001.mp4;False;0.677419;0.575758;0.485714
TIKTOK_native;original_native;D22_V_indoor_still_0002.mp4;False;0.677419;0.575758;0.485714
TIKTOK_native;whatsapp_native;D22_V_indoorWA_panrot_0001.mp4;False;0.69697;0.628571;0.567568
TIKTOK_native;whatsapp_native;D22_V_indoorWA_panrot_0002.mp4;False;0.69697;0.628571;0.567568
TIKTOK_native;whatsapp_native;D22_V_indoorWA_still_0001.mp4;False;0.69697;0.628571;0.567568
TIKTOK_native;whatsapp_native;D22_V_indoorWA_still_0002.mp4;False;0.69697;0.628571;0.567568
TIKTOK_native;youtube_native;D22_V_indoorYT_move_0002.mp4;False;0.888889;0.842105;0.8
TIKTOK_native;youtube_native;D22_V_indoorYT_panrot_0001.mp4;False;0.888889;0.842105;0.8
TIKTOK_native;youtube_native;D22_V_indoorYT_panrot_0002.mp4;False;0.888889;0.842105;0.8
TIKTOK_native;youtube_native;D22_V_indoorYT_still_0001.mp4;False;0.888889;0.842105;0.8
TIKTOK_native;youtube_native;D22_V_indoorYT_still_0002.mp4;False;0.888889;0.842105;0.8
TIKTOK_native;original_native;D22_V_outdoor_move_0002.mp4;False;0.677419;0.575758;0.485714
TIKTOK_native;original_native;D22_V_outdoor_panrot_0001.mp4;False;0.677419;0.575758;0.485714
TIKTOK_native;original_native;D22_V_outdoor_panrot_0002.mp4;False;0.677419;0.575758;0.485714
TIKTOK_native;original_native;D22_V_outdoor_still_0001.mp4;False;0.677419;0.575758;0.485714
TIKTOK_native;original_native;D22_V_outdoor_still_0002.mp4;False;0.677419;0.575758;0.485714
TIKTOK_native;whatsapp_native;D22_V_outdoorWA_move_0002.mp4;False;0.69697;0.628571;0.567568
TIKTOK_native;whatsapp_native;D22_V_outdoorWA_panrot_0001.mp4;False;0.69697;0.628571;0.567568
TIKTOK_native;whatsapp_native;D22_V_outdoorWA_panrot_0002.mp4;False;0.69697;0.628571;0.567568
TIKTOK_native;whatsapp_native;D22_V_outdoorWA_still_0001.mp4;False;0.69697;0.628571;0.567568
TIKTOK_native;whatsapp_native;D22_V_outdoorWA_still_0002.mp4;False;0.69697;0.628571;0.567568
TIKTOK_native;youtube_native;D22_V_outdoorYT_move_0002.mp4;False;0.888889;0.842105;0.8
TIKTOK_native;youtube_native;D22_V_outdoorYT_panrot_0001.mp4;False;0.888889;0.842105;0.8
TIKTOK_native;youtube_native;D22_V_outdoorYT_panrot_0002.mp4;False;0.888889;0.842105;0.8
TIKTOK_native;youtube_native;D22_V_outdoorYT_still_0001.mp4;False;0.888889;0.842105;0.8
TIKTOK_native;youtube_native;D22_V_outdoorYT_still_0002.mp4;False;0.888889;0.842105;0.8
TIKTOK_native;original_native;D23_V_flat_move_0002.mp4;False;0.676471;0.5;0.421053
TIKTOK_native;original_native;D23_V_flat_move_0003.mp4;False;0.676471;0.5;0.421053
TIKTOK_native;original_native;D23_V_flat_panrot_0001.mp4;False;0.676471;0.5;0.421053
TIKTOK_native;original_native;D23_V_flat_panrot_0002.mp4;False;0.676471;0.5;0.421053
TIKTOK_native;original_native;D23_V_flat_still_0001.mp4;False;0.676471;0.5;0.421053
TIKTOK_native;original_native;D23_V_flat_still_0002.mp4;False;0.676471;0.5;0.421053
TIKTOK_native;whatsapp_native;D23_V_flatWA_move_0002.mp4;False;0.75;0.705882;0.638889
TIKTOK_native;whatsapp_native;D23_V_flatWA_move_0003.mp4;False;0.75;0.705882;0.638889
TIKTOK_native;whatsapp_native;D23_V_flatWA_panrot_0001.mp4;False;0.75;0.705882;0.638889
TIKTOK_native;whatsapp_native;D23_V_flatWA_panrot_0002.mp4;False;0.75;0.705882;0.638889
TIKTOK_native;whatsapp_native;D23_V_flatWA_still_0001.mp4;False;0.75;0.705882;0.638889
TIKTOK_native;whatsapp_native;D23_V_flatWA_still_0002.mp4;False;0.75;0.705882;0.638889
TIKTOK_native;youtube_native;D23_V_flatYT_move_0002.mp4;False;0.888889;0.842105;0.8
TIKTOK_native;youtube_native;D23_V_flatYT_move_0003.mp4;False;0.888889;0.842105;0.8
TIKTOK_native;youtube_native;D23_V_flatYT_panrot_0001.mp4;False;0.888889;0.842105;0.8
TIKTOK_native;youtube_native;D23_V_flatYT_panrot_0002.mp4;False;0.888889;0.842105;0.8
TIKTOK_native;youtube_native;D23_V_flatYT_still_0001.mp4;False;0.888889;0.842105;0.8
TIKTOK_native;youtube_native;D23_V_flatYT_still_0002.mp4;False;0.888889;0.842105;0.8
TIKTOK_native;original_native;D23_V_indoor_move_0002.mp4;False;0.676471;0.5;0.421053
TIKTOK_native;original_native;D23_V_indoor_panrot_0001.mp4;False;0.676471;0.5;0.421053
TIKTOK_native;original_native;D23_V_indoor_panrot_0002.mp4;False;0.676471;0.5;0.421053
TIKTOK_native;original_native;D23_V_indoor_still_0001.mp4;False;0.676471;0.5;0.421053
TIKTOK_native;original_native;D23_V_indoor_still_0002.mp4;False;0.676471;0.5;0.421053
TIKTOK_native;whatsapp_native;D23_V_indoorWA_move_0002.mp4;False;0.75;0.705882;0.638889
TIKTOK_native;whatsapp_native;D23_V_indoorWA_panrot_0001.mp4;False;0.75;0.705882;0.638889
TIKTOK_native;whatsapp_native;D23_V_indoorWA_panrot_0002.mp4;False;0.75;0.705882;0.638889
TIKTOK_native;whatsapp_native;D23_V_indoorWA_still_0001.mp4;False;0.75;0.705882;0.638889
TIKTOK_native;whatsapp_native;D23_V_indoorWA_still_0002.mp4;False;0.75;0.705882;0.638889
TIKTOK_native;youtube_native;D23_V_indoorYT_move_0002.mp4;False;0.888889;0.842105;0.8
TIKTOK_native;youtube_native;D23_V_indoorYT_panrot_0001.mp4;False;0.888889;0.842105;0.8
TIKTOK_native;youtube_native;D23_V_indoorYT_panrot_0002.mp4;False;0.888889;0.842105;0.8
TIKTOK_native;youtube_native;D23_V_indoorYT_still_0001.mp4;False;0.888889;0.842105;0.8
TIKTOK_native;youtube_native;D23_V_indoorYT_still_0002.mp4;False;0.888889;0.842105;0.8
TIKTOK_native;original_native;D23_V_outdoor_move_0002.mp4;False;0.676471;0.5;0.421053
TIKTOK_native;original_native;D23_V_outdoor_panrot_0001.mp4;False;0.676471;0.5;0.421053
TIKTOK_native;original_native;D23_V_outdoor_panrot_0002.mp4;False;0.676471;0.5;0.421053
TIKTOK_native;original_native;D23_V_outdoor_still_0001.mp4;False;0.676471;0.5;0.421053
TIKTOK_native;original_native;D23_V_outdoor_still_0002.mp4;False;0.676471;0.5;0.421053
TIKTOK_native;whatsapp_native;D23_V_outdoorWA_move_0002.mp4;False;0.75;0.705882;0.638889
TIKTOK_native;whatsapp_native;D23_V_outdoorWA_panrot_0001.mp4;False;0.75;0.705882;0.638889
TIKTOK_native;whatsapp_native;D23_V_outdoorWA_panrot_0002.mp4;False;0.75;0.705882;0.638889
TIKTOK_native;whatsapp_native;D23_V_outdoorWA_still_0001.mp4;False;0.75;0.705882;0.638889
TIKTOK_native;whatsapp_native;D23_V_outdoorWA_still_0002.mp4;False;0.75;0.705882;0.638889
TIKTOK_native;youtube_native;D23_V_outdoorYT_move_0002.mp4;False;0.888889;0.842105;0.8
TIKTOK_native;youtube_native;D23_V_outdoorYT_panrot_0001.mp4;False;0.888889;0.842105;0.8
TIKTOK_native;youtube_native;D23_V_outdoorYT_panrot_0002.mp4;False;0.888889;0.842105;0.8
TIKTOK_native;youtube_native;D23_V_outdoorYT_still_0001.mp4;False;0.888889;0.842105;0.8
TIKTOK_native;youtube_native;D23_V_outdoorYT_still_0002.mp4;False;0.888889;0.842105;0.8
TIKTOK_native;original_native;D24_V_flat_move_0002.mp4;False;0.676471;0.5;0.421053
TIKTOK_native;original_native;D24_V_flat_move_0003.mp4;False;0.638889;0.473684;0.4
TIKTOK_native;original_native;D24_V_flat_panrot_0001.mp4;False;0.638889;0.473684;0.4
TIKTOK_native;original_native;D24_V_flat_panrot_0002.mp4;False;0.638889;0.473684;0.4
TIKTOK_native;original_native;D24_V_flat_still_0001.mp4;False;0.638889;0.473684;0.4
TIKTOK_native;original_native;D24_V_flat_still_0002.mp4;False;0.676471;0.5;0.421053
TIKTOK_native;whatsapp_native;D24_V_flatWA_move_0002.mp4;False;0.69697;0.628571;0.567568
TIKTOK_native;whatsapp_native;D24_V_flatWA_move_0003.mp4;False;0.69697;0.628571;0.567568
TIKTOK_native;whatsapp_native;D24_V_flatWA_panrot_0001.mp4;False;0.69697;0.628571;0.567568
TIKTOK_native;whatsapp_native;D24_V_flatWA_panrot_0002.mp4;False;0.69697;0.628571;0.567568
TIKTOK_native;whatsapp_native;D24_V_flatWA_still_0001.mp4;False;0.69697;0.628571;0.567568
TIKTOK_native;whatsapp_native;D24_V_flatWA_still_0002.mp4;False;0.69697;0.628571;0.567568
TIKTOK_native;youtube_native;D24_V_flatYT_move_0002.mp4;False;0.888889;0.842105;0.8
TIKTOK_native;youtube_native;D24_V_flatYT_move_0003.mp4;False;0.888889;0.842105;0.8
TIKTOK_native;youtube_native;D24_V_flatYT_panrot_0001.mp4;False;0.888889;0.842105;0.8
TIKTOK_native;youtube_native;D24_V_flatYT_panrot_0002.mp4;False;0.888889;0.842105;0.8
TIKTOK_native;youtube_native;D24_V_flatYT_still_0001.mp4;False;0.888889;0.842105;0.8
TIKTOK_native;youtube_native;D24_V_flatYT_still_0002.mp4;False;0.888889;0.842105;0.8
TIKTOK_native;original_native;D24_V_indoor_move_0002.mp4;False;0.676471;0.5;0.421053
TIKTOK_native;original_native;D24_V_indoor_panrot_0001.mp4;False;0.676471;0.5;0.421053
TIKTOK_native;original_native;D24_V_indoor_panrot_0002.mp4;False;0.676471;0.5;0.421053
TIKTOK_native;original_native;D24_V_indoor_still_0001.mp4;False;0.638889;0.473684;0.4
TIKTOK_native;original_native;D24_V_indoor_still_0002.mp4;False;0.676471;0.5;0.421053
TIKTOK_native;whatsapp_native;D24_V_indoorWA_move_0002.mp4;False;0.69697;0.628571;0.567568
TIKTOK_native;whatsapp_native;D24_V_indoorWA_panrot_0001.mp4;False;0.69697;0.628571;0.567568
TIKTOK_native;whatsapp_native;D24_V_indoorWA_panrot_0002.mp4;False;0.69697;0.628571;0.567568
TIKTOK_native;whatsapp_native;D24_V_indoorWA_still_0001.mp4;False;0.69697;0.628571;0.567568
TIKTOK_native;whatsapp_native;D24_V_indoorWA_still_0002.mp4;False;0.69697;0.628571;0.567568
TIKTOK_native;youtube_native;D24_V_indoorYT_move_0002.mp4;False;0.888889;0.842105;0.8
TIKTOK_native;youtube_native;D24_V_indoorYT_panrot_0001.mp4;False;0.888889;0.842105;0.8
TIKTOK_native;youtube_native;D24_V_indoorYT_panrot_0002.mp4;False;0.888889;0.842105;0.8
TIKTOK_native;youtube_native;D24_V_indoorYT_still_0001.mp4;False;0.888889;0.842105;0.8
TIKTOK_native;youtube_native;D24_V_indoorYT_still_0002.mp4;False;0.888889;0.842105;0.8
TIKTOK_native;original_native;D24_V_outdoor_move_0002.mp4;False;0.638889;0.473684;0.4
TIKTOK_native;original_native;D24_V_outdoor_panrot_0001.mp4;False;0.638889;0.473684;0.4
TIKTOK_native;original_native;D24_V_outdoor_panrot_0002.mp4;False;0.638889;0.473684;0.4
TIKTOK_native;original_native;D24_V_outdoor_still_0001.mp4;False;0.638889;0.473684;0.4
TIKTOK_native;original_native;D24_V_outdoor_still_0002.mp4;False;0.638889;0.473684;0.4
TIKTOK_native;whatsapp_native;D24_V_outdoorWA_move_0002.mp4;False;0.69697;0.628571;0.567568
TIKTOK_native;whatsapp_native;D24_V_outdoorWA_panrot_0001.mp4;False;0.69697;0.628571;0.567568
TIKTOK_native;whatsapp_native;D24_V_outdoorWA_panrot_0002.mp4;False;0.69697;0.628571;0.567568
TIKTOK_native;whatsapp_native;D24_V_outdoorWA_still_0001.mp4;False;0.69697;0.628571;0.567568
TIKTOK_native;whatsapp_native;D24_V_outdoorWA_still_0002.mp4;False;0.69697;0.628571;0.567568
TIKTOK_native;youtube_native;D24_V_outdoorYT_move_0002.mp4;False;0.888889;0.842105;0.8
TIKTOK_native;youtube_native;D24_V_outdoorYT_panrot_0001.mp4;False;0.888889;0.842105;0.8
TIKTOK_native;youtube_native;D24_V_outdoorYT_panrot_0002.mp4;False;0.888889;0.842105;0.8
TIKTOK_native;youtube_native;D24_V_outdoorYT_still_0001.mp4;False;0.888889;0.842105;0.8
TIKTOK_native;youtube_native;D24_V_outdoorYT_still_0002.mp4;False;0.888889;0.842105;0.8
TIKTOK_native;original_native;D25_V_flat_move_0002.mp4;False;0.628571;0.459459;0.410256
TIKTOK_native;original_native;D25_V_flat_move_0003.mp4;False;0.628571;0.459459;0.410256
TIKTOK_native;original_native;D25_V_flat_panrot_0001.mp4;False;0.628571;0.459459;0.410256
TIKTOK_native;original_native;D25_V_flat_panrot_0002.mp4;False;0.628571;0.459459;0.410256
TIKTOK_native;original_native;D25_V_flat_still_0001.mp4;False;0.628571;0.459459;0.410256
TIKTOK_native;original_native;D25_V_flat_still_0002.mp4;False;0.628571;0.459459;0.410256
TIKTOK_native;whatsapp_native;D25_V_flatWA_move_0002.mp4;False;0.69697;0.628571;0.567568
TIKTOK_native;whatsapp_native;D25_V_flatWA_move_0003.mp4;False;0.69697;0.628571;0.567568
TIKTOK_native;whatsapp_native;D25_V_flatWA_panrot_0001.mp4;False;0.69697;0.628571;0.567568
TIKTOK_native;whatsapp_native;D25_V_flatWA_panrot_0002.mp4;False;0.69697;0.628571;0.567568
TIKTOK_native;whatsapp_native;D25_V_flatWA_still_0001.mp4;False;0.69697;0.628571;0.567568
TIKTOK_native;whatsapp_native;D25_V_flatWA_still_0002.mp4;False;0.69697;0.628571;0.567568
TIKTOK_native;youtube_native;D25_V_flatYT_move_0002.mp4;False;0.888889;0.842105;0.8
TIKTOK_native;youtube_native;D25_V_flatYT_move_0003.mp4;False;0.888889;0.842105;0.8
TIKTOK_native;youtube_native;D25_V_flatYT_panrot_0001.mp4;False;0.888889;0.842105;0.8
TIKTOK_native;youtube_native;D25_V_flatYT_panrot_0002.mp4;False;0.888889;0.842105;0.8
TIKTOK_native;youtube_native;D25_V_flatYT_still_0001.mp4;False;0.888889;0.842105;0.8
TIKTOK_native;youtube_native;D25_V_flatYT_still_0002.mp4;False;0.888889;0.842105;0.8
TIKTOK_native;original_native;D25_V_indoor_move_0002.mp4;False;0.628571;0.459459;0.410256
TIKTOK_native;original_native;D25_V_indoor_panrot_0001.mp4;False;0.628571;0.459459;0.410256
TIKTOK_native;original_native;D25_V_indoor_panrot_0002.mp4;False;0.628571;0.459459;0.410256
TIKTOK_native;original_native;D25_V_indoor_still_0001.mp4;False;0.628571;0.459459;0.410256
TIKTOK_native;original_native;D25_V_indoor_still_0002.mp4;False;0.628571;0.459459;0.410256
TIKTOK_native;whatsapp_native;D25_V_indoorWA_move_0002.mp4;False;0.69697;0.628571;0.567568
TIKTOK_native;whatsapp_native;D25_V_indoorWA_panrot_0001.mp4;False;0.69697;0.628571;0.567568
TIKTOK_native;whatsapp_native;D25_V_indoorWA_panrot_0002.mp4;False;0.69697;0.628571;0.567568
TIKTOK_native;whatsapp_native;D25_V_indoorWA_still_0001.mp4;False;0.69697;0.628571;0.567568
TIKTOK_native;whatsapp_native;D25_V_indoorWA_still_0002.mp4;False;0.69697;0.628571;0.567568
TIKTOK_native;youtube_native;D25_V_indoorYT_move_0002.mp4;False;0.888889;0.842105;0.8
TIKTOK_native;youtube_native;D25_V_indoorYT_panrot_0001.mp4;False;0.888889;0.842105;0.8
TIKTOK_native;youtube_native;D25_V_indoorYT_panrot_0002.mp4;False;0.888889;0.842105;0.8
TIKTOK_native;youtube_native;D25_V_indoorYT_still_0001.mp4;False;0.888889;0.842105;0.8
TIKTOK_native;youtube_native;D25_V_indoorYT_still_0002.mp4;False;0.888889;0.842105;0.8
TIKTOK_native;original_native;D25_V_outdoor_move_0002.mp4;False;0.628571;0.459459;0.410256
TIKTOK_native;original_native;D25_V_outdoor_panrot_0001.mp4;False;0.628571;0.459459;0.410256
TIKTOK_native;original_native;D25_V_outdoor_panrot_0002.mp4;False;0.628571;0.459459;0.410256
TIKTOK_native;original_native;D25_V_outdoor_still_0001.mp4;False;0.628571;0.459459;0.410256
TIKTOK_native;original_native;D25_V_outdoor_still_0002.mp4;False;0.628571;0.459459;0.410256
TIKTOK_native;whatsapp_native;D25_V_outdoorWA_move_0002.mp4;False;0.69697;0.628571;0.567568
TIKTOK_native;whatsapp_native;D25_V_outdoorWA_panrot_0001.mp4;False;0.69697;0.628571;0.567568
TIKTOK_native;whatsapp_native;D25_V_outdoorWA_panrot_0002.mp4;False;0.69697;0.628571;0.567568
TIKTOK_native;whatsapp_native;D25_V_outdoorWA_still_0001.mp4;False;0.69697;0.628571;0.567568
TIKTOK_native;whatsapp_native;D25_V_outdoorWA_still_0002.mp4;False;0.69697;0.628571;0.567568
TIKTOK_native;youtube_native;D25_V_outdoorYT_move_0002.mp4;False;0.888889;0.842105;0.8
TIKTOK_native;youtube_native;D25_V_outdoorYT_panrot_0001.mp4;False;0.888889;0.842105;0.8
TIKTOK_native;youtube_native;D25_V_outdoorYT_panrot_0002.mp4;False;0.888889;0.842105;0.8
TIKTOK_native;youtube_native;D25_V_outdoorYT_still_0001.mp4;False;0.888889;0.842105;0.8
TIKTOK_native;youtube_native;D25_V_outdoorYT_still_0002.mp4;False;0.888889;0.842105;0.8
TIKTOK_native;original_native;D26_V_flat_move_0002.mp4;False;0.677419;0.575758;0.485714
TIKTOK_native;original_native;D26_V_flat_panrot_0001.mp4;False;0.677419;0.575758;0.485714
TIKTOK_native;original_native;D26_V_flat_still_0001.mp4;False;0.677419;0.575758;0.485714
TIKTOK_native;whatsapp_native;D26_V_flatWA_move_0002.mp4;False;0.69697;0.628571;0.567568
TIKTOK_native;whatsapp_native;D26_V_flatWA_panrot_0001.mp4;False;0.69697;0.628571;0.567568
TIKTOK_native;whatsapp_native;D26_V_flatWA_still_0001.mp4;False;0.69697;0.628571;0.567568
TIKTOK_native;youtube_native;D26_V_flatYT_move_0002.mp4;False;0.888889;0.842105;0.8
TIKTOK_native;youtube_native;D26_V_flatYT_panrot_0001.mp4;False;0.888889;0.842105;0.8
TIKTOK_native;youtube_native;D26_V_flatYT_still_0001.mp4;False;0.888889;0.842105;0.8
TIKTOK_native;original_native;D26_V_indoor_move_0002.mp4;False;0.677419;0.575758;0.485714
TIKTOK_native;original_native;D26_V_indoor_panrot_0001.mp4;False;0.677419;0.575758;0.485714
TIKTOK_native;original_native;D26_V_indoor_panrot_0002.mp4;False;0.677419;0.575758;0.485714
TIKTOK_native;original_native;D26_V_indoor_still_0001.mp4;False;0.677419;0.575758;0.485714
TIKTOK_native;original_native;D26_V_indoor_still_0002.mp4;False;0.677419;0.575758;0.485714
TIKTOK_native;whatsapp_native;D26_V_indoorWA_move_0002.mp4;False;0.69697;0.628571;0.567568
TIKTOK_native;whatsapp_native;D26_V_indoorWA_panrot_0001.mp4;False;0.69697;0.628571;0.567568
TIKTOK_native;whatsapp_native;D26_V_indoorWA_panrot_0002.mp4;False;0.69697;0.628571;0.567568
TIKTOK_native;whatsapp_native;D26_V_indoorWA_still_0001.mp4;False;0.69697;0.628571;0.567568
TIKTOK_native;whatsapp_native;D26_V_indoorWA_still_0002.mp4;False;0.69697;0.628571;0.567568
TIKTOK_native;youtube_native;D26_V_indoorYT_move_0002.mp4;False;0.888889;0.842105;0.8
TIKTOK_native;youtube_native;D26_V_indoorYT_panrot_0001.mp4;False;0.888889;0.842105;0.8
TIKTOK_native;youtube_native;D26_V_indoorYT_panrot_0002.mp4;False;0.888889;0.842105;0.8
TIKTOK_native;youtube_native;D26_V_indoorYT_still_0001.mp4;False;0.888889;0.842105;0.8
TIKTOK_native;youtube_native;D26_V_indoorYT_still_0002.mp4;False;0.888889;0.842105;0.8
TIKTOK_native;original_native;D26_V_outdoor_move_0002.mp4;False;0.677419;0.575758;0.485714
TIKTOK_native;original_native;D26_V_outdoor_panrot_0001.mp4;False;0.677419;0.575758;0.485714
TIKTOK_native;original_native;D26_V_outdoor_panrot_0002.mp4;False;0.677419;0.575758;0.485714
TIKTOK_native;original_native;D26_V_outdoor_still_0001.mp4;False;0.677419;0.575758;0.485714
TIKTOK_native;original_native;D26_V_outdoor_still_0002.mp4;False;0.677419;0.575758;0.485714
TIKTOK_native;whatsapp_native;D26_V_outdoorWA_move_0002.mp4;False;0.69697;0.628571;0.567568
TIKTOK_native;whatsapp_native;D26_V_outdoorWA_panrot_0001.mp4;False;0.69697;0.628571;0.567568
TIKTOK_native;whatsapp_native;D26_V_outdoorWA_panrot_0002.mp4;False;0.69697;0.628571;0.567568
TIKTOK_native;whatsapp_native;D26_V_outdoorWA_still_0001.mp4;False;0.69697;0.628571;0.567568
TIKTOK_native;whatsapp_native;D26_V_outdoorWA_still_0002.mp4;False;0.69697;0.628571;0.567568
TIKTOK_native;youtube_native;D26_V_outdoorYT_move_0002.mp4;False;0.888889;0.842105;0.8
TIKTOK_native;youtube_native;D26_V_outdoorYT_panrot_0001.mp4;False;0.888889;0.842105;0.8
TIKTOK_native;youtube_native;D26_V_outdoorYT_panrot_0002.mp4;False;0.888889;0.842105;0.8
TIKTOK_native;youtube_native;D26_V_outdoorYT_still_0001.mp4;False;0.888889;0.842105;0.8
TIKTOK_native;youtube_native;D26_V_outdoorYT_still_0002.mp4;False;0.888889;0.842105;0.8
TIKTOK_native;original_native;D27_V_flat_move_0002.mp4;False;0.666667;0.552632;0.45
TIKTOK_native;original_native;D27_V_flat_move_0003.mp4;False;0.666667;0.552632;0.45
TIKTOK_native;original_native;D27_V_flat_panrot_0001.mp4;False;0.666667;0.552632;0.45
TIKTOK_native;original_native;D27_V_flat_panrot_0002.mp4;False;0.666667;0.552632;0.45
TIKTOK_native;original_native;D27_V_flat_still_0001.mp4;False;0.666667;0.552632;0.45
TIKTOK_native;original_native;D27_V_flat_still_0002.mp4;False;0.666667;0.552632;0.45
TIKTOK_native;whatsapp_native;D27_V_flatWA_move_0002.mp4;False;0.69697;0.628571;0.567568
TIKTOK_native;whatsapp_native;D27_V_flatWA_move_0003.mp4;False;0.69697;0.628571;0.567568
TIKTOK_native;whatsapp_native;D27_V_flatWA_panrot_0001.mp4;False;0.69697;0.628571;0.567568
TIKTOK_native;whatsapp_native;D27_V_flatWA_panrot_0002.mp4;False;0.69697;0.628571;0.567568
TIKTOK_native;whatsapp_native;D27_V_flatWA_still_0001.mp4;False;0.69697;0.628571;0.567568
TIKTOK_native;whatsapp_native;D27_V_flatWA_still_0002.mp4;False;0.69697;0.628571;0.567568
TIKTOK_native;youtube_native;D27_V_flatYT_move_0002.mp4;False;0.888889;0.842105;0.8
TIKTOK_native;youtube_native;D27_V_flatYT_move_0003.mp4;False;0.888889;0.842105;0.8
TIKTOK_native;youtube_native;D27_V_flatYT_panrot_0001.mp4;False;0.888889;0.842105;0.8
TIKTOK_native;youtube_native;D27_V_flatYT_panrot_0002.mp4;False;0.888889;0.842105;0.8
TIKTOK_native;youtube_native;D27_V_flatYT_still_0001.mp4;False;0.888889;0.842105;0.8
TIKTOK_native;youtube_native;D27_V_flatYT_still_0002.mp4;False;0.888889;0.842105;0.8
TIKTOK_native;original_native;D27_V_indoor_move_0002.mp4;False;0.666667;0.552632;0.45
TIKTOK_native;original_native;D27_V_indoor_panrot_0001.mp4;False;0.666667;0.552632;0.45
TIKTOK_native;original_native;D27_V_indoor_panrot_0002.mp4;False;0.666667;0.552632;0.45
TIKTOK_native;original_native;D27_V_indoor_still_0001.mp4;False;0.666667;0.552632;0.45
TIKTOK_native;original_native;D27_V_indoor_still_0002.mp4;False;0.666667;0.552632;0.45
TIKTOK_native;whatsapp_native;D27_V_indoorWA_move_0002.mp4;False;0.69697;0.628571;0.567568
TIKTOK_native;whatsapp_native;D27_V_indoorWA_panrot_0001.mp4;False;0.69697;0.628571;0.567568
TIKTOK_native;whatsapp_native;D27_V_indoorWA_panrot_0002.mp4;False;0.69697;0.628571;0.567568
TIKTOK_native;whatsapp_native;D27_V_indoorWA_still_0001.mp4;False;0.69697;0.628571;0.567568
TIKTOK_native;whatsapp_native;D27_V_indoorWA_still_0002.mp4;False;0.69697;0.628571;0.567568
TIKTOK_native;youtube_native;D27_V_indoorYT_move_0002.mp4;False;0.888889;0.842105;0.8
TIKTOK_native;youtube_native;D27_V_indoorYT_panrot_0001.mp4;False;0.888889;0.842105;0.8
TIKTOK_native;youtube_native;D27_V_indoorYT_panrot_0002.mp4;False;0.888889;0.842105;0.8
TIKTOK_native;youtube_native;D27_V_indoorYT_still_0001.mp4;False;0.888889;0.842105;0.8
TIKTOK_native;youtube_native;D27_V_indoorYT_still_0002.mp4;False;0.888889;0.842105;0.8
TIKTOK_native;original_native;D27_V_outdoor_move_0002.mp4;False;0.666667;0.552632;0.45
TIKTOK_native;original_native;D27_V_outdoor_panrot_0001.mp4;False;0.666667;0.552632;0.45
TIKTOK_native;original_native;D27_V_outdoor_panrot_0002.mp4;False;0.666667;0.552632;0.45
TIKTOK_native;original_native;D27_V_outdoor_still_0001.mp4;False;0.666667;0.552632;0.45
TIKTOK_native;original_native;D27_V_outdoor_still_0002.mp4;False;0.666667;0.552632;0.45
TIKTOK_native;whatsapp_native;D27_V_outdoorWA_move_0002.mp4;False;0.69697;0.628571;0.567568
TIKTOK_native;whatsapp_native;D27_V_outdoorWA_panrot_0001.mp4;False;0.69697;0.628571;0.567568
TIKTOK_native;whatsapp_native;D27_V_outdoorWA_panrot_0002.mp4;False;0.69697;0.628571;0.567568
TIKTOK_native;whatsapp_native;D27_V_outdoorWA_still_0001.mp4;False;0.69697;0.628571;0.567568
TIKTOK_native;whatsapp_native;D27_V_outdoorWA_still_0002.mp4;False;0.69697;0.628571;0.567568
TIKTOK_native;youtube_native;D27_V_outdoorYT_move_0002.mp4;False;0.888889;0.842105;0.8
TIKTOK_native;youtube_native;D27_V_outdoorYT_panrot_0001.mp4;False;0.888889;0.842105;0.8
TIKTOK_native;youtube_native;D27_V_outdoorYT_panrot_0002.mp4;False;0.888889;0.842105;0.8
TIKTOK_native;youtube_native;D27_V_outdoorYT_still_0001.mp4;False;0.888889;0.842105;0.8
TIKTOK_native;youtube_native;D27_V_outdoorYT_still_0002.mp4;False;0.888889;0.842105;0.8
TIKTOK_native;original_native;D28_V_flat_move_0002.mp4;False;0.676471;0.5;0.421053
TIKTOK_native;original_native;D28_V_flat_move_0003.mp4;False;0.676471;0.5;0.421053
TIKTOK_native;original_native;D28_V_flat_panrot_0001.mp4;False;0.676471;0.5;0.421053
TIKTOK_native;original_native;D28_V_flat_panrot_0002.mp4;False;0.676471;0.5;0.421053
TIKTOK_native;original_native;D28_V_flat_still_0001.mp4;False;0.676471;0.5;0.421053
TIKTOK_native;original_native;D28_V_flat_still_0002.mp4;False;0.676471;0.5;0.421053
TIKTOK_native;whatsapp_native;D28_V_flatWA_move_0002.mp4;False;0.69697;0.628571;0.567568
TIKTOK_native;whatsapp_native;D28_V_flatWA_move_0003.mp4;False;0.69697;0.628571;0.567568
TIKTOK_native;whatsapp_native;D28_V_flatWA_panrot_0001.mp4;False;0.69697;0.628571;0.567568
TIKTOK_native;whatsapp_native;D28_V_flatWA_panrot_0002.mp4;False;0.69697;0.628571;0.567568
TIKTOK_native;whatsapp_native;D28_V_flatWA_still_0001.mp4;False;0.69697;0.628571;0.567568
TIKTOK_native;whatsapp_native;D28_V_flatWA_still_0002.mp4;False;0.69697;0.628571;0.567568
TIKTOK_native;youtube_native;D28_V_flatYT_move_0002.mp4;False;0.888889;0.842105;0.8
TIKTOK_native;youtube_native;D28_V_flatYT_move_0003.mp4;False;0.888889;0.842105;0.8
TIKTOK_native;youtube_native;D28_V_flatYT_panrot_0001.mp4;False;0.888889;0.842105;0.8
TIKTOK_native;youtube_native;D28_V_flatYT_panrot_0002.mp4;False;0.888889;0.842105;0.8
TIKTOK_native;youtube_native;D28_V_flatYT_still_0001.mp4;False;0.888889;0.842105;0.8
TIKTOK_native;youtube_native;D28_V_flatYT_still_0002.mp4;False;0.888889;0.842105;0.8
TIKTOK_native;original_native;D28_V_indoor_move_0002.mp4;False;0.676471;0.5;0.421053
TIKTOK_native;original_native;D28_V_indoor_panrot_0001.mp4;False;0.676471;0.5;0.421053
TIKTOK_native;original_native;D28_V_indoor_panrot_0002.mp4;False;0.676471;0.5;0.421053
TIKTOK_native;original_native;D28_V_indoor_still_0001.mp4;False;0.676471;0.5;0.421053
TIKTOK_native;original_native;D28_V_indoor_still_0002.mp4;False;0.676471;0.5;0.421053
TIKTOK_native;whatsapp_native;D28_V_indoorWA_move_0002.mp4;False;0.69697;0.628571;0.567568
TIKTOK_native;whatsapp_native;D28_V_indoorWA_panrot_0001.mp4;False;0.69697;0.628571;0.567568
TIKTOK_native;whatsapp_native;D28_V_indoorWA_panrot_0002.mp4;False;0.69697;0.628571;0.567568
TIKTOK_native;whatsapp_native;D28_V_indoorWA_still_0001.mp4;False;0.69697;0.628571;0.567568
TIKTOK_native;whatsapp_native;D28_V_indoorWA_still_0002.mp4;False;0.69697;0.628571;0.567568
TIKTOK_native;youtube_native;D28_V_indoorYT_move_0002.mp4;False;0.888889;0.842105;0.8
TIKTOK_native;youtube_native;D28_V_indoorYT_panrot_0001.mp4;False;0.888889;0.842105;0.8
TIKTOK_native;youtube_native;D28_V_indoorYT_panrot_0002.mp4;False;0.888889;0.842105;0.8
TIKTOK_native;youtube_native;D28_V_indoorYT_still_0001.mp4;False;0.888889;0.842105;0.8
TIKTOK_native;youtube_native;D28_V_indoorYT_still_0002.mp4;False;0.888889;0.842105;0.8
TIKTOK_native;original_native;D28_V_outdoor_move_0002.mp4;False;0.676471;0.5;0.421053
TIKTOK_native;original_native;D28_V_outdoor_panrot_0001.mp4;False;0.676471;0.5;0.421053
TIKTOK_native;original_native;D28_V_outdoor_panrot_0002.mp4;False;0.676471;0.5;0.421053
TIKTOK_native;original_native;D28_V_outdoor_still_0001.mp4;False;0.676471;0.5;0.421053
TIKTOK_native;original_native;D28_V_outdoor_still_0002.mp4;False;0.676471;0.5;0.421053
TIKTOK_native;whatsapp_native;D28_V_outdoorWA_move_0002.mp4;False;0.69697;0.628571;0.567568
TIKTOK_native;whatsapp_native;D28_V_outdoorWA_panrot_0001.mp4;False;0.69697;0.628571;0.567568
TIKTOK_native;whatsapp_native;D28_V_outdoorWA_panrot_0002.mp4;False;0.69697;0.628571;0.567568
TIKTOK_native;whatsapp_native;D28_V_outdoorWA_still_0001.mp4;False;0.69697;0.628571;0.567568
TIKTOK_native;whatsapp_native;D28_V_outdoorWA_still_0002.mp4;False;0.69697;0.628571;0.567568
TIKTOK_native;youtube_native;D28_V_outdoorYT_move_0002.mp4;False;0.888889;0.842105;0.8
TIKTOK_native;youtube_native;D28_V_outdoorYT_panrot_0001.mp4;False;0.888889;0.842105;0.8
TIKTOK_native;youtube_native;D28_V_outdoorYT_panrot_0002.mp4;False;0.888889;0.842105;0.8
TIKTOK_native;youtube_native;D28_V_outdoorYT_still_0001.mp4;False;0.888889;0.842105;0.8
TIKTOK_native;youtube_native;D28_V_outdoorYT_still_0002.mp4;False;0.888889;0.842105;0.8
TIKTOK_native;original_native;D29_V_flat_move_0002.mov;False;0.54902;0.421053;0.322581
TIKTOK_native;original_native;D29_V_flat_move_0003.mov;False;0.54902;0.421053;0.322581
TIKTOK_native;original_native;D29_V_flat_panrot_0001.mov;False;0.54902;0.421053;0.322581
TIKTOK_native;original_native;D29_V_flat_panrot_0002.mov;False;0.54902;0.421053;0.322581
TIKTOK_native;original_native;D29_V_flat_still_0001.mov;False;0.54902;0.421053;0.322581
TIKTOK_native;original_native;D29_V_flat_still_0002.mov;False;0.54902;0.421053;0.322581
TIKTOK_native;whatsapp_native;D29_V_flatWA_move_0002.mp4;False;0.69697;0.628571;0.567568
TIKTOK_native;whatsapp_native;D29_V_flatWA_move_0003.mp4;False;0.69697;0.628571;0.567568
TIKTOK_native;whatsapp_native;D29_V_flatWA_panrot_0001.mp4;False;0.69697;0.628571;0.567568
TIKTOK_native;whatsapp_native;D29_V_flatWA_panrot_0002.mp4;False;0.69697;0.628571;0.567568
TIKTOK_native;whatsapp_native;D29_V_flatWA_still_0001.mp4;False;0.69697;0.628571;0.567568
TIKTOK_native;whatsapp_native;D29_V_flatWA_still_0002.mp4;False;0.69697;0.628571;0.567568
TIKTOK_native;youtube_native;D29_V_flatYT_move_0002.mp4;False;0.888889;0.842105;0.8
TIKTOK_native;youtube_native;D29_V_flatYT_move_0003.mp4;False;0.888889;0.842105;0.8
TIKTOK_native;youtube_native;D29_V_flatYT_panrot_0001.mp4;False;0.888889;0.842105;0.8
TIKTOK_native;youtube_native;D29_V_flatYT_panrot_0002.mp4;False;0.888889;0.842105;0.8
TIKTOK_native;youtube_native;D29_V_flatYT_still_0001.mp4;False;0.888889;0.842105;0.8
TIKTOK_native;youtube_native;D29_V_flatYT_still_0002.mp4;False;0.888889;0.842105;0.8
TIKTOK_native;original_native;D29_V_indoor_move_0002.mov;False;0.54902;0.421053;0.322581
TIKTOK_native;original_native;D29_V_indoor_panrot_0001.mov;False;0.54902;0.421053;0.322581
TIKTOK_native;original_native;D29_V_indoor_panrot_0002.mov;False;0.54902;0.421053;0.322581
TIKTOK_native;original_native;D29_V_indoor_still_0001.mov;False;0.54902;0.421053;0.322581
TIKTOK_native;original_native;D29_V_indoor_still_0002.mov;False;0.54902;0.421053;0.322581
TIKTOK_native;whatsapp_native;D29_V_indoorWA_move_0002.mp4;False;0.69697;0.628571;0.567568
TIKTOK_native;whatsapp_native;D29_V_indoorWA_panrot_0001.mp4;False;0.69697;0.628571;0.567568
TIKTOK_native;whatsapp_native;D29_V_indoorWA_panrot_0002.mp4;False;0.69697;0.628571;0.567568
TIKTOK_native;whatsapp_native;D29_V_indoorWA_still_0001.mp4;False;0.69697;0.628571;0.567568
TIKTOK_native;whatsapp_native;D29_V_indoorWA_still_0002.mp4;False;0.69697;0.628571;0.567568
TIKTOK_native;youtube_native;D29_V_indoorYT_move_0002.mp4;False;0.888889;0.842105;0.8
TIKTOK_native;youtube_native;D29_V_indoorYT_panrot_0001.mp4;False;0.888889;0.842105;0.8
TIKTOK_native;youtube_native;D29_V_indoorYT_panrot_0002.mp4;False;0.888889;0.842105;0.8
TIKTOK_native;youtube_native;D29_V_indoorYT_still_0001.mp4;False;0.888889;0.842105;0.8
TIKTOK_native;youtube_native;D29_V_indoorYT_still_0002.mp4;False;0.888889;0.842105;0.8
TIKTOK_native;original_native;D29_V_outdoor_move_0002.mov;False;0.54902;0.421053;0.322581
TIKTOK_native;original_native;D29_V_outdoor_panrot_0001.mov;False;0.54902;0.421053;0.322581
TIKTOK_native;original_native;D29_V_outdoor_panrot_0002.mov;False;0.54902;0.421053;0.322581
TIKTOK_native;original_native;D29_V_outdoor_still_0001.mov;False;0.54902;0.421053;0.322581
TIKTOK_native;original_native;D29_V_outdoor_still_0002.mov;False;0.54902;0.421053;0.322581
TIKTOK_native;whatsapp_native;D29_V_outdoorWA_move_0002.mp4;False;0.69697;0.628571;0.567568
TIKTOK_native;whatsapp_native;D29_V_outdoorWA_panrot_0001.mp4;False;0.69697;0.628571;0.567568
TIKTOK_native;whatsapp_native;D29_V_outdoorWA_panrot_0002.mp4;False;0.69697;0.628571;0.567568
TIKTOK_native;whatsapp_native;D29_V_outdoorWA_still_0001.mp4;False;0.69697;0.628571;0.567568
TIKTOK_native;whatsapp_native;D29_V_outdoorWA_still_0002.mp4;False;0.69697;0.628571;0.567568
TIKTOK_native;youtube_native;D29_V_outdoorYT_move_0002.mp4;False;0.888889;0.842105;0.8
TIKTOK_native;youtube_native;D29_V_outdoorYT_panrot_0001.mp4;False;0.888889;0.842105;0.8
TIKTOK_native;youtube_native;D29_V_outdoorYT_panrot_0002.mp4;False;0.888889;0.842105;0.8
TIKTOK_native;youtube_native;D29_V_outdoorYT_still_0001.mp4;False;0.888889;0.842105;0.8
TIKTOK_native;youtube_native;D29_V_outdoorYT_still_0002.mp4;False;0.888889;0.842105;0.8
TIKTOK_native;original_native;D30_V_flat_move_0002.mp4;False;0.676471;0.5;0.421053
TIKTOK_native;original_native;D30_V_flat_move_0003.mp4;False;0.676471;0.5;0.421053
TIKTOK_native;original_native;D30_V_flat_panrot_0001.mp4;False;0.676471;0.5;0.421053
TIKTOK_native;original_native;D30_V_flat_panrot_0002.mp4;False;0.676471;0.5;0.421053
TIKTOK_native;original_native;D30_V_flat_still_0001.mp4;False;0.676471;0.5;0.421053
TIKTOK_native;original_native;D30_V_flat_still_0002.mp4;False;0.676471;0.5;0.421053
TIKTOK_native;whatsapp_native;D30_V_flatWA_move_0002.mp4;False;0.69697;0.628571;0.567568
TIKTOK_native;whatsapp_native;D30_V_flatWA_move_0003.mp4;False;0.69697;0.628571;0.567568
TIKTOK_native;whatsapp_native;D30_V_flatWA_panrot_0001.mp4;False;0.69697;0.628571;0.567568
TIKTOK_native;whatsapp_native;D30_V_flatWA_panrot_0002.mp4;False;0.69697;0.628571;0.567568
TIKTOK_native;whatsapp_native;D30_V_flatWA_still_0001.mp4;False;0.69697;0.628571;0.567568
TIKTOK_native;whatsapp_native;D30_V_flatWA_still_0002.mp4;False;0.69697;0.628571;0.567568
TIKTOK_native;youtube_native;D30_V_flatYT_move_0002.mp4;False;0.888889;0.842105;0.8
TIKTOK_native;youtube_native;D30_V_flatYT_move_0003.mp4;False;0.888889;0.842105;0.8
TIKTOK_native;youtube_native;D30_V_flatYT_panrot_0001.mp4;False;0.888889;0.842105;0.8
TIKTOK_native;youtube_native;D30_V_flatYT_panrot_0002.mp4;False;0.888889;0.842105;0.8
TIKTOK_native;youtube_native;D30_V_flatYT_still_0001.mp4;False;0.888889;0.842105;0.8
TIKTOK_native;youtube_native;D30_V_flatYT_still_0002.mp4;False;0.888889;0.842105;0.8
TIKTOK_native;original_native;D30_V_indoor_move_0002.mp4;False;0.676471;0.5;0.421053
TIKTOK_native;original_native;D30_V_indoor_panrot_0001.mp4;False;0.676471;0.5;0.421053
TIKTOK_native;original_native;D30_V_indoor_panrot_0002.mp4;False;0.676471;0.5;0.421053
TIKTOK_native;original_native;D30_V_indoor_still_0001.mp4;False;0.676471;0.5;0.421053
TIKTOK_native;original_native;D30_V_indoor_still_0002.mp4;False;0.676471;0.5;0.421053
TIKTOK_native;whatsapp_native;D30_V_indoorWA_move_0002.mp4;False;0.69697;0.628571;0.567568
TIKTOK_native;whatsapp_native;D30_V_indoorWA_panrot_0001.mp4;False;0.69697;0.628571;0.567568
TIKTOK_native;whatsapp_native;D30_V_indoorWA_panrot_0002.mp4;False;0.69697;0.628571;0.567568
TIKTOK_native;whatsapp_native;D30_V_indoorWA_still_0001.mp4;False;0.69697;0.628571;0.567568
TIKTOK_native;whatsapp_native;D30_V_indoorWA_still_0002.mp4;False;0.69697;0.628571;0.567568
TIKTOK_native;youtube_native;D30_V_indoorYT_move_0002.mp4;False;0.888889;0.842105;0.8
TIKTOK_native;youtube_native;D30_V_indoorYT_panrot_0001.mp4;False;0.888889;0.842105;0.8
TIKTOK_native;youtube_native;D30_V_indoorYT_panrot_0002.mp4;False;0.888889;0.842105;0.8
TIKTOK_native;youtube_native;D30_V_indoorYT_still_0001.mp4;False;0.888889;0.842105;0.8
TIKTOK_native;youtube_native;D30_V_indoorYT_still_0002.mp4;False;0.888889;0.842105;0.8
TIKTOK_native;original_native;D30_V_outdoor_move_0002.mp4;False;0.676471;0.5;0.421053
TIKTOK_native;original_native;D30_V_outdoor_panrot_0001.mp4;False;0.676471;0.5;0.421053
TIKTOK_native;original_native;D30_V_outdoor_panrot_0002.mp4;False;0.676471;0.5;0.421053
TIKTOK_native;original_native;D30_V_outdoor_still_0001.mp4;False;0.676471;0.5;0.421053
TIKTOK_native;original_native;D30_V_outdoor_still_0002.mp4;False;0.676471;0.5;0.421053
TIKTOK_native;whatsapp_native;D30_V_outdoorWA_move_0002.mp4;False;0.69697;0.628571;0.567568
TIKTOK_native;whatsapp_native;D30_V_outdoorWA_panrot_0001.mp4;False;0.69697;0.628571;0.567568
TIKTOK_native;whatsapp_native;D30_V_outdoorWA_panrot_0002.mp4;False;0.69697;0.628571;0.567568
TIKTOK_native;whatsapp_native;D30_V_outdoorWA_still_0001.mp4;False;0.69697;0.628571;0.567568
TIKTOK_native;whatsapp_native;D30_V_outdoorWA_still_0002.mp4;False;0.69697;0.628571;0.567568
TIKTOK_native;youtube_native;D30_V_outdoorYT_move_0002.mp4;False;0.888889;0.842105;0.8
TIKTOK_native;youtube_native;D30_V_outdoorYT_panrot_0001.mp4;False;0.888889;0.842105;0.8
TIKTOK_native;youtube_native;D30_V_outdoorYT_panrot_0002.mp4;False;0.888889;0.842105;0.8
TIKTOK_native;youtube_native;D30_V_outdoorYT_still_0001.mp4;False;0.888889;0.842105;0.8
TIKTOK_native;youtube_native;D30_V_outdoorYT_still_0002.mp4;False;0.888889;0.842105;0.8
TIKTOK_native;original_native;D31_V_flat_move_0002.mp4;False;0.65625;0.558824;0.472222
TIKTOK_native;original_native;D31_V_flat_move_0003.mp4;False;0.65625;0.558824;0.472222
TIKTOK_native;original_native;D31_V_flat_panrot_0001.mp4;False;0.65625;0.558824;0.472222
TIKTOK_native;original_native;D31_V_flat_panrot_0002.mp4;False;0.65625;0.558824;0.472222
TIKTOK_native;original_native;D31_V_flat_still_0001.mp4;False;0.65625;0.558824;0.472222
TIKTOK_native;original_native;D31_V_flat_still_0002.mp4;False;0.65625;0.558824;0.472222
TIKTOK_native;whatsapp_native;D31_V_flatWA_move_0002.mp4;False;0.69697;0.628571;0.567568
TIKTOK_native;whatsapp_native;D31_V_flatWA_move_0003.mp4;False;0.69697;0.628571;0.567568
TIKTOK_native;whatsapp_native;D31_V_flatWA_panrot_0001.mp4;False;0.69697;0.628571;0.567568
TIKTOK_native;whatsapp_native;D31_V_flatWA_panrot_0002.mp4;False;0.69697;0.628571;0.567568
TIKTOK_native;whatsapp_native;D31_V_flatWA_still_0001.mp4;False;0.69697;0.628571;0.567568
TIKTOK_native;whatsapp_native;D31_V_flatWA_still_0002.mp4;False;0.69697;0.628571;0.567568
TIKTOK_native;youtube_native;D31_V_flatYT_move_0002.mp4;False;0.888889;0.842105;0.8
TIKTOK_native;youtube_native;D31_V_flatYT_move_0003.mp4;False;0.888889;0.842105;0.8
TIKTOK_native;youtube_native;D31_V_flatYT_panrot_0001.mp4;False;0.888889;0.842105;0.8
TIKTOK_native;youtube_native;D31_V_flatYT_panrot_0002.mp4;False;0.888889;0.842105;0.8
TIKTOK_native;youtube_native;D31_V_flatYT_still_0001.mp4;False;0.888889;0.842105;0.8
TIKTOK_native;youtube_native;D31_V_flatYT_still_0002.mp4;False;0.888889;0.842105;0.8
TIKTOK_native;original_native;D31_V_indoor_move_0002.mp4;False;0.65625;0.558824;0.472222
TIKTOK_native;original_native;D31_V_indoor_panrot_0001.mp4;False;0.65625;0.558824;0.472222
TIKTOK_native;original_native;D31_V_indoor_panrot_0002.mp4;False;0.65625;0.558824;0.472222
TIKTOK_native;original_native;D31_V_indoor_still_0001.mp4;False;0.65625;0.558824;0.472222
TIKTOK_native;original_native;D31_V_indoor_still_0002.mp4;False;0.65625;0.558824;0.472222
TIKTOK_native;whatsapp_native;D31_V_indoorWA_move_0002.mp4;False;0.69697;0.628571;0.567568
TIKTOK_native;whatsapp_native;D31_V_indoorWA_panrot_0001.mp4;False;0.69697;0.628571;0.567568
TIKTOK_native;whatsapp_native;D31_V_indoorWA_panrot_0002.mp4;False;0.69697;0.628571;0.567568
TIKTOK_native;whatsapp_native;D31_V_indoorWA_still_0001.mp4;False;0.69697;0.628571;0.567568
TIKTOK_native;whatsapp_native;D31_V_indoorWA_still_0002.mp4;False;0.69697;0.628571;0.567568
TIKTOK_native;youtube_native;D31_V_indoorYT_move_0002.mp4;False;0.888889;0.842105;0.8
TIKTOK_native;youtube_native;D31_V_indoorYT_panrot_0001.mp4;False;0.888889;0.842105;0.8
TIKTOK_native;youtube_native;D31_V_indoorYT_panrot_0002.mp4;False;0.888889;0.842105;0.8
TIKTOK_native;youtube_native;D31_V_indoorYT_still_0001.mp4;False;0.888889;0.842105;0.8
TIKTOK_native;youtube_native;D31_V_indoorYT_still_0002.mp4;False;0.888889;0.842105;0.8
TIKTOK_native;original_native;D31_V_outdoor_move_0002.mp4;False;0.65625;0.558824;0.472222
TIKTOK_native;original_native;D31_V_outdoor_panrot_0001.mp4;False;0.65625;0.558824;0.472222
TIKTOK_native;original_native;D31_V_outdoor_panrot_0002.mp4;False;0.65625;0.558824;0.472222
TIKTOK_native;original_native;D31_V_outdoor_still_0001.mp4;False;0.65625;0.558824;0.472222
TIKTOK_native;original_native;D31_V_outdoor_still_0002.mp4;False;0.65625;0.558824;0.472222
TIKTOK_native;whatsapp_native;D31_V_outdoorWA_move_0002.mp4;False;0.69697;0.628571;0.567568
TIKTOK_native;whatsapp_native;D31_V_outdoorWA_panrot_0001.mp4;False;0.69697;0.628571;0.567568
TIKTOK_native;whatsapp_native;D31_V_outdoorWA_panrot_0002.mp4;False;0.69697;0.628571;0.567568
TIKTOK_native;whatsapp_native;D31_V_outdoorWA_still_0001.mp4;False;0.69697;0.628571;0.567568
TIKTOK_native;whatsapp_native;D31_V_outdoorWA_still_0002.mp4;False;0.69697;0.628571;0.567568
TIKTOK_native;youtube_native;D31_V_outdoorYT_move_0002.mp4;False;0.888889;0.842105;0.8
TIKTOK_native;youtube_native;D31_V_outdoorYT_panrot_0001.mp4;False;0.888889;0.842105;0.8
TIKTOK_native;youtube_native;D31_V_outdoorYT_panrot_0002.mp4;False;0.888889;0.842105;0.8
TIKTOK_native;youtube_native;D31_V_outdoorYT_still_0001.mp4;False;0.888889;0.842105;0.8
TIKTOK_native;youtube_native;D31_V_outdoorYT_still_0002.mp4;False;0.888889;0.842105;0.8
TIKTOK_native;original_native;D32_V_flat_move_0002.mp4;False;0.628571;0.459459;0.410256
TIKTOK_native;original_native;D32_V_flat_move_0003.mp4;False;0.628571;0.459459;0.410256
TIKTOK_native;original_native;D32_V_flat_panrot_0001.mp4;False;0.628571;0.459459;0.410256
TIKTOK_native;original_native;D32_V_flat_panrot_0002.mp4;False;0.628571;0.459459;0.410256
TIKTOK_native;original_native;D32_V_flat_still_0001.mp4;False;0.628571;0.459459;0.410256
TIKTOK_native;original_native;D32_V_flat_still_0002.mp4;False;0.628571;0.459459;0.410256
TIKTOK_native;whatsapp_native;D32_V_flatWA_move_0002.mp4;False;0.69697;0.628571;0.567568
TIKTOK_native;whatsapp_native;D32_V_flatWA_move_0003.mp4;False;0.69697;0.628571;0.567568
TIKTOK_native;whatsapp_native;D32_V_flatWA_panrot_0001.mp4;False;0.69697;0.628571;0.567568
TIKTOK_native;whatsapp_native;D32_V_flatWA_panrot_0002.mp4;False;0.69697;0.628571;0.567568
TIKTOK_native;whatsapp_native;D32_V_flatWA_still_0001.mp4;False;0.69697;0.628571;0.567568
TIKTOK_native;whatsapp_native;D32_V_flatWA_still_0002.mp4;False;0.69697;0.628571;0.567568
TIKTOK_native;youtube_native;D32_V_flatYT_move_0002.mp4;False;0.888889;0.842105;0.8
TIKTOK_native;youtube_native;D32_V_flatYT_move_0003.mp4;False;0.888889;0.842105;0.8
TIKTOK_native;youtube_native;D32_V_flatYT_panrot_0001.mp4;False;0.888889;0.842105;0.8
TIKTOK_native;youtube_native;D32_V_flatYT_panrot_0002.mp4;False;0.888889;0.842105;0.8
TIKTOK_native;youtube_native;D32_V_flatYT_still_0001.mp4;False;0.888889;0.842105;0.8
TIKTOK_native;youtube_native;D32_V_flatYT_still_0002.mp4;False;0.888889;0.842105;0.8
TIKTOK_native;original_native;D32_V_indoor_move_0002.mp4;False;0.628571;0.459459;0.410256
TIKTOK_native;original_native;D32_V_indoor_panrot_0001.mp4;False;0.628571;0.459459;0.410256
TIKTOK_native;original_native;D32_V_indoor_panrot_0002.mp4;False;0.628571;0.459459;0.410256
TIKTOK_native;original_native;D32_V_indoor_still_0001.mp4;False;0.628571;0.459459;0.410256
TIKTOK_native;original_native;D32_V_indoor_still_0002.mp4;False;0.628571;0.459459;0.410256
TIKTOK_native;whatsapp_native;D32_V_indoorWA_move_0002.mp4;False;0.69697;0.628571;0.567568
TIKTOK_native;whatsapp_native;D32_V_indoorWA_panrot_0001.mp4;False;0.69697;0.628571;0.567568
TIKTOK_native;whatsapp_native;D32_V_indoorWA_panrot_0002.mp4;False;0.69697;0.628571;0.567568
TIKTOK_native;whatsapp_native;D32_V_indoorWA_still_0001.mp4;False;0.69697;0.628571;0.567568
TIKTOK_native;whatsapp_native;D32_V_indoorWA_still_0002.mp4;False;0.69697;0.628571;0.567568
TIKTOK_native;youtube_native;D32_V_indoorYT_move_0002.mp4;False;0.888889;0.842105;0.8
TIKTOK_native;youtube_native;D32_V_indoorYT_panrot_0001.mp4;False;0.888889;0.842105;0.8
TIKTOK_native;youtube_native;D32_V_indoorYT_panrot_0002.mp4;False;0.888889;0.842105;0.8
TIKTOK_native;youtube_native;D32_V_indoorYT_still_0001.mp4;False;0.888889;0.842105;0.8
TIKTOK_native;youtube_native;D32_V_indoorYT_still_0002.mp4;False;0.888889;0.842105;0.8
TIKTOK_native;original_native;D32_V_outdoor_move_0002.mp4;False;0.628571;0.459459;0.410256
TIKTOK_native;original_native;D32_V_outdoor_panrot_0001.mp4;False;0.628571;0.459459;0.410256
TIKTOK_native;original_native;D32_V_outdoor_panrot_0002.mp4;False;0.628571;0.459459;0.410256
TIKTOK_native;original_native;D32_V_outdoor_still_0001.mp4;False;0.594595;0.435897;0.390244
TIKTOK_native;original_native;D32_V_outdoor_still_0002.mp4;False;0.594595;0.435897;0.390244
TIKTOK_native;whatsapp_native;D32_V_outdoorWA_move_0002.mp4;False;0.69697;0.628571;0.567568
TIKTOK_native;whatsapp_native;D32_V_outdoorWA_panrot_0001.mp4;False;0.69697;0.628571;0.567568
TIKTOK_native;whatsapp_native;D32_V_outdoorWA_panrot_0002.mp4;False;0.69697;0.628571;0.567568
TIKTOK_native;whatsapp_native;D32_V_outdoorWA_still_0001.mp4;False;0.69697;0.628571;0.567568
TIKTOK_native;whatsapp_native;D32_V_outdoorWA_still_0002.mp4;False;0.69697;0.628571;0.567568
TIKTOK_native;youtube_native;D32_V_outdoorYT_move_0002.mp4;False;0.888889;0.842105;0.8
TIKTOK_native;youtube_native;D32_V_outdoorYT_panrot_0001.mp4;False;0.888889;0.842105;0.8
TIKTOK_native;youtube_native;D32_V_outdoorYT_panrot_0002.mp4;False;0.888889;0.842105;0.8
TIKTOK_native;youtube_native;D32_V_outdoorYT_still_0001.mp4;False;0.888889;0.842105;0.8
TIKTOK_native;youtube_native;D32_V_outdoorYT_still_0002.mp4;False;0.888889;0.842105;0.8
TIKTOK_native;original_native;D33_V_flat_move_0002.mp4;False;0.59375;0.441176;0.416667
TIKTOK_native;original_native;D33_V_flat_move_0003.mp4;False;0.59375;0.441176;0.416667
TIKTOK_native;original_native;D33_V_flat_panrot_0001.mp4;False;0.59375;0.441176;0.416667
TIKTOK_native;original_native;D33_V_flat_panrot_0002.mp4;False;0.59375;0.441176;0.416667
TIKTOK_native;original_native;D33_V_flat_still_0001.mp4;False;0.59375;0.441176;0.416667
TIKTOK_native;original_native;D33_V_flat_still_0002.mp4;False;0.59375;0.441176;0.416667
TIKTOK_native;whatsapp_native;D33_V_flatWA_move_0002.mp4;False;0.69697;0.628571;0.567568
TIKTOK_native;whatsapp_native;D33_V_flatWA_move_0003.mp4;False;0.69697;0.628571;0.567568
TIKTOK_native;whatsapp_native;D33_V_flatWA_panrot_0001.mp4;False;0.69697;0.628571;0.567568
TIKTOK_native;whatsapp_native;D33_V_flatWA_panrot_0002.mp4;False;0.69697;0.628571;0.567568
TIKTOK_native;whatsapp_native;D33_V_flatWA_still_0001.mp4;False;0.69697;0.628571;0.567568
TIKTOK_native;whatsapp_native;D33_V_flatWA_still_0002.mp4;False;0.69697;0.628571;0.567568
TIKTOK_native;youtube_native;D33_V_flatYT_move_0003.mp4;False;0.888889;0.842105;0.8
TIKTOK_native;youtube_native;D33_V_flatYT_panrot_0001.mp4;False;0.888889;0.842105;0.8
TIKTOK_native;youtube_native;D33_V_flatYT_panrot_0002.mp4;False;0.888889;0.842105;0.8
TIKTOK_native;youtube_native;D33_V_flatYT_still_0001.mp4;False;0.888889;0.842105;0.8
TIKTOK_native;youtube_native;D33_V_flatYT_still_0002.mp4;False;0.888889;0.842105;0.8
TIKTOK_native;original_native;D33_V_indoor_move_0002.mp4;False;0.59375;0.441176;0.416667
TIKTOK_native;original_native;D33_V_indoor_panrot_0001.mp4;False;0.59375;0.441176;0.416667
TIKTOK_native;original_native;D33_V_indoor_panrot_0002.mp4;False;0.59375;0.441176;0.416667
TIKTOK_native;original_native;D33_V_indoor_still_0001.mp4;False;0.59375;0.441176;0.416667
TIKTOK_native;original_native;D33_V_indoor_still_0002.mp4;False;0.59375;0.441176;0.416667
TIKTOK_native;whatsapp_native;D33_V_indoorWA_move_0002.mp4;False;0.69697;0.628571;0.567568
TIKTOK_native;whatsapp_native;D33_V_indoorWA_panrot_0001.mp4;False;0.69697;0.628571;0.567568
TIKTOK_native;whatsapp_native;D33_V_indoorWA_panrot_0002.mp4;False;0.69697;0.628571;0.567568
TIKTOK_native;whatsapp_native;D33_V_indoorWA_still_0001.mp4;False;0.69697;0.628571;0.567568
TIKTOK_native;whatsapp_native;D33_V_indoorWA_still_0002.mp4;False;0.69697;0.628571;0.567568
TIKTOK_native;youtube_native;D33_V_indoorYT_move_0002.mp4;False;0.888889;0.842105;0.8
TIKTOK_native;youtube_native;D33_V_indoorYT_panrot_0001.mp4;False;0.888889;0.842105;0.8
TIKTOK_native;youtube_native;D33_V_indoorYT_panrot_0002.mp4;False;0.888889;0.842105;0.8
TIKTOK_native;youtube_native;D33_V_indoorYT_still_0001.mp4;False;0.888889;0.842105;0.8
TIKTOK_native;youtube_native;D33_V_indoorYT_still_0002.mp4;False;0.888889;0.842105;0.8
TIKTOK_native;original_native;D33_V_outdoor_move_0002.mp4;False;0.59375;0.441176;0.416667
TIKTOK_native;original_native;D33_V_outdoor_panrot_0001.mp4;False;0.59375;0.441176;0.416667
TIKTOK_native;original_native;D33_V_outdoor_panrot_0002.mp4;False;0.59375;0.441176;0.416667
TIKTOK_native;original_native;D33_V_outdoor_still_0001.mp4;False;0.59375;0.441176;0.416667
TIKTOK_native;original_native;D33_V_outdoor_still_0002.mp4;False;0.59375;0.441176;0.416667
TIKTOK_native;whatsapp_native;D33_V_outdoorWA_move_0002.mp4;False;0.69697;0.628571;0.567568
TIKTOK_native;whatsapp_native;D33_V_outdoorWA_panrot_0001.mp4;False;0.69697;0.628571;0.567568
TIKTOK_native;whatsapp_native;D33_V_outdoorWA_panrot_0002.mp4;False;0.69697;0.628571;0.567568
TIKTOK_native;whatsapp_native;D33_V_outdoorWA_still_0001.mp4;False;0.69697;0.628571;0.567568
TIKTOK_native;whatsapp_native;D33_V_outdoorWA_still_0002.mp4;False;0.69697;0.628571;0.567568
TIKTOK_native;youtube_native;D33_V_outdoorYT_move_0002.mp4;False;0.888889;0.842105;0.8
TIKTOK_native;youtube_native;D33_V_outdoorYT_panrot_0001.mp4;False;0.888889;0.842105;0.8
TIKTOK_native;youtube_native;D33_V_outdoorYT_panrot_0002.mp4;False;0.888889;0.842105;0.8
TIKTOK_native;youtube_native;D33_V_outdoorYT_still_0001.mp4;False;0.888889;0.842105;0.8
TIKTOK_native;youtube_native;D33_V_outdoorYT_still_0002.mp4;False;0.888889;0.842105;0.8
TIKTOK_native;original_native;D34_V_flat_move_0002.mov;False;0.571429;0.461538;0.37037
TIKTOK_native;original_native;D34_V_flat_move_0003.mov;False;0.571429;0.461538;0.37037
TIKTOK_native;original_native;D34_V_flat_move_0004.mov;False;0.571429;0.461538;0.37037
TIKTOK_native;original_native;D34_V_flat_move_0005.mov;False;0.571429;0.461538;0.37037
TIKTOK_native;original_native;D34_V_flat_panrot_0001.mov;False;0.571429;0.461538;0.37037
TIKTOK_native;original_native;D34_V_flat_panrot_0002.mov;False;0.571429;0.461538;0.37037
TIKTOK_native;original_native;D34_V_flat_panrot_0003.mov;False;0.571429;0.461538;0.37037
TIKTOK_native;original_native;D34_V_flat_panrot_0004.mov;False;0.571429;0.461538;0.37037
TIKTOK_native;original_native;D34_V_flat_still_0001.mov;False;0.571429;0.461538;0.37037
TIKTOK_native;original_native;D34_V_flat_still_0002.mov;False;0.571429;0.461538;0.37037
TIKTOK_native;original_native;D34_V_flat_still_0003.mov;False;0.571429;0.461538;0.37037
TIKTOK_native;original_native;D34_V_flat_still_0004.mov;False;0.571429;0.461538;0.37037
TIKTOK_native;whatsapp_native;D34_V_flatWA_move_0002.mp4;False;0.69697;0.628571;0.567568
TIKTOK_native;whatsapp_native;D34_V_flatWA_move_0003.mp4;False;0.69697;0.628571;0.567568
TIKTOK_native;whatsapp_native;D34_V_flatWA_move_0004.mp4;False;0.69697;0.628571;0.567568
TIKTOK_native;whatsapp_native;D34_V_flatWA_move_0005.mp4;False;0.69697;0.628571;0.567568
TIKTOK_native;whatsapp_native;D34_V_flatWA_panrot_0001.mp4;False;0.69697;0.628571;0.567568
TIKTOK_native;whatsapp_native;D34_V_flatWA_panrot_0002.mp4;False;0.69697;0.628571;0.567568
TIKTOK_native;whatsapp_native;D34_V_flatWA_panrot_0003.mp4;False;0.69697;0.628571;0.567568
TIKTOK_native;whatsapp_native;D34_V_flatWA_panrot_0004.mp4;False;0.69697;0.628571;0.567568
TIKTOK_native;whatsapp_native;D34_V_flatWA_still_0001.mp4;False;0.69697;0.628571;0.567568
TIKTOK_native;whatsapp_native;D34_V_flatWA_still_0002.mp4;False;0.69697;0.628571;0.567568
TIKTOK_native;whatsapp_native;D34_V_flatWA_still_0003.mp4;False;0.69697;0.628571;0.567568
TIKTOK_native;whatsapp_native;D34_V_flatWA_still_0004.mp4;False;0.69697;0.628571;0.567568
TIKTOK_native;youtube_native;D34_V_flatYT_panrot_0004.mp4;False;0.888889;0.842105;0.8
TIKTOK_native;original_native;D34_V_indoor_move_0002.mov;False;0.571429;0.461538;0.37037
TIKTOK_native;original_native;D34_V_indoor_move_0003.mov;False;0.571429;0.461538;0.37037
TIKTOK_native;original_native;D34_V_indoor_move_0004.mov;False;0.571429;0.461538;0.37037
TIKTOK_native;original_native;D34_V_indoor_panrot_0001.mov;False;0.571429;0.461538;0.37037
TIKTOK_native;original_native;D34_V_indoor_panrot_0002.mov;False;0.571429;0.461538;0.37037
TIKTOK_native;original_native;D34_V_indoor_panrot_0003.mov;False;0.571429;0.461538;0.37037
TIKTOK_native;original_native;D34_V_indoor_panrot_0004.mov;False;0.571429;0.461538;0.37037
TIKTOK_native;original_native;D34_V_indoor_still_0001.mov;False;0.571429;0.461538;0.37037
TIKTOK_native;original_native;D34_V_indoor_still_0002.mov;False;0.571429;0.461538;0.37037
TIKTOK_native;original_native;D34_V_indoor_still_0003.mov;False;0.571429;0.461538;0.37037
TIKTOK_native;original_native;D34_V_indoor_still_0004.mov;False;0.571429;0.461538;0.37037
TIKTOK_native;whatsapp_native;D34_V_indoorWA_move_0002.mp4;False;0.69697;0.628571;0.567568
TIKTOK_native;whatsapp_native;D34_V_indoorWA_move_0003.mp4;False;0.69697;0.628571;0.567568
TIKTOK_native;whatsapp_native;D34_V_indoorWA_move_0004.mp4;False;0.69697;0.628571;0.567568
TIKTOK_native;whatsapp_native;D34_V_indoorWA_panrot_0001.mp4;False;0.69697;0.628571;0.567568
TIKTOK_native;whatsapp_native;D34_V_indoorWA_panrot_0002.mp4;False;0.69697;0.628571;0.567568
TIKTOK_native;whatsapp_native;D34_V_indoorWA_panrot_0003.mp4;False;0.69697;0.628571;0.567568
TIKTOK_native;whatsapp_native;D34_V_indoorWA_panrot_0004.mp4;False;0.69697;0.628571;0.567568
TIKTOK_native;whatsapp_native;D34_V_indoorWA_still_0001.mp4;False;0.69697;0.628571;0.567568
TIKTOK_native;whatsapp_native;D34_V_indoorWA_still_0002.mp4;False;0.69697;0.628571;0.567568
TIKTOK_native;whatsapp_native;D34_V_indoorWA_still_0003.mp4;False;0.69697;0.628571;0.567568
TIKTOK_native;whatsapp_native;D34_V_indoorWA_still_0004.mp4;False;0.69697;0.628571;0.567568
TIKTOK_native;youtube_native;D34_V_indoorYT_move_0002.mp4;False;0.888889;0.842105;0.8
TIKTOK_native;youtube_native;D34_V_indoorYT_move_0003.mp4;False;0.888889;0.842105;0.8
TIKTOK_native;youtube_native;D34_V_indoorYT_move_0004.mp4;False;0.888889;0.842105;0.8
TIKTOK_native;youtube_native;D34_V_indoorYT_panrot_0001.mp4;False;0.888889;0.842105;0.8
TIKTOK_native;youtube_native;D34_V_indoorYT_panrot_0002.mp4;False;0.888889;0.842105;0.8
TIKTOK_native;youtube_native;D34_V_indoorYT_panrot_0003.mp4;False;0.888889;0.842105;0.8
TIKTOK_native;youtube_native;D34_V_indoorYT_panrot_0004.mp4;False;0.888889;0.842105;0.8
TIKTOK_native;youtube_native;D34_V_indoorYT_still_0001.mp4;False;0.888889;0.842105;0.8
TIKTOK_native;youtube_native;D34_V_indoorYT_still_0002.mp4;False;0.888889;0.842105;0.8
TIKTOK_native;original_native;D34_V_outdoor_move_0002.mov;False;0.571429;0.461538;0.37037
TIKTOK_native;original_native;D34_V_outdoor_move_0003.mov;False;0.571429;0.461538;0.37037
TIKTOK_native;original_native;D34_V_outdoor_move_0004.mov;False;0.571429;0.461538;0.37037
TIKTOK_native;original_native;D34_V_outdoor_panrot_0001.mov;False;0.571429;0.461538;0.37037
TIKTOK_native;original_native;D34_V_outdoor_panrot_0002.mov;False;0.571429;0.461538;0.37037
TIKTOK_native;original_native;D34_V_outdoor_still_0001.mov;False;0.571429;0.461538;0.37037
TIKTOK_native;whatsapp_native;D34_V_outdoorWA_move_0002.mp4;False;0.69697;0.628571;0.567568
TIKTOK_native;whatsapp_native;D34_V_outdoorWA_move_0003.mp4;False;0.69697;0.628571;0.567568
TIKTOK_native;whatsapp_native;D34_V_outdoorWA_move_0004.mp4;False;0.69697;0.628571;0.567568
TIKTOK_native;whatsapp_native;D34_V_outdoorWA_panrot_0001.mp4;False;0.69697;0.628571;0.567568
TIKTOK_native;whatsapp_native;D34_V_outdoorWA_panrot_0002.mp4;False;0.69697;0.628571;0.567568
TIKTOK_native;whatsapp_native;D34_V_outdoorWA_still_0001.mp4;False;0.69697;0.628571;0.567568
TIKTOK_native;youtube_native;D34_V_outdoorYT_move_0002.mp4;False;0.888889;0.842105;0.8
TIKTOK_native;youtube_native;D34_V_outdoorYT_move_0003.mp4;False;0.888889;0.842105;0.8
TIKTOK_native;youtube_native;D34_V_outdoorYT_move_0004.mp4;False;0.888889;0.842105;0.8
TIKTOK_native;youtube_native;D34_V_outdoorYT_panrot_0001.mp4;False;0.888889;0.842105;0.8
TIKTOK_native;youtube_native;D34_V_outdoorYT_panrot_0002.mp4;False;0.888889;0.842105;0.8
TIKTOK_native;original_native;D35_V_flat_move_0002.mp4;False;0.636364;0.542857;0.459459
TIKTOK_native;original_native;D35_V_flat_panrot_0001.mp4;False;0.636364;0.542857;0.459459
TIKTOK_native;original_native;D35_V_flat_still_0001.mp4;False;0.636364;0.542857;0.459459
TIKTOK_native;whatsapp_native;D35_V_flatWA_move_0002.mp4;False;0.69697;0.628571;0.567568
TIKTOK_native;whatsapp_native;D35_V_flatWA_panrot_0001.mp4;False;0.69697;0.628571;0.567568
TIKTOK_native;whatsapp_native;D35_V_flatWA_still_0001.mp4;False;0.69697;0.628571;0.567568
TIKTOK_native;youtube_native;D35_V_flatYT_move_0002.mp4;False;0.888889;0.842105;0.8
TIKTOK_native;youtube_native;D35_V_flatYT_panrot_0001.mp4;False;0.888889;0.842105;0.8
TIKTOK_native;youtube_native;D35_V_flatYT_still_0001.mp4;False;0.888889;0.842105;0.8
TIKTOK_native;original_native;D35_V_indoor_move_0002.mp4;False;0.636364;0.542857;0.459459
TIKTOK_native;original_native;D35_V_indoor_panrot_0001.mp4;False;0.636364;0.542857;0.459459
TIKTOK_native;original_native;D35_V_indoor_panrot_0002.mp4;False;0.636364;0.542857;0.459459
TIKTOK_native;original_native;D35_V_indoor_still_0001.mp4;False;0.636364;0.542857;0.459459
TIKTOK_native;original_native;D35_V_indoor_still_0002.mp4;False;0.636364;0.542857;0.459459
TIKTOK_native;whatsapp_native;D35_V_indoorWA_move_0002.mp4;False;0.69697;0.628571;0.567568
TIKTOK_native;whatsapp_native;D35_V_indoorWA_panrot_0001.mp4;False;0.69697;0.628571;0.567568
TIKTOK_native;whatsapp_native;D35_V_indoorWA_panrot_0002.mp4;False;0.69697;0.628571;0.567568
TIKTOK_native;whatsapp_native;D35_V_indoorWA_still_0001.mp4;False;0.69697;0.628571;0.567568
TIKTOK_native;whatsapp_native;D35_V_indoorWA_still_0002.mp4;False;0.69697;0.628571;0.567568
TIKTOK_native;youtube_native;D35_V_indoorYT_move_0002.mp4;False;0.888889;0.842105;0.8
TIKTOK_native;youtube_native;D35_V_indoorYT_panrot_0001.mp4;False;0.888889;0.842105;0.8
TIKTOK_native;youtube_native;D35_V_indoorYT_panrot_0002.mp4;False;0.888889;0.842105;0.8
TIKTOK_native;youtube_native;D35_V_indoorYT_still_0001.mp4;False;0.888889;0.842105;0.8
TIKTOK_native;youtube_native;D35_V_indoorYT_still_0002.mp4;False;0.888889;0.842105;0.8
TIKTOK_native;original_native;D35_V_outdoor_move_0002.mp4;False;0.636364;0.542857;0.459459
TIKTOK_native;original_native;D35_V_outdoor_panrot_0001.mp4;False;0.636364;0.542857;0.459459
TIKTOK_native;original_native;D35_V_outdoor_panrot_0002.mp4;False;0.636364;0.542857;0.459459
TIKTOK_native;original_native;D35_V_outdoor_still_0001.mp4;False;0.636364;0.542857;0.459459
TIKTOK_native;original_native;D35_V_outdoor_still_0002.mp4;False;0.636364;0.542857;0.459459
TIKTOK_native;whatsapp_native;D35_V_outdoorWA_move_0002.mp4;False;0.69697;0.628571;0.567568
TIKTOK_native;whatsapp_native;D35_V_outdoorWA_panrot_0001.mp4;False;0.69697;0.628571;0.567568
TIKTOK_native;whatsapp_native;D35_V_outdoorWA_panrot_0002.mp4;False;0.69697;0.628571;0.567568
TIKTOK_native;whatsapp_native;D35_V_outdoorWA_still_0001.mp4;False;0.69697;0.628571;0.567568
TIKTOK_native;whatsapp_native;D35_V_outdoorWA_still_0002.mp4;False;0.69697;0.628571;0.567568
TIKTOK_native;youtube_native;D35_V_outdoorYT_move_0002.mp4;False;0.888889;0.842105;0.8
TIKTOK_native;youtube_native;D35_V_outdoorYT_panrot_0001.mp4;False;0.888889;0.842105;0.8
TIKTOK_native;youtube_native;D35_V_outdoorYT_panrot_0002.mp4;False;0.888889;0.842105;0.8
TIKTOK_native;youtube_native;D35_V_outdoorYT_still_0001.mp4;False;0.888889;0.842105;0.8
TIKTOK_native;youtube_native;D35_V_outdoorYT_still_0002.mp4;False;0.888889;0.842105;0.8
TIKTOK_native;facebook_native;D01_V_indoor_move_0002.mp4;False;0.833333;0.763158;0.725
TIKTOK_native;facebook_native;D01_V_outdoor_move_0002.mp4;False;0.833333;0.763158;0.725
TIKTOK_native;facebook_native;D03_V_indoor_move_0002.mp4;False;0.885714;0.837838;0.820513
TIKTOK_native;facebook_native;D03_V_outdoor_move_0002.mp4;False;0.885714;0.837838;0.820513
TIKTOK_native;facebook_native;D04_V_indoor_move_0002.mp4;False;0.885714;0.837838;0.820513
TIKTOK_native;facebook_native;D04_V_outdoor_move_0002.mp4;False;0.885714;0.837838;0.820513
TIKTOK_native;facebook_native;D05_V_indoor_move_0002.mp4;False;0.885714;0.837838;0.820513
TIKTOK_native;facebook_native;D05_V_outdoor_move_0002.mp4;False;0.885714;0.837838;0.820513
TIKTOK_native;facebook_native;D06_V_indoor_move_0002.mp4;False;0.885714;0.837838;0.820513
TIKTOK_native;facebook_native;D06_V_outdoor_move_0002.mp4;False;0.885714;0.837838;0.820513
TIKTOK_native;facebook_native;D07_V_indoor_move_0002.mp4;False;0.885714;0.837838;0.820513
TIKTOK_native;facebook_native;D07_V_outdoor_move_0002.mp4;False;0.885714;0.837838;0.820513
TIKTOK_native;facebook_native;D08_V_indoor_move_0002.mp4;False;0.885714;0.837838;0.820513
TIKTOK_native;facebook_native;D08_V_outdoor_move_0002.mp4;False;0.885714;0.837838;0.820513
TIKTOK_native;facebook_native;D09_V_indoor_move_0002.mp4;False;0.885714;0.837838;0.820513
TIKTOK_native;facebook_native;D09_V_outdoor_move_0002.mp4;False;0.885714;0.837838;0.820513
TIKTOK_native;facebook_native;D10_V_indoor_move_0002.mp4;False;0.885714;0.837838;0.820513
TIKTOK_native;facebook_native;D11_V_indoor_move_0002.mp4;False;0.885714;0.837838;0.820513
TIKTOK_native;facebook_native;D11_V_outdoor_move_0002.mp4;False;0.885714;0.837838;0.820513
TIKTOK_native;facebook_native;D12_V_indoor_move_0002.mp4;False;0.857143;0.777778;0.730769
TIKTOK_native;facebook_native;D12_V_outdoor_move_0002.mp4;False;0.857143;0.777778;0.730769
TIKTOK_native;facebook_native;D13_V_indoor_move_0002.mp4;False;0.885714;0.837838;0.820513
TIKTOK_native;facebook_native;D13_V_outdoor_move_0002.mp4;False;0.885714;0.837838;0.820513
TIKTOK_native;facebook_native;D14_V_indoor_move_0002.mp4;False;0.885714;0.837838;0.820513
TIKTOK_native;facebook_native;D14_V_outdoor_move_0002.mp4;False;0.885714;0.837838;0.820513
TIKTOK_native;facebook_native;D15_V_indoor_move_0002.mp4;False;0.885714;0.837838;0.820513
TIKTOK_native;facebook_native;D15_V_outdoor_move_0002.mp4;False;0.885714;0.837838;0.820513
TIKTOK_native;facebook_native;D16_V_indoor_move_0002.mp4;False;0.885714;0.837838;0.820513
TIKTOK_native;facebook_native;D16_V_outdoor_move_0002.mp4;False;0.885714;0.837838;0.820513
TIKTOK_native;facebook_native;D19_V_indoor_move_0002.mp4;False;0.885714;0.837838;0.820513
TIKTOK_native;facebook_native;D19_V_outdoor_move_0002.mp4;False;0.885714;0.837838;0.820513
TIKTOK_native;facebook_native;D20_V_indoor_move_0002.mp4;False;0.885714;0.837838;0.820513
TIKTOK_native;facebook_native;D20_V_outdoor_move_0002.mp4;False;0.885714;0.837838;0.820513
TIKTOK_native;facebook_native;D22_V_indoor_move_0002.mp4;False;0.885714;0.837838;0.820513
TIKTOK_native;facebook_native;D22_V_outdoor_move_0002.mp4;False;0.885714;0.837838;0.820513
TIKTOK_native;facebook_native;D23_V_indoor_move_0002.mp4;False;0.885714;0.837838;0.820513
TIKTOK_native;facebook_native;D23_V_outdoor_move_0002.mp4;False;0.885714;0.837838;0.820513
TIKTOK_native;facebook_native;D24_V_indoor_move_0002.mp4;False;0.885714;0.837838;0.820513
TIKTOK_native;facebook_native;D24_V_outdoor_move_0002.mp4;False;0.885714;0.837838;0.820513
TIKTOK_native;facebook_native;D25_V_indoor_move_0002.mp4;False;0.885714;0.837838;0.820513
TIKTOK_native;facebook_native;D25_V_outdoor_move_0002.mp4;False;0.885714;0.837838;0.820513
TIKTOK_native;facebook_native;D26_V_indoor_move_0002.mp4;False;0.833333;0.763158;0.725
TIKTOK_native;facebook_native;D26_V_outdoor_move_0002.mp4;False;0.833333;0.763158;0.725
TIKTOK_native;facebook_native;D27_V_indoor_move_0002.mp4;False;0.885714;0.837838;0.820513
TIKTOK_native;facebook_native;D27_V_outdoor_move_0002.mp4;False;0.885714;0.837838;0.820513
TIKTOK_native;facebook_native;D28_V_indoor_move_0002.mp4;False;0.885714;0.837838;0.820513
TIKTOK_native;facebook_native;D28_V_outdoor_move_0002.mp4;False;0.885714;0.837838;0.820513
TIKTOK_native;facebook_native;D29_V_indoor_move_0002.mp4;False;0.885714;0.837838;0.820513
TIKTOK_native;facebook_native;D29_V_outdoor_move_0002.mp4;False;0.885714;0.837838;0.820513
TIKTOK_native;facebook_native;D30_V_indoor_move_0002.mp4;False;0.885714;0.837838;0.820513
TIKTOK_native;facebook_native;D30_V_outdoor_move_0002.mp4;False;0.885714;0.837838;0.820513
TIKTOK_native;facebook_native;D31_V_indoor_move_0002.mp4;False;0.885714;0.837838;0.820513
TIKTOK_native;facebook_native;D31_V_outdoor_move_0002.mp4;False;0.885714;0.837838;0.820513
TIKTOK_native;facebook_native;D32_V_indoor_move_0002.mp4;False;0.885714;0.837838;0.820513
TIKTOK_native;facebook_native;D32_V_outdoor_move_0002.mp4;False;0.885714;0.837838;0.820513
TIKTOK_native;facebook_native;D33_V_indoor_move_0002.mp4;False;0.885714;0.837838;0.820513
TIKTOK_native;facebook_native;D33_V_outdoor_move_0002.mp4;False;0.885714;0.837838;0.820513
TIKTOK_native;facebook_native;D34_V_indoor_move_0002.mp4;False;0.885714;0.837838;0.820513
TIKTOK_native;facebook_native;D34_V_outdoor_move_0002.mp4;False;0.885714;0.837838;0.820513
TIKTOK_native;facebook_native;D35_V_outdoor_move_0002.mp4;False;0.885714;0.837838;0.820513
TIKTOK_native;facebook_native;D35_V_outdoor_panrot_0002.mp4;False;0.885714;0.837838;0.820513
TIKTOK_native;tiktok_native;D01_V_indoor_move_0002.mp4;True;1.0;1.0;1.0
TIKTOK_native;tiktok_native;D01_V_outdoor_move_0002.mp4;True;1.0;1.0;1.0
TIKTOK_native;tiktok_native;D03_V_indoor_move_0002.mp4;True;1.0;1.0;1.0
TIKTOK_native;tiktok_native;D03_V_outdoor_move_0002.mp4;True;1.0;1.0;1.0
TIKTOK_native;tiktok_native;D04_V_indoor_move_0002.mp4;True;1.0;1.0;1.0
TIKTOK_native;tiktok_native;D04_V_outdoor_move_0002.mp4;True;1.0;1.0;1.0
TIKTOK_native;tiktok_native;D05_V_indoor_move_0002.mp4;True;1.0;1.0;1.0
TIKTOK_native;tiktok_native;D05_V_outdoor_move_0002.mp4;True;1.0;1.0;1.0
TIKTOK_native;tiktok_native;D06_V_indoor_move_0002.mp4;True;1.0;1.0;1.0
TIKTOK_native;tiktok_native;D06_V_outdoor_move_0002.mp4;True;1.0;1.0;1.0
TIKTOK_native;tiktok_native;D07_V_indoor_move_0002.mp4;True;1.0;1.0;1.0
TIKTOK_native;tiktok_native;D07_V_outdoor_move_0002.mp4;True;1.0;1.0;1.0
TIKTOK_native;tiktok_native;D08_V_indoor_move_0002.mp4;True;1.0;1.0;1.0
TIKTOK_native;tiktok_native;D08_V_outdoor_move_0002.mp4;True;1.0;1.0;1.0
TIKTOK_native;tiktok_native;D09_V_indoor_move_0002.mp4;True;1.0;1.0;1.0
TIKTOK_native;tiktok_native;D09_V_outdoor_move_0002.mp4;True;1.0;1.0;1.0
TIKTOK_native;tiktok_native;D10_V_indoor_move_0002.mp4;True;1.0;1.0;1.0
TIKTOK_native;tiktok_native;D11_V_indoor_move_0002.mp4;True;1.0;1.0;1.0
TIKTOK_native;tiktok_native;D11_V_outdoor_move_0002.mp4;True;1.0;1.0;1.0
TIKTOK_native;tiktok_native;D12_V_indoor_move_0002.mp4;True;1.0;1.0;1.0
TIKTOK_native;tiktok_native;D12_V_outdoor_move_0002.mp4;True;1.0;1.0;1.0
TIKTOK_native;tiktok_native;D13_V_indoor_move_0002.mp4;True;1.0;1.0;1.0
TIKTOK_native;tiktok_native;D13_V_outdoor_move_0002.mp4;True;1.0;1.0;1.0
TIKTOK_native;tiktok_native;D14_V_indoor_move_0002.mp4;True;1.0;1.0;1.0
TIKTOK_native;tiktok_native;D14_V_outdoor_move_0002.mp4;True;1.0;1.0;1.0
TIKTOK_native;tiktok_native;D15_V_indoor_move_0002.mp4;True;1.0;1.0;1.0
TIKTOK_native;tiktok_native;D15_V_outdoor_move_0002.mp4;True;1.0;1.0;1.0
TIKTOK_native;tiktok_native;D16_V_indoor_move_0002.mp4;True;1.0;1.0;1.0
TIKTOK_native;tiktok_native;D16_V_outdoor_move_0002.mp4;True;1.0;1.0;1.0
TIKTOK_native;tiktok_native;D19_V_indoor_move_0002.mp4;True;1.0;1.0;1.0
TIKTOK_native;tiktok_native;D19_V_outdoor_move_0002.mp4;True;1.0;1.0;1.0
TIKTOK_native;tiktok_native;D20_V_indoor_move_0002.mp4;True;1.0;1.0;1.0
TIKTOK_native;tiktok_native;D20_V_outdoor_move_0002.mp4;True;1.0;1.0;1.0
TIKTOK_native;tiktok_native;D22_V_indoor_move_0002.mp4;True;1.0;1.0;1.0
TIKTOK_native;tiktok_native;D22_V_outdoor_move_0002.mp4;True;1.0;1.0;1.0
TIKTOK_native;tiktok_native;D23_V_indoor_move_0002.mp4;True;1.0;1.0;1.0
TIKTOK_native;tiktok_native;D23_V_outdoor_move_0002.mp4;True;1.0;1.0;1.0
TIKTOK_native;tiktok_native;D24_V_indoor_move_0002.mp4;True;1.0;1.0;1.0
TIKTOK_native;tiktok_native;D24_V_outdoor_move_0002.mp4;True;1.0;1.0;1.0
TIKTOK_native;tiktok_native;D25_V_indoor_move_0002.mp4;True;1.0;1.0;1.0
TIKTOK_native;tiktok_native;D25_V_outdoor_move_0002.mp4;True;1.0;1.0;1.0
TIKTOK_native;tiktok_native;D26_V_indoor_move_0002.mp4;True;1.0;1.0;1.0
TIKTOK_native;tiktok_native;D26_V_outdoor_move_0002.mp4;True;1.0;1.0;1.0
TIKTOK_native;tiktok_native;D27_V_indoor_move_0002.mp4;True;1.0;1.0;1.0
TIKTOK_native;tiktok_native;D27_V_outdoor_move_0002.mp4;True;1.0;1.0;1.0
TIKTOK_native;tiktok_native;D28_V_indoor_move_0002.mp4;True;1.0;1.0;1.0
TIKTOK_native;tiktok_native;D28_V_outdoor_move_0002.mp4;True;1.0;1.0;1.0
TIKTOK_native;tiktok_native;D29_V_indoor_move_0002.mp4;True;1.0;1.0;1.0
TIKTOK_native;tiktok_native;D29_V_outdoor_move_0002.mp4;True;1.0;1.0;1.0
TIKTOK_native;tiktok_native;D30_V_indoor_move_0002.mp4;True;1.0;1.0;1.0
TIKTOK_native;tiktok_native;D30_V_outdoor_move_0002.mp4;True;1.0;1.0;1.0
TIKTOK_native;tiktok_native;D31_V_indoor_move_0002.mp4;True;1.0;1.0;1.0
TIKTOK_native;tiktok_native;D31_V_outdoor_move_0002.mp4;True;1.0;1.0;1.0
TIKTOK_native;tiktok_native;D32_V_indoor_move_0002.mp4;True;1.0;1.0;1.0
TIKTOK_native;tiktok_native;D32_V_outdoor_move_0002.mp4;True;1.0;1.0;1.0
TIKTOK_native;tiktok_native;D33_V_indoor_move_0002.mp4;True;1.0;1.0;1.0
TIKTOK_native;tiktok_native;D33_V_outdoor_move_0002.mp4;True;1.0;1.0;1.0
TIKTOK_native;tiktok_native;D34_V_indoor_move_0002.mp4;True;1.0;1.0;1.0
TIKTOK_native;tiktok_native;D34_V_outdoor_move_0002.mp4;True;1.0;1.0;1.0
TIKTOK_native;tiktok_native;D35_V_outdoor_move_0002.mp4;True;1.0;1.0;1.0
TIKTOK_native;tiktok_native;D35_V_outdoor_panrot_0002.mp4;True;1.0;1.0;1.0
TIKTOK_native;weibo_native;D01_V_indoor_move_0002.mp4;False;0.820513;0.756098;0.744186
TIKTOK_native;weibo_native;D01_V_outdoor_move_0002.mp4;False;0.820513;0.756098;0.744186
TIKTOK_native;weibo_native;D03_V_indoor_move_0002.mp4;False;0.820513;0.756098;0.744186
TIKTOK_native;weibo_native;D03_V_outdoor_move_0002.mp4;False;0.820513;0.756098;0.744186
TIKTOK_native;weibo_native;D04_V_indoor_move_0002.mp4;False;0.820513;0.756098;0.744186
TIKTOK_native;weibo_native;D04_V_outdoor_move_0002.mp4;False;0.820513;0.756098;0.744186
TIKTOK_native;weibo_native;D05_V_indoor_move_0002.mp4;False;0.868421;0.825;0.809524
TIKTOK_native;weibo_native;D05_V_outdoor_move_0002.mp4;False;0.868421;0.825;0.809524
TIKTOK_native;weibo_native;D06_V_indoor_move_0002.mp4;False;0.868421;0.825;0.809524
TIKTOK_native;weibo_native;D06_V_outdoor_move_0002.mp4;False;0.868421;0.825;0.809524
TIKTOK_native;weibo_native;D07_V_indoor_move_0002.mp4;False;0.820513;0.756098;0.744186
TIKTOK_native;weibo_native;D07_V_outdoor_move_0002.mp4;False;0.820513;0.756098;0.744186
TIKTOK_native;weibo_native;D08_V_indoor_move_0002.mp4;False;0.868421;0.825;0.809524
TIKTOK_native;weibo_native;D08_V_outdoor_move_0002.mp4;False;0.868421;0.825;0.809524
TIKTOK_native;weibo_native;D09_V_indoor_move_0002.mp4;False;0.868421;0.825;0.809524
TIKTOK_native;weibo_native;D09_V_outdoor_move_0002.mp4;False;0.868421;0.825;0.809524
TIKTOK_native;weibo_native;D10_V_indoor_move_0002.mp4;False;0.868421;0.825;0.809524
TIKTOK_native;weibo_native;D11_V_indoor_move_0002.mp4;False;0.820513;0.756098;0.744186
TIKTOK_native;weibo_native;D11_V_outdoor_move_0002.mp4;False;0.820513;0.756098;0.744186
TIKTOK_native;weibo_native;D12_V_indoor_move_0002.mp4;False;0.8;0.689655;0.607143
TIKTOK_native;weibo_native;D12_V_outdoor_move_0002.mp4;False;0.8;0.689655;0.607143
TIKTOK_native;weibo_native;D13_V_indoor_move_0002.mp4;False;0.868421;0.825;0.809524
TIKTOK_native;weibo_native;D13_V_outdoor_move_0002.mp4;False;0.868421;0.825;0.809524
TIKTOK_native;weibo_native;D14_V_indoor_move_0002.mp4;False;0.868421;0.825;0.809524
TIKTOK_native;weibo_native;D14_V_outdoor_move_0002.mp4;False;0.868421;0.825;0.809524
TIKTOK_native;weibo_native;D15_V_indoor_move_0002.mp4;False;0.868421;0.825;0.809524
TIKTOK_native;weibo_native;D15_V_outdoor_move_0002.mp4;False;0.868421;0.825;0.809524
TIKTOK_native;weibo_native;D16_V_indoor_move_0002.mp4;False;0.820513;0.756098;0.744186
TIKTOK_native;weibo_native;D16_V_outdoor_move_0002.mp4;False;0.820513;0.756098;0.744186
TIKTOK_native;weibo_native;D19_V_indoor_move_0002.mp4;False;0.868421;0.825;0.809524
TIKTOK_native;weibo_native;D19_V_outdoor_move_0002.mp4;False;0.868421;0.825;0.809524
TIKTOK_native;weibo_native;D20_V_indoor_move_0002.mp4;False;0.868421;0.825;0.809524
TIKTOK_native;weibo_native;D20_V_outdoor_move_0002.mp4;False;0.868421;0.825;0.809524
TIKTOK_native;weibo_native;D22_V_indoor_move_0002.mp4;False;0.868421;0.825;0.809524
TIKTOK_native;weibo_native;D22_V_outdoor_move_0002.mp4;False;0.868421;0.825;0.809524
TIKTOK_native;weibo_native;D23_V_indoor_move_0002.mp4;False;0.820513;0.756098;0.744186
TIKTOK_native;weibo_native;D23_V_outdoor_move_0002.mp4;False;0.820513;0.756098;0.744186
TIKTOK_native;weibo_native;D24_V_indoor_move_0002.mp4;False;0.820513;0.756098;0.744186
TIKTOK_native;weibo_native;D24_V_outdoor_move_0002.mp4;False;0.820513;0.756098;0.744186
TIKTOK_native;weibo_native;D25_V_indoor_move_0002.mp4;False;0.820513;0.756098;0.744186
TIKTOK_native;weibo_native;D25_V_outdoor_move_0002.mp4;False;0.820513;0.756098;0.744186
TIKTOK_native;weibo_native;D26_V_indoor_move_0002.mp4;False;0.820513;0.756098;0.744186
TIKTOK_native;weibo_native;D26_V_outdoor_move_0002.mp4;False;0.820513;0.756098;0.744186
TIKTOK_native;weibo_native;D27_V_indoor_move_0002.mp4;False;0.868421;0.825;0.809524
TIKTOK_native;weibo_native;D27_V_outdoor_move_0002.mp4;False;0.868421;0.825;0.809524
TIKTOK_native;weibo_native;D28_V_indoor_move_0002.mp4;False;0.820513;0.756098;0.744186
TIKTOK_native;weibo_native;D28_V_outdoor_move_0002.mp4;False;0.820513;0.756098;0.744186
TIKTOK_native;weibo_native;D29_V_indoor_move_0002.mp4;False;0.868421;0.825;0.809524
TIKTOK_native;weibo_native;D29_V_outdoor_move_0002.mp4;False;0.868421;0.825;0.809524
TIKTOK_native;weibo_native;D30_V_indoor_move_0002.mp4;False;0.820513;0.756098;0.744186
TIKTOK_native;weibo_native;D30_V_outdoor_move_0002.mp4;False;0.820513;0.756098;0.744186
TIKTOK_native;weibo_native;D31_V_indoor_move_0002.mp4;False;0.868421;0.825;0.809524
TIKTOK_native;weibo_native;D31_V_outdoor_move_0002.mp4;False;0.868421;0.825;0.809524
TIKTOK_native;weibo_native;D32_V_indoor_move_0002.mp4;False;0.820513;0.756098;0.744186
TIKTOK_native;weibo_native;D32_V_outdoor_move_0002.mp4;False;0.820513;0.756098;0.744186
TIKTOK_native;weibo_native;D33_V_indoor_move_0002.mp4;False;0.820513;0.756098;0.744186
TIKTOK_native;weibo_native;D33_V_outdoor_move_0002.mp4;False;0.820513;0.756098;0.744186
TIKTOK_native;weibo_native;D34_V_indoor_move_0002.mp4;False;0.868421;0.825;0.809524
TIKTOK_native;weibo_native;D34_V_outdoor_move_0002.mp4;False;0.868421;0.825;0.809524
TIKTOK_native;weibo_native;D35_V_outdoor_move_0002.mp4;False;0.868421;0.825;0.809524
TIKTOK_native;weibo_native;D35_V_outdoor_panrot_0002.mp4;False;0.868421;0.825;0.809524
TIKTOK_native;youtube_native;D01_V_indoor_move_0002.mp4;False;0.617647;0.5;0.405405
TIKTOK_native;youtube_native;D01_V_outdoor_move_0002.mp4;False;0.617647;0.5;0.405405
TIKTOK_native;youtube_native;D03_V_indoor_move_0002.mp4;False;0.617647;0.5;0.405405
TIKTOK_native;youtube_native;D03_V_outdoor_move_0002.mp4;False;0.617647;0.5;0.405405
TIKTOK_native;youtube_native;D04_V_indoor_move_0002.mp4;False;0.615385;0.481481;0.357143
TIKTOK_native;youtube_native;D04_V_outdoor_move_0002.mp4;False;0.615385;0.481481;0.357143
TIKTOK_native;youtube_native;D05_V_indoor_move_0002.mp4;False;0.617647;0.5;0.405405
TIKTOK_native;youtube_native;D05_V_outdoor_move_0002.mp4;False;0.617647;0.5;0.405405
TIKTOK_native;youtube_native;D06_V_indoor_move_0002.mp4;False;0.617647;0.5;0.405405
TIKTOK_native;youtube_native;D06_V_outdoor_move_0002.mp4;False;0.617647;0.5;0.405405
TIKTOK_native;youtube_native;D07_V_indoor_move_0002.mp4;False;0.617647;0.5;0.405405
TIKTOK_native;youtube_native;D07_V_outdoor_move_0002.mp4;False;0.617647;0.5;0.405405
TIKTOK_native;youtube_native;D08_V_indoor_move_0002.mp4;False;0.617647;0.5;0.405405
TIKTOK_native;youtube_native;D08_V_outdoor_move_0002.mp4;False;0.617647;0.5;0.405405
TIKTOK_native;youtube_native;D09_V_indoor_move_0002.mp4;False;0.617647;0.5;0.405405
TIKTOK_native;youtube_native;D09_V_outdoor_move_0002.mp4;False;0.617647;0.5;0.405405
TIKTOK_native;youtube_native;D10_V_indoor_move_0002.mp4;False;0.617647;0.5;0.405405
TIKTOK_native;youtube_native;D11_V_indoor_move_0002.mp4;False;0.617647;0.5;0.405405
TIKTOK_native;youtube_native;D11_V_outdoor_move_0002.mp4;False;0.617647;0.5;0.405405
TIKTOK_native;youtube_native;D12_V_indoor_move_0002.mp4;False;0.617647;0.5;0.405405
TIKTOK_native;youtube_native;D12_V_outdoor_move_0002.mp4;False;0.617647;0.5;0.405405
TIKTOK_native;youtube_native;D13_V_indoor_move_0002.mp4;False;0.617647;0.5;0.405405
TIKTOK_native;youtube_native;D13_V_outdoor_move_0002.mp4;False;0.617647;0.5;0.405405
TIKTOK_native;youtube_native;D14_V_indoor_move_0002.mp4;False;0.617647;0.5;0.405405
TIKTOK_native;youtube_native;D14_V_outdoor_move_0002.mp4;False;0.617647;0.5;0.405405
TIKTOK_native;youtube_native;D15_V_indoor_move_0002.mp4;False;0.617647;0.5;0.405405
TIKTOK_native;youtube_native;D15_V_outdoor_move_0002.mp4;False;0.617647;0.5;0.405405
TIKTOK_native;youtube_native;D16_V_indoor_move_0002.mp4;False;0.617647;0.5;0.405405
TIKTOK_native;youtube_native;D16_V_outdoor_move_0002.mp4;False;0.617647;0.5;0.405405
TIKTOK_native;youtube_native;D19_V_indoor_move_0002.mp4;False;0.617647;0.5;0.405405
TIKTOK_native;youtube_native;D19_V_outdoor_move_0002.mp4;False;0.617647;0.5;0.405405
TIKTOK_native;youtube_native;D20_V_indoor_move_0002.mp4;False;0.617647;0.5;0.405405
TIKTOK_native;youtube_native;D20_V_outdoor_move_0002.mp4;False;0.617647;0.5;0.405405
TIKTOK_native;youtube_native;D22_V_indoor_move_0002.mp4;False;0.617647;0.5;0.405405
TIKTOK_native;youtube_native;D22_V_outdoor_move_0002.mp4;False;0.617647;0.5;0.405405
TIKTOK_native;youtube_native;D23_V_indoor_move_0002.mp4;False;0.615385;0.481481;0.357143
TIKTOK_native;youtube_native;D23_V_outdoor_move_0002.mp4;False;0.615385;0.481481;0.357143
TIKTOK_native;youtube_native;D24_V_indoor_move_0002.mp4;False;0.617647;0.5;0.405405
TIKTOK_native;youtube_native;D24_V_outdoor_move_0002.mp4;False;0.617647;0.5;0.405405
TIKTOK_native;youtube_native;D25_V_indoor_move_0002.mp4;False;0.617647;0.5;0.405405
TIKTOK_native;youtube_native;D25_V_outdoor_move_0002.mp4;False;0.617647;0.5;0.405405
TIKTOK_native;youtube_native;D26_V_indoor_move_0002.mp4;False;0.617647;0.5;0.405405
TIKTOK_native;youtube_native;D26_V_outdoor_move_0002.mp4;False;0.617647;0.5;0.405405
TIKTOK_native;youtube_native;D27_V_indoor_move_0002.mp4;False;0.617647;0.5;0.405405
TIKTOK_native;youtube_native;D27_V_outdoor_move_0002.mp4;False;0.617647;0.5;0.405405
TIKTOK_native;youtube_native;D28_V_indoor_move_0002.mp4;False;0.617647;0.5;0.405405
TIKTOK_native;youtube_native;D28_V_outdoor_move_0002.mp4;False;0.617647;0.5;0.405405
TIKTOK_native;youtube_native;D29_V_indoor_move_0002.mp4;False;0.617647;0.5;0.405405
TIKTOK_native;youtube_native;D29_V_outdoor_move_0002.mp4;False;0.617647;0.5;0.405405
TIKTOK_native;youtube_native;D30_V_indoor_move_0002.mp4;False;0.617647;0.5;0.405405
TIKTOK_native;youtube_native;D30_V_outdoor_move_0002.mp4;False;0.617647;0.5;0.405405
TIKTOK_native;youtube_native;D31_V_indoor_move_0002.mp4;False;0.617647;0.5;0.405405
TIKTOK_native;youtube_native;D31_V_outdoor_move_0002.mp4;False;0.617647;0.5;0.405405
TIKTOK_native;youtube_native;D32_V_indoor_move_0002.mp4;False;0.617647;0.5;0.405405
TIKTOK_native;youtube_native;D32_V_outdoor_move_0002.mp4;False;0.617647;0.5;0.405405
TIKTOK_native;youtube_native;D33_V_indoor_move_0002.mp4;False;0.617647;0.5;0.405405
TIKTOK_native;youtube_native;D33_V_outdoor_move_0002.mp4;False;0.617647;0.5;0.405405
TIKTOK_native;youtube_native;D34_V_indoor_move_0002.mp4;False;0.617647;0.5;0.405405
TIKTOK_native;youtube_native;D34_V_outdoor_move_0002.mp4;False;0.617647;0.5;0.405405
TIKTOK_native;youtube_native;D35_V_outdoor_move_0002.mp4;False;0.617647;0.5;0.405405
TIKTOK_native;youtube_native;D35_V_outdoor_panrot_0002.mp4;False;0.617647;0.5;0.405405
