ground_truth_source;ground_truth_mp4;filename;true_positive;similarity_2;similarity_3;similarity_4
WHATSAPP_native;original_native;D01_V_flat_move_0002.mp4;False;0.612903;0.484848;0.428571
WHATSAPP_native;original_native;D01_V_flat_panrot_0001.mp4;False;0.612903;0.484848;0.428571
WHATSAPP_native;original_native;D01_V_flat_still_0001.mp4;False;0.612903;0.484848;0.428571
WHATSAPP_native;whatsapp_native;D01_V_flatWA_move_0002.mp4;True;1.0;1.0;1.0
WHATSAPP_native;whatsapp_native;D01_V_flatWA_panrot_0001.mp4;True;1.0;1.0;1.0
WHATSAPP_native;whatsapp_native;D01_V_flatWA_still_0001.mp4;True;1.0;1.0;1.0
WHATSAPP_native;youtube_native;D01_V_flatYT_move_0002.mp4;False;0.638889;0.578947;0.525
WHATSAPP_native;youtube_native;D01_V_flatYT_panrot_0001.mp4;False;0.638889;0.578947;0.525
WHATSAPP_native;youtube_native;D01_V_flatYT_still_0001.mp4;False;0.638889;0.578947;0.525
WHATSAPP_native;original_native;D01_V_indoor_move_0002.mp4;False;0.612903;0.484848;0.428571
WHATSAPP_native;original_native;D01_V_indoor_panrot_0001.mp4;False;0.612903;0.484848;0.428571
WHATSAPP_native;original_native;D01_V_indoor_panrot_0002.mp4;False;0.612903;0.484848;0.428571
WHATSAPP_native;original_native;D01_V_indoor_still_0001.mp4;False;0.612903;0.484848;0.428571
WHATSAPP_native;original_native;D01_V_indoor_still_0002.mp4;False;0.612903;0.484848;0.428571
WHATSAPP_native;whatsapp_native;D01_V_indoorWA_move_0002.mp4;True;1.0;1.0;1.0
WHATSAPP_native;whatsapp_native;D01_V_indoorWA_panrot_0001.mp4;True;1.0;1.0;1.0
WHATSAPP_native;whatsapp_native;D01_V_indoorWA_panrot_0002.mp4;True;1.0;1.0;1.0
WHATSAPP_native;whatsapp_native;D01_V_indoorWA_still_0001.mp4;True;1.0;1.0;1.0
WHATSAPP_native;whatsapp_native;D01_V_indoorWA_still_0002.mp4;True;1.0;1.0;1.0
WHATSAPP_native;youtube_native;D01_V_indoorYT_move_0002.mp4;False;0.638889;0.578947;0.525
WHATSAPP_native;youtube_native;D01_V_indoorYT_panrot_0001.mp4;False;0.638889;0.578947;0.525
WHATSAPP_native;youtube_native;D01_V_indoorYT_panrot_0002.mp4;False;0.638889;0.578947;0.525
WHATSAPP_native;youtube_native;D01_V_indoorYT_still_0001.mp4;False;0.638889;0.578947;0.525
WHATSAPP_native;youtube_native;D01_V_indoorYT_still_0002.mp4;False;0.638889;0.578947;0.525
WHATSAPP_native;original_native;D01_V_outdoor_move_0002.mp4;False;0.612903;0.484848;0.428571
WHATSAPP_native;original_native;D01_V_outdoor_move_0003.mp4;False;0.612903;0.484848;0.428571
WHATSAPP_native;original_native;D01_V_outdoor_move_0004.mp4;False;0.612903;0.484848;0.428571
WHATSAPP_native;original_native;D01_V_outdoor_panrot_0001.mp4;False;0.612903;0.484848;0.428571
WHATSAPP_native;original_native;D01_V_outdoor_panrot_0002.mp4;False;0.612903;0.484848;0.428571
WHATSAPP_native;original_native;D01_V_outdoor_panrot_0003.mp4;False;0.612903;0.484848;0.428571
WHATSAPP_native;original_native;D01_V_outdoor_panrot_0004.mp4;False;0.612903;0.484848;0.428571
WHATSAPP_native;original_native;D01_V_outdoor_still_0001.mp4;False;0.612903;0.484848;0.428571
WHATSAPP_native;original_native;D01_V_outdoor_still_0002.mp4;False;0.612903;0.484848;0.428571
WHATSAPP_native;original_native;D01_V_outdoor_still_0003.mp4;False;0.612903;0.484848;0.428571
WHATSAPP_native;original_native;D01_V_outdoor_still_0004.mp4;False;0.612903;0.484848;0.428571
WHATSAPP_native;whatsapp_native;D01_V_outdoorWA_move_0002.mp4;True;1.0;1.0;1.0
WHATSAPP_native;whatsapp_native;D01_V_outdoorWA_move_0003.mp4;True;1.0;1.0;1.0
WHATSAPP_native;whatsapp_native;D01_V_outdoorWA_move_0004.mp4;True;1.0;1.0;1.0
WHATSAPP_native;whatsapp_native;D01_V_outdoorWA_panrot_0001.mp4;True;1.0;1.0;1.0
WHATSAPP_native;whatsapp_native;D01_V_outdoorWA_panrot_0002.mp4;True;1.0;1.0;1.0
WHATSAPP_native;whatsapp_native;D01_V_outdoorWA_panrot_0003.mp4;True;1.0;1.0;1.0
WHATSAPP_native;whatsapp_native;D01_V_outdoorWA_panrot_0004.mp4;True;1.0;1.0;1.0
WHATSAPP_native;whatsapp_native;D01_V_outdoorWA_still_0001.mp4;True;1.0;1.0;1.0
WHATSAPP_native;whatsapp_native;D01_V_outdoorWA_still_0002.mp4;True;1.0;1.0;1.0
WHATSAPP_native;whatsapp_native;D01_V_outdoorWA_still_0003.mp4;True;1.0;1.0;1.0
WHATSAPP_native;whatsapp_native;D01_V_outdoorWA_still_0004.mp4;True;1.0;1.0;1.0
WHATSAPP_native;youtube_native;D01_V_outdoorYT_panrot_0002.mp4;False;0.638889;0.578947;0.525
WHATSAPP_native;youtube_native;D01_V_outdoorYT_panrot_0003.mp4;False;0.638889;0.578947;0.525
WHATSAPP_native;youtube_native;D01_V_outdoorYT_still_0001.mp4;False;0.638889;0.578947;0.525
WHATSAPP_native;youtube_native;D01_V_outdoorYT_still_0002.mp4;False;0.638889;0.578947;0.525
WHATSAPP_native;youtube_native;D01_V_outdoorYT_still_0003.mp4;False;0.638889;0.578947;0.525
WHATSAPP_native;original_native;D02_V_flat_move_0002.mov;False;0.461538;0.375;0.305085
WHATSAPP_native;original_native;D02_V_flat_panrot_0001.mov;False;0.45283;0.368421;0.3
WHATSAPP_native;original_native;D02_V_flat_still_0001.mov;False;0.45283;0.368421;0.3
WHATSAPP_native;whatsapp_native;D02_V_flatWA_move_0002.mp4;True;1.0;1.0;1.0
WHATSAPP_native;whatsapp_native;D02_V_flatWA_panrot_0001.mp4;True;1.0;1.0;1.0
WHATSAPP_native;whatsapp_native;D02_V_flatWA_still_0001.mp4;True;1.0;1.0;1.0
WHATSAPP_native;youtube_native;D02_V_flatYT_move_0002.mp4;False;0.638889;0.578947;0.525
WHATSAPP_native;youtube_native;D02_V_flatYT_panrot_0001.mp4;False;0.638889;0.578947;0.525
WHATSAPP_native;youtube_native;D02_V_flatYT_still_0001.mp4;False;0.638889;0.578947;0.525
WHATSAPP_native;original_native;D02_V_indoor_panrot_0001.mov;False;0.45283;0.368421;0.3
WHATSAPP_native;original_native;D02_V_indoor_still_0001.mov;False;0.45283;0.368421;0.3
WHATSAPP_native;whatsapp_native;D02_V_indoorWA_panrot_0001.mp4;True;1.0;1.0;1.0
WHATSAPP_native;whatsapp_native;D02_V_indoorWA_still_0001.mp4;True;1.0;1.0;1.0
WHATSAPP_native;youtube_native;D02_V_indoorYT_panrot_0001.mp4;False;0.638889;0.578947;0.525
WHATSAPP_native;youtube_native;D02_V_indoorYT_still_0001.mp4;False;0.638889;0.578947;0.525
WHATSAPP_native;original_native;D02_V_outdoor_panrot_0001.mov;False;0.45283;0.368421;0.3
WHATSAPP_native;original_native;D02_V_outdoor_panrot_0002.mov;False;0.45283;0.368421;0.3
WHATSAPP_native;original_native;D02_V_outdoor_still_0001.mov;False;0.45283;0.368421;0.3
WHATSAPP_native;original_native;D02_V_outdoor_still_0002.mov;False;0.45283;0.368421;0.3
WHATSAPP_native;original_native;D02_V_outdoor_still_0003.mov;False;0.45283;0.368421;0.3
WHATSAPP_native;whatsapp_native;D02_V_outdoorWA_panrot_0001.mp4;True;1.0;1.0;1.0
WHATSAPP_native;whatsapp_native;D02_V_outdoorWA_panrot_0002.mp4;True;1.0;1.0;1.0
WHATSAPP_native;whatsapp_native;D02_V_outdoorWA_still_0001.mp4;True;1.0;1.0;1.0
WHATSAPP_native;whatsapp_native;D02_V_outdoorWA_still_0002.mp4;True;1.0;1.0;1.0
WHATSAPP_native;whatsapp_native;D02_V_outdoorWA_still_0003.mp4;True;1.0;1.0;1.0
WHATSAPP_native;youtube_native;D02_V_outdoorYT_panrot_0001.mp4;False;0.638889;0.578947;0.525
WHATSAPP_native;youtube_native;D02_V_outdoorYT_panrot_0002.mp4;False;0.638889;0.578947;0.525
WHATSAPP_native;youtube_native;D02_V_outdoorYT_still_0001.mp4;False;0.638889;0.578947;0.525
WHATSAPP_native;youtube_native;D02_V_outdoorYT_still_0002.mp4;False;0.638889;0.578947;0.525
WHATSAPP_native;youtube_native;D02_V_outdoorYT_still_0003.mp4;False;0.638889;0.578947;0.525
WHATSAPP_native;original_native;D03_V_flat_move_0002.mp4;False;0.588235;0.5;0.473684
WHATSAPP_native;original_native;D03_V_flat_move_0003.mp4;False;0.588235;0.5;0.473684
WHATSAPP_native;original_native;D03_V_flat_panrot_0001.mp4;False;0.588235;0.5;0.473684
WHATSAPP_native;original_native;D03_V_flat_panrot_0002.mp4;False;0.588235;0.5;0.473684
WHATSAPP_native;original_native;D03_V_flat_still_0001.mp4;False;0.588235;0.5;0.473684
WHATSAPP_native;whatsapp_native;D03_V_flatWA_move_0002.mp4;True;1.0;1.0;1.0
WHATSAPP_native;whatsapp_native;D03_V_flatWA_move_0003.mp4;True;1.0;1.0;1.0
WHATSAPP_native;whatsapp_native;D03_V_flatWA_panrot_0001.mp4;True;1.0;1.0;1.0
WHATSAPP_native;whatsapp_native;D03_V_flatWA_panrot_0002.mp4;True;1.0;1.0;1.0
WHATSAPP_native;whatsapp_native;D03_V_flatWA_still_0001.mp4;True;1.0;1.0;1.0
WHATSAPP_native;youtube_native;D03_V_flatYT_move_0002.mp4;False;0.638889;0.578947;0.525
WHATSAPP_native;youtube_native;D03_V_flatYT_move_0003.mp4;False;0.638889;0.578947;0.525
WHATSAPP_native;youtube_native;D03_V_flatYT_panrot_0001.mp4;False;0.638889;0.578947;0.525
WHATSAPP_native;youtube_native;D03_V_flatYT_panrot_0002.mp4;False;0.638889;0.578947;0.525
WHATSAPP_native;youtube_native;D03_V_flatYT_still_0001.mp4;False;0.638889;0.578947;0.525
WHATSAPP_native;original_native;D03_V_indoor_move_0002.mp4;False;0.588235;0.5;0.473684
WHATSAPP_native;original_native;D03_V_indoor_panrot_0001.mp4;False;0.588235;0.5;0.473684
WHATSAPP_native;original_native;D03_V_indoor_panrot_0002.mp4;False;0.588235;0.5;0.473684
WHATSAPP_native;original_native;D03_V_indoor_still_0001.mp4;False;0.588235;0.5;0.473684
WHATSAPP_native;original_native;D03_V_indoor_still_0002.mp4;False;0.588235;0.5;0.473684
WHATSAPP_native;whatsapp_native;D03_V_indoorWA_move_0002.mp4;True;1.0;1.0;1.0
WHATSAPP_native;whatsapp_native;D03_V_indoorWA_panrot_0001.mp4;True;1.0;1.0;1.0
WHATSAPP_native;whatsapp_native;D03_V_indoorWA_panrot_0002.mp4;True;1.0;1.0;1.0
WHATSAPP_native;whatsapp_native;D03_V_indoorWA_still_0001.mp4;True;1.0;1.0;1.0
WHATSAPP_native;whatsapp_native;D03_V_indoorWA_still_0002.mp4;True;1.0;1.0;1.0
WHATSAPP_native;youtube_native;D03_V_indoorYT_move_0002.mp4;False;0.638889;0.578947;0.525
WHATSAPP_native;youtube_native;D03_V_indoorYT_panrot_0001.mp4;False;0.638889;0.578947;0.525
WHATSAPP_native;youtube_native;D03_V_indoorYT_panrot_0002.mp4;False;0.638889;0.578947;0.525
WHATSAPP_native;youtube_native;D03_V_indoorYT_still_0001.mp4;False;0.638889;0.578947;0.525
WHATSAPP_native;youtube_native;D03_V_indoorYT_still_0002.mp4;False;0.638889;0.578947;0.525
WHATSAPP_native;original_native;D03_V_outdoor_move_0002.mp4;False;0.588235;0.5;0.473684
WHATSAPP_native;original_native;D03_V_outdoor_panrot_0001.mp4;False;0.588235;0.5;0.473684
WHATSAPP_native;original_native;D03_V_outdoor_panrot_0002.mp4;False;0.588235;0.5;0.473684
WHATSAPP_native;original_native;D03_V_outdoor_still_0001.mp4;False;0.588235;0.5;0.473684
WHATSAPP_native;original_native;D03_V_outdoor_still_0002.mp4;False;0.588235;0.5;0.473684
WHATSAPP_native;whatsapp_native;D03_V_outdoorWA_move_0002.mp4;True;1.0;1.0;1.0
WHATSAPP_native;whatsapp_native;D03_V_outdoorWA_panrot_0001.mp4;True;1.0;1.0;1.0
WHATSAPP_native;whatsapp_native;D03_V_outdoorWA_panrot_0002.mp4;True;1.0;1.0;1.0
WHATSAPP_native;whatsapp_native;D03_V_outdoorWA_still_0001.mp4;True;1.0;1.0;1.0
WHATSAPP_native;whatsapp_native;D03_V_outdoorWA_still_0002.mp4;True;1.0;1.0;1.0
WHATSAPP_native;youtube_native;D03_V_outdoorYT_move_0002.mp4;False;0.638889;0.578947;0.525
WHATSAPP_native;youtube_native;D03_V_outdoorYT_panrot_0001.mp4;False;0.638889;0.578947;0.525
WHATSAPP_native;youtube_native;D03_V_outdoorYT_panrot_0002.mp4;False;0.638889;0.578947;0.525
WHATSAPP_native;youtube_native;D03_V_outdoorYT_still_0001.mp4;False;0.638889;0.578947;0.525
WHATSAPP_native;youtube_native;D03_V_outdoorYT_still_0002.mp4;False;0.638889;0.578947;0.525
WHATSAPP_native;original_native;D04_V_flat_move_0002.mp4;False;0.65625;0.558824;0.5
WHATSAPP_native;original_native;D04_V_flat_move_0003.mp4;False;0.65625;0.558824;0.5
WHATSAPP_native;original_native;D04_V_flat_panrot_0001.mp4;False;0.65625;0.558824;0.5
WHATSAPP_native;original_native;D04_V_flat_panrot_0002.mp4;False;0.65625;0.558824;0.5
WHATSAPP_native;original_native;D04_V_flat_still_0001.mp4;False;0.65625;0.558824;0.5
WHATSAPP_native;original_native;D04_V_flat_still_0002.mp4;False;0.65625;0.558824;0.5
WHATSAPP_native;whatsapp_native;D04_V_flatWA_move_0002.mp4;True;1.0;1.0;1.0
WHATSAPP_native;whatsapp_native;D04_V_flatWA_move_0003.mp4;True;1.0;1.0;1.0
WHATSAPP_native;whatsapp_native;D04_V_flatWA_panrot_0001.mp4;True;1.0;1.0;1.0
WHATSAPP_native;whatsapp_native;D04_V_flatWA_panrot_0002.mp4;True;1.0;1.0;1.0
WHATSAPP_native;whatsapp_native;D04_V_flatWA_still_0001.mp4;True;1.0;1.0;1.0
WHATSAPP_native;whatsapp_native;D04_V_flatWA_still_0002.mp4;True;1.0;1.0;1.0
WHATSAPP_native;youtube_native;D04_V_flatYT_move_0002.mp4;False;0.638889;0.578947;0.525
WHATSAPP_native;youtube_native;D04_V_flatYT_move_0003.mp4;False;0.638889;0.578947;0.525
WHATSAPP_native;youtube_native;D04_V_flatYT_panrot_0001.mp4;False;0.638889;0.578947;0.525
WHATSAPP_native;youtube_native;D04_V_flatYT_panrot_0002.mp4;False;0.638889;0.578947;0.525
WHATSAPP_native;youtube_native;D04_V_flatYT_still_0001.mp4;False;0.638889;0.578947;0.525
WHATSAPP_native;youtube_native;D04_V_flatYT_still_0002.mp4;False;0.638889;0.578947;0.525
WHATSAPP_native;original_native;D04_V_indoor_move_0002.mp4;False;0.65625;0.558824;0.5
WHATSAPP_native;original_native;D04_V_indoor_panrot_0001.mp4;False;0.65625;0.558824;0.5
WHATSAPP_native;original_native;D04_V_indoor_panrot_0002.mp4;False;0.65625;0.558824;0.5
WHATSAPP_native;original_native;D04_V_indoor_still_0001.mp4;False;0.65625;0.558824;0.5
WHATSAPP_native;original_native;D04_V_indoor_still_0002.mp4;False;0.65625;0.558824;0.5
WHATSAPP_native;whatsapp_native;D04_V_indoorWA_panrot_0001.mp4;True;1.0;1.0;1.0
WHATSAPP_native;whatsapp_native;D04_V_indoorWA_panrot_0002.mp4;True;1.0;1.0;1.0
WHATSAPP_native;whatsapp_native;D04_V_indoorWA_still_0001.mp4;True;1.0;1.0;1.0
WHATSAPP_native;whatsapp_native;D04_V_indoorWA_still_0002.mp4;True;1.0;1.0;1.0
WHATSAPP_native;youtube_native;D04_V_indoorYT_move_0002.mp4;False;0.638889;0.578947;0.525
WHATSAPP_native;youtube_native;D04_V_indoorYT_panrot_0001.mp4;False;0.638889;0.578947;0.525
WHATSAPP_native;youtube_native;D04_V_indoorYT_panrot_0002.mp4;False;0.638889;0.578947;0.525
WHATSAPP_native;youtube_native;D04_V_indoorYT_still_0001.mp4;False;0.638889;0.578947;0.525
WHATSAPP_native;youtube_native;D04_V_indoorYT_still_0002.mp4;False;0.638889;0.578947;0.525
WHATSAPP_native;original_native;D04_V_outdoor_move_0002.mp4;False;0.65625;0.558824;0.5
WHATSAPP_native;original_native;D04_V_outdoor_panrot_0001.mp4;False;0.65625;0.558824;0.5
WHATSAPP_native;original_native;D04_V_outdoor_panrot_0002.mp4;False;0.65625;0.558824;0.5
WHATSAPP_native;original_native;D04_V_outdoor_still_0001.mp4;False;0.65625;0.558824;0.5
WHATSAPP_native;original_native;D04_V_outdoor_still_0002.mp4;False;0.65625;0.558824;0.5
WHATSAPP_native;whatsapp_native;D04_V_outdoorWA_move_0002.mp4;True;1.0;1.0;1.0
WHATSAPP_native;whatsapp_native;D04_V_outdoorWA_panrot_0001.mp4;True;1.0;1.0;1.0
WHATSAPP_native;whatsapp_native;D04_V_outdoorWA_panrot_0002.mp4;True;1.0;1.0;1.0
WHATSAPP_native;whatsapp_native;D04_V_outdoorWA_still_0001.mp4;True;1.0;1.0;1.0
WHATSAPP_native;whatsapp_native;D04_V_outdoorWA_still_0002.mp4;True;1.0;1.0;1.0
WHATSAPP_native;youtube_native;D04_V_outdoorYT_move_0002.mp4;False;0.638889;0.578947;0.525
WHATSAPP_native;youtube_native;D04_V_outdoorYT_panrot_0001.mp4;False;0.638889;0.578947;0.525
WHATSAPP_native;youtube_native;D04_V_outdoorYT_panrot_0002.mp4;False;0.638889;0.578947;0.525
WHATSAPP_native;youtube_native;D04_V_outdoorYT_still_0001.mp4;False;0.638889;0.578947;0.525
WHATSAPP_native;youtube_native;D04_V_outdoorYT_still_0002.mp4;False;0.638889;0.578947;0.525
WHATSAPP_native;original_native;D05_V_flat_move_0002.mov;False;0.490196;0.403509;0.322581
WHATSAPP_native;original_native;D05_V_flat_move_0003.mov;False;0.490196;0.403509;0.322581
WHATSAPP_native;original_native;D05_V_flat_panrot_0001.mov;False;0.490196;0.403509;0.322581
WHATSAPP_native;original_native;D05_V_flat_panrot_0002.mov;False;0.490196;0.403509;0.322581
WHATSAPP_native;original_native;D05_V_flat_still_0001.mov;False;0.490196;0.403509;0.322581
WHATSAPP_native;original_native;D05_V_flat_still_0002.mov;False;0.490196;0.403509;0.322581
WHATSAPP_native;whatsapp_native;D05_V_flatWA_move_0002.mp4;True;1.0;1.0;1.0
WHATSAPP_native;whatsapp_native;D05_V_flatWA_move_0003.mp4;True;1.0;1.0;1.0
WHATSAPP_native;whatsapp_native;D05_V_flatWA_panrot_0001.mp4;True;1.0;1.0;1.0
WHATSAPP_native;whatsapp_native;D05_V_flatWA_panrot_0002.mp4;True;1.0;1.0;1.0
WHATSAPP_native;whatsapp_native;D05_V_flatWA_still_0001.mp4;True;1.0;1.0;1.0
WHATSAPP_native;whatsapp_native;D05_V_flatWA_still_0002.mp4;True;1.0;1.0;1.0
WHATSAPP_native;youtube_native;D05_V_flatYT_move_0002.mp4;False;0.638889;0.578947;0.525
WHATSAPP_native;youtube_native;D05_V_flatYT_move_0003.mp4;False;0.638889;0.578947;0.525
WHATSAPP_native;youtube_native;D05_V_flatYT_panrot_0001.mp4;False;0.638889;0.578947;0.525
WHATSAPP_native;youtube_native;D05_V_flatYT_panrot_0002.mp4;False;0.638889;0.578947;0.525
WHATSAPP_native;youtube_native;D05_V_flatYT_still_0001.mp4;False;0.638889;0.578947;0.525
WHATSAPP_native;youtube_native;D05_V_flatYT_still_0002.mp4;False;0.638889;0.578947;0.525
WHATSAPP_native;original_native;D05_V_indoor_move_0002.mov;False;0.490196;0.403509;0.322581
WHATSAPP_native;original_native;D05_V_indoor_panrot_0001.mov;False;0.490196;0.403509;0.322581
WHATSAPP_native;original_native;D05_V_indoor_panrot_0002.mov;False;0.490196;0.403509;0.322581
WHATSAPP_native;original_native;D05_V_indoor_still_0001.mov;False;0.490196;0.403509;0.322581
WHATSAPP_native;original_native;D05_V_indoor_still_0002.mov;False;0.490196;0.403509;0.322581
WHATSAPP_native;whatsapp_native;D05_V_indoorWA_move_0002.mp4;True;1.0;1.0;1.0
WHATSAPP_native;whatsapp_native;D05_V_indoorWA_panrot_0001.mp4;True;1.0;1.0;1.0
WHATSAPP_native;whatsapp_native;D05_V_indoorWA_panrot_0002.mp4;True;1.0;1.0;1.0
WHATSAPP_native;whatsapp_native;D05_V_indoorWA_still_0001.mp4;True;1.0;1.0;1.0
WHATSAPP_native;whatsapp_native;D05_V_indoorWA_still_0002.mp4;True;1.0;1.0;1.0
WHATSAPP_native;youtube_native;D05_V_indoorYT_move_0002.mp4;False;0.638889;0.578947;0.525
WHATSAPP_native;youtube_native;D05_V_indoorYT_panrot_0001.mp4;False;0.638889;0.578947;0.525
WHATSAPP_native;youtube_native;D05_V_indoorYT_panrot_0002.mp4;False;0.638889;0.578947;0.525
WHATSAPP_native;youtube_native;D05_V_indoorYT_still_0001.mp4;False;0.638889;0.578947;0.525
WHATSAPP_native;youtube_native;D05_V_indoorYT_still_0002.mp4;False;0.638889;0.578947;0.525
WHATSAPP_native;original_native;D05_V_outdoor_move_0002.mov;False;0.490196;0.403509;0.322581
WHATSAPP_native;original_native;D05_V_outdoor_panrot_0001.mov;False;0.490196;0.403509;0.322581
WHATSAPP_native;original_native;D05_V_outdoor_panrot_0002.mov;False;0.490196;0.403509;0.322581
WHATSAPP_native;original_native;D05_V_outdoor_still_0001.mov;False;0.490196;0.403509;0.322581
WHATSAPP_native;original_native;D05_V_outdoor_still_0002.mov;False;0.490196;0.403509;0.322581
WHATSAPP_native;whatsapp_native;D05_V_outdoorWA_move_0002.mp4;True;1.0;1.0;1.0
WHATSAPP_native;whatsapp_native;D05_V_outdoorWA_panrot_0001.mp4;True;1.0;1.0;1.0
WHATSAPP_native;whatsapp_native;D05_V_outdoorWA_panrot_0002.mp4;True;1.0;1.0;1.0
WHATSAPP_native;whatsapp_native;D05_V_outdoorWA_still_0001.mp4;True;1.0;1.0;1.0
WHATSAPP_native;whatsapp_native;D05_V_outdoorWA_still_0002.mp4;True;1.0;1.0;1.0
WHATSAPP_native;youtube_native;D05_V_outdoorYT_move_0002.mp4;False;0.638889;0.578947;0.525
WHATSAPP_native;youtube_native;D05_V_outdoorYT_panrot_0001.mp4;False;0.638889;0.578947;0.525
WHATSAPP_native;youtube_native;D05_V_outdoorYT_panrot_0002.mp4;False;0.638889;0.578947;0.525
WHATSAPP_native;youtube_native;D05_V_outdoorYT_still_0001.mp4;False;0.638889;0.578947;0.525
WHATSAPP_native;youtube_native;D05_V_outdoorYT_still_0002.mp4;False;0.638889;0.578947;0.525
WHATSAPP_native;original_native;D06_V_flat_move_0002.mov;False;0.5;0.433962;0.363636
WHATSAPP_native;original_native;D06_V_flat_panrot_0001.mov;False;0.5;0.433962;0.363636
WHATSAPP_native;original_native;D06_V_flat_panrot_0002.mov;False;0.5;0.433962;0.363636
WHATSAPP_native;original_native;D06_V_flat_still_0001.mov;False;0.5;0.433962;0.363636
WHATSAPP_native;whatsapp_native;D06_V_flatWA_move_0002.mp4;True;1.0;1.0;1.0
WHATSAPP_native;whatsapp_native;D06_V_flatWA_panrot_0001.mp4;True;1.0;1.0;1.0
WHATSAPP_native;whatsapp_native;D06_V_flatWA_panrot_0002.mp4;True;1.0;1.0;1.0
WHATSAPP_native;whatsapp_native;D06_V_flatWA_still_0001.mp4;True;1.0;1.0;1.0
WHATSAPP_native;youtube_native;D06_V_flatYT_panrot_0001.mp4;False;0.638889;0.578947;0.525
WHATSAPP_native;youtube_native;D06_V_flatYT_panrot_0002.mp4;False;0.638889;0.578947;0.525
WHATSAPP_native;youtube_native;D06_V_flatYT_still_0001.mp4;False;0.638889;0.578947;0.525
WHATSAPP_native;original_native;D06_V_indoor_move_0002.mov;False;0.5;0.433962;0.363636
WHATSAPP_native;original_native;D06_V_indoor_panrot_0001.mov;False;0.5;0.433962;0.363636
WHATSAPP_native;original_native;D06_V_indoor_panrot_0002.mov;False;0.5;0.433962;0.363636
WHATSAPP_native;original_native;D06_V_indoor_still_0001.mov;False;0.5;0.433962;0.363636
WHATSAPP_native;original_native;D06_V_indoor_still_0002.mov;False;0.5;0.433962;0.363636
WHATSAPP_native;whatsapp_native;D06_V_indoorWA_move_0002.mov.mp4;True;1.0;1.0;1.0
WHATSAPP_native;whatsapp_native;D06_V_indoorWA_panrot_0001.mp4;True;1.0;1.0;1.0
WHATSAPP_native;whatsapp_native;D06_V_indoorWA_panrot_0002.mp4;True;1.0;1.0;1.0
WHATSAPP_native;whatsapp_native;D06_V_indoorWA_still_0001.mp4;True;1.0;1.0;1.0
WHATSAPP_native;whatsapp_native;D06_V_indoorWA_still_0002.mp4;True;1.0;1.0;1.0
WHATSAPP_native;youtube_native;D06_V_indoorYT_panrot_0001.mp4;False;0.638889;0.578947;0.525
WHATSAPP_native;youtube_native;D06_V_indoorYT_panrot_0002.mp4;False;0.638889;0.578947;0.525
WHATSAPP_native;youtube_native;D06_V_indoorYT_still_0001.mp4;False;0.638889;0.578947;0.525
WHATSAPP_native;youtube_native;D06_V_indoorYT_still_0002.mp4;False;0.638889;0.578947;0.525
WHATSAPP_native;original_native;D06_V_outdoor_move_0002.mov;False;0.5;0.433962;0.363636
WHATSAPP_native;original_native;D06_V_outdoor_panrot_0001.mov;False;0.5;0.433962;0.363636
WHATSAPP_native;original_native;D06_V_outdoor_panrot_0002.mov;False;0.5;0.433962;0.363636
WHATSAPP_native;original_native;D06_V_outdoor_still_0001.mov;False;0.5;0.433962;0.363636
WHATSAPP_native;original_native;D06_V_outdoor_still_0002.mov;False;0.5;0.433962;0.363636
WHATSAPP_native;whatsapp_native;D06_V_outdoorWA_move_0002.mp4;True;1.0;1.0;1.0
WHATSAPP_native;whatsapp_native;D06_V_outdoorWA_panrot_0001.mp4;True;1.0;1.0;1.0
WHATSAPP_native;whatsapp_native;D06_V_outdoorWA_panrot_0002.mov.mp4;True;1.0;1.0;1.0
WHATSAPP_native;whatsapp_native;D06_V_outdoorWA_still_0001.mp4;True;1.0;1.0;1.0
WHATSAPP_native;whatsapp_native;D06_V_outdoorWA_still_0002.mp4;True;1.0;1.0;1.0
WHATSAPP_native;youtube_native;D06_V_outdoorYT_move_0002.mp4;False;0.638889;0.578947;0.525
WHATSAPP_native;youtube_native;D06_V_outdoorYT_panrot_0001.mp4;False;0.638889;0.578947;0.525
WHATSAPP_native;youtube_native;D06_V_outdoorYT_panrot_0002.mp4;False;0.638889;0.578947;0.525
WHATSAPP_native;youtube_native;D06_V_outdoorYT_still_0001.mp4;False;0.638889;0.578947;0.525
WHATSAPP_native;youtube_native;D06_V_outdoorYT_still_0002.mp4;False;0.638889;0.578947;0.525
WHATSAPP_native;whatsapp_native;D07_V_flatWA_move_0002.mp4;True;1.0;1.0;1.0
WHATSAPP_native;whatsapp_native;D07_V_flatWA_move_0003.mp4;True;1.0;1.0;1.0
WHATSAPP_native;whatsapp_native;D07_V_flatWA_panrot_0001.mp4;True;1.0;1.0;1.0
WHATSAPP_native;whatsapp_native;D07_V_flatWA_panrot_0002.mp4;True;1.0;1.0;1.0
WHATSAPP_native;whatsapp_native;D07_V_flatWA_still_0001.mp4;True;1.0;1.0;1.0
WHATSAPP_native;whatsapp_native;D07_V_flatWA_still_0002.mp4;True;1.0;1.0;1.0
WHATSAPP_native;youtube_native;D07_V_flatYT_move_0002.mp4;False;0.638889;0.578947;0.525
WHATSAPP_native;youtube_native;D07_V_flatYT_move_0003.mp4;False;0.638889;0.578947;0.525
WHATSAPP_native;youtube_native;D07_V_flatYT_panrot_0001.mp4;False;0.638889;0.578947;0.525
WHATSAPP_native;youtube_native;D07_V_flatYT_panrot_0002.mp4;False;0.638889;0.578947;0.525
WHATSAPP_native;youtube_native;D07_V_flatYT_still_0001.mp4;False;0.638889;0.578947;0.525
WHATSAPP_native;youtube_native;D07_V_flatYT_still_0002.mp4;False;0.638889;0.578947;0.525
WHATSAPP_native;whatsapp_native;D07_V_indoorWA_move_0002.mp4;True;1.0;1.0;1.0
WHATSAPP_native;whatsapp_native;D07_V_indoorWA_panrot_0001.mp4;True;1.0;1.0;1.0
WHATSAPP_native;whatsapp_native;D07_V_indoorWA_panrot_0002.mp4;True;1.0;1.0;1.0
WHATSAPP_native;whatsapp_native;D07_V_indoorWA_still_0001.mp4;True;1.0;1.0;1.0
WHATSAPP_native;whatsapp_native;D07_V_indoorWA_still_0002.mp4;True;1.0;1.0;1.0
WHATSAPP_native;youtube_native;D07_V_indoorYT_move_0002.mp4;False;0.638889;0.578947;0.525
WHATSAPP_native;youtube_native;D07_V_indoorYT_panrot_0001.mp4;False;0.638889;0.578947;0.525
WHATSAPP_native;youtube_native;D07_V_indoorYT_panrot_0002.mp4;False;0.638889;0.578947;0.525
WHATSAPP_native;youtube_native;D07_V_indoorYT_still_0001.mp4;False;0.638889;0.578947;0.525
WHATSAPP_native;youtube_native;D07_V_indoorYT_still_0002.mp4;False;0.638889;0.578947;0.525
WHATSAPP_native;whatsapp_native;D07_V_outdoorWA_move_0002.mp4;True;1.0;1.0;1.0
WHATSAPP_native;whatsapp_native;D07_V_outdoorWA_panrot_0001.mp4;True;1.0;1.0;1.0
WHATSAPP_native;whatsapp_native;D07_V_outdoorWA_panrot_0002.mp4;True;1.0;1.0;1.0
WHATSAPP_native;whatsapp_native;D07_V_outdoorWA_still_0001.mp4;True;1.0;1.0;1.0
WHATSAPP_native;whatsapp_native;D07_V_outdoorWA_still_0002.mp4;True;1.0;1.0;1.0
WHATSAPP_native;youtube_native;D07_V_outdoorYT_move_0002.mp4;False;0.638889;0.578947;0.525
WHATSAPP_native;youtube_native;D07_V_outdoorYT_panrot_0001.mp4;False;0.638889;0.578947;0.525
WHATSAPP_native;youtube_native;D07_V_outdoorYT_panrot_0002.mp4;False;0.638889;0.578947;0.525
WHATSAPP_native;youtube_native;D07_V_outdoorYT_still_0001.mp4;False;0.638889;0.578947;0.525
WHATSAPP_native;youtube_native;D07_V_outdoorYT_still_0002.mp4;False;0.638889;0.578947;0.525
WHATSAPP_native;original_native;D08_V_flat_move_0002.mp4;False;0.59375;0.470588;0.416667
WHATSAPP_native;original_native;D08_V_flat_move_0003.mp4;False;0.59375;0.470588;0.416667
WHATSAPP_native;original_native;D08_V_flat_move_0004.mp4;False;0.59375;0.470588;0.416667
WHATSAPP_native;original_native;D08_V_flat_panrot_0001.mp4;False;0.59375;0.470588;0.416667
WHATSAPP_native;original_native;D08_V_flat_panrot_0002.mp4;False;0.59375;0.470588;0.416667
WHATSAPP_native;original_native;D08_V_flat_panrot_0003.mp4;False;0.59375;0.470588;0.416667
WHATSAPP_native;original_native;D08_V_flat_panrot_0004.mp4;False;0.59375;0.470588;0.416667
WHATSAPP_native;original_native;D08_V_flat_still_0001.mp4;False;0.59375;0.470588;0.416667
WHATSAPP_native;original_native;D08_V_flat_still_0002.mp4;False;0.59375;0.470588;0.416667
WHATSAPP_native;original_native;D08_V_flat_still_0003.mp4;False;0.59375;0.470588;0.416667
WHATSAPP_native;original_native;D08_V_flat_still_0004.mp4;False;0.59375;0.470588;0.416667
WHATSAPP_native;original_native;D08_V_flat_still_0005.mp4;False;0.59375;0.470588;0.416667
WHATSAPP_native;whatsapp_native;D08_V_flatWA_move_0002.mp4;True;1.0;1.0;1.0
WHATSAPP_native;whatsapp_native;D08_V_flatWA_move_0003.mp4;True;1.0;1.0;1.0
WHATSAPP_native;whatsapp_native;D08_V_flatWA_move_0004.mp4;True;1.0;1.0;1.0
WHATSAPP_native;whatsapp_native;D08_V_flatWA_panrot_0001.mp4;True;1.0;1.0;1.0
WHATSAPP_native;whatsapp_native;D08_V_flatWA_panrot_0003.mp4;True;1.0;1.0;1.0
WHATSAPP_native;whatsapp_native;D08_V_flatWA_panrot_0004.mp4;True;1.0;1.0;1.0
WHATSAPP_native;whatsapp_native;D08_V_flatWA_still_0001.mp4;True;1.0;1.0;1.0
WHATSAPP_native;whatsapp_native;D08_V_flatWA_still_0002.mp4;True;1.0;1.0;1.0
WHATSAPP_native;whatsapp_native;D08_V_flatWA_still_0003.mp4;True;1.0;1.0;1.0
WHATSAPP_native;whatsapp_native;D08_V_flatWA_still_0004.mp4;True;1.0;1.0;1.0
WHATSAPP_native;whatsapp_native;D08_V_flatWA_still_0005.mp4;True;1.0;1.0;1.0
WHATSAPP_native;youtube_native;D08_V_flatYT_move_0002.mp4;False;0.638889;0.578947;0.525
WHATSAPP_native;youtube_native;D08_V_flatYT_move_0003.mp4;False;0.638889;0.578947;0.525
WHATSAPP_native;youtube_native;D08_V_flatYT_move_0004.mp4;False;0.638889;0.578947;0.525
WHATSAPP_native;youtube_native;D08_V_flatYT_panrot_0001.mp4;False;0.638889;0.578947;0.525
WHATSAPP_native;youtube_native;D08_V_flatYT_panrot_0002.mp4;False;0.638889;0.578947;0.525
WHATSAPP_native;youtube_native;D08_V_flatYT_panrot_0003.mp4;False;0.638889;0.578947;0.525
WHATSAPP_native;youtube_native;D08_V_flatYT_panrot_0004.mp4;False;0.638889;0.578947;0.525
WHATSAPP_native;youtube_native;D08_V_flatYT_still_0001.mp4;False;0.638889;0.578947;0.525
WHATSAPP_native;youtube_native;D08_V_flatYT_still_0002.mp4;False;0.638889;0.578947;0.525
WHATSAPP_native;youtube_native;D08_V_flatYT_still_0003.mp4;False;0.638889;0.578947;0.525
WHATSAPP_native;youtube_native;D08_V_flatYT_still_0004.mp4;False;0.638889;0.578947;0.525
WHATSAPP_native;youtube_native;D08_V_flatYT_still_0005.mp4;False;0.638889;0.578947;0.525
WHATSAPP_native;original_native;D08_V_indoor_move_0002.mp4;False;0.59375;0.470588;0.416667
WHATSAPP_native;original_native;D08_V_indoor_move_0003.mp4;False;0.59375;0.470588;0.416667
WHATSAPP_native;original_native;D08_V_indoor_move_0004.mp4;False;0.59375;0.470588;0.416667
WHATSAPP_native;original_native;D08_V_indoor_panrot_0001.mp4;False;0.59375;0.470588;0.416667
WHATSAPP_native;original_native;D08_V_indoor_panrot_0002.mp4;False;0.59375;0.470588;0.416667
WHATSAPP_native;original_native;D08_V_indoor_panrot_0003.mp4;False;0.59375;0.470588;0.416667
WHATSAPP_native;original_native;D08_V_indoor_panrot_0004.mp4;False;0.59375;0.470588;0.416667
WHATSAPP_native;original_native;D08_V_indoor_still_0001.mp4;False;0.59375;0.470588;0.416667
WHATSAPP_native;original_native;D08_V_indoor_still_0002.mp4;False;0.59375;0.470588;0.416667
WHATSAPP_native;original_native;D08_V_indoor_still_0003.mp4;False;0.59375;0.470588;0.416667
WHATSAPP_native;original_native;D08_V_indoor_still_0004.mp4;False;0.59375;0.470588;0.416667
WHATSAPP_native;whatsapp_native;D08_V_indoorWA_move_0002.mp4;True;1.0;1.0;1.0
WHATSAPP_native;whatsapp_native;D08_V_indoorWA_move_0003.mp4;True;1.0;1.0;1.0
WHATSAPP_native;whatsapp_native;D08_V_indoorWA_move_0004.mp4;True;1.0;1.0;1.0
WHATSAPP_native;whatsapp_native;D08_V_indoorWA_panrot_0001.mp4;True;1.0;1.0;1.0
WHATSAPP_native;whatsapp_native;D08_V_indoorWA_panrot_0002.mp4;True;1.0;1.0;1.0
WHATSAPP_native;whatsapp_native;D08_V_indoorWA_panrot_0003.mp4;True;1.0;1.0;1.0
WHATSAPP_native;whatsapp_native;D08_V_indoorWA_panrot_0004.mp4;True;1.0;1.0;1.0
WHATSAPP_native;whatsapp_native;D08_V_indoorWA_still_0001.mp4;True;1.0;1.0;1.0
WHATSAPP_native;whatsapp_native;D08_V_indoorWA_still_0002.mp4;True;1.0;1.0;1.0
WHATSAPP_native;whatsapp_native;D08_V_indoorWA_still_0003.mp4;True;1.0;1.0;1.0
WHATSAPP_native;whatsapp_native;D08_V_indoorWA_still_0004.mp4;True;1.0;1.0;1.0
WHATSAPP_native;youtube_native;D08_V_indoorYT_move_0002.mp4;False;0.638889;0.578947;0.525
WHATSAPP_native;youtube_native;D08_V_indoorYT_move_0003.mp4;False;0.638889;0.578947;0.525
WHATSAPP_native;youtube_native;D08_V_indoorYT_move_0004.mp4;False;0.638889;0.578947;0.525
WHATSAPP_native;youtube_native;D08_V_indoorYT_panrot_0001.mp4;False;0.638889;0.578947;0.525
WHATSAPP_native;youtube_native;D08_V_indoorYT_panrot_0002.mp4;False;0.638889;0.578947;0.525
WHATSAPP_native;youtube_native;D08_V_indoorYT_still_0001.mp4;False;0.638889;0.578947;0.525
WHATSAPP_native;youtube_native;D08_V_indoorYT_still_0002.mp4;False;0.638889;0.578947;0.525
WHATSAPP_native;youtube_native;D08_V_indoorYT_still_0003.mp4;False;0.638889;0.578947;0.525
WHATSAPP_native;original_native;D08_V_outdoor_move_0002.mp4;False;0.59375;0.470588;0.416667
WHATSAPP_native;original_native;D08_V_outdoor_move_0003.mp4;False;0.59375;0.470588;0.416667
WHATSAPP_native;original_native;D08_V_outdoor_move_0004.mp4;False;0.59375;0.470588;0.416667
WHATSAPP_native;original_native;D08_V_outdoor_panrot_0001.mp4;False;0.59375;0.470588;0.416667
WHATSAPP_native;original_native;D08_V_outdoor_panrot_0002.mp4;False;0.59375;0.470588;0.416667
WHATSAPP_native;original_native;D08_V_outdoor_panrot_0003.mp4;False;0.59375;0.470588;0.416667
WHATSAPP_native;original_native;D08_V_outdoor_panrot_0004.mp4;False;0.59375;0.470588;0.416667
WHATSAPP_native;original_native;D08_V_outdoor_still_0001.mp4;False;0.59375;0.470588;0.416667
WHATSAPP_native;original_native;D08_V_outdoor_still_0002.mp4;False;0.59375;0.470588;0.416667
WHATSAPP_native;original_native;D08_V_outdoor_still_0003.mp4;False;0.59375;0.470588;0.416667
WHATSAPP_native;original_native;D08_V_outdoor_still_0004.mp4;False;0.59375;0.470588;0.416667
WHATSAPP_native;whatsapp_native;D08_V_outdoorWA_move_0002.mp4;True;1.0;1.0;1.0
WHATSAPP_native;whatsapp_native;D08_V_outdoorWA_move_0003.mp4;True;1.0;1.0;1.0
WHATSAPP_native;whatsapp_native;D08_V_outdoorWA_move_0004.mp4;True;1.0;1.0;1.0
WHATSAPP_native;whatsapp_native;D08_V_outdoorWA_panrot_0001.mp4;True;1.0;1.0;1.0
WHATSAPP_native;whatsapp_native;D08_V_outdoorWA_panrot_0002.mp4;True;1.0;1.0;1.0
WHATSAPP_native;whatsapp_native;D08_V_outdoorWA_panrot_0003.mp4;True;1.0;1.0;1.0
WHATSAPP_native;whatsapp_native;D08_V_outdoorWA_panrot_0004.mp4;True;1.0;1.0;1.0
WHATSAPP_native;whatsapp_native;D08_V_outdoorWA_still_0001.mp4;True;1.0;1.0;1.0
WHATSAPP_native;whatsapp_native;D08_V_outdoorWA_still_0002.mp4;True;1.0;1.0;1.0
WHATSAPP_native;whatsapp_native;D08_V_outdoorWA_still_0003.mp4;True;1.0;1.0;1.0
WHATSAPP_native;whatsapp_native;D08_V_outdoorWA_still_0004.mp4;True;1.0;1.0;1.0
WHATSAPP_native;youtube_native;D08_V_outdoorYT_move_0002.mp4;False;0.638889;0.578947;0.525
WHATSAPP_native;youtube_native;D08_V_outdoorYT_move_0003.mp4;False;0.638889;0.578947;0.525
WHATSAPP_native;youtube_native;D08_V_outdoorYT_move_0004.mp4;False;0.638889;0.578947;0.525
WHATSAPP_native;youtube_native;D08_V_outdoorYT_panrot_0001.mp4;False;0.638889;0.578947;0.525
WHATSAPP_native;youtube_native;D08_V_outdoorYT_panrot_0002.mp4;False;0.638889;0.578947;0.525
WHATSAPP_native;youtube_native;D08_V_outdoorYT_panrot_0003.mp4;False;0.638889;0.578947;0.525
WHATSAPP_native;youtube_native;D08_V_outdoorYT_panrot_0004.mp4;False;0.638889;0.578947;0.525
WHATSAPP_native;youtube_native;D08_V_outdoorYT_still_0001.mp4;False;0.638889;0.578947;0.525
WHATSAPP_native;youtube_native;D08_V_outdoorYT_still_0002.mp4;False;0.638889;0.578947;0.525
WHATSAPP_native;youtube_native;D08_V_outdoorYT_still_0003.mp4;False;0.638889;0.578947;0.525
WHATSAPP_native;youtube_native;D08_V_outdoorYT_still_0004.mp4;False;0.638889;0.578947;0.525
WHATSAPP_native;original_native;D09_V_flat_move_0002.mov;False;0.45283;0.368421;0.3
WHATSAPP_native;original_native;D09_V_flat_move_0003.mov;False;0.45283;0.368421;0.3
WHATSAPP_native;original_native;D09_V_flat_panrot_0001.mov;False;0.45283;0.368421;0.3
WHATSAPP_native;original_native;D09_V_flat_panrot_0002.mov;False;0.45283;0.368421;0.3
WHATSAPP_native;original_native;D09_V_flat_still_0001.mov;False;0.45283;0.368421;0.3
WHATSAPP_native;original_native;D09_V_flat_still_0002.mov;False;0.45283;0.368421;0.3
WHATSAPP_native;whatsapp_native;D09_V_flatWA_move_0002.mp4;True;1.0;1.0;1.0
WHATSAPP_native;whatsapp_native;D09_V_flatWA_move_0003.mp4;True;1.0;1.0;1.0
WHATSAPP_native;whatsapp_native;D09_V_flatWA_panrot_0001.mp4;True;1.0;1.0;1.0
WHATSAPP_native;whatsapp_native;D09_V_flatWA_panrot_0002.mp4;True;1.0;1.0;1.0
WHATSAPP_native;whatsapp_native;D09_V_flatWA_still_0001.mp4;True;1.0;1.0;1.0
WHATSAPP_native;whatsapp_native;D09_V_flatWA_still_0002.mp4;True;1.0;1.0;1.0
WHATSAPP_native;youtube_native;D09_V_flatYT_move_0002.mp4;False;0.638889;0.578947;0.525
WHATSAPP_native;youtube_native;D09_V_flatYT_move_0003.mp4;False;0.638889;0.578947;0.525
WHATSAPP_native;youtube_native;D09_V_flatYT_panrot_0001.mp4;False;0.638889;0.578947;0.525
WHATSAPP_native;youtube_native;D09_V_flatYT_panrot_0002.mp4;False;0.638889;0.578947;0.525
WHATSAPP_native;youtube_native;D09_V_flatYT_still_0001.mp4;False;0.638889;0.578947;0.525
WHATSAPP_native;youtube_native;D09_V_flatYT_still_0002.mp4;False;0.638889;0.578947;0.525
WHATSAPP_native;original_native;D09_V_indoor_move_0002.mov;False;0.461538;0.375;0.305085
WHATSAPP_native;original_native;D09_V_indoor_panrot_0001.mov;False;0.45283;0.368421;0.3
WHATSAPP_native;original_native;D09_V_indoor_panrot_0002.mov;False;0.45283;0.368421;0.3
WHATSAPP_native;original_native;D09_V_indoor_still_0001.mov;False;0.45283;0.368421;0.3
WHATSAPP_native;original_native;D09_V_indoor_still_0002.mov;False;0.45283;0.368421;0.3
WHATSAPP_native;whatsapp_native;D09_V_indoorWA_move_0002.mp4;True;1.0;1.0;1.0
WHATSAPP_native;whatsapp_native;D09_V_indoorWA_panrot_0001.mp4;True;1.0;1.0;1.0
WHATSAPP_native;whatsapp_native;D09_V_indoorWA_panrot_0002.mp4;True;1.0;1.0;1.0
WHATSAPP_native;whatsapp_native;D09_V_indoorWA_still_0001.mp4;True;1.0;1.0;1.0
WHATSAPP_native;whatsapp_native;D09_V_indoorWA_still_0002.mp4;True;1.0;1.0;1.0
WHATSAPP_native;youtube_native;D09_V_indoorYT_move_0002.mp4;False;0.638889;0.578947;0.525
WHATSAPP_native;youtube_native;D09_V_indoorYT_panrot_0001.mp4;False;0.638889;0.578947;0.525
WHATSAPP_native;youtube_native;D09_V_indoorYT_panrot_0002.mp4;False;0.638889;0.578947;0.525
WHATSAPP_native;youtube_native;D09_V_indoorYT_still_0001.mp4;False;0.638889;0.578947;0.525
WHATSAPP_native;youtube_native;D09_V_indoorYT_still_0002.mp4;False;0.638889;0.578947;0.525
WHATSAPP_native;original_native;D09_V_outdoor_move_0002.mov;False;0.45283;0.368421;0.3
WHATSAPP_native;original_native;D09_V_outdoor_panrot_0001.mov;False;0.45283;0.368421;0.3
WHATSAPP_native;original_native;D09_V_outdoor_panrot_0002.mov;False;0.45283;0.368421;0.3
WHATSAPP_native;original_native;D09_V_outdoor_still_0001.mov;False;0.45283;0.368421;0.3
WHATSAPP_native;original_native;D09_V_outdoor_still_0002.mov;False;0.45283;0.368421;0.3
WHATSAPP_native;whatsapp_native;D09_V_outdoorWA_move_0002.mp4;True;1.0;1.0;1.0
WHATSAPP_native;whatsapp_native;D09_V_outdoorWA_panrot_0001.mp4;True;1.0;1.0;1.0
WHATSAPP_native;whatsapp_native;D09_V_outdoorWA_panrot_0002.mp4;True;1.0;1.0;1.0
WHATSAPP_native;whatsapp_native;D09_V_outdoorWA_still_0001.mp4;True;1.0;1.0;1.0
WHATSAPP_native;whatsapp_native;D09_V_outdoorWA_still_0002.mp4;True;1.0;1.0;1.0
WHATSAPP_native;youtube_native;D09_V_outdoorYT_move_0002.mp4;False;0.638889;0.578947;0.525
WHATSAPP_native;youtube_native;D09_V_outdoorYT_panrot_0001.mp4;False;0.638889;0.578947;0.525
WHATSAPP_native;youtube_native;D09_V_outdoorYT_panrot_0002.mp4;False;0.638889;0.578947;0.525
WHATSAPP_native;youtube_native;D09_V_outdoorYT_still_0001.mp4;False;0.638889;0.578947;0.525
WHATSAPP_native;youtube_native;D09_V_outdoorYT_still_0002.mp4;False;0.638889;0.578947;0.525
WHATSAPP_native;original_native;D10_V_flat_move_0002.mov;False;0.5;0.433962;0.363636
WHATSAPP_native;original_native;D10_V_flat_panrot_0001.mov;False;0.5;0.433962;0.363636
WHATSAPP_native;original_native;D10_V_flat_still_0001.mov;False;0.5;0.433962;0.363636
WHATSAPP_native;whatsapp_native;D10_V_flatWA_move_0002.mp4;True;1.0;1.0;1.0
WHATSAPP_native;whatsapp_native;D10_V_flatWA_panrot_0001.mp4;True;1.0;1.0;1.0
WHATSAPP_native;whatsapp_native;D10_V_flatWA_still_0001.mp4;True;1.0;1.0;1.0
WHATSAPP_native;youtube_native;D10_V_flatYT_move_0002.mp4;False;0.638889;0.578947;0.525
WHATSAPP_native;youtube_native;D10_V_flatYT_panrot_0001.mp4;False;0.638889;0.578947;0.525
WHATSAPP_native;youtube_native;D10_V_flatYT_still_0001.mp4;False;0.638889;0.578947;0.525
WHATSAPP_native;original_native;D10_V_indoor_move_0002.mov;False;0.5;0.433962;0.363636
WHATSAPP_native;original_native;D10_V_indoor_panrot_0001.mov;False;0.5;0.433962;0.363636
WHATSAPP_native;original_native;D10_V_indoor_panrot_0002.mov;False;0.5;0.433962;0.363636
WHATSAPP_native;original_native;D10_V_indoor_still_0001.mov;False;0.5;0.433962;0.363636
WHATSAPP_native;original_native;D10_V_indoor_still_0002.mov;False;0.5;0.433962;0.363636
WHATSAPP_native;whatsapp_native;D10_V_indoorWA_move_0002.mp4;True;1.0;1.0;1.0
WHATSAPP_native;whatsapp_native;D10_V_indoorWA_panrot_0001.mp4;True;1.0;1.0;1.0
WHATSAPP_native;whatsapp_native;D10_V_indoorWA_panrot_0002.mp4;True;1.0;1.0;1.0
WHATSAPP_native;whatsapp_native;D10_V_indoorWA_still_0001.mp4;True;1.0;1.0;1.0
WHATSAPP_native;whatsapp_native;D10_V_indoorWA_still_0002.mp4;True;1.0;1.0;1.0
WHATSAPP_native;youtube_native;D10_V_indoorYT_move_0002.mp4;False;0.638889;0.578947;0.525
WHATSAPP_native;youtube_native;D10_V_indoorYT_panrot_0001.mp4;False;0.638889;0.578947;0.525
WHATSAPP_native;youtube_native;D10_V_indoorYT_panrot_0002.mp4;False;0.638889;0.578947;0.525
WHATSAPP_native;youtube_native;D10_V_indoorYT_still_0001.mp4;False;0.638889;0.578947;0.525
WHATSAPP_native;youtube_native;D10_V_indoorYT_still_0002.mp4;False;0.638889;0.578947;0.525
WHATSAPP_native;original_native;D10_V_outdoor_panrot_0001.mov;False;0.5;0.433962;0.363636
WHATSAPP_native;original_native;D10_V_outdoor_panrot_0002.mov;False;0.5;0.433962;0.363636
WHATSAPP_native;original_native;D10_V_outdoor_still_0001.mov;False;0.5;0.433962;0.363636
WHATSAPP_native;original_native;D10_V_outdoor_still_0002.mov;False;0.5;0.433962;0.363636
WHATSAPP_native;whatsapp_native;D10_V_outdoorWA_panrot_0001.mp4;True;1.0;1.0;1.0
WHATSAPP_native;whatsapp_native;D10_V_outdoorWA_panrot_0002.mp4;True;1.0;1.0;1.0
WHATSAPP_native;whatsapp_native;D10_V_outdoorWA_still_0001.mp4;True;1.0;1.0;1.0
WHATSAPP_native;whatsapp_native;D10_V_outdoorWA_still_0002.mp4;True;1.0;1.0;1.0
WHATSAPP_native;youtube_native;D10_V_outdoorYT_panrot_0001.mp4;False;0.638889;0.578947;0.525
WHATSAPP_native;youtube_native;D10_V_outdoorYT_panrot_0002.mp4;False;0.638889;0.578947;0.525
WHATSAPP_native;youtube_native;D10_V_outdoorYT_still_0001.mp4;False;0.638889;0.578947;0.525
WHATSAPP_native;youtube_native;D10_V_outdoorYT_still_0002.mp4;False;0.638889;0.578947;0.525
WHATSAPP_native;original_native;D11_V_flat_move_0002.mp4;False;0.7;0.625;0.558824
WHATSAPP_native;original_native;D11_V_flat_move_0003.mp4;False;0.625;0.529412;0.5
WHATSAPP_native;original_native;D11_V_flat_panrot_0001.mp4;False;0.7;0.625;0.558824
WHATSAPP_native;original_native;D11_V_flat_panrot_0002.mp4;False;0.7;0.625;0.558824
WHATSAPP_native;original_native;D11_V_flat_still_0001.mp4;False;0.7;0.625;0.558824
WHATSAPP_native;original_native;D11_V_flat_still_0002.mp4;False;0.7;0.625;0.558824
WHATSAPP_native;whatsapp_native;D11_V_flatWA_move_0002.mp4;True;1.0;1.0;1.0
WHATSAPP_native;whatsapp_native;D11_V_flatWA_move_0003.mp4;True;1.0;1.0;1.0
WHATSAPP_native;whatsapp_native;D11_V_flatWA_panrot_0001.mp4;True;1.0;1.0;1.0
WHATSAPP_native;whatsapp_native;D11_V_flatWA_panrot_0002.mp4;True;1.0;1.0;1.0
WHATSAPP_native;whatsapp_native;D11_V_flatWA_still_0001.mp4;True;1.0;1.0;1.0
WHATSAPP_native;whatsapp_native;D11_V_flatWA_still_0002.mp4;True;1.0;1.0;1.0
WHATSAPP_native;youtube_native;D11_V_flatYT_move_0002.mp4;False;0.638889;0.578947;0.525
WHATSAPP_native;youtube_native;D11_V_flatYT_move_0003.mp4;False;0.638889;0.578947;0.525
WHATSAPP_native;youtube_native;D11_V_flatYT_panrot_0001.mp4;False;0.638889;0.578947;0.525
WHATSAPP_native;youtube_native;D11_V_flatYT_panrot_0002.mp4;False;0.638889;0.578947;0.525
WHATSAPP_native;youtube_native;D11_V_flatYT_still_0001.mp4;False;0.638889;0.578947;0.525
WHATSAPP_native;youtube_native;D11_V_flatYT_still_0002.mp4;False;0.638889;0.578947;0.525
WHATSAPP_native;original_native;D11_V_indoor_move_0002.mp4;False;0.7;0.625;0.558824
WHATSAPP_native;original_native;D11_V_indoor_panrot_0001.mp4;False;0.7;0.625;0.558824
WHATSAPP_native;original_native;D11_V_indoor_panrot_0002.mp4;False;0.7;0.625;0.558824
WHATSAPP_native;original_native;D11_V_indoor_still_0001.mp4;False;0.625;0.529412;0.5
WHATSAPP_native;original_native;D11_V_indoor_still_0002.mp4;False;0.7;0.625;0.558824
WHATSAPP_native;whatsapp_native;D11_V_indoorWA_move_0002.mp4;True;1.0;1.0;1.0
WHATSAPP_native;whatsapp_native;D11_V_indoorWA_panrot_0001.mp4;True;1.0;1.0;1.0
WHATSAPP_native;whatsapp_native;D11_V_indoorWA_panrot_0002.mp4;True;1.0;1.0;1.0
WHATSAPP_native;whatsapp_native;D11_V_indoorWA_still_0001.mp4;True;1.0;1.0;1.0
WHATSAPP_native;whatsapp_native;D11_V_indoorWA_still_0002.mp4;True;1.0;1.0;1.0
WHATSAPP_native;youtube_native;D11_V_indoorYT_move_0002.mp4;False;0.638889;0.578947;0.525
WHATSAPP_native;youtube_native;D11_V_indoorYT_panrot_0001.mp4;False;0.638889;0.578947;0.525
WHATSAPP_native;youtube_native;D11_V_indoorYT_panrot_0002.mp4;False;0.638889;0.578947;0.525
WHATSAPP_native;youtube_native;D11_V_indoorYT_still_0001.mp4;False;0.638889;0.578947;0.525
WHATSAPP_native;youtube_native;D11_V_indoorYT_still_0002.mp4;False;0.638889;0.578947;0.525
WHATSAPP_native;original_native;D11_V_outdoor_move_0002.mp4;False;0.7;0.625;0.558824
WHATSAPP_native;original_native;D11_V_outdoor_panrot_0001.mp4;False;0.7;0.625;0.558824
WHATSAPP_native;original_native;D11_V_outdoor_panrot_0002.mp4;False;0.7;0.625;0.558824
WHATSAPP_native;original_native;D11_V_outdoor_still_0001.mp4;False;0.7;0.625;0.558824
WHATSAPP_native;original_native;D11_V_outdoor_still_0002.mp4;False;0.7;0.625;0.558824
WHATSAPP_native;whatsapp_native;D11_V_outdoorWA_move_0002.mp4;True;1.0;1.0;1.0
WHATSAPP_native;whatsapp_native;D11_V_outdoorWA_panrot_0001.mp4;True;1.0;1.0;1.0
WHATSAPP_native;whatsapp_native;D11_V_outdoorWA_panrot_0002.mp4;True;1.0;1.0;1.0
WHATSAPP_native;whatsapp_native;D11_V_outdoorWA_still_0001.mp4;True;1.0;1.0;1.0
WHATSAPP_native;whatsapp_native;D11_V_outdoorWA_still_0002.mp4;True;1.0;1.0;1.0
WHATSAPP_native;youtube_native;D11_V_outdoorYT_move_0002.mp4;False;0.638889;0.578947;0.525
WHATSAPP_native;youtube_native;D11_V_outdoorYT_panrot_0001.mp4;False;0.638889;0.578947;0.525
WHATSAPP_native;youtube_native;D11_V_outdoorYT_panrot_0002.mp4;False;0.638889;0.578947;0.525
WHATSAPP_native;youtube_native;D11_V_outdoorYT_still_0001.mp4;False;0.638889;0.578947;0.525
WHATSAPP_native;youtube_native;D11_V_outdoorYT_still_0002.mp4;False;0.638889;0.578947;0.525
WHATSAPP_native;original_native;D12_V_flat_move_0002.mp4;False;0.64;0.583333;0.521739
WHATSAPP_native;original_native;D12_V_flat_move_0003.mp4;False;0.64;0.583333;0.521739
WHATSAPP_native;original_native;D12_V_flat_panrot_0001.mp4;False;0.64;0.583333;0.521739
WHATSAPP_native;original_native;D12_V_flat_panrot_0002.mp4;False;0.64;0.583333;0.521739
WHATSAPP_native;original_native;D12_V_flat_still_0001.mp4;False;0.64;0.583333;0.521739
WHATSAPP_native;original_native;D12_V_flat_still_0002.mp4;False;0.64;0.583333;0.521739
WHATSAPP_native;whatsapp_native;D12_V_flatWA_move_0002.mp4;True;1.0;1.0;1.0
WHATSAPP_native;whatsapp_native;D12_V_flatWA_move_0003.mp4;True;1.0;1.0;1.0
WHATSAPP_native;whatsapp_native;D12_V_flatWA_panrot_0001.mp4;True;1.0;1.0;1.0
WHATSAPP_native;whatsapp_native;D12_V_flatWA_panrot_0002.mp4;True;1.0;1.0;1.0
WHATSAPP_native;whatsapp_native;D12_V_flatWA_still_0001.mp4;True;1.0;1.0;1.0
WHATSAPP_native;whatsapp_native;D12_V_flatWA_still_0002.mp4;True;1.0;1.0;1.0
WHATSAPP_native;youtube_native;D12_V_flatYT_move_0002.mp4;False;0.638889;0.578947;0.525
WHATSAPP_native;youtube_native;D12_V_flatYT_move_0003.mp4;False;0.638889;0.578947;0.525
WHATSAPP_native;youtube_native;D12_V_flatYT_panrot_0001.mp4;False;0.638889;0.578947;0.525
WHATSAPP_native;youtube_native;D12_V_flatYT_panrot_0002.mp4;False;0.638889;0.578947;0.525
WHATSAPP_native;youtube_native;D12_V_flatYT_still_0001.mp4;False;0.638889;0.578947;0.525
WHATSAPP_native;youtube_native;D12_V_flatYT_still_0002.mp4;False;0.638889;0.578947;0.525
WHATSAPP_native;original_native;D12_V_indoor_move_0002.mp4;False;0.64;0.583333;0.521739
WHATSAPP_native;original_native;D12_V_indoor_panrot_0001.mp4;False;0.64;0.583333;0.521739
WHATSAPP_native;original_native;D12_V_indoor_panrot_0002.mp4;False;0.64;0.583333;0.521739
WHATSAPP_native;original_native;D12_V_indoor_still_0001.mp4;False;0.64;0.583333;0.521739
WHATSAPP_native;original_native;D12_V_indoor_still_0002.mp4;False;0.64;0.583333;0.521739
WHATSAPP_native;whatsapp_native;D12_V_indoorWA_move_0002.mp4;True;1.0;1.0;1.0
WHATSAPP_native;whatsapp_native;D12_V_indoorWA_panrot_0001.mp4;True;1.0;1.0;1.0
WHATSAPP_native;whatsapp_native;D12_V_indoorWA_panrot_0002.mp4;True;1.0;1.0;1.0
WHATSAPP_native;whatsapp_native;D12_V_indoorWA_still_0001.mp4;True;1.0;1.0;1.0
WHATSAPP_native;whatsapp_native;D12_V_indoorWA_still_0002.mp4;True;1.0;1.0;1.0
WHATSAPP_native;youtube_native;D12_V_indoorYT_move_0002.mp4;False;0.638889;0.578947;0.525
WHATSAPP_native;youtube_native;D12_V_indoorYT_panrot_0001.mp4;False;0.638889;0.578947;0.525
WHATSAPP_native;youtube_native;D12_V_indoorYT_panrot_0002.mp4;False;0.638889;0.578947;0.525
WHATSAPP_native;youtube_native;D12_V_indoorYT_still_0001.mp4;False;0.638889;0.578947;0.525
WHATSAPP_native;youtube_native;D12_V_indoorYT_still_0002.mp4;False;0.638889;0.578947;0.525
WHATSAPP_native;original_native;D12_V_outdoor_move_0002.mp4;False;0.64;0.583333;0.521739
WHATSAPP_native;original_native;D12_V_outdoor_panrot_0001.mp4;False;0.64;0.583333;0.521739
WHATSAPP_native;original_native;D12_V_outdoor_panrot_0002.mp4;False;0.64;0.583333;0.521739
WHATSAPP_native;original_native;D12_V_outdoor_still_0001.mp4;False;0.64;0.583333;0.521739
WHATSAPP_native;original_native;D12_V_outdoor_still_0002.mp4;False;0.64;0.583333;0.521739
WHATSAPP_native;whatsapp_native;D12_V_outdoorWA_move_0002.mp4;True;1.0;1.0;1.0
WHATSAPP_native;whatsapp_native;D12_V_outdoorWA_panrot_0001.mp4;True;1.0;1.0;1.0
WHATSAPP_native;whatsapp_native;D12_V_outdoorWA_panrot_0002.mp4;True;1.0;1.0;1.0
WHATSAPP_native;whatsapp_native;D12_V_outdoorWA_still_0001.mp4;True;1.0;1.0;1.0
WHATSAPP_native;whatsapp_native;D12_V_outdoorWA_still_0002.mp4;True;1.0;1.0;1.0
WHATSAPP_native;youtube_native;D12_V_outdoorYT_move_0002.mp4;False;0.638889;0.578947;0.525
WHATSAPP_native;youtube_native;D12_V_outdoorYT_panrot_0001.mp4;False;0.638889;0.578947;0.525
WHATSAPP_native;youtube_native;D12_V_outdoorYT_panrot_0002.mp4;False;0.638889;0.578947;0.525
WHATSAPP_native;youtube_native;D12_V_outdoorYT_still_0001.mp4;False;0.638889;0.578947;0.525
WHATSAPP_native;youtube_native;D12_V_outdoorYT_still_0002.mp4;False;0.638889;0.578947;0.525
WHATSAPP_native;original_native;D13_V_flat_move_0002.mov;False;0.461538;0.375;0.305085
WHATSAPP_native;original_native;D13_V_flat_panrot_0001.mov;False;0.461538;0.375;0.305085
WHATSAPP_native;original_native;D13_V_flat_still_0001.mov;False;0.461538;0.375;0.305085
WHATSAPP_native;whatsapp_native;D13_V_flatWA_move_0002.mp4;True;1.0;1.0;1.0
WHATSAPP_native;whatsapp_native;D13_V_flatWA_panrot_0001.mp4;True;1.0;1.0;1.0
WHATSAPP_native;whatsapp_native;D13_V_flatWA_still_0001.mp4;True;1.0;1.0;1.0
WHATSAPP_native;youtube_native;D13_V_flatYT_move_0002.mp4;False;0.638889;0.578947;0.525
WHATSAPP_native;youtube_native;D13_V_flatYT_panrot_0001.mp4;False;0.638889;0.578947;0.525
WHATSAPP_native;youtube_native;D13_V_flatYT_still_0001.mp4;False;0.638889;0.578947;0.525
WHATSAPP_native;original_native;D13_V_indoor_move_0002.mov;False;0.461538;0.375;0.305085
WHATSAPP_native;original_native;D13_V_indoor_panrot_0001.mov;False;0.461538;0.375;0.305085
WHATSAPP_native;original_native;D13_V_indoor_panrot_0002.mov;False;0.461538;0.375;0.305085
WHATSAPP_native;original_native;D13_V_indoor_still_0001.mov;False;0.461538;0.375;0.305085
WHATSAPP_native;original_native;D13_V_indoor_still_0002.mov;False;0.461538;0.375;0.305085
WHATSAPP_native;whatsapp_native;D13_V_indoorWA_move_0002.mp4;True;1.0;1.0;1.0
WHATSAPP_native;whatsapp_native;D13_V_indoorWA_panrot_0001.mp4;True;1.0;1.0;1.0
WHATSAPP_native;whatsapp_native;D13_V_indoorWA_panrot_0002.mp4;True;1.0;1.0;1.0
WHATSAPP_native;whatsapp_native;D13_V_indoorWA_still_0001.mp4;True;1.0;1.0;1.0
WHATSAPP_native;whatsapp_native;D13_V_indoorWA_still_0002.mp4;True;1.0;1.0;1.0
WHATSAPP_native;youtube_native;D13_V_indoorYT_move_0002.mp4;False;0.638889;0.578947;0.525
WHATSAPP_native;youtube_native;D13_V_indoorYT_panrot_0001.mp4;False;0.638889;0.578947;0.525
WHATSAPP_native;youtube_native;D13_V_indoorYT_panrot_0002.mp4;False;0.638889;0.578947;0.525
WHATSAPP_native;youtube_native;D13_V_indoorYT_still_0001.mp4;False;0.638889;0.578947;0.525
WHATSAPP_native;youtube_native;D13_V_indoorYT_still_0002.mp4;False;0.638889;0.578947;0.525
WHATSAPP_native;original_native;D13_V_outdoor_move_0002.mov;False;0.461538;0.375;0.305085
WHATSAPP_native;original_native;D13_V_outdoor_panrot_0001.mov;False;0.461538;0.375;0.305085
WHATSAPP_native;original_native;D13_V_outdoor_panrot_0002.mov;False;0.461538;0.375;0.305085
WHATSAPP_native;original_native;D13_V_outdoor_still_0001.mov;False;0.461538;0.375;0.305085
WHATSAPP_native;original_native;D13_V_outdoor_still_0002.mov;False;0.461538;0.375;0.305085
WHATSAPP_native;whatsapp_native;D13_V_outdoorWA_move_0002.mp4;True;1.0;1.0;1.0
WHATSAPP_native;whatsapp_native;D13_V_outdoorWA_panrot_0001.mp4;True;1.0;1.0;1.0
WHATSAPP_native;whatsapp_native;D13_V_outdoorWA_panrot_0002.mp4;True;1.0;1.0;1.0
WHATSAPP_native;whatsapp_native;D13_V_outdoorWA_still_0001.mp4;True;1.0;1.0;1.0
WHATSAPP_native;whatsapp_native;D13_V_outdoorWA_still_0002.mp4;True;1.0;1.0;1.0
WHATSAPP_native;youtube_native;D13_V_outdoorYT_move_0002.mp4;False;0.638889;0.578947;0.525
WHATSAPP_native;youtube_native;D13_V_outdoorYT_panrot_0001.mp4;False;0.638889;0.578947;0.525
WHATSAPP_native;youtube_native;D13_V_outdoorYT_panrot_0002.mp4;False;0.638889;0.578947;0.525
WHATSAPP_native;youtube_native;D13_V_outdoorYT_still_0001.mp4;False;0.638889;0.578947;0.525
WHATSAPP_native;youtube_native;D13_V_outdoorYT_still_0002.mp4;False;0.638889;0.578947;0.525
WHATSAPP_native;original_native;D14_V_flat_move_0002.mov;False;0.461538;0.375;0.305085
WHATSAPP_native;original_native;D14_V_flat_move_0003.mov;False;0.461538;0.375;0.305085
WHATSAPP_native;original_native;D14_V_flat_panrot_0001.mov;False;0.461538;0.375;0.305085
WHATSAPP_native;original_native;D14_V_flat_panrot_0002.mov;False;0.461538;0.375;0.305085
WHATSAPP_native;original_native;D14_V_flat_still_0001.mov;False;0.461538;0.375;0.305085
WHATSAPP_native;original_native;D14_V_flat_still_0002.mov;False;0.461538;0.375;0.305085
WHATSAPP_native;whatsapp_native;D14_V_flatWA_move_0002.mp4;True;1.0;1.0;1.0
WHATSAPP_native;whatsapp_native;D14_V_flatWA_move_0003.mp4;True;1.0;1.0;1.0
WHATSAPP_native;whatsapp_native;D14_V_flatWA_panrot_0001.mp4;True;1.0;1.0;1.0
WHATSAPP_native;whatsapp_native;D14_V_flatWA_panrot_0002.mp4;True;1.0;1.0;1.0
WHATSAPP_native;whatsapp_native;D14_V_flatWA_still_0001.mp4;True;1.0;1.0;1.0
WHATSAPP_native;whatsapp_native;D14_V_flatWA_still_0002.mp4;True;1.0;1.0;1.0
WHATSAPP_native;youtube_native;D14_V_flatYT_move_0002.mp4;False;0.638889;0.578947;0.525
WHATSAPP_native;youtube_native;D14_V_flatYT_move_0003.mp4;False;0.638889;0.578947;0.525
WHATSAPP_native;youtube_native;D14_V_flatYT_panrot_0001.mp4;False;0.638889;0.578947;0.525
WHATSAPP_native;youtube_native;D14_V_flatYT_panrot_0002.mp4;False;0.638889;0.578947;0.525
WHATSAPP_native;youtube_native;D14_V_flatYT_still_0001.mp4;False;0.638889;0.578947;0.525
WHATSAPP_native;youtube_native;D14_V_flatYT_still_0002.mp4;False;0.638889;0.578947;0.525
WHATSAPP_native;original_native;D14_V_indoor_move_0002.mov;False;0.461538;0.375;0.305085
WHATSAPP_native;original_native;D14_V_indoor_panrot_0001.mov;False;0.461538;0.375;0.305085
WHATSAPP_native;original_native;D14_V_indoor_panrot_0002.mov;False;0.461538;0.375;0.305085
WHATSAPP_native;original_native;D14_V_indoor_still_0001.mov;False;0.461538;0.375;0.305085
WHATSAPP_native;original_native;D14_V_indoor_still_0002.mov;False;0.461538;0.375;0.305085
WHATSAPP_native;whatsapp_native;D14_V_indoorWA_move_0002.mp4;True;1.0;1.0;1.0
WHATSAPP_native;whatsapp_native;D14_V_indoorWA_panrot_0001.mp4;True;1.0;1.0;1.0
WHATSAPP_native;whatsapp_native;D14_V_indoorWA_panrot_0002.mp4;True;1.0;1.0;1.0
WHATSAPP_native;whatsapp_native;D14_V_indoorWA_still_0001.mp4;True;1.0;1.0;1.0
WHATSAPP_native;whatsapp_native;D14_V_indoorWA_still_0002.mp4;True;1.0;1.0;1.0
WHATSAPP_native;youtube_native;D14_V_indoorYT_move_0002.mp4;False;0.638889;0.578947;0.525
WHATSAPP_native;youtube_native;D14_V_indoorYT_panrot_0001.mp4;False;0.638889;0.578947;0.525
WHATSAPP_native;youtube_native;D14_V_indoorYT_panrot_0002.mp4;False;0.638889;0.578947;0.525
WHATSAPP_native;youtube_native;D14_V_indoorYT_still_0001.mp4;False;0.638889;0.578947;0.525
WHATSAPP_native;youtube_native;D14_V_indoorYT_still_0002.mp4;False;0.638889;0.578947;0.525
WHATSAPP_native;original_native;D14_V_outdoor_move_0002.mov;False;0.461538;0.375;0.305085
WHATSAPP_native;original_native;D14_V_outdoor_panrot_0001.mov;False;0.461538;0.375;0.305085
WHATSAPP_native;original_native;D14_V_outdoor_panrot_0002.mov;False;0.461538;0.375;0.305085
WHATSAPP_native;original_native;D14_V_outdoor_still_0001.mov;False;0.461538;0.375;0.305085
WHATSAPP_native;original_native;D14_V_outdoor_still_0002.mov;False;0.461538;0.375;0.305085
WHATSAPP_native;whatsapp_native;D14_V_outdoorWA_move_0002.mp4;True;1.0;1.0;1.0
WHATSAPP_native;whatsapp_native;D14_V_outdoorWA_panrot_0001.mp4;True;1.0;1.0;1.0
WHATSAPP_native;whatsapp_native;D14_V_outdoorWA_panrot_0002.mp4;True;1.0;1.0;1.0
WHATSAPP_native;whatsapp_native;D14_V_outdoorWA_still_0001.mp4;True;1.0;1.0;1.0
WHATSAPP_native;whatsapp_native;D14_V_outdoorWA_still_0002.mp4;True;1.0;1.0;1.0
WHATSAPP_native;youtube_native;D14_V_outdoorYT_move_0002.mp4;False;0.638889;0.578947;0.525
WHATSAPP_native;youtube_native;D14_V_outdoorYT_panrot_0001.mp4;False;0.638889;0.578947;0.525
WHATSAPP_native;youtube_native;D14_V_outdoorYT_panrot_0002.mp4;False;0.638889;0.578947;0.525
WHATSAPP_native;youtube_native;D14_V_outdoorYT_still_0001.mp4;False;0.638889;0.578947;0.525
WHATSAPP_native;youtube_native;D14_V_outdoorYT_still_0002.mp4;False;0.638889;0.578947;0.525
WHATSAPP_native;original_native;D15_V_flat_move_0002.mov;False;0.490196;0.403509;0.322581
WHATSAPP_native;original_native;D15_V_flat_move_0003.mov;False;0.490196;0.403509;0.322581
WHATSAPP_native;original_native;D15_V_flat_panrot_0001.mov;False;0.490196;0.403509;0.322581
WHATSAPP_native;original_native;D15_V_flat_panrot_0002.mov;False;0.490196;0.403509;0.322581
WHATSAPP_native;original_native;D15_V_flat_still_0001.mov;False;0.490196;0.403509;0.322581
WHATSAPP_native;original_native;D15_V_flat_still_0002.mov;False;0.490196;0.403509;0.322581
WHATSAPP_native;whatsapp_native;D15_V_flatWA_move_0002.mp4;True;1.0;1.0;1.0
WHATSAPP_native;whatsapp_native;D15_V_flatWA_move_0003.mp4;True;1.0;1.0;1.0
WHATSAPP_native;whatsapp_native;D15_V_flatWA_panrot_0001.mp4;True;1.0;1.0;1.0
WHATSAPP_native;whatsapp_native;D15_V_flatWA_panrot_0002.mp4;True;1.0;1.0;1.0
WHATSAPP_native;whatsapp_native;D15_V_flatWA_still_0001.mp4;True;1.0;1.0;1.0
WHATSAPP_native;whatsapp_native;D15_V_flatWA_still_0002.mp4;True;1.0;1.0;1.0
WHATSAPP_native;youtube_native;D15_V_flatYT_move_0002.mp4;False;0.638889;0.578947;0.525
WHATSAPP_native;youtube_native;D15_V_flatYT_move_0003.mp4;False;0.638889;0.578947;0.525
WHATSAPP_native;youtube_native;D15_V_flatYT_panrot_0001.mp4;False;0.638889;0.578947;0.525
WHATSAPP_native;youtube_native;D15_V_flatYT_panrot_0002.mp4;False;0.638889;0.578947;0.525
WHATSAPP_native;youtube_native;D15_V_flatYT_still_0001.mp4;False;0.638889;0.578947;0.525
WHATSAPP_native;youtube_native;D15_V_flatYT_still_0002.mp4;False;0.638889;0.578947;0.525
WHATSAPP_native;original_native;D15_V_indoor_move_0002.mov;False;0.490196;0.403509;0.322581
WHATSAPP_native;original_native;D15_V_indoor_panrot_0001.mov;False;0.490196;0.403509;0.322581
WHATSAPP_native;original_native;D15_V_indoor_panrot_0002.mov;False;0.490196;0.403509;0.322581
WHATSAPP_native;original_native;D15_V_indoor_still_0001.mov;False;0.490196;0.403509;0.322581
WHATSAPP_native;original_native;D15_V_indoor_still_0002.mov;False;0.490196;0.403509;0.322581
WHATSAPP_native;whatsapp_native;D15_V_indoorWA_move_0002.mp4;True;1.0;1.0;1.0
WHATSAPP_native;whatsapp_native;D15_V_indoorWA_panrot_0001.mp4;True;1.0;1.0;1.0
WHATSAPP_native;whatsapp_native;D15_V_indoorWA_panrot_0002.mp4;True;1.0;1.0;1.0
WHATSAPP_native;whatsapp_native;D15_V_indoorWA_still_0001.mp4;True;1.0;1.0;1.0
WHATSAPP_native;whatsapp_native;D15_V_indoorWA_still_0002.mp4;True;1.0;1.0;1.0
WHATSAPP_native;youtube_native;D15_V_indoorYT_move_0002.mp4;False;0.638889;0.578947;0.525
WHATSAPP_native;youtube_native;D15_V_indoorYT_panrot_0001.mp4;False;0.638889;0.578947;0.525
WHATSAPP_native;youtube_native;D15_V_indoorYT_panrot_0002.mp4;False;0.638889;0.578947;0.525
WHATSAPP_native;youtube_native;D15_V_indoorYT_still_0001.mp4;False;0.638889;0.578947;0.525
WHATSAPP_native;youtube_native;D15_V_indoorYT_still_0002.mp4;False;0.638889;0.578947;0.525
WHATSAPP_native;original_native;D15_V_outdoor_move_0002.mov;False;0.490196;0.403509;0.322581
WHATSAPP_native;original_native;D15_V_outdoor_panrot_0001.mov;False;0.490196;0.403509;0.322581
WHATSAPP_native;original_native;D15_V_outdoor_panrot_0002.mov;False;0.490196;0.403509;0.322581
WHATSAPP_native;original_native;D15_V_outdoor_still_0001.mov;False;0.490196;0.403509;0.322581
WHATSAPP_native;whatsapp_native;D15_V_outdoorWA_move_0002.mp4;True;1.0;1.0;1.0
WHATSAPP_native;whatsapp_native;D15_V_outdoorWA_panrot_0001.mp4;True;1.0;1.0;1.0
WHATSAPP_native;whatsapp_native;D15_V_outdoorWA_panrot_0002.mp4;True;1.0;1.0;1.0
WHATSAPP_native;whatsapp_native;D15_V_outdoorWA_still_0001.mp4;True;1.0;1.0;1.0
WHATSAPP_native;youtube_native;D15_V_outdoorYT_move_0002.mp4;False;0.638889;0.578947;0.525
WHATSAPP_native;youtube_native;D15_V_outdoorYT_panrot_0001.mp4;False;0.638889;0.578947;0.525
WHATSAPP_native;youtube_native;D15_V_outdoorYT_panrot_0002.mp4;False;0.638889;0.578947;0.525
WHATSAPP_native;youtube_native;D15_V_outdoorYT_still_0001.mp4;False;0.638889;0.578947;0.525
WHATSAPP_native;original_native;D16_V_flat_move_0002.mp4;False;0.588235;0.5;0.473684
WHATSAPP_native;original_native;D16_V_flat_move_0003.mp4;False;0.588235;0.5;0.473684
WHATSAPP_native;original_native;D16_V_flat_panrot_0001.mp4;False;0.588235;0.5;0.473684
WHATSAPP_native;original_native;D16_V_flat_panrot_0002.mp4;False;0.588235;0.5;0.473684
WHATSAPP_native;original_native;D16_V_flat_still_0001.mp4;False;0.588235;0.5;0.473684
WHATSAPP_native;original_native;D16_V_flat_still_0002.mp4;False;0.588235;0.5;0.473684
WHATSAPP_native;whatsapp_native;D16_V_flatWA_move_0002.mp4;True;1.0;1.0;1.0
WHATSAPP_native;whatsapp_native;D16_V_flatWA_move_0003.mp4;True;1.0;1.0;1.0
WHATSAPP_native;whatsapp_native;D16_V_flatWA_panrot_0001.mp4;True;1.0;1.0;1.0
WHATSAPP_native;whatsapp_native;D16_V_flatWA_panrot_0002.mp4;True;1.0;1.0;1.0
WHATSAPP_native;whatsapp_native;D16_V_flatWA_still_0001.mp4;True;1.0;1.0;1.0
WHATSAPP_native;whatsapp_native;D16_V_flatWA_still_0002.mp4;True;1.0;1.0;1.0
WHATSAPP_native;youtube_native;D16_V_flatYT_move_0002.mp4;False;0.638889;0.578947;0.525
WHATSAPP_native;youtube_native;D16_V_flatYT_move_0003.mp4;False;0.638889;0.578947;0.525
WHATSAPP_native;youtube_native;D16_V_flatYT_panrot_0001.mp4;False;0.638889;0.578947;0.525
WHATSAPP_native;youtube_native;D16_V_flatYT_panrot_0002.mp4;False;0.638889;0.578947;0.525
WHATSAPP_native;youtube_native;D16_V_flatYT_still_0001.mp4;False;0.638889;0.578947;0.525
WHATSAPP_native;youtube_native;D16_V_flatYT_still_0002.mp4;False;0.638889;0.578947;0.525
WHATSAPP_native;original_native;D16_V_indoor_move_0002.mp4;False;0.588235;0.5;0.473684
WHATSAPP_native;original_native;D16_V_indoor_panrot_0001.mp4;False;0.588235;0.5;0.473684
WHATSAPP_native;original_native;D16_V_indoor_panrot_0002.mp4;False;0.588235;0.5;0.473684
WHATSAPP_native;original_native;D16_V_indoor_still_0001.mp4;False;0.588235;0.5;0.473684
WHATSAPP_native;original_native;D16_V_indoor_still_0002.mp4;False;0.588235;0.5;0.473684
WHATSAPP_native;whatsapp_native;D16_V_indoorWA_move_0002.mp4;True;1.0;1.0;1.0
WHATSAPP_native;whatsapp_native;D16_V_indoorWA_panrot_0001.mp4;True;1.0;1.0;1.0
WHATSAPP_native;whatsapp_native;D16_V_indoorWA_panrot_0002.mp4;True;1.0;1.0;1.0
WHATSAPP_native;whatsapp_native;D16_V_indoorWA_still_0001.mp4;True;1.0;1.0;1.0
WHATSAPP_native;whatsapp_native;D16_V_indoorWA_still_0002.mp4;True;1.0;1.0;1.0
WHATSAPP_native;youtube_native;D16_V_indoorYT_move_0002.mp4;False;0.638889;0.578947;0.525
WHATSAPP_native;youtube_native;D16_V_indoorYT_panrot_0001.mp4;False;0.638889;0.578947;0.525
WHATSAPP_native;youtube_native;D16_V_indoorYT_panrot_0002.mp4;False;0.638889;0.578947;0.525
WHATSAPP_native;youtube_native;D16_V_indoorYT_still_0001.mp4;False;0.638889;0.578947;0.525
WHATSAPP_native;youtube_native;D16_V_indoorYT_still_0002.mp4;False;0.638889;0.578947;0.525
WHATSAPP_native;original_native;D16_V_outdoor_move_0002.mp4;False;0.588235;0.5;0.473684
WHATSAPP_native;original_native;D16_V_outdoor_panrot_0001.mp4;False;0.588235;0.5;0.473684
WHATSAPP_native;original_native;D16_V_outdoor_panrot_0002.mp4;False;0.588235;0.5;0.473684
WHATSAPP_native;original_native;D16_V_outdoor_still_0001.mp4;False;0.588235;0.5;0.473684
WHATSAPP_native;original_native;D16_V_outdoor_still_0002.mp4;False;0.588235;0.5;0.473684
WHATSAPP_native;whatsapp_native;D16_V_outdoorWA_move_0002.mp4;True;1.0;1.0;1.0
WHATSAPP_native;whatsapp_native;D16_V_outdoorWA_panrot_0001.mp4;True;1.0;1.0;1.0
WHATSAPP_native;whatsapp_native;D16_V_outdoorWA_panrot_0002.mp4;True;1.0;1.0;1.0
WHATSAPP_native;whatsapp_native;D16_V_outdoorWA_still_0001.mp4;True;1.0;1.0;1.0
WHATSAPP_native;whatsapp_native;D16_V_outdoorWA_still_0002.mp4;True;1.0;1.0;1.0
WHATSAPP_native;youtube_native;D16_V_outdoorYT_move_0002.mp4;False;0.638889;0.578947;0.525
WHATSAPP_native;youtube_native;D16_V_outdoorYT_panrot_0001.mp4;False;0.638889;0.578947;0.525
WHATSAPP_native;youtube_native;D16_V_outdoorYT_panrot_0002.mp4;False;0.638889;0.578947;0.525
WHATSAPP_native;youtube_native;D16_V_outdoorYT_still_0001.mp4;False;0.638889;0.578947;0.525
WHATSAPP_native;youtube_native;D16_V_outdoorYT_still_0002.mp4;False;0.638889;0.578947;0.525
WHATSAPP_native;original_native;D17_V_flat_move_0002.mp4;False;0.473684;0.414634;0.372093
WHATSAPP_native;original_native;D17_V_flat_panrot_0001.mp4;False;0.545455;0.472222;0.421053
WHATSAPP_native;original_native;D17_V_flat_still_0001.mp4;False;0.473684;0.414634;0.372093
WHATSAPP_native;whatsapp_native;D17_V_flatWA_move_0002.mp4;True;1.0;1.0;1.0
WHATSAPP_native;whatsapp_native;D17_V_flatWA_panrot_0001.mp4;True;1.0;1.0;1.0
WHATSAPP_native;whatsapp_native;D17_V_flatWA_still_0001.mp4;True;1.0;1.0;1.0
WHATSAPP_native;youtube_native;D17_V_flatYT_move_0002.mp4;False;0.638889;0.578947;0.525
WHATSAPP_native;youtube_native;D17_V_flatYT_panrot_0001.mp4;False;0.638889;0.578947;0.525
WHATSAPP_native;youtube_native;D17_V_flatYT_still_0001.mp4;False;0.638889;0.578947;0.525
WHATSAPP_native;original_native;D17_V_indoor_panrot_0001.mp4;False;0.473684;0.414634;0.372093
WHATSAPP_native;original_native;D17_V_indoor_still_0001.mp4;False;0.473684;0.414634;0.372093
WHATSAPP_native;whatsapp_native;D17_V_indoorWA_panrot_0001.mp4;True;1.0;1.0;1.0
WHATSAPP_native;whatsapp_native;D17_V_indoorWA_still_0001.mp4;True;1.0;1.0;1.0
WHATSAPP_native;youtube_native;D17_V_indoorYT_panrot_0001.mp4;False;0.638889;0.578947;0.525
WHATSAPP_native;youtube_native;D17_V_indoorYT_still_0001.mp4;False;0.638889;0.578947;0.525
WHATSAPP_native;original_native;D17_V_outdoor_panrot_0001.mp4;False;0.473684;0.414634;0.372093
WHATSAPP_native;original_native;D17_V_outdoor_still_0001.mp4;False;0.473684;0.414634;0.372093
WHATSAPP_native;whatsapp_native;D17_V_outdoorWA_panrot_0001.mp4;True;1.0;1.0;1.0
WHATSAPP_native;whatsapp_native;D17_V_outdoorWA_still_0001.mp4;True;1.0;1.0;1.0
WHATSAPP_native;youtube_native;D17_V_outdoorYT_panrot_0001.mp4;False;0.638889;0.578947;0.525
WHATSAPP_native;youtube_native;D17_V_outdoorYT_still_0001.mp4;False;0.638889;0.578947;0.525
WHATSAPP_native;original_native;D18_V_flat_move_0002.mov;False;0.5;0.433962;0.363636
WHATSAPP_native;original_native;D18_V_flat_panrot_0001.mov;False;0.5;0.433962;0.363636
WHATSAPP_native;original_native;D18_V_flat_still_0001.mov;False;0.5;0.433962;0.363636
WHATSAPP_native;original_native;D18_V_flat_still_0002.mov;False;0.5;0.433962;0.363636
WHATSAPP_native;whatsapp_native;D18_V_flatWA_move_0002.mp4;True;1.0;1.0;1.0
WHATSAPP_native;whatsapp_native;D18_V_flatWA_panrot_0001.mp4;True;1.0;1.0;1.0
WHATSAPP_native;whatsapp_native;D18_V_flatWA_still_0001.mp4;True;1.0;1.0;1.0
WHATSAPP_native;whatsapp_native;D18_V_flatWA_still_0002.mp4;True;1.0;1.0;1.0
WHATSAPP_native;youtube_native;D18_V_flatYT_move_0002.mp4;False;0.638889;0.578947;0.525
WHATSAPP_native;youtube_native;D18_V_flatYT_panrot_0001.mp4;False;0.638889;0.578947;0.525
WHATSAPP_native;youtube_native;D18_V_flatYT_still_0001.mp4;False;0.638889;0.578947;0.525
WHATSAPP_native;youtube_native;D18_V_flatYT_still_0002.mp4;False;0.638889;0.578947;0.525
WHATSAPP_native;original_native;D18_V_indoor_panrot_0001.mov;False;0.5;0.433962;0.363636
WHATSAPP_native;original_native;D18_V_indoor_still_0001.mov;False;0.5;0.433962;0.363636
WHATSAPP_native;original_native;D18_V_indoor_still_0002.mov;False;0.5;0.433962;0.363636
WHATSAPP_native;whatsapp_native;D18_V_indoorWA_panrot_0001.mp4;True;1.0;1.0;1.0
WHATSAPP_native;whatsapp_native;D18_V_indoorWA_still_0001.mp4;True;1.0;1.0;1.0
WHATSAPP_native;whatsapp_native;D18_V_indoorWA_still_0002.mp4;True;1.0;1.0;1.0
WHATSAPP_native;youtube_native;D18_V_indoorYT_panrot_0001.mp4;False;0.638889;0.578947;0.525
WHATSAPP_native;youtube_native;D18_V_indoorYT_still_0001.mp4;False;0.638889;0.578947;0.525
WHATSAPP_native;youtube_native;D18_V_indoorYT_still_0002.mp4;False;0.638889;0.578947;0.525
WHATSAPP_native;original_native;D18_V_outdoor_panrot_0001.mov;False;0.5;0.433962;0.363636
WHATSAPP_native;original_native;D18_V_outdoor_still_0001.mov;False;0.5;0.433962;0.363636
WHATSAPP_native;original_native;D18_V_outdoor_still_0002.mov;False;0.5;0.433962;0.363636
WHATSAPP_native;whatsapp_native;D18_V_outdoorWA_panrot_0001.mp4;True;1.0;1.0;1.0
WHATSAPP_native;whatsapp_native;D18_V_outdoorWA_still_0001.mp4;True;1.0;1.0;1.0
WHATSAPP_native;whatsapp_native;D18_V_outdoorWA_still_0002.mp4;True;1.0;1.0;1.0
WHATSAPP_native;youtube_native;D18_V_outdoorYT_panrot_0001.mp4;False;0.638889;0.578947;0.525
WHATSAPP_native;youtube_native;D18_V_outdoorYT_still_0001.mp4;False;0.638889;0.578947;0.525
WHATSAPP_native;youtube_native;D18_V_outdoorYT_still_0002.mp4;False;0.638889;0.578947;0.525
WHATSAPP_native;original_native;D19_V_flat_move_0003.mov;False;0.490196;0.403509;0.322581
WHATSAPP_native;original_native;D19_V_flat_panrot_0001.mov;False;0.490196;0.403509;0.322581
WHATSAPP_native;original_native;D19_V_flat_panrot_0002.mov;False;0.490196;0.403509;0.322581
WHATSAPP_native;original_native;D19_V_flat_still_0001.mov;False;0.490196;0.403509;0.322581
WHATSAPP_native;original_native;D19_V_flat_still_0002.mov;False;0.490196;0.403509;0.322581
WHATSAPP_native;whatsapp_native;D19_V_flatWA_move_0003.mp4;True;1.0;1.0;1.0
WHATSAPP_native;whatsapp_native;D19_V_flatWA_panrot_0001.mp4;True;1.0;1.0;1.0
WHATSAPP_native;whatsapp_native;D19_V_flatWA_panrot_0002.mp4;True;1.0;1.0;1.0
WHATSAPP_native;whatsapp_native;D19_V_flatWA_still_0001.mp4;True;1.0;1.0;1.0
WHATSAPP_native;whatsapp_native;D19_V_flatWA_still_0002.mp4;True;1.0;1.0;1.0
WHATSAPP_native;youtube_native;D19_V_flatYT_move_0003.mp4;False;0.638889;0.578947;0.525
WHATSAPP_native;youtube_native;D19_V_flatYT_panrot_0001.mp4;False;0.638889;0.578947;0.525
WHATSAPP_native;youtube_native;D19_V_flatYT_panrot_0002.mp4;False;0.638889;0.578947;0.525
WHATSAPP_native;youtube_native;D19_V_flatYT_still_0001.mp4;False;0.638889;0.578947;0.525
WHATSAPP_native;youtube_native;D19_V_flatYT_still_0002.mp4;False;0.638889;0.578947;0.525
WHATSAPP_native;original_native;D19_V_indoor_move_0002.mov;False;0.490196;0.403509;0.322581
WHATSAPP_native;original_native;D19_V_indoor_panrot_0001.mov;False;0.490196;0.403509;0.322581
WHATSAPP_native;original_native;D19_V_indoor_panrot_0002.mov;False;0.490196;0.403509;0.322581
WHATSAPP_native;original_native;D19_V_indoor_still_0001.mov;False;0.490196;0.403509;0.322581
WHATSAPP_native;original_native;D19_V_indoor_still_0002.mov;False;0.490196;0.403509;0.322581
WHATSAPP_native;whatsapp_native;D19_V_indoorWA_move_0002.mp4;True;1.0;1.0;1.0
WHATSAPP_native;whatsapp_native;D19_V_indoorWA_panrot_0001.mp4;True;1.0;1.0;1.0
WHATSAPP_native;whatsapp_native;D19_V_indoorWA_panrot_0002.mp4;True;1.0;1.0;1.0
WHATSAPP_native;whatsapp_native;D19_V_indoorWA_still_0001.mp4;True;1.0;1.0;1.0
WHATSAPP_native;whatsapp_native;D19_V_indoorWA_still_0002.mp4;True;1.0;1.0;1.0
WHATSAPP_native;youtube_native;D19_V_indoorYT_move_0002.mp4;False;0.638889;0.578947;0.525
WHATSAPP_native;youtube_native;D19_V_indoorYT_panrot_0001.mp4;False;0.638889;0.578947;0.525
WHATSAPP_native;youtube_native;D19_V_indoorYT_panrot_0002.mp4;False;0.638889;0.578947;0.525
WHATSAPP_native;youtube_native;D19_V_indoorYT_still_0001.mp4;False;0.638889;0.578947;0.525
WHATSAPP_native;youtube_native;D19_V_indoorYT_still_0002.mp4;False;0.638889;0.578947;0.525
WHATSAPP_native;original_native;D19_V_outdoor_move_0002.mov;False;0.490196;0.403509;0.322581
WHATSAPP_native;original_native;D19_V_outdoor_panrot_0001.mov;False;0.490196;0.403509;0.322581
WHATSAPP_native;original_native;D19_V_outdoor_panrot_0002.mov;False;0.490196;0.403509;0.322581
WHATSAPP_native;original_native;D19_V_outdoor_still_0001.mov;False;0.490196;0.403509;0.322581
WHATSAPP_native;original_native;D19_V_outdoor_still_0002.mov;False;0.490196;0.403509;0.322581
WHATSAPP_native;whatsapp_native;D19_V_outdoorWA_move_0002.mp4;True;1.0;1.0;1.0
WHATSAPP_native;whatsapp_native;D19_V_outdoorWA_panrot_0001.mp4;True;1.0;1.0;1.0
WHATSAPP_native;whatsapp_native;D19_V_outdoorWA_panrot_0002.mp4;True;1.0;1.0;1.0
WHATSAPP_native;whatsapp_native;D19_V_outdoorWA_still_0001.mp4;True;1.0;1.0;1.0
WHATSAPP_native;whatsapp_native;D19_V_outdoorWA_still_0002.mp4;True;1.0;1.0;1.0
WHATSAPP_native;youtube_native;D19_V_outdoorYT_move_0002.mp4;False;0.638889;0.578947;0.525
WHATSAPP_native;youtube_native;D19_V_outdoorYT_panrot_0001.mp4;False;0.638889;0.578947;0.525
WHATSAPP_native;youtube_native;D19_V_outdoorYT_panrot_0002.mp4;False;0.638889;0.578947;0.525
WHATSAPP_native;youtube_native;D19_V_outdoorYT_still_0001.mp4;False;0.638889;0.578947;0.525
WHATSAPP_native;youtube_native;D19_V_outdoorYT_still_0002.mp4;False;0.638889;0.578947;0.525
WHATSAPP_native;original_native;D20_V_flat_move_0002.mov;False;0.5;0.433962;0.363636
WHATSAPP_native;original_native;D20_V_flat_panrot_0001.mov;False;0.5;0.433962;0.363636
WHATSAPP_native;original_native;D20_V_flat_still_0001.mov;False;0.5;0.433962;0.363636
WHATSAPP_native;whatsapp_native;D20_V_flatWA_move_0002.mp4;True;1.0;1.0;1.0
WHATSAPP_native;whatsapp_native;D20_V_flatWA_panrot_0001.mp4;True;1.0;1.0;1.0
WHATSAPP_native;whatsapp_native;D20_V_flatWA_still_0001.mp4;True;1.0;1.0;1.0
WHATSAPP_native;youtube_native;D20_V_flatYT_move_0002.mp4;False;0.638889;0.578947;0.525
WHATSAPP_native;youtube_native;D20_V_flatYT_panrot_0001.mp4;False;0.638889;0.578947;0.525
WHATSAPP_native;youtube_native;D20_V_flatYT_still_0001.mp4;False;0.638889;0.578947;0.525
WHATSAPP_native;original_native;D20_V_indoor_move_0002.mov;False;0.510204;0.442308;0.37037
WHATSAPP_native;original_native;D20_V_indoor_panrot_0001.mov;False;0.510204;0.442308;0.37037
WHATSAPP_native;original_native;D20_V_indoor_panrot_0002.mov;False;0.510204;0.442308;0.37037
WHATSAPP_native;original_native;D20_V_indoor_still_0001.mov;False;0.510204;0.442308;0.37037
WHATSAPP_native;original_native;D20_V_indoor_still_0002.mov;False;0.510204;0.442308;0.37037
WHATSAPP_native;whatsapp_native;D20_V_indoorWA_move_0002.mp4;True;1.0;1.0;1.0
WHATSAPP_native;whatsapp_native;D20_V_indoorWA_panrot_0001.mp4;True;1.0;1.0;1.0
WHATSAPP_native;whatsapp_native;D20_V_indoorWA_panrot_0002.mp4;True;1.0;1.0;1.0
WHATSAPP_native;whatsapp_native;D20_V_indoorWA_still_0001.mp4;True;1.0;1.0;1.0
WHATSAPP_native;whatsapp_native;D20_V_indoorWA_still_0002.mp4;True;1.0;1.0;1.0
WHATSAPP_native;youtube_native;D20_V_indoorYT_move_0002.mp4;False;0.638889;0.578947;0.525
WHATSAPP_native;youtube_native;D20_V_indoorYT_panrot_0001.mp4;False;0.638889;0.578947;0.525
WHATSAPP_native;youtube_native;D20_V_indoorYT_panrot_0002.mp4;False;0.638889;0.578947;0.525
WHATSAPP_native;youtube_native;D20_V_indoorYT_still_0001.mp4;False;0.638889;0.578947;0.525
WHATSAPP_native;youtube_native;D20_V_indoorYT_still_0002.mp4;False;0.638889;0.578947;0.525
WHATSAPP_native;original_native;D20_V_outdoor_move_0002.mov;False;0.510204;0.442308;0.37037
WHATSAPP_native;original_native;D20_V_outdoor_panrot_0001.mov;False;0.5;0.433962;0.363636
WHATSAPP_native;original_native;D20_V_outdoor_panrot_0002.mov;False;0.510204;0.442308;0.37037
WHATSAPP_native;original_native;D20_V_outdoor_still_0001.mov;False;0.5;0.433962;0.363636
WHATSAPP_native;original_native;D20_V_outdoor_still_0002.mov;False;0.510204;0.442308;0.37037
WHATSAPP_native;whatsapp_native;D20_V_outdoorWA_move_0002.mp4;True;1.0;1.0;1.0
WHATSAPP_native;whatsapp_native;D20_V_outdoorWA_panrot_0001.mp4;True;1.0;1.0;1.0
WHATSAPP_native;whatsapp_native;D20_V_outdoorWA_panrot_0002.mp4;True;1.0;1.0;1.0
WHATSAPP_native;whatsapp_native;D20_V_outdoorWA_still_0001.mp4;True;1.0;1.0;1.0
WHATSAPP_native;whatsapp_native;D20_V_outdoorWA_still_0002.mp4;True;1.0;1.0;1.0
WHATSAPP_native;youtube_native;D20_V_outdoorYT_move_0002.mp4;False;0.638889;0.578947;0.525
WHATSAPP_native;youtube_native;D20_V_outdoorYT_panrot_0001.mp4;False;0.638889;0.578947;0.525
WHATSAPP_native;youtube_native;D20_V_outdoorYT_panrot_0002.mp4;False;0.638889;0.578947;0.525
WHATSAPP_native;youtube_native;D20_V_outdoorYT_still_0001.mp4;False;0.638889;0.578947;0.525
WHATSAPP_native;youtube_native;D20_V_outdoorYT_still_0002.mp4;False;0.638889;0.578947;0.525
WHATSAPP_native;original_native;D21_V_flat_move_0002.mp4;False;0.733333;0.65625;0.558824
WHATSAPP_native;original_native;D21_V_flat_panrot_0001.mp4;False;0.733333;0.65625;0.558824
WHATSAPP_native;original_native;D21_V_flat_still_0001.mp4;False;0.733333;0.65625;0.558824
WHATSAPP_native;whatsapp_native;D21_V_flatWA_move_0002.mp4;True;1.0;1.0;1.0
WHATSAPP_native;whatsapp_native;D21_V_flatWA_still_0001.mp4;True;1.0;1.0;1.0
WHATSAPP_native;youtube_native;D21_V_flatYT_move_0002.mp4;False;0.638889;0.578947;0.525
WHATSAPP_native;youtube_native;D21_V_flatYT_panrot_0001.mp4;False;0.638889;0.578947;0.525
WHATSAPP_native;youtube_native;D21_V_flatYT_still_0001.mp4;False;0.638889;0.578947;0.525
WHATSAPP_native;original_native;D21_V_indoor_panrot_0001.mp4;False;0.733333;0.65625;0.558824
WHATSAPP_native;original_native;D21_V_indoor_still_0001.mp4;False;0.733333;0.65625;0.558824
WHATSAPP_native;whatsapp_native;D21_V_indoorWA_panrot_0001.mp4;True;1.0;1.0;1.0
WHATSAPP_native;whatsapp_native;D21_V_indoorWA_still_0001.mp4;True;1.0;1.0;1.0
WHATSAPP_native;youtube_native;D21_V_indoorYT_panrot_0001.mp4;False;0.638889;0.578947;0.525
WHATSAPP_native;youtube_native;D21_V_indoorYT_still_0001.mp4;False;0.638889;0.578947;0.525
WHATSAPP_native;original_native;D21_V_outdoor_panrot_0001.mp4;False;0.733333;0.65625;0.558824
WHATSAPP_native;original_native;D21_V_outdoor_still_0001.mp4;False;0.733333;0.65625;0.558824
WHATSAPP_native;original_native;D21_V_outdoor_still_0002.mp4;False;0.733333;0.65625;0.558824
WHATSAPP_native;whatsapp_native;D21_V_outdoorWA_panrot_0001.mp4;True;1.0;1.0;1.0
WHATSAPP_native;whatsapp_native;D21_V_outdoorWA_still_0001.mp4;True;1.0;1.0;1.0
WHATSAPP_native;whatsapp_native;D21_V_outdoorWA_still_0002.mp4;True;1.0;1.0;1.0
WHATSAPP_native;youtube_native;D21_V_outdoorYT_panrot_0001.mp4;False;0.638889;0.578947;0.525
WHATSAPP_native;youtube_native;D21_V_outdoorYT_still_0001.mp4;False;0.638889;0.578947;0.525
WHATSAPP_native;youtube_native;D21_V_outdoorYT_still_0002.mp4;False;0.638889;0.578947;0.525
WHATSAPP_native;original_native;D22_V_flat_move_0002.mp4;False;0.612903;0.484848;0.428571
WHATSAPP_native;original_native;D22_V_flat_panrot_0001.mp4;False;0.612903;0.484848;0.428571
WHATSAPP_native;original_native;D22_V_flat_still_0001.mp4;False;0.612903;0.484848;0.428571
WHATSAPP_native;whatsapp_native;D22_V_flatWA_move_0002.mp4;True;1.0;1.0;1.0
WHATSAPP_native;whatsapp_native;D22_V_flatWA_panrot_0001.mp4;True;1.0;1.0;1.0
WHATSAPP_native;whatsapp_native;D22_V_flatWA_still_0001.mp4;True;1.0;1.0;1.0
WHATSAPP_native;youtube_native;D22_V_flatYT_move_0002.mp4;False;0.638889;0.578947;0.525
WHATSAPP_native;youtube_native;D22_V_flatYT_panrot_0001.mp4;False;0.638889;0.578947;0.525
WHATSAPP_native;youtube_native;D22_V_flatYT_still_0001.mp4;False;0.638889;0.578947;0.525
WHATSAPP_native;original_native;D22_V_indoor_move_0002.mp4;False;0.612903;0.484848;0.428571
WHATSAPP_native;original_native;D22_V_indoor_panrot_0001.mp4;False;0.612903;0.484848;0.428571
WHATSAPP_native;original_native;D22_V_indoor_panrot_0002.mp4;False;0.612903;0.484848;0.428571
WHATSAPP_native;original_native;D22_V_indoor_still_0001.mp4;False;0.612903;0.484848;0.428571
WHATSAPP_native;original_native;D22_V_indoor_still_0002.mp4;False;0.612903;0.484848;0.428571
WHATSAPP_native;whatsapp_native;D22_V_indoorWA_panrot_0001.mp4;True;1.0;1.0;1.0
WHATSAPP_native;whatsapp_native;D22_V_indoorWA_panrot_0002.mp4;True;1.0;1.0;1.0
WHATSAPP_native;whatsapp_native;D22_V_indoorWA_still_0001.mp4;True;1.0;1.0;1.0
WHATSAPP_native;whatsapp_native;D22_V_indoorWA_still_0002.mp4;True;1.0;1.0;1.0
WHATSAPP_native;youtube_native;D22_V_indoorYT_move_0002.mp4;False;0.638889;0.578947;0.525
WHATSAPP_native;youtube_native;D22_V_indoorYT_panrot_0001.mp4;False;0.638889;0.578947;0.525
WHATSAPP_native;youtube_native;D22_V_indoorYT_panrot_0002.mp4;False;0.638889;0.578947;0.525
WHATSAPP_native;youtube_native;D22_V_indoorYT_still_0001.mp4;False;0.638889;0.578947;0.525
WHATSAPP_native;youtube_native;D22_V_indoorYT_still_0002.mp4;False;0.638889;0.578947;0.525
WHATSAPP_native;original_native;D22_V_outdoor_move_0002.mp4;False;0.612903;0.484848;0.428571
WHATSAPP_native;original_native;D22_V_outdoor_panrot_0001.mp4;False;0.612903;0.484848;0.428571
WHATSAPP_native;original_native;D22_V_outdoor_panrot_0002.mp4;False;0.612903;0.484848;0.428571
WHATSAPP_native;original_native;D22_V_outdoor_still_0001.mp4;False;0.612903;0.484848;0.428571
WHATSAPP_native;original_native;D22_V_outdoor_still_0002.mp4;False;0.612903;0.484848;0.428571
WHATSAPP_native;whatsapp_native;D22_V_outdoorWA_move_0002.mp4;True;1.0;1.0;1.0
WHATSAPP_native;whatsapp_native;D22_V_outdoorWA_panrot_0001.mp4;True;1.0;1.0;1.0
WHATSAPP_native;whatsapp_native;D22_V_outdoorWA_panrot_0002.mp4;True;1.0;1.0;1.0
WHATSAPP_native;whatsapp_native;D22_V_outdoorWA_still_0001.mp4;True;1.0;1.0;1.0
WHATSAPP_native;whatsapp_native;D22_V_outdoorWA_still_0002.mp4;True;1.0;1.0;1.0
WHATSAPP_native;youtube_native;D22_V_outdoorYT_move_0002.mp4;False;0.638889;0.578947;0.525
WHATSAPP_native;youtube_native;D22_V_outdoorYT_panrot_0001.mp4;False;0.638889;0.578947;0.525
WHATSAPP_native;youtube_native;D22_V_outdoorYT_panrot_0002.mp4;False;0.638889;0.578947;0.525
WHATSAPP_native;youtube_native;D22_V_outdoorYT_still_0001.mp4;False;0.638889;0.578947;0.525
WHATSAPP_native;youtube_native;D22_V_outdoorYT_still_0002.mp4;False;0.638889;0.578947;0.525
WHATSAPP_native;original_native;D23_V_flat_move_0002.mp4;False;0.617647;0.527778;0.473684
WHATSAPP_native;original_native;D23_V_flat_move_0003.mp4;False;0.617647;0.527778;0.473684
WHATSAPP_native;original_native;D23_V_flat_panrot_0001.mp4;False;0.617647;0.527778;0.473684
WHATSAPP_native;original_native;D23_V_flat_panrot_0002.mp4;False;0.617647;0.527778;0.473684
WHATSAPP_native;original_native;D23_V_flat_still_0001.mp4;False;0.617647;0.527778;0.473684
WHATSAPP_native;original_native;D23_V_flat_still_0002.mp4;False;0.617647;0.527778;0.473684
WHATSAPP_native;whatsapp_native;D23_V_flatWA_move_0002.mp4;True;1.0;1.0;1.0
WHATSAPP_native;whatsapp_native;D23_V_flatWA_move_0003.mp4;True;1.0;1.0;1.0
WHATSAPP_native;whatsapp_native;D23_V_flatWA_panrot_0001.mp4;True;1.0;1.0;1.0
WHATSAPP_native;whatsapp_native;D23_V_flatWA_panrot_0002.mp4;True;1.0;1.0;1.0
WHATSAPP_native;whatsapp_native;D23_V_flatWA_still_0001.mp4;True;1.0;1.0;1.0
WHATSAPP_native;whatsapp_native;D23_V_flatWA_still_0002.mp4;True;1.0;1.0;1.0
WHATSAPP_native;youtube_native;D23_V_flatYT_move_0002.mp4;False;0.638889;0.578947;0.525
WHATSAPP_native;youtube_native;D23_V_flatYT_move_0003.mp4;False;0.638889;0.578947;0.525
WHATSAPP_native;youtube_native;D23_V_flatYT_panrot_0001.mp4;False;0.638889;0.578947;0.525
WHATSAPP_native;youtube_native;D23_V_flatYT_panrot_0002.mp4;False;0.638889;0.578947;0.525
WHATSAPP_native;youtube_native;D23_V_flatYT_still_0001.mp4;False;0.638889;0.578947;0.525
WHATSAPP_native;youtube_native;D23_V_flatYT_still_0002.mp4;False;0.638889;0.578947;0.525
WHATSAPP_native;original_native;D23_V_indoor_move_0002.mp4;False;0.617647;0.527778;0.473684
WHATSAPP_native;original_native;D23_V_indoor_panrot_0001.mp4;False;0.617647;0.527778;0.473684
WHATSAPP_native;original_native;D23_V_indoor_panrot_0002.mp4;False;0.617647;0.527778;0.473684
WHATSAPP_native;original_native;D23_V_indoor_still_0001.mp4;False;0.617647;0.527778;0.473684
WHATSAPP_native;original_native;D23_V_indoor_still_0002.mp4;False;0.617647;0.527778;0.473684
WHATSAPP_native;whatsapp_native;D23_V_indoorWA_move_0002.mp4;True;1.0;1.0;1.0
WHATSAPP_native;whatsapp_native;D23_V_indoorWA_panrot_0001.mp4;True;1.0;1.0;1.0
WHATSAPP_native;whatsapp_native;D23_V_indoorWA_panrot_0002.mp4;True;1.0;1.0;1.0
WHATSAPP_native;whatsapp_native;D23_V_indoorWA_still_0001.mp4;True;1.0;1.0;1.0
WHATSAPP_native;whatsapp_native;D23_V_indoorWA_still_0002.mp4;True;1.0;1.0;1.0
WHATSAPP_native;youtube_native;D23_V_indoorYT_move_0002.mp4;False;0.638889;0.578947;0.525
WHATSAPP_native;youtube_native;D23_V_indoorYT_panrot_0001.mp4;False;0.638889;0.578947;0.525
WHATSAPP_native;youtube_native;D23_V_indoorYT_panrot_0002.mp4;False;0.638889;0.578947;0.525
WHATSAPP_native;youtube_native;D23_V_indoorYT_still_0001.mp4;False;0.638889;0.578947;0.525
WHATSAPP_native;youtube_native;D23_V_indoorYT_still_0002.mp4;False;0.638889;0.578947;0.525
WHATSAPP_native;original_native;D23_V_outdoor_move_0002.mp4;False;0.617647;0.527778;0.473684
WHATSAPP_native;original_native;D23_V_outdoor_panrot_0001.mp4;False;0.617647;0.527778;0.473684
WHATSAPP_native;original_native;D23_V_outdoor_panrot_0002.mp4;False;0.617647;0.527778;0.473684
WHATSAPP_native;original_native;D23_V_outdoor_still_0001.mp4;False;0.617647;0.527778;0.473684
WHATSAPP_native;original_native;D23_V_outdoor_still_0002.mp4;False;0.617647;0.527778;0.473684
WHATSAPP_native;whatsapp_native;D23_V_outdoorWA_move_0002.mp4;True;1.0;1.0;1.0
WHATSAPP_native;whatsapp_native;D23_V_outdoorWA_panrot_0001.mp4;True;1.0;1.0;1.0
WHATSAPP_native;whatsapp_native;D23_V_outdoorWA_panrot_0002.mp4;True;1.0;1.0;1.0
WHATSAPP_native;whatsapp_native;D23_V_outdoorWA_still_0001.mp4;True;1.0;1.0;1.0
WHATSAPP_native;whatsapp_native;D23_V_outdoorWA_still_0002.mp4;True;1.0;1.0;1.0
WHATSAPP_native;youtube_native;D23_V_outdoorYT_move_0002.mp4;False;0.638889;0.578947;0.525
WHATSAPP_native;youtube_native;D23_V_outdoorYT_panrot_0001.mp4;False;0.638889;0.578947;0.525
WHATSAPP_native;youtube_native;D23_V_outdoorYT_panrot_0002.mp4;False;0.638889;0.578947;0.525
WHATSAPP_native;youtube_native;D23_V_outdoorYT_still_0001.mp4;False;0.638889;0.578947;0.525
WHATSAPP_native;youtube_native;D23_V_outdoorYT_still_0002.mp4;False;0.638889;0.578947;0.525
WHATSAPP_native;original_native;D24_V_flat_move_0002.mp4;False;0.617647;0.527778;0.473684
WHATSAPP_native;original_native;D24_V_flat_move_0003.mp4;False;0.583333;0.5;0.45
WHATSAPP_native;original_native;D24_V_flat_panrot_0001.mp4;False;0.583333;0.5;0.45
WHATSAPP_native;original_native;D24_V_flat_panrot_0002.mp4;False;0.583333;0.5;0.45
WHATSAPP_native;original_native;D24_V_flat_still_0001.mp4;False;0.583333;0.5;0.45
WHATSAPP_native;original_native;D24_V_flat_still_0002.mp4;False;0.617647;0.527778;0.473684
WHATSAPP_native;whatsapp_native;D24_V_flatWA_move_0002.mp4;True;1.0;1.0;1.0
WHATSAPP_native;whatsapp_native;D24_V_flatWA_move_0003.mp4;True;1.0;1.0;1.0
WHATSAPP_native;whatsapp_native;D24_V_flatWA_panrot_0001.mp4;True;1.0;1.0;1.0
WHATSAPP_native;whatsapp_native;D24_V_flatWA_panrot_0002.mp4;True;1.0;1.0;1.0
WHATSAPP_native;whatsapp_native;D24_V_flatWA_still_0001.mp4;True;1.0;1.0;1.0
WHATSAPP_native;whatsapp_native;D24_V_flatWA_still_0002.mp4;True;1.0;1.0;1.0
WHATSAPP_native;youtube_native;D24_V_flatYT_move_0002.mp4;False;0.638889;0.578947;0.525
WHATSAPP_native;youtube_native;D24_V_flatYT_move_0003.mp4;False;0.638889;0.578947;0.525
WHATSAPP_native;youtube_native;D24_V_flatYT_panrot_0001.mp4;False;0.638889;0.578947;0.525
WHATSAPP_native;youtube_native;D24_V_flatYT_panrot_0002.mp4;False;0.638889;0.578947;0.525
WHATSAPP_native;youtube_native;D24_V_flatYT_still_0001.mp4;False;0.638889;0.578947;0.525
WHATSAPP_native;youtube_native;D24_V_flatYT_still_0002.mp4;False;0.638889;0.578947;0.525
WHATSAPP_native;original_native;D24_V_indoor_move_0002.mp4;False;0.617647;0.527778;0.473684
WHATSAPP_native;original_native;D24_V_indoor_panrot_0001.mp4;False;0.617647;0.527778;0.473684
WHATSAPP_native;original_native;D24_V_indoor_panrot_0002.mp4;False;0.617647;0.527778;0.473684
WHATSAPP_native;original_native;D24_V_indoor_still_0001.mp4;False;0.583333;0.5;0.45
WHATSAPP_native;original_native;D24_V_indoor_still_0002.mp4;False;0.617647;0.527778;0.473684
WHATSAPP_native;whatsapp_native;D24_V_indoorWA_move_0002.mp4;True;1.0;1.0;1.0
WHATSAPP_native;whatsapp_native;D24_V_indoorWA_panrot_0001.mp4;True;1.0;1.0;1.0
WHATSAPP_native;whatsapp_native;D24_V_indoorWA_panrot_0002.mp4;True;1.0;1.0;1.0
WHATSAPP_native;whatsapp_native;D24_V_indoorWA_still_0001.mp4;True;1.0;1.0;1.0
WHATSAPP_native;whatsapp_native;D24_V_indoorWA_still_0002.mp4;True;1.0;1.0;1.0
WHATSAPP_native;youtube_native;D24_V_indoorYT_move_0002.mp4;False;0.638889;0.578947;0.525
WHATSAPP_native;youtube_native;D24_V_indoorYT_panrot_0001.mp4;False;0.638889;0.578947;0.525
WHATSAPP_native;youtube_native;D24_V_indoorYT_panrot_0002.mp4;False;0.638889;0.578947;0.525
WHATSAPP_native;youtube_native;D24_V_indoorYT_still_0001.mp4;False;0.638889;0.578947;0.525
WHATSAPP_native;youtube_native;D24_V_indoorYT_still_0002.mp4;False;0.638889;0.578947;0.525
WHATSAPP_native;original_native;D24_V_outdoor_move_0002.mp4;False;0.583333;0.5;0.45
WHATSAPP_native;original_native;D24_V_outdoor_panrot_0001.mp4;False;0.583333;0.5;0.45
WHATSAPP_native;original_native;D24_V_outdoor_panrot_0002.mp4;False;0.583333;0.5;0.45
WHATSAPP_native;original_native;D24_V_outdoor_still_0001.mp4;False;0.583333;0.5;0.45
WHATSAPP_native;original_native;D24_V_outdoor_still_0002.mp4;False;0.583333;0.5;0.45
WHATSAPP_native;whatsapp_native;D24_V_outdoorWA_move_0002.mp4;True;1.0;1.0;1.0
WHATSAPP_native;whatsapp_native;D24_V_outdoorWA_panrot_0001.mp4;True;1.0;1.0;1.0
WHATSAPP_native;whatsapp_native;D24_V_outdoorWA_panrot_0002.mp4;True;1.0;1.0;1.0
WHATSAPP_native;whatsapp_native;D24_V_outdoorWA_still_0001.mp4;True;1.0;1.0;1.0
WHATSAPP_native;whatsapp_native;D24_V_outdoorWA_still_0002.mp4;True;1.0;1.0;1.0
WHATSAPP_native;youtube_native;D24_V_outdoorYT_move_0002.mp4;False;0.638889;0.578947;0.525
WHATSAPP_native;youtube_native;D24_V_outdoorYT_panrot_0001.mp4;False;0.638889;0.578947;0.525
WHATSAPP_native;youtube_native;D24_V_outdoorYT_panrot_0002.mp4;False;0.638889;0.578947;0.525
WHATSAPP_native;youtube_native;D24_V_outdoorYT_still_0001.mp4;False;0.638889;0.578947;0.525
WHATSAPP_native;youtube_native;D24_V_outdoorYT_still_0002.mp4;False;0.638889;0.578947;0.525
WHATSAPP_native;original_native;D25_V_flat_move_0002.mp4;False;0.571429;0.459459;0.410256
WHATSAPP_native;original_native;D25_V_flat_move_0003.mp4;False;0.571429;0.459459;0.410256
WHATSAPP_native;original_native;D25_V_flat_panrot_0001.mp4;False;0.571429;0.459459;0.410256
WHATSAPP_native;original_native;D25_V_flat_panrot_0002.mp4;False;0.571429;0.459459;0.410256
WHATSAPP_native;original_native;D25_V_flat_still_0001.mp4;False;0.571429;0.459459;0.410256
WHATSAPP_native;original_native;D25_V_flat_still_0002.mp4;False;0.571429;0.459459;0.410256
WHATSAPP_native;whatsapp_native;D25_V_flatWA_move_0002.mp4;True;1.0;1.0;1.0
WHATSAPP_native;whatsapp_native;D25_V_flatWA_move_0003.mp4;True;1.0;1.0;1.0
WHATSAPP_native;whatsapp_native;D25_V_flatWA_panrot_0001.mp4;True;1.0;1.0;1.0
WHATSAPP_native;whatsapp_native;D25_V_flatWA_panrot_0002.mp4;True;1.0;1.0;1.0
WHATSAPP_native;whatsapp_native;D25_V_flatWA_still_0001.mp4;True;1.0;1.0;1.0
WHATSAPP_native;whatsapp_native;D25_V_flatWA_still_0002.mp4;True;1.0;1.0;1.0
WHATSAPP_native;youtube_native;D25_V_flatYT_move_0002.mp4;False;0.638889;0.578947;0.525
WHATSAPP_native;youtube_native;D25_V_flatYT_move_0003.mp4;False;0.638889;0.578947;0.525
WHATSAPP_native;youtube_native;D25_V_flatYT_panrot_0001.mp4;False;0.638889;0.578947;0.525
WHATSAPP_native;youtube_native;D25_V_flatYT_panrot_0002.mp4;False;0.638889;0.578947;0.525
WHATSAPP_native;youtube_native;D25_V_flatYT_still_0001.mp4;False;0.638889;0.578947;0.525
WHATSAPP_native;youtube_native;D25_V_flatYT_still_0002.mp4;False;0.638889;0.578947;0.525
WHATSAPP_native;original_native;D25_V_indoor_move_0002.mp4;False;0.571429;0.459459;0.410256
WHATSAPP_native;original_native;D25_V_indoor_panrot_0001.mp4;False;0.571429;0.459459;0.410256
WHATSAPP_native;original_native;D25_V_indoor_panrot_0002.mp4;False;0.571429;0.459459;0.410256
WHATSAPP_native;original_native;D25_V_indoor_still_0001.mp4;False;0.571429;0.459459;0.410256
WHATSAPP_native;original_native;D25_V_indoor_still_0002.mp4;False;0.571429;0.459459;0.410256
WHATSAPP_native;whatsapp_native;D25_V_indoorWA_move_0002.mp4;True;1.0;1.0;1.0
WHATSAPP_native;whatsapp_native;D25_V_indoorWA_panrot_0001.mp4;True;1.0;1.0;1.0
WHATSAPP_native;whatsapp_native;D25_V_indoorWA_panrot_0002.mp4;True;1.0;1.0;1.0
WHATSAPP_native;whatsapp_native;D25_V_indoorWA_still_0001.mp4;True;1.0;1.0;1.0
WHATSAPP_native;whatsapp_native;D25_V_indoorWA_still_0002.mp4;True;1.0;1.0;1.0
WHATSAPP_native;youtube_native;D25_V_indoorYT_move_0002.mp4;False;0.638889;0.578947;0.525
WHATSAPP_native;youtube_native;D25_V_indoorYT_panrot_0001.mp4;False;0.638889;0.578947;0.525
WHATSAPP_native;youtube_native;D25_V_indoorYT_panrot_0002.mp4;False;0.638889;0.578947;0.525
WHATSAPP_native;youtube_native;D25_V_indoorYT_still_0001.mp4;False;0.638889;0.578947;0.525
WHATSAPP_native;youtube_native;D25_V_indoorYT_still_0002.mp4;False;0.638889;0.578947;0.525
WHATSAPP_native;original_native;D25_V_outdoor_move_0002.mp4;False;0.571429;0.459459;0.410256
WHATSAPP_native;original_native;D25_V_outdoor_panrot_0001.mp4;False;0.571429;0.459459;0.410256
WHATSAPP_native;original_native;D25_V_outdoor_panrot_0002.mp4;False;0.571429;0.459459;0.410256
WHATSAPP_native;original_native;D25_V_outdoor_still_0001.mp4;False;0.571429;0.459459;0.410256
WHATSAPP_native;original_native;D25_V_outdoor_still_0002.mp4;False;0.571429;0.459459;0.410256
WHATSAPP_native;whatsapp_native;D25_V_outdoorWA_move_0002.mp4;True;1.0;1.0;1.0
WHATSAPP_native;whatsapp_native;D25_V_outdoorWA_panrot_0001.mp4;True;1.0;1.0;1.0
WHATSAPP_native;whatsapp_native;D25_V_outdoorWA_panrot_0002.mp4;True;1.0;1.0;1.0
WHATSAPP_native;whatsapp_native;D25_V_outdoorWA_still_0001.mp4;True;1.0;1.0;1.0
WHATSAPP_native;whatsapp_native;D25_V_outdoorWA_still_0002.mp4;True;1.0;1.0;1.0
WHATSAPP_native;youtube_native;D25_V_outdoorYT_move_0002.mp4;False;0.638889;0.578947;0.525
WHATSAPP_native;youtube_native;D25_V_outdoorYT_panrot_0001.mp4;False;0.638889;0.578947;0.525
WHATSAPP_native;youtube_native;D25_V_outdoorYT_panrot_0002.mp4;False;0.638889;0.578947;0.525
WHATSAPP_native;youtube_native;D25_V_outdoorYT_still_0001.mp4;False;0.638889;0.578947;0.525
WHATSAPP_native;youtube_native;D25_V_outdoorYT_still_0002.mp4;False;0.638889;0.578947;0.525
WHATSAPP_native;original_native;D26_V_flat_move_0002.mp4;False;0.612903;0.484848;0.428571
WHATSAPP_native;original_native;D26_V_flat_panrot_0001.mp4;False;0.612903;0.484848;0.428571
WHATSAPP_native;original_native;D26_V_flat_still_0001.mp4;False;0.612903;0.484848;0.428571
WHATSAPP_native;whatsapp_native;D26_V_flatWA_move_0002.mp4;True;1.0;1.0;1.0
WHATSAPP_native;whatsapp_native;D26_V_flatWA_panrot_0001.mp4;True;1.0;1.0;1.0
WHATSAPP_native;whatsapp_native;D26_V_flatWA_still_0001.mp4;True;1.0;1.0;1.0
WHATSAPP_native;youtube_native;D26_V_flatYT_move_0002.mp4;False;0.638889;0.578947;0.525
WHATSAPP_native;youtube_native;D26_V_flatYT_panrot_0001.mp4;False;0.638889;0.578947;0.525
WHATSAPP_native;youtube_native;D26_V_flatYT_still_0001.mp4;False;0.638889;0.578947;0.525
WHATSAPP_native;original_native;D26_V_indoor_move_0002.mp4;False;0.612903;0.484848;0.428571
WHATSAPP_native;original_native;D26_V_indoor_panrot_0001.mp4;False;0.612903;0.484848;0.428571
WHATSAPP_native;original_native;D26_V_indoor_panrot_0002.mp4;False;0.612903;0.484848;0.428571
WHATSAPP_native;original_native;D26_V_indoor_still_0001.mp4;False;0.612903;0.484848;0.428571
WHATSAPP_native;original_native;D26_V_indoor_still_0002.mp4;False;0.612903;0.484848;0.428571
WHATSAPP_native;whatsapp_native;D26_V_indoorWA_move_0002.mp4;True;1.0;1.0;1.0
WHATSAPP_native;whatsapp_native;D26_V_indoorWA_panrot_0001.mp4;True;1.0;1.0;1.0
WHATSAPP_native;whatsapp_native;D26_V_indoorWA_panrot_0002.mp4;True;1.0;1.0;1.0
WHATSAPP_native;whatsapp_native;D26_V_indoorWA_still_0001.mp4;True;1.0;1.0;1.0
WHATSAPP_native;whatsapp_native;D26_V_indoorWA_still_0002.mp4;True;1.0;1.0;1.0
WHATSAPP_native;youtube_native;D26_V_indoorYT_move_0002.mp4;False;0.638889;0.578947;0.525
WHATSAPP_native;youtube_native;D26_V_indoorYT_panrot_0001.mp4;False;0.638889;0.578947;0.525
WHATSAPP_native;youtube_native;D26_V_indoorYT_panrot_0002.mp4;False;0.638889;0.578947;0.525
WHATSAPP_native;youtube_native;D26_V_indoorYT_still_0001.mp4;False;0.638889;0.578947;0.525
WHATSAPP_native;youtube_native;D26_V_indoorYT_still_0002.mp4;False;0.638889;0.578947;0.525
WHATSAPP_native;original_native;D26_V_outdoor_move_0002.mp4;False;0.612903;0.484848;0.428571
WHATSAPP_native;original_native;D26_V_outdoor_panrot_0001.mp4;False;0.612903;0.484848;0.428571
WHATSAPP_native;original_native;D26_V_outdoor_panrot_0002.mp4;False;0.612903;0.484848;0.428571
WHATSAPP_native;original_native;D26_V_outdoor_still_0001.mp4;False;0.612903;0.484848;0.428571
WHATSAPP_native;original_native;D26_V_outdoor_still_0002.mp4;False;0.612903;0.484848;0.428571
WHATSAPP_native;whatsapp_native;D26_V_outdoorWA_move_0002.mp4;True;1.0;1.0;1.0
WHATSAPP_native;whatsapp_native;D26_V_outdoorWA_panrot_0001.mp4;True;1.0;1.0;1.0
WHATSAPP_native;whatsapp_native;D26_V_outdoorWA_panrot_0002.mp4;True;1.0;1.0;1.0
WHATSAPP_native;whatsapp_native;D26_V_outdoorWA_still_0001.mp4;True;1.0;1.0;1.0
WHATSAPP_native;whatsapp_native;D26_V_outdoorWA_still_0002.mp4;True;1.0;1.0;1.0
WHATSAPP_native;youtube_native;D26_V_outdoorYT_move_0002.mp4;False;0.638889;0.578947;0.525
WHATSAPP_native;youtube_native;D26_V_outdoorYT_panrot_0001.mp4;False;0.638889;0.578947;0.525
WHATSAPP_native;youtube_native;D26_V_outdoorYT_panrot_0002.mp4;False;0.638889;0.578947;0.525
WHATSAPP_native;youtube_native;D26_V_outdoorYT_still_0001.mp4;False;0.638889;0.578947;0.525
WHATSAPP_native;youtube_native;D26_V_outdoorYT_still_0002.mp4;False;0.638889;0.578947;0.525
WHATSAPP_native;original_native;D27_V_flat_move_0002.mp4;False;0.527778;0.421053;0.375
WHATSAPP_native;original_native;D27_V_flat_move_0003.mp4;False;0.527778;0.421053;0.375
WHATSAPP_native;original_native;D27_V_flat_panrot_0001.mp4;False;0.527778;0.421053;0.375
WHATSAPP_native;original_native;D27_V_flat_panrot_0002.mp4;False;0.527778;0.421053;0.375
WHATSAPP_native;original_native;D27_V_flat_still_0001.mp4;False;0.527778;0.421053;0.375
WHATSAPP_native;original_native;D27_V_flat_still_0002.mp4;False;0.527778;0.421053;0.375
WHATSAPP_native;whatsapp_native;D27_V_flatWA_move_0002.mp4;True;1.0;1.0;1.0
WHATSAPP_native;whatsapp_native;D27_V_flatWA_move_0003.mp4;True;1.0;1.0;1.0
WHATSAPP_native;whatsapp_native;D27_V_flatWA_panrot_0001.mp4;True;1.0;1.0;1.0
WHATSAPP_native;whatsapp_native;D27_V_flatWA_panrot_0002.mp4;True;1.0;1.0;1.0
WHATSAPP_native;whatsapp_native;D27_V_flatWA_still_0001.mp4;True;1.0;1.0;1.0
WHATSAPP_native;whatsapp_native;D27_V_flatWA_still_0002.mp4;True;1.0;1.0;1.0
WHATSAPP_native;youtube_native;D27_V_flatYT_move_0002.mp4;False;0.638889;0.578947;0.525
WHATSAPP_native;youtube_native;D27_V_flatYT_move_0003.mp4;False;0.638889;0.578947;0.525
WHATSAPP_native;youtube_native;D27_V_flatYT_panrot_0001.mp4;False;0.638889;0.578947;0.525
WHATSAPP_native;youtube_native;D27_V_flatYT_panrot_0002.mp4;False;0.638889;0.578947;0.525
WHATSAPP_native;youtube_native;D27_V_flatYT_still_0001.mp4;False;0.638889;0.578947;0.525
WHATSAPP_native;youtube_native;D27_V_flatYT_still_0002.mp4;False;0.638889;0.578947;0.525
WHATSAPP_native;original_native;D27_V_indoor_move_0002.mp4;False;0.527778;0.421053;0.375
WHATSAPP_native;original_native;D27_V_indoor_panrot_0001.mp4;False;0.527778;0.421053;0.375
WHATSAPP_native;original_native;D27_V_indoor_panrot_0002.mp4;False;0.527778;0.421053;0.375
WHATSAPP_native;original_native;D27_V_indoor_still_0001.mp4;False;0.527778;0.421053;0.375
WHATSAPP_native;original_native;D27_V_indoor_still_0002.mp4;False;0.527778;0.421053;0.375
WHATSAPP_native;whatsapp_native;D27_V_indoorWA_move_0002.mp4;True;1.0;1.0;1.0
WHATSAPP_native;whatsapp_native;D27_V_indoorWA_panrot_0001.mp4;True;1.0;1.0;1.0
WHATSAPP_native;whatsapp_native;D27_V_indoorWA_panrot_0002.mp4;True;1.0;1.0;1.0
WHATSAPP_native;whatsapp_native;D27_V_indoorWA_still_0001.mp4;True;1.0;1.0;1.0
WHATSAPP_native;whatsapp_native;D27_V_indoorWA_still_0002.mp4;True;1.0;1.0;1.0
WHATSAPP_native;youtube_native;D27_V_indoorYT_move_0002.mp4;False;0.638889;0.578947;0.525
WHATSAPP_native;youtube_native;D27_V_indoorYT_panrot_0001.mp4;False;0.638889;0.578947;0.525
WHATSAPP_native;youtube_native;D27_V_indoorYT_panrot_0002.mp4;False;0.638889;0.578947;0.525
WHATSAPP_native;youtube_native;D27_V_indoorYT_still_0001.mp4;False;0.638889;0.578947;0.525
WHATSAPP_native;youtube_native;D27_V_indoorYT_still_0002.mp4;False;0.638889;0.578947;0.525
WHATSAPP_native;original_native;D27_V_outdoor_move_0002.mp4;False;0.527778;0.421053;0.375
WHATSAPP_native;original_native;D27_V_outdoor_panrot_0001.mp4;False;0.527778;0.421053;0.375
WHATSAPP_native;original_native;D27_V_outdoor_panrot_0002.mp4;False;0.527778;0.421053;0.375
WHATSAPP_native;original_native;D27_V_outdoor_still_0001.mp4;False;0.527778;0.421053;0.375
WHATSAPP_native;original_native;D27_V_outdoor_still_0002.mp4;False;0.527778;0.421053;0.375
WHATSAPP_native;whatsapp_native;D27_V_outdoorWA_move_0002.mp4;True;1.0;1.0;1.0
WHATSAPP_native;whatsapp_native;D27_V_outdoorWA_panrot_0001.mp4;True;1.0;1.0;1.0
WHATSAPP_native;whatsapp_native;D27_V_outdoorWA_panrot_0002.mp4;True;1.0;1.0;1.0
WHATSAPP_native;whatsapp_native;D27_V_outdoorWA_still_0001.mp4;True;1.0;1.0;1.0
WHATSAPP_native;whatsapp_native;D27_V_outdoorWA_still_0002.mp4;True;1.0;1.0;1.0
WHATSAPP_native;youtube_native;D27_V_outdoorYT_move_0002.mp4;False;0.638889;0.578947;0.525
WHATSAPP_native;youtube_native;D27_V_outdoorYT_panrot_0001.mp4;False;0.638889;0.578947;0.525
WHATSAPP_native;youtube_native;D27_V_outdoorYT_panrot_0002.mp4;False;0.638889;0.578947;0.525
WHATSAPP_native;youtube_native;D27_V_outdoorYT_still_0001.mp4;False;0.638889;0.578947;0.525
WHATSAPP_native;youtube_native;D27_V_outdoorYT_still_0002.mp4;False;0.638889;0.578947;0.525
WHATSAPP_native;original_native;D28_V_flat_move_0002.mp4;False;0.617647;0.527778;0.473684
WHATSAPP_native;original_native;D28_V_flat_move_0003.mp4;False;0.617647;0.527778;0.473684
WHATSAPP_native;original_native;D28_V_flat_panrot_0001.mp4;False;0.617647;0.527778;0.473684
WHATSAPP_native;original_native;D28_V_flat_panrot_0002.mp4;False;0.617647;0.527778;0.473684
WHATSAPP_native;original_native;D28_V_flat_still_0001.mp4;False;0.617647;0.527778;0.473684
WHATSAPP_native;original_native;D28_V_flat_still_0002.mp4;False;0.617647;0.527778;0.473684
WHATSAPP_native;whatsapp_native;D28_V_flatWA_move_0002.mp4;True;1.0;1.0;1.0
WHATSAPP_native;whatsapp_native;D28_V_flatWA_move_0003.mp4;True;1.0;1.0;1.0
WHATSAPP_native;whatsapp_native;D28_V_flatWA_panrot_0001.mp4;True;1.0;1.0;1.0
WHATSAPP_native;whatsapp_native;D28_V_flatWA_panrot_0002.mp4;True;1.0;1.0;1.0
WHATSAPP_native;whatsapp_native;D28_V_flatWA_still_0001.mp4;True;1.0;1.0;1.0
WHATSAPP_native;whatsapp_native;D28_V_flatWA_still_0002.mp4;True;1.0;1.0;1.0
WHATSAPP_native;youtube_native;D28_V_flatYT_move_0002.mp4;False;0.638889;0.578947;0.525
WHATSAPP_native;youtube_native;D28_V_flatYT_move_0003.mp4;False;0.638889;0.578947;0.525
WHATSAPP_native;youtube_native;D28_V_flatYT_panrot_0001.mp4;False;0.638889;0.578947;0.525
WHATSAPP_native;youtube_native;D28_V_flatYT_panrot_0002.mp4;False;0.638889;0.578947;0.525
WHATSAPP_native;youtube_native;D28_V_flatYT_still_0001.mp4;False;0.638889;0.578947;0.525
WHATSAPP_native;youtube_native;D28_V_flatYT_still_0002.mp4;False;0.638889;0.578947;0.525
WHATSAPP_native;original_native;D28_V_indoor_move_0002.mp4;False;0.617647;0.527778;0.473684
WHATSAPP_native;original_native;D28_V_indoor_panrot_0001.mp4;False;0.617647;0.527778;0.473684
WHATSAPP_native;original_native;D28_V_indoor_panrot_0002.mp4;False;0.617647;0.527778;0.473684
WHATSAPP_native;original_native;D28_V_indoor_still_0001.mp4;False;0.617647;0.527778;0.473684
WHATSAPP_native;original_native;D28_V_indoor_still_0002.mp4;False;0.617647;0.527778;0.473684
WHATSAPP_native;whatsapp_native;D28_V_indoorWA_move_0002.mp4;True;1.0;1.0;1.0
WHATSAPP_native;whatsapp_native;D28_V_indoorWA_panrot_0001.mp4;True;1.0;1.0;1.0
WHATSAPP_native;whatsapp_native;D28_V_indoorWA_panrot_0002.mp4;True;1.0;1.0;1.0
WHATSAPP_native;whatsapp_native;D28_V_indoorWA_still_0001.mp4;True;1.0;1.0;1.0
WHATSAPP_native;whatsapp_native;D28_V_indoorWA_still_0002.mp4;True;1.0;1.0;1.0
WHATSAPP_native;youtube_native;D28_V_indoorYT_move_0002.mp4;False;0.638889;0.578947;0.525
WHATSAPP_native;youtube_native;D28_V_indoorYT_panrot_0001.mp4;False;0.638889;0.578947;0.525
WHATSAPP_native;youtube_native;D28_V_indoorYT_panrot_0002.mp4;False;0.638889;0.578947;0.525
WHATSAPP_native;youtube_native;D28_V_indoorYT_still_0001.mp4;False;0.638889;0.578947;0.525
WHATSAPP_native;youtube_native;D28_V_indoorYT_still_0002.mp4;False;0.638889;0.578947;0.525
WHATSAPP_native;original_native;D28_V_outdoor_move_0002.mp4;False;0.617647;0.527778;0.473684
WHATSAPP_native;original_native;D28_V_outdoor_panrot_0001.mp4;False;0.617647;0.527778;0.473684
WHATSAPP_native;original_native;D28_V_outdoor_panrot_0002.mp4;False;0.617647;0.527778;0.473684
WHATSAPP_native;original_native;D28_V_outdoor_still_0001.mp4;False;0.617647;0.527778;0.473684
WHATSAPP_native;original_native;D28_V_outdoor_still_0002.mp4;False;0.617647;0.527778;0.473684
WHATSAPP_native;whatsapp_native;D28_V_outdoorWA_move_0002.mp4;True;1.0;1.0;1.0
WHATSAPP_native;whatsapp_native;D28_V_outdoorWA_panrot_0001.mp4;True;1.0;1.0;1.0
WHATSAPP_native;whatsapp_native;D28_V_outdoorWA_panrot_0002.mp4;True;1.0;1.0;1.0
WHATSAPP_native;whatsapp_native;D28_V_outdoorWA_still_0001.mp4;True;1.0;1.0;1.0
WHATSAPP_native;whatsapp_native;D28_V_outdoorWA_still_0002.mp4;True;1.0;1.0;1.0
WHATSAPP_native;youtube_native;D28_V_outdoorYT_move_0002.mp4;False;0.638889;0.578947;0.525
WHATSAPP_native;youtube_native;D28_V_outdoorYT_panrot_0001.mp4;False;0.638889;0.578947;0.525
WHATSAPP_native;youtube_native;D28_V_outdoorYT_panrot_0002.mp4;False;0.638889;0.578947;0.525
WHATSAPP_native;youtube_native;D28_V_outdoorYT_still_0001.mp4;False;0.638889;0.578947;0.525
WHATSAPP_native;youtube_native;D28_V_outdoorYT_still_0002.mp4;False;0.638889;0.578947;0.525
WHATSAPP_native;original_native;D29_V_flat_move_0002.mov;False;0.490196;0.403509;0.322581
WHATSAPP_native;original_native;D29_V_flat_move_0003.mov;False;0.490196;0.403509;0.322581
WHATSAPP_native;original_native;D29_V_flat_panrot_0001.mov;False;0.490196;0.403509;0.322581
WHATSAPP_native;original_native;D29_V_flat_panrot_0002.mov;False;0.490196;0.403509;0.322581
WHATSAPP_native;original_native;D29_V_flat_still_0001.mov;False;0.490196;0.403509;0.322581
WHATSAPP_native;original_native;D29_V_flat_still_0002.mov;False;0.490196;0.403509;0.322581
WHATSAPP_native;whatsapp_native;D29_V_flatWA_move_0002.mp4;True;1.0;1.0;1.0
WHATSAPP_native;whatsapp_native;D29_V_flatWA_move_0003.mp4;True;1.0;1.0;1.0
WHATSAPP_native;whatsapp_native;D29_V_flatWA_panrot_0001.mp4;True;1.0;1.0;1.0
WHATSAPP_native;whatsapp_native;D29_V_flatWA_panrot_0002.mp4;True;1.0;1.0;1.0
WHATSAPP_native;whatsapp_native;D29_V_flatWA_still_0001.mp4;True;1.0;1.0;1.0
WHATSAPP_native;whatsapp_native;D29_V_flatWA_still_0002.mp4;True;1.0;1.0;1.0
WHATSAPP_native;youtube_native;D29_V_flatYT_move_0002.mp4;False;0.638889;0.578947;0.525
WHATSAPP_native;youtube_native;D29_V_flatYT_move_0003.mp4;False;0.638889;0.578947;0.525
WHATSAPP_native;youtube_native;D29_V_flatYT_panrot_0001.mp4;False;0.638889;0.578947;0.525
WHATSAPP_native;youtube_native;D29_V_flatYT_panrot_0002.mp4;False;0.638889;0.578947;0.525
WHATSAPP_native;youtube_native;D29_V_flatYT_still_0001.mp4;False;0.638889;0.578947;0.525
WHATSAPP_native;youtube_native;D29_V_flatYT_still_0002.mp4;False;0.638889;0.578947;0.525
WHATSAPP_native;original_native;D29_V_indoor_move_0002.mov;False;0.490196;0.403509;0.322581
WHATSAPP_native;original_native;D29_V_indoor_panrot_0001.mov;False;0.490196;0.403509;0.322581
WHATSAPP_native;original_native;D29_V_indoor_panrot_0002.mov;False;0.490196;0.403509;0.322581
WHATSAPP_native;original_native;D29_V_indoor_still_0001.mov;False;0.490196;0.403509;0.322581
WHATSAPP_native;original_native;D29_V_indoor_still_0002.mov;False;0.490196;0.403509;0.322581
WHATSAPP_native;whatsapp_native;D29_V_indoorWA_move_0002.mp4;True;1.0;1.0;1.0
WHATSAPP_native;whatsapp_native;D29_V_indoorWA_panrot_0001.mp4;True;1.0;1.0;1.0
WHATSAPP_native;whatsapp_native;D29_V_indoorWA_panrot_0002.mp4;True;1.0;1.0;1.0
WHATSAPP_native;whatsapp_native;D29_V_indoorWA_still_0001.mp4;True;1.0;1.0;1.0
WHATSAPP_native;whatsapp_native;D29_V_indoorWA_still_0002.mp4;True;1.0;1.0;1.0
WHATSAPP_native;youtube_native;D29_V_indoorYT_move_0002.mp4;False;0.638889;0.578947;0.525
WHATSAPP_native;youtube_native;D29_V_indoorYT_panrot_0001.mp4;False;0.638889;0.578947;0.525
WHATSAPP_native;youtube_native;D29_V_indoorYT_panrot_0002.mp4;False;0.638889;0.578947;0.525
WHATSAPP_native;youtube_native;D29_V_indoorYT_still_0001.mp4;False;0.638889;0.578947;0.525
WHATSAPP_native;youtube_native;D29_V_indoorYT_still_0002.mp4;False;0.638889;0.578947;0.525
WHATSAPP_native;original_native;D29_V_outdoor_move_0002.mov;False;0.490196;0.403509;0.322581
WHATSAPP_native;original_native;D29_V_outdoor_panrot_0001.mov;False;0.490196;0.403509;0.322581
WHATSAPP_native;original_native;D29_V_outdoor_panrot_0002.mov;False;0.490196;0.403509;0.322581
WHATSAPP_native;original_native;D29_V_outdoor_still_0001.mov;False;0.490196;0.403509;0.322581
WHATSAPP_native;original_native;D29_V_outdoor_still_0002.mov;False;0.490196;0.403509;0.322581
WHATSAPP_native;whatsapp_native;D29_V_outdoorWA_move_0002.mp4;True;1.0;1.0;1.0
WHATSAPP_native;whatsapp_native;D29_V_outdoorWA_panrot_0001.mp4;True;1.0;1.0;1.0
WHATSAPP_native;whatsapp_native;D29_V_outdoorWA_panrot_0002.mp4;True;1.0;1.0;1.0
WHATSAPP_native;whatsapp_native;D29_V_outdoorWA_still_0001.mp4;True;1.0;1.0;1.0
WHATSAPP_native;whatsapp_native;D29_V_outdoorWA_still_0002.mp4;True;1.0;1.0;1.0
WHATSAPP_native;youtube_native;D29_V_outdoorYT_move_0002.mp4;False;0.638889;0.578947;0.525
WHATSAPP_native;youtube_native;D29_V_outdoorYT_panrot_0001.mp4;False;0.638889;0.578947;0.525
WHATSAPP_native;youtube_native;D29_V_outdoorYT_panrot_0002.mp4;False;0.638889;0.578947;0.525
WHATSAPP_native;youtube_native;D29_V_outdoorYT_still_0001.mp4;False;0.638889;0.578947;0.525
WHATSAPP_native;youtube_native;D29_V_outdoorYT_still_0002.mp4;False;0.638889;0.578947;0.525
WHATSAPP_native;original_native;D30_V_flat_move_0002.mp4;False;0.617647;0.527778;0.473684
WHATSAPP_native;original_native;D30_V_flat_move_0003.mp4;False;0.617647;0.527778;0.473684
WHATSAPP_native;original_native;D30_V_flat_panrot_0001.mp4;False;0.617647;0.527778;0.473684
WHATSAPP_native;original_native;D30_V_flat_panrot_0002.mp4;False;0.617647;0.527778;0.473684
WHATSAPP_native;original_native;D30_V_flat_still_0001.mp4;False;0.617647;0.527778;0.473684
WHATSAPP_native;original_native;D30_V_flat_still_0002.mp4;False;0.617647;0.527778;0.473684
WHATSAPP_native;whatsapp_native;D30_V_flatWA_move_0002.mp4;True;1.0;1.0;1.0
WHATSAPP_native;whatsapp_native;D30_V_flatWA_move_0003.mp4;True;1.0;1.0;1.0
WHATSAPP_native;whatsapp_native;D30_V_flatWA_panrot_0001.mp4;True;1.0;1.0;1.0
WHATSAPP_native;whatsapp_native;D30_V_flatWA_panrot_0002.mp4;True;1.0;1.0;1.0
WHATSAPP_native;whatsapp_native;D30_V_flatWA_still_0001.mp4;True;1.0;1.0;1.0
WHATSAPP_native;whatsapp_native;D30_V_flatWA_still_0002.mp4;True;1.0;1.0;1.0
WHATSAPP_native;youtube_native;D30_V_flatYT_move_0002.mp4;False;0.638889;0.578947;0.525
WHATSAPP_native;youtube_native;D30_V_flatYT_move_0003.mp4;False;0.638889;0.578947;0.525
WHATSAPP_native;youtube_native;D30_V_flatYT_panrot_0001.mp4;False;0.638889;0.578947;0.525
WHATSAPP_native;youtube_native;D30_V_flatYT_panrot_0002.mp4;False;0.638889;0.578947;0.525
WHATSAPP_native;youtube_native;D30_V_flatYT_still_0001.mp4;False;0.638889;0.578947;0.525
WHATSAPP_native;youtube_native;D30_V_flatYT_still_0002.mp4;False;0.638889;0.578947;0.525
WHATSAPP_native;original_native;D30_V_indoor_move_0002.mp4;False;0.617647;0.527778;0.473684
WHATSAPP_native;original_native;D30_V_indoor_panrot_0001.mp4;False;0.617647;0.527778;0.473684
WHATSAPP_native;original_native;D30_V_indoor_panrot_0002.mp4;False;0.617647;0.527778;0.473684
WHATSAPP_native;original_native;D30_V_indoor_still_0001.mp4;False;0.617647;0.527778;0.473684
WHATSAPP_native;original_native;D30_V_indoor_still_0002.mp4;False;0.617647;0.527778;0.473684
WHATSAPP_native;whatsapp_native;D30_V_indoorWA_move_0002.mp4;True;1.0;1.0;1.0
WHATSAPP_native;whatsapp_native;D30_V_indoorWA_panrot_0001.mp4;True;1.0;1.0;1.0
WHATSAPP_native;whatsapp_native;D30_V_indoorWA_panrot_0002.mp4;True;1.0;1.0;1.0
WHATSAPP_native;whatsapp_native;D30_V_indoorWA_still_0001.mp4;True;1.0;1.0;1.0
WHATSAPP_native;whatsapp_native;D30_V_indoorWA_still_0002.mp4;True;1.0;1.0;1.0
WHATSAPP_native;youtube_native;D30_V_indoorYT_move_0002.mp4;False;0.638889;0.578947;0.525
WHATSAPP_native;youtube_native;D30_V_indoorYT_panrot_0001.mp4;False;0.638889;0.578947;0.525
WHATSAPP_native;youtube_native;D30_V_indoorYT_panrot_0002.mp4;False;0.638889;0.578947;0.525
WHATSAPP_native;youtube_native;D30_V_indoorYT_still_0001.mp4;False;0.638889;0.578947;0.525
WHATSAPP_native;youtube_native;D30_V_indoorYT_still_0002.mp4;False;0.638889;0.578947;0.525
WHATSAPP_native;original_native;D30_V_outdoor_move_0002.mp4;False;0.617647;0.527778;0.473684
WHATSAPP_native;original_native;D30_V_outdoor_panrot_0001.mp4;False;0.617647;0.527778;0.473684
WHATSAPP_native;original_native;D30_V_outdoor_panrot_0002.mp4;False;0.617647;0.527778;0.473684
WHATSAPP_native;original_native;D30_V_outdoor_still_0001.mp4;False;0.617647;0.527778;0.473684
WHATSAPP_native;original_native;D30_V_outdoor_still_0002.mp4;False;0.617647;0.527778;0.473684
WHATSAPP_native;whatsapp_native;D30_V_outdoorWA_move_0002.mp4;True;1.0;1.0;1.0
WHATSAPP_native;whatsapp_native;D30_V_outdoorWA_panrot_0001.mp4;True;1.0;1.0;1.0
WHATSAPP_native;whatsapp_native;D30_V_outdoorWA_panrot_0002.mp4;True;1.0;1.0;1.0
WHATSAPP_native;whatsapp_native;D30_V_outdoorWA_still_0001.mp4;True;1.0;1.0;1.0
WHATSAPP_native;whatsapp_native;D30_V_outdoorWA_still_0002.mp4;True;1.0;1.0;1.0
WHATSAPP_native;youtube_native;D30_V_outdoorYT_move_0002.mp4;False;0.638889;0.578947;0.525
WHATSAPP_native;youtube_native;D30_V_outdoorYT_panrot_0001.mp4;False;0.638889;0.578947;0.525
WHATSAPP_native;youtube_native;D30_V_outdoorYT_panrot_0002.mp4;False;0.638889;0.578947;0.525
WHATSAPP_native;youtube_native;D30_V_outdoorYT_still_0001.mp4;False;0.638889;0.578947;0.525
WHATSAPP_native;youtube_native;D30_V_outdoorYT_still_0002.mp4;False;0.638889;0.578947;0.525
WHATSAPP_native;original_native;D31_V_flat_move_0002.mp4;False;0.59375;0.470588;0.416667
WHATSAPP_native;original_native;D31_V_flat_move_0003.mp4;False;0.59375;0.470588;0.416667
WHATSAPP_native;original_native;D31_V_flat_panrot_0001.mp4;False;0.59375;0.470588;0.416667
WHATSAPP_native;original_native;D31_V_flat_panrot_0002.mp4;False;0.59375;0.470588;0.416667
WHATSAPP_native;original_native;D31_V_flat_still_0001.mp4;False;0.59375;0.470588;0.416667
WHATSAPP_native;original_native;D31_V_flat_still_0002.mp4;False;0.59375;0.470588;0.416667
WHATSAPP_native;whatsapp_native;D31_V_flatWA_move_0002.mp4;True;1.0;1.0;1.0
WHATSAPP_native;whatsapp_native;D31_V_flatWA_move_0003.mp4;True;1.0;1.0;1.0
WHATSAPP_native;whatsapp_native;D31_V_flatWA_panrot_0001.mp4;True;1.0;1.0;1.0
WHATSAPP_native;whatsapp_native;D31_V_flatWA_panrot_0002.mp4;True;1.0;1.0;1.0
WHATSAPP_native;whatsapp_native;D31_V_flatWA_still_0001.mp4;True;1.0;1.0;1.0
WHATSAPP_native;whatsapp_native;D31_V_flatWA_still_0002.mp4;True;1.0;1.0;1.0
WHATSAPP_native;youtube_native;D31_V_flatYT_move_0002.mp4;False;0.638889;0.578947;0.525
WHATSAPP_native;youtube_native;D31_V_flatYT_move_0003.mp4;False;0.638889;0.578947;0.525
WHATSAPP_native;youtube_native;D31_V_flatYT_panrot_0001.mp4;False;0.638889;0.578947;0.525
WHATSAPP_native;youtube_native;D31_V_flatYT_panrot_0002.mp4;False;0.638889;0.578947;0.525
WHATSAPP_native;youtube_native;D31_V_flatYT_still_0001.mp4;False;0.638889;0.578947;0.525
WHATSAPP_native;youtube_native;D31_V_flatYT_still_0002.mp4;False;0.638889;0.578947;0.525
WHATSAPP_native;original_native;D31_V_indoor_move_0002.mp4;False;0.59375;0.470588;0.416667
WHATSAPP_native;original_native;D31_V_indoor_panrot_0001.mp4;False;0.59375;0.470588;0.416667
WHATSAPP_native;original_native;D31_V_indoor_panrot_0002.mp4;False;0.59375;0.470588;0.416667
WHATSAPP_native;original_native;D31_V_indoor_still_0001.mp4;False;0.59375;0.470588;0.416667
WHATSAPP_native;original_native;D31_V_indoor_still_0002.mp4;False;0.59375;0.470588;0.416667
WHATSAPP_native;whatsapp_native;D31_V_indoorWA_move_0002.mp4;True;1.0;1.0;1.0
WHATSAPP_native;whatsapp_native;D31_V_indoorWA_panrot_0001.mp4;True;1.0;1.0;1.0
WHATSAPP_native;whatsapp_native;D31_V_indoorWA_panrot_0002.mp4;True;1.0;1.0;1.0
WHATSAPP_native;whatsapp_native;D31_V_indoorWA_still_0001.mp4;True;1.0;1.0;1.0
WHATSAPP_native;whatsapp_native;D31_V_indoorWA_still_0002.mp4;True;1.0;1.0;1.0
WHATSAPP_native;youtube_native;D31_V_indoorYT_move_0002.mp4;False;0.638889;0.578947;0.525
WHATSAPP_native;youtube_native;D31_V_indoorYT_panrot_0001.mp4;False;0.638889;0.578947;0.525
WHATSAPP_native;youtube_native;D31_V_indoorYT_panrot_0002.mp4;False;0.638889;0.578947;0.525
WHATSAPP_native;youtube_native;D31_V_indoorYT_still_0001.mp4;False;0.638889;0.578947;0.525
WHATSAPP_native;youtube_native;D31_V_indoorYT_still_0002.mp4;False;0.638889;0.578947;0.525
WHATSAPP_native;original_native;D31_V_outdoor_move_0002.mp4;False;0.59375;0.470588;0.416667
WHATSAPP_native;original_native;D31_V_outdoor_panrot_0001.mp4;False;0.59375;0.470588;0.416667
WHATSAPP_native;original_native;D31_V_outdoor_panrot_0002.mp4;False;0.59375;0.470588;0.416667
WHATSAPP_native;original_native;D31_V_outdoor_still_0001.mp4;False;0.59375;0.470588;0.416667
WHATSAPP_native;original_native;D31_V_outdoor_still_0002.mp4;False;0.59375;0.470588;0.416667
WHATSAPP_native;whatsapp_native;D31_V_outdoorWA_move_0002.mp4;True;1.0;1.0;1.0
WHATSAPP_native;whatsapp_native;D31_V_outdoorWA_panrot_0001.mp4;True;1.0;1.0;1.0
WHATSAPP_native;whatsapp_native;D31_V_outdoorWA_panrot_0002.mp4;True;1.0;1.0;1.0
WHATSAPP_native;whatsapp_native;D31_V_outdoorWA_still_0001.mp4;True;1.0;1.0;1.0
WHATSAPP_native;whatsapp_native;D31_V_outdoorWA_still_0002.mp4;True;1.0;1.0;1.0
WHATSAPP_native;youtube_native;D31_V_outdoorYT_move_0002.mp4;False;0.638889;0.578947;0.525
WHATSAPP_native;youtube_native;D31_V_outdoorYT_panrot_0001.mp4;False;0.638889;0.578947;0.525
WHATSAPP_native;youtube_native;D31_V_outdoorYT_panrot_0002.mp4;False;0.638889;0.578947;0.525
WHATSAPP_native;youtube_native;D31_V_outdoorYT_still_0001.mp4;False;0.638889;0.578947;0.525
WHATSAPP_native;youtube_native;D31_V_outdoorYT_still_0002.mp4;False;0.638889;0.578947;0.525
WHATSAPP_native;original_native;D32_V_flat_move_0002.mp4;False;0.571429;0.459459;0.410256
WHATSAPP_native;original_native;D32_V_flat_move_0003.mp4;False;0.571429;0.459459;0.410256
WHATSAPP_native;original_native;D32_V_flat_panrot_0001.mp4;False;0.571429;0.459459;0.410256
WHATSAPP_native;original_native;D32_V_flat_panrot_0002.mp4;False;0.571429;0.459459;0.410256
WHATSAPP_native;original_native;D32_V_flat_still_0001.mp4;False;0.571429;0.459459;0.410256
WHATSAPP_native;original_native;D32_V_flat_still_0002.mp4;False;0.571429;0.459459;0.410256
WHATSAPP_native;whatsapp_native;D32_V_flatWA_move_0002.mp4;True;1.0;1.0;1.0
WHATSAPP_native;whatsapp_native;D32_V_flatWA_move_0003.mp4;True;1.0;1.0;1.0
WHATSAPP_native;whatsapp_native;D32_V_flatWA_panrot_0001.mp4;True;1.0;1.0;1.0
WHATSAPP_native;whatsapp_native;D32_V_flatWA_panrot_0002.mp4;True;1.0;1.0;1.0
WHATSAPP_native;whatsapp_native;D32_V_flatWA_still_0001.mp4;True;1.0;1.0;1.0
WHATSAPP_native;whatsapp_native;D32_V_flatWA_still_0002.mp4;True;1.0;1.0;1.0
WHATSAPP_native;youtube_native;D32_V_flatYT_move_0002.mp4;False;0.638889;0.578947;0.525
WHATSAPP_native;youtube_native;D32_V_flatYT_move_0003.mp4;False;0.638889;0.578947;0.525
WHATSAPP_native;youtube_native;D32_V_flatYT_panrot_0001.mp4;False;0.638889;0.578947;0.525
WHATSAPP_native;youtube_native;D32_V_flatYT_panrot_0002.mp4;False;0.638889;0.578947;0.525
WHATSAPP_native;youtube_native;D32_V_flatYT_still_0001.mp4;False;0.638889;0.578947;0.525
WHATSAPP_native;youtube_native;D32_V_flatYT_still_0002.mp4;False;0.638889;0.578947;0.525
WHATSAPP_native;original_native;D32_V_indoor_move_0002.mp4;False;0.571429;0.459459;0.410256
WHATSAPP_native;original_native;D32_V_indoor_panrot_0001.mp4;False;0.571429;0.459459;0.410256
WHATSAPP_native;original_native;D32_V_indoor_panrot_0002.mp4;False;0.571429;0.459459;0.410256
WHATSAPP_native;original_native;D32_V_indoor_still_0001.mp4;False;0.571429;0.459459;0.410256
WHATSAPP_native;original_native;D32_V_indoor_still_0002.mp4;False;0.571429;0.459459;0.410256
WHATSAPP_native;whatsapp_native;D32_V_indoorWA_move_0002.mp4;True;1.0;1.0;1.0
WHATSAPP_native;whatsapp_native;D32_V_indoorWA_panrot_0001.mp4;True;1.0;1.0;1.0
WHATSAPP_native;whatsapp_native;D32_V_indoorWA_panrot_0002.mp4;True;1.0;1.0;1.0
WHATSAPP_native;whatsapp_native;D32_V_indoorWA_still_0001.mp4;True;1.0;1.0;1.0
WHATSAPP_native;whatsapp_native;D32_V_indoorWA_still_0002.mp4;True;1.0;1.0;1.0
WHATSAPP_native;youtube_native;D32_V_indoorYT_move_0002.mp4;False;0.638889;0.578947;0.525
WHATSAPP_native;youtube_native;D32_V_indoorYT_panrot_0001.mp4;False;0.638889;0.578947;0.525
WHATSAPP_native;youtube_native;D32_V_indoorYT_panrot_0002.mp4;False;0.638889;0.578947;0.525
WHATSAPP_native;youtube_native;D32_V_indoorYT_still_0001.mp4;False;0.638889;0.578947;0.525
WHATSAPP_native;youtube_native;D32_V_indoorYT_still_0002.mp4;False;0.638889;0.578947;0.525
WHATSAPP_native;original_native;D32_V_outdoor_move_0002.mp4;False;0.571429;0.459459;0.410256
WHATSAPP_native;original_native;D32_V_outdoor_panrot_0001.mp4;False;0.571429;0.459459;0.410256
WHATSAPP_native;original_native;D32_V_outdoor_panrot_0002.mp4;False;0.571429;0.459459;0.410256
WHATSAPP_native;original_native;D32_V_outdoor_still_0001.mp4;False;0.540541;0.435897;0.390244
WHATSAPP_native;original_native;D32_V_outdoor_still_0002.mp4;False;0.540541;0.435897;0.390244
WHATSAPP_native;whatsapp_native;D32_V_outdoorWA_move_0002.mp4;True;1.0;1.0;1.0
WHATSAPP_native;whatsapp_native;D32_V_outdoorWA_panrot_0001.mp4;True;1.0;1.0;1.0
WHATSAPP_native;whatsapp_native;D32_V_outdoorWA_panrot_0002.mp4;True;1.0;1.0;1.0
WHATSAPP_native;whatsapp_native;D32_V_outdoorWA_still_0001.mp4;True;1.0;1.0;1.0
WHATSAPP_native;whatsapp_native;D32_V_outdoorWA_still_0002.mp4;True;1.0;1.0;1.0
WHATSAPP_native;youtube_native;D32_V_outdoorYT_move_0002.mp4;False;0.638889;0.578947;0.525
WHATSAPP_native;youtube_native;D32_V_outdoorYT_panrot_0001.mp4;False;0.638889;0.578947;0.525
WHATSAPP_native;youtube_native;D32_V_outdoorYT_panrot_0002.mp4;False;0.638889;0.578947;0.525
WHATSAPP_native;youtube_native;D32_V_outdoorYT_still_0001.mp4;False;0.638889;0.578947;0.525
WHATSAPP_native;youtube_native;D32_V_outdoorYT_still_0002.mp4;False;0.638889;0.578947;0.525
WHATSAPP_native;original_native;D33_V_flat_move_0002.mp4;False;0.625;0.529412;0.5
WHATSAPP_native;original_native;D33_V_flat_move_0003.mp4;False;0.625;0.529412;0.5
WHATSAPP_native;original_native;D33_V_flat_panrot_0001.mp4;False;0.625;0.529412;0.5
WHATSAPP_native;original_native;D33_V_flat_panrot_0002.mp4;False;0.625;0.529412;0.5
WHATSAPP_native;original_native;D33_V_flat_still_0001.mp4;False;0.625;0.529412;0.5
WHATSAPP_native;original_native;D33_V_flat_still_0002.mp4;False;0.625;0.529412;0.5
WHATSAPP_native;whatsapp_native;D33_V_flatWA_move_0002.mp4;True;1.0;1.0;1.0
WHATSAPP_native;whatsapp_native;D33_V_flatWA_move_0003.mp4;True;1.0;1.0;1.0
WHATSAPP_native;whatsapp_native;D33_V_flatWA_panrot_0001.mp4;True;1.0;1.0;1.0
WHATSAPP_native;whatsapp_native;D33_V_flatWA_panrot_0002.mp4;True;1.0;1.0;1.0
WHATSAPP_native;whatsapp_native;D33_V_flatWA_still_0001.mp4;True;1.0;1.0;1.0
WHATSAPP_native;whatsapp_native;D33_V_flatWA_still_0002.mp4;True;1.0;1.0;1.0
WHATSAPP_native;youtube_native;D33_V_flatYT_move_0003.mp4;False;0.638889;0.578947;0.525
WHATSAPP_native;youtube_native;D33_V_flatYT_panrot_0001.mp4;False;0.638889;0.578947;0.525
WHATSAPP_native;youtube_native;D33_V_flatYT_panrot_0002.mp4;False;0.638889;0.578947;0.525
WHATSAPP_native;youtube_native;D33_V_flatYT_still_0001.mp4;False;0.638889;0.578947;0.525
WHATSAPP_native;youtube_native;D33_V_flatYT_still_0002.mp4;False;0.638889;0.578947;0.525
WHATSAPP_native;original_native;D33_V_indoor_move_0002.mp4;False;0.625;0.529412;0.5
WHATSAPP_native;original_native;D33_V_indoor_panrot_0001.mp4;False;0.625;0.529412;0.5
WHATSAPP_native;original_native;D33_V_indoor_panrot_0002.mp4;False;0.625;0.529412;0.5
WHATSAPP_native;original_native;D33_V_indoor_still_0001.mp4;False;0.625;0.529412;0.5
WHATSAPP_native;original_native;D33_V_indoor_still_0002.mp4;False;0.625;0.529412;0.5
WHATSAPP_native;whatsapp_native;D33_V_indoorWA_move_0002.mp4;True;1.0;1.0;1.0
WHATSAPP_native;whatsapp_native;D33_V_indoorWA_panrot_0001.mp4;True;1.0;1.0;1.0
WHATSAPP_native;whatsapp_native;D33_V_indoorWA_panrot_0002.mp4;True;1.0;1.0;1.0
WHATSAPP_native;whatsapp_native;D33_V_indoorWA_still_0001.mp4;True;1.0;1.0;1.0
WHATSAPP_native;whatsapp_native;D33_V_indoorWA_still_0002.mp4;True;1.0;1.0;1.0
WHATSAPP_native;youtube_native;D33_V_indoorYT_move_0002.mp4;False;0.638889;0.578947;0.525
WHATSAPP_native;youtube_native;D33_V_indoorYT_panrot_0001.mp4;False;0.638889;0.578947;0.525
WHATSAPP_native;youtube_native;D33_V_indoorYT_panrot_0002.mp4;False;0.638889;0.578947;0.525
WHATSAPP_native;youtube_native;D33_V_indoorYT_still_0001.mp4;False;0.638889;0.578947;0.525
WHATSAPP_native;youtube_native;D33_V_indoorYT_still_0002.mp4;False;0.638889;0.578947;0.525
WHATSAPP_native;original_native;D33_V_outdoor_move_0002.mp4;False;0.625;0.529412;0.5
WHATSAPP_native;original_native;D33_V_outdoor_panrot_0001.mp4;False;0.625;0.529412;0.5
WHATSAPP_native;original_native;D33_V_outdoor_panrot_0002.mp4;False;0.625;0.529412;0.5
WHATSAPP_native;original_native;D33_V_outdoor_still_0001.mp4;False;0.625;0.529412;0.5
WHATSAPP_native;original_native;D33_V_outdoor_still_0002.mp4;False;0.625;0.529412;0.5
WHATSAPP_native;whatsapp_native;D33_V_outdoorWA_move_0002.mp4;True;1.0;1.0;1.0
WHATSAPP_native;whatsapp_native;D33_V_outdoorWA_panrot_0001.mp4;True;1.0;1.0;1.0
WHATSAPP_native;whatsapp_native;D33_V_outdoorWA_panrot_0002.mp4;True;1.0;1.0;1.0
WHATSAPP_native;whatsapp_native;D33_V_outdoorWA_still_0001.mp4;True;1.0;1.0;1.0
WHATSAPP_native;whatsapp_native;D33_V_outdoorWA_still_0002.mp4;True;1.0;1.0;1.0
WHATSAPP_native;youtube_native;D33_V_outdoorYT_move_0002.mp4;False;0.638889;0.578947;0.525
WHATSAPP_native;youtube_native;D33_V_outdoorYT_panrot_0001.mp4;False;0.638889;0.578947;0.525
WHATSAPP_native;youtube_native;D33_V_outdoorYT_panrot_0002.mp4;False;0.638889;0.578947;0.525
WHATSAPP_native;youtube_native;D33_V_outdoorYT_still_0001.mp4;False;0.638889;0.578947;0.525
WHATSAPP_native;youtube_native;D33_V_outdoorYT_still_0002.mp4;False;0.638889;0.578947;0.525
WHATSAPP_native;original_native;D34_V_flat_move_0002.mov;False;0.510204;0.442308;0.37037
WHATSAPP_native;original_native;D34_V_flat_move_0003.mov;False;0.510204;0.442308;0.37037
WHATSAPP_native;original_native;D34_V_flat_move_0004.mov;False;0.510204;0.442308;0.37037
WHATSAPP_native;original_native;D34_V_flat_move_0005.mov;False;0.510204;0.442308;0.37037
WHATSAPP_native;original_native;D34_V_flat_panrot_0001.mov;False;0.510204;0.442308;0.37037
WHATSAPP_native;original_native;D34_V_flat_panrot_0002.mov;False;0.510204;0.442308;0.37037
WHATSAPP_native;original_native;D34_V_flat_panrot_0003.mov;False;0.510204;0.442308;0.37037
WHATSAPP_native;original_native;D34_V_flat_panrot_0004.mov;False;0.510204;0.442308;0.37037
WHATSAPP_native;original_native;D34_V_flat_still_0001.mov;False;0.510204;0.442308;0.37037
WHATSAPP_native;original_native;D34_V_flat_still_0002.mov;False;0.510204;0.442308;0.37037
WHATSAPP_native;original_native;D34_V_flat_still_0003.mov;False;0.510204;0.442308;0.37037
WHATSAPP_native;original_native;D34_V_flat_still_0004.mov;False;0.510204;0.442308;0.37037
WHATSAPP_native;whatsapp_native;D34_V_flatWA_move_0002.mp4;True;1.0;1.0;1.0
WHATSAPP_native;whatsapp_native;D34_V_flatWA_move_0003.mp4;True;1.0;1.0;1.0
WHATSAPP_native;whatsapp_native;D34_V_flatWA_move_0004.mp4;True;1.0;1.0;1.0
WHATSAPP_native;whatsapp_native;D34_V_flatWA_move_0005.mp4;True;1.0;1.0;1.0
WHATSAPP_native;whatsapp_native;D34_V_flatWA_panrot_0001.mp4;True;1.0;1.0;1.0
WHATSAPP_native;whatsapp_native;D34_V_flatWA_panrot_0002.mp4;True;1.0;1.0;1.0
WHATSAPP_native;whatsapp_native;D34_V_flatWA_panrot_0003.mp4;True;1.0;1.0;1.0
WHATSAPP_native;whatsapp_native;D34_V_flatWA_panrot_0004.mp4;True;1.0;1.0;1.0
WHATSAPP_native;whatsapp_native;D34_V_flatWA_still_0001.mp4;True;1.0;1.0;1.0
WHATSAPP_native;whatsapp_native;D34_V_flatWA_still_0002.mp4;True;1.0;1.0;1.0
WHATSAPP_native;whatsapp_native;D34_V_flatWA_still_0003.mp4;True;1.0;1.0;1.0
WHATSAPP_native;whatsapp_native;D34_V_flatWA_still_0004.mp4;True;1.0;1.0;1.0
WHATSAPP_native;youtube_native;D34_V_flatYT_panrot_0004.mp4;False;0.638889;0.578947;0.525
WHATSAPP_native;original_native;D34_V_indoor_move_0002.mov;False;0.510204;0.442308;0.37037
WHATSAPP_native;original_native;D34_V_indoor_move_0003.mov;False;0.510204;0.442308;0.37037
WHATSAPP_native;original_native;D34_V_indoor_move_0004.mov;False;0.510204;0.442308;0.37037
WHATSAPP_native;original_native;D34_V_indoor_panrot_0001.mov;False;0.510204;0.442308;0.37037
WHATSAPP_native;original_native;D34_V_indoor_panrot_0002.mov;False;0.510204;0.442308;0.37037
WHATSAPP_native;original_native;D34_V_indoor_panrot_0003.mov;False;0.510204;0.442308;0.37037
WHATSAPP_native;original_native;D34_V_indoor_panrot_0004.mov;False;0.510204;0.442308;0.37037
WHATSAPP_native;original_native;D34_V_indoor_still_0001.mov;False;0.510204;0.442308;0.37037
WHATSAPP_native;original_native;D34_V_indoor_still_0002.mov;False;0.510204;0.442308;0.37037
WHATSAPP_native;original_native;D34_V_indoor_still_0003.mov;False;0.510204;0.442308;0.37037
WHATSAPP_native;original_native;D34_V_indoor_still_0004.mov;False;0.510204;0.442308;0.37037
WHATSAPP_native;whatsapp_native;D34_V_indoorWA_move_0002.mp4;True;1.0;1.0;1.0
WHATSAPP_native;whatsapp_native;D34_V_indoorWA_move_0003.mp4;True;1.0;1.0;1.0
WHATSAPP_native;whatsapp_native;D34_V_indoorWA_move_0004.mp4;True;1.0;1.0;1.0
WHATSAPP_native;whatsapp_native;D34_V_indoorWA_panrot_0001.mp4;True;1.0;1.0;1.0
WHATSAPP_native;whatsapp_native;D34_V_indoorWA_panrot_0002.mp4;True;1.0;1.0;1.0
WHATSAPP_native;whatsapp_native;D34_V_indoorWA_panrot_0003.mp4;True;1.0;1.0;1.0
WHATSAPP_native;whatsapp_native;D34_V_indoorWA_panrot_0004.mp4;True;1.0;1.0;1.0
WHATSAPP_native;whatsapp_native;D34_V_indoorWA_still_0001.mp4;True;1.0;1.0;1.0
WHATSAPP_native;whatsapp_native;D34_V_indoorWA_still_0002.mp4;True;1.0;1.0;1.0
WHATSAPP_native;whatsapp_native;D34_V_indoorWA_still_0003.mp4;True;1.0;1.0;1.0
WHATSAPP_native;whatsapp_native;D34_V_indoorWA_still_0004.mp4;True;1.0;1.0;1.0
WHATSAPP_native;youtube_native;D34_V_indoorYT_move_0002.mp4;False;0.638889;0.578947;0.525
WHATSAPP_native;youtube_native;D34_V_indoorYT_move_0003.mp4;False;0.638889;0.578947;0.525
WHATSAPP_native;youtube_native;D34_V_indoorYT_move_0004.mp4;False;0.638889;0.578947;0.525
WHATSAPP_native;youtube_native;D34_V_indoorYT_panrot_0001.mp4;False;0.638889;0.578947;0.525
WHATSAPP_native;youtube_native;D34_V_indoorYT_panrot_0002.mp4;False;0.638889;0.578947;0.525
WHATSAPP_native;youtube_native;D34_V_indoorYT_panrot_0003.mp4;False;0.638889;0.578947;0.525
WHATSAPP_native;youtube_native;D34_V_indoorYT_panrot_0004.mp4;False;0.638889;0.578947;0.525
WHATSAPP_native;youtube_native;D34_V_indoorYT_still_0001.mp4;False;0.638889;0.578947;0.525
WHATSAPP_native;youtube_native;D34_V_indoorYT_still_0002.mp4;False;0.638889;0.578947;0.525
WHATSAPP_native;original_native;D34_V_outdoor_move_0002.mov;False;0.510204;0.442308;0.37037
WHATSAPP_native;original_native;D34_V_outdoor_move_0003.mov;False;0.510204;0.442308;0.37037
WHATSAPP_native;original_native;D34_V_outdoor_move_0004.mov;False;0.510204;0.442308;0.37037
WHATSAPP_native;original_native;D34_V_outdoor_panrot_0001.mov;False;0.510204;0.442308;0.37037
WHATSAPP_native;original_native;D34_V_outdoor_panrot_0002.mov;False;0.510204;0.442308;0.37037
WHATSAPP_native;original_native;D34_V_outdoor_still_0001.mov;False;0.510204;0.442308;0.37037
WHATSAPP_native;whatsapp_native;D34_V_outdoorWA_move_0002.mp4;True;1.0;1.0;1.0
WHATSAPP_native;whatsapp_native;D34_V_outdoorWA_move_0003.mp4;True;1.0;1.0;1.0
WHATSAPP_native;whatsapp_native;D34_V_outdoorWA_move_0004.mp4;True;1.0;1.0;1.0
WHATSAPP_native;whatsapp_native;D34_V_outdoorWA_panrot_0001.mp4;True;1.0;1.0;1.0
WHATSAPP_native;whatsapp_native;D34_V_outdoorWA_panrot_0002.mp4;True;1.0;1.0;1.0
WHATSAPP_native;whatsapp_native;D34_V_outdoorWA_still_0001.mp4;True;1.0;1.0;1.0
WHATSAPP_native;youtube_native;D34_V_outdoorYT_move_0002.mp4;False;0.638889;0.578947;0.525
WHATSAPP_native;youtube_native;D34_V_outdoorYT_move_0003.mp4;False;0.638889;0.578947;0.525
WHATSAPP_native;youtube_native;D34_V_outdoorYT_move_0004.mp4;False;0.638889;0.578947;0.525
WHATSAPP_native;youtube_native;D34_V_outdoorYT_panrot_0001.mp4;False;0.638889;0.578947;0.525
WHATSAPP_native;youtube_native;D34_V_outdoorYT_panrot_0002.mp4;False;0.638889;0.578947;0.525
WHATSAPP_native;original_native;D35_V_flat_move_0002.mp4;False;0.575758;0.457143;0.405405
WHATSAPP_native;original_native;D35_V_flat_panrot_0001.mp4;False;0.575758;0.457143;0.405405
WHATSAPP_native;original_native;D35_V_flat_still_0001.mp4;False;0.575758;0.457143;0.405405
WHATSAPP_native;whatsapp_native;D35_V_flatWA_move_0002.mp4;True;1.0;1.0;1.0
WHATSAPP_native;whatsapp_native;D35_V_flatWA_panrot_0001.mp4;True;1.0;1.0;1.0
WHATSAPP_native;whatsapp_native;D35_V_flatWA_still_0001.mp4;True;1.0;1.0;1.0
WHATSAPP_native;youtube_native;D35_V_flatYT_move_0002.mp4;False;0.638889;0.578947;0.525
WHATSAPP_native;youtube_native;D35_V_flatYT_panrot_0001.mp4;False;0.638889;0.578947;0.525
WHATSAPP_native;youtube_native;D35_V_flatYT_still_0001.mp4;False;0.638889;0.578947;0.525
WHATSAPP_native;original_native;D35_V_indoor_move_0002.mp4;False;0.575758;0.457143;0.405405
WHATSAPP_native;original_native;D35_V_indoor_panrot_0001.mp4;False;0.575758;0.457143;0.405405
WHATSAPP_native;original_native;D35_V_indoor_panrot_0002.mp4;False;0.575758;0.457143;0.405405
WHATSAPP_native;original_native;D35_V_indoor_still_0001.mp4;False;0.575758;0.457143;0.405405
WHATSAPP_native;original_native;D35_V_indoor_still_0002.mp4;False;0.575758;0.457143;0.405405
WHATSAPP_native;whatsapp_native;D35_V_indoorWA_move_0002.mp4;True;1.0;1.0;1.0
WHATSAPP_native;whatsapp_native;D35_V_indoorWA_panrot_0001.mp4;True;1.0;1.0;1.0
WHATSAPP_native;whatsapp_native;D35_V_indoorWA_panrot_0002.mp4;True;1.0;1.0;1.0
WHATSAPP_native;whatsapp_native;D35_V_indoorWA_still_0001.mp4;True;1.0;1.0;1.0
WHATSAPP_native;whatsapp_native;D35_V_indoorWA_still_0002.mp4;True;1.0;1.0;1.0
WHATSAPP_native;youtube_native;D35_V_indoorYT_move_0002.mp4;False;0.638889;0.578947;0.525
WHATSAPP_native;youtube_native;D35_V_indoorYT_panrot_0001.mp4;False;0.638889;0.578947;0.525
WHATSAPP_native;youtube_native;D35_V_indoorYT_panrot_0002.mp4;False;0.638889;0.578947;0.525
WHATSAPP_native;youtube_native;D35_V_indoorYT_still_0001.mp4;False;0.638889;0.578947;0.525
WHATSAPP_native;youtube_native;D35_V_indoorYT_still_0002.mp4;False;0.638889;0.578947;0.525
WHATSAPP_native;original_native;D35_V_outdoor_move_0002.mp4;False;0.575758;0.457143;0.405405
WHATSAPP_native;original_native;D35_V_outdoor_panrot_0001.mp4;False;0.575758;0.457143;0.405405
WHATSAPP_native;original_native;D35_V_outdoor_panrot_0002.mp4;False;0.575758;0.457143;0.405405
WHATSAPP_native;original_native;D35_V_outdoor_still_0001.mp4;False;0.575758;0.457143;0.405405
WHATSAPP_native;original_native;D35_V_outdoor_still_0002.mp4;False;0.575758;0.457143;0.405405
WHATSAPP_native;whatsapp_native;D35_V_outdoorWA_move_0002.mp4;True;1.0;1.0;1.0
WHATSAPP_native;whatsapp_native;D35_V_outdoorWA_panrot_0001.mp4;True;1.0;1.0;1.0
WHATSAPP_native;whatsapp_native;D35_V_outdoorWA_panrot_0002.mp4;True;1.0;1.0;1.0
WHATSAPP_native;whatsapp_native;D35_V_outdoorWA_still_0001.mp4;True;1.0;1.0;1.0
WHATSAPP_native;whatsapp_native;D35_V_outdoorWA_still_0002.mp4;True;1.0;1.0;1.0
WHATSAPP_native;youtube_native;D35_V_outdoorYT_move_0002.mp4;False;0.638889;0.578947;0.525
WHATSAPP_native;youtube_native;D35_V_outdoorYT_panrot_0001.mp4;False;0.638889;0.578947;0.525
WHATSAPP_native;youtube_native;D35_V_outdoorYT_panrot_0002.mp4;False;0.638889;0.578947;0.525
WHATSAPP_native;youtube_native;D35_V_outdoorYT_still_0001.mp4;False;0.638889;0.578947;0.525
WHATSAPP_native;youtube_native;D35_V_outdoorYT_still_0002.mp4;False;0.638889;0.578947;0.525
WHATSAPP_native;facebook_native;D01_V_indoor_move_0002.mp4;False;0.722222;0.710526;0.675
WHATSAPP_native;facebook_native;D01_V_outdoor_move_0002.mp4;False;0.722222;0.710526;0.675
WHATSAPP_native;facebook_native;D03_V_indoor_move_0002.mp4;False;0.685714;0.648649;0.589744
WHATSAPP_native;facebook_native;D03_V_outdoor_move_0002.mp4;False;0.685714;0.648649;0.589744
WHATSAPP_native;facebook_native;D04_V_indoor_move_0002.mp4;False;0.685714;0.648649;0.589744
WHATSAPP_native;facebook_native;D04_V_outdoor_move_0002.mp4;False;0.685714;0.648649;0.589744
WHATSAPP_native;facebook_native;D05_V_indoor_move_0002.mp4;False;0.685714;0.648649;0.589744
WHATSAPP_native;facebook_native;D05_V_outdoor_move_0002.mp4;False;0.685714;0.648649;0.589744
WHATSAPP_native;facebook_native;D06_V_indoor_move_0002.mp4;False;0.685714;0.648649;0.589744
WHATSAPP_native;facebook_native;D06_V_outdoor_move_0002.mp4;False;0.685714;0.648649;0.589744
WHATSAPP_native;facebook_native;D07_V_indoor_move_0002.mp4;False;0.685714;0.648649;0.589744
WHATSAPP_native;facebook_native;D07_V_outdoor_move_0002.mp4;False;0.685714;0.648649;0.589744
WHATSAPP_native;facebook_native;D08_V_indoor_move_0002.mp4;False;0.685714;0.648649;0.589744
WHATSAPP_native;facebook_native;D08_V_outdoor_move_0002.mp4;False;0.685714;0.648649;0.589744
WHATSAPP_native;facebook_native;D09_V_indoor_move_0002.mp4;False;0.685714;0.648649;0.589744
WHATSAPP_native;facebook_native;D09_V_outdoor_move_0002.mp4;False;0.685714;0.648649;0.589744
WHATSAPP_native;facebook_native;D10_V_indoor_move_0002.mp4;False;0.685714;0.648649;0.589744
WHATSAPP_native;facebook_native;D11_V_indoor_move_0002.mp4;False;0.685714;0.648649;0.589744
WHATSAPP_native;facebook_native;D11_V_outdoor_move_0002.mp4;False;0.685714;0.648649;0.589744
WHATSAPP_native;facebook_native;D12_V_indoor_move_0002.mp4;False;0.607143;0.518519;0.423077
WHATSAPP_native;facebook_native;D12_V_outdoor_move_0002.mp4;False;0.607143;0.518519;0.423077
WHATSAPP_native;facebook_native;D13_V_indoor_move_0002.mp4;False;0.685714;0.648649;0.589744
WHATSAPP_native;facebook_native;D13_V_outdoor_move_0002.mp4;False;0.685714;0.648649;0.589744
WHATSAPP_native;facebook_native;D14_V_indoor_move_0002.mp4;False;0.685714;0.648649;0.589744
WHATSAPP_native;facebook_native;D14_V_outdoor_move_0002.mp4;False;0.685714;0.648649;0.589744
WHATSAPP_native;facebook_native;D15_V_indoor_move_0002.mp4;False;0.685714;0.648649;0.589744
WHATSAPP_native;facebook_native;D15_V_outdoor_move_0002.mp4;False;0.685714;0.648649;0.589744
WHATSAPP_native;facebook_native;D16_V_indoor_move_0002.mp4;False;0.685714;0.648649;0.589744
WHATSAPP_native;facebook_native;D16_V_outdoor_move_0002.mp4;False;0.685714;0.648649;0.589744
WHATSAPP_native;facebook_native;D19_V_indoor_move_0002.mp4;False;0.685714;0.648649;0.589744
WHATSAPP_native;facebook_native;D19_V_outdoor_move_0002.mp4;False;0.685714;0.648649;0.589744
WHATSAPP_native;facebook_native;D20_V_indoor_move_0002.mp4;False;0.685714;0.648649;0.589744
WHATSAPP_native;facebook_native;D20_V_outdoor_move_0002.mp4;False;0.685714;0.648649;0.589744
WHATSAPP_native;facebook_native;D22_V_indoor_move_0002.mp4;False;0.685714;0.648649;0.589744
WHATSAPP_native;facebook_native;D22_V_outdoor_move_0002.mp4;False;0.685714;0.648649;0.589744
WHATSAPP_native;facebook_native;D23_V_indoor_move_0002.mp4;False;0.685714;0.648649;0.589744
WHATSAPP_native;facebook_native;D23_V_outdoor_move_0002.mp4;False;0.685714;0.648649;0.589744
WHATSAPP_native;facebook_native;D24_V_indoor_move_0002.mp4;False;0.685714;0.648649;0.589744
WHATSAPP_native;facebook_native;D24_V_outdoor_move_0002.mp4;False;0.685714;0.648649;0.589744
WHATSAPP_native;facebook_native;D25_V_indoor_move_0002.mp4;False;0.685714;0.648649;0.589744
WHATSAPP_native;facebook_native;D25_V_outdoor_move_0002.mp4;False;0.685714;0.648649;0.589744
WHATSAPP_native;facebook_native;D26_V_indoor_move_0002.mp4;False;0.722222;0.710526;0.675
WHATSAPP_native;facebook_native;D26_V_outdoor_move_0002.mp4;False;0.722222;0.710526;0.675
WHATSAPP_native;facebook_native;D27_V_indoor_move_0002.mp4;False;0.685714;0.648649;0.589744
WHATSAPP_native;facebook_native;D27_V_outdoor_move_0002.mp4;False;0.685714;0.648649;0.589744
WHATSAPP_native;facebook_native;D28_V_indoor_move_0002.mp4;False;0.685714;0.648649;0.589744
WHATSAPP_native;facebook_native;D28_V_outdoor_move_0002.mp4;False;0.685714;0.648649;0.589744
WHATSAPP_native;facebook_native;D29_V_indoor_move_0002.mp4;False;0.685714;0.648649;0.589744
WHATSAPP_native;facebook_native;D29_V_outdoor_move_0002.mp4;False;0.685714;0.648649;0.589744
WHATSAPP_native;facebook_native;D30_V_indoor_move_0002.mp4;False;0.685714;0.648649;0.589744
WHATSAPP_native;facebook_native;D30_V_outdoor_move_0002.mp4;False;0.685714;0.648649;0.589744
WHATSAPP_native;facebook_native;D31_V_indoor_move_0002.mp4;False;0.685714;0.648649;0.589744
WHATSAPP_native;facebook_native;D31_V_outdoor_move_0002.mp4;False;0.685714;0.648649;0.589744
WHATSAPP_native;facebook_native;D32_V_indoor_move_0002.mp4;False;0.685714;0.648649;0.589744
WHATSAPP_native;facebook_native;D32_V_outdoor_move_0002.mp4;False;0.685714;0.648649;0.589744
WHATSAPP_native;facebook_native;D33_V_indoor_move_0002.mp4;False;0.685714;0.648649;0.589744
WHATSAPP_native;facebook_native;D33_V_outdoor_move_0002.mp4;False;0.685714;0.648649;0.589744
WHATSAPP_native;facebook_native;D34_V_indoor_move_0002.mp4;False;0.685714;0.648649;0.589744
WHATSAPP_native;facebook_native;D34_V_outdoor_move_0002.mp4;False;0.685714;0.648649;0.589744
WHATSAPP_native;facebook_native;D35_V_outdoor_move_0002.mp4;False;0.685714;0.648649;0.589744
WHATSAPP_native;facebook_native;D35_V_outdoor_panrot_0002.mp4;False;0.685714;0.648649;0.589744
WHATSAPP_native;tiktok_native;D01_V_indoor_move_0002.mp4;False;0.631579;0.6;0.547619
WHATSAPP_native;tiktok_native;D01_V_outdoor_move_0002.mp4;False;0.631579;0.6;0.547619
WHATSAPP_native;tiktok_native;D03_V_indoor_move_0002.mp4;False;0.631579;0.6;0.547619
WHATSAPP_native;tiktok_native;D03_V_outdoor_move_0002.mp4;False;0.631579;0.6;0.547619
WHATSAPP_native;tiktok_native;D04_V_indoor_move_0002.mp4;False;0.631579;0.6;0.547619
WHATSAPP_native;tiktok_native;D04_V_outdoor_move_0002.mp4;False;0.631579;0.6;0.547619
WHATSAPP_native;tiktok_native;D05_V_indoor_move_0002.mp4;False;0.631579;0.6;0.547619
WHATSAPP_native;tiktok_native;D05_V_outdoor_move_0002.mp4;False;0.631579;0.6;0.547619
WHATSAPP_native;tiktok_native;D06_V_indoor_move_0002.mp4;False;0.631579;0.6;0.547619
WHATSAPP_native;tiktok_native;D06_V_outdoor_move_0002.mp4;False;0.631579;0.6;0.547619
WHATSAPP_native;tiktok_native;D07_V_indoor_move_0002.mp4;False;0.631579;0.6;0.547619
WHATSAPP_native;tiktok_native;D07_V_outdoor_move_0002.mp4;False;0.631579;0.6;0.547619
WHATSAPP_native;tiktok_native;D08_V_indoor_move_0002.mp4;False;0.631579;0.6;0.547619
WHATSAPP_native;tiktok_native;D08_V_outdoor_move_0002.mp4;False;0.631579;0.6;0.547619
WHATSAPP_native;tiktok_native;D09_V_indoor_move_0002.mp4;False;0.631579;0.6;0.547619
WHATSAPP_native;tiktok_native;D09_V_outdoor_move_0002.mp4;False;0.631579;0.6;0.547619
WHATSAPP_native;tiktok_native;D10_V_indoor_move_0002.mp4;False;0.631579;0.6;0.547619
WHATSAPP_native;tiktok_native;D11_V_indoor_move_0002.mp4;False;0.631579;0.6;0.547619
WHATSAPP_native;tiktok_native;D11_V_outdoor_move_0002.mp4;False;0.631579;0.6;0.547619
WHATSAPP_native;tiktok_native;D12_V_indoor_move_0002.mp4;False;0.631579;0.6;0.547619
WHATSAPP_native;tiktok_native;D12_V_outdoor_move_0002.mp4;False;0.631579;0.6;0.547619
WHATSAPP_native;tiktok_native;D13_V_indoor_move_0002.mp4;False;0.631579;0.6;0.547619
WHATSAPP_native;tiktok_native;D13_V_outdoor_move_0002.mp4;False;0.631579;0.6;0.547619
WHATSAPP_native;tiktok_native;D14_V_indoor_move_0002.mp4;False;0.631579;0.6;0.547619
WHATSAPP_native;tiktok_native;D14_V_outdoor_move_0002.mp4;False;0.631579;0.6;0.547619
WHATSAPP_native;tiktok_native;D15_V_indoor_move_0002.mp4;False;0.631579;0.6;0.547619
WHATSAPP_native;tiktok_native;D15_V_outdoor_move_0002.mp4;False;0.631579;0.6;0.547619
WHATSAPP_native;tiktok_native;D16_V_indoor_move_0002.mp4;False;0.631579;0.6;0.547619
WHATSAPP_native;tiktok_native;D16_V_outdoor_move_0002.mp4;False;0.631579;0.6;0.547619
WHATSAPP_native;tiktok_native;D19_V_indoor_move_0002.mp4;False;0.631579;0.6;0.547619
WHATSAPP_native;tiktok_native;D19_V_outdoor_move_0002.mp4;False;0.631579;0.6;0.547619
WHATSAPP_native;tiktok_native;D20_V_indoor_move_0002.mp4;False;0.631579;0.6;0.547619
WHATSAPP_native;tiktok_native;D20_V_outdoor_move_0002.mp4;False;0.631579;0.6;0.547619
WHATSAPP_native;tiktok_native;D22_V_indoor_move_0002.mp4;False;0.631579;0.6;0.547619
WHATSAPP_native;tiktok_native;D22_V_outdoor_move_0002.mp4;False;0.631579;0.6;0.547619
WHATSAPP_native;tiktok_native;D23_V_indoor_move_0002.mp4;False;0.631579;0.6;0.547619
WHATSAPP_native;tiktok_native;D23_V_outdoor_move_0002.mp4;False;0.631579;0.6;0.547619
WHATSAPP_native;tiktok_native;D24_V_indoor_move_0002.mp4;False;0.631579;0.6;0.547619
WHATSAPP_native;tiktok_native;D24_V_outdoor_move_0002.mp4;False;0.631579;0.6;0.547619
WHATSAPP_native;tiktok_native;D25_V_indoor_move_0002.mp4;False;0.631579;0.6;0.547619
WHATSAPP_native;tiktok_native;D25_V_outdoor_move_0002.mp4;False;0.631579;0.6;0.547619
WHATSAPP_native;tiktok_native;D26_V_indoor_move_0002.mp4;False;0.631579;0.6;0.547619
WHATSAPP_native;tiktok_native;D26_V_outdoor_move_0002.mp4;False;0.631579;0.6;0.547619
WHATSAPP_native;tiktok_native;D27_V_indoor_move_0002.mp4;False;0.631579;0.6;0.547619
WHATSAPP_native;tiktok_native;D27_V_outdoor_move_0002.mp4;False;0.631579;0.6;0.547619
WHATSAPP_native;tiktok_native;D28_V_indoor_move_0002.mp4;False;0.631579;0.6;0.547619
WHATSAPP_native;tiktok_native;D28_V_outdoor_move_0002.mp4;False;0.631579;0.6;0.547619
WHATSAPP_native;tiktok_native;D29_V_indoor_move_0002.mp4;False;0.631579;0.6;0.547619
WHATSAPP_native;tiktok_native;D29_V_outdoor_move_0002.mp4;False;0.631579;0.6;0.547619
WHATSAPP_native;tiktok_native;D30_V_indoor_move_0002.mp4;False;0.631579;0.6;0.547619
WHATSAPP_native;tiktok_native;D30_V_outdoor_move_0002.mp4;False;0.631579;0.6;0.547619
WHATSAPP_native;tiktok_native;D31_V_indoor_move_0002.mp4;False;0.631579;0.6;0.547619
WHATSAPP_native;tiktok_native;D31_V_outdoor_move_0002.mp4;False;0.631579;0.6;0.547619
WHATSAPP_native;tiktok_native;D32_V_indoor_move_0002.mp4;False;0.631579;0.6;0.547619
WHATSAPP_native;tiktok_native;D32_V_outdoor_move_0002.mp4;False;0.631579;0.6;0.547619
WHATSAPP_native;tiktok_native;D33_V_indoor_move_0002.mp4;False;0.631579;0.6;0.547619
WHATSAPP_native;tiktok_native;D33_V_outdoor_move_0002.mp4;False;0.631579;0.6;0.547619
WHATSAPP_native;tiktok_native;D34_V_indoor_move_0002.mp4;False;0.631579;0.6;0.547619
WHATSAPP_native;tiktok_native;D34_V_outdoor_move_0002.mp4;False;0.631579;0.6;0.547619
WHATSAPP_native;tiktok_native;D35_V_outdoor_move_0002.mp4;False;0.631579;0.6;0.547619
WHATSAPP_native;tiktok_native;D35_V_outdoor_panrot_0002.mp4;False;0.631579;0.6;0.547619
WHATSAPP_native;weibo_native;D01_V_indoor_move_0002.mp4;False;0.641026;0.609756;0.55814
WHATSAPP_native;weibo_native;D01_V_outdoor_move_0002.mp4;False;0.641026;0.609756;0.55814
WHATSAPP_native;weibo_native;D03_V_indoor_move_0002.mp4;False;0.641026;0.609756;0.55814
WHATSAPP_native;weibo_native;D03_V_outdoor_move_0002.mp4;False;0.641026;0.609756;0.55814
WHATSAPP_native;weibo_native;D04_V_indoor_move_0002.mp4;False;0.641026;0.609756;0.55814
WHATSAPP_native;weibo_native;D04_V_outdoor_move_0002.mp4;False;0.641026;0.609756;0.55814
WHATSAPP_native;weibo_native;D05_V_indoor_move_0002.mp4;False;0.605263;0.55;0.5
WHATSAPP_native;weibo_native;D05_V_outdoor_move_0002.mp4;False;0.605263;0.55;0.5
WHATSAPP_native;weibo_native;D06_V_indoor_move_0002.mp4;False;0.605263;0.55;0.5
WHATSAPP_native;weibo_native;D06_V_outdoor_move_0002.mp4;False;0.605263;0.55;0.5
WHATSAPP_native;weibo_native;D07_V_indoor_move_0002.mp4;False;0.641026;0.609756;0.55814
WHATSAPP_native;weibo_native;D07_V_outdoor_move_0002.mp4;False;0.641026;0.609756;0.55814
WHATSAPP_native;weibo_native;D08_V_indoor_move_0002.mp4;False;0.605263;0.55;0.5
WHATSAPP_native;weibo_native;D08_V_outdoor_move_0002.mp4;False;0.605263;0.55;0.5
WHATSAPP_native;weibo_native;D09_V_indoor_move_0002.mp4;False;0.605263;0.55;0.5
WHATSAPP_native;weibo_native;D09_V_outdoor_move_0002.mp4;False;0.605263;0.55;0.5
WHATSAPP_native;weibo_native;D10_V_indoor_move_0002.mp4;False;0.605263;0.55;0.5
WHATSAPP_native;weibo_native;D11_V_indoor_move_0002.mp4;False;0.641026;0.609756;0.55814
WHATSAPP_native;weibo_native;D11_V_outdoor_move_0002.mp4;False;0.641026;0.609756;0.55814
WHATSAPP_native;weibo_native;D12_V_indoor_move_0002.mp4;False;0.6;0.517241;0.428571
WHATSAPP_native;weibo_native;D12_V_outdoor_move_0002.mp4;False;0.6;0.517241;0.428571
WHATSAPP_native;weibo_native;D13_V_indoor_move_0002.mp4;False;0.605263;0.55;0.5
WHATSAPP_native;weibo_native;D13_V_outdoor_move_0002.mp4;False;0.605263;0.55;0.5
WHATSAPP_native;weibo_native;D14_V_indoor_move_0002.mp4;False;0.605263;0.55;0.5
WHATSAPP_native;weibo_native;D14_V_outdoor_move_0002.mp4;False;0.605263;0.55;0.5
WHATSAPP_native;weibo_native;D15_V_indoor_move_0002.mp4;False;0.605263;0.55;0.5
WHATSAPP_native;weibo_native;D15_V_outdoor_move_0002.mp4;False;0.605263;0.55;0.5
WHATSAPP_native;weibo_native;D16_V_indoor_move_0002.mp4;False;0.641026;0.609756;0.55814
WHATSAPP_native;weibo_native;D16_V_outdoor_move_0002.mp4;False;0.641026;0.609756;0.55814
WHATSAPP_native;weibo_native;D19_V_indoor_move_0002.mp4;False;0.605263;0.55;0.5
WHATSAPP_native;weibo_native;D19_V_outdoor_move_0002.mp4;False;0.605263;0.55;0.5
WHATSAPP_native;weibo_native;D20_V_indoor_move_0002.mp4;False;0.605263;0.55;0.5
WHATSAPP_native;weibo_native;D20_V_outdoor_move_0002.mp4;False;0.605263;0.55;0.5
WHATSAPP_native;weibo_native;D22_V_indoor_move_0002.mp4;False;0.605263;0.55;0.5
WHATSAPP_native;weibo_native;D22_V_outdoor_move_0002.mp4;False;0.605263;0.55;0.5
WHATSAPP_native;weibo_native;D23_V_indoor_move_0002.mp4;False;0.641026;0.609756;0.55814
WHATSAPP_native;weibo_native;D23_V_outdoor_move_0002.mp4;False;0.641026;0.609756;0.55814
WHATSAPP_native;weibo_native;D24_V_indoor_move_0002.mp4;False;0.641026;0.609756;0.55814
WHATSAPP_native;weibo_native;D24_V_outdoor_move_0002.mp4;False;0.641026;0.609756;0.55814
WHATSAPP_native;weibo_native;D25_V_indoor_move_0002.mp4;False;0.641026;0.609756;0.55814
WHATSAPP_native;weibo_native;D25_V_outdoor_move_0002.mp4;False;0.641026;0.609756;0.55814
WHATSAPP_native;weibo_native;D26_V_indoor_move_0002.mp4;False;0.641026;0.609756;0.55814
WHATSAPP_native;weibo_native;D26_V_outdoor_move_0002.mp4;False;0.641026;0.609756;0.55814
WHATSAPP_native;weibo_native;D27_V_indoor_move_0002.mp4;False;0.605263;0.55;0.5
WHATSAPP_native;weibo_native;D27_V_outdoor_move_0002.mp4;False;0.605263;0.55;0.5
WHATSAPP_native;weibo_native;D28_V_indoor_move_0002.mp4;False;0.641026;0.609756;0.55814
WHATSAPP_native;weibo_native;D28_V_outdoor_move_0002.mp4;False;0.641026;0.609756;0.55814
WHATSAPP_native;weibo_native;D29_V_indoor_move_0002.mp4;False;0.605263;0.55;0.5
WHATSAPP_native;weibo_native;D29_V_outdoor_move_0002.mp4;False;0.605263;0.55;0.5
WHATSAPP_native;weibo_native;D30_V_indoor_move_0002.mp4;False;0.641026;0.609756;0.55814
WHATSAPP_native;weibo_native;D30_V_outdoor_move_0002.mp4;False;0.641026;0.609756;0.55814
WHATSAPP_native;weibo_native;D31_V_indoor_move_0002.mp4;False;0.605263;0.55;0.5
WHATSAPP_native;weibo_native;D31_V_outdoor_move_0002.mp4;False;0.605263;0.55;0.5
WHATSAPP_native;weibo_native;D32_V_indoor_move_0002.mp4;False;0.641026;0.609756;0.55814
WHATSAPP_native;weibo_native;D32_V_outdoor_move_0002.mp4;False;0.641026;0.609756;0.55814
WHATSAPP_native;weibo_native;D33_V_indoor_move_0002.mp4;False;0.641026;0.609756;0.55814
WHATSAPP_native;weibo_native;D33_V_outdoor_move_0002.mp4;False;0.641026;0.609756;0.55814
WHATSAPP_native;weibo_native;D34_V_indoor_move_0002.mp4;False;0.605263;0.55;0.5
WHATSAPP_native;weibo_native;D34_V_outdoor_move_0002.mp4;False;0.605263;0.55;0.5
WHATSAPP_native;weibo_native;D35_V_outdoor_move_0002.mp4;False;0.605263;0.55;0.5
WHATSAPP_native;weibo_native;D35_V_outdoor_panrot_0002.mp4;False;0.605263;0.55;0.5
WHATSAPP_native;youtube_native;D01_V_indoor_move_0002.mp4;False;0.441176;0.333333;0.243243
WHATSAPP_native;youtube_native;D01_V_outdoor_move_0002.mp4;False;0.441176;0.333333;0.243243
WHATSAPP_native;youtube_native;D03_V_indoor_move_0002.mp4;False;0.441176;0.333333;0.243243
WHATSAPP_native;youtube_native;D03_V_outdoor_move_0002.mp4;False;0.441176;0.333333;0.243243
WHATSAPP_native;youtube_native;D04_V_indoor_move_0002.mp4;False;0.576923;0.444444;0.321429
WHATSAPP_native;youtube_native;D04_V_outdoor_move_0002.mp4;False;0.576923;0.444444;0.321429
WHATSAPP_native;youtube_native;D05_V_indoor_move_0002.mp4;False;0.441176;0.333333;0.243243
WHATSAPP_native;youtube_native;D05_V_outdoor_move_0002.mp4;False;0.441176;0.333333;0.243243
WHATSAPP_native;youtube_native;D06_V_indoor_move_0002.mp4;False;0.441176;0.333333;0.243243
WHATSAPP_native;youtube_native;D06_V_outdoor_move_0002.mp4;False;0.441176;0.333333;0.243243
WHATSAPP_native;youtube_native;D07_V_indoor_move_0002.mp4;False;0.441176;0.333333;0.243243
WHATSAPP_native;youtube_native;D07_V_outdoor_move_0002.mp4;False;0.441176;0.333333;0.243243
WHATSAPP_native;youtube_native;D08_V_indoor_move_0002.mp4;False;0.441176;0.333333;0.243243
WHATSAPP_native;youtube_native;D08_V_outdoor_move_0002.mp4;False;0.441176;0.333333;0.243243
WHATSAPP_native;youtube_native;D09_V_indoor_move_0002.mp4;False;0.441176;0.333333;0.243243
WHATSAPP_native;youtube_native;D09_V_outdoor_move_0002.mp4;False;0.441176;0.333333;0.243243
WHATSAPP_native;youtube_native;D10_V_indoor_move_0002.mp4;False;0.441176;0.333333;0.243243
WHATSAPP_native;youtube_native;D11_V_indoor_move_0002.mp4;False;0.441176;0.333333;0.243243
WHATSAPP_native;youtube_native;D11_V_outdoor_move_0002.mp4;False;0.441176;0.333333;0.243243
WHATSAPP_native;youtube_native;D12_V_indoor_move_0002.mp4;False;0.441176;0.333333;0.243243
WHATSAPP_native;youtube_native;D12_V_outdoor_move_0002.mp4;False;0.441176;0.333333;0.243243
WHATSAPP_native;youtube_native;D13_V_indoor_move_0002.mp4;False;0.441176;0.333333;0.243243
WHATSAPP_native;youtube_native;D13_V_outdoor_move_0002.mp4;False;0.441176;0.333333;0.243243
WHATSAPP_native;youtube_native;D14_V_indoor_move_0002.mp4;False;0.441176;0.333333;0.243243
WHATSAPP_native;youtube_native;D14_V_outdoor_move_0002.mp4;False;0.441176;0.333333;0.243243
WHATSAPP_native;youtube_native;D15_V_indoor_move_0002.mp4;False;0.441176;0.333333;0.243243
WHATSAPP_native;youtube_native;D15_V_outdoor_move_0002.mp4;False;0.441176;0.333333;0.243243
WHATSAPP_native;youtube_native;D16_V_indoor_move_0002.mp4;False;0.441176;0.333333;0.243243
WHATSAPP_native;youtube_native;D16_V_outdoor_move_0002.mp4;False;0.441176;0.333333;0.243243
WHATSAPP_native;youtube_native;D19_V_indoor_move_0002.mp4;False;0.441176;0.333333;0.243243
WHATSAPP_native;youtube_native;D19_V_outdoor_move_0002.mp4;False;0.441176;0.333333;0.243243
WHATSAPP_native;youtube_native;D20_V_indoor_move_0002.mp4;False;0.441176;0.333333;0.243243
WHATSAPP_native;youtube_native;D20_V_outdoor_move_0002.mp4;False;0.441176;0.333333;0.243243
WHATSAPP_native;youtube_native;D22_V_indoor_move_0002.mp4;False;0.441176;0.333333;0.243243
WHATSAPP_native;youtube_native;D22_V_outdoor_move_0002.mp4;False;0.441176;0.333333;0.243243
WHATSAPP_native;youtube_native;D23_V_indoor_move_0002.mp4;False;0.576923;0.444444;0.321429
WHATSAPP_native;youtube_native;D23_V_outdoor_move_0002.mp4;False;0.576923;0.444444;0.321429
WHATSAPP_native;youtube_native;D24_V_indoor_move_0002.mp4;False;0.441176;0.333333;0.243243
WHATSAPP_native;youtube_native;D24_V_outdoor_move_0002.mp4;False;0.441176;0.333333;0.243243
WHATSAPP_native;youtube_native;D25_V_indoor_move_0002.mp4;False;0.441176;0.333333;0.243243
WHATSAPP_native;youtube_native;D25_V_outdoor_move_0002.mp4;False;0.441176;0.333333;0.243243
WHATSAPP_native;youtube_native;D26_V_indoor_move_0002.mp4;False;0.441176;0.333333;0.243243
WHATSAPP_native;youtube_native;D26_V_outdoor_move_0002.mp4;False;0.441176;0.333333;0.243243
WHATSAPP_native;youtube_native;D27_V_indoor_move_0002.mp4;False;0.441176;0.333333;0.243243
WHATSAPP_native;youtube_native;D27_V_outdoor_move_0002.mp4;False;0.441176;0.333333;0.243243
WHATSAPP_native;youtube_native;D28_V_indoor_move_0002.mp4;False;0.441176;0.333333;0.243243
WHATSAPP_native;youtube_native;D28_V_outdoor_move_0002.mp4;False;0.441176;0.333333;0.243243
WHATSAPP_native;youtube_native;D29_V_indoor_move_0002.mp4;False;0.441176;0.333333;0.243243
WHATSAPP_native;youtube_native;D29_V_outdoor_move_0002.mp4;False;0.441176;0.333333;0.243243
WHATSAPP_native;youtube_native;D30_V_indoor_move_0002.mp4;False;0.441176;0.333333;0.243243
WHATSAPP_native;youtube_native;D30_V_outdoor_move_0002.mp4;False;0.441176;0.333333;0.243243
WHATSAPP_native;youtube_native;D31_V_indoor_move_0002.mp4;False;0.441176;0.333333;0.243243
WHATSAPP_native;youtube_native;D31_V_outdoor_move_0002.mp4;False;0.441176;0.333333;0.243243
WHATSAPP_native;youtube_native;D32_V_indoor_move_0002.mp4;False;0.441176;0.333333;0.243243
WHATSAPP_native;youtube_native;D32_V_outdoor_move_0002.mp4;False;0.441176;0.333333;0.243243
WHATSAPP_native;youtube_native;D33_V_indoor_move_0002.mp4;False;0.441176;0.333333;0.243243
WHATSAPP_native;youtube_native;D33_V_outdoor_move_0002.mp4;False;0.441176;0.333333;0.243243
WHATSAPP_native;youtube_native;D34_V_indoor_move_0002.mp4;False;0.441176;0.333333;0.243243
WHATSAPP_native;youtube_native;D34_V_outdoor_move_0002.mp4;False;0.441176;0.333333;0.243243
WHATSAPP_native;youtube_native;D35_V_outdoor_move_0002.mp4;False;0.441176;0.333333;0.243243
WHATSAPP_native;youtube_native;D35_V_outdoor_panrot_0002.mp4;False;0.441176;0.333333;0.243243
