ground_truth_source;ground_truth_mp4;filename;true_positive;similarity_2;similarity_3;similarity_4
AI;ai;AI01_02_synth.mp4;True;1.0;1.0;1.0
AI;ai;AI01_04_df.mp4;True;1.0;1.0;1.0
AI;ai;AI02_02_synth.mp4;True;1.0;1.0;1.0
AI;ai;AI02_04_df.mp4;True;1.0;1.0;1.0
AI;ai;AI03_02_df.mp4;True;1.0;1.0;1.0
AI;ai;AI04_02_df.mp4;True;1.0;1.0;1.0
AI;ai;AI04_04_df.mp4;True;1.0;1.0;1.0
AI;ai;AI04_06_df.mp4;True;1.0;1.0;1.0
AI;ai;AI04_08_df.mp4;True;1.0;1.0;1.0
AI;ai;AI04_10_synth.mp4;True;1.0;1.0;1.0
AI;ai;AI04_12_synth.mp4;True;1.0;1.0;1.0
AI;ai;AI04_15_df.mp4;True;1.0;1.0;1.0
AI;ai;AI05_02_synth.mp4;True;1.0;1.0;1.0
AI;ai;AI06_02_synth.mp4;True;1.0;1.0;1.0
AI;ai;AI07_02_synth.mp4;True;1.0;1.0;1.0
AI;ai;AI07_04_synth.mp4;True;1.0;1.0;1.0
AI;ai;AI07_06_synth.mp4;True;1.0;1.0;1.0
AI;ai;AI07_08_synth.mp4;True;1.0;1.0;1.0
AI;ai;AI07_10_df.mp4;True;1.0;1.0;1.0
AI;ai;AI08_02_df.mp4;True;1.0;1.0;1.0
AI;ai;AI08_04_df.mp4;True;1.0;1.0;1.0
AI;ai;AI09_02_df.mp4;True;1.0;1.0;1.0
AI;ai;AI09_04_df.mp4;True;1.0;1.0;1.0
AI;ai;AI10_02_df.mp4;True;1.0;1.0;1.0
AI;ai;AI10_04_df.mp4;True;1.0;1.0;1.0
AI;ai;AI11_02_df.mp4;True;1.0;1.0;1.0
AI;ai;AI11_04_df.mp4;True;1.0;1.0;1.0
AI;ai;AI11_06_synth.mp4;True;1.0;1.0;1.0
AI;ai;AI11_08_synth.mp4;True;1.0;1.0;1.0
AI;ai;AI11_10_df.mp4;True;1.0;1.0;1.0
AI;vision;D01_V_flat_move_0002.mp4;False;0.645161;0.545455;0.457143
AI;vision;D01_V_flat_panrot_0001.mp4;False;0.645161;0.545455;0.457143
AI;vision;D01_V_flat_still_0001.mp4;False;0.645161;0.545455;0.457143
AI;vision;D01_V_flatWA_move_0002.mp4;False;0.69697;0.6;0.513514
AI;vision;D01_V_flatWA_panrot_0001.mp4;False;0.69697;0.6;0.513514
AI;vision;D01_V_flatWA_still_0001.mp4;False;0.69697;0.6;0.513514
AI;vision;D01_V_flatYT_move_0002.mp4;False;0.972222;0.947368;0.925
AI;vision;D01_V_flatYT_panrot_0001.mp4;False;0.972222;0.947368;0.925
AI;vision;D01_V_flatYT_still_0001.mp4;False;0.972222;0.947368;0.925
AI;vision;D01_V_indoor_move_0002.mp4;False;0.645161;0.545455;0.457143
AI;vision;D01_V_indoor_panrot_0001.mp4;False;0.645161;0.545455;0.457143
AI;vision;D01_V_indoor_panrot_0002.mp4;False;0.645161;0.545455;0.457143
AI;vision;D01_V_indoor_still_0001.mp4;False;0.645161;0.545455;0.457143
AI;vision;D01_V_indoor_still_0002.mp4;False;0.645161;0.545455;0.457143
AI;vision;D01_V_indoorWA_move_0002.mp4;False;0.69697;0.6;0.513514
AI;vision;D01_V_indoorWA_panrot_0001.mp4;False;0.69697;0.6;0.513514
AI;vision;D01_V_indoorWA_panrot_0002.mp4;False;0.69697;0.6;0.513514
AI;vision;D01_V_indoorWA_still_0001.mp4;False;0.69697;0.6;0.513514
AI;vision;D01_V_indoorWA_still_0002.mp4;False;0.69697;0.6;0.513514
AI;vision;D01_V_indoorYT_move_0002.mp4;False;0.972222;0.947368;0.925
AI;vision;D01_V_indoorYT_panrot_0001.mp4;False;0.972222;0.947368;0.925
AI;vision;D01_V_indoorYT_panrot_0002.mp4;False;0.972222;0.947368;0.925
AI;vision;D01_V_indoorYT_still_0001.mp4;False;0.972222;0.947368;0.925
AI;vision;D01_V_indoorYT_still_0002.mp4;False;0.972222;0.947368;0.925
AI;vision;D01_V_outdoor_move_0002.mp4;False;0.645161;0.545455;0.457143
AI;vision;D01_V_outdoor_move_0003.mp4;False;0.645161;0.545455;0.457143
AI;vision;D01_V_outdoor_move_0004.mp4;False;0.645161;0.545455;0.457143
AI;vision;D01_V_outdoor_panrot_0001.mp4;False;0.645161;0.545455;0.457143
AI;vision;D01_V_outdoor_panrot_0002.mp4;False;0.645161;0.545455;0.457143
AI;vision;D01_V_outdoor_panrot_0003.mp4;False;0.645161;0.545455;0.457143
AI;vision;D01_V_outdoor_panrot_0004.mp4;False;0.645161;0.545455;0.457143
AI;vision;D01_V_outdoor_still_0001.mp4;False;0.645161;0.545455;0.457143
AI;vision;D01_V_outdoor_still_0002.mp4;False;0.645161;0.545455;0.457143
AI;vision;D01_V_outdoor_still_0003.mp4;False;0.645161;0.545455;0.457143
AI;vision;D01_V_outdoor_still_0004.mp4;False;0.645161;0.545455;0.457143
AI;vision;D01_V_outdoorWA_move_0002.mp4;False;0.69697;0.6;0.513514
AI;vision;D01_V_outdoorWA_move_0003.mp4;False;0.69697;0.6;0.513514
AI;vision;D01_V_outdoorWA_move_0004.mp4;False;0.69697;0.6;0.513514
AI;vision;D01_V_outdoorWA_panrot_0001.mp4;False;0.69697;0.6;0.513514
AI;vision;D01_V_outdoorWA_panrot_0002.mp4;False;0.69697;0.6;0.513514
AI;vision;D01_V_outdoorWA_panrot_0003.mp4;False;0.69697;0.6;0.513514
AI;vision;D01_V_outdoorWA_panrot_0004.mp4;False;0.69697;0.6;0.513514
AI;vision;D01_V_outdoorWA_still_0001.mp4;False;0.69697;0.6;0.513514
AI;vision;D01_V_outdoorWA_still_0002.mp4;False;0.69697;0.6;0.513514
AI;vision;D01_V_outdoorWA_still_0003.mp4;False;0.69697;0.6;0.513514
AI;vision;D01_V_outdoorWA_still_0004.mp4;False;0.69697;0.6;0.513514
AI;vision;D01_V_outdoorYT_panrot_0002.mp4;False;0.972222;0.947368;0.925
AI;vision;D01_V_outdoorYT_panrot_0003.mp4;False;0.972222;0.947368;0.925
AI;vision;D01_V_outdoorYT_still_0001.mp4;False;0.972222;0.947368;0.925
AI;vision;D01_V_outdoorYT_still_0002.mp4;False;0.972222;0.947368;0.925
AI;vision;D01_V_outdoorYT_still_0003.mp4;False;0.972222;0.947368;0.925
AI;vision;D02_V_flat_move_0002.mov;False;0.557692;0.410714;0.305085
AI;vision;D02_V_flat_panrot_0001.mov;False;0.54717;0.403509;0.3
AI;vision;D02_V_flat_still_0001.mov;False;0.54717;0.403509;0.3
AI;vision;D02_V_flatWA_move_0002.mp4;False;0.69697;0.6;0.513514
AI;vision;D02_V_flatWA_panrot_0001.mp4;False;0.69697;0.6;0.513514
AI;vision;D02_V_flatWA_still_0001.mp4;False;0.69697;0.6;0.513514
AI;vision;D02_V_flatYT_move_0002.mp4;False;0.972222;0.947368;0.925
AI;vision;D02_V_flatYT_panrot_0001.mp4;False;0.972222;0.947368;0.925
AI;vision;D02_V_flatYT_still_0001.mp4;False;0.972222;0.947368;0.925
AI;vision;D02_V_indoor_panrot_0001.mov;False;0.54717;0.403509;0.3
AI;vision;D02_V_indoor_still_0001.mov;False;0.54717;0.403509;0.3
AI;vision;D02_V_indoorWA_panrot_0001.mp4;False;0.69697;0.6;0.513514
AI;vision;D02_V_indoorWA_still_0001.mp4;False;0.69697;0.6;0.513514
AI;vision;D02_V_indoorYT_panrot_0001.mp4;False;0.972222;0.947368;0.925
AI;vision;D02_V_indoorYT_still_0001.mp4;False;0.972222;0.947368;0.925
AI;vision;D02_V_outdoor_panrot_0001.mov;False;0.54717;0.403509;0.3
AI;vision;D02_V_outdoor_panrot_0002.mov;False;0.54717;0.403509;0.3
AI;vision;D02_V_outdoor_still_0001.mov;False;0.54717;0.403509;0.3
AI;vision;D02_V_outdoor_still_0002.mov;False;0.54717;0.403509;0.3
AI;vision;D02_V_outdoor_still_0003.mov;False;0.54717;0.403509;0.3
AI;vision;D02_V_outdoorWA_panrot_0001.mp4;False;0.69697;0.6;0.513514
AI;vision;D02_V_outdoorWA_panrot_0002.mp4;False;0.69697;0.6;0.513514
AI;vision;D02_V_outdoorWA_still_0001.mp4;False;0.69697;0.6;0.513514
AI;vision;D02_V_outdoorWA_still_0002.mp4;False;0.69697;0.6;0.513514
AI;vision;D02_V_outdoorWA_still_0003.mp4;False;0.69697;0.6;0.513514
AI;vision;D02_V_outdoorYT_panrot_0001.mp4;False;0.972222;0.947368;0.925
AI;vision;D02_V_outdoorYT_panrot_0002.mp4;False;0.972222;0.947368;0.925
AI;vision;D02_V_outdoorYT_still_0001.mp4;False;0.972222;0.947368;0.925
AI;vision;D02_V_outdoorYT_still_0002.mp4;False;0.972222;0.947368;0.925
AI;vision;D02_V_outdoorYT_still_0003.mp4;False;0.972222;0.947368;0.925
AI;vision;D03_V_flat_move_0002.mp4;False;0.647059;0.472222;0.394737
AI;vision;D03_V_flat_move_0003.mp4;False;0.647059;0.472222;0.394737
AI;vision;D03_V_flat_panrot_0001.mp4;False;0.647059;0.472222;0.394737
AI;vision;D03_V_flat_panrot_0002.mp4;False;0.647059;0.472222;0.394737
AI;vision;D03_V_flat_still_0001.mp4;False;0.647059;0.472222;0.394737
AI;vision;D03_V_flatWA_move_0002.mp4;False;0.69697;0.6;0.513514
AI;vision;D03_V_flatWA_move_0003.mp4;False;0.69697;0.6;0.513514
AI;vision;D03_V_flatWA_panrot_0001.mp4;False;0.69697;0.6;0.513514
AI;vision;D03_V_flatWA_panrot_0002.mp4;False;0.69697;0.6;0.513514
AI;vision;D03_V_flatWA_still_0001.mp4;False;0.69697;0.6;0.513514
AI;vision;D03_V_flatYT_move_0002.mp4;False;0.972222;0.947368;0.925
AI;vision;D03_V_flatYT_move_0003.mp4;False;0.972222;0.947368;0.925
AI;vision;D03_V_flatYT_panrot_0001.mp4;False;0.972222;0.947368;0.925
AI;vision;D03_V_flatYT_panrot_0002.mp4;False;0.972222;0.947368;0.925
AI;vision;D03_V_flatYT_still_0001.mp4;False;0.972222;0.947368;0.925
AI;vision;D03_V_indoor_move_0002.mp4;False;0.647059;0.472222;0.394737
AI;vision;D03_V_indoor_panrot_0001.mp4;False;0.647059;0.472222;0.394737
AI;vision;D03_V_indoor_panrot_0002.mp4;False;0.647059;0.472222;0.394737
AI;vision;D03_V_indoor_still_0001.mp4;False;0.647059;0.472222;0.394737
AI;vision;D03_V_indoor_still_0002.mp4;False;0.647059;0.472222;0.394737
AI;vision;D03_V_indoorWA_move_0002.mp4;False;0.69697;0.6;0.513514
AI;vision;D03_V_indoorWA_panrot_0001.mp4;False;0.69697;0.6;0.513514
AI;vision;D03_V_indoorWA_panrot_0002.mp4;False;0.69697;0.6;0.513514
AI;vision;D03_V_indoorWA_still_0001.mp4;False;0.69697;0.6;0.513514
AI;vision;D03_V_indoorWA_still_0002.mp4;False;0.69697;0.6;0.513514
AI;vision;D03_V_indoorYT_move_0002.mp4;False;0.972222;0.947368;0.925
AI;vision;D03_V_indoorYT_panrot_0001.mp4;False;0.972222;0.947368;0.925
AI;vision;D03_V_indoorYT_panrot_0002.mp4;False;0.972222;0.947368;0.925
AI;vision;D03_V_indoorYT_still_0001.mp4;False;0.972222;0.947368;0.925
AI;vision;D03_V_indoorYT_still_0002.mp4;False;0.972222;0.947368;0.925
AI;vision;D03_V_outdoor_move_0002.mp4;False;0.647059;0.472222;0.394737
AI;vision;D03_V_outdoor_panrot_0001.mp4;False;0.647059;0.472222;0.394737
AI;vision;D03_V_outdoor_panrot_0002.mp4;False;0.647059;0.472222;0.394737
AI;vision;D03_V_outdoor_still_0001.mp4;False;0.647059;0.472222;0.394737
AI;vision;D03_V_outdoor_still_0002.mp4;False;0.647059;0.472222;0.394737
AI;vision;D03_V_outdoorWA_move_0002.mp4;False;0.69697;0.6;0.513514
AI;vision;D03_V_outdoorWA_panrot_0001.mp4;False;0.69697;0.6;0.513514
AI;vision;D03_V_outdoorWA_panrot_0002.mp4;False;0.69697;0.6;0.513514
AI;vision;D03_V_outdoorWA_still_0001.mp4;False;0.69697;0.6;0.513514
AI;vision;D03_V_outdoorWA_still_0002.mp4;False;0.69697;0.6;0.513514
AI;vision;D03_V_outdoorYT_move_0002.mp4;False;0.972222;0.947368;0.925
AI;vision;D03_V_outdoorYT_panrot_0001.mp4;False;0.972222;0.947368;0.925
AI;vision;D03_V_outdoorYT_panrot_0002.mp4;False;0.972222;0.947368;0.925
AI;vision;D03_V_outdoorYT_still_0001.mp4;False;0.972222;0.947368;0.925
AI;vision;D03_V_outdoorYT_still_0002.mp4;False;0.972222;0.947368;0.925
AI;vision;D04_V_flat_move_0002.mp4;False;0.625;0.470588;0.388889
AI;vision;D04_V_flat_move_0003.mp4;False;0.625;0.470588;0.388889
AI;vision;D04_V_flat_panrot_0001.mp4;False;0.625;0.470588;0.388889
AI;vision;D04_V_flat_panrot_0002.mp4;False;0.625;0.470588;0.388889
AI;vision;D04_V_flat_still_0001.mp4;False;0.625;0.470588;0.388889
AI;vision;D04_V_flat_still_0002.mp4;False;0.625;0.470588;0.388889
AI;vision;D04_V_flatWA_move_0002.mp4;False;0.6875;0.588235;0.5
AI;vision;D04_V_flatWA_move_0003.mp4;False;0.6875;0.588235;0.5
AI;vision;D04_V_flatWA_panrot_0001.mp4;False;0.6875;0.588235;0.5
AI;vision;D04_V_flatWA_panrot_0002.mp4;False;0.6875;0.588235;0.5
AI;vision;D04_V_flatWA_still_0001.mp4;False;0.6875;0.588235;0.5
AI;vision;D04_V_flatWA_still_0002.mp4;False;0.6875;0.588235;0.5
AI;vision;D04_V_flatYT_move_0002.mp4;False;0.972222;0.947368;0.925
AI;vision;D04_V_flatYT_move_0003.mp4;False;0.972222;0.947368;0.925
AI;vision;D04_V_flatYT_panrot_0001.mp4;False;0.972222;0.947368;0.925
AI;vision;D04_V_flatYT_panrot_0002.mp4;False;0.972222;0.947368;0.925
AI;vision;D04_V_flatYT_still_0001.mp4;False;0.972222;0.947368;0.925
AI;vision;D04_V_flatYT_still_0002.mp4;False;0.972222;0.947368;0.925
AI;vision;D04_V_indoor_move_0002.mp4;False;0.625;0.470588;0.388889
AI;vision;D04_V_indoor_panrot_0001.mp4;False;0.625;0.470588;0.388889
AI;vision;D04_V_indoor_panrot_0002.mp4;False;0.625;0.470588;0.388889
AI;vision;D04_V_indoor_still_0001.mp4;False;0.625;0.470588;0.388889
AI;vision;D04_V_indoor_still_0002.mp4;False;0.625;0.470588;0.388889
AI;vision;D04_V_indoorWA_panrot_0001.mp4;False;0.6875;0.588235;0.5
AI;vision;D04_V_indoorWA_panrot_0002.mp4;False;0.6875;0.588235;0.5
AI;vision;D04_V_indoorWA_still_0001.mp4;False;0.6875;0.588235;0.5
AI;vision;D04_V_indoorWA_still_0002.mp4;False;0.6875;0.588235;0.5
AI;vision;D04_V_indoorYT_move_0002.mp4;False;0.972222;0.947368;0.925
AI;vision;D04_V_indoorYT_panrot_0001.mp4;False;0.972222;0.947368;0.925
AI;vision;D04_V_indoorYT_panrot_0002.mp4;False;0.972222;0.947368;0.925
AI;vision;D04_V_indoorYT_still_0001.mp4;False;0.972222;0.947368;0.925
AI;vision;D04_V_indoorYT_still_0002.mp4;False;0.972222;0.947368;0.925
AI;vision;D04_V_outdoor_move_0002.mp4;False;0.625;0.470588;0.388889
AI;vision;D04_V_outdoor_panrot_0001.mp4;False;0.625;0.470588;0.388889
AI;vision;D04_V_outdoor_panrot_0002.mp4;False;0.625;0.470588;0.388889
AI;vision;D04_V_outdoor_still_0001.mp4;False;0.625;0.470588;0.388889
AI;vision;D04_V_outdoor_still_0002.mp4;False;0.625;0.470588;0.388889
AI;vision;D04_V_outdoorWA_move_0002.mp4;False;0.6875;0.588235;0.5
AI;vision;D04_V_outdoorWA_panrot_0001.mp4;False;0.6875;0.588235;0.5
AI;vision;D04_V_outdoorWA_panrot_0002.mp4;False;0.6875;0.588235;0.5
AI;vision;D04_V_outdoorWA_still_0001.mp4;False;0.6875;0.588235;0.5
AI;vision;D04_V_outdoorWA_still_0002.mp4;False;0.6875;0.588235;0.5
AI;vision;D04_V_outdoorYT_move_0002.mp4;False;0.972222;0.947368;0.925
AI;vision;D04_V_outdoorYT_panrot_0001.mp4;False;0.972222;0.947368;0.925
AI;vision;D04_V_outdoorYT_panrot_0002.mp4;False;0.972222;0.947368;0.925
AI;vision;D04_V_outdoorYT_still_0001.mp4;False;0.972222;0.947368;0.925
AI;vision;D04_V_outdoorYT_still_0002.mp4;False;0.972222;0.947368;0.925
AI;vision;D05_V_flat_move_0002.mov;False;0.54902;0.403509;0.306452
AI;vision;D05_V_flat_move_0003.mov;False;0.54902;0.403509;0.306452
AI;vision;D05_V_flat_panrot_0001.mov;False;0.54902;0.403509;0.306452
AI;vision;D05_V_flat_panrot_0002.mov;False;0.54902;0.403509;0.306452
AI;vision;D05_V_flat_still_0001.mov;False;0.54902;0.403509;0.306452
AI;vision;D05_V_flat_still_0002.mov;False;0.54902;0.403509;0.306452
AI;vision;D05_V_flatWA_move_0002.mp4;False;0.69697;0.6;0.513514
AI;vision;D05_V_flatWA_move_0003.mp4;False;0.69697;0.6;0.513514
AI;vision;D05_V_flatWA_panrot_0001.mp4;False;0.69697;0.6;0.513514
AI;vision;D05_V_flatWA_panrot_0002.mp4;False;0.69697;0.6;0.513514
AI;vision;D05_V_flatWA_still_0001.mp4;False;0.69697;0.6;0.513514
AI;vision;D05_V_flatWA_still_0002.mp4;False;0.69697;0.6;0.513514
AI;vision;D05_V_flatYT_move_0002.mp4;False;0.972222;0.947368;0.925
AI;vision;D05_V_flatYT_move_0003.mp4;False;0.972222;0.947368;0.925
AI;vision;D05_V_flatYT_panrot_0001.mp4;False;0.972222;0.947368;0.925
AI;vision;D05_V_flatYT_panrot_0002.mp4;False;0.972222;0.947368;0.925
AI;vision;D05_V_flatYT_still_0001.mp4;False;0.972222;0.947368;0.925
AI;vision;D05_V_flatYT_still_0002.mp4;False;0.972222;0.947368;0.925
AI;vision;D05_V_indoor_move_0002.mov;False;0.54902;0.403509;0.306452
AI;vision;D05_V_indoor_panrot_0001.mov;False;0.54902;0.403509;0.306452
AI;vision;D05_V_indoor_panrot_0002.mov;False;0.54902;0.403509;0.306452
AI;vision;D05_V_indoor_still_0001.mov;False;0.54902;0.403509;0.306452
AI;vision;D05_V_indoor_still_0002.mov;False;0.54902;0.403509;0.306452
AI;vision;D05_V_indoorWA_move_0002.mp4;False;0.69697;0.6;0.513514
AI;vision;D05_V_indoorWA_panrot_0001.mp4;False;0.69697;0.6;0.513514
AI;vision;D05_V_indoorWA_panrot_0002.mp4;False;0.69697;0.6;0.513514
AI;vision;D05_V_indoorWA_still_0001.mp4;False;0.69697;0.6;0.513514
AI;vision;D05_V_indoorWA_still_0002.mp4;False;0.69697;0.6;0.513514
AI;vision;D05_V_indoorYT_move_0002.mp4;False;0.972222;0.947368;0.925
AI;vision;D05_V_indoorYT_panrot_0001.mp4;False;0.972222;0.947368;0.925
AI;vision;D05_V_indoorYT_panrot_0002.mp4;False;0.972222;0.947368;0.925
AI;vision;D05_V_indoorYT_still_0001.mp4;False;0.972222;0.947368;0.925
AI;vision;D05_V_indoorYT_still_0002.mp4;False;0.972222;0.947368;0.925
AI;vision;D05_V_outdoor_move_0002.mov;False;0.54902;0.403509;0.306452
AI;vision;D05_V_outdoor_panrot_0001.mov;False;0.54902;0.403509;0.306452
AI;vision;D05_V_outdoor_panrot_0002.mov;False;0.54902;0.403509;0.306452
AI;vision;D05_V_outdoor_still_0001.mov;False;0.54902;0.403509;0.306452
AI;vision;D05_V_outdoor_still_0002.mov;False;0.54902;0.403509;0.306452
AI;vision;D05_V_outdoorWA_move_0002.mp4;False;0.69697;0.6;0.513514
AI;vision;D05_V_outdoorWA_panrot_0001.mp4;False;0.69697;0.6;0.513514
AI;vision;D05_V_outdoorWA_panrot_0002.mp4;False;0.69697;0.6;0.513514
AI;vision;D05_V_outdoorWA_still_0001.mp4;False;0.69697;0.6;0.513514
AI;vision;D05_V_outdoorWA_still_0002.mp4;False;0.69697;0.6;0.513514
AI;vision;D05_V_outdoorYT_move_0002.mp4;False;0.972222;0.947368;0.925
AI;vision;D05_V_outdoorYT_panrot_0001.mp4;False;0.972222;0.947368;0.925
AI;vision;D05_V_outdoorYT_panrot_0002.mp4;False;0.972222;0.947368;0.925
AI;vision;D05_V_outdoorYT_still_0001.mp4;False;0.972222;0.947368;0.925
AI;vision;D05_V_outdoorYT_still_0002.mp4;False;0.972222;0.947368;0.925
AI;vision;D06_V_flat_move_0002.mov;False;0.56;0.433962;0.345455
AI;vision;D06_V_flat_panrot_0001.mov;False;0.56;0.433962;0.345455
AI;vision;D06_V_flat_panrot_0002.mov;False;0.56;0.433962;0.345455
AI;vision;D06_V_flat_still_0001.mov;False;0.56;0.433962;0.345455
AI;vision;D06_V_flatWA_move_0002.mp4;False;0.69697;0.6;0.513514
AI;vision;D06_V_flatWA_panrot_0001.mp4;False;0.69697;0.6;0.513514
AI;vision;D06_V_flatWA_panrot_0002.mp4;False;0.69697;0.6;0.513514
AI;vision;D06_V_flatWA_still_0001.mp4;False;0.69697;0.6;0.513514
AI;vision;D06_V_flatYT_panrot_0001.mp4;False;0.972222;0.947368;0.925
AI;vision;D06_V_flatYT_panrot_0002.mp4;False;0.972222;0.947368;0.925
AI;vision;D06_V_flatYT_still_0001.mp4;False;0.972222;0.947368;0.925
AI;vision;D06_V_indoor_move_0002.mov;False;0.56;0.433962;0.345455
AI;vision;D06_V_indoor_panrot_0001.mov;False;0.56;0.433962;0.345455
AI;vision;D06_V_indoor_panrot_0002.mov;False;0.56;0.433962;0.345455
AI;vision;D06_V_indoor_still_0001.mov;False;0.56;0.433962;0.345455
AI;vision;D06_V_indoor_still_0002.mov;False;0.56;0.433962;0.345455
AI;vision;D06_V_indoorWA_move_0002.mov.mp4;False;0.69697;0.6;0.513514
AI;vision;D06_V_indoorWA_panrot_0001.mp4;False;0.69697;0.6;0.513514
AI;vision;D06_V_indoorWA_panrot_0002.mp4;False;0.69697;0.6;0.513514
AI;vision;D06_V_indoorWA_still_0001.mp4;False;0.69697;0.6;0.513514
AI;vision;D06_V_indoorWA_still_0002.mp4;False;0.69697;0.6;0.513514
AI;vision;D06_V_indoorYT_panrot_0001.mp4;False;0.972222;0.947368;0.925
AI;vision;D06_V_indoorYT_panrot_0002.mp4;False;0.972222;0.947368;0.925
AI;vision;D06_V_indoorYT_still_0001.mp4;False;0.972222;0.947368;0.925
AI;vision;D06_V_indoorYT_still_0002.mp4;False;0.972222;0.947368;0.925
AI;vision;D06_V_outdoor_move_0002.mov;False;0.56;0.433962;0.345455
AI;vision;D06_V_outdoor_panrot_0001.mov;False;0.56;0.433962;0.345455
AI;vision;D06_V_outdoor_panrot_0002.mov;False;0.56;0.433962;0.345455
AI;vision;D06_V_outdoor_still_0001.mov;False;0.56;0.433962;0.345455
AI;vision;D06_V_outdoor_still_0002.mov;False;0.56;0.433962;0.345455
AI;vision;D06_V_outdoorWA_move_0002.mp4;False;0.69697;0.6;0.513514
AI;vision;D06_V_outdoorWA_panrot_0001.mp4;False;0.69697;0.6;0.513514
AI;vision;D06_V_outdoorWA_panrot_0002.mov.mp4;False;0.69697;0.6;0.513514
AI;vision;D06_V_outdoorWA_still_0001.mp4;False;0.69697;0.6;0.513514
AI;vision;D06_V_outdoorWA_still_0002.mp4;False;0.69697;0.6;0.513514
AI;vision;D06_V_outdoorYT_move_0002.mp4;False;0.972222;0.947368;0.925
AI;vision;D06_V_outdoorYT_panrot_0001.mp4;False;0.972222;0.947368;0.925
AI;vision;D06_V_outdoorYT_panrot_0002.mp4;False;0.972222;0.947368;0.925
AI;vision;D06_V_outdoorYT_still_0001.mp4;False;0.972222;0.947368;0.925
AI;vision;D06_V_outdoorYT_still_0002.mp4;False;0.972222;0.947368;0.925
AI;vision;D07_V_flatWA_move_0002.mp4;False;0.69697;0.6;0.513514
AI;vision;D07_V_flatWA_move_0003.mp4;False;0.69697;0.6;0.513514
AI;vision;D07_V_flatWA_panrot_0001.mp4;False;0.69697;0.6;0.513514
AI;vision;D07_V_flatWA_panrot_0002.mp4;False;0.69697;0.6;0.513514
AI;vision;D07_V_flatWA_still_0001.mp4;False;0.69697;0.6;0.513514
AI;vision;D07_V_flatWA_still_0002.mp4;False;0.69697;0.6;0.513514
AI;vision;D07_V_flatYT_move_0002.mp4;False;0.972222;0.947368;0.925
AI;vision;D07_V_flatYT_move_0003.mp4;False;0.972222;0.947368;0.925
AI;vision;D07_V_flatYT_panrot_0001.mp4;False;0.972222;0.947368;0.925
AI;vision;D07_V_flatYT_panrot_0002.mp4;False;0.972222;0.947368;0.925
AI;vision;D07_V_flatYT_still_0001.mp4;False;0.972222;0.947368;0.925
AI;vision;D07_V_flatYT_still_0002.mp4;False;0.972222;0.947368;0.925
AI;vision;D07_V_indoorWA_move_0002.mp4;False;0.69697;0.6;0.513514
AI;vision;D07_V_indoorWA_panrot_0001.mp4;False;0.69697;0.6;0.513514
AI;vision;D07_V_indoorWA_panrot_0002.mp4;False;0.69697;0.6;0.513514
AI;vision;D07_V_indoorWA_still_0001.mp4;False;0.69697;0.6;0.513514
AI;vision;D07_V_indoorWA_still_0002.mp4;False;0.69697;0.6;0.513514
AI;vision;D07_V_indoorYT_move_0002.mp4;False;0.972222;0.947368;0.925
AI;vision;D07_V_indoorYT_panrot_0001.mp4;False;0.972222;0.947368;0.925
AI;vision;D07_V_indoorYT_panrot_0002.mp4;False;0.972222;0.947368;0.925
AI;vision;D07_V_indoorYT_still_0001.mp4;False;0.972222;0.947368;0.925
AI;vision;D07_V_indoorYT_still_0002.mp4;False;0.972222;0.947368;0.925
AI;vision;D07_V_outdoorWA_move_0002.mp4;False;0.69697;0.6;0.513514
AI;vision;D07_V_outdoorWA_panrot_0001.mp4;False;0.69697;0.6;0.513514
AI;vision;D07_V_outdoorWA_panrot_0002.mp4;False;0.69697;0.6;0.513514
AI;vision;D07_V_outdoorWA_still_0001.mp4;False;0.69697;0.6;0.513514
AI;vision;D07_V_outdoorWA_still_0002.mp4;False;0.69697;0.6;0.513514
AI;vision;D07_V_outdoorYT_move_0002.mp4;False;0.972222;0.947368;0.925
AI;vision;D07_V_outdoorYT_panrot_0001.mp4;False;0.972222;0.947368;0.925
AI;vision;D07_V_outdoorYT_panrot_0002.mp4;False;0.972222;0.947368;0.925
AI;vision;D07_V_outdoorYT_still_0001.mp4;False;0.972222;0.947368;0.925
AI;vision;D07_V_outdoorYT_still_0002.mp4;False;0.972222;0.947368;0.925
AI;vision;D08_V_flat_move_0002.mp4;False;0.625;0.529412;0.444444
AI;vision;D08_V_flat_move_0003.mp4;False;0.625;0.529412;0.444444
AI;vision;D08_V_flat_move_0004.mp4;False;0.625;0.529412;0.444444
AI;vision;D08_V_flat_panrot_0001.mp4;False;0.625;0.529412;0.444444
AI;vision;D08_V_flat_panrot_0002.mp4;False;0.625;0.529412;0.444444
AI;vision;D08_V_flat_panrot_0003.mp4;False;0.625;0.529412;0.444444
AI;vision;D08_V_flat_panrot_0004.mp4;False;0.625;0.529412;0.444444
AI;vision;D08_V_flat_still_0001.mp4;False;0.625;0.529412;0.444444
AI;vision;D08_V_flat_still_0002.mp4;False;0.625;0.529412;0.444444
AI;vision;D08_V_flat_still_0003.mp4;False;0.625;0.529412;0.444444
AI;vision;D08_V_flat_still_0004.mp4;False;0.625;0.529412;0.444444
AI;vision;D08_V_flat_still_0005.mp4;False;0.625;0.529412;0.444444
AI;vision;D08_V_flatWA_move_0002.mp4;False;0.69697;0.6;0.513514
AI;vision;D08_V_flatWA_move_0003.mp4;False;0.69697;0.6;0.513514
AI;vision;D08_V_flatWA_move_0004.mp4;False;0.69697;0.6;0.513514
AI;vision;D08_V_flatWA_panrot_0001.mp4;False;0.69697;0.6;0.513514
AI;vision;D08_V_flatWA_panrot_0003.mp4;False;0.69697;0.6;0.513514
AI;vision;D08_V_flatWA_panrot_0004.mp4;False;0.69697;0.6;0.513514
AI;vision;D08_V_flatWA_still_0001.mp4;False;0.69697;0.6;0.513514
AI;vision;D08_V_flatWA_still_0002.mp4;False;0.69697;0.6;0.513514
AI;vision;D08_V_flatWA_still_0003.mp4;False;0.69697;0.6;0.513514
AI;vision;D08_V_flatWA_still_0004.mp4;False;0.69697;0.6;0.513514
AI;vision;D08_V_flatWA_still_0005.mp4;False;0.69697;0.6;0.513514
AI;vision;D08_V_flatYT_move_0002.mp4;False;0.972222;0.947368;0.925
AI;vision;D08_V_flatYT_move_0003.mp4;False;0.972222;0.947368;0.925
AI;vision;D08_V_flatYT_move_0004.mp4;False;0.972222;0.947368;0.925
AI;vision;D08_V_flatYT_panrot_0001.mp4;False;0.972222;0.947368;0.925
AI;vision;D08_V_flatYT_panrot_0002.mp4;False;0.972222;0.947368;0.925
AI;vision;D08_V_flatYT_panrot_0003.mp4;False;0.972222;0.947368;0.925
AI;vision;D08_V_flatYT_panrot_0004.mp4;False;0.972222;0.947368;0.925
AI;vision;D08_V_flatYT_still_0001.mp4;False;0.972222;0.947368;0.925
AI;vision;D08_V_flatYT_still_0002.mp4;False;0.972222;0.947368;0.925
AI;vision;D08_V_flatYT_still_0003.mp4;False;0.972222;0.947368;0.925
AI;vision;D08_V_flatYT_still_0004.mp4;False;0.972222;0.947368;0.925
AI;vision;D08_V_flatYT_still_0005.mp4;False;0.972222;0.947368;0.925
AI;vision;D08_V_indoor_move_0002.mp4;False;0.625;0.529412;0.444444
AI;vision;D08_V_indoor_move_0003.mp4;False;0.625;0.529412;0.444444
AI;vision;D08_V_indoor_move_0004.mp4;False;0.625;0.529412;0.444444
AI;vision;D08_V_indoor_panrot_0001.mp4;False;0.625;0.529412;0.444444
AI;vision;D08_V_indoor_panrot_0002.mp4;False;0.625;0.529412;0.444444
AI;vision;D08_V_indoor_panrot_0003.mp4;False;0.625;0.529412;0.444444
AI;vision;D08_V_indoor_panrot_0004.mp4;False;0.625;0.529412;0.444444
AI;vision;D08_V_indoor_still_0001.mp4;False;0.625;0.529412;0.444444
AI;vision;D08_V_indoor_still_0002.mp4;False;0.625;0.529412;0.444444
AI;vision;D08_V_indoor_still_0003.mp4;False;0.625;0.529412;0.444444
AI;vision;D08_V_indoor_still_0004.mp4;False;0.625;0.529412;0.444444
AI;vision;D08_V_indoorWA_move_0002.mp4;False;0.69697;0.6;0.513514
AI;vision;D08_V_indoorWA_move_0003.mp4;False;0.69697;0.6;0.513514
AI;vision;D08_V_indoorWA_move_0004.mp4;False;0.69697;0.6;0.513514
AI;vision;D08_V_indoorWA_panrot_0001.mp4;False;0.69697;0.6;0.513514
AI;vision;D08_V_indoorWA_panrot_0002.mp4;False;0.69697;0.6;0.513514
AI;vision;D08_V_indoorWA_panrot_0003.mp4;False;0.69697;0.6;0.513514
AI;vision;D08_V_indoorWA_panrot_0004.mp4;False;0.69697;0.6;0.513514
AI;vision;D08_V_indoorWA_still_0001.mp4;False;0.69697;0.6;0.513514
AI;vision;D08_V_indoorWA_still_0002.mp4;False;0.69697;0.6;0.513514
AI;vision;D08_V_indoorWA_still_0003.mp4;False;0.69697;0.6;0.513514
AI;vision;D08_V_indoorWA_still_0004.mp4;False;0.69697;0.6;0.513514
AI;vision;D08_V_indoorYT_move_0002.mp4;False;0.972222;0.947368;0.925
AI;vision;D08_V_indoorYT_move_0003.mp4;False;0.972222;0.947368;0.925
AI;vision;D08_V_indoorYT_move_0004.mp4;False;0.972222;0.947368;0.925
AI;vision;D08_V_indoorYT_panrot_0001.mp4;False;0.972222;0.947368;0.925
AI;vision;D08_V_indoorYT_panrot_0002.mp4;False;0.972222;0.947368;0.925
AI;vision;D08_V_indoorYT_still_0001.mp4;False;0.972222;0.947368;0.925
AI;vision;D08_V_indoorYT_still_0002.mp4;False;0.972222;0.947368;0.925
AI;vision;D08_V_indoorYT_still_0003.mp4;False;0.972222;0.947368;0.925
AI;vision;D08_V_outdoor_move_0002.mp4;False;0.625;0.529412;0.444444
AI;vision;D08_V_outdoor_move_0003.mp4;False;0.625;0.529412;0.444444
AI;vision;D08_V_outdoor_move_0004.mp4;False;0.625;0.529412;0.444444
AI;vision;D08_V_outdoor_panrot_0001.mp4;False;0.625;0.529412;0.444444
AI;vision;D08_V_outdoor_panrot_0002.mp4;False;0.625;0.529412;0.444444
AI;vision;D08_V_outdoor_panrot_0003.mp4;False;0.625;0.529412;0.444444
AI;vision;D08_V_outdoor_panrot_0004.mp4;False;0.625;0.529412;0.444444
AI;vision;D08_V_outdoor_still_0001.mp4;False;0.625;0.529412;0.444444
AI;vision;D08_V_outdoor_still_0002.mp4;False;0.625;0.529412;0.444444
AI;vision;D08_V_outdoor_still_0003.mp4;False;0.625;0.529412;0.444444
AI;vision;D08_V_outdoor_still_0004.mp4;False;0.625;0.529412;0.444444
AI;vision;D08_V_outdoorWA_move_0002.mp4;False;0.69697;0.6;0.513514
AI;vision;D08_V_outdoorWA_move_0003.mp4;False;0.69697;0.6;0.513514
AI;vision;D08_V_outdoorWA_move_0004.mp4;False;0.69697;0.6;0.513514
AI;vision;D08_V_outdoorWA_panrot_0001.mp4;False;0.69697;0.6;0.513514
AI;vision;D08_V_outdoorWA_panrot_0002.mp4;False;0.69697;0.6;0.513514
AI;vision;D08_V_outdoorWA_panrot_0003.mp4;False;0.69697;0.6;0.513514
AI;vision;D08_V_outdoorWA_panrot_0004.mp4;False;0.69697;0.6;0.513514
AI;vision;D08_V_outdoorWA_still_0001.mp4;False;0.69697;0.6;0.513514
AI;vision;D08_V_outdoorWA_still_0002.mp4;False;0.69697;0.6;0.513514
AI;vision;D08_V_outdoorWA_still_0003.mp4;False;0.69697;0.6;0.513514
AI;vision;D08_V_outdoorWA_still_0004.mp4;False;0.69697;0.6;0.513514
AI;vision;D08_V_outdoorYT_move_0002.mp4;False;0.972222;0.947368;0.925
AI;vision;D08_V_outdoorYT_move_0003.mp4;False;0.972222;0.947368;0.925
AI;vision;D08_V_outdoorYT_move_0004.mp4;False;0.972222;0.947368;0.925
AI;vision;D08_V_outdoorYT_panrot_0001.mp4;False;0.972222;0.947368;0.925
AI;vision;D08_V_outdoorYT_panrot_0002.mp4;False;0.972222;0.947368;0.925
AI;vision;D08_V_outdoorYT_panrot_0003.mp4;False;0.972222;0.947368;0.925
AI;vision;D08_V_outdoorYT_panrot_0004.mp4;False;0.972222;0.947368;0.925
AI;vision;D08_V_outdoorYT_still_0001.mp4;False;0.972222;0.947368;0.925
AI;vision;D08_V_outdoorYT_still_0002.mp4;False;0.972222;0.947368;0.925
AI;vision;D08_V_outdoorYT_still_0003.mp4;False;0.972222;0.947368;0.925
AI;vision;D08_V_outdoorYT_still_0004.mp4;False;0.972222;0.947368;0.925
AI;vision;D09_V_flat_move_0002.mov;False;0.54717;0.403509;0.3
AI;vision;D09_V_flat_move_0003.mov;False;0.54717;0.403509;0.3
AI;vision;D09_V_flat_panrot_0001.mov;False;0.54717;0.403509;0.3
AI;vision;D09_V_flat_panrot_0002.mov;False;0.54717;0.403509;0.3
AI;vision;D09_V_flat_still_0001.mov;False;0.54717;0.403509;0.3
AI;vision;D09_V_flat_still_0002.mov;False;0.54717;0.403509;0.3
AI;vision;D09_V_flatWA_move_0002.mp4;False;0.69697;0.6;0.513514
AI;vision;D09_V_flatWA_move_0003.mp4;False;0.69697;0.6;0.513514
AI;vision;D09_V_flatWA_panrot_0001.mp4;False;0.69697;0.6;0.513514
AI;vision;D09_V_flatWA_panrot_0002.mp4;False;0.69697;0.6;0.513514
AI;vision;D09_V_flatWA_still_0001.mp4;False;0.69697;0.6;0.513514
AI;vision;D09_V_flatWA_still_0002.mp4;False;0.69697;0.6;0.513514
AI;vision;D09_V_flatYT_move_0002.mp4;False;0.972222;0.947368;0.925
AI;vision;D09_V_flatYT_move_0003.mp4;False;0.972222;0.947368;0.925
AI;vision;D09_V_flatYT_panrot_0001.mp4;False;0.972222;0.947368;0.925
AI;vision;D09_V_flatYT_panrot_0002.mp4;False;0.972222;0.947368;0.925
AI;vision;D09_V_flatYT_still_0001.mp4;False;0.972222;0.947368;0.925
AI;vision;D09_V_flatYT_still_0002.mp4;False;0.972222;0.947368;0.925
AI;vision;D09_V_indoor_move_0002.mov;False;0.557692;0.410714;0.305085
AI;vision;D09_V_indoor_panrot_0001.mov;False;0.54717;0.403509;0.3
AI;vision;D09_V_indoor_panrot_0002.mov;False;0.54717;0.403509;0.3
AI;vision;D09_V_indoor_still_0001.mov;False;0.54717;0.403509;0.3
AI;vision;D09_V_indoor_still_0002.mov;False;0.54717;0.403509;0.3
AI;vision;D09_V_indoorWA_move_0002.mp4;False;0.69697;0.6;0.513514
AI;vision;D09_V_indoorWA_panrot_0001.mp4;False;0.69697;0.6;0.513514
AI;vision;D09_V_indoorWA_panrot_0002.mp4;False;0.69697;0.6;0.513514
AI;vision;D09_V_indoorWA_still_0001.mp4;False;0.69697;0.6;0.513514
AI;vision;D09_V_indoorWA_still_0002.mp4;False;0.69697;0.6;0.513514
AI;vision;D09_V_indoorYT_move_0002.mp4;False;0.972222;0.947368;0.925
AI;vision;D09_V_indoorYT_panrot_0001.mp4;False;0.972222;0.947368;0.925
AI;vision;D09_V_indoorYT_panrot_0002.mp4;False;0.972222;0.947368;0.925
AI;vision;D09_V_indoorYT_still_0001.mp4;False;0.972222;0.947368;0.925
AI;vision;D09_V_indoorYT_still_0002.mp4;False;0.972222;0.947368;0.925
AI;vision;D09_V_outdoor_move_0002.mov;False;0.54717;0.403509;0.3
AI;vision;D09_V_outdoor_panrot_0001.mov;False;0.54717;0.403509;0.3
AI;vision;D09_V_outdoor_panrot_0002.mov;False;0.54717;0.403509;0.3
AI;vision;D09_V_outdoor_still_0001.mov;False;0.54717;0.403509;0.3
AI;vision;D09_V_outdoor_still_0002.mov;False;0.54717;0.403509;0.3
AI;vision;D09_V_outdoorWA_move_0002.mp4;False;0.69697;0.6;0.513514
AI;vision;D09_V_outdoorWA_panrot_0001.mp4;False;0.69697;0.6;0.513514
AI;vision;D09_V_outdoorWA_panrot_0002.mp4;False;0.69697;0.6;0.513514
AI;vision;D09_V_outdoorWA_still_0001.mp4;False;0.69697;0.6;0.513514
AI;vision;D09_V_outdoorWA_still_0002.mp4;False;0.69697;0.6;0.513514
AI;vision;D09_V_outdoorYT_move_0002.mp4;False;0.972222;0.947368;0.925
AI;vision;D09_V_outdoorYT_panrot_0001.mp4;False;0.972222;0.947368;0.925
AI;vision;D09_V_outdoorYT_panrot_0002.mp4;False;0.972222;0.947368;0.925
AI;vision;D09_V_outdoorYT_still_0001.mp4;False;0.972222;0.947368;0.925
AI;vision;D09_V_outdoorYT_still_0002.mp4;False;0.972222;0.947368;0.925
AI;vision;D10_V_flat_move_0002.mov;False;0.56;0.433962;0.345455
AI;vision;D10_V_flat_panrot_0001.mov;False;0.56;0.433962;0.345455
AI;vision;D10_V_flat_still_0001.mov;False;0.56;0.433962;0.345455
AI;vision;D10_V_flatWA_move_0002.mp4;False;0.69697;0.6;0.513514
AI;vision;D10_V_flatWA_panrot_0001.mp4;False;0.69697;0.6;0.513514
AI;vision;D10_V_flatWA_still_0001.mp4;False;0.69697;0.6;0.513514
AI;vision;D10_V_flatYT_move_0002.mp4;False;0.972222;0.947368;0.925
AI;vision;D10_V_flatYT_panrot_0001.mp4;False;0.972222;0.947368;0.925
AI;vision;D10_V_flatYT_still_0001.mp4;False;0.972222;0.947368;0.925
AI;vision;D10_V_indoor_move_0002.mov;False;0.56;0.433962;0.345455
AI;vision;D10_V_indoor_panrot_0001.mov;False;0.56;0.433962;0.345455
AI;vision;D10_V_indoor_panrot_0002.mov;False;0.56;0.433962;0.345455
AI;vision;D10_V_indoor_still_0001.mov;False;0.56;0.433962;0.345455
AI;vision;D10_V_indoor_still_0002.mov;False;0.56;0.433962;0.345455
AI;vision;D10_V_indoorWA_move_0002.mp4;False;0.69697;0.6;0.513514
AI;vision;D10_V_indoorWA_panrot_0001.mp4;False;0.69697;0.6;0.513514
AI;vision;D10_V_indoorWA_panrot_0002.mp4;False;0.69697;0.6;0.513514
AI;vision;D10_V_indoorWA_still_0001.mp4;False;0.69697;0.6;0.513514
AI;vision;D10_V_indoorWA_still_0002.mp4;False;0.69697;0.6;0.513514
AI;vision;D10_V_indoorYT_move_0002.mp4;False;0.972222;0.947368;0.925
AI;vision;D10_V_indoorYT_panrot_0001.mp4;False;0.972222;0.947368;0.925
AI;vision;D10_V_indoorYT_panrot_0002.mp4;False;0.972222;0.947368;0.925
AI;vision;D10_V_indoorYT_still_0001.mp4;False;0.972222;0.947368;0.925
AI;vision;D10_V_indoorYT_still_0002.mp4;False;0.972222;0.947368;0.925
AI;vision;D10_V_outdoor_panrot_0001.mov;False;0.56;0.433962;0.345455
AI;vision;D10_V_outdoor_panrot_0002.mov;False;0.56;0.433962;0.345455
AI;vision;D10_V_outdoor_still_0001.mov;False;0.56;0.433962;0.345455
AI;vision;D10_V_outdoor_still_0002.mov;False;0.56;0.433962;0.345455
AI;vision;D10_V_outdoorWA_panrot_0001.mp4;False;0.69697;0.6;0.513514
AI;vision;D10_V_outdoorWA_panrot_0002.mp4;False;0.69697;0.6;0.513514
AI;vision;D10_V_outdoorWA_still_0001.mp4;False;0.69697;0.6;0.513514
AI;vision;D10_V_outdoorWA_still_0002.mp4;False;0.69697;0.6;0.513514
AI;vision;D10_V_outdoorYT_panrot_0001.mp4;False;0.972222;0.947368;0.925
AI;vision;D10_V_outdoorYT_panrot_0002.mp4;False;0.972222;0.947368;0.925
AI;vision;D10_V_outdoorYT_still_0001.mp4;False;0.972222;0.947368;0.925
AI;vision;D10_V_outdoorYT_still_0002.mp4;False;0.972222;0.947368;0.925
AI;vision;D11_V_flat_move_0002.mp4;False;0.666667;0.53125;0.470588
AI;vision;D11_V_flat_move_0003.mp4;False;0.59375;0.441176;0.388889
AI;vision;D11_V_flat_panrot_0001.mp4;False;0.666667;0.53125;0.470588
AI;vision;D11_V_flat_panrot_0002.mp4;False;0.666667;0.53125;0.470588
AI;vision;D11_V_flat_still_0001.mp4;False;0.666667;0.53125;0.470588
AI;vision;D11_V_flat_still_0002.mp4;False;0.666667;0.53125;0.470588
AI;vision;D11_V_flatWA_move_0002.mp4;False;0.69697;0.6;0.513514
AI;vision;D11_V_flatWA_move_0003.mp4;False;0.69697;0.6;0.513514
AI;vision;D11_V_flatWA_panrot_0001.mp4;False;0.69697;0.6;0.513514
AI;vision;D11_V_flatWA_panrot_0002.mp4;False;0.69697;0.6;0.513514
AI;vision;D11_V_flatWA_still_0001.mp4;False;0.69697;0.6;0.513514
AI;vision;D11_V_flatWA_still_0002.mp4;False;0.69697;0.6;0.513514
AI;vision;D11_V_flatYT_move_0002.mp4;False;0.972222;0.947368;0.925
AI;vision;D11_V_flatYT_move_0003.mp4;False;0.972222;0.947368;0.925
AI;vision;D11_V_flatYT_panrot_0001.mp4;False;0.972222;0.947368;0.925
AI;vision;D11_V_flatYT_panrot_0002.mp4;False;0.972222;0.947368;0.925
AI;vision;D11_V_flatYT_still_0001.mp4;False;0.972222;0.947368;0.925
AI;vision;D11_V_flatYT_still_0002.mp4;False;0.972222;0.947368;0.925
AI;vision;D11_V_indoor_move_0002.mp4;False;0.666667;0.53125;0.470588
AI;vision;D11_V_indoor_panrot_0001.mp4;False;0.666667;0.53125;0.470588
AI;vision;D11_V_indoor_panrot_0002.mp4;False;0.666667;0.53125;0.470588
AI;vision;D11_V_indoor_still_0001.mp4;False;0.59375;0.441176;0.388889
AI;vision;D11_V_indoor_still_0002.mp4;False;0.666667;0.53125;0.470588
AI;vision;D11_V_indoorWA_move_0002.mp4;False;0.69697;0.6;0.513514
AI;vision;D11_V_indoorWA_panrot_0001.mp4;False;0.69697;0.6;0.513514
AI;vision;D11_V_indoorWA_panrot_0002.mp4;False;0.69697;0.6;0.513514
AI;vision;D11_V_indoorWA_still_0001.mp4;False;0.69697;0.6;0.513514
AI;vision;D11_V_indoorWA_still_0002.mp4;False;0.69697;0.6;0.513514
AI;vision;D11_V_indoorYT_move_0002.mp4;False;0.972222;0.947368;0.925
AI;vision;D11_V_indoorYT_panrot_0001.mp4;False;0.972222;0.947368;0.925
AI;vision;D11_V_indoorYT_panrot_0002.mp4;False;0.972222;0.947368;0.925
AI;vision;D11_V_indoorYT_still_0001.mp4;False;0.972222;0.947368;0.925
AI;vision;D11_V_indoorYT_still_0002.mp4;False;0.972222;0.947368;0.925
AI;vision;D11_V_outdoor_move_0002.mp4;False;0.666667;0.53125;0.470588
AI;vision;D11_V_outdoor_panrot_0001.mp4;False;0.666667;0.53125;0.470588
AI;vision;D11_V_outdoor_panrot_0002.mp4;False;0.666667;0.53125;0.470588
AI;vision;D11_V_outdoor_still_0001.mp4;False;0.666667;0.53125;0.470588
AI;vision;D11_V_outdoor_still_0002.mp4;False;0.666667;0.53125;0.470588
AI;vision;D11_V_outdoorWA_move_0002.mp4;False;0.69697;0.6;0.513514
AI;vision;D11_V_outdoorWA_panrot_0001.mp4;False;0.69697;0.6;0.513514
AI;vision;D11_V_outdoorWA_panrot_0002.mp4;False;0.69697;0.6;0.513514
AI;vision;D11_V_outdoorWA_still_0001.mp4;False;0.69697;0.6;0.513514
AI;vision;D11_V_outdoorWA_still_0002.mp4;False;0.69697;0.6;0.513514
AI;vision;D11_V_outdoorYT_move_0002.mp4;False;0.972222;0.947368;0.925
AI;vision;D11_V_outdoorYT_panrot_0001.mp4;False;0.972222;0.947368;0.925
AI;vision;D11_V_outdoorYT_panrot_0002.mp4;False;0.972222;0.947368;0.925
AI;vision;D11_V_outdoorYT_still_0001.mp4;False;0.972222;0.947368;0.925
AI;vision;D11_V_outdoorYT_still_0002.mp4;False;0.972222;0.947368;0.925
AI;vision;D12_V_flat_move_0002.mp4;False;0.64;0.5;0.434783
AI;vision;D12_V_flat_move_0003.mp4;False;0.64;0.5;0.434783
AI;vision;D12_V_flat_panrot_0001.mp4;False;0.64;0.5;0.434783
AI;vision;D12_V_flat_panrot_0002.mp4;False;0.64;0.5;0.434783
AI;vision;D12_V_flat_still_0001.mp4;False;0.64;0.5;0.434783
AI;vision;D12_V_flat_still_0002.mp4;False;0.64;0.5;0.434783
AI;vision;D12_V_flatWA_move_0002.mp4;False;0.653846;0.52;0.416667
AI;vision;D12_V_flatWA_move_0003.mp4;False;0.653846;0.52;0.416667
AI;vision;D12_V_flatWA_panrot_0001.mp4;False;0.653846;0.52;0.416667
AI;vision;D12_V_flatWA_panrot_0002.mp4;False;0.653846;0.52;0.416667
AI;vision;D12_V_flatWA_still_0001.mp4;False;0.653846;0.52;0.416667
AI;vision;D12_V_flatWA_still_0002.mp4;False;0.653846;0.52;0.416667
AI;vision;D12_V_flatYT_move_0002.mp4;False;0.972222;0.947368;0.925
AI;vision;D12_V_flatYT_move_0003.mp4;False;0.972222;0.947368;0.925
AI;vision;D12_V_flatYT_panrot_0001.mp4;False;0.972222;0.947368;0.925
AI;vision;D12_V_flatYT_panrot_0002.mp4;False;0.972222;0.947368;0.925
AI;vision;D12_V_flatYT_still_0001.mp4;False;0.972222;0.947368;0.925
AI;vision;D12_V_flatYT_still_0002.mp4;False;0.972222;0.947368;0.925
AI;vision;D12_V_indoor_move_0002.mp4;False;0.64;0.5;0.434783
AI;vision;D12_V_indoor_panrot_0001.mp4;False;0.64;0.5;0.434783
AI;vision;D12_V_indoor_panrot_0002.mp4;False;0.64;0.5;0.434783
AI;vision;D12_V_indoor_still_0001.mp4;False;0.64;0.5;0.434783
AI;vision;D12_V_indoor_still_0002.mp4;False;0.64;0.5;0.434783
AI;vision;D12_V_indoorWA_move_0002.mp4;False;0.653846;0.52;0.416667
AI;vision;D12_V_indoorWA_panrot_0001.mp4;False;0.653846;0.52;0.416667
AI;vision;D12_V_indoorWA_panrot_0002.mp4;False;0.653846;0.52;0.416667
AI;vision;D12_V_indoorWA_still_0001.mp4;False;0.653846;0.52;0.416667
AI;vision;D12_V_indoorWA_still_0002.mp4;False;0.653846;0.52;0.416667
AI;vision;D12_V_indoorYT_move_0002.mp4;False;0.972222;0.947368;0.925
AI;vision;D12_V_indoorYT_panrot_0001.mp4;False;0.972222;0.947368;0.925
AI;vision;D12_V_indoorYT_panrot_0002.mp4;False;0.972222;0.947368;0.925
AI;vision;D12_V_indoorYT_still_0001.mp4;False;0.972222;0.947368;0.925
AI;vision;D12_V_indoorYT_still_0002.mp4;False;0.972222;0.947368;0.925
AI;vision;D12_V_outdoor_move_0002.mp4;False;0.64;0.5;0.434783
AI;vision;D12_V_outdoor_panrot_0001.mp4;False;0.64;0.5;0.434783
AI;vision;D12_V_outdoor_panrot_0002.mp4;False;0.64;0.5;0.434783
AI;vision;D12_V_outdoor_still_0001.mp4;False;0.64;0.5;0.434783
AI;vision;D12_V_outdoor_still_0002.mp4;False;0.64;0.5;0.434783
AI;vision;D12_V_outdoorWA_move_0002.mp4;False;0.653846;0.52;0.416667
AI;vision;D12_V_outdoorWA_panrot_0001.mp4;False;0.653846;0.52;0.416667
AI;vision;D12_V_outdoorWA_panrot_0002.mp4;False;0.653846;0.52;0.416667
AI;vision;D12_V_outdoorWA_still_0001.mp4;False;0.653846;0.52;0.416667
AI;vision;D12_V_outdoorWA_still_0002.mp4;False;0.653846;0.52;0.416667
AI;vision;D12_V_outdoorYT_move_0002.mp4;False;0.972222;0.947368;0.925
AI;vision;D12_V_outdoorYT_panrot_0001.mp4;False;0.972222;0.947368;0.925
AI;vision;D12_V_outdoorYT_panrot_0002.mp4;False;0.972222;0.947368;0.925
AI;vision;D12_V_outdoorYT_still_0001.mp4;False;0.972222;0.947368;0.925
AI;vision;D12_V_outdoorYT_still_0002.mp4;False;0.972222;0.947368;0.925
AI;vision;D13_V_flat_move_0002.mov;False;0.557692;0.410714;0.305085
AI;vision;D13_V_flat_panrot_0001.mov;False;0.557692;0.410714;0.305085
AI;vision;D13_V_flat_still_0001.mov;False;0.557692;0.410714;0.305085
AI;vision;D13_V_flatWA_move_0002.mp4;False;0.69697;0.6;0.513514
AI;vision;D13_V_flatWA_panrot_0001.mp4;False;0.69697;0.6;0.513514
AI;vision;D13_V_flatWA_still_0001.mp4;False;0.69697;0.6;0.513514
AI;vision;D13_V_flatYT_move_0002.mp4;False;0.972222;0.947368;0.925
AI;vision;D13_V_flatYT_panrot_0001.mp4;False;0.972222;0.947368;0.925
AI;vision;D13_V_flatYT_still_0001.mp4;False;0.972222;0.947368;0.925
AI;vision;D13_V_indoor_move_0002.mov;False;0.557692;0.410714;0.305085
AI;vision;D13_V_indoor_panrot_0001.mov;False;0.557692;0.410714;0.305085
AI;vision;D13_V_indoor_panrot_0002.mov;False;0.557692;0.410714;0.305085
AI;vision;D13_V_indoor_still_0001.mov;False;0.557692;0.410714;0.305085
AI;vision;D13_V_indoor_still_0002.mov;False;0.557692;0.410714;0.305085
AI;vision;D13_V_indoorWA_move_0002.mp4;False;0.69697;0.6;0.513514
AI;vision;D13_V_indoorWA_panrot_0001.mp4;False;0.69697;0.6;0.513514
AI;vision;D13_V_indoorWA_panrot_0002.mp4;False;0.69697;0.6;0.513514
AI;vision;D13_V_indoorWA_still_0001.mp4;False;0.69697;0.6;0.513514
AI;vision;D13_V_indoorWA_still_0002.mp4;False;0.69697;0.6;0.513514
AI;vision;D13_V_indoorYT_move_0002.mp4;False;0.972222;0.947368;0.925
AI;vision;D13_V_indoorYT_panrot_0001.mp4;False;0.972222;0.947368;0.925
AI;vision;D13_V_indoorYT_panrot_0002.mp4;False;0.972222;0.947368;0.925
AI;vision;D13_V_indoorYT_still_0001.mp4;False;0.972222;0.947368;0.925
AI;vision;D13_V_indoorYT_still_0002.mp4;False;0.972222;0.947368;0.925
AI;vision;D13_V_outdoor_move_0002.mov;False;0.557692;0.410714;0.305085
AI;vision;D13_V_outdoor_panrot_0001.mov;False;0.557692;0.410714;0.305085
AI;vision;D13_V_outdoor_panrot_0002.mov;False;0.557692;0.410714;0.305085
AI;vision;D13_V_outdoor_still_0001.mov;False;0.557692;0.410714;0.305085
AI;vision;D13_V_outdoor_still_0002.mov;False;0.557692;0.410714;0.305085
AI;vision;D13_V_outdoorWA_move_0002.mp4;False;0.69697;0.6;0.513514
AI;vision;D13_V_outdoorWA_panrot_0001.mp4;False;0.69697;0.6;0.513514
AI;vision;D13_V_outdoorWA_panrot_0002.mp4;False;0.69697;0.6;0.513514
AI;vision;D13_V_outdoorWA_still_0001.mp4;False;0.69697;0.6;0.513514
AI;vision;D13_V_outdoorWA_still_0002.mp4;False;0.69697;0.6;0.513514
AI;vision;D13_V_outdoorYT_move_0002.mp4;False;0.972222;0.947368;0.925
AI;vision;D13_V_outdoorYT_panrot_0001.mp4;False;0.972222;0.947368;0.925
AI;vision;D13_V_outdoorYT_panrot_0002.mp4;False;0.972222;0.947368;0.925
AI;vision;D13_V_outdoorYT_still_0001.mp4;False;0.972222;0.947368;0.925
AI;vision;D13_V_outdoorYT_still_0002.mp4;False;0.972222;0.947368;0.925
AI;vision;D14_V_flat_move_0002.mov;False;0.557692;0.410714;0.305085
AI;vision;D14_V_flat_move_0003.mov;False;0.557692;0.410714;0.305085
AI;vision;D14_V_flat_panrot_0001.mov;False;0.557692;0.410714;0.305085
AI;vision;D14_V_flat_panrot_0002.mov;False;0.557692;0.410714;0.305085
AI;vision;D14_V_flat_still_0001.mov;False;0.557692;0.410714;0.305085
AI;vision;D14_V_flat_still_0002.mov;False;0.557692;0.410714;0.305085
AI;vision;D14_V_flatWA_move_0002.mp4;False;0.69697;0.6;0.513514
AI;vision;D14_V_flatWA_move_0003.mp4;False;0.69697;0.6;0.513514
AI;vision;D14_V_flatWA_panrot_0001.mp4;False;0.69697;0.6;0.513514
AI;vision;D14_V_flatWA_panrot_0002.mp4;False;0.69697;0.6;0.513514
AI;vision;D14_V_flatWA_still_0001.mp4;False;0.69697;0.6;0.513514
AI;vision;D14_V_flatWA_still_0002.mp4;False;0.69697;0.6;0.513514
AI;vision;D14_V_flatYT_move_0002.mp4;False;0.972222;0.947368;0.925
AI;vision;D14_V_flatYT_move_0003.mp4;False;0.972222;0.947368;0.925
AI;vision;D14_V_flatYT_panrot_0001.mp4;False;0.972222;0.947368;0.925
AI;vision;D14_V_flatYT_panrot_0002.mp4;False;0.972222;0.947368;0.925
AI;vision;D14_V_flatYT_still_0001.mp4;False;0.972222;0.947368;0.925
AI;vision;D14_V_flatYT_still_0002.mp4;False;0.972222;0.947368;0.925
AI;vision;D14_V_indoor_move_0002.mov;False;0.557692;0.410714;0.305085
AI;vision;D14_V_indoor_panrot_0001.mov;False;0.557692;0.410714;0.305085
AI;vision;D14_V_indoor_panrot_0002.mov;False;0.557692;0.410714;0.305085
AI;vision;D14_V_indoor_still_0001.mov;False;0.557692;0.410714;0.305085
AI;vision;D14_V_indoor_still_0002.mov;False;0.557692;0.410714;0.305085
AI;vision;D14_V_indoorWA_move_0002.mp4;False;0.69697;0.6;0.513514
AI;vision;D14_V_indoorWA_panrot_0001.mp4;False;0.69697;0.6;0.513514
AI;vision;D14_V_indoorWA_panrot_0002.mp4;False;0.69697;0.6;0.513514
AI;vision;D14_V_indoorWA_still_0001.mp4;False;0.69697;0.6;0.513514
AI;vision;D14_V_indoorWA_still_0002.mp4;False;0.69697;0.6;0.513514
AI;vision;D14_V_indoorYT_move_0002.mp4;False;0.972222;0.947368;0.925
AI;vision;D14_V_indoorYT_panrot_0001.mp4;False;0.972222;0.947368;0.925
AI;vision;D14_V_indoorYT_panrot_0002.mp4;False;0.972222;0.947368;0.925
AI;vision;D14_V_indoorYT_still_0001.mp4;False;0.972222;0.947368;0.925
AI;vision;D14_V_indoorYT_still_0002.mp4;False;0.972222;0.947368;0.925
AI;vision;D14_V_outdoor_move_0002.mov;False;0.557692;0.410714;0.305085
AI;vision;D14_V_outdoor_panrot_0001.mov;False;0.557692;0.410714;0.305085
AI;vision;D14_V_outdoor_panrot_0002.mov;False;0.557692;0.410714;0.305085
AI;vision;D14_V_outdoor_still_0001.mov;False;0.557692;0.410714;0.305085
AI;vision;D14_V_outdoor_still_0002.mov;False;0.557692;0.410714;0.305085
AI;vision;D14_V_outdoorWA_move_0002.mp4;False;0.69697;0.6;0.513514
AI;vision;D14_V_outdoorWA_panrot_0001.mp4;False;0.69697;0.6;0.513514
AI;vision;D14_V_outdoorWA_panrot_0002.mp4;False;0.69697;0.6;0.513514
AI;vision;D14_V_outdoorWA_still_0001.mp4;False;0.69697;0.6;0.513514
AI;vision;D14_V_outdoorWA_still_0002.mp4;False;0.69697;0.6;0.513514
AI;vision;D14_V_outdoorYT_move_0002.mp4;False;0.972222;0.947368;0.925
AI;vision;D14_V_outdoorYT_panrot_0001.mp4;False;0.972222;0.947368;0.925
AI;vision;D14_V_outdoorYT_panrot_0002.mp4;False;0.972222;0.947368;0.925
AI;vision;D14_V_outdoorYT_still_0001.mp4;False;0.972222;0.947368;0.925
AI;vision;D14_V_outdoorYT_still_0002.mp4;False;0.972222;0.947368;0.925
AI;vision;D15_V_flat_move_0002.mov;False;0.54902;0.403509;0.306452
AI;vision;D15_V_flat_move_0003.mov;False;0.54902;0.403509;0.306452
AI;vision;D15_V_flat_panrot_0001.mov;False;0.54902;0.403509;0.306452
AI;vision;D15_V_flat_panrot_0002.mov;False;0.54902;0.403509;0.306452
AI;vision;D15_V_flat_still_0001.mov;False;0.54902;0.403509;0.306452
AI;vision;D15_V_flat_still_0002.mov;False;0.54902;0.403509;0.306452
AI;vision;D15_V_flatWA_move_0002.mp4;False;0.69697;0.6;0.513514
AI;vision;D15_V_flatWA_move_0003.mp4;False;0.69697;0.6;0.513514
AI;vision;D15_V_flatWA_panrot_0001.mp4;False;0.69697;0.6;0.513514
AI;vision;D15_V_flatWA_panrot_0002.mp4;False;0.69697;0.6;0.513514
AI;vision;D15_V_flatWA_still_0001.mp4;False;0.69697;0.6;0.513514
AI;vision;D15_V_flatWA_still_0002.mp4;False;0.69697;0.6;0.513514
AI;vision;D15_V_flatYT_move_0002.mp4;False;0.972222;0.947368;0.925
AI;vision;D15_V_flatYT_move_0003.mp4;False;0.972222;0.947368;0.925
AI;vision;D15_V_flatYT_panrot_0001.mp4;False;0.972222;0.947368;0.925
AI;vision;D15_V_flatYT_panrot_0002.mp4;False;0.972222;0.947368;0.925
AI;vision;D15_V_flatYT_still_0001.mp4;False;0.972222;0.947368;0.925
AI;vision;D15_V_flatYT_still_0002.mp4;False;0.972222;0.947368;0.925
AI;vision;D15_V_indoor_move_0002.mov;False;0.54902;0.403509;0.306452
AI;vision;D15_V_indoor_panrot_0001.mov;False;0.54902;0.403509;0.306452
AI;vision;D15_V_indoor_panrot_0002.mov;False;0.54902;0.403509;0.306452
AI;vision;D15_V_indoor_still_0001.mov;False;0.54902;0.403509;0.306452
AI;vision;D15_V_indoor_still_0002.mov;False;0.54902;0.403509;0.306452
AI;vision;D15_V_indoorWA_move_0002.mp4;False;0.69697;0.6;0.513514
AI;vision;D15_V_indoorWA_panrot_0001.mp4;False;0.69697;0.6;0.513514
AI;vision;D15_V_indoorWA_panrot_0002.mp4;False;0.69697;0.6;0.513514
AI;vision;D15_V_indoorWA_still_0001.mp4;False;0.69697;0.6;0.513514
AI;vision;D15_V_indoorWA_still_0002.mp4;False;0.69697;0.6;0.513514
AI;vision;D15_V_indoorYT_move_0002.mp4;False;0.972222;0.947368;0.925
AI;vision;D15_V_indoorYT_panrot_0001.mp4;False;0.972222;0.947368;0.925
AI;vision;D15_V_indoorYT_panrot_0002.mp4;False;0.972222;0.947368;0.925
AI;vision;D15_V_indoorYT_still_0001.mp4;False;0.972222;0.947368;0.925
AI;vision;D15_V_indoorYT_still_0002.mp4;False;0.972222;0.947368;0.925
AI;vision;D15_V_outdoor_move_0002.mov;False;0.54902;0.403509;0.306452
AI;vision;D15_V_outdoor_panrot_0001.mov;False;0.54902;0.403509;0.306452
AI;vision;D15_V_outdoor_panrot_0002.mov;False;0.54902;0.403509;0.306452
AI;vision;D15_V_outdoor_still_0001.mov;False;0.54902;0.403509;0.306452
AI;vision;D15_V_outdoorWA_move_0002.mp4;False;0.69697;0.6;0.513514
AI;vision;D15_V_outdoorWA_panrot_0001.mp4;False;0.69697;0.6;0.513514
AI;vision;D15_V_outdoorWA_panrot_0002.mp4;False;0.69697;0.6;0.513514
AI;vision;D15_V_outdoorWA_still_0001.mp4;False;0.69697;0.6;0.513514
AI;vision;D15_V_outdoorYT_move_0002.mp4;False;0.972222;0.947368;0.925
AI;vision;D15_V_outdoorYT_panrot_0001.mp4;False;0.972222;0.947368;0.925
AI;vision;D15_V_outdoorYT_panrot_0002.mp4;False;0.972222;0.947368;0.925
AI;vision;D15_V_outdoorYT_still_0001.mp4;False;0.972222;0.947368;0.925
AI;vision;D16_V_flat_move_0002.mp4;False;0.647059;0.472222;0.394737
AI;vision;D16_V_flat_move_0003.mp4;False;0.647059;0.472222;0.394737
AI;vision;D16_V_flat_panrot_0001.mp4;False;0.647059;0.472222;0.394737
AI;vision;D16_V_flat_panrot_0002.mp4;False;0.647059;0.472222;0.394737
AI;vision;D16_V_flat_still_0001.mp4;False;0.647059;0.472222;0.394737
AI;vision;D16_V_flat_still_0002.mp4;False;0.647059;0.472222;0.394737
AI;vision;D16_V_flatWA_move_0002.mp4;False;0.69697;0.6;0.513514
AI;vision;D16_V_flatWA_move_0003.mp4;False;0.69697;0.6;0.513514
AI;vision;D16_V_flatWA_panrot_0001.mp4;False;0.69697;0.6;0.513514
AI;vision;D16_V_flatWA_panrot_0002.mp4;False;0.69697;0.6;0.513514
AI;vision;D16_V_flatWA_still_0001.mp4;False;0.69697;0.6;0.513514
AI;vision;D16_V_flatWA_still_0002.mp4;False;0.69697;0.6;0.513514
AI;vision;D16_V_flatYT_move_0002.mp4;False;0.972222;0.947368;0.925
AI;vision;D16_V_flatYT_move_0003.mp4;False;0.972222;0.947368;0.925
AI;vision;D16_V_flatYT_panrot_0001.mp4;False;0.972222;0.947368;0.925
AI;vision;D16_V_flatYT_panrot_0002.mp4;False;0.972222;0.947368;0.925
AI;vision;D16_V_flatYT_still_0001.mp4;False;0.972222;0.947368;0.925
AI;vision;D16_V_flatYT_still_0002.mp4;False;0.972222;0.947368;0.925
AI;vision;D16_V_indoor_move_0002.mp4;False;0.647059;0.472222;0.394737
AI;vision;D16_V_indoor_panrot_0001.mp4;False;0.647059;0.472222;0.394737
AI;vision;D16_V_indoor_panrot_0002.mp4;False;0.647059;0.472222;0.394737
AI;vision;D16_V_indoor_still_0001.mp4;False;0.647059;0.472222;0.394737
AI;vision;D16_V_indoor_still_0002.mp4;False;0.647059;0.472222;0.394737
AI;vision;D16_V_indoorWA_move_0002.mp4;False;0.69697;0.6;0.513514
AI;vision;D16_V_indoorWA_panrot_0001.mp4;False;0.69697;0.6;0.513514
AI;vision;D16_V_indoorWA_panrot_0002.mp4;False;0.69697;0.6;0.513514
AI;vision;D16_V_indoorWA_still_0001.mp4;False;0.69697;0.6;0.513514
AI;vision;D16_V_indoorWA_still_0002.mp4;False;0.69697;0.6;0.513514
AI;vision;D16_V_indoorYT_move_0002.mp4;False;0.972222;0.947368;0.925
AI;vision;D16_V_indoorYT_panrot_0001.mp4;False;0.972222;0.947368;0.925
AI;vision;D16_V_indoorYT_panrot_0002.mp4;False;0.972222;0.947368;0.925
AI;vision;D16_V_indoorYT_still_0001.mp4;False;0.972222;0.947368;0.925
AI;vision;D16_V_indoorYT_still_0002.mp4;False;0.972222;0.947368;0.925
AI;vision;D16_V_outdoor_move_0002.mp4;False;0.647059;0.472222;0.394737
AI;vision;D16_V_outdoor_panrot_0001.mp4;False;0.647059;0.472222;0.394737
AI;vision;D16_V_outdoor_panrot_0002.mp4;False;0.647059;0.472222;0.394737
AI;vision;D16_V_outdoor_still_0001.mp4;False;0.647059;0.472222;0.394737
AI;vision;D16_V_outdoor_still_0002.mp4;False;0.647059;0.472222;0.394737
AI;vision;D16_V_outdoorWA_move_0002.mp4;False;0.69697;0.6;0.513514
AI;vision;D16_V_outdoorWA_panrot_0001.mp4;False;0.69697;0.6;0.513514
AI;vision;D16_V_outdoorWA_panrot_0002.mp4;False;0.69697;0.6;0.513514
AI;vision;D16_V_outdoorWA_still_0001.mp4;False;0.69697;0.6;0.513514
AI;vision;D16_V_outdoorWA_still_0002.mp4;False;0.69697;0.6;0.513514
AI;vision;D16_V_outdoorYT_move_0002.mp4;False;0.972222;0.947368;0.925
AI;vision;D16_V_outdoorYT_panrot_0001.mp4;False;0.972222;0.947368;0.925
AI;vision;D16_V_outdoorYT_panrot_0002.mp4;False;0.972222;0.947368;0.925
AI;vision;D16_V_outdoorYT_still_0001.mp4;False;0.972222;0.947368;0.925
AI;vision;D16_V_outdoorYT_still_0002.mp4;False;0.972222;0.947368;0.925
AI;vision;D17_V_flat_move_0002.mp4;False;0.657895;0.585366;0.534884
AI;vision;D17_V_flat_panrot_0001.mp4;False;0.666667;0.611111;0.578947
AI;vision;D17_V_flat_still_0001.mp4;False;0.657895;0.585366;0.534884
AI;vision;D17_V_flatWA_move_0002.mp4;False;0.69697;0.6;0.513514
AI;vision;D17_V_flatWA_panrot_0001.mp4;False;0.69697;0.6;0.513514
AI;vision;D17_V_flatWA_still_0001.mp4;False;0.69697;0.6;0.513514
AI;vision;D17_V_flatYT_move_0002.mp4;False;0.972222;0.947368;0.925
AI;vision;D17_V_flatYT_panrot_0001.mp4;False;0.972222;0.947368;0.925
AI;vision;D17_V_flatYT_still_0001.mp4;False;0.972222;0.947368;0.925
AI;vision;D17_V_indoor_panrot_0001.mp4;False;0.657895;0.585366;0.534884
AI;vision;D17_V_indoor_still_0001.mp4;False;0.657895;0.585366;0.534884
AI;vision;D17_V_indoorWA_panrot_0001.mp4;False;0.69697;0.6;0.513514
AI;vision;D17_V_indoorWA_still_0001.mp4;False;0.69697;0.6;0.513514
AI;vision;D17_V_indoorYT_panrot_0001.mp4;False;0.972222;0.947368;0.925
AI;vision;D17_V_indoorYT_still_0001.mp4;False;0.972222;0.947368;0.925
AI;vision;D17_V_outdoor_panrot_0001.mp4;False;0.657895;0.585366;0.534884
AI;vision;D17_V_outdoor_still_0001.mp4;False;0.657895;0.585366;0.534884
AI;vision;D17_V_outdoorWA_panrot_0001.mp4;False;0.69697;0.6;0.513514
AI;vision;D17_V_outdoorWA_still_0001.mp4;False;0.69697;0.6;0.513514
AI;vision;D17_V_outdoorYT_panrot_0001.mp4;False;0.972222;0.947368;0.925
AI;vision;D17_V_outdoorYT_still_0001.mp4;False;0.972222;0.947368;0.925
AI;vision;D18_V_flat_move_0002.mov;False;0.56;0.433962;0.345455
AI;vision;D18_V_flat_panrot_0001.mov;False;0.56;0.433962;0.345455
AI;vision;D18_V_flat_still_0001.mov;False;0.56;0.433962;0.345455
AI;vision;D18_V_flat_still_0002.mov;False;0.56;0.433962;0.345455
AI;vision;D18_V_flatWA_move_0002.mp4;False;0.69697;0.6;0.513514
AI;vision;D18_V_flatWA_panrot_0001.mp4;False;0.69697;0.6;0.513514
AI;vision;D18_V_flatWA_still_0001.mp4;False;0.69697;0.6;0.513514
AI;vision;D18_V_flatWA_still_0002.mp4;False;0.69697;0.6;0.513514
AI;vision;D18_V_flatYT_move_0002.mp4;False;0.972222;0.947368;0.925
AI;vision;D18_V_flatYT_panrot_0001.mp4;False;0.972222;0.947368;0.925
AI;vision;D18_V_flatYT_still_0001.mp4;False;0.972222;0.947368;0.925
AI;vision;D18_V_flatYT_still_0002.mp4;False;0.972222;0.947368;0.925
AI;vision;D18_V_indoor_panrot_0001.mov;False;0.56;0.433962;0.345455
AI;vision;D18_V_indoor_still_0001.mov;False;0.56;0.433962;0.345455
AI;vision;D18_V_indoor_still_0002.mov;False;0.56;0.433962;0.345455
AI;vision;D18_V_indoorWA_panrot_0001.mp4;False;0.69697;0.6;0.513514
AI;vision;D18_V_indoorWA_still_0001.mp4;False;0.69697;0.6;0.513514
AI;vision;D18_V_indoorWA_still_0002.mp4;False;0.69697;0.6;0.513514
AI;vision;D18_V_indoorYT_panrot_0001.mp4;False;0.972222;0.947368;0.925
AI;vision;D18_V_indoorYT_still_0001.mp4;False;0.972222;0.947368;0.925
AI;vision;D18_V_indoorYT_still_0002.mp4;False;0.972222;0.947368;0.925
AI;vision;D18_V_outdoor_panrot_0001.mov;False;0.56;0.433962;0.345455
AI;vision;D18_V_outdoor_still_0001.mov;False;0.56;0.433962;0.345455
AI;vision;D18_V_outdoor_still_0002.mov;False;0.56;0.433962;0.345455
AI;vision;D18_V_outdoorWA_panrot_0001.mp4;False;0.69697;0.6;0.513514
AI;vision;D18_V_outdoorWA_still_0001.mp4;False;0.69697;0.6;0.513514
AI;vision;D18_V_outdoorWA_still_0002.mp4;False;0.69697;0.6;0.513514
AI;vision;D18_V_outdoorYT_panrot_0001.mp4;False;0.972222;0.947368;0.925
AI;vision;D18_V_outdoorYT_still_0001.mp4;False;0.972222;0.947368;0.925
AI;vision;D18_V_outdoorYT_still_0002.mp4;False;0.972222;0.947368;0.925
AI;vision;D19_V_flat_move_0003.mov;False;0.54902;0.403509;0.306452
AI;vision;D19_V_flat_panrot_0001.mov;False;0.54902;0.403509;0.306452
AI;vision;D19_V_flat_panrot_0002.mov;False;0.54902;0.403509;0.306452
AI;vision;D19_V_flat_still_0001.mov;False;0.54902;0.403509;0.306452
AI;vision;D19_V_flat_still_0002.mov;False;0.54902;0.403509;0.306452
AI;vision;D19_V_flatWA_move_0003.mp4;False;0.69697;0.6;0.513514
AI;vision;D19_V_flatWA_panrot_0001.mp4;False;0.69697;0.6;0.513514
AI;vision;D19_V_flatWA_panrot_0002.mp4;False;0.69697;0.6;0.513514
AI;vision;D19_V_flatWA_still_0001.mp4;False;0.69697;0.6;0.513514
AI;vision;D19_V_flatWA_still_0002.mp4;False;0.69697;0.6;0.513514
AI;vision;D19_V_flatYT_move_0003.mp4;False;0.972222;0.947368;0.925
AI;vision;D19_V_flatYT_panrot_0001.mp4;False;0.972222;0.947368;0.925
AI;vision;D19_V_flatYT_panrot_0002.mp4;False;0.972222;0.947368;0.925
AI;vision;D19_V_flatYT_still_0001.mp4;False;0.972222;0.947368;0.925
AI;vision;D19_V_flatYT_still_0002.mp4;False;0.972222;0.947368;0.925
AI;vision;D19_V_indoor_move_0002.mov;False;0.54902;0.403509;0.306452
AI;vision;D19_V_indoor_panrot_0001.mov;False;0.54902;0.403509;0.306452
AI;vision;D19_V_indoor_panrot_0002.mov;False;0.54902;0.403509;0.306452
AI;vision;D19_V_indoor_still_0001.mov;False;0.54902;0.403509;0.306452
AI;vision;D19_V_indoor_still_0002.mov;False;0.54902;0.403509;0.306452
AI;vision;D19_V_indoorWA_move_0002.mp4;False;0.69697;0.6;0.513514
AI;vision;D19_V_indoorWA_panrot_0001.mp4;False;0.69697;0.6;0.513514
AI;vision;D19_V_indoorWA_panrot_0002.mp4;False;0.69697;0.6;0.513514
AI;vision;D19_V_indoorWA_still_0001.mp4;False;0.69697;0.6;0.513514
AI;vision;D19_V_indoorWA_still_0002.mp4;False;0.69697;0.6;0.513514
AI;vision;D19_V_indoorYT_move_0002.mp4;False;0.972222;0.947368;0.925
AI;vision;D19_V_indoorYT_panrot_0001.mp4;False;0.972222;0.947368;0.925
AI;vision;D19_V_indoorYT_panrot_0002.mp4;False;0.972222;0.947368;0.925
AI;vision;D19_V_indoorYT_still_0001.mp4;False;0.972222;0.947368;0.925
AI;vision;D19_V_indoorYT_still_0002.mp4;False;0.972222;0.947368;0.925
AI;vision;D19_V_outdoor_move_0002.mov;False;0.54902;0.403509;0.306452
AI;vision;D19_V_outdoor_panrot_0001.mov;False;0.54902;0.403509;0.306452
AI;vision;D19_V_outdoor_panrot_0002.mov;False;0.54902;0.403509;0.306452
AI;vision;D19_V_outdoor_still_0001.mov;False;0.54902;0.403509;0.306452
AI;vision;D19_V_outdoor_still_0002.mov;False;0.54902;0.403509;0.306452
AI;vision;D19_V_outdoorWA_move_0002.mp4;False;0.69697;0.6;0.513514
AI;vision;D19_V_outdoorWA_panrot_0001.mp4;False;0.69697;0.6;0.513514
AI;vision;D19_V_outdoorWA_panrot_0002.mp4;False;0.69697;0.6;0.513514
AI;vision;D19_V_outdoorWA_still_0001.mp4;False;0.69697;0.6;0.513514
AI;vision;D19_V_outdoorWA_still_0002.mp4;False;0.69697;0.6;0.513514
AI;vision;D19_V_outdoorYT_move_0002.mp4;False;0.972222;0.947368;0.925
AI;vision;D19_V_outdoorYT_panrot_0001.mp4;False;0.972222;0.947368;0.925
AI;vision;D19_V_outdoorYT_panrot_0002.mp4;False;0.972222;0.947368;0.925
AI;vision;D19_V_outdoorYT_still_0001.mp4;False;0.972222;0.947368;0.925
AI;vision;D19_V_outdoorYT_still_0002.mp4;False;0.972222;0.947368;0.925
AI;vision;D20_V_flat_move_0002.mov;False;0.56;0.433962;0.345455
AI;vision;D20_V_flat_panrot_0001.mov;False;0.56;0.433962;0.345455
AI;vision;D20_V_flat_still_0001.mov;False;0.56;0.433962;0.345455
AI;vision;D20_V_flatWA_move_0002.mp4;False;0.69697;0.6;0.513514
AI;vision;D20_V_flatWA_panrot_0001.mp4;False;0.69697;0.6;0.513514
AI;vision;D20_V_flatWA_still_0001.mp4;False;0.69697;0.6;0.513514
AI;vision;D20_V_flatYT_move_0002.mp4;False;0.972222;0.947368;0.925
AI;vision;D20_V_flatYT_panrot_0001.mp4;False;0.972222;0.947368;0.925
AI;vision;D20_V_flatYT_still_0001.mp4;False;0.972222;0.947368;0.925
AI;vision;D20_V_indoor_move_0002.mov;False;0.571429;0.442308;0.351852
AI;vision;D20_V_indoor_panrot_0001.mov;False;0.571429;0.442308;0.351852
AI;vision;D20_V_indoor_panrot_0002.mov;False;0.571429;0.442308;0.351852
AI;vision;D20_V_indoor_still_0001.mov;False;0.571429;0.442308;0.351852
AI;vision;D20_V_indoor_still_0002.mov;False;0.571429;0.442308;0.351852
AI;vision;D20_V_indoorWA_move_0002.mp4;False;0.69697;0.6;0.513514
AI;vision;D20_V_indoorWA_panrot_0001.mp4;False;0.69697;0.6;0.513514
AI;vision;D20_V_indoorWA_panrot_0002.mp4;False;0.69697;0.6;0.513514
AI;vision;D20_V_indoorWA_still_0001.mp4;False;0.69697;0.6;0.513514
AI;vision;D20_V_indoorWA_still_0002.mp4;False;0.69697;0.6;0.513514
AI;vision;D20_V_indoorYT_move_0002.mp4;False;0.972222;0.947368;0.925
AI;vision;D20_V_indoorYT_panrot_0001.mp4;False;0.972222;0.947368;0.925
AI;vision;D20_V_indoorYT_panrot_0002.mp4;False;0.972222;0.947368;0.925
AI;vision;D20_V_indoorYT_still_0001.mp4;False;0.972222;0.947368;0.925
AI;vision;D20_V_indoorYT_still_0002.mp4;False;0.972222;0.947368;0.925
AI;vision;D20_V_outdoor_move_0002.mov;False;0.571429;0.442308;0.351852
AI;vision;D20_V_outdoor_panrot_0001.mov;False;0.56;0.433962;0.345455
AI;vision;D20_V_outdoor_panrot_0002.mov;False;0.571429;0.442308;0.351852
AI;vision;D20_V_outdoor_still_0001.mov;False;0.56;0.433962;0.345455
AI;vision;D20_V_outdoor_still_0002.mov;False;0.571429;0.442308;0.351852
AI;vision;D20_V_outdoorWA_move_0002.mp4;False;0.69697;0.6;0.513514
AI;vision;D20_V_outdoorWA_panrot_0001.mp4;False;0.69697;0.6;0.513514
AI;vision;D20_V_outdoorWA_panrot_0002.mp4;False;0.69697;0.6;0.513514
AI;vision;D20_V_outdoorWA_still_0001.mp4;False;0.69697;0.6;0.513514
AI;vision;D20_V_outdoorWA_still_0002.mp4;False;0.69697;0.6;0.513514
AI;vision;D20_V_outdoorYT_move_0002.mp4;False;0.972222;0.947368;0.925
AI;vision;D20_V_outdoorYT_panrot_0001.mp4;False;0.972222;0.947368;0.925
AI;vision;D20_V_outdoorYT_panrot_0002.mp4;False;0.972222;0.947368;0.925
AI;vision;D20_V_outdoorYT_still_0001.mp4;False;0.972222;0.947368;0.925
AI;vision;D20_V_outdoorYT_still_0002.mp4;False;0.972222;0.947368;0.925
AI;vision;D21_V_flat_move_0002.mp4;False;0.7;0.5625;0.470588
AI;vision;D21_V_flat_panrot_0001.mp4;False;0.7;0.5625;0.470588
AI;vision;D21_V_flat_still_0001.mp4;False;0.7;0.5625;0.470588
AI;vision;D21_V_flatWA_move_0002.mp4;False;0.69697;0.6;0.513514
AI;vision;D21_V_flatWA_still_0001.mp4;False;0.69697;0.6;0.513514
AI;vision;D21_V_flatYT_move_0002.mp4;False;0.972222;0.947368;0.925
AI;vision;D21_V_flatYT_panrot_0001.mp4;False;0.972222;0.947368;0.925
AI;vision;D21_V_flatYT_still_0001.mp4;False;0.972222;0.947368;0.925
AI;vision;D21_V_indoor_panrot_0001.mp4;False;0.7;0.5625;0.470588
AI;vision;D21_V_indoor_still_0001.mp4;False;0.7;0.5625;0.470588
AI;vision;D21_V_indoorWA_panrot_0001.mp4;False;0.69697;0.6;0.513514
AI;vision;D21_V_indoorWA_still_0001.mp4;False;0.69697;0.6;0.513514
AI;vision;D21_V_indoorYT_panrot_0001.mp4;False;0.972222;0.947368;0.925
AI;vision;D21_V_indoorYT_still_0001.mp4;False;0.972222;0.947368;0.925
AI;vision;D21_V_outdoor_panrot_0001.mp4;False;0.7;0.5625;0.470588
AI;vision;D21_V_outdoor_still_0001.mp4;False;0.7;0.5625;0.470588
AI;vision;D21_V_outdoor_still_0002.mp4;False;0.7;0.5625;0.470588
AI;vision;D21_V_outdoorWA_panrot_0001.mp4;False;0.69697;0.6;0.513514
AI;vision;D21_V_outdoorWA_still_0001.mp4;False;0.69697;0.6;0.513514
AI;vision;D21_V_outdoorWA_still_0002.mp4;False;0.69697;0.6;0.513514
AI;vision;D21_V_outdoorYT_panrot_0001.mp4;False;0.972222;0.947368;0.925
AI;vision;D21_V_outdoorYT_still_0001.mp4;False;0.972222;0.947368;0.925
AI;vision;D21_V_outdoorYT_still_0002.mp4;False;0.972222;0.947368;0.925
AI;vision;D22_V_flat_move_0002.mp4;False;0.645161;0.545455;0.457143
AI;vision;D22_V_flat_panrot_0001.mp4;False;0.645161;0.545455;0.457143
AI;vision;D22_V_flat_still_0001.mp4;False;0.645161;0.545455;0.457143
AI;vision;D22_V_flatWA_move_0002.mp4;False;0.69697;0.6;0.513514
AI;vision;D22_V_flatWA_panrot_0001.mp4;False;0.69697;0.6;0.513514
AI;vision;D22_V_flatWA_still_0001.mp4;False;0.69697;0.6;0.513514
AI;vision;D22_V_flatYT_move_0002.mp4;False;0.972222;0.947368;0.925
AI;vision;D22_V_flatYT_panrot_0001.mp4;False;0.972222;0.947368;0.925
AI;vision;D22_V_flatYT_still_0001.mp4;False;0.972222;0.947368;0.925
AI;vision;D22_V_indoor_move_0002.mp4;False;0.645161;0.545455;0.457143
AI;vision;D22_V_indoor_panrot_0001.mp4;False;0.645161;0.545455;0.457143
AI;vision;D22_V_indoor_panrot_0002.mp4;False;0.645161;0.545455;0.457143
AI;vision;D22_V_indoor_still_0001.mp4;False;0.645161;0.545455;0.457143
AI;vision;D22_V_indoor_still_0002.mp4;False;0.645161;0.545455;0.457143
AI;vision;D22_V_indoorWA_panrot_0001.mp4;False;0.69697;0.6;0.513514
AI;vision;D22_V_indoorWA_panrot_0002.mp4;False;0.69697;0.6;0.513514
AI;vision;D22_V_indoorWA_still_0001.mp4;False;0.69697;0.6;0.513514
AI;vision;D22_V_indoorWA_still_0002.mp4;False;0.69697;0.6;0.513514
AI;vision;D22_V_indoorYT_move_0002.mp4;False;0.972222;0.947368;0.925
AI;vision;D22_V_indoorYT_panrot_0001.mp4;False;0.972222;0.947368;0.925
AI;vision;D22_V_indoorYT_panrot_0002.mp4;False;0.972222;0.947368;0.925
AI;vision;D22_V_indoorYT_still_0001.mp4;False;0.972222;0.947368;0.925
AI;vision;D22_V_indoorYT_still_0002.mp4;False;0.972222;0.947368;0.925
AI;vision;D22_V_outdoor_move_0002.mp4;False;0.645161;0.545455;0.457143
AI;vision;D22_V_outdoor_panrot_0001.mp4;False;0.645161;0.545455;0.457143
AI;vision;D22_V_outdoor_panrot_0002.mp4;False;0.645161;0.545455;0.457143
AI;vision;D22_V_outdoor_still_0001.mp4;False;0.645161;0.545455;0.457143
AI;vision;D22_V_outdoor_still_0002.mp4;False;0.645161;0.545455;0.457143
AI;vision;D22_V_outdoorWA_move_0002.mp4;False;0.69697;0.6;0.513514
AI;vision;D22_V_outdoorWA_panrot_0001.mp4;False;0.69697;0.6;0.513514
AI;vision;D22_V_outdoorWA_panrot_0002.mp4;False;0.69697;0.6;0.513514
AI;vision;D22_V_outdoorWA_still_0001.mp4;False;0.69697;0.6;0.513514
AI;vision;D22_V_outdoorWA_still_0002.mp4;False;0.69697;0.6;0.513514
AI;vision;D22_V_outdoorYT_move_0002.mp4;False;0.972222;0.947368;0.925
AI;vision;D22_V_outdoorYT_panrot_0001.mp4;False;0.972222;0.947368;0.925
AI;vision;D22_V_outdoorYT_panrot_0002.mp4;False;0.972222;0.947368;0.925
AI;vision;D22_V_outdoorYT_still_0001.mp4;False;0.972222;0.947368;0.925
AI;vision;D22_V_outdoorYT_still_0002.mp4;False;0.972222;0.947368;0.925
AI;vision;D23_V_flat_move_0002.mp4;False;0.676471;0.5;0.394737
AI;vision;D23_V_flat_move_0003.mp4;False;0.676471;0.5;0.394737
AI;vision;D23_V_flat_panrot_0001.mp4;False;0.676471;0.5;0.394737
AI;vision;D23_V_flat_panrot_0002.mp4;False;0.676471;0.5;0.394737
AI;vision;D23_V_flat_still_0001.mp4;False;0.676471;0.5;0.394737
AI;vision;D23_V_flat_still_0002.mp4;False;0.676471;0.5;0.394737
AI;vision;D23_V_flatWA_move_0002.mp4;False;0.6875;0.588235;0.5
AI;vision;D23_V_flatWA_move_0003.mp4;False;0.6875;0.588235;0.5
AI;vision;D23_V_flatWA_panrot_0001.mp4;False;0.6875;0.588235;0.5
AI;vision;D23_V_flatWA_panrot_0002.mp4;False;0.6875;0.588235;0.5
AI;vision;D23_V_flatWA_still_0001.mp4;False;0.6875;0.588235;0.5
AI;vision;D23_V_flatWA_still_0002.mp4;False;0.6875;0.588235;0.5
AI;vision;D23_V_flatYT_move_0002.mp4;False;0.972222;0.947368;0.925
AI;vision;D23_V_flatYT_move_0003.mp4;False;0.972222;0.947368;0.925
AI;vision;D23_V_flatYT_panrot_0001.mp4;False;0.972222;0.947368;0.925
AI;vision;D23_V_flatYT_panrot_0002.mp4;False;0.972222;0.947368;0.925
AI;vision;D23_V_flatYT_still_0001.mp4;False;0.972222;0.947368;0.925
AI;vision;D23_V_flatYT_still_0002.mp4;False;0.972222;0.947368;0.925
AI;vision;D23_V_indoor_move_0002.mp4;False;0.676471;0.5;0.394737
AI;vision;D23_V_indoor_panrot_0001.mp4;False;0.676471;0.5;0.394737
AI;vision;D23_V_indoor_panrot_0002.mp4;False;0.676471;0.5;0.394737
AI;vision;D23_V_indoor_still_0001.mp4;False;0.676471;0.5;0.394737
AI;vision;D23_V_indoor_still_0002.mp4;False;0.676471;0.5;0.394737
AI;vision;D23_V_indoorWA_move_0002.mp4;False;0.6875;0.588235;0.5
AI;vision;D23_V_indoorWA_panrot_0001.mp4;False;0.6875;0.588235;0.5
AI;vision;D23_V_indoorWA_panrot_0002.mp4;False;0.6875;0.588235;0.5
AI;vision;D23_V_indoorWA_still_0001.mp4;False;0.6875;0.588235;0.5
AI;vision;D23_V_indoorWA_still_0002.mp4;False;0.6875;0.588235;0.5
AI;vision;D23_V_indoorYT_move_0002.mp4;False;0.972222;0.947368;0.925
AI;vision;D23_V_indoorYT_panrot_0001.mp4;False;0.972222;0.947368;0.925
AI;vision;D23_V_indoorYT_panrot_0002.mp4;False;0.972222;0.947368;0.925
AI;vision;D23_V_indoorYT_still_0001.mp4;False;0.972222;0.947368;0.925
AI;vision;D23_V_indoorYT_still_0002.mp4;False;0.972222;0.947368;0.925
AI;vision;D23_V_outdoor_move_0002.mp4;False;0.676471;0.5;0.394737
AI;vision;D23_V_outdoor_panrot_0001.mp4;False;0.676471;0.5;0.394737
AI;vision;D23_V_outdoor_panrot_0002.mp4;False;0.676471;0.5;0.394737
AI;vision;D23_V_outdoor_still_0001.mp4;False;0.676471;0.5;0.394737
AI;vision;D23_V_outdoor_still_0002.mp4;False;0.676471;0.5;0.394737
AI;vision;D23_V_outdoorWA_move_0002.mp4;False;0.6875;0.588235;0.5
AI;vision;D23_V_outdoorWA_panrot_0001.mp4;False;0.6875;0.588235;0.5
AI;vision;D23_V_outdoorWA_panrot_0002.mp4;False;0.6875;0.588235;0.5
AI;vision;D23_V_outdoorWA_still_0001.mp4;False;0.6875;0.588235;0.5
AI;vision;D23_V_outdoorWA_still_0002.mp4;False;0.6875;0.588235;0.5
AI;vision;D23_V_outdoorYT_move_0002.mp4;False;0.972222;0.947368;0.925
AI;vision;D23_V_outdoorYT_panrot_0001.mp4;False;0.972222;0.947368;0.925
AI;vision;D23_V_outdoorYT_panrot_0002.mp4;False;0.972222;0.947368;0.925
AI;vision;D23_V_outdoorYT_still_0001.mp4;False;0.972222;0.947368;0.925
AI;vision;D23_V_outdoorYT_still_0002.mp4;False;0.972222;0.947368;0.925
AI;vision;D24_V_flat_move_0002.mp4;False;0.676471;0.5;0.394737
AI;vision;D24_V_flat_move_0003.mp4;False;0.638889;0.473684;0.375
AI;vision;D24_V_flat_panrot_0001.mp4;False;0.638889;0.473684;0.375
AI;vision;D24_V_flat_panrot_0002.mp4;False;0.638889;0.473684;0.375
AI;vision;D24_V_flat_still_0001.mp4;False;0.638889;0.473684;0.375
AI;vision;D24_V_flat_still_0002.mp4;False;0.676471;0.5;0.394737
AI;vision;D24_V_flatWA_move_0002.mp4;False;0.69697;0.6;0.513514
AI;vision;D24_V_flatWA_move_0003.mp4;False;0.69697;0.6;0.513514
AI;vision;D24_V_flatWA_panrot_0001.mp4;False;0.69697;0.6;0.513514
AI;vision;D24_V_flatWA_panrot_0002.mp4;False;0.69697;0.6;0.513514
AI;vision;D24_V_flatWA_still_0001.mp4;False;0.69697;0.6;0.513514
AI;vision;D24_V_flatWA_still_0002.mp4;False;0.69697;0.6;0.513514
AI;vision;D24_V_flatYT_move_0002.mp4;False;0.972222;0.947368;0.925
AI;vision;D24_V_flatYT_move_0003.mp4;False;0.972222;0.947368;0.925
AI;vision;D24_V_flatYT_panrot_0001.mp4;False;0.972222;0.947368;0.925
AI;vision;D24_V_flatYT_panrot_0002.mp4;False;0.972222;0.947368;0.925
AI;vision;D24_V_flatYT_still_0001.mp4;False;0.972222;0.947368;0.925
AI;vision;D24_V_flatYT_still_0002.mp4;False;0.972222;0.947368;0.925
AI;vision;D24_V_indoor_move_0002.mp4;False;0.676471;0.5;0.394737
AI;vision;D24_V_indoor_panrot_0001.mp4;False;0.676471;0.5;0.394737
AI;vision;D24_V_indoor_panrot_0002.mp4;False;0.676471;0.5;0.394737
AI;vision;D24_V_indoor_still_0001.mp4;False;0.638889;0.473684;0.375
AI;vision;D24_V_indoor_still_0002.mp4;False;0.676471;0.5;0.394737
AI;vision;D24_V_indoorWA_move_0002.mp4;False;0.69697;0.6;0.513514
AI;vision;D24_V_indoorWA_panrot_0001.mp4;False;0.69697;0.6;0.513514
AI;vision;D24_V_indoorWA_panrot_0002.mp4;False;0.69697;0.6;0.513514
AI;vision;D24_V_indoorWA_still_0001.mp4;False;0.69697;0.6;0.513514
AI;vision;D24_V_indoorWA_still_0002.mp4;False;0.69697;0.6;0.513514
AI;vision;D24_V_indoorYT_move_0002.mp4;False;0.972222;0.947368;0.925
AI;vision;D24_V_indoorYT_panrot_0001.mp4;False;0.972222;0.947368;0.925
AI;vision;D24_V_indoorYT_panrot_0002.mp4;False;0.972222;0.947368;0.925
AI;vision;D24_V_indoorYT_still_0001.mp4;False;0.972222;0.947368;0.925
AI;vision;D24_V_indoorYT_still_0002.mp4;False;0.972222;0.947368;0.925
AI;vision;D24_V_outdoor_move_0002.mp4;False;0.638889;0.473684;0.375
AI;vision;D24_V_outdoor_panrot_0001.mp4;False;0.638889;0.473684;0.375
AI;vision;D24_V_outdoor_panrot_0002.mp4;False;0.638889;0.473684;0.375
AI;vision;D24_V_outdoor_still_0001.mp4;False;0.638889;0.473684;0.375
AI;vision;D24_V_outdoor_still_0002.mp4;False;0.638889;0.473684;0.375
AI;vision;D24_V_outdoorWA_move_0002.mp4;False;0.69697;0.6;0.513514
AI;vision;D24_V_outdoorWA_panrot_0001.mp4;False;0.69697;0.6;0.513514
AI;vision;D24_V_outdoorWA_panrot_0002.mp4;False;0.69697;0.6;0.513514
AI;vision;D24_V_outdoorWA_still_0001.mp4;False;0.69697;0.6;0.513514
AI;vision;D24_V_outdoorWA_still_0002.mp4;False;0.69697;0.6;0.513514
AI;vision;D24_V_outdoorYT_move_0002.mp4;False;0.972222;0.947368;0.925
AI;vision;D24_V_outdoorYT_panrot_0001.mp4;False;0.972222;0.947368;0.925
AI;vision;D24_V_outdoorYT_panrot_0002.mp4;False;0.972222;0.947368;0.925
AI;vision;D24_V_outdoorYT_still_0001.mp4;False;0.972222;0.947368;0.925
AI;vision;D24_V_outdoorYT_still_0002.mp4;False;0.972222;0.947368;0.925
AI;vision;D25_V_flat_move_0002.mp4;False;0.628571;0.459459;0.384615
AI;vision;D25_V_flat_move_0003.mp4;False;0.628571;0.459459;0.384615
AI;vision;D25_V_flat_panrot_0001.mp4;False;0.628571;0.459459;0.384615
AI;vision;D25_V_flat_panrot_0002.mp4;False;0.628571;0.459459;0.384615
AI;vision;D25_V_flat_still_0001.mp4;False;0.628571;0.459459;0.384615
AI;vision;D25_V_flat_still_0002.mp4;False;0.628571;0.459459;0.384615
AI;vision;D25_V_flatWA_move_0002.mp4;False;0.69697;0.6;0.513514
AI;vision;D25_V_flatWA_move_0003.mp4;False;0.69697;0.6;0.513514
AI;vision;D25_V_flatWA_panrot_0001.mp4;False;0.69697;0.6;0.513514
AI;vision;D25_V_flatWA_panrot_0002.mp4;False;0.69697;0.6;0.513514
AI;vision;D25_V_flatWA_still_0001.mp4;False;0.69697;0.6;0.513514
AI;vision;D25_V_flatWA_still_0002.mp4;False;0.69697;0.6;0.513514
AI;vision;D25_V_flatYT_move_0002.mp4;False;0.972222;0.947368;0.925
AI;vision;D25_V_flatYT_move_0003.mp4;False;0.972222;0.947368;0.925
AI;vision;D25_V_flatYT_panrot_0001.mp4;False;0.972222;0.947368;0.925
AI;vision;D25_V_flatYT_panrot_0002.mp4;False;0.972222;0.947368;0.925
AI;vision;D25_V_flatYT_still_0001.mp4;False;0.972222;0.947368;0.925
AI;vision;D25_V_flatYT_still_0002.mp4;False;0.972222;0.947368;0.925
AI;vision;D25_V_indoor_move_0002.mp4;False;0.628571;0.459459;0.384615
AI;vision;D25_V_indoor_panrot_0001.mp4;False;0.628571;0.459459;0.384615
AI;vision;D25_V_indoor_panrot_0002.mp4;False;0.628571;0.459459;0.384615
AI;vision;D25_V_indoor_still_0001.mp4;False;0.628571;0.459459;0.384615
AI;vision;D25_V_indoor_still_0002.mp4;False;0.628571;0.459459;0.384615
AI;vision;D25_V_indoorWA_move_0002.mp4;False;0.69697;0.6;0.513514
AI;vision;D25_V_indoorWA_panrot_0001.mp4;False;0.69697;0.6;0.513514
AI;vision;D25_V_indoorWA_panrot_0002.mp4;False;0.69697;0.6;0.513514
AI;vision;D25_V_indoorWA_still_0001.mp4;False;0.69697;0.6;0.513514
AI;vision;D25_V_indoorWA_still_0002.mp4;False;0.69697;0.6;0.513514
AI;vision;D25_V_indoorYT_move_0002.mp4;False;0.972222;0.947368;0.925
AI;vision;D25_V_indoorYT_panrot_0001.mp4;False;0.972222;0.947368;0.925
AI;vision;D25_V_indoorYT_panrot_0002.mp4;False;0.972222;0.947368;0.925
AI;vision;D25_V_indoorYT_still_0001.mp4;False;0.972222;0.947368;0.925
AI;vision;D25_V_indoorYT_still_0002.mp4;False;0.972222;0.947368;0.925
AI;vision;D25_V_outdoor_move_0002.mp4;False;0.628571;0.459459;0.384615
AI;vision;D25_V_outdoor_panrot_0001.mp4;False;0.628571;0.459459;0.384615
AI;vision;D25_V_outdoor_panrot_0002.mp4;False;0.628571;0.459459;0.384615
AI;vision;D25_V_outdoor_still_0001.mp4;False;0.628571;0.459459;0.384615
AI;vision;D25_V_outdoor_still_0002.mp4;False;0.628571;0.459459;0.384615
AI;vision;D25_V_outdoorWA_move_0002.mp4;False;0.69697;0.6;0.513514
AI;vision;D25_V_outdoorWA_panrot_0001.mp4;False;0.69697;0.6;0.513514
AI;vision;D25_V_outdoorWA_panrot_0002.mp4;False;0.69697;0.6;0.513514
AI;vision;D25_V_outdoorWA_still_0001.mp4;False;0.69697;0.6;0.513514
AI;vision;D25_V_outdoorWA_still_0002.mp4;False;0.69697;0.6;0.513514
AI;vision;D25_V_outdoorYT_move_0002.mp4;False;0.972222;0.947368;0.925
AI;vision;D25_V_outdoorYT_panrot_0001.mp4;False;0.972222;0.947368;0.925
AI;vision;D25_V_outdoorYT_panrot_0002.mp4;False;0.972222;0.947368;0.925
AI;vision;D25_V_outdoorYT_still_0001.mp4;False;0.972222;0.947368;0.925
AI;vision;D25_V_outdoorYT_still_0002.mp4;False;0.972222;0.947368;0.925
AI;vision;D26_V_flat_move_0002.mp4;False;0.645161;0.545455;0.457143
AI;vision;D26_V_flat_panrot_0001.mp4;False;0.645161;0.545455;0.457143
AI;vision;D26_V_flat_still_0001.mp4;False;0.645161;0.545455;0.457143
AI;vision;D26_V_flatWA_move_0002.mp4;False;0.69697;0.6;0.513514
AI;vision;D26_V_flatWA_panrot_0001.mp4;False;0.69697;0.6;0.513514
AI;vision;D26_V_flatWA_still_0001.mp4;False;0.69697;0.6;0.513514
AI;vision;D26_V_flatYT_move_0002.mp4;False;0.972222;0.947368;0.925
AI;vision;D26_V_flatYT_panrot_0001.mp4;False;0.972222;0.947368;0.925
AI;vision;D26_V_flatYT_still_0001.mp4;False;0.972222;0.947368;0.925
AI;vision;D26_V_indoor_move_0002.mp4;False;0.645161;0.545455;0.457143
AI;vision;D26_V_indoor_panrot_0001.mp4;False;0.645161;0.545455;0.457143
AI;vision;D26_V_indoor_panrot_0002.mp4;False;0.645161;0.545455;0.457143
AI;vision;D26_V_indoor_still_0001.mp4;False;0.645161;0.545455;0.457143
AI;vision;D26_V_indoor_still_0002.mp4;False;0.645161;0.545455;0.457143
AI;vision;D26_V_indoorWA_move_0002.mp4;False;0.69697;0.6;0.513514
AI;vision;D26_V_indoorWA_panrot_0001.mp4;False;0.69697;0.6;0.513514
AI;vision;D26_V_indoorWA_panrot_0002.mp4;False;0.69697;0.6;0.513514
AI;vision;D26_V_indoorWA_still_0001.mp4;False;0.69697;0.6;0.513514
AI;vision;D26_V_indoorWA_still_0002.mp4;False;0.69697;0.6;0.513514
AI;vision;D26_V_indoorYT_move_0002.mp4;False;0.972222;0.947368;0.925
AI;vision;D26_V_indoorYT_panrot_0001.mp4;False;0.972222;0.947368;0.925
AI;vision;D26_V_indoorYT_panrot_0002.mp4;False;0.972222;0.947368;0.925
AI;vision;D26_V_indoorYT_still_0001.mp4;False;0.972222;0.947368;0.925
AI;vision;D26_V_indoorYT_still_0002.mp4;False;0.972222;0.947368;0.925
AI;vision;D26_V_outdoor_move_0002.mp4;False;0.645161;0.545455;0.457143
AI;vision;D26_V_outdoor_panrot_0001.mp4;False;0.645161;0.545455;0.457143
AI;vision;D26_V_outdoor_panrot_0002.mp4;False;0.645161;0.545455;0.457143
AI;vision;D26_V_outdoor_still_0001.mp4;False;0.645161;0.545455;0.457143
AI;vision;D26_V_outdoor_still_0002.mp4;False;0.645161;0.545455;0.457143
AI;vision;D26_V_outdoorWA_move_0002.mp4;False;0.69697;0.6;0.513514
AI;vision;D26_V_outdoorWA_panrot_0001.mp4;False;0.69697;0.6;0.513514
AI;vision;D26_V_outdoorWA_panrot_0002.mp4;False;0.69697;0.6;0.513514
AI;vision;D26_V_outdoorWA_still_0001.mp4;False;0.69697;0.6;0.513514
AI;vision;D26_V_outdoorWA_still_0002.mp4;False;0.69697;0.6;0.513514
AI;vision;D26_V_outdoorYT_move_0002.mp4;False;0.972222;0.947368;0.925
AI;vision;D26_V_outdoorYT_panrot_0001.mp4;False;0.972222;0.947368;0.925
AI;vision;D26_V_outdoorYT_panrot_0002.mp4;False;0.972222;0.947368;0.925
AI;vision;D26_V_outdoorYT_still_0001.mp4;False;0.972222;0.947368;0.925
AI;vision;D26_V_outdoorYT_still_0002.mp4;False;0.972222;0.947368;0.925
AI;vision;D27_V_flat_move_0002.mp4;False;0.638889;0.526316;0.425
AI;vision;D27_V_flat_move_0003.mp4;False;0.638889;0.526316;0.425
AI;vision;D27_V_flat_panrot_0001.mp4;False;0.638889;0.526316;0.425
AI;vision;D27_V_flat_panrot_0002.mp4;False;0.638889;0.526316;0.425
AI;vision;D27_V_flat_still_0001.mp4;False;0.638889;0.526316;0.425
AI;vision;D27_V_flat_still_0002.mp4;False;0.638889;0.526316;0.425
AI;vision;D27_V_flatWA_move_0002.mp4;False;0.69697;0.6;0.513514
AI;vision;D27_V_flatWA_move_0003.mp4;False;0.69697;0.6;0.513514
AI;vision;D27_V_flatWA_panrot_0001.mp4;False;0.69697;0.6;0.513514
AI;vision;D27_V_flatWA_panrot_0002.mp4;False;0.69697;0.6;0.513514
AI;vision;D27_V_flatWA_still_0001.mp4;False;0.69697;0.6;0.513514
AI;vision;D27_V_flatWA_still_0002.mp4;False;0.69697;0.6;0.513514
AI;vision;D27_V_flatYT_move_0002.mp4;False;0.972222;0.947368;0.925
AI;vision;D27_V_flatYT_move_0003.mp4;False;0.972222;0.947368;0.925
AI;vision;D27_V_flatYT_panrot_0001.mp4;False;0.972222;0.947368;0.925
AI;vision;D27_V_flatYT_panrot_0002.mp4;False;0.972222;0.947368;0.925
AI;vision;D27_V_flatYT_still_0001.mp4;False;0.972222;0.947368;0.925
AI;vision;D27_V_flatYT_still_0002.mp4;False;0.972222;0.947368;0.925
AI;vision;D27_V_indoor_move_0002.mp4;False;0.638889;0.526316;0.425
AI;vision;D27_V_indoor_panrot_0001.mp4;False;0.638889;0.526316;0.425
AI;vision;D27_V_indoor_panrot_0002.mp4;False;0.638889;0.526316;0.425
AI;vision;D27_V_indoor_still_0001.mp4;False;0.638889;0.526316;0.425
AI;vision;D27_V_indoor_still_0002.mp4;False;0.638889;0.526316;0.425
AI;vision;D27_V_indoorWA_move_0002.mp4;False;0.69697;0.6;0.513514
AI;vision;D27_V_indoorWA_panrot_0001.mp4;False;0.69697;0.6;0.513514
AI;vision;D27_V_indoorWA_panrot_0002.mp4;False;0.69697;0.6;0.513514
AI;vision;D27_V_indoorWA_still_0001.mp4;False;0.69697;0.6;0.513514
AI;vision;D27_V_indoorWA_still_0002.mp4;False;0.69697;0.6;0.513514
AI;vision;D27_V_indoorYT_move_0002.mp4;False;0.972222;0.947368;0.925
AI;vision;D27_V_indoorYT_panrot_0001.mp4;False;0.972222;0.947368;0.925
AI;vision;D27_V_indoorYT_panrot_0002.mp4;False;0.972222;0.947368;0.925
AI;vision;D27_V_indoorYT_still_0001.mp4;False;0.972222;0.947368;0.925
AI;vision;D27_V_indoorYT_still_0002.mp4;False;0.972222;0.947368;0.925
AI;vision;D27_V_outdoor_move_0002.mp4;False;0.638889;0.526316;0.425
AI;vision;D27_V_outdoor_panrot_0001.mp4;False;0.638889;0.526316;0.425
AI;vision;D27_V_outdoor_panrot_0002.mp4;False;0.638889;0.526316;0.425
AI;vision;D27_V_outdoor_still_0001.mp4;False;0.638889;0.526316;0.425
AI;vision;D27_V_outdoor_still_0002.mp4;False;0.638889;0.526316;0.425
AI;vision;D27_V_outdoorWA_move_0002.mp4;False;0.69697;0.6;0.513514
AI;vision;D27_V_outdoorWA_panrot_0001.mp4;False;0.69697;0.6;0.513514
AI;vision;D27_V_outdoorWA_panrot_0002.mp4;False;0.69697;0.6;0.513514
AI;vision;D27_V_outdoorWA_still_0001.mp4;False;0.69697;0.6;0.513514
AI;vision;D27_V_outdoorWA_still_0002.mp4;False;0.69697;0.6;0.513514
AI;vision;D27_V_outdoorYT_move_0002.mp4;False;0.972222;0.947368;0.925
AI;vision;D27_V_outdoorYT_panrot_0001.mp4;False;0.972222;0.947368;0.925
AI;vision;D27_V_outdoorYT_panrot_0002.mp4;False;0.972222;0.947368;0.925
AI;vision;D27_V_outdoorYT_still_0001.mp4;False;0.972222;0.947368;0.925
AI;vision;D27_V_outdoorYT_still_0002.mp4;False;0.972222;0.947368;0.925
AI;vision;D28_V_flat_move_0002.mp4;False;0.676471;0.5;0.394737
AI;vision;D28_V_flat_move_0003.mp4;False;0.676471;0.5;0.394737
AI;vision;D28_V_flat_panrot_0001.mp4;False;0.676471;0.5;0.394737
AI;vision;D28_V_flat_panrot_0002.mp4;False;0.676471;0.5;0.394737
AI;vision;D28_V_flat_still_0001.mp4;False;0.676471;0.5;0.394737
AI;vision;D28_V_flat_still_0002.mp4;False;0.676471;0.5;0.394737
AI;vision;D28_V_flatWA_move_0002.mp4;False;0.69697;0.6;0.513514
AI;vision;D28_V_flatWA_move_0003.mp4;False;0.69697;0.6;0.513514
AI;vision;D28_V_flatWA_panrot_0001.mp4;False;0.69697;0.6;0.513514
AI;vision;D28_V_flatWA_panrot_0002.mp4;False;0.69697;0.6;0.513514
AI;vision;D28_V_flatWA_still_0001.mp4;False;0.69697;0.6;0.513514
AI;vision;D28_V_flatWA_still_0002.mp4;False;0.69697;0.6;0.513514
AI;vision;D28_V_flatYT_move_0002.mp4;False;0.972222;0.947368;0.925
AI;vision;D28_V_flatYT_move_0003.mp4;False;0.972222;0.947368;0.925
AI;vision;D28_V_flatYT_panrot_0001.mp4;False;0.972222;0.947368;0.925
AI;vision;D28_V_flatYT_panrot_0002.mp4;False;0.972222;0.947368;0.925
AI;vision;D28_V_flatYT_still_0001.mp4;False;0.972222;0.947368;0.925
AI;vision;D28_V_flatYT_still_0002.mp4;False;0.972222;0.947368;0.925
AI;vision;D28_V_indoor_move_0002.mp4;False;0.676471;0.5;0.394737
AI;vision;D28_V_indoor_panrot_0001.mp4;False;0.676471;0.5;0.394737
AI;vision;D28_V_indoor_panrot_0002.mp4;False;0.676471;0.5;0.394737
AI;vision;D28_V_indoor_still_0001.mp4;False;0.676471;0.5;0.394737
AI;vision;D28_V_indoor_still_0002.mp4;False;0.676471;0.5;0.394737
AI;vision;D28_V_indoorWA_move_0002.mp4;False;0.69697;0.6;0.513514
AI;vision;D28_V_indoorWA_panrot_0001.mp4;False;0.69697;0.6;0.513514
AI;vision;D28_V_indoorWA_panrot_0002.mp4;False;0.69697;0.6;0.513514
AI;vision;D28_V_indoorWA_still_0001.mp4;False;0.69697;0.6;0.513514
AI;vision;D28_V_indoorWA_still_0002.mp4;False;0.69697;0.6;0.513514
AI;vision;D28_V_indoorYT_move_0002.mp4;False;0.972222;0.947368;0.925
AI;vision;D28_V_indoorYT_panrot_0001.mp4;False;0.972222;0.947368;0.925
AI;vision;D28_V_indoorYT_panrot_0002.mp4;False;0.972222;0.947368;0.925
AI;vision;D28_V_indoorYT_still_0001.mp4;False;0.972222;0.947368;0.925
AI;vision;D28_V_indoorYT_still_0002.mp4;False;0.972222;0.947368;0.925
AI;vision;D28_V_outdoor_move_0002.mp4;False;0.676471;0.5;0.394737
AI;vision;D28_V_outdoor_panrot_0001.mp4;False;0.676471;0.5;0.394737
AI;vision;D28_V_outdoor_panrot_0002.mp4;False;0.676471;0.5;0.394737
AI;vision;D28_V_outdoor_still_0001.mp4;False;0.676471;0.5;0.394737
AI;vision;D28_V_outdoor_still_0002.mp4;False;0.676471;0.5;0.394737
AI;vision;D28_V_outdoorWA_move_0002.mp4;False;0.69697;0.6;0.513514
AI;vision;D28_V_outdoorWA_panrot_0001.mp4;False;0.69697;0.6;0.513514
AI;vision;D28_V_outdoorWA_panrot_0002.mp4;False;0.69697;0.6;0.513514
AI;vision;D28_V_outdoorWA_still_0001.mp4;False;0.69697;0.6;0.513514
AI;vision;D28_V_outdoorWA_still_0002.mp4;False;0.69697;0.6;0.513514
AI;vision;D28_V_outdoorYT_move_0002.mp4;False;0.972222;0.947368;0.925
AI;vision;D28_V_outdoorYT_panrot_0001.mp4;False;0.972222;0.947368;0.925
AI;vision;D28_V_outdoorYT_panrot_0002.mp4;False;0.972222;0.947368;0.925
AI;vision;D28_V_outdoorYT_still_0001.mp4;False;0.972222;0.947368;0.925
AI;vision;D28_V_outdoorYT_still_0002.mp4;False;0.972222;0.947368;0.925
AI;vision;D29_V_flat_move_0002.mov;False;0.54902;0.403509;0.306452
AI;vision;D29_V_flat_move_0003.mov;False;0.54902;0.403509;0.306452
AI;vision;D29_V_flat_panrot_0001.mov;False;0.54902;0.403509;0.306452
AI;vision;D29_V_flat_panrot_0002.mov;False;0.54902;0.403509;0.306452
AI;vision;D29_V_flat_still_0001.mov;False;0.54902;0.403509;0.306452
AI;vision;D29_V_flat_still_0002.mov;False;0.54902;0.403509;0.306452
AI;vision;D29_V_flatWA_move_0002.mp4;False;0.69697;0.6;0.513514
AI;vision;D29_V_flatWA_move_0003.mp4;False;0.69697;0.6;0.513514
AI;vision;D29_V_flatWA_panrot_0001.mp4;False;0.69697;0.6;0.513514
AI;vision;D29_V_flatWA_panrot_0002.mp4;False;0.69697;0.6;0.513514
AI;vision;D29_V_flatWA_still_0001.mp4;False;0.69697;0.6;0.513514
AI;vision;D29_V_flatWA_still_0002.mp4;False;0.69697;0.6;0.513514
AI;vision;D29_V_flatYT_move_0002.mp4;False;0.972222;0.947368;0.925
AI;vision;D29_V_flatYT_move_0003.mp4;False;0.972222;0.947368;0.925
AI;vision;D29_V_flatYT_panrot_0001.mp4;False;0.972222;0.947368;0.925
AI;vision;D29_V_flatYT_panrot_0002.mp4;False;0.972222;0.947368;0.925
AI;vision;D29_V_flatYT_still_0001.mp4;False;0.972222;0.947368;0.925
AI;vision;D29_V_flatYT_still_0002.mp4;False;0.972222;0.947368;0.925
AI;vision;D29_V_indoor_move_0002.mov;False;0.54902;0.403509;0.306452
AI;vision;D29_V_indoor_panrot_0001.mov;False;0.54902;0.403509;0.306452
AI;vision;D29_V_indoor_panrot_0002.mov;False;0.54902;0.403509;0.306452
AI;vision;D29_V_indoor_still_0001.mov;False;0.54902;0.403509;0.306452
AI;vision;D29_V_indoor_still_0002.mov;False;0.54902;0.403509;0.306452
AI;vision;D29_V_indoorWA_move_0002.mp4;False;0.69697;0.6;0.513514
AI;vision;D29_V_indoorWA_panrot_0001.mp4;False;0.69697;0.6;0.513514
AI;vision;D29_V_indoorWA_panrot_0002.mp4;False;0.69697;0.6;0.513514
AI;vision;D29_V_indoorWA_still_0001.mp4;False;0.69697;0.6;0.513514
AI;vision;D29_V_indoorWA_still_0002.mp4;False;0.69697;0.6;0.513514
AI;vision;D29_V_indoorYT_move_0002.mp4;False;0.972222;0.947368;0.925
AI;vision;D29_V_indoorYT_panrot_0001.mp4;False;0.972222;0.947368;0.925
AI;vision;D29_V_indoorYT_panrot_0002.mp4;False;0.972222;0.947368;0.925
AI;vision;D29_V_indoorYT_still_0001.mp4;False;0.972222;0.947368;0.925
AI;vision;D29_V_indoorYT_still_0002.mp4;False;0.972222;0.947368;0.925
AI;vision;D29_V_outdoor_move_0002.mov;False;0.54902;0.403509;0.306452
AI;vision;D29_V_outdoor_panrot_0001.mov;False;0.54902;0.403509;0.306452
AI;vision;D29_V_outdoor_panrot_0002.mov;False;0.54902;0.403509;0.306452
AI;vision;D29_V_outdoor_still_0001.mov;False;0.54902;0.403509;0.306452
AI;vision;D29_V_outdoor_still_0002.mov;False;0.54902;0.403509;0.306452
AI;vision;D29_V_outdoorWA_move_0002.mp4;False;0.69697;0.6;0.513514
AI;vision;D29_V_outdoorWA_panrot_0001.mp4;False;0.69697;0.6;0.513514
AI;vision;D29_V_outdoorWA_panrot_0002.mp4;False;0.69697;0.6;0.513514
AI;vision;D29_V_outdoorWA_still_0001.mp4;False;0.69697;0.6;0.513514
AI;vision;D29_V_outdoorWA_still_0002.mp4;False;0.69697;0.6;0.513514
AI;vision;D29_V_outdoorYT_move_0002.mp4;False;0.972222;0.947368;0.925
AI;vision;D29_V_outdoorYT_panrot_0001.mp4;False;0.972222;0.947368;0.925
AI;vision;D29_V_outdoorYT_panrot_0002.mp4;False;0.972222;0.947368;0.925
AI;vision;D29_V_outdoorYT_still_0001.mp4;False;0.972222;0.947368;0.925
AI;vision;D29_V_outdoorYT_still_0002.mp4;False;0.972222;0.947368;0.925
AI;vision;D30_V_flat_move_0002.mp4;False;0.676471;0.5;0.394737
AI;vision;D30_V_flat_move_0003.mp4;False;0.676471;0.5;0.394737
AI;vision;D30_V_flat_panrot_0001.mp4;False;0.676471;0.5;0.394737
AI;vision;D30_V_flat_panrot_0002.mp4;False;0.676471;0.5;0.394737
AI;vision;D30_V_flat_still_0001.mp4;False;0.676471;0.5;0.394737
AI;vision;D30_V_flat_still_0002.mp4;False;0.676471;0.5;0.394737
AI;vision;D30_V_flatWA_move_0002.mp4;False;0.69697;0.6;0.513514
AI;vision;D30_V_flatWA_move_0003.mp4;False;0.69697;0.6;0.513514
AI;vision;D30_V_flatWA_panrot_0001.mp4;False;0.69697;0.6;0.513514
AI;vision;D30_V_flatWA_panrot_0002.mp4;False;0.69697;0.6;0.513514
AI;vision;D30_V_flatWA_still_0001.mp4;False;0.69697;0.6;0.513514
AI;vision;D30_V_flatWA_still_0002.mp4;False;0.69697;0.6;0.513514
AI;vision;D30_V_flatYT_move_0002.mp4;False;0.972222;0.947368;0.925
AI;vision;D30_V_flatYT_move_0003.mp4;False;0.972222;0.947368;0.925
AI;vision;D30_V_flatYT_panrot_0001.mp4;False;0.972222;0.947368;0.925
AI;vision;D30_V_flatYT_panrot_0002.mp4;False;0.972222;0.947368;0.925
AI;vision;D30_V_flatYT_still_0001.mp4;False;0.972222;0.947368;0.925
AI;vision;D30_V_flatYT_still_0002.mp4;False;0.972222;0.947368;0.925
AI;vision;D30_V_indoor_move_0002.mp4;False;0.676471;0.5;0.394737
AI;vision;D30_V_indoor_panrot_0001.mp4;False;0.676471;0.5;0.394737
AI;vision;D30_V_indoor_panrot_0002.mp4;False;0.676471;0.5;0.394737
AI;vision;D30_V_indoor_still_0001.mp4;False;0.676471;0.5;0.394737
AI;vision;D30_V_indoor_still_0002.mp4;False;0.676471;0.5;0.394737
AI;vision;D30_V_indoorWA_move_0002.mp4;False;0.69697;0.6;0.513514
AI;vision;D30_V_indoorWA_panrot_0001.mp4;False;0.69697;0.6;0.513514
AI;vision;D30_V_indoorWA_panrot_0002.mp4;False;0.69697;0.6;0.513514
AI;vision;D30_V_indoorWA_still_0001.mp4;False;0.69697;0.6;0.513514
AI;vision;D30_V_indoorWA_still_0002.mp4;False;0.69697;0.6;0.513514
AI;vision;D30_V_indoorYT_move_0002.mp4;False;0.972222;0.947368;0.925
AI;vision;D30_V_indoorYT_panrot_0001.mp4;False;0.972222;0.947368;0.925
AI;vision;D30_V_indoorYT_panrot_0002.mp4;False;0.972222;0.947368;0.925
AI;vision;D30_V_indoorYT_still_0001.mp4;False;0.972222;0.947368;0.925
AI;vision;D30_V_indoorYT_still_0002.mp4;False;0.972222;0.947368;0.925
AI;vision;D30_V_outdoor_move_0002.mp4;False;0.676471;0.5;0.394737
AI;vision;D30_V_outdoor_panrot_0001.mp4;False;0.676471;0.5;0.394737
AI;vision;D30_V_outdoor_panrot_0002.mp4;False;0.676471;0.5;0.394737
AI;vision;D30_V_outdoor_still_0001.mp4;False;0.676471;0.5;0.394737
AI;vision;D30_V_outdoor_still_0002.mp4;False;0.676471;0.5;0.394737
AI;vision;D30_V_outdoorWA_move_0002.mp4;False;0.69697;0.6;0.513514
AI;vision;D30_V_outdoorWA_panrot_0001.mp4;False;0.69697;0.6;0.513514
AI;vision;D30_V_outdoorWA_panrot_0002.mp4;False;0.69697;0.6;0.513514
AI;vision;D30_V_outdoorWA_still_0001.mp4;False;0.69697;0.6;0.513514
AI;vision;D30_V_outdoorWA_still_0002.mp4;False;0.69697;0.6;0.513514
AI;vision;D30_V_outdoorYT_move_0002.mp4;False;0.972222;0.947368;0.925
AI;vision;D30_V_outdoorYT_panrot_0001.mp4;False;0.972222;0.947368;0.925
AI;vision;D30_V_outdoorYT_panrot_0002.mp4;False;0.972222;0.947368;0.925
AI;vision;D30_V_outdoorYT_still_0001.mp4;False;0.972222;0.947368;0.925
AI;vision;D30_V_outdoorYT_still_0002.mp4;False;0.972222;0.947368;0.925
AI;vision;D31_V_flat_move_0002.mp4;False;0.625;0.529412;0.444444
AI;vision;D31_V_flat_move_0003.mp4;False;0.625;0.529412;0.444444
AI;vision;D31_V_flat_panrot_0001.mp4;False;0.625;0.529412;0.444444
AI;vision;D31_V_flat_panrot_0002.mp4;False;0.625;0.529412;0.444444
AI;vision;D31_V_flat_still_0001.mp4;False;0.625;0.529412;0.444444
AI;vision;D31_V_flat_still_0002.mp4;False;0.625;0.529412;0.444444
AI;vision;D31_V_flatWA_move_0002.mp4;False;0.69697;0.6;0.513514
AI;vision;D31_V_flatWA_move_0003.mp4;False;0.69697;0.6;0.513514
AI;vision;D31_V_flatWA_panrot_0001.mp4;False;0.69697;0.6;0.513514
AI;vision;D31_V_flatWA_panrot_0002.mp4;False;0.69697;0.6;0.513514
AI;vision;D31_V_flatWA_still_0001.mp4;False;0.69697;0.6;0.513514
AI;vision;D31_V_flatWA_still_0002.mp4;False;0.69697;0.6;0.513514
AI;vision;D31_V_flatYT_move_0002.mp4;False;0.972222;0.947368;0.925
AI;vision;D31_V_flatYT_move_0003.mp4;False;0.972222;0.947368;0.925
AI;vision;D31_V_flatYT_panrot_0001.mp4;False;0.972222;0.947368;0.925
AI;vision;D31_V_flatYT_panrot_0002.mp4;False;0.972222;0.947368;0.925
AI;vision;D31_V_flatYT_still_0001.mp4;False;0.972222;0.947368;0.925
AI;vision;D31_V_flatYT_still_0002.mp4;False;0.972222;0.947368;0.925
AI;vision;D31_V_indoor_move_0002.mp4;False;0.625;0.529412;0.444444
AI;vision;D31_V_indoor_panrot_0001.mp4;False;0.625;0.529412;0.444444
AI;vision;D31_V_indoor_panrot_0002.mp4;False;0.625;0.529412;0.444444
AI;vision;D31_V_indoor_still_0001.mp4;False;0.625;0.529412;0.444444
AI;vision;D31_V_indoor_still_0002.mp4;False;0.625;0.529412;0.444444
AI;vision;D31_V_indoorWA_move_0002.mp4;False;0.69697;0.6;0.513514
AI;vision;D31_V_indoorWA_panrot_0001.mp4;False;0.69697;0.6;0.513514
AI;vision;D31_V_indoorWA_panrot_0002.mp4;False;0.69697;0.6;0.513514
AI;vision;D31_V_indoorWA_still_0001.mp4;False;0.69697;0.6;0.513514
AI;vision;D31_V_indoorWA_still_0002.mp4;False;0.69697;0.6;0.513514
AI;vision;D31_V_indoorYT_move_0002.mp4;False;0.972222;0.947368;0.925
AI;vision;D31_V_indoorYT_panrot_0001.mp4;False;0.972222;0.947368;0.925
AI;vision;D31_V_indoorYT_panrot_0002.mp4;False;0.972222;0.947368;0.925
AI;vision;D31_V_indoorYT_still_0001.mp4;False;0.972222;0.947368;0.925
AI;vision;D31_V_indoorYT_still_0002.mp4;False;0.972222;0.947368;0.925
AI;vision;D31_V_outdoor_move_0002.mp4;False;0.625;0.529412;0.444444
AI;vision;D31_V_outdoor_panrot_0001.mp4;False;0.625;0.529412;0.444444
AI;vision;D31_V_outdoor_panrot_0002.mp4;False;0.625;0.529412;0.444444
AI;vision;D31_V_outdoor_still_0001.mp4;False;0.625;0.529412;0.444444
AI;vision;D31_V_outdoor_still_0002.mp4;False;0.625;0.529412;0.444444
AI;vision;D31_V_outdoorWA_move_0002.mp4;False;0.69697;0.6;0.513514
AI;vision;D31_V_outdoorWA_panrot_0001.mp4;False;0.69697;0.6;0.513514
AI;vision;D31_V_outdoorWA_panrot_0002.mp4;False;0.69697;0.6;0.513514
AI;vision;D31_V_outdoorWA_still_0001.mp4;False;0.69697;0.6;0.513514
AI;vision;D31_V_outdoorWA_still_0002.mp4;False;0.69697;0.6;0.513514
AI;vision;D31_V_outdoorYT_move_0002.mp4;False;0.972222;0.947368;0.925
AI;vision;D31_V_outdoorYT_panrot_0001.mp4;False;0.972222;0.947368;0.925
AI;vision;D31_V_outdoorYT_panrot_0002.mp4;False;0.972222;0.947368;0.925
AI;vision;D31_V_outdoorYT_still_0001.mp4;False;0.972222;0.947368;0.925
AI;vision;D31_V_outdoorYT_still_0002.mp4;False;0.972222;0.947368;0.925
AI;vision;D32_V_flat_move_0002.mp4;False;0.628571;0.459459;0.384615
AI;vision;D32_V_flat_move_0003.mp4;False;0.628571;0.459459;0.384615
AI;vision;D32_V_flat_panrot_0001.mp4;False;0.628571;0.459459;0.384615
AI;vision;D32_V_flat_panrot_0002.mp4;False;0.628571;0.459459;0.384615
AI;vision;D32_V_flat_still_0001.mp4;False;0.628571;0.459459;0.384615
AI;vision;D32_V_flat_still_0002.mp4;False;0.628571;0.459459;0.384615
AI;vision;D32_V_flatWA_move_0002.mp4;False;0.69697;0.6;0.513514
AI;vision;D32_V_flatWA_move_0003.mp4;False;0.69697;0.6;0.513514
AI;vision;D32_V_flatWA_panrot_0001.mp4;False;0.69697;0.6;0.513514
AI;vision;D32_V_flatWA_panrot_0002.mp4;False;0.69697;0.6;0.513514
AI;vision;D32_V_flatWA_still_0001.mp4;False;0.69697;0.6;0.513514
AI;vision;D32_V_flatWA_still_0002.mp4;False;0.69697;0.6;0.513514
AI;vision;D32_V_flatYT_move_0002.mp4;False;0.972222;0.947368;0.925
AI;vision;D32_V_flatYT_move_0003.mp4;False;0.972222;0.947368;0.925
AI;vision;D32_V_flatYT_panrot_0001.mp4;False;0.972222;0.947368;0.925
AI;vision;D32_V_flatYT_panrot_0002.mp4;False;0.972222;0.947368;0.925
AI;vision;D32_V_flatYT_still_0001.mp4;False;0.972222;0.947368;0.925
AI;vision;D32_V_flatYT_still_0002.mp4;False;0.972222;0.947368;0.925
AI;vision;D32_V_indoor_move_0002.mp4;False;0.628571;0.459459;0.384615
AI;vision;D32_V_indoor_panrot_0001.mp4;False;0.628571;0.459459;0.384615
AI;vision;D32_V_indoor_panrot_0002.mp4;False;0.628571;0.459459;0.384615
AI;vision;D32_V_indoor_still_0001.mp4;False;0.628571;0.459459;0.384615
AI;vision;D32_V_indoor_still_0002.mp4;False;0.628571;0.459459;0.384615
AI;vision;D32_V_indoorWA_move_0002.mp4;False;0.69697;0.6;0.513514
AI;vision;D32_V_indoorWA_panrot_0001.mp4;False;0.69697;0.6;0.513514
AI;vision;D32_V_indoorWA_panrot_0002.mp4;False;0.69697;0.6;0.513514
AI;vision;D32_V_indoorWA_still_0001.mp4;False;0.69697;0.6;0.513514
AI;vision;D32_V_indoorWA_still_0002.mp4;False;0.69697;0.6;0.513514
AI;vision;D32_V_indoorYT_move_0002.mp4;False;0.972222;0.947368;0.925
AI;vision;D32_V_indoorYT_panrot_0001.mp4;False;0.972222;0.947368;0.925
AI;vision;D32_V_indoorYT_panrot_0002.mp4;False;0.972222;0.947368;0.925
AI;vision;D32_V_indoorYT_still_0001.mp4;False;0.972222;0.947368;0.925
AI;vision;D32_V_indoorYT_still_0002.mp4;False;0.972222;0.947368;0.925
AI;vision;D32_V_outdoor_move_0002.mp4;False;0.628571;0.459459;0.384615
AI;vision;D32_V_outdoor_panrot_0001.mp4;False;0.628571;0.459459;0.384615
AI;vision;D32_V_outdoor_panrot_0002.mp4;False;0.628571;0.459459;0.384615
AI;vision;D32_V_outdoor_still_0001.mp4;False;0.594595;0.435897;0.365854
AI;vision;D32_V_outdoor_still_0002.mp4;False;0.594595;0.435897;0.365854
AI;vision;D32_V_outdoorWA_move_0002.mp4;False;0.69697;0.6;0.513514
AI;vision;D32_V_outdoorWA_panrot_0001.mp4;False;0.69697;0.6;0.513514
AI;vision;D32_V_outdoorWA_panrot_0002.mp4;False;0.69697;0.6;0.513514
AI;vision;D32_V_outdoorWA_still_0001.mp4;False;0.69697;0.6;0.513514
AI;vision;D32_V_outdoorWA_still_0002.mp4;False;0.69697;0.6;0.513514
AI;vision;D32_V_outdoorYT_move_0002.mp4;False;0.972222;0.947368;0.925
AI;vision;D32_V_outdoorYT_panrot_0001.mp4;False;0.972222;0.947368;0.925
AI;vision;D32_V_outdoorYT_panrot_0002.mp4;False;0.972222;0.947368;0.925
AI;vision;D32_V_outdoorYT_still_0001.mp4;False;0.972222;0.947368;0.925
AI;vision;D32_V_outdoorYT_still_0002.mp4;False;0.972222;0.947368;0.925
AI;vision;D33_V_flat_move_0002.mp4;False;0.59375;0.441176;0.388889
AI;vision;D33_V_flat_move_0003.mp4;False;0.59375;0.441176;0.388889
AI;vision;D33_V_flat_panrot_0001.mp4;False;0.59375;0.441176;0.388889
AI;vision;D33_V_flat_panrot_0002.mp4;False;0.59375;0.441176;0.388889
AI;vision;D33_V_flat_still_0001.mp4;False;0.59375;0.441176;0.388889
AI;vision;D33_V_flat_still_0002.mp4;False;0.59375;0.441176;0.388889
AI;vision;D33_V_flatWA_move_0002.mp4;False;0.69697;0.6;0.513514
AI;vision;D33_V_flatWA_move_0003.mp4;False;0.69697;0.6;0.513514
AI;vision;D33_V_flatWA_panrot_0001.mp4;False;0.69697;0.6;0.513514
AI;vision;D33_V_flatWA_panrot_0002.mp4;False;0.69697;0.6;0.513514
AI;vision;D33_V_flatWA_still_0001.mp4;False;0.69697;0.6;0.513514
AI;vision;D33_V_flatWA_still_0002.mp4;False;0.69697;0.6;0.513514
AI;vision;D33_V_flatYT_move_0003.mp4;False;0.972222;0.947368;0.925
AI;vision;D33_V_flatYT_panrot_0001.mp4;False;0.972222;0.947368;0.925
AI;vision;D33_V_flatYT_panrot_0002.mp4;False;0.972222;0.947368;0.925
AI;vision;D33_V_flatYT_still_0001.mp4;False;0.972222;0.947368;0.925
AI;vision;D33_V_flatYT_still_0002.mp4;False;0.972222;0.947368;0.925
AI;vision;D33_V_indoor_move_0002.mp4;False;0.59375;0.441176;0.388889
AI;vision;D33_V_indoor_panrot_0001.mp4;False;0.59375;0.441176;0.388889
AI;vision;D33_V_indoor_panrot_0002.mp4;False;0.59375;0.441176;0.388889
AI;vision;D33_V_indoor_still_0001.mp4;False;0.59375;0.441176;0.388889
AI;vision;D33_V_indoor_still_0002.mp4;False;0.59375;0.441176;0.388889
AI;vision;D33_V_indoorWA_move_0002.mp4;False;0.69697;0.6;0.513514
AI;vision;D33_V_indoorWA_panrot_0001.mp4;False;0.69697;0.6;0.513514
AI;vision;D33_V_indoorWA_panrot_0002.mp4;False;0.69697;0.6;0.513514
AI;vision;D33_V_indoorWA_still_0001.mp4;False;0.69697;0.6;0.513514
AI;vision;D33_V_indoorWA_still_0002.mp4;False;0.69697;0.6;0.513514
AI;vision;D33_V_indoorYT_move_0002.mp4;False;0.972222;0.947368;0.925
AI;vision;D33_V_indoorYT_panrot_0001.mp4;False;0.972222;0.947368;0.925
AI;vision;D33_V_indoorYT_panrot_0002.mp4;False;0.972222;0.947368;0.925
AI;vision;D33_V_indoorYT_still_0001.mp4;False;0.972222;0.947368;0.925
AI;vision;D33_V_indoorYT_still_0002.mp4;False;0.972222;0.947368;0.925
AI;vision;D33_V_outdoor_move_0002.mp4;False;0.59375;0.441176;0.388889
AI;vision;D33_V_outdoor_panrot_0001.mp4;False;0.59375;0.441176;0.388889
AI;vision;D33_V_outdoor_panrot_0002.mp4;False;0.59375;0.441176;0.388889
AI;vision;D33_V_outdoor_still_0001.mp4;False;0.59375;0.441176;0.388889
AI;vision;D33_V_outdoor_still_0002.mp4;False;0.59375;0.441176;0.388889
AI;vision;D33_V_outdoorWA_move_0002.mp4;False;0.69697;0.6;0.513514
AI;vision;D33_V_outdoorWA_panrot_0001.mp4;False;0.69697;0.6;0.513514
AI;vision;D33_V_outdoorWA_panrot_0002.mp4;False;0.69697;0.6;0.513514
AI;vision;D33_V_outdoorWA_still_0001.mp4;False;0.69697;0.6;0.513514
AI;vision;D33_V_outdoorWA_still_0002.mp4;False;0.69697;0.6;0.513514
AI;vision;D33_V_outdoorYT_move_0002.mp4;False;0.972222;0.947368;0.925
AI;vision;D33_V_outdoorYT_panrot_0001.mp4;False;0.972222;0.947368;0.925
AI;vision;D33_V_outdoorYT_panrot_0002.mp4;False;0.972222;0.947368;0.925
AI;vision;D33_V_outdoorYT_still_0001.mp4;False;0.972222;0.947368;0.925
AI;vision;D33_V_outdoorYT_still_0002.mp4;False;0.972222;0.947368;0.925
AI;vision;D34_V_flat_move_0002.mov;False;0.571429;0.442308;0.351852
AI;vision;D34_V_flat_move_0003.mov;False;0.571429;0.442308;0.351852
AI;vision;D34_V_flat_move_0004.mov;False;0.571429;0.442308;0.351852
AI;vision;D34_V_flat_move_0005.mov;False;0.571429;0.442308;0.351852
AI;vision;D34_V_flat_panrot_0001.mov;False;0.571429;0.442308;0.351852
AI;vision;D34_V_flat_panrot_0002.mov;False;0.571429;0.442308;0.351852
AI;vision;D34_V_flat_panrot_0003.mov;False;0.571429;0.442308;0.351852
AI;vision;D34_V_flat_panrot_0004.mov;False;0.571429;0.442308;0.351852
AI;vision;D34_V_flat_still_0001.mov;False;0.571429;0.442308;0.351852
AI;vision;D34_V_flat_still_0002.mov;False;0.571429;0.442308;0.351852
AI;vision;D34_V_flat_still_0003.mov;False;0.571429;0.442308;0.351852
AI;vision;D34_V_flat_still_0004.mov;False;0.571429;0.442308;0.351852
AI;vision;D34_V_flatWA_move_0002.mp4;False;0.69697;0.6;0.513514
AI;vision;D34_V_flatWA_move_0003.mp4;False;0.69697;0.6;0.513514
AI;vision;D34_V_flatWA_move_0004.mp4;False;0.69697;0.6;0.513514
AI;vision;D34_V_flatWA_move_0005.mp4;False;0.69697;0.6;0.513514
AI;vision;D34_V_flatWA_panrot_0001.mp4;False;0.69697;0.6;0.513514
AI;vision;D34_V_flatWA_panrot_0002.mp4;False;0.69697;0.6;0.513514
AI;vision;D34_V_flatWA_panrot_0003.mp4;False;0.69697;0.6;0.513514
AI;vision;D34_V_flatWA_panrot_0004.mp4;False;0.69697;0.6;0.513514
AI;vision;D34_V_flatWA_still_0001.mp4;False;0.69697;0.6;0.513514
AI;vision;D34_V_flatWA_still_0002.mp4;False;0.69697;0.6;0.513514
AI;vision;D34_V_flatWA_still_0003.mp4;False;0.69697;0.6;0.513514
AI;vision;D34_V_flatWA_still_0004.mp4;False;0.69697;0.6;0.513514
AI;vision;D34_V_flatYT_panrot_0004.mp4;False;0.972222;0.947368;0.925
AI;vision;D34_V_indoor_move_0002.mov;False;0.571429;0.442308;0.351852
AI;vision;D34_V_indoor_move_0003.mov;False;0.571429;0.442308;0.351852
AI;vision;D34_V_indoor_move_0004.mov;False;0.571429;0.442308;0.351852
AI;vision;D34_V_indoor_panrot_0001.mov;False;0.571429;0.442308;0.351852
AI;vision;D34_V_indoor_panrot_0002.mov;False;0.571429;0.442308;0.351852
AI;vision;D34_V_indoor_panrot_0003.mov;False;0.571429;0.442308;0.351852
AI;vision;D34_V_indoor_panrot_0004.mov;False;0.571429;0.442308;0.351852
AI;vision;D34_V_indoor_still_0001.mov;False;0.571429;0.442308;0.351852
AI;vision;D34_V_indoor_still_0002.mov;False;0.571429;0.442308;0.351852
AI;vision;D34_V_indoor_still_0003.mov;False;0.571429;0.442308;0.351852
AI;vision;D34_V_indoor_still_0004.mov;False;0.571429;0.442308;0.351852
AI;vision;D34_V_indoorWA_move_0002.mp4;False;0.69697;0.6;0.513514
AI;vision;D34_V_indoorWA_move_0003.mp4;False;0.69697;0.6;0.513514
AI;vision;D34_V_indoorWA_move_0004.mp4;False;0.69697;0.6;0.513514
AI;vision;D34_V_indoorWA_panrot_0001.mp4;False;0.69697;0.6;0.513514
AI;vision;D34_V_indoorWA_panrot_0002.mp4;False;0.69697;0.6;0.513514
AI;vision;D34_V_indoorWA_panrot_0003.mp4;False;0.69697;0.6;0.513514
AI;vision;D34_V_indoorWA_panrot_0004.mp4;False;0.69697;0.6;0.513514
AI;vision;D34_V_indoorWA_still_0001.mp4;False;0.69697;0.6;0.513514
AI;vision;D34_V_indoorWA_still_0002.mp4;False;0.69697;0.6;0.513514
AI;vision;D34_V_indoorWA_still_0003.mp4;False;0.69697;0.6;0.513514
AI;vision;D34_V_indoorWA_still_0004.mp4;False;0.69697;0.6;0.513514
AI;vision;D34_V_indoorYT_move_0002.mp4;False;0.972222;0.947368;0.925
AI;vision;D34_V_indoorYT_move_0003.mp4;False;0.972222;0.947368;0.925
AI;vision;D34_V_indoorYT_move_0004.mp4;False;0.972222;0.947368;0.925
AI;vision;D34_V_indoorYT_panrot_0001.mp4;False;0.972222;0.947368;0.925
AI;vision;D34_V_indoorYT_panrot_0002.mp4;False;0.972222;0.947368;0.925
AI;vision;D34_V_indoorYT_panrot_0003.mp4;False;0.972222;0.947368;0.925
AI;vision;D34_V_indoorYT_panrot_0004.mp4;False;0.972222;0.947368;0.925
AI;vision;D34_V_indoorYT_still_0001.mp4;False;0.972222;0.947368;0.925
AI;vision;D34_V_indoorYT_still_0002.mp4;False;0.972222;0.947368;0.925
AI;vision;D34_V_outdoor_move_0002.mov;False;0.571429;0.442308;0.351852
AI;vision;D34_V_outdoor_move_0003.mov;False;0.571429;0.442308;0.351852
AI;vision;D34_V_outdoor_move_0004.mov;False;0.571429;0.442308;0.351852
AI;vision;D34_V_outdoor_panrot_0001.mov;False;0.571429;0.442308;0.351852
AI;vision;D34_V_outdoor_panrot_0002.mov;False;0.571429;0.442308;0.351852
AI;vision;D34_V_outdoor_still_0001.mov;False;0.571429;0.442308;0.351852
AI;vision;D34_V_outdoorWA_move_0002.mp4;False;0.69697;0.6;0.513514
AI;vision;D34_V_outdoorWA_move_0003.mp4;False;0.69697;0.6;0.513514
AI;vision;D34_V_outdoorWA_move_0004.mp4;False;0.69697;0.6;0.513514
AI;vision;D34_V_outdoorWA_panrot_0001.mp4;False;0.69697;0.6;0.513514
AI;vision;D34_V_outdoorWA_panrot_0002.mp4;False;0.69697;0.6;0.513514
AI;vision;D34_V_outdoorWA_still_0001.mp4;False;0.69697;0.6;0.513514
AI;vision;D34_V_outdoorYT_move_0002.mp4;False;0.972222;0.947368;0.925
AI;vision;D34_V_outdoorYT_move_0003.mp4;False;0.972222;0.947368;0.925
AI;vision;D34_V_outdoorYT_move_0004.mp4;False;0.972222;0.947368;0.925
AI;vision;D34_V_outdoorYT_panrot_0001.mp4;False;0.972222;0.947368;0.925
AI;vision;D34_V_outdoorYT_panrot_0002.mp4;False;0.972222;0.947368;0.925
AI;vision;D35_V_flat_move_0002.mp4;False;0.606061;0.514286;0.432432
AI;vision;D35_V_flat_panrot_0001.mp4;False;0.606061;0.514286;0.432432
AI;vision;D35_V_flat_still_0001.mp4;False;0.606061;0.514286;0.432432
AI;vision;D35_V_flatWA_move_0002.mp4;False;0.69697;0.6;0.513514
AI;vision;D35_V_flatWA_panrot_0001.mp4;False;0.69697;0.6;0.513514
AI;vision;D35_V_flatWA_still_0001.mp4;False;0.69697;0.6;0.513514
AI;vision;D35_V_flatYT_move_0002.mp4;False;0.972222;0.947368;0.925
AI;vision;D35_V_flatYT_panrot_0001.mp4;False;0.972222;0.947368;0.925
AI;vision;D35_V_flatYT_still_0001.mp4;False;0.972222;0.947368;0.925
AI;vision;D35_V_indoor_move_0002.mp4;False;0.606061;0.514286;0.432432
AI;vision;D35_V_indoor_panrot_0001.mp4;False;0.606061;0.514286;0.432432
AI;vision;D35_V_indoor_panrot_0002.mp4;False;0.606061;0.514286;0.432432
AI;vision;D35_V_indoor_still_0001.mp4;False;0.606061;0.514286;0.432432
AI;vision;D35_V_indoor_still_0002.mp4;False;0.606061;0.514286;0.432432
AI;vision;D35_V_indoorWA_move_0002.mp4;False;0.69697;0.6;0.513514
AI;vision;D35_V_indoorWA_panrot_0001.mp4;False;0.69697;0.6;0.513514
AI;vision;D35_V_indoorWA_panrot_0002.mp4;False;0.69697;0.6;0.513514
AI;vision;D35_V_indoorWA_still_0001.mp4;False;0.69697;0.6;0.513514
AI;vision;D35_V_indoorWA_still_0002.mp4;False;0.69697;0.6;0.513514
AI;vision;D35_V_indoorYT_move_0002.mp4;False;0.972222;0.947368;0.925
AI;vision;D35_V_indoorYT_panrot_0001.mp4;False;0.972222;0.947368;0.925
AI;vision;D35_V_indoorYT_panrot_0002.mp4;False;0.972222;0.947368;0.925
AI;vision;D35_V_indoorYT_still_0001.mp4;False;0.972222;0.947368;0.925
AI;vision;D35_V_indoorYT_still_0002.mp4;False;0.972222;0.947368;0.925
AI;vision;D35_V_outdoor_move_0002.mp4;False;0.606061;0.514286;0.432432
AI;vision;D35_V_outdoor_panrot_0001.mp4;False;0.606061;0.514286;0.432432
AI;vision;D35_V_outdoor_panrot_0002.mp4;False;0.606061;0.514286;0.432432
AI;vision;D35_V_outdoor_still_0001.mp4;False;0.606061;0.514286;0.432432
AI;vision;D35_V_outdoor_still_0002.mp4;False;0.606061;0.514286;0.432432
AI;vision;D35_V_outdoorWA_move_0002.mp4;False;0.69697;0.6;0.513514
AI;vision;D35_V_outdoorWA_panrot_0001.mp4;False;0.69697;0.6;0.513514
AI;vision;D35_V_outdoorWA_panrot_0002.mp4;False;0.69697;0.6;0.513514
AI;vision;D35_V_outdoorWA_still_0001.mp4;False;0.69697;0.6;0.513514
AI;vision;D35_V_outdoorWA_still_0002.mp4;False;0.69697;0.6;0.513514
AI;vision;D35_V_outdoorYT_move_0002.mp4;False;0.972222;0.947368;0.925
AI;vision;D35_V_outdoorYT_panrot_0001.mp4;False;0.972222;0.947368;0.925
AI;vision;D35_V_outdoorYT_panrot_0002.mp4;False;0.972222;0.947368;0.925
AI;vision;D35_V_outdoorYT_still_0001.mp4;False;0.972222;0.947368;0.925
AI;vision;D35_V_outdoorYT_still_0002.mp4;False;0.972222;0.947368;0.925
AI;eva-7k;D01_V_indoor_move_0002.mp4;False;0.888889;0.815789;0.775
AI;eva-7k;D01_V_outdoor_move_0002.mp4;False;0.888889;0.815789;0.775
AI;eva-7k;D03_V_indoor_move_0002.mp4;False;0.888889;0.815789;0.775
AI;eva-7k;D03_V_outdoor_move_0002.mp4;False;0.888889;0.815789;0.775
AI;eva-7k;D04_V_indoor_move_0002.mp4;False;0.942857;0.891892;0.846154
AI;eva-7k;D04_V_outdoor_move_0002.mp4;False;0.942857;0.891892;0.846154
AI;eva-7k;D05_V_indoor_move_0002.mp4;False;0.888889;0.815789;0.775
AI;eva-7k;D05_V_outdoor_move_0002.mp4;False;0.888889;0.815789;0.775
AI;eva-7k;D06_V_indoor_move_0002.mp4;False;0.888889;0.815789;0.775
AI;eva-7k;D06_V_outdoor_move_0002.mp4;False;0.888889;0.815789;0.775
AI;eva-7k;D07_V_indoor_move_0002.mp4;False;0.888889;0.815789;0.775
AI;eva-7k;D07_V_outdoor_move_0002.mp4;False;0.888889;0.815789;0.775
AI;eva-7k;D08_V_indoor_move_0002.mp4;False;0.888889;0.815789;0.775
AI;eva-7k;D08_V_outdoor_move_0002.mp4;False;0.888889;0.815789;0.775
AI;eva-7k;D09_V_indoor_move_0002.mp4;False;0.888889;0.815789;0.775
AI;eva-7k;D09_V_outdoor_move_0002.mp4;False;0.888889;0.815789;0.775
AI;eva-7k;D10_V_indoor_move_0002.mp4;False;0.888889;0.815789;0.775
AI;eva-7k;D11_V_indoor_move_0002.mp4;False;0.888889;0.815789;0.775
AI;eva-7k;D11_V_outdoor_move_0002.mp4;False;0.888889;0.815789;0.775
AI;eva-7k;D12_V_indoor_move_0002.mp4;False;0.896552;0.821429;0.777778
AI;eva-7k;D12_V_outdoor_move_0002.mp4;False;0.896552;0.821429;0.777778
AI;eva-7k;D13_V_indoor_move_0002.mp4;False;0.888889;0.815789;0.775
AI;eva-7k;D13_V_outdoor_move_0002.mp4;False;0.888889;0.815789;0.775
AI;eva-7k;D14_V_indoor_move_0002.mp4;False;0.888889;0.815789;0.775
AI;eva-7k;D14_V_outdoor_move_0002.mp4;False;0.888889;0.815789;0.775
AI;eva-7k;D15_V_indoor_move_0002.mp4;False;0.888889;0.815789;0.775
AI;eva-7k;D15_V_outdoor_move_0002.mp4;False;0.888889;0.815789;0.775
AI;eva-7k;D16_V_indoor_move_0002.mp4;False;0.888889;0.815789;0.775
AI;eva-7k;D16_V_outdoor_move_0002.mp4;False;0.888889;0.815789;0.775
AI;eva-7k;D19_V_indoor_move_0002.mp4;False;0.888889;0.815789;0.775
AI;eva-7k;D19_V_outdoor_move_0002.mp4;False;0.888889;0.815789;0.775
AI;eva-7k;D20_V_indoor_move_0002.mp4;False;0.888889;0.815789;0.775
AI;eva-7k;D20_V_outdoor_move_0002.mp4;False;0.888889;0.815789;0.775
AI;eva-7k;D22_V_indoor_move_0002.mp4;False;0.888889;0.815789;0.775
AI;eva-7k;D22_V_outdoor_move_0002.mp4;False;0.888889;0.815789;0.775
AI;eva-7k;D23_V_indoor_move_0002.mp4;False;0.942857;0.891892;0.846154
AI;eva-7k;D23_V_outdoor_move_0002.mp4;False;0.942857;0.891892;0.846154
AI;eva-7k;D24_V_indoor_move_0002.mp4;False;0.888889;0.815789;0.775
AI;eva-7k;D24_V_outdoor_move_0002.mp4;False;0.888889;0.815789;0.775
AI;eva-7k;D25_V_indoor_move_0002.mp4;False;0.888889;0.815789;0.775
AI;eva-7k;D25_V_outdoor_move_0002.mp4;False;0.888889;0.815789;0.775
AI;eva-7k;D26_V_indoor_move_0002.mp4;False;0.888889;0.815789;0.775
AI;eva-7k;D26_V_outdoor_move_0002.mp4;False;0.888889;0.815789;0.775
AI;eva-7k;D27_V_indoor_move_0002.mp4;False;0.888889;0.815789;0.775
AI;eva-7k;D27_V_outdoor_move_0002.mp4;False;0.888889;0.815789;0.775
AI;eva-7k;D28_V_indoor_move_0002.mp4;False;0.888889;0.815789;0.775
AI;eva-7k;D28_V_outdoor_move_0002.mp4;False;0.888889;0.815789;0.775
AI;eva-7k;D29_V_indoor_move_0002.mp4;False;0.888889;0.815789;0.775
AI;eva-7k;D29_V_outdoor_move_0002.mp4;False;0.888889;0.815789;0.775
AI;eva-7k;D30_V_indoor_move_0002.mp4;False;0.888889;0.815789;0.775
AI;eva-7k;D30_V_outdoor_move_0002.mp4;False;0.888889;0.815789;0.775
AI;eva-7k;D31_V_indoor_move_0002.mp4;False;0.888889;0.815789;0.775
AI;eva-7k;D31_V_outdoor_move_0002.mp4;False;0.888889;0.815789;0.775
AI;eva-7k;D32_V_indoor_move_0002.mp4;False;0.888889;0.815789;0.775
AI;eva-7k;D32_V_outdoor_move_0002.mp4;False;0.888889;0.815789;0.775
AI;eva-7k;D33_V_indoor_move_0002.mp4;False;0.888889;0.815789;0.775
AI;eva-7k;D33_V_outdoor_move_0002.mp4;False;0.888889;0.815789;0.775
AI;eva-7k;D34_V_indoor_move_0002.mp4;False;0.888889;0.815789;0.775
AI;eva-7k;D34_V_outdoor_move_0002.mp4;False;0.888889;0.815789;0.775
AI;eva-7k;D35_V_outdoor_move_0002.mp4;False;0.888889;0.815789;0.775
AI;eva-7k;D35_V_outdoor_panrot_0002.mp4;False;0.888889;0.815789;0.775
AI;eva-7k;D01_V_indoor_move_0002.mp4;False;0.888889;0.815789;0.775
AI;eva-7k;D01_V_outdoor_move_0002.mp4;False;0.888889;0.815789;0.775
AI;eva-7k;D03_V_indoor_move_0002.mp4;False;0.942857;0.891892;0.846154
AI;eva-7k;D03_V_outdoor_move_0002.mp4;False;0.942857;0.891892;0.846154
AI;eva-7k;D04_V_indoor_move_0002.mp4;False;0.942857;0.891892;0.846154
AI;eva-7k;D04_V_outdoor_move_0002.mp4;False;0.942857;0.891892;0.846154
AI;eva-7k;D05_V_indoor_move_0002.mp4;False;0.942857;0.891892;0.846154
AI;eva-7k;D05_V_outdoor_move_0002.mp4;False;0.942857;0.891892;0.846154
AI;eva-7k;D06_V_indoor_move_0002.mp4;False;0.942857;0.891892;0.846154
AI;eva-7k;D06_V_outdoor_move_0002.mp4;False;0.942857;0.891892;0.846154
AI;eva-7k;D07_V_indoor_move_0002.mp4;False;0.942857;0.891892;0.846154
AI;eva-7k;D07_V_outdoor_move_0002.mp4;False;0.942857;0.891892;0.846154
AI;eva-7k;D08_V_indoor_move_0002.mp4;False;0.942857;0.891892;0.846154
AI;eva-7k;D08_V_outdoor_move_0002.mp4;False;0.942857;0.891892;0.846154
AI;eva-7k;D09_V_indoor_move_0002.mp4;False;0.942857;0.891892;0.846154
AI;eva-7k;D09_V_outdoor_move_0002.mp4;False;0.942857;0.891892;0.846154
AI;eva-7k;D10_V_indoor_move_0002.mp4;False;0.942857;0.891892;0.846154
AI;eva-7k;D11_V_indoor_move_0002.mp4;False;0.942857;0.891892;0.846154
AI;eva-7k;D11_V_outdoor_move_0002.mp4;False;0.942857;0.891892;0.846154
AI;eva-7k;D12_V_indoor_move_0002.mp4;False;0.964286;0.925926;0.884615
AI;eva-7k;D12_V_outdoor_move_0002.mp4;False;0.964286;0.925926;0.884615
AI;eva-7k;D13_V_indoor_move_0002.mp4;False;0.942857;0.891892;0.846154
AI;eva-7k;D13_V_outdoor_move_0002.mp4;False;0.942857;0.891892;0.846154
AI;eva-7k;D14_V_indoor_move_0002.mp4;False;0.942857;0.891892;0.846154
AI;eva-7k;D14_V_outdoor_move_0002.mp4;False;0.942857;0.891892;0.846154
AI;eva-7k;D15_V_indoor_move_0002.mp4;False;0.942857;0.891892;0.846154
AI;eva-7k;D15_V_outdoor_move_0002.mp4;False;0.942857;0.891892;0.846154
AI;eva-7k;D16_V_indoor_move_0002.mp4;False;0.942857;0.891892;0.846154
AI;eva-7k;D16_V_outdoor_move_0002.mp4;False;0.942857;0.891892;0.846154
AI;eva-7k;D19_V_indoor_move_0002.mp4;False;0.942857;0.891892;0.846154
AI;eva-7k;D19_V_outdoor_move_0002.mp4;False;0.942857;0.891892;0.846154
AI;eva-7k;D20_V_indoor_move_0002.mp4;False;0.942857;0.891892;0.846154
AI;eva-7k;D20_V_outdoor_move_0002.mp4;False;0.942857;0.891892;0.846154
AI;eva-7k;D22_V_indoor_move_0002.mp4;False;0.942857;0.891892;0.846154
AI;eva-7k;D22_V_outdoor_move_0002.mp4;False;0.942857;0.891892;0.846154
AI;eva-7k;D23_V_indoor_move_0002.mp4;False;0.942857;0.891892;0.846154
AI;eva-7k;D23_V_outdoor_move_0002.mp4;False;0.942857;0.891892;0.846154
AI;eva-7k;D24_V_indoor_move_0002.mp4;False;0.942857;0.891892;0.846154
AI;eva-7k;D24_V_outdoor_move_0002.mp4;False;0.942857;0.891892;0.846154
AI;eva-7k;D25_V_indoor_move_0002.mp4;False;0.942857;0.891892;0.846154
AI;eva-7k;D25_V_outdoor_move_0002.mp4;False;0.942857;0.891892;0.846154
AI;eva-7k;D26_V_indoor_move_0002.mp4;False;0.888889;0.815789;0.775
AI;eva-7k;D26_V_outdoor_move_0002.mp4;False;0.888889;0.815789;0.775
AI;eva-7k;D27_V_indoor_move_0002.mp4;False;0.942857;0.891892;0.846154
AI;eva-7k;D27_V_outdoor_move_0002.mp4;False;0.942857;0.891892;0.846154
AI;eva-7k;D28_V_indoor_move_0002.mp4;False;0.942857;0.891892;0.846154
AI;eva-7k;D28_V_outdoor_move_0002.mp4;False;0.942857;0.891892;0.846154
AI;eva-7k;D29_V_indoor_move_0002.mp4;False;0.942857;0.891892;0.846154
AI;eva-7k;D29_V_outdoor_move_0002.mp4;False;0.942857;0.891892;0.846154
AI;eva-7k;D30_V_indoor_move_0002.mp4;False;0.942857;0.891892;0.846154
AI;eva-7k;D30_V_outdoor_move_0002.mp4;False;0.942857;0.891892;0.846154
AI;eva-7k;D31_V_indoor_move_0002.mp4;False;0.942857;0.891892;0.846154
AI;eva-7k;D31_V_outdoor_move_0002.mp4;False;0.942857;0.891892;0.846154
AI;eva-7k;D32_V_indoor_move_0002.mp4;False;0.942857;0.891892;0.846154
AI;eva-7k;D32_V_outdoor_move_0002.mp4;False;0.942857;0.891892;0.846154
AI;eva-7k;D33_V_indoor_move_0002.mp4;False;0.942857;0.891892;0.846154
AI;eva-7k;D33_V_outdoor_move_0002.mp4;False;0.942857;0.891892;0.846154
AI;eva-7k;D34_V_indoor_move_0002.mp4;False;0.942857;0.891892;0.846154
AI;eva-7k;D34_V_outdoor_move_0002.mp4;False;0.942857;0.891892;0.846154
AI;eva-7k;D35_V_outdoor_move_0002.mp4;False;0.942857;0.891892;0.846154
AI;eva-7k;D35_V_outdoor_panrot_0002.mp4;False;0.942857;0.891892;0.846154
AI;eva-7k;D01_V_indoor_move_0002.mp4;False;0.888889;0.815789;0.775
AI;eva-7k;D01_V_outdoor_move_0002.mp4;False;0.888889;0.815789;0.775
AI;eva-7k;D03_V_indoor_move_0002.mp4;False;0.888889;0.815789;0.775
AI;eva-7k;D03_V_outdoor_move_0002.mp4;False;0.888889;0.815789;0.775
AI;eva-7k;D04_V_indoor_move_0002.mp4;False;0.942857;0.891892;0.846154
AI;eva-7k;D04_V_outdoor_move_0002.mp4;False;0.942857;0.891892;0.846154
AI;eva-7k;D05_V_indoor_move_0002.mp4;False;0.942857;0.891892;0.846154
AI;eva-7k;D05_V_outdoor_move_0002.mp4;False;0.942857;0.891892;0.846154
AI;eva-7k;D06_V_indoor_move_0002.mp4;False;0.942857;0.891892;0.846154
AI;eva-7k;D06_V_outdoor_move_0002.mp4;False;0.942857;0.891892;0.846154
AI;eva-7k;D07_V_indoor_move_0002.mp4;False;0.888889;0.815789;0.775
AI;eva-7k;D07_V_outdoor_move_0002.mp4;False;0.888889;0.815789;0.775
AI;eva-7k;D08_V_indoor_move_0002.mp4;False;0.942857;0.891892;0.846154
AI;eva-7k;D08_V_outdoor_move_0002.mp4;False;0.942857;0.891892;0.846154
AI;eva-7k;D09_V_indoor_move_0002.mp4;False;0.942857;0.891892;0.846154
AI;eva-7k;D09_V_outdoor_move_0002.mp4;False;0.942857;0.891892;0.846154
AI;eva-7k;D10_V_indoor_move_0002.mp4;False;0.942857;0.891892;0.846154
AI;eva-7k;D11_V_indoor_move_0002.mp4;False;0.888889;0.815789;0.775
AI;eva-7k;D11_V_outdoor_move_0002.mp4;False;0.888889;0.815789;0.775
AI;eva-7k;D12_V_indoor_move_0002.mp4;False;0.896552;0.821429;0.777778
AI;eva-7k;D12_V_outdoor_move_0002.mp4;False;0.896552;0.821429;0.777778
AI;eva-7k;D13_V_indoor_move_0002.mp4;False;0.942857;0.891892;0.846154
AI;eva-7k;D13_V_outdoor_move_0002.mp4;False;0.942857;0.891892;0.846154
AI;eva-7k;D14_V_indoor_move_0002.mp4;False;0.942857;0.891892;0.846154
AI;eva-7k;D14_V_outdoor_move_0002.mp4;False;0.942857;0.891892;0.846154
AI;eva-7k;D15_V_indoor_move_0002.mp4;False;0.942857;0.891892;0.846154
AI;eva-7k;D15_V_outdoor_move_0002.mp4;False;0.942857;0.891892;0.846154
AI;eva-7k;D16_V_indoor_move_0002.mp4;False;0.888889;0.815789;0.775
AI;eva-7k;D16_V_outdoor_move_0002.mp4;False;0.888889;0.815789;0.775
AI;eva-7k;D19_V_indoor_move_0002.mp4;False;0.942857;0.891892;0.846154
AI;eva-7k;D19_V_outdoor_move_0002.mp4;False;0.942857;0.891892;0.846154
AI;eva-7k;D20_V_indoor_move_0002.mp4;False;0.942857;0.891892;0.846154
AI;eva-7k;D20_V_outdoor_move_0002.mp4;False;0.942857;0.891892;0.846154
AI;eva-7k;D22_V_indoor_move_0002.mp4;False;0.942857;0.891892;0.846154
AI;eva-7k;D22_V_outdoor_move_0002.mp4;False;0.942857;0.891892;0.846154
AI;eva-7k;D23_V_indoor_move_0002.mp4;False;0.942857;0.891892;0.846154
AI;eva-7k;D23_V_outdoor_move_0002.mp4;False;0.942857;0.891892;0.846154
AI;eva-7k;D24_V_indoor_move_0002.mp4;False;0.888889;0.815789;0.775
AI;eva-7k;D24_V_outdoor_move_0002.mp4;False;0.888889;0.815789;0.775
AI;eva-7k;D25_V_indoor_move_0002.mp4;False;0.888889;0.815789;0.775
AI;eva-7k;D25_V_outdoor_move_0002.mp4;False;0.888889;0.815789;0.775
AI;eva-7k;D26_V_indoor_move_0002.mp4;False;0.888889;0.815789;0.775
AI;eva-7k;D26_V_outdoor_move_0002.mp4;False;0.888889;0.815789;0.775
AI;eva-7k;D27_V_indoor_move_0002.mp4;False;0.942857;0.891892;0.846154
AI;eva-7k;D27_V_outdoor_move_0002.mp4;False;0.942857;0.891892;0.846154
AI;eva-7k;D28_V_indoor_move_0002.mp4;False;0.888889;0.815789;0.775
AI;eva-7k;D28_V_outdoor_move_0002.mp4;False;0.888889;0.815789;0.775
AI;eva-7k;D29_V_indoor_move_0002.mp4;False;0.942857;0.891892;0.846154
AI;eva-7k;D29_V_outdoor_move_0002.mp4;False;0.942857;0.891892;0.846154
AI;eva-7k;D30_V_indoor_move_0002.mp4;False;0.888889;0.815789;0.775
AI;eva-7k;D30_V_outdoor_move_0002.mp4;False;0.888889;0.815789;0.775
AI;eva-7k;D31_V_indoor_move_0002.mp4;False;0.942857;0.891892;0.846154
AI;eva-7k;D31_V_outdoor_move_0002.mp4;False;0.942857;0.891892;0.846154
AI;eva-7k;D32_V_indoor_move_0002.mp4;False;0.888889;0.815789;0.775
AI;eva-7k;D32_V_outdoor_move_0002.mp4;False;0.888889;0.815789;0.775
AI;eva-7k;D33_V_indoor_move_0002.mp4;False;0.888889;0.815789;0.775
AI;eva-7k;D33_V_outdoor_move_0002.mp4;False;0.888889;0.815789;0.775
AI;eva-7k;D34_V_indoor_move_0002.mp4;False;0.942857;0.891892;0.846154
AI;eva-7k;D34_V_outdoor_move_0002.mp4;False;0.942857;0.891892;0.846154
AI;eva-7k;D35_V_outdoor_move_0002.mp4;False;0.942857;0.891892;0.846154
AI;eva-7k;D35_V_outdoor_panrot_0002.mp4;False;0.942857;0.891892;0.846154
AI;eva-7k;D01_V_indoor_move_0002.mp4;False;0.888889;0.815789;0.775
AI;eva-7k;D01_V_outdoor_move_0002.mp4;False;0.888889;0.815789;0.775
AI;eva-7k;D03_V_indoor_move_0002.mp4;False;0.888889;0.815789;0.775
AI;eva-7k;D03_V_outdoor_move_0002.mp4;False;0.888889;0.815789;0.775
AI;eva-7k;D04_V_indoor_move_0002.mp4;False;0.942857;0.891892;0.846154
AI;eva-7k;D04_V_outdoor_move_0002.mp4;False;0.942857;0.891892;0.846154
AI;eva-7k;D05_V_indoor_move_0002.mp4;False;0.942857;0.891892;0.846154
AI;eva-7k;D05_V_outdoor_move_0002.mp4;False;0.942857;0.891892;0.846154
AI;eva-7k;D06_V_indoor_move_0002.mp4;False;0.942857;0.891892;0.846154
AI;eva-7k;D06_V_outdoor_move_0002.mp4;False;0.942857;0.891892;0.846154
AI;eva-7k;D07_V_indoor_move_0002.mp4;False;0.888889;0.815789;0.775
AI;eva-7k;D07_V_outdoor_move_0002.mp4;False;0.888889;0.815789;0.775
AI;eva-7k;D08_V_indoor_move_0002.mp4;False;0.942857;0.891892;0.846154
AI;eva-7k;D08_V_outdoor_move_0002.mp4;False;0.942857;0.891892;0.846154
AI;eva-7k;D09_V_indoor_move_0002.mp4;False;0.942857;0.891892;0.846154
AI;eva-7k;D09_V_outdoor_move_0002.mp4;False;0.942857;0.891892;0.846154
AI;eva-7k;D10_V_indoor_move_0002.mp4;False;0.942857;0.891892;0.846154
AI;eva-7k;D11_V_indoor_move_0002.mp4;False;0.888889;0.815789;0.775
AI;eva-7k;D11_V_outdoor_move_0002.mp4;False;0.888889;0.815789;0.775
AI;eva-7k;D12_V_indoor_move_0002.mp4;False;0.896552;0.821429;0.777778
AI;eva-7k;D12_V_outdoor_move_0002.mp4;False;0.896552;0.821429;0.777778
AI;eva-7k;D13_V_indoor_move_0002.mp4;False;0.942857;0.891892;0.846154
AI;eva-7k;D13_V_outdoor_move_0002.mp4;False;0.942857;0.891892;0.846154
AI;eva-7k;D14_V_indoor_move_0002.mp4;False;0.942857;0.891892;0.846154
AI;eva-7k;D14_V_outdoor_move_0002.mp4;False;0.942857;0.891892;0.846154
AI;eva-7k;D15_V_indoor_move_0002.mp4;False;0.942857;0.891892;0.846154
AI;eva-7k;D15_V_outdoor_move_0002.mp4;False;0.942857;0.891892;0.846154
AI;eva-7k;D16_V_indoor_move_0002.mp4;False;0.888889;0.815789;0.775
AI;eva-7k;D16_V_outdoor_move_0002.mp4;False;0.888889;0.815789;0.775
AI;eva-7k;D19_V_indoor_move_0002.mp4;False;0.942857;0.891892;0.846154
AI;eva-7k;D19_V_outdoor_move_0002.mp4;False;0.942857;0.891892;0.846154
AI;eva-7k;D20_V_indoor_move_0002.mp4;False;0.942857;0.891892;0.846154
AI;eva-7k;D20_V_outdoor_move_0002.mp4;False;0.942857;0.891892;0.846154
AI;eva-7k;D22_V_indoor_move_0002.mp4;False;0.942857;0.891892;0.846154
AI;eva-7k;D22_V_outdoor_move_0002.mp4;False;0.942857;0.891892;0.846154
AI;eva-7k;D23_V_indoor_move_0002.mp4;False;0.942857;0.891892;0.846154
AI;eva-7k;D23_V_outdoor_move_0002.mp4;False;0.942857;0.891892;0.846154
AI;eva-7k;D24_V_indoor_move_0002.mp4;False;0.888889;0.815789;0.775
AI;eva-7k;D24_V_outdoor_move_0002.mp4;False;0.888889;0.815789;0.775
AI;eva-7k;D25_V_indoor_move_0002.mp4;False;0.888889;0.815789;0.775
AI;eva-7k;D25_V_outdoor_move_0002.mp4;False;0.888889;0.815789;0.775
AI;eva-7k;D26_V_indoor_move_0002.mp4;False;0.888889;0.815789;0.775
AI;eva-7k;D26_V_outdoor_move_0002.mp4;False;0.888889;0.815789;0.775
AI;eva-7k;D27_V_indoor_move_0002.mp4;False;0.942857;0.891892;0.846154
AI;eva-7k;D27_V_outdoor_move_0002.mp4;False;0.942857;0.891892;0.846154
AI;eva-7k;D28_V_indoor_move_0002.mp4;False;0.888889;0.815789;0.775
AI;eva-7k;D28_V_outdoor_move_0002.mp4;False;0.888889;0.815789;0.775
AI;eva-7k;D29_V_indoor_move_0002.mp4;False;0.942857;0.891892;0.846154
AI;eva-7k;D29_V_outdoor_move_0002.mp4;False;0.942857;0.891892;0.846154
AI;eva-7k;D30_V_indoor_move_0002.mp4;False;0.888889;0.815789;0.775
AI;eva-7k;D30_V_outdoor_move_0002.mp4;False;0.888889;0.815789;0.775
AI;eva-7k;D31_V_indoor_move_0002.mp4;False;0.942857;0.891892;0.846154
AI;eva-7k;D31_V_outdoor_move_0002.mp4;False;0.942857;0.891892;0.846154
AI;eva-7k;D32_V_indoor_move_0002.mp4;False;0.888889;0.815789;0.775
AI;eva-7k;D32_V_outdoor_move_0002.mp4;False;0.888889;0.815789;0.775
AI;eva-7k;D33_V_indoor_move_0002.mp4;False;0.888889;0.815789;0.775
AI;eva-7k;D33_V_outdoor_move_0002.mp4;False;0.888889;0.815789;0.775
AI;eva-7k;D34_V_indoor_move_0002.mp4;False;0.942857;0.891892;0.846154
AI;eva-7k;D34_V_outdoor_move_0002.mp4;False;0.942857;0.891892;0.846154
AI;eva-7k;D35_V_outdoor_move_0002.mp4;False;0.942857;0.891892;0.846154
AI;eva-7k;D35_V_outdoor_panrot_0002.mp4;False;0.942857;0.891892;0.846154
AI;eva-7k;D01_V_indoor_move_0002.mp4;False;0.888889;0.815789;0.775
AI;eva-7k;D01_V_outdoor_move_0002.mp4;False;0.888889;0.815789;0.775
AI;eva-7k;D03_V_indoor_move_0002.mp4;False;0.888889;0.815789;0.775
AI;eva-7k;D03_V_outdoor_move_0002.mp4;False;0.888889;0.815789;0.775
AI;eva-7k;D04_V_indoor_move_0002.mp4;False;0.942857;0.891892;0.846154
AI;eva-7k;D04_V_outdoor_move_0002.mp4;False;0.942857;0.891892;0.846154
AI;eva-7k;D05_V_indoor_move_0002.mp4;False;0.942857;0.891892;0.846154
AI;eva-7k;D05_V_outdoor_move_0002.mp4;False;0.942857;0.891892;0.846154
AI;eva-7k;D06_V_indoor_move_0002.mp4;False;0.942857;0.891892;0.846154
AI;eva-7k;D06_V_outdoor_move_0002.mp4;False;0.942857;0.891892;0.846154
AI;eva-7k;D07_V_indoor_move_0002.mp4;False;0.888889;0.815789;0.775
AI;eva-7k;D07_V_outdoor_move_0002.mp4;False;0.888889;0.815789;0.775
AI;eva-7k;D08_V_indoor_move_0002.mp4;False;0.942857;0.891892;0.846154
AI;eva-7k;D08_V_outdoor_move_0002.mp4;False;0.942857;0.891892;0.846154
AI;eva-7k;D09_V_indoor_move_0002.mp4;False;0.942857;0.891892;0.846154
AI;eva-7k;D09_V_outdoor_move_0002.mp4;False;0.942857;0.891892;0.846154
AI;eva-7k;D10_V_indoor_move_0002.mp4;False;0.942857;0.891892;0.846154
AI;eva-7k;D11_V_indoor_move_0002.mp4;False;0.888889;0.815789;0.775
AI;eva-7k;D11_V_outdoor_move_0002.mp4;False;0.888889;0.815789;0.775
AI;eva-7k;D12_V_indoor_move_0002.mp4;False;0.896552;0.821429;0.777778
AI;eva-7k;D12_V_outdoor_move_0002.mp4;False;0.896552;0.821429;0.777778
AI;eva-7k;D13_V_indoor_move_0002.mp4;False;0.942857;0.891892;0.846154
AI;eva-7k;D13_V_outdoor_move_0002.mp4;False;0.942857;0.891892;0.846154
AI;eva-7k;D14_V_indoor_move_0002.mp4;False;0.942857;0.891892;0.846154
AI;eva-7k;D14_V_outdoor_move_0002.mp4;False;0.942857;0.891892;0.846154
AI;eva-7k;D15_V_indoor_move_0002.mp4;False;0.942857;0.891892;0.846154
AI;eva-7k;D15_V_outdoor_move_0002.mp4;False;0.942857;0.891892;0.846154
AI;eva-7k;D16_V_indoor_move_0002.mp4;False;0.888889;0.815789;0.775
AI;eva-7k;D16_V_outdoor_move_0002.mp4;False;0.888889;0.815789;0.775
AI;eva-7k;D19_V_indoor_move_0002.mp4;False;0.942857;0.891892;0.846154
AI;eva-7k;D19_V_outdoor_move_0002.mp4;False;0.942857;0.891892;0.846154
AI;eva-7k;D20_V_indoor_move_0002.mp4;False;0.942857;0.891892;0.846154
AI;eva-7k;D20_V_outdoor_move_0002.mp4;False;0.942857;0.891892;0.846154
AI;eva-7k;D22_V_indoor_move_0002.mp4;False;0.942857;0.891892;0.846154
AI;eva-7k;D22_V_outdoor_move_0002.mp4;False;0.942857;0.891892;0.846154
AI;eva-7k;D23_V_indoor_move_0002.mp4;False;0.942857;0.891892;0.846154
AI;eva-7k;D23_V_outdoor_move_0002.mp4;False;0.942857;0.891892;0.846154
AI;eva-7k;D24_V_indoor_move_0002.mp4;False;0.888889;0.815789;0.775
AI;eva-7k;D24_V_outdoor_move_0002.mp4;False;0.888889;0.815789;0.775
AI;eva-7k;D25_V_indoor_move_0002.mp4;False;0.888889;0.815789;0.775
AI;eva-7k;D25_V_outdoor_move_0002.mp4;False;0.888889;0.815789;0.775
AI;eva-7k;D26_V_indoor_move_0002.mp4;False;0.888889;0.815789;0.775
AI;eva-7k;D26_V_outdoor_move_0002.mp4;False;0.888889;0.815789;0.775
AI;eva-7k;D27_V_indoor_move_0002.mp4;False;0.942857;0.891892;0.846154
AI;eva-7k;D27_V_outdoor_move_0002.mp4;False;0.942857;0.891892;0.846154
AI;eva-7k;D28_V_indoor_move_0002.mp4;False;0.888889;0.815789;0.775
AI;eva-7k;D28_V_outdoor_move_0002.mp4;False;0.888889;0.815789;0.775
AI;eva-7k;D29_V_indoor_move_0002.mp4;False;0.942857;0.891892;0.846154
AI;eva-7k;D29_V_outdoor_move_0002.mp4;False;0.942857;0.891892;0.846154
AI;eva-7k;D30_V_indoor_move_0002.mp4;False;0.888889;0.815789;0.775
AI;eva-7k;D30_V_outdoor_move_0002.mp4;False;0.888889;0.815789;0.775
AI;eva-7k;D31_V_indoor_move_0002.mp4;False;0.942857;0.891892;0.846154
AI;eva-7k;D31_V_outdoor_move_0002.mp4;False;0.942857;0.891892;0.846154
AI;eva-7k;D32_V_indoor_move_0002.mp4;False;0.888889;0.815789;0.775
AI;eva-7k;D32_V_outdoor_move_0002.mp4;False;0.888889;0.815789;0.775
AI;eva-7k;D33_V_indoor_move_0002.mp4;False;0.888889;0.815789;0.775
AI;eva-7k;D33_V_outdoor_move_0002.mp4;False;0.888889;0.815789;0.775
AI;eva-7k;D34_V_indoor_move_0002.mp4;False;0.942857;0.891892;0.846154
AI;eva-7k;D34_V_outdoor_move_0002.mp4;False;0.942857;0.891892;0.846154
AI;eva-7k;D35_V_outdoor_move_0002.mp4;False;0.942857;0.891892;0.846154
AI;eva-7k;D35_V_outdoor_panrot_0002.mp4;False;0.942857;0.891892;0.846154
AI;eva-7k;D01_V_indoor_move_0002.mp4;False;0.888889;0.815789;0.775
AI;eva-7k;D01_V_outdoor_move_0002.mp4;False;0.888889;0.815789;0.775
AI;eva-7k;D03_V_indoor_move_0002.mp4;False;0.888889;0.815789;0.775
AI;eva-7k;D03_V_outdoor_move_0002.mp4;False;0.888889;0.815789;0.775
AI;eva-7k;D04_V_indoor_move_0002.mp4;False;0.942857;0.891892;0.846154
AI;eva-7k;D04_V_outdoor_move_0002.mp4;False;0.942857;0.891892;0.846154
AI;eva-7k;D05_V_indoor_move_0002.mp4;False;0.942857;0.891892;0.846154
AI;eva-7k;D05_V_outdoor_move_0002.mp4;False;0.942857;0.891892;0.846154
AI;eva-7k;D06_V_indoor_move_0002.mp4;False;0.942857;0.891892;0.846154
AI;eva-7k;D06_V_outdoor_move_0002.mp4;False;0.942857;0.891892;0.846154
AI;eva-7k;D07_V_indoor_move_0002.mp4;False;0.888889;0.815789;0.775
AI;eva-7k;D07_V_outdoor_move_0002.mp4;False;0.888889;0.815789;0.775
AI;eva-7k;D08_V_indoor_move_0002.mp4;False;0.942857;0.891892;0.846154
AI;eva-7k;D08_V_outdoor_move_0002.mp4;False;0.942857;0.891892;0.846154
AI;eva-7k;D09_V_indoor_move_0002.mp4;False;0.942857;0.891892;0.846154
AI;eva-7k;D09_V_outdoor_move_0002.mp4;False;0.942857;0.891892;0.846154
AI;eva-7k;D10_V_indoor_move_0002.mp4;False;0.942857;0.891892;0.846154
AI;eva-7k;D11_V_indoor_move_0002.mp4;False;0.888889;0.815789;0.775
AI;eva-7k;D11_V_outdoor_move_0002.mp4;False;0.888889;0.815789;0.775
AI;eva-7k;D12_V_indoor_move_0002.mp4;False;0.896552;0.821429;0.777778
AI;eva-7k;D12_V_outdoor_move_0002.mp4;False;0.896552;0.821429;0.777778
AI;eva-7k;D13_V_indoor_move_0002.mp4;False;0.942857;0.891892;0.846154
AI;eva-7k;D13_V_outdoor_move_0002.mp4;False;0.942857;0.891892;0.846154
AI;eva-7k;D14_V_indoor_move_0002.mp4;False;0.942857;0.891892;0.846154
AI;eva-7k;D14_V_outdoor_move_0002.mp4;False;0.942857;0.891892;0.846154
AI;eva-7k;D15_V_indoor_move_0002.mp4;False;0.942857;0.891892;0.846154
AI;eva-7k;D15_V_outdoor_move_0002.mp4;False;0.942857;0.891892;0.846154
AI;eva-7k;D16_V_indoor_move_0002.mp4;False;0.888889;0.815789;0.775
AI;eva-7k;D16_V_outdoor_move_0002.mp4;False;0.888889;0.815789;0.775
AI;eva-7k;D19_V_indoor_move_0002.mp4;False;0.942857;0.891892;0.846154
AI;eva-7k;D19_V_outdoor_move_0002.mp4;False;0.942857;0.891892;0.846154
AI;eva-7k;D20_V_indoor_move_0002.mp4;False;0.942857;0.891892;0.846154
AI;eva-7k;D20_V_outdoor_move_0002.mp4;False;0.942857;0.891892;0.846154
AI;eva-7k;D22_V_indoor_move_0002.mp4;False;0.942857;0.891892;0.846154
AI;eva-7k;D22_V_outdoor_move_0002.mp4;False;0.942857;0.891892;0.846154
AI;eva-7k;D23_V_indoor_move_0002.mp4;False;0.942857;0.891892;0.846154
AI;eva-7k;D23_V_outdoor_move_0002.mp4;False;0.942857;0.891892;0.846154
AI;eva-7k;D24_V_indoor_move_0002.mp4;False;0.888889;0.815789;0.775
AI;eva-7k;D24_V_outdoor_move_0002.mp4;False;0.888889;0.815789;0.775
AI;eva-7k;D25_V_indoor_move_0002.mp4;False;0.888889;0.815789;0.775
AI;eva-7k;D25_V_outdoor_move_0002.mp4;False;0.888889;0.815789;0.775
AI;eva-7k;D26_V_indoor_move_0002.mp4;False;0.888889;0.815789;0.775
AI;eva-7k;D26_V_outdoor_move_0002.mp4;False;0.888889;0.815789;0.775
AI;eva-7k;D27_V_indoor_move_0002.mp4;False;0.942857;0.891892;0.846154
AI;eva-7k;D27_V_outdoor_move_0002.mp4;False;0.942857;0.891892;0.846154
AI;eva-7k;D28_V_indoor_move_0002.mp4;False;0.888889;0.815789;0.775
AI;eva-7k;D28_V_outdoor_move_0002.mp4;False;0.888889;0.815789;0.775
AI;eva-7k;D29_V_indoor_move_0002.mp4;False;0.942857;0.891892;0.846154
AI;eva-7k;D29_V_outdoor_move_0002.mp4;False;0.942857;0.891892;0.846154
AI;eva-7k;D30_V_indoor_move_0002.mp4;False;0.888889;0.815789;0.775
AI;eva-7k;D30_V_outdoor_move_0002.mp4;False;0.888889;0.815789;0.775
AI;eva-7k;D31_V_indoor_move_0002.mp4;False;0.942857;0.891892;0.846154
AI;eva-7k;D31_V_outdoor_move_0002.mp4;False;0.942857;0.891892;0.846154
AI;eva-7k;D32_V_indoor_move_0002.mp4;False;0.888889;0.815789;0.775
AI;eva-7k;D32_V_outdoor_move_0002.mp4;False;0.888889;0.815789;0.775
AI;eva-7k;D33_V_indoor_move_0002.mp4;False;0.888889;0.815789;0.775
AI;eva-7k;D33_V_outdoor_move_0002.mp4;False;0.888889;0.815789;0.775
AI;eva-7k;D34_V_indoor_move_0002.mp4;False;0.942857;0.891892;0.846154
AI;eva-7k;D34_V_outdoor_move_0002.mp4;False;0.942857;0.891892;0.846154
AI;eva-7k;D35_V_outdoor_move_0002.mp4;False;0.942857;0.891892;0.846154
AI;eva-7k;D35_V_outdoor_panrot_0002.mp4;False;0.942857;0.891892;0.846154
AI;eva-7k;D01_V_indoor_move_0002.mp4;False;0.942857;0.891892;0.846154
AI;eva-7k;D01_V_outdoor_move_0002.mp4;False;0.888889;0.815789;0.775
AI;eva-7k;D03_V_indoor_move_0002.mp4;False;0.942857;0.891892;0.846154
AI;eva-7k;D03_V_outdoor_move_0002.mp4;False;0.942857;0.891892;0.846154
AI;eva-7k;D04_V_indoor_move_0002.mp4;False;0.942857;0.891892;0.846154
AI;eva-7k;D04_V_outdoor_move_0002.mp4;False;0.942857;0.891892;0.846154
AI;eva-7k;D05_V_indoor_move_0002.mp4;False;0.942857;0.891892;0.846154
AI;eva-7k;D05_V_outdoor_move_0002.mp4;False;0.942857;0.891892;0.846154
AI;eva-7k;D06_V_indoor_move_0002.mp4;False;0.942857;0.891892;0.846154
AI;eva-7k;D06_V_outdoor_move_0002.mp4;False;0.942857;0.891892;0.846154
AI;eva-7k;D07_V_indoor_move_0002.mp4;False;0.942857;0.891892;0.846154
AI;eva-7k;D07_V_outdoor_move_0002.mp4;False;0.942857;0.891892;0.846154
AI;eva-7k;D08_V_indoor_move_0002.mp4;False;0.942857;0.891892;0.846154
AI;eva-7k;D08_V_outdoor_move_0002.mp4;False;0.942857;0.891892;0.846154
AI;eva-7k;D09_V_indoor_move_0002.mp4;False;0.942857;0.891892;0.846154
AI;eva-7k;D09_V_outdoor_move_0002.mp4;False;0.942857;0.891892;0.846154
AI;eva-7k;D10_V_indoor_move_0002.mp4;False;0.942857;0.891892;0.846154
AI;eva-7k;D11_V_indoor_move_0002.mp4;False;0.942857;0.891892;0.846154
AI;eva-7k;D11_V_outdoor_move_0002.mp4;False;0.942857;0.891892;0.846154
AI;eva-7k;D12_V_indoor_move_0002.mp4;False;0.964286;0.925926;0.884615
AI;eva-7k;D12_V_outdoor_move_0002.mp4;False;0.964286;0.925926;0.884615
AI;eva-7k;D13_V_indoor_move_0002.mp4;False;0.942857;0.891892;0.846154
AI;eva-7k;D13_V_outdoor_move_0002.mp4;False;0.942857;0.891892;0.846154
AI;eva-7k;D14_V_indoor_move_0002.mp4;False;0.942857;0.891892;0.846154
AI;eva-7k;D14_V_outdoor_move_0002.mp4;False;0.942857;0.891892;0.846154
AI;eva-7k;D15_V_indoor_move_0002.mp4;False;0.942857;0.891892;0.846154
AI;eva-7k;D15_V_outdoor_move_0002.mp4;False;0.942857;0.891892;0.846154
AI;eva-7k;D16_V_indoor_move_0002.mp4;False;0.942857;0.891892;0.846154
AI;eva-7k;D16_V_outdoor_move_0002.mp4;False;0.942857;0.891892;0.846154
AI;eva-7k;D19_V_indoor_move_0002.mp4;False;0.942857;0.891892;0.846154
AI;eva-7k;D19_V_outdoor_move_0002.mp4;False;0.942857;0.891892;0.846154
AI;eva-7k;D20_V_indoor_move_0002.mp4;False;0.942857;0.891892;0.846154
AI;eva-7k;D20_V_outdoor_move_0002.mp4;False;0.942857;0.891892;0.846154
AI;eva-7k;D22_V_indoor_move_0002.mp4;False;0.942857;0.891892;0.846154
AI;eva-7k;D22_V_outdoor_move_0002.mp4;False;0.942857;0.891892;0.846154
AI;eva-7k;D23_V_indoor_move_0002.mp4;False;0.942857;0.891892;0.846154
AI;eva-7k;D23_V_outdoor_move_0002.mp4;False;0.942857;0.891892;0.846154
AI;eva-7k;D24_V_indoor_move_0002.mp4;False;0.942857;0.891892;0.846154
AI;eva-7k;D24_V_outdoor_move_0002.mp4;False;0.942857;0.891892;0.846154
AI;eva-7k;D25_V_indoor_move_0002.mp4;False;0.942857;0.891892;0.846154
AI;eva-7k;D25_V_outdoor_move_0002.mp4;False;0.942857;0.891892;0.846154
AI;eva-7k;D26_V_indoor_move_0002.mp4;False;0.942857;0.891892;0.846154
AI;eva-7k;D26_V_outdoor_move_0002.mp4;False;0.942857;0.891892;0.846154
AI;eva-7k;D27_V_indoor_move_0002.mp4;False;0.942857;0.891892;0.846154
AI;eva-7k;D27_V_outdoor_move_0002.mp4;False;0.942857;0.891892;0.846154
AI;eva-7k;D28_V_indoor_move_0002.mp4;False;0.942857;0.891892;0.846154
AI;eva-7k;D28_V_outdoor_move_0002.mp4;False;0.942857;0.891892;0.846154
AI;eva-7k;D29_V_indoor_move_0002.mp4;False;0.942857;0.891892;0.846154
AI;eva-7k;D29_V_outdoor_move_0002.mp4;False;0.942857;0.891892;0.846154
AI;eva-7k;D30_V_indoor_move_0002.mp4;False;0.942857;0.891892;0.846154
AI;eva-7k;D30_V_outdoor_move_0002.mp4;False;0.942857;0.891892;0.846154
AI;eva-7k;D31_V_indoor_move_0002.mp4;False;0.942857;0.891892;0.846154
AI;eva-7k;D31_V_outdoor_move_0002.mp4;False;0.942857;0.891892;0.846154
AI;eva-7k;D32_V_indoor_move_0002.mp4;False;0.942857;0.891892;0.846154
AI;eva-7k;D32_V_outdoor_move_0002.mp4;False;0.942857;0.891892;0.846154
AI;eva-7k;D33_V_indoor_move_0002.mp4;False;0.942857;0.891892;0.846154
AI;eva-7k;D33_V_outdoor_move_0002.mp4;False;0.942857;0.891892;0.846154
AI;eva-7k;D34_V_indoor_move_0002.mp4;False;0.942857;0.891892;0.846154
AI;eva-7k;D34_V_outdoor_move_0002.mp4;False;0.942857;0.891892;0.846154
AI;eva-7k;D35_V_outdoor_move_0002.mp4;False;0.942857;0.891892;0.846154
AI;eva-7k;D35_V_outdoor_panrot_0002.mp4;False;0.942857;0.891892;0.846154
AI;eva-7k;D01_V_indoor_move_0002.mp4;False;0.888889;0.815789;0.775
AI;eva-7k;D01_V_outdoor_move_0002.mp4;False;0.888889;0.815789;0.775
AI;eva-7k;D03_V_indoor_move_0002.mp4;False;0.888889;0.815789;0.775
AI;eva-7k;D03_V_outdoor_move_0002.mp4;False;0.888889;0.815789;0.775
AI;eva-7k;D04_V_indoor_move_0002.mp4;False;0.888889;0.815789;0.775
AI;eva-7k;D04_V_outdoor_move_0002.mp4;False;0.888889;0.815789;0.775
AI;eva-7k;D05_V_indoor_move_0002.mp4;False;0.888889;0.815789;0.775
AI;eva-7k;D05_V_outdoor_move_0002.mp4;False;0.888889;0.815789;0.775
AI;eva-7k;D06_V_indoor_move_0002.mp4;False;0.888889;0.815789;0.775
AI;eva-7k;D06_V_outdoor_move_0002.mp4;False;0.888889;0.815789;0.775
AI;eva-7k;D07_V_indoor_move_0002.mp4;False;0.888889;0.815789;0.775
AI;eva-7k;D07_V_outdoor_move_0002.mp4;False;0.888889;0.815789;0.775
AI;eva-7k;D08_V_indoor_move_0002.mp4;False;0.888889;0.815789;0.775
AI;eva-7k;D08_V_outdoor_move_0002.mp4;False;0.888889;0.815789;0.775
AI;eva-7k;D09_V_indoor_move_0002.mp4;False;0.888889;0.815789;0.775
AI;eva-7k;D09_V_outdoor_move_0002.mp4;False;0.888889;0.815789;0.775
AI;eva-7k;D10_V_indoor_move_0002.mp4;False;0.888889;0.815789;0.775
AI;eva-7k;D11_V_indoor_move_0002.mp4;False;0.888889;0.815789;0.775
AI;eva-7k;D11_V_outdoor_move_0002.mp4;False;0.888889;0.815789;0.775
AI;eva-7k;D12_V_indoor_move_0002.mp4;False;0.888889;0.815789;0.775
AI;eva-7k;D12_V_outdoor_move_0002.mp4;False;0.888889;0.815789;0.775
AI;eva-7k;D13_V_indoor_move_0002.mp4;False;0.888889;0.815789;0.775
AI;eva-7k;D13_V_outdoor_move_0002.mp4;False;0.888889;0.815789;0.775
AI;eva-7k;D14_V_indoor_move_0002.mp4;False;0.888889;0.815789;0.775
AI;eva-7k;D14_V_outdoor_move_0002.mp4;False;0.888889;0.815789;0.775
AI;eva-7k;D15_V_indoor_move_0002.mp4;False;0.888889;0.815789;0.775
AI;eva-7k;D15_V_outdoor_move_0002.mp4;False;0.888889;0.815789;0.775
AI;eva-7k;D16_V_indoor_move_0002.mp4;False;0.888889;0.815789;0.775
AI;eva-7k;D16_V_outdoor_move_0002.mp4;False;0.888889;0.815789;0.775
AI;eva-7k;D19_V_indoor_move_0002.mp4;False;0.888889;0.815789;0.775
AI;eva-7k;D19_V_outdoor_move_0002.mp4;False;0.888889;0.815789;0.775
AI;eva-7k;D20_V_indoor_move_0002.mp4;False;0.888889;0.815789;0.775
AI;eva-7k;D20_V_outdoor_move_0002.mp4;False;0.888889;0.815789;0.775
AI;eva-7k;D22_V_indoor_move_0002.mp4;False;0.888889;0.815789;0.775
AI;eva-7k;D22_V_outdoor_move_0002.mp4;False;0.888889;0.815789;0.775
AI;eva-7k;D23_V_indoor_move_0002.mp4;False;0.888889;0.815789;0.775
AI;eva-7k;D23_V_outdoor_move_0002.mp4;False;0.888889;0.815789;0.775
AI;eva-7k;D24_V_indoor_move_0002.mp4;False;0.888889;0.815789;0.775
AI;eva-7k;D24_V_outdoor_move_0002.mp4;False;0.888889;0.815789;0.775
AI;eva-7k;D25_V_indoor_move_0002.mp4;False;0.888889;0.815789;0.775
AI;eva-7k;D25_V_outdoor_move_0002.mp4;False;0.888889;0.815789;0.775
AI;eva-7k;D26_V_indoor_move_0002.mp4;False;0.888889;0.815789;0.775
AI;eva-7k;D26_V_outdoor_move_0002.mp4;False;0.888889;0.815789;0.775
AI;eva-7k;D27_V_indoor_move_0002.mp4;False;0.888889;0.815789;0.775
AI;eva-7k;D27_V_outdoor_move_0002.mp4;False;0.888889;0.815789;0.775
AI;eva-7k;D28_V_indoor_move_0002.mp4;False;0.888889;0.815789;0.775
AI;eva-7k;D28_V_outdoor_move_0002.mp4;False;0.888889;0.815789;0.775
AI;eva-7k;D29_V_indoor_move_0002.mp4;False;0.888889;0.815789;0.775
AI;eva-7k;D29_V_outdoor_move_0002.mp4;False;0.888889;0.815789;0.775
AI;eva-7k;D30_V_indoor_move_0002.mp4;False;0.888889;0.815789;0.775
AI;eva-7k;D30_V_outdoor_move_0002.mp4;False;0.888889;0.815789;0.775
AI;eva-7k;D31_V_indoor_move_0002.mp4;False;0.888889;0.815789;0.775
AI;eva-7k;D31_V_outdoor_move_0002.mp4;False;0.888889;0.815789;0.775
AI;eva-7k;D32_V_indoor_move_0002.mp4;False;0.888889;0.815789;0.775
AI;eva-7k;D32_V_outdoor_move_0002.mp4;False;0.888889;0.815789;0.775
AI;eva-7k;D33_V_indoor_move_0002.mp4;False;0.888889;0.815789;0.775
AI;eva-7k;D33_V_outdoor_move_0002.mp4;False;0.888889;0.815789;0.775
AI;eva-7k;D34_V_indoor_move_0002.mp4;False;0.888889;0.815789;0.775
AI;eva-7k;D34_V_outdoor_move_0002.mp4;False;0.888889;0.815789;0.775
AI;eva-7k;D35_V_outdoor_move_0002.mp4;False;0.888889;0.815789;0.775
AI;eva-7k;D35_V_outdoor_panrot_0002.mp4;False;0.888889;0.815789;0.775
AI;eva-7k;D01_V_indoor_move_0002.mp4;False;0.888889;0.815789;0.775
AI;eva-7k;D01_V_outdoor_move_0002.mp4;False;0.888889;0.815789;0.775
AI;eva-7k;D03_V_indoor_move_0002.mp4;False;0.942857;0.891892;0.846154
AI;eva-7k;D03_V_outdoor_move_0002.mp4;False;0.942857;0.891892;0.846154
AI;eva-7k;D04_V_indoor_move_0002.mp4;False;0.942857;0.891892;0.846154
AI;eva-7k;D04_V_outdoor_move_0002.mp4;False;0.942857;0.891892;0.846154
AI;eva-7k;D05_V_indoor_move_0002.mp4;False;0.942857;0.891892;0.846154
AI;eva-7k;D05_V_outdoor_move_0002.mp4;False;0.942857;0.891892;0.846154
AI;eva-7k;D06_V_indoor_move_0002.mp4;False;0.942857;0.891892;0.846154
AI;eva-7k;D06_V_outdoor_move_0002.mp4;False;0.942857;0.891892;0.846154
AI;eva-7k;D07_V_indoor_move_0002.mp4;False;0.942857;0.891892;0.846154
AI;eva-7k;D07_V_outdoor_move_0002.mp4;False;0.942857;0.891892;0.846154
AI;eva-7k;D08_V_indoor_move_0002.mp4;False;0.942857;0.891892;0.846154
AI;eva-7k;D08_V_outdoor_move_0002.mp4;False;0.942857;0.891892;0.846154
AI;eva-7k;D09_V_indoor_move_0002.mp4;False;0.942857;0.891892;0.846154
AI;eva-7k;D09_V_outdoor_move_0002.mp4;False;0.942857;0.891892;0.846154
AI;eva-7k;D10_V_indoor_move_0002.mp4;False;0.942857;0.891892;0.846154
AI;eva-7k;D11_V_indoor_move_0002.mp4;False;0.942857;0.891892;0.846154
AI;eva-7k;D11_V_outdoor_move_0002.mp4;False;0.942857;0.891892;0.846154
AI;eva-7k;D12_V_indoor_move_0002.mp4;False;0.964286;0.925926;0.884615
AI;eva-7k;D12_V_outdoor_move_0002.mp4;False;0.964286;0.925926;0.884615
AI;eva-7k;D13_V_indoor_move_0002.mp4;False;0.942857;0.891892;0.846154
AI;eva-7k;D13_V_outdoor_move_0002.mp4;False;0.942857;0.891892;0.846154
AI;eva-7k;D14_V_indoor_move_0002.mp4;False;0.942857;0.891892;0.846154
AI;eva-7k;D14_V_outdoor_move_0002.mp4;False;0.942857;0.891892;0.846154
AI;eva-7k;D15_V_indoor_move_0002.mp4;False;0.942857;0.891892;0.846154
AI;eva-7k;D15_V_outdoor_move_0002.mp4;False;0.942857;0.891892;0.846154
AI;eva-7k;D16_V_indoor_move_0002.mp4;False;0.942857;0.891892;0.846154
AI;eva-7k;D16_V_outdoor_move_0002.mp4;False;0.942857;0.891892;0.846154
AI;eva-7k;D19_V_indoor_move_0002.mp4;False;0.942857;0.891892;0.846154
AI;eva-7k;D19_V_outdoor_move_0002.mp4;False;0.942857;0.891892;0.846154
AI;eva-7k;D20_V_indoor_move_0002.mp4;False;0.942857;0.891892;0.846154
AI;eva-7k;D20_V_outdoor_move_0002.mp4;False;0.942857;0.891892;0.846154
AI;eva-7k;D22_V_indoor_move_0002.mp4;False;0.942857;0.891892;0.846154
AI;eva-7k;D22_V_outdoor_move_0002.mp4;False;0.942857;0.891892;0.846154
AI;eva-7k;D23_V_indoor_move_0002.mp4;False;0.942857;0.891892;0.846154
AI;eva-7k;D23_V_outdoor_move_0002.mp4;False;0.942857;0.891892;0.846154
AI;eva-7k;D24_V_indoor_move_0002.mp4;False;0.942857;0.891892;0.846154
AI;eva-7k;D24_V_outdoor_move_0002.mp4;False;0.942857;0.891892;0.846154
AI;eva-7k;D25_V_indoor_move_0002.mp4;False;0.942857;0.891892;0.846154
AI;eva-7k;D25_V_outdoor_move_0002.mp4;False;0.942857;0.891892;0.846154
AI;eva-7k;D26_V_indoor_move_0002.mp4;False;0.888889;0.815789;0.775
AI;eva-7k;D26_V_outdoor_move_0002.mp4;False;0.888889;0.815789;0.775
AI;eva-7k;D27_V_indoor_move_0002.mp4;False;0.942857;0.891892;0.846154
AI;eva-7k;D27_V_outdoor_move_0002.mp4;False;0.942857;0.891892;0.846154
AI;eva-7k;D28_V_indoor_move_0002.mp4;False;0.942857;0.891892;0.846154
AI;eva-7k;D28_V_outdoor_move_0002.mp4;False;0.942857;0.891892;0.846154
AI;eva-7k;D29_V_indoor_move_0002.mp4;False;0.942857;0.891892;0.846154
AI;eva-7k;D29_V_outdoor_move_0002.mp4;False;0.942857;0.891892;0.846154
AI;eva-7k;D30_V_indoor_move_0002.mp4;False;0.942857;0.891892;0.846154
AI;eva-7k;D30_V_outdoor_move_0002.mp4;False;0.942857;0.891892;0.846154
AI;eva-7k;D31_V_indoor_move_0002.mp4;False;0.942857;0.891892;0.846154
AI;eva-7k;D31_V_outdoor_move_0002.mp4;False;0.942857;0.891892;0.846154
AI;eva-7k;D32_V_indoor_move_0002.mp4;False;0.942857;0.891892;0.846154
AI;eva-7k;D32_V_outdoor_move_0002.mp4;False;0.942857;0.891892;0.846154
AI;eva-7k;D33_V_indoor_move_0002.mp4;False;0.942857;0.891892;0.846154
AI;eva-7k;D33_V_outdoor_move_0002.mp4;False;0.942857;0.891892;0.846154
AI;eva-7k;D34_V_indoor_move_0002.mp4;False;0.942857;0.891892;0.846154
AI;eva-7k;D34_V_outdoor_move_0002.mp4;False;0.942857;0.891892;0.846154
AI;eva-7k;D35_V_outdoor_move_0002.mp4;False;0.942857;0.891892;0.846154
AI;eva-7k;D35_V_outdoor_panrot_0002.mp4;False;0.942857;0.891892;0.846154
AI;eva-7k;D01_V_indoor_move_0002.mp4;False;0.888889;0.815789;0.775
AI;eva-7k;D01_V_outdoor_move_0002.mp4;False;0.888889;0.815789;0.775
AI;eva-7k;D03_V_indoor_move_0002.mp4;False;0.888889;0.815789;0.775
AI;eva-7k;D03_V_outdoor_move_0002.mp4;False;0.888889;0.815789;0.775
AI;eva-7k;D04_V_indoor_move_0002.mp4;False;0.942857;0.891892;0.846154
AI;eva-7k;D04_V_outdoor_move_0002.mp4;False;0.942857;0.891892;0.846154
AI;eva-7k;D05_V_indoor_move_0002.mp4;False;0.888889;0.815789;0.775
AI;eva-7k;D05_V_outdoor_move_0002.mp4;False;0.888889;0.815789;0.775
AI;eva-7k;D06_V_indoor_move_0002.mp4;False;0.888889;0.815789;0.775
AI;eva-7k;D06_V_outdoor_move_0002.mp4;False;0.888889;0.815789;0.775
AI;eva-7k;D07_V_indoor_move_0002.mp4;False;0.888889;0.815789;0.775
AI;eva-7k;D07_V_outdoor_move_0002.mp4;False;0.888889;0.815789;0.775
AI;eva-7k;D08_V_indoor_move_0002.mp4;False;0.888889;0.815789;0.775
AI;eva-7k;D08_V_outdoor_move_0002.mp4;False;0.888889;0.815789;0.775
AI;eva-7k;D09_V_indoor_move_0002.mp4;False;0.888889;0.815789;0.775
AI;eva-7k;D09_V_outdoor_move_0002.mp4;False;0.888889;0.815789;0.775
AI;eva-7k;D10_V_indoor_move_0002.mp4;False;0.888889;0.815789;0.775
AI;eva-7k;D11_V_indoor_move_0002.mp4;False;0.888889;0.815789;0.775
AI;eva-7k;D11_V_outdoor_move_0002.mp4;False;0.888889;0.815789;0.775
AI;eva-7k;D12_V_indoor_move_0002.mp4;False;0.888889;0.815789;0.775
AI;eva-7k;D12_V_outdoor_move_0002.mp4;False;0.888889;0.815789;0.775
AI;eva-7k;D13_V_indoor_move_0002.mp4;False;0.888889;0.815789;0.775
AI;eva-7k;D13_V_outdoor_move_0002.mp4;False;0.888889;0.815789;0.775
AI;eva-7k;D14_V_indoor_move_0002.mp4;False;0.888889;0.815789;0.775
AI;eva-7k;D14_V_outdoor_move_0002.mp4;False;0.888889;0.815789;0.775
AI;eva-7k;D15_V_indoor_move_0002.mp4;False;0.888889;0.815789;0.775
AI;eva-7k;D15_V_outdoor_move_0002.mp4;False;0.888889;0.815789;0.775
AI;eva-7k;D16_V_indoor_move_0002.mp4;False;0.888889;0.815789;0.775
AI;eva-7k;D16_V_outdoor_move_0002.mp4;False;0.888889;0.815789;0.775
AI;eva-7k;D19_V_indoor_move_0002.mp4;False;0.888889;0.815789;0.775
AI;eva-7k;D19_V_outdoor_move_0002.mp4;False;0.888889;0.815789;0.775
AI;eva-7k;D20_V_indoor_move_0002.mp4;False;0.888889;0.815789;0.775
AI;eva-7k;D20_V_outdoor_move_0002.mp4;False;0.888889;0.815789;0.775
AI;eva-7k;D22_V_indoor_move_0002.mp4;False;0.888889;0.815789;0.775
AI;eva-7k;D22_V_outdoor_move_0002.mp4;False;0.888889;0.815789;0.775
AI;eva-7k;D23_V_indoor_move_0002.mp4;False;0.942857;0.891892;0.846154
AI;eva-7k;D23_V_outdoor_move_0002.mp4;False;0.942857;0.891892;0.846154
AI;eva-7k;D24_V_indoor_move_0002.mp4;False;0.888889;0.815789;0.775
AI;eva-7k;D24_V_outdoor_move_0002.mp4;False;0.888889;0.815789;0.775
AI;eva-7k;D25_V_indoor_move_0002.mp4;False;0.888889;0.815789;0.775
AI;eva-7k;D25_V_outdoor_move_0002.mp4;False;0.888889;0.815789;0.775
AI;eva-7k;D26_V_indoor_move_0002.mp4;False;0.888889;0.815789;0.775
AI;eva-7k;D26_V_outdoor_move_0002.mp4;False;0.888889;0.815789;0.775
AI;eva-7k;D27_V_indoor_move_0002.mp4;False;0.888889;0.815789;0.775
AI;eva-7k;D27_V_outdoor_move_0002.mp4;False;0.888889;0.815789;0.775
AI;eva-7k;D28_V_indoor_move_0002.mp4;False;0.888889;0.815789;0.775
AI;eva-7k;D28_V_outdoor_move_0002.mp4;False;0.888889;0.815789;0.775
AI;eva-7k;D29_V_indoor_move_0002.mp4;False;0.888889;0.815789;0.775
AI;eva-7k;D29_V_outdoor_move_0002.mp4;False;0.888889;0.815789;0.775
AI;eva-7k;D30_V_indoor_move_0002.mp4;False;0.888889;0.815789;0.775
AI;eva-7k;D30_V_outdoor_move_0002.mp4;False;0.888889;0.815789;0.775
AI;eva-7k;D31_V_indoor_move_0002.mp4;False;0.888889;0.815789;0.775
AI;eva-7k;D31_V_outdoor_move_0002.mp4;False;0.888889;0.815789;0.775
AI;eva-7k;D32_V_indoor_move_0002.mp4;False;0.888889;0.815789;0.775
AI;eva-7k;D32_V_outdoor_move_0002.mp4;False;0.888889;0.815789;0.775
AI;eva-7k;D33_V_indoor_move_0002.mp4;False;0.888889;0.815789;0.775
AI;eva-7k;D33_V_outdoor_move_0002.mp4;False;0.888889;0.815789;0.775
AI;eva-7k;D34_V_indoor_move_0002.mp4;False;0.888889;0.815789;0.775
AI;eva-7k;D34_V_outdoor_move_0002.mp4;False;0.888889;0.815789;0.775
AI;eva-7k;D35_V_outdoor_move_0002.mp4;False;0.888889;0.815789;0.775
AI;eva-7k;D35_V_outdoor_panrot_0002.mp4;False;0.888889;0.815789;0.775
AI;eva-7k;D01_V_indoor_move_0002.mp4;False;0.947368;0.9;0.857143
AI;eva-7k;D01_V_outdoor_move_0002.mp4;False;0.947368;0.9;0.857143
AI;eva-7k;D03_V_indoor_move_0002.mp4;False;0.947368;0.9;0.857143
AI;eva-7k;D03_V_outdoor_move_0002.mp4;False;0.947368;0.9;0.857143
AI;eva-7k;D04_V_indoor_move_0002.mp4;False;0.947368;0.9;0.857143
AI;eva-7k;D04_V_outdoor_move_0002.mp4;False;0.947368;0.9;0.857143
AI;eva-7k;D05_V_indoor_move_0002.mp4;False;0.947368;0.9;0.857143
AI;eva-7k;D05_V_outdoor_move_0002.mp4;False;0.947368;0.9;0.857143
AI;eva-7k;D06_V_indoor_move_0002.mp4;False;0.947368;0.9;0.857143
AI;eva-7k;D06_V_outdoor_move_0002.mp4;False;0.947368;0.9;0.857143
AI;eva-7k;D07_V_indoor_move_0002.mp4;False;0.947368;0.9;0.857143
AI;eva-7k;D07_V_outdoor_move_0002.mp4;False;0.947368;0.9;0.857143
AI;eva-7k;D08_V_indoor_move_0002.mp4;False;0.947368;0.9;0.857143
AI;eva-7k;D08_V_outdoor_move_0002.mp4;False;0.947368;0.9;0.857143
AI;eva-7k;D09_V_indoor_move_0002.mp4;False;0.947368;0.9;0.857143
AI;eva-7k;D09_V_outdoor_move_0002.mp4;False;0.947368;0.9;0.857143
AI;eva-7k;D10_V_indoor_move_0002.mp4;False;0.947368;0.9;0.857143
AI;eva-7k;D11_V_indoor_move_0002.mp4;False;0.947368;0.9;0.857143
AI;eva-7k;D11_V_outdoor_move_0002.mp4;False;0.947368;0.9;0.857143
AI;eva-7k;D12_V_indoor_move_0002.mp4;False;0.947368;0.9;0.857143
AI;eva-7k;D12_V_outdoor_move_0002.mp4;False;0.947368;0.9;0.857143
AI;eva-7k;D13_V_indoor_move_0002.mp4;False;0.947368;0.9;0.857143
AI;eva-7k;D13_V_outdoor_move_0002.mp4;False;0.947368;0.9;0.857143
AI;eva-7k;D14_V_indoor_move_0002.mp4;False;0.947368;0.9;0.857143
AI;eva-7k;D14_V_outdoor_move_0002.mp4;False;0.947368;0.9;0.857143
AI;eva-7k;D15_V_indoor_move_0002.mp4;False;0.947368;0.9;0.857143
AI;eva-7k;D15_V_outdoor_move_0002.mp4;False;0.947368;0.9;0.857143
AI;eva-7k;D16_V_indoor_move_0002.mp4;False;0.947368;0.9;0.857143
AI;eva-7k;D16_V_outdoor_move_0002.mp4;False;0.947368;0.9;0.857143
AI;eva-7k;D19_V_indoor_move_0002.mp4;False;0.947368;0.9;0.857143
AI;eva-7k;D19_V_outdoor_move_0002.mp4;False;0.947368;0.9;0.857143
AI;eva-7k;D20_V_indoor_move_0002.mp4;False;0.947368;0.9;0.857143
AI;eva-7k;D20_V_outdoor_move_0002.mp4;False;0.947368;0.9;0.857143
AI;eva-7k;D22_V_indoor_move_0002.mp4;False;0.947368;0.9;0.857143
AI;eva-7k;D22_V_outdoor_move_0002.mp4;False;0.947368;0.9;0.857143
AI;eva-7k;D23_V_indoor_move_0002.mp4;False;0.947368;0.9;0.857143
AI;eva-7k;D23_V_outdoor_move_0002.mp4;False;0.947368;0.9;0.857143
AI;eva-7k;D24_V_indoor_move_0002.mp4;False;0.947368;0.9;0.857143
AI;eva-7k;D24_V_outdoor_move_0002.mp4;False;0.947368;0.9;0.857143
AI;eva-7k;D25_V_indoor_move_0002.mp4;False;0.947368;0.9;0.857143
AI;eva-7k;D25_V_outdoor_move_0002.mp4;False;0.947368;0.9;0.857143
AI;eva-7k;D26_V_indoor_move_0002.mp4;False;0.947368;0.9;0.857143
AI;eva-7k;D26_V_outdoor_move_0002.mp4;False;0.947368;0.9;0.857143
AI;eva-7k;D27_V_indoor_move_0002.mp4;False;0.947368;0.9;0.857143
AI;eva-7k;D27_V_outdoor_move_0002.mp4;False;0.947368;0.9;0.857143
AI;eva-7k;D28_V_indoor_move_0002.mp4;False;0.947368;0.9;0.857143
AI;eva-7k;D28_V_outdoor_move_0002.mp4;False;0.947368;0.9;0.857143
AI;eva-7k;D29_V_indoor_move_0002.mp4;False;0.947368;0.9;0.857143
AI;eva-7k;D29_V_outdoor_move_0002.mp4;False;0.947368;0.9;0.857143
AI;eva-7k;D30_V_indoor_move_0002.mp4;False;0.947368;0.9;0.857143
AI;eva-7k;D30_V_outdoor_move_0002.mp4;False;0.947368;0.9;0.857143
AI;eva-7k;D31_V_indoor_move_0002.mp4;False;0.947368;0.9;0.857143
AI;eva-7k;D31_V_outdoor_move_0002.mp4;False;0.947368;0.9;0.857143
AI;eva-7k;D32_V_indoor_move_0002.mp4;False;0.947368;0.9;0.857143
AI;eva-7k;D32_V_outdoor_move_0002.mp4;False;0.947368;0.9;0.857143
AI;eva-7k;D33_V_indoor_move_0002.mp4;False;0.947368;0.9;0.857143
AI;eva-7k;D33_V_outdoor_move_0002.mp4;False;0.947368;0.9;0.857143
AI;eva-7k;D34_V_indoor_move_0002.mp4;False;0.947368;0.9;0.857143
AI;eva-7k;D34_V_outdoor_move_0002.mp4;False;0.947368;0.9;0.857143
AI;eva-7k;D35_V_outdoor_move_0002.mp4;False;0.947368;0.9;0.857143
AI;eva-7k;D35_V_outdoor_panrot_0002.mp4;False;0.947368;0.9;0.857143
AI;eva-7k;D01_V_indoor_move_0002.mp4;False;0.947368;0.9;0.857143
AI;eva-7k;D01_V_outdoor_move_0002.mp4;False;0.947368;0.9;0.857143
AI;eva-7k;D03_V_indoor_move_0002.mp4;False;0.947368;0.9;0.857143
AI;eva-7k;D03_V_outdoor_move_0002.mp4;False;0.947368;0.9;0.857143
AI;eva-7k;D04_V_indoor_move_0002.mp4;False;0.947368;0.9;0.857143
AI;eva-7k;D04_V_outdoor_move_0002.mp4;False;0.947368;0.9;0.857143
AI;eva-7k;D05_V_indoor_move_0002.mp4;False;0.947368;0.9;0.857143
AI;eva-7k;D05_V_outdoor_move_0002.mp4;False;0.947368;0.9;0.857143
AI;eva-7k;D06_V_indoor_move_0002.mp4;False;0.947368;0.9;0.857143
AI;eva-7k;D06_V_outdoor_move_0002.mp4;False;0.947368;0.9;0.857143
AI;eva-7k;D07_V_indoor_move_0002.mp4;False;0.947368;0.9;0.857143
AI;eva-7k;D07_V_outdoor_move_0002.mp4;False;0.947368;0.9;0.857143
AI;eva-7k;D08_V_indoor_move_0002.mp4;False;0.947368;0.9;0.857143
AI;eva-7k;D08_V_outdoor_move_0002.mp4;False;0.947368;0.9;0.857143
AI;eva-7k;D09_V_indoor_move_0002.mp4;False;0.947368;0.9;0.857143
AI;eva-7k;D09_V_outdoor_move_0002.mp4;False;0.947368;0.9;0.857143
AI;eva-7k;D10_V_indoor_move_0002.mp4;False;0.947368;0.9;0.857143
AI;eva-7k;D11_V_indoor_move_0002.mp4;False;0.947368;0.9;0.857143
AI;eva-7k;D11_V_outdoor_move_0002.mp4;False;0.947368;0.9;0.857143
AI;eva-7k;D12_V_indoor_move_0002.mp4;False;0.947368;0.9;0.857143
AI;eva-7k;D12_V_outdoor_move_0002.mp4;False;0.947368;0.9;0.857143
AI;eva-7k;D13_V_indoor_move_0002.mp4;False;0.947368;0.9;0.857143
AI;eva-7k;D13_V_outdoor_move_0002.mp4;False;0.947368;0.9;0.857143
AI;eva-7k;D14_V_indoor_move_0002.mp4;False;0.947368;0.9;0.857143
AI;eva-7k;D14_V_outdoor_move_0002.mp4;False;0.947368;0.9;0.857143
AI;eva-7k;D15_V_indoor_move_0002.mp4;False;0.947368;0.9;0.857143
AI;eva-7k;D15_V_outdoor_move_0002.mp4;False;0.947368;0.9;0.857143
AI;eva-7k;D16_V_indoor_move_0002.mp4;False;0.947368;0.9;0.857143
AI;eva-7k;D16_V_outdoor_move_0002.mp4;False;0.947368;0.9;0.857143
AI;eva-7k;D19_V_indoor_move_0002.mp4;False;0.947368;0.9;0.857143
AI;eva-7k;D19_V_outdoor_move_0002.mp4;False;0.947368;0.9;0.857143
AI;eva-7k;D20_V_indoor_move_0002.mp4;False;0.947368;0.9;0.857143
AI;eva-7k;D20_V_outdoor_move_0002.mp4;False;0.947368;0.9;0.857143
AI;eva-7k;D22_V_indoor_move_0002.mp4;False;0.947368;0.9;0.857143
AI;eva-7k;D22_V_outdoor_move_0002.mp4;False;0.947368;0.9;0.857143
AI;eva-7k;D23_V_indoor_move_0002.mp4;False;0.947368;0.9;0.857143
AI;eva-7k;D23_V_outdoor_move_0002.mp4;False;0.947368;0.9;0.857143
AI;eva-7k;D24_V_indoor_move_0002.mp4;False;0.947368;0.9;0.857143
AI;eva-7k;D24_V_outdoor_move_0002.mp4;False;0.947368;0.9;0.857143
AI;eva-7k;D25_V_indoor_move_0002.mp4;False;0.947368;0.9;0.857143
AI;eva-7k;D25_V_outdoor_move_0002.mp4;False;0.947368;0.9;0.857143
AI;eva-7k;D26_V_indoor_move_0002.mp4;False;0.947368;0.9;0.857143
AI;eva-7k;D26_V_outdoor_move_0002.mp4;False;0.947368;0.9;0.857143
AI;eva-7k;D27_V_indoor_move_0002.mp4;False;0.947368;0.9;0.857143
AI;eva-7k;D27_V_outdoor_move_0002.mp4;False;0.947368;0.9;0.857143
AI;eva-7k;D28_V_indoor_move_0002.mp4;False;0.947368;0.9;0.857143
AI;eva-7k;D28_V_outdoor_move_0002.mp4;False;0.947368;0.9;0.857143
AI;eva-7k;D29_V_indoor_move_0002.mp4;False;0.947368;0.9;0.857143
AI;eva-7k;D29_V_outdoor_move_0002.mp4;False;0.947368;0.9;0.857143
AI;eva-7k;D30_V_indoor_move_0002.mp4;False;0.947368;0.9;0.857143
AI;eva-7k;D30_V_outdoor_move_0002.mp4;False;0.947368;0.9;0.857143
AI;eva-7k;D31_V_indoor_move_0002.mp4;False;0.947368;0.9;0.857143
AI;eva-7k;D31_V_outdoor_move_0002.mp4;False;0.947368;0.9;0.857143
AI;eva-7k;D32_V_indoor_move_0002.mp4;False;0.947368;0.9;0.857143
AI;eva-7k;D32_V_outdoor_move_0002.mp4;False;0.947368;0.9;0.857143
AI;eva-7k;D33_V_indoor_move_0002.mp4;False;0.947368;0.9;0.857143
AI;eva-7k;D33_V_outdoor_move_0002.mp4;False;0.947368;0.9;0.857143
AI;eva-7k;D34_V_indoor_move_0002.mp4;False;0.947368;0.9;0.857143
AI;eva-7k;D34_V_outdoor_move_0002.mp4;False;0.947368;0.9;0.857143
AI;eva-7k;D35_V_outdoor_move_0002.mp4;False;0.947368;0.9;0.857143
AI;eva-7k;D35_V_outdoor_panrot_0002.mp4;False;0.947368;0.9;0.857143
AI;eva-7k;D01_V_indoor_move_0002.mp4;False;0.947368;0.9;0.857143
AI;eva-7k;D01_V_outdoor_move_0002.mp4;False;0.947368;0.9;0.857143
AI;eva-7k;D03_V_indoor_move_0002.mp4;False;0.947368;0.9;0.857143
AI;eva-7k;D03_V_outdoor_move_0002.mp4;False;0.947368;0.9;0.857143
AI;eva-7k;D04_V_indoor_move_0002.mp4;False;0.947368;0.9;0.857143
AI;eva-7k;D04_V_outdoor_move_0002.mp4;False;0.947368;0.9;0.857143
AI;eva-7k;D05_V_indoor_move_0002.mp4;False;0.947368;0.9;0.857143
AI;eva-7k;D05_V_outdoor_move_0002.mp4;False;0.947368;0.9;0.857143
AI;eva-7k;D06_V_indoor_move_0002.mp4;False;0.947368;0.9;0.857143
AI;eva-7k;D06_V_outdoor_move_0002.mp4;False;0.947368;0.9;0.857143
AI;eva-7k;D07_V_indoor_move_0002.mp4;False;0.947368;0.9;0.857143
AI;eva-7k;D07_V_outdoor_move_0002.mp4;False;0.947368;0.9;0.857143
AI;eva-7k;D08_V_indoor_move_0002.mp4;False;0.947368;0.9;0.857143
AI;eva-7k;D08_V_outdoor_move_0002.mp4;False;0.947368;0.9;0.857143
AI;eva-7k;D09_V_indoor_move_0002.mp4;False;0.947368;0.9;0.857143
AI;eva-7k;D09_V_outdoor_move_0002.mp4;False;0.947368;0.9;0.857143
AI;eva-7k;D10_V_indoor_move_0002.mp4;False;0.947368;0.9;0.857143
AI;eva-7k;D11_V_indoor_move_0002.mp4;False;0.947368;0.9;0.857143
AI;eva-7k;D11_V_outdoor_move_0002.mp4;False;0.947368;0.9;0.857143
AI;eva-7k;D12_V_indoor_move_0002.mp4;False;0.947368;0.9;0.857143
AI;eva-7k;D12_V_outdoor_move_0002.mp4;False;0.947368;0.9;0.857143
AI;eva-7k;D13_V_indoor_move_0002.mp4;False;0.947368;0.9;0.857143
AI;eva-7k;D13_V_outdoor_move_0002.mp4;False;0.947368;0.9;0.857143
AI;eva-7k;D14_V_indoor_move_0002.mp4;False;0.947368;0.9;0.857143
AI;eva-7k;D14_V_outdoor_move_0002.mp4;False;0.947368;0.9;0.857143
AI;eva-7k;D15_V_indoor_move_0002.mp4;False;0.947368;0.9;0.857143
AI;eva-7k;D15_V_outdoor_move_0002.mp4;False;0.947368;0.9;0.857143
AI;eva-7k;D16_V_indoor_move_0002.mp4;False;0.947368;0.9;0.857143
AI;eva-7k;D16_V_outdoor_move_0002.mp4;False;0.947368;0.9;0.857143
AI;eva-7k;D19_V_indoor_move_0002.mp4;False;0.947368;0.9;0.857143
AI;eva-7k;D19_V_outdoor_move_0002.mp4;False;0.947368;0.9;0.857143
AI;eva-7k;D20_V_indoor_move_0002.mp4;False;0.947368;0.9;0.857143
AI;eva-7k;D20_V_outdoor_move_0002.mp4;False;0.947368;0.9;0.857143
AI;eva-7k;D22_V_indoor_move_0002.mp4;False;0.947368;0.9;0.857143
AI;eva-7k;D22_V_outdoor_move_0002.mp4;False;0.947368;0.9;0.857143
AI;eva-7k;D23_V_indoor_move_0002.mp4;False;0.947368;0.9;0.857143
AI;eva-7k;D23_V_outdoor_move_0002.mp4;False;0.947368;0.9;0.857143
AI;eva-7k;D24_V_indoor_move_0002.mp4;False;0.947368;0.9;0.857143
AI;eva-7k;D24_V_outdoor_move_0002.mp4;False;0.947368;0.9;0.857143
AI;eva-7k;D25_V_indoor_move_0002.mp4;False;0.947368;0.9;0.857143
AI;eva-7k;D25_V_outdoor_move_0002.mp4;False;0.947368;0.9;0.857143
AI;eva-7k;D26_V_indoor_move_0002.mp4;False;0.947368;0.9;0.857143
AI;eva-7k;D26_V_outdoor_move_0002.mp4;False;0.947368;0.9;0.857143
AI;eva-7k;D27_V_indoor_move_0002.mp4;False;0.947368;0.9;0.857143
AI;eva-7k;D27_V_outdoor_move_0002.mp4;False;0.947368;0.9;0.857143
AI;eva-7k;D28_V_indoor_move_0002.mp4;False;0.947368;0.9;0.857143
AI;eva-7k;D28_V_outdoor_move_0002.mp4;False;0.947368;0.9;0.857143
AI;eva-7k;D29_V_indoor_move_0002.mp4;False;0.947368;0.9;0.857143
AI;eva-7k;D29_V_outdoor_move_0002.mp4;False;0.947368;0.9;0.857143
AI;eva-7k;D30_V_indoor_move_0002.mp4;False;0.947368;0.9;0.857143
AI;eva-7k;D30_V_outdoor_move_0002.mp4;False;0.947368;0.9;0.857143
AI;eva-7k;D31_V_indoor_move_0002.mp4;False;0.947368;0.9;0.857143
AI;eva-7k;D31_V_outdoor_move_0002.mp4;False;0.947368;0.9;0.857143
AI;eva-7k;D32_V_indoor_move_0002.mp4;False;0.947368;0.9;0.857143
AI;eva-7k;D32_V_outdoor_move_0002.mp4;False;0.947368;0.9;0.857143
AI;eva-7k;D33_V_indoor_move_0002.mp4;False;0.947368;0.9;0.857143
AI;eva-7k;D33_V_outdoor_move_0002.mp4;False;0.947368;0.9;0.857143
AI;eva-7k;D34_V_indoor_move_0002.mp4;False;0.947368;0.9;0.857143
AI;eva-7k;D34_V_outdoor_move_0002.mp4;False;0.947368;0.9;0.857143
AI;eva-7k;D35_V_outdoor_move_0002.mp4;False;0.947368;0.9;0.857143
AI;eva-7k;D35_V_outdoor_panrot_0002.mp4;False;0.947368;0.9;0.857143
AI;eva-7k;D01_V_indoor_move_0002.mp4;False;0.947368;0.9;0.857143
AI;eva-7k;D01_V_outdoor_move_0002.mp4;False;0.947368;0.9;0.857143
AI;eva-7k;D03_V_indoor_move_0002.mp4;False;0.947368;0.9;0.857143
AI;eva-7k;D03_V_outdoor_move_0002.mp4;False;0.947368;0.9;0.857143
AI;eva-7k;D04_V_indoor_move_0002.mp4;False;0.947368;0.9;0.857143
AI;eva-7k;D04_V_outdoor_move_0002.mp4;False;0.947368;0.9;0.857143
AI;eva-7k;D05_V_indoor_move_0002.mp4;False;0.947368;0.9;0.857143
AI;eva-7k;D05_V_outdoor_move_0002.mp4;False;0.947368;0.9;0.857143
AI;eva-7k;D06_V_indoor_move_0002.mp4;False;0.947368;0.9;0.857143
AI;eva-7k;D06_V_outdoor_move_0002.mp4;False;0.947368;0.9;0.857143
AI;eva-7k;D07_V_indoor_move_0002.mp4;False;0.947368;0.9;0.857143
AI;eva-7k;D07_V_outdoor_move_0002.mp4;False;0.947368;0.9;0.857143
AI;eva-7k;D08_V_indoor_move_0002.mp4;False;0.947368;0.9;0.857143
AI;eva-7k;D08_V_outdoor_move_0002.mp4;False;0.947368;0.9;0.857143
AI;eva-7k;D09_V_indoor_move_0002.mp4;False;0.947368;0.9;0.857143
AI;eva-7k;D09_V_outdoor_move_0002.mp4;False;0.947368;0.9;0.857143
AI;eva-7k;D10_V_indoor_move_0002.mp4;False;0.947368;0.9;0.857143
AI;eva-7k;D11_V_indoor_move_0002.mp4;False;0.947368;0.9;0.857143
AI;eva-7k;D11_V_outdoor_move_0002.mp4;False;0.947368;0.9;0.857143
AI;eva-7k;D12_V_indoor_move_0002.mp4;False;0.947368;0.9;0.857143
AI;eva-7k;D12_V_outdoor_move_0002.mp4;False;0.947368;0.9;0.857143
AI;eva-7k;D13_V_indoor_move_0002.mp4;False;0.947368;0.9;0.857143
AI;eva-7k;D13_V_outdoor_move_0002.mp4;False;0.947368;0.9;0.857143
AI;eva-7k;D14_V_indoor_move_0002.mp4;False;0.947368;0.9;0.857143
AI;eva-7k;D14_V_outdoor_move_0002.mp4;False;0.947368;0.9;0.857143
AI;eva-7k;D15_V_indoor_move_0002.mp4;False;0.947368;0.9;0.857143
AI;eva-7k;D15_V_outdoor_move_0002.mp4;False;0.947368;0.9;0.857143
AI;eva-7k;D16_V_indoor_move_0002.mp4;False;0.947368;0.9;0.857143
AI;eva-7k;D16_V_outdoor_move_0002.mp4;False;0.947368;0.9;0.857143
AI;eva-7k;D19_V_indoor_move_0002.mp4;False;0.947368;0.9;0.857143
AI;eva-7k;D19_V_outdoor_move_0002.mp4;False;0.947368;0.9;0.857143
AI;eva-7k;D20_V_indoor_move_0002.mp4;False;0.947368;0.9;0.857143
AI;eva-7k;D20_V_outdoor_move_0002.mp4;False;0.947368;0.9;0.857143
AI;eva-7k;D22_V_indoor_move_0002.mp4;False;0.947368;0.9;0.857143
AI;eva-7k;D22_V_outdoor_move_0002.mp4;False;0.947368;0.9;0.857143
AI;eva-7k;D23_V_indoor_move_0002.mp4;False;0.947368;0.9;0.857143
AI;eva-7k;D23_V_outdoor_move_0002.mp4;False;0.947368;0.9;0.857143
AI;eva-7k;D24_V_indoor_move_0002.mp4;False;0.947368;0.9;0.857143
AI;eva-7k;D24_V_outdoor_move_0002.mp4;False;0.947368;0.9;0.857143
AI;eva-7k;D25_V_indoor_move_0002.mp4;False;0.947368;0.9;0.857143
AI;eva-7k;D25_V_outdoor_move_0002.mp4;False;0.947368;0.9;0.857143
AI;eva-7k;D26_V_indoor_move_0002.mp4;False;0.947368;0.9;0.857143
AI;eva-7k;D26_V_outdoor_move_0002.mp4;False;0.947368;0.9;0.857143
AI;eva-7k;D27_V_indoor_move_0002.mp4;False;0.947368;0.9;0.857143
AI;eva-7k;D27_V_outdoor_move_0002.mp4;False;0.947368;0.9;0.857143
AI;eva-7k;D28_V_indoor_move_0002.mp4;False;0.947368;0.9;0.857143
AI;eva-7k;D28_V_outdoor_move_0002.mp4;False;0.947368;0.9;0.857143
AI;eva-7k;D29_V_indoor_move_0002.mp4;False;0.947368;0.9;0.857143
AI;eva-7k;D29_V_outdoor_move_0002.mp4;False;0.947368;0.9;0.857143
AI;eva-7k;D30_V_indoor_move_0002.mp4;False;0.947368;0.9;0.857143
AI;eva-7k;D30_V_outdoor_move_0002.mp4;False;0.947368;0.9;0.857143
AI;eva-7k;D31_V_indoor_move_0002.mp4;False;0.947368;0.9;0.857143
AI;eva-7k;D31_V_outdoor_move_0002.mp4;False;0.947368;0.9;0.857143
AI;eva-7k;D32_V_indoor_move_0002.mp4;False;0.947368;0.9;0.857143
AI;eva-7k;D32_V_outdoor_move_0002.mp4;False;0.947368;0.9;0.857143
AI;eva-7k;D33_V_indoor_move_0002.mp4;False;0.947368;0.9;0.857143
AI;eva-7k;D33_V_outdoor_move_0002.mp4;False;0.947368;0.9;0.857143
AI;eva-7k;D34_V_indoor_move_0002.mp4;False;0.947368;0.9;0.857143
AI;eva-7k;D34_V_outdoor_move_0002.mp4;False;0.947368;0.9;0.857143
AI;eva-7k;D35_V_outdoor_move_0002.mp4;False;0.947368;0.9;0.857143
AI;eva-7k;D35_V_outdoor_panrot_0002.mp4;False;0.947368;0.9;0.857143
AI;eva-7k;D01_V_indoor_move_0002.mp4;False;0.947368;0.9;0.857143
AI;eva-7k;D01_V_outdoor_move_0002.mp4;False;0.947368;0.9;0.857143
AI;eva-7k;D03_V_indoor_move_0002.mp4;False;0.947368;0.9;0.857143
AI;eva-7k;D03_V_outdoor_move_0002.mp4;False;0.947368;0.9;0.857143
AI;eva-7k;D04_V_indoor_move_0002.mp4;False;0.947368;0.9;0.857143
AI;eva-7k;D04_V_outdoor_move_0002.mp4;False;0.947368;0.9;0.857143
AI;eva-7k;D05_V_indoor_move_0002.mp4;False;0.947368;0.9;0.857143
AI;eva-7k;D05_V_outdoor_move_0002.mp4;False;0.923077;0.878049;0.837209
AI;eva-7k;D06_V_indoor_move_0002.mp4;False;0.947368;0.9;0.857143
AI;eva-7k;D06_V_outdoor_move_0002.mp4;False;0.947368;0.9;0.857143
AI;eva-7k;D07_V_indoor_move_0002.mp4;False;0.947368;0.9;0.857143
AI;eva-7k;D07_V_outdoor_move_0002.mp4;False;0.947368;0.9;0.857143
AI;eva-7k;D08_V_indoor_move_0002.mp4;False;0.947368;0.9;0.857143
AI;eva-7k;D08_V_outdoor_move_0002.mp4;False;0.947368;0.9;0.857143
AI;eva-7k;D09_V_indoor_move_0002.mp4;False;0.947368;0.9;0.857143
AI;eva-7k;D09_V_outdoor_move_0002.mp4;False;0.947368;0.9;0.857143
AI;eva-7k;D10_V_indoor_move_0002.mp4;False;0.947368;0.9;0.857143
AI;eva-7k;D11_V_indoor_move_0002.mp4;False;0.947368;0.9;0.857143
AI;eva-7k;D11_V_outdoor_move_0002.mp4;False;0.947368;0.9;0.857143
AI;eva-7k;D12_V_indoor_move_0002.mp4;False;0.947368;0.9;0.857143
AI;eva-7k;D12_V_outdoor_move_0002.mp4;False;0.947368;0.9;0.857143
AI;eva-7k;D13_V_indoor_move_0002.mp4;False;0.947368;0.9;0.857143
AI;eva-7k;D13_V_outdoor_move_0002.mp4;False;0.947368;0.9;0.857143
AI;eva-7k;D14_V_indoor_move_0002.mp4;False;0.947368;0.9;0.857143
AI;eva-7k;D14_V_outdoor_move_0002.mp4;False;0.947368;0.9;0.857143
AI;eva-7k;D15_V_indoor_move_0002.mp4;False;0.947368;0.9;0.857143
AI;eva-7k;D15_V_outdoor_move_0002.mp4;False;0.947368;0.9;0.857143
AI;eva-7k;D16_V_indoor_move_0002.mp4;False;0.947368;0.9;0.857143
AI;eva-7k;D16_V_outdoor_move_0002.mp4;False;0.947368;0.9;0.857143
AI;eva-7k;D19_V_indoor_move_0002.mp4;False;0.947368;0.9;0.857143
AI;eva-7k;D19_V_outdoor_move_0002.mp4;False;0.947368;0.9;0.857143
AI;eva-7k;D20_V_indoor_move_0002.mp4;False;0.947368;0.9;0.857143
AI;eva-7k;D20_V_outdoor_move_0002.mp4;False;0.947368;0.9;0.857143
AI;eva-7k;D22_V_indoor_move_0002.mp4;False;0.947368;0.9;0.857143
AI;eva-7k;D22_V_outdoor_move_0002.mp4;False;0.947368;0.9;0.857143
AI;eva-7k;D23_V_indoor_move_0002.mp4;False;0.947368;0.9;0.857143
AI;eva-7k;D23_V_outdoor_move_0002.mp4;False;0.947368;0.9;0.857143
AI;eva-7k;D24_V_indoor_move_0002.mp4;False;0.947368;0.9;0.857143
AI;eva-7k;D24_V_outdoor_move_0002.mp4;False;0.947368;0.9;0.857143
AI;eva-7k;D25_V_indoor_move_0002.mp4;False;0.947368;0.9;0.857143
AI;eva-7k;D25_V_outdoor_move_0002.mp4;False;0.947368;0.9;0.857143
AI;eva-7k;D26_V_indoor_move_0002.mp4;False;0.947368;0.9;0.857143
AI;eva-7k;D26_V_outdoor_move_0002.mp4;False;0.947368;0.9;0.857143
AI;eva-7k;D27_V_indoor_move_0002.mp4;False;0.947368;0.9;0.857143
AI;eva-7k;D27_V_outdoor_move_0002.mp4;False;0.947368;0.9;0.857143
AI;eva-7k;D28_V_indoor_move_0002.mp4;False;0.947368;0.9;0.857143
AI;eva-7k;D28_V_outdoor_move_0002.mp4;False;0.947368;0.9;0.857143
AI;eva-7k;D29_V_indoor_move_0002.mp4;False;0.947368;0.9;0.857143
AI;eva-7k;D29_V_outdoor_move_0002.mp4;False;0.947368;0.9;0.857143
AI;eva-7k;D30_V_indoor_move_0002.mp4;False;0.947368;0.9;0.857143
AI;eva-7k;D30_V_outdoor_move_0002.mp4;False;0.947368;0.9;0.857143
AI;eva-7k;D31_V_indoor_move_0002.mp4;False;0.947368;0.9;0.857143
AI;eva-7k;D31_V_outdoor_move_0002.mp4;False;0.947368;0.9;0.857143
AI;eva-7k;D32_V_indoor_move_0002.mp4;False;0.947368;0.9;0.857143
AI;eva-7k;D32_V_outdoor_move_0002.mp4;False;0.947368;0.9;0.857143
AI;eva-7k;D33_V_indoor_move_0002.mp4;False;0.947368;0.9;0.857143
AI;eva-7k;D33_V_outdoor_move_0002.mp4;False;0.947368;0.9;0.857143
AI;eva-7k;D34_V_indoor_move_0002.mp4;False;0.947368;0.9;0.857143
AI;eva-7k;D34_V_outdoor_move_0002.mp4;False;0.947368;0.9;0.857143
AI;eva-7k;D35_V_outdoor_move_0002.mp4;False;0.947368;0.9;0.857143
AI;eva-7k;D35_V_outdoor_panrot_0002.mp4;False;0.947368;0.9;0.857143
AI;eva-7k;D01_V_indoor_move_0002.mp4;False;0.947368;0.9;0.857143
AI;eva-7k;D01_V_outdoor_move_0002.mp4;False;0.947368;0.9;0.857143
AI;eva-7k;D03_V_indoor_move_0002.mp4;False;0.947368;0.9;0.857143
AI;eva-7k;D03_V_outdoor_move_0002.mp4;False;0.947368;0.9;0.857143
AI;eva-7k;D04_V_indoor_move_0002.mp4;False;0.947368;0.9;0.857143
AI;eva-7k;D04_V_outdoor_move_0002.mp4;False;0.947368;0.9;0.857143
AI;eva-7k;D05_V_indoor_move_0002.mp4;False;0.947368;0.9;0.857143
AI;eva-7k;D05_V_outdoor_move_0002.mp4;False;0.947368;0.9;0.857143
AI;eva-7k;D06_V_indoor_move_0002.mp4;False;0.947368;0.9;0.857143
AI;eva-7k;D06_V_outdoor_move_0002.mp4;False;0.947368;0.9;0.857143
AI;eva-7k;D07_V_indoor_move_0002.mp4;False;0.947368;0.9;0.857143
AI;eva-7k;D07_V_outdoor_move_0002.mp4;False;0.947368;0.9;0.857143
AI;eva-7k;D08_V_indoor_move_0002.mp4;False;0.947368;0.9;0.857143
AI;eva-7k;D08_V_outdoor_move_0002.mp4;False;0.947368;0.9;0.857143
AI;eva-7k;D09_V_indoor_move_0002.mp4;False;0.947368;0.9;0.857143
AI;eva-7k;D09_V_outdoor_move_0002.mp4;False;0.947368;0.9;0.857143
AI;eva-7k;D10_V_indoor_move_0002.mp4;False;0.947368;0.9;0.857143
AI;eva-7k;D11_V_indoor_move_0002.mp4;False;0.947368;0.9;0.857143
AI;eva-7k;D11_V_outdoor_move_0002.mp4;False;0.947368;0.9;0.857143
AI;eva-7k;D12_V_indoor_move_0002.mp4;False;0.947368;0.9;0.857143
AI;eva-7k;D12_V_outdoor_move_0002.mp4;False;0.947368;0.9;0.857143
AI;eva-7k;D13_V_indoor_move_0002.mp4;False;0.947368;0.9;0.857143
AI;eva-7k;D13_V_outdoor_move_0002.mp4;False;0.947368;0.9;0.857143
AI;eva-7k;D14_V_indoor_move_0002.mp4;False;0.947368;0.9;0.857143
AI;eva-7k;D14_V_outdoor_move_0002.mp4;False;0.947368;0.9;0.857143
AI;eva-7k;D15_V_indoor_move_0002.mp4;False;0.947368;0.9;0.857143
AI;eva-7k;D15_V_outdoor_move_0002.mp4;False;0.947368;0.9;0.857143
AI;eva-7k;D16_V_indoor_move_0002.mp4;False;0.947368;0.9;0.857143
AI;eva-7k;D16_V_outdoor_move_0002.mp4;False;0.947368;0.9;0.857143
AI;eva-7k;D19_V_indoor_move_0002.mp4;False;0.947368;0.9;0.857143
AI;eva-7k;D19_V_outdoor_move_0002.mp4;False;0.947368;0.9;0.857143
AI;eva-7k;D20_V_indoor_move_0002.mp4;False;0.947368;0.9;0.857143
AI;eva-7k;D20_V_outdoor_move_0002.mp4;False;0.947368;0.9;0.857143
AI;eva-7k;D22_V_indoor_move_0002.mp4;False;0.947368;0.9;0.857143
AI;eva-7k;D22_V_outdoor_move_0002.mp4;False;0.947368;0.9;0.857143
AI;eva-7k;D23_V_indoor_move_0002.mp4;False;0.947368;0.9;0.857143
AI;eva-7k;D23_V_outdoor_move_0002.mp4;False;0.947368;0.9;0.857143
AI;eva-7k;D24_V_indoor_move_0002.mp4;False;0.947368;0.9;0.857143
AI;eva-7k;D24_V_outdoor_move_0002.mp4;False;0.947368;0.9;0.857143
AI;eva-7k;D25_V_indoor_move_0002.mp4;False;0.947368;0.9;0.857143
AI;eva-7k;D25_V_outdoor_move_0002.mp4;False;0.947368;0.9;0.857143
AI;eva-7k;D26_V_indoor_move_0002.mp4;False;0.947368;0.9;0.857143
AI;eva-7k;D26_V_outdoor_move_0002.mp4;False;0.947368;0.9;0.857143
AI;eva-7k;D27_V_indoor_move_0002.mp4;False;0.947368;0.9;0.857143
AI;eva-7k;D27_V_outdoor_move_0002.mp4;False;0.947368;0.9;0.857143
AI;eva-7k;D28_V_indoor_move_0002.mp4;False;0.947368;0.9;0.857143
AI;eva-7k;D28_V_outdoor_move_0002.mp4;False;0.947368;0.9;0.857143
AI;eva-7k;D29_V_indoor_move_0002.mp4;False;0.947368;0.9;0.857143
AI;eva-7k;D29_V_outdoor_move_0002.mp4;False;0.947368;0.9;0.857143
AI;eva-7k;D30_V_indoor_move_0002.mp4;False;0.947368;0.9;0.857143
AI;eva-7k;D30_V_outdoor_move_0002.mp4;False;0.947368;0.9;0.857143
AI;eva-7k;D31_V_indoor_move_0002.mp4;False;0.947368;0.9;0.857143
AI;eva-7k;D31_V_outdoor_move_0002.mp4;False;0.947368;0.9;0.857143
AI;eva-7k;D32_V_indoor_move_0002.mp4;False;0.947368;0.9;0.857143
AI;eva-7k;D32_V_outdoor_move_0002.mp4;False;0.947368;0.9;0.857143
AI;eva-7k;D33_V_indoor_move_0002.mp4;False;0.947368;0.9;0.857143
AI;eva-7k;D33_V_outdoor_move_0002.mp4;False;0.947368;0.9;0.857143
AI;eva-7k;D34_V_indoor_move_0002.mp4;False;0.947368;0.9;0.857143
AI;eva-7k;D34_V_outdoor_move_0002.mp4;False;0.947368;0.9;0.857143
AI;eva-7k;D35_V_outdoor_move_0002.mp4;False;0.947368;0.9;0.857143
AI;eva-7k;D35_V_outdoor_panrot_0002.mp4;False;0.947368;0.9;0.857143
AI;eva-7k;D01_V_indoor_move_0002.mp4;False;0.947368;0.9;0.857143
AI;eva-7k;D01_V_outdoor_move_0002.mp4;False;0.947368;0.9;0.857143
AI;eva-7k;D03_V_indoor_move_0002.mp4;False;0.947368;0.9;0.857143
AI;eva-7k;D03_V_outdoor_move_0002.mp4;False;0.947368;0.9;0.857143
AI;eva-7k;D04_V_indoor_move_0002.mp4;False;0.947368;0.9;0.857143
AI;eva-7k;D04_V_outdoor_move_0002.mp4;False;0.947368;0.9;0.857143
AI;eva-7k;D05_V_indoor_move_0002.mp4;False;0.947368;0.9;0.857143
AI;eva-7k;D05_V_outdoor_move_0002.mp4;False;0.947368;0.9;0.857143
AI;eva-7k;D06_V_indoor_move_0002.mp4;False;0.947368;0.9;0.857143
AI;eva-7k;D06_V_outdoor_move_0002.mp4;False;0.947368;0.9;0.857143
AI;eva-7k;D07_V_indoor_move_0002.mp4;False;0.947368;0.9;0.857143
AI;eva-7k;D07_V_outdoor_move_0002.mp4;False;0.947368;0.9;0.857143
AI;eva-7k;D08_V_indoor_move_0002.mp4;False;0.947368;0.9;0.857143
AI;eva-7k;D08_V_outdoor_move_0002.mp4;False;0.947368;0.9;0.857143
AI;eva-7k;D09_V_indoor_move_0002.mp4;False;0.947368;0.9;0.857143
AI;eva-7k;D09_V_outdoor_move_0002.mp4;False;0.947368;0.9;0.857143
AI;eva-7k;D10_V_indoor_move_0002.mp4;False;0.947368;0.9;0.857143
AI;eva-7k;D11_V_indoor_move_0002.mp4;False;0.947368;0.9;0.857143
AI;eva-7k;D11_V_outdoor_move_0002.mp4;False;0.947368;0.9;0.857143
AI;eva-7k;D12_V_indoor_move_0002.mp4;False;0.947368;0.9;0.857143
AI;eva-7k;D12_V_outdoor_move_0002.mp4;False;0.947368;0.9;0.857143
AI;eva-7k;D13_V_indoor_move_0002.mp4;False;0.947368;0.9;0.857143
AI;eva-7k;D13_V_outdoor_move_0002.mp4;False;0.947368;0.9;0.857143
AI;eva-7k;D14_V_indoor_move_0002.mp4;False;0.947368;0.9;0.857143
AI;eva-7k;D14_V_outdoor_move_0002.mp4;False;0.947368;0.9;0.857143
AI;eva-7k;D15_V_indoor_move_0002.mp4;False;0.947368;0.9;0.857143
AI;eva-7k;D15_V_outdoor_move_0002.mp4;False;0.947368;0.9;0.857143
AI;eva-7k;D16_V_indoor_move_0002.mp4;False;0.947368;0.9;0.857143
AI;eva-7k;D16_V_outdoor_move_0002.mp4;False;0.947368;0.9;0.857143
AI;eva-7k;D19_V_indoor_move_0002.mp4;False;0.947368;0.9;0.857143
AI;eva-7k;D19_V_outdoor_move_0002.mp4;False;0.947368;0.9;0.857143
AI;eva-7k;D20_V_indoor_move_0002.mp4;False;0.947368;0.9;0.857143
AI;eva-7k;D20_V_outdoor_move_0002.mp4;False;0.947368;0.9;0.857143
AI;eva-7k;D22_V_indoor_move_0002.mp4;False;0.947368;0.9;0.857143
AI;eva-7k;D22_V_outdoor_move_0002.mp4;False;0.947368;0.9;0.857143
AI;eva-7k;D23_V_indoor_move_0002.mp4;False;0.947368;0.9;0.857143
AI;eva-7k;D23_V_outdoor_move_0002.mp4;False;0.947368;0.9;0.857143
AI;eva-7k;D24_V_indoor_move_0002.mp4;False;0.947368;0.9;0.857143
AI;eva-7k;D24_V_outdoor_move_0002.mp4;False;0.947368;0.9;0.857143
AI;eva-7k;D25_V_indoor_move_0002.mp4;False;0.947368;0.9;0.857143
AI;eva-7k;D25_V_outdoor_move_0002.mp4;False;0.947368;0.9;0.857143
AI;eva-7k;D26_V_indoor_move_0002.mp4;False;0.947368;0.9;0.857143
AI;eva-7k;D26_V_outdoor_move_0002.mp4;False;0.974359;0.95122;0.930233
AI;eva-7k;D27_V_indoor_move_0002.mp4;False;0.947368;0.9;0.857143
AI;eva-7k;D27_V_outdoor_move_0002.mp4;False;0.947368;0.9;0.857143
AI;eva-7k;D28_V_indoor_move_0002.mp4;False;0.947368;0.9;0.857143
AI;eva-7k;D28_V_outdoor_move_0002.mp4;False;0.947368;0.9;0.857143
AI;eva-7k;D29_V_indoor_move_0002.mp4;False;0.947368;0.9;0.857143
AI;eva-7k;D29_V_outdoor_move_0002.mp4;False;0.947368;0.9;0.857143
AI;eva-7k;D30_V_indoor_move_0002.mp4;False;0.947368;0.9;0.857143
AI;eva-7k;D30_V_outdoor_move_0002.mp4;False;0.947368;0.9;0.857143
AI;eva-7k;D31_V_indoor_move_0002.mp4;False;0.947368;0.9;0.857143
AI;eva-7k;D31_V_outdoor_move_0002.mp4;False;0.947368;0.9;0.857143
AI;eva-7k;D32_V_indoor_move_0002.mp4;False;0.947368;0.9;0.857143
AI;eva-7k;D32_V_outdoor_move_0002.mp4;False;0.947368;0.9;0.857143
AI;eva-7k;D33_V_indoor_move_0002.mp4;False;0.947368;0.9;0.857143
AI;eva-7k;D33_V_outdoor_move_0002.mp4;False;0.947368;0.9;0.857143
AI;eva-7k;D34_V_indoor_move_0002.mp4;False;0.947368;0.9;0.857143
AI;eva-7k;D34_V_outdoor_move_0002.mp4;False;0.947368;0.9;0.857143
AI;eva-7k;D35_V_outdoor_move_0002.mp4;False;0.947368;0.9;0.857143
AI;eva-7k;D35_V_outdoor_panrot_0002.mp4;False;0.947368;0.9;0.857143
AI;eva-7k;D01_V_indoor_move_0002.mp4;False;0.947368;0.9;0.857143
AI;eva-7k;D01_V_outdoor_move_0002.mp4;False;0.947368;0.9;0.857143
AI;eva-7k;D03_V_indoor_move_0002.mp4;False;0.947368;0.9;0.857143
AI;eva-7k;D03_V_outdoor_move_0002.mp4;False;0.947368;0.9;0.857143
AI;eva-7k;D04_V_indoor_move_0002.mp4;False;0.947368;0.9;0.857143
AI;eva-7k;D04_V_outdoor_move_0002.mp4;False;0.947368;0.9;0.857143
AI;eva-7k;D05_V_indoor_move_0002.mp4;False;0.947368;0.9;0.857143
AI;eva-7k;D05_V_outdoor_move_0002.mp4;False;0.947368;0.9;0.857143
AI;eva-7k;D06_V_indoor_move_0002.mp4;False;0.947368;0.9;0.857143
AI;eva-7k;D06_V_outdoor_move_0002.mp4;False;0.947368;0.9;0.857143
AI;eva-7k;D07_V_indoor_move_0002.mp4;False;0.947368;0.9;0.857143
AI;eva-7k;D07_V_outdoor_move_0002.mp4;False;0.947368;0.9;0.857143
AI;eva-7k;D08_V_indoor_move_0002.mp4;False;0.947368;0.9;0.857143
AI;eva-7k;D08_V_outdoor_move_0002.mp4;False;0.947368;0.9;0.857143
AI;eva-7k;D09_V_indoor_move_0002.mp4;False;0.947368;0.9;0.857143
AI;eva-7k;D09_V_outdoor_move_0002.mp4;False;0.947368;0.9;0.857143
AI;eva-7k;D10_V_indoor_move_0002.mp4;False;0.947368;0.9;0.857143
AI;eva-7k;D11_V_indoor_move_0002.mp4;False;0.947368;0.9;0.857143
AI;eva-7k;D11_V_outdoor_move_0002.mp4;False;0.947368;0.9;0.857143
AI;eva-7k;D12_V_indoor_move_0002.mp4;False;0.947368;0.9;0.857143
AI;eva-7k;D12_V_outdoor_move_0002.mp4;False;0.947368;0.9;0.857143
AI;eva-7k;D13_V_indoor_move_0002.mp4;False;0.947368;0.9;0.857143
AI;eva-7k;D13_V_outdoor_move_0002.mp4;False;0.947368;0.9;0.857143
AI;eva-7k;D14_V_indoor_move_0002.mp4;False;0.947368;0.9;0.857143
AI;eva-7k;D14_V_outdoor_move_0002.mp4;False;0.947368;0.9;0.857143
AI;eva-7k;D15_V_indoor_move_0002.mp4;False;0.947368;0.9;0.857143
AI;eva-7k;D15_V_outdoor_move_0002.mp4;False;0.947368;0.9;0.857143
AI;eva-7k;D16_V_indoor_move_0002.mp4;False;0.947368;0.9;0.857143
AI;eva-7k;D16_V_outdoor_move_0002.mp4;False;0.947368;0.9;0.857143
AI;eva-7k;D17_V_indoor_move_0002.mp4;False;0.947368;0.9;0.857143
AI;eva-7k;D19_V_indoor_move_0002.mp4;False;0.947368;0.9;0.857143
AI;eva-7k;D19_V_outdoor_move_0002.mp4;False;0.947368;0.9;0.857143
AI;eva-7k;D20_V_indoor_move_0002.mp4;False;0.947368;0.9;0.857143
AI;eva-7k;D20_V_outdoor_move_0002.mp4;False;0.947368;0.9;0.857143
AI;eva-7k;D22_V_indoor_move_0002.mp4;False;0.947368;0.9;0.857143
AI;eva-7k;D22_V_outdoor_move_0002.mp4;False;0.947368;0.9;0.857143
AI;eva-7k;D23_V_indoor_move_0002.mp4;False;0.947368;0.9;0.857143
AI;eva-7k;D23_V_outdoor_move_0002.mp4;False;0.947368;0.9;0.857143
AI;eva-7k;D24_V_indoor_move_0002.mp4;False;0.947368;0.9;0.857143
AI;eva-7k;D24_V_outdoor_move_0002.mp4;False;0.947368;0.9;0.857143
AI;eva-7k;D25_V_indoor_move_0002.mp4;False;0.947368;0.9;0.857143
AI;eva-7k;D25_V_outdoor_move_0002.mp4;False;0.947368;0.9;0.857143
AI;eva-7k;D26_V_indoor_move_0002.mp4;False;0.947368;0.9;0.857143
AI;eva-7k;D26_V_outdoor_move_0002.mp4;False;0.947368;0.9;0.857143
AI;eva-7k;D27_V_indoor_move_0002.mp4;False;0.947368;0.9;0.857143
AI;eva-7k;D27_V_outdoor_move_0002.mp4;False;0.947368;0.9;0.857143
AI;eva-7k;D28_V_indoor_move_0002.mp4;False;0.947368;0.9;0.857143
AI;eva-7k;D28_V_outdoor_move_0002.mp4;False;0.947368;0.9;0.857143
AI;eva-7k;D29_V_indoor_move_0002.mp4;False;0.947368;0.9;0.857143
AI;eva-7k;D29_V_outdoor_move_0002.mp4;False;0.947368;0.9;0.857143
AI;eva-7k;D30_V_indoor_move_0002.mp4;False;0.947368;0.9;0.857143
AI;eva-7k;D30_V_outdoor_move_0002.mp4;False;0.947368;0.9;0.857143
AI;eva-7k;D31_V_indoor_move_0002.mp4;False;0.947368;0.9;0.857143
AI;eva-7k;D31_V_outdoor_move_0002.mp4;False;0.947368;0.9;0.857143
AI;eva-7k;D32_V_indoor_move_0002.mp4;False;0.947368;0.9;0.857143
AI;eva-7k;D32_V_outdoor_move_0002.mp4;False;0.947368;0.9;0.857143
AI;eva-7k;D33_V_indoor_move_0002.mp4;False;0.947368;0.9;0.857143
AI;eva-7k;D33_V_outdoor_move_0002.mp4;False;0.947368;0.9;0.857143
AI;eva-7k;D34_V_indoor_move_0002.mp4;False;0.947368;0.9;0.857143
AI;eva-7k;D34_V_outdoor_move_0002.mp4;False;0.947368;0.9;0.857143
AI;eva-7k;D35_V_outdoor_move_0002.mp4;False;0.947368;0.9;0.857143
AI;eva-7k;D35_V_outdoor_panrot_0002.mp4;False;0.947368;0.9;0.857143
AI;eva-7k;D01_V_indoor_move_0002.mp4;False;0.947368;0.9;0.857143
AI;eva-7k;D01_V_outdoor_move_0002.mp4;False;0.947368;0.9;0.857143
AI;eva-7k;D03_V_indoor_move_0002.mp4;False;0.947368;0.9;0.857143
AI;eva-7k;D03_V_outdoor_move_0002.mp4;False;0.947368;0.9;0.857143
AI;eva-7k;D04_V_indoor_move_0002.mp4;False;0.947368;0.9;0.857143
AI;eva-7k;D04_V_outdoor_move_0002.mp4;False;0.947368;0.9;0.857143
AI;eva-7k;D05_V_indoor_move_0002.mp4;False;0.947368;0.9;0.857143
AI;eva-7k;D05_V_outdoor_move_0002.mp4;False;0.947368;0.9;0.857143
AI;eva-7k;D06_V_indoor_move_0002.mp4;False;0.947368;0.9;0.857143
AI;eva-7k;D06_V_outdoor_move_0002.mp4;False;0.947368;0.9;0.857143
AI;eva-7k;D07_V_indoor_move_0002.mp4;False;0.947368;0.9;0.857143
AI;eva-7k;D07_V_outdoor_move_0002.mp4;False;0.947368;0.9;0.857143
AI;eva-7k;D08_V_indoor_move_0002.mp4;False;0.947368;0.9;0.857143
AI;eva-7k;D08_V_outdoor_move_0002.mp4;False;0.947368;0.9;0.857143
AI;eva-7k;D09_V_indoor_move_0002.mp4;False;0.947368;0.9;0.857143
AI;eva-7k;D09_V_outdoor_move_0002.mp4;False;0.947368;0.9;0.857143
AI;eva-7k;D10_V_indoor_move_0002.mp4;False;0.947368;0.9;0.857143
AI;eva-7k;D11_V_indoor_move_0002.mp4;False;0.947368;0.9;0.857143
AI;eva-7k;D11_V_outdoor_move_0002.mp4;False;0.947368;0.9;0.857143
AI;eva-7k;D12_V_indoor_move_0002.mp4;False;0.947368;0.9;0.857143
AI;eva-7k;D12_V_outdoor_move_0002.mp4;False;0.947368;0.9;0.857143
AI;eva-7k;D13_V_indoor_move_0002.mp4;False;0.947368;0.9;0.857143
AI;eva-7k;D13_V_outdoor_move_0002.mp4;False;0.947368;0.9;0.857143
AI;eva-7k;D14_V_indoor_move_0002.mp4;False;0.947368;0.9;0.857143
AI;eva-7k;D14_V_outdoor_move_0002.mp4;False;0.947368;0.9;0.857143
AI;eva-7k;D15_V_indoor_move_0002.mp4;False;0.947368;0.9;0.857143
AI;eva-7k;D15_V_outdoor_move_0002.mp4;False;0.947368;0.9;0.857143
AI;eva-7k;D16_V_indoor_move_0002.mp4;False;0.947368;0.9;0.857143
AI;eva-7k;D16_V_outdoor_move_0002.mp4;False;0.947368;0.9;0.857143
AI;eva-7k;D19_V_indoor_move_0002.mp4;False;0.947368;0.9;0.857143
AI;eva-7k;D19_V_outdoor_move_0002.mp4;False;0.947368;0.9;0.857143
AI;eva-7k;D20_V_indoor_move_0002.mp4;False;0.947368;0.9;0.857143
AI;eva-7k;D20_V_outdoor_move_0002.mp4;False;0.947368;0.9;0.857143
AI;eva-7k;D22_V_indoor_move_0002.mp4;False;0.947368;0.9;0.857143
AI;eva-7k;D22_V_outdoor_move_0002.mp4;False;0.947368;0.9;0.857143
AI;eva-7k;D23_V_indoor_move_0002.mp4;False;0.947368;0.9;0.857143
AI;eva-7k;D23_V_outdoor_move_0002.mp4;False;0.947368;0.9;0.857143
AI;eva-7k;D24_V_indoor_move_0002.mp4;False;0.947368;0.9;0.857143
AI;eva-7k;D24_V_outdoor_move_0002.mp4;False;0.947368;0.9;0.857143
AI;eva-7k;D25_V_indoor_move_0002.mp4;False;0.947368;0.9;0.857143
AI;eva-7k;D25_V_outdoor_move_0002.mp4;False;0.947368;0.9;0.857143
AI;eva-7k;D26_V_indoor_move_0002.mp4;False;0.947368;0.9;0.857143
AI;eva-7k;D26_V_outdoor_move_0002.mp4;False;0.947368;0.9;0.857143
AI;eva-7k;D27_V_indoor_move_0002.mp4;False;0.947368;0.9;0.857143
AI;eva-7k;D27_V_outdoor_move_0002.mp4;False;0.947368;0.9;0.857143
AI;eva-7k;D28_V_indoor_move_0002.mp4;False;0.947368;0.9;0.857143
AI;eva-7k;D28_V_outdoor_move_0002.mp4;False;0.947368;0.9;0.857143
AI;eva-7k;D29_V_indoor_move_0002.mp4;False;0.947368;0.9;0.857143
AI;eva-7k;D29_V_outdoor_move_0002.mp4;False;0.947368;0.9;0.857143
AI;eva-7k;D30_V_indoor_move_0002.mp4;False;0.947368;0.9;0.857143
AI;eva-7k;D30_V_outdoor_move_0002.mp4;False;0.947368;0.9;0.857143
AI;eva-7k;D31_V_indoor_move_0002.mp4;False;0.947368;0.9;0.857143
AI;eva-7k;D31_V_outdoor_move_0002.mp4;False;0.947368;0.9;0.857143
AI;eva-7k;D32_V_indoor_move_0002.mp4;False;0.947368;0.9;0.857143
AI;eva-7k;D32_V_outdoor_move_0002.mp4;False;0.947368;0.9;0.857143
AI;eva-7k;D33_V_indoor_move_0002.mp4;False;0.947368;0.9;0.857143
AI;eva-7k;D33_V_outdoor_move_0002.mp4;False;0.947368;0.9;0.857143
AI;eva-7k;D34_V_indoor_move_0002.mp4;False;0.947368;0.9;0.857143
AI;eva-7k;D34_V_outdoor_move_0002.mp4;False;0.947368;0.9;0.857143
AI;eva-7k;D35_V_outdoor_move_0002.mp4;False;0.947368;0.9;0.857143
AI;eva-7k;D35_V_outdoor_panrot_0002.mp4;False;0.947368;0.9;0.857143
AI;eva-7k;D01_V_indoor_move_0002.mp4;False;0.947368;0.9;0.857143
AI;eva-7k;D01_V_outdoor_move_0002.mp4;False;0.947368;0.9;0.857143
AI;eva-7k;D03_V_indoor_move_0002.mp4;False;0.947368;0.9;0.857143
AI;eva-7k;D03_V_outdoor_move_0002.mp4;False;0.947368;0.9;0.857143
AI;eva-7k;D04_V_indoor_move_0002.mp4;False;0.947368;0.9;0.857143
AI;eva-7k;D04_V_outdoor_move_0002.mp4;False;0.947368;0.9;0.857143
AI;eva-7k;D05_V_indoor_move_0002.mp4;False;0.947368;0.9;0.857143
AI;eva-7k;D05_V_outdoor_move_0002.mp4;False;0.947368;0.9;0.857143
AI;eva-7k;D06_V_indoor_move_0002.mp4;False;0.947368;0.9;0.857143
AI;eva-7k;D06_V_outdoor_move_0002.mp4;False;0.947368;0.9;0.857143
AI;eva-7k;D07_V_indoor_move_0002.mp4;False;0.947368;0.9;0.857143
AI;eva-7k;D07_V_outdoor_move_0002.mp4;False;0.947368;0.9;0.857143
AI;eva-7k;D08_V_indoor_move_0002.mp4;False;0.947368;0.9;0.857143
AI;eva-7k;D08_V_outdoor_move_0002.mp4;False;0.947368;0.9;0.857143
AI;eva-7k;D09_V_indoor_move_0002.mp4;False;0.947368;0.9;0.857143
AI;eva-7k;D09_V_outdoor_move_0002.mp4;False;0.947368;0.9;0.857143
AI;eva-7k;D10_V_indoor_move_0002.mp4;False;0.947368;0.9;0.857143
AI;eva-7k;D11_V_indoor_move_0002.mp4;False;0.947368;0.9;0.857143
AI;eva-7k;D11_V_outdoor_move_0002.mp4;False;0.947368;0.9;0.857143
AI;eva-7k;D12_V_indoor_move_0002.mp4;False;0.947368;0.9;0.857143
AI;eva-7k;D12_V_outdoor_move_0002.mp4;False;0.947368;0.9;0.857143
AI;eva-7k;D13_V_indoor_move_0002.mp4;False;0.947368;0.9;0.857143
AI;eva-7k;D13_V_outdoor_move_0002.mp4;False;0.947368;0.9;0.857143
AI;eva-7k;D14_V_indoor_move_0002.mp4;False;0.947368;0.9;0.857143
AI;eva-7k;D14_V_outdoor_move_0002.mp4;False;0.923077;0.878049;0.837209
AI;eva-7k;D15_V_indoor_move_0002.mp4;False;0.923077;0.878049;0.837209
AI;eva-7k;D15_V_outdoor_move_0002.mp4;False;0.947368;0.9;0.857143
AI;eva-7k;D16_V_indoor_move_0002.mp4;False;0.947368;0.9;0.857143
AI;eva-7k;D16_V_outdoor_move_0002.mp4;False;0.947368;0.9;0.857143
AI;eva-7k;D19_V_indoor_move_0002.mp4;False;0.947368;0.9;0.857143
AI;eva-7k;D19_V_outdoor_move_0002.mp4;False;0.947368;0.9;0.857143
AI;eva-7k;D20_V_indoor_move_0002.mp4;False;0.947368;0.9;0.857143
AI;eva-7k;D20_V_outdoor_move_0002.mp4;False;0.947368;0.9;0.857143
AI;eva-7k;D22_V_indoor_move_0002.mp4;False;0.947368;0.9;0.857143
AI;eva-7k;D22_V_outdoor_move_0002.mp4;False;0.947368;0.9;0.857143
AI;eva-7k;D23_V_indoor_move_0002.mp4;False;0.947368;0.9;0.857143
AI;eva-7k;D23_V_outdoor_move_0002.mp4;False;0.947368;0.9;0.857143
AI;eva-7k;D24_V_indoor_move_0002.mp4;False;0.947368;0.9;0.857143
AI;eva-7k;D24_V_outdoor_move_0002.mp4;False;0.947368;0.9;0.857143
AI;eva-7k;D25_V_indoor_move_0002.mp4;False;0.947368;0.9;0.857143
AI;eva-7k;D25_V_outdoor_move_0002.mp4;False;0.947368;0.9;0.857143
AI;eva-7k;D26_V_indoor_move_0002.mp4;False;0.947368;0.9;0.857143
AI;eva-7k;D26_V_outdoor_move_0002.mp4;False;0.947368;0.9;0.857143
AI;eva-7k;D27_V_indoor_move_0002.mp4;False;0.947368;0.9;0.857143
AI;eva-7k;D27_V_outdoor_move_0002.mp4;False;0.947368;0.9;0.857143
AI;eva-7k;D28_V_indoor_move_0002.mp4;False;0.947368;0.9;0.857143
AI;eva-7k;D28_V_outdoor_move_0002.mp4;False;0.947368;0.9;0.857143
AI;eva-7k;D29_V_indoor_move_0002.mp4;False;0.947368;0.9;0.857143
AI;eva-7k;D29_V_outdoor_move_0002.mp4;False;0.947368;0.9;0.857143
AI;eva-7k;D30_V_indoor_move_0002.mp4;False;0.947368;0.9;0.857143
AI;eva-7k;D30_V_outdoor_move_0002.mp4;False;0.947368;0.9;0.857143
AI;eva-7k;D31_V_indoor_move_0002.mp4;False;0.947368;0.9;0.857143
AI;eva-7k;D31_V_outdoor_move_0002.mp4;False;0.947368;0.9;0.857143
AI;eva-7k;D32_V_indoor_move_0002.mp4;False;0.947368;0.9;0.857143
AI;eva-7k;D32_V_outdoor_move_0002.mp4;False;0.947368;0.9;0.857143
AI;eva-7k;D33_V_indoor_move_0002.mp4;False;0.947368;0.9;0.857143
AI;eva-7k;D33_V_outdoor_move_0002.mp4;False;0.947368;0.9;0.857143
AI;eva-7k;D34_V_indoor_move_0002.mp4;False;0.947368;0.9;0.857143
AI;eva-7k;D34_V_outdoor_move_0002.mp4;False;0.947368;0.9;0.857143
AI;eva-7k;D35_V_outdoor_move_0002.mp4;False;0.947368;0.9;0.857143
AI;eva-7k;D35_V_outdoor_panrot_0002.mp4;False;0.947368;0.9;0.857143
AI;eva-7k;D01_V_indoor_move_0002.mp4;False;0.923077;0.878049;0.837209
AI;eva-7k;D01_V_outdoor_move_0002.mp4;False;0.923077;0.878049;0.837209
AI;eva-7k;D03_V_indoor_move_0002.mp4;False;0.923077;0.878049;0.837209
AI;eva-7k;D03_V_outdoor_move_0002.mp4;False;0.923077;0.878049;0.837209
AI;eva-7k;D04_V_indoor_move_0002.mp4;False;0.923077;0.878049;0.837209
AI;eva-7k;D04_V_outdoor_move_0002.mp4;False;0.923077;0.878049;0.837209
AI;eva-7k;D05_V_indoor_move_0002.mp4;False;0.923077;0.878049;0.837209
AI;eva-7k;D05_V_outdoor_move_0002.mp4;False;0.923077;0.878049;0.837209
AI;eva-7k;D06_V_indoor_move_0002.mp4;False;0.923077;0.878049;0.837209
AI;eva-7k;D06_V_outdoor_move_0002.mp4;False;0.923077;0.878049;0.837209
AI;eva-7k;D07_V_indoor_move_0002.mp4;False;0.923077;0.878049;0.837209
AI;eva-7k;D07_V_outdoor_move_0002.mp4;False;0.923077;0.878049;0.837209
AI;eva-7k;D08_V_indoor_move_0002.mp4;False;0.923077;0.878049;0.837209
AI;eva-7k;D08_V_outdoor_move_0002.mp4;False;0.923077;0.878049;0.837209
AI;eva-7k;D09_V_indoor_move_0002.mp4;False;0.923077;0.878049;0.837209
AI;eva-7k;D09_V_outdoor_move_0002.mp4;False;0.923077;0.878049;0.837209
AI;eva-7k;D10_V_indoor_move_0002.mp4;False;0.923077;0.878049;0.837209
AI;eva-7k;D11_V_indoor_move_0002.mp4;False;0.923077;0.878049;0.837209
AI;eva-7k;D11_V_outdoor_move_0002.mp4;False;0.923077;0.878049;0.837209
AI;eva-7k;D12_V_indoor_move_0002.mp4;False;0.933333;0.896552;0.857143
AI;eva-7k;D12_V_outdoor_move_0002.mp4;False;0.933333;0.896552;0.857143
AI;eva-7k;D13_V_indoor_move_0002.mp4;False;0.923077;0.878049;0.837209
AI;eva-7k;D13_V_outdoor_move_0002.mp4;False;0.923077;0.878049;0.837209
AI;eva-7k;D14_V_indoor_move_0002.mp4;False;0.923077;0.878049;0.837209
AI;eva-7k;D14_V_outdoor_move_0002.mp4;False;0.923077;0.878049;0.837209
AI;eva-7k;D15_V_indoor_move_0002.mp4;False;0.923077;0.878049;0.837209
AI;eva-7k;D15_V_outdoor_move_0002.mp4;False;0.923077;0.878049;0.837209
AI;eva-7k;D16_V_indoor_move_0002.mp4;False;0.923077;0.878049;0.837209
AI;eva-7k;D16_V_outdoor_move_0002.mp4;False;0.923077;0.878049;0.837209
AI;eva-7k;D19_V_indoor_move_0002.mp4;False;0.923077;0.878049;0.837209
AI;eva-7k;D19_V_outdoor_move_0002.mp4;False;0.923077;0.878049;0.837209
AI;eva-7k;D20_V_indoor_move_0002.mp4;False;0.923077;0.878049;0.837209
AI;eva-7k;D20_V_outdoor_move_0002.mp4;False;0.923077;0.878049;0.837209
AI;eva-7k;D22_V_indoor_move_0002.mp4;False;0.923077;0.878049;0.837209
AI;eva-7k;D22_V_outdoor_move_0002.mp4;False;0.923077;0.878049;0.837209
AI;eva-7k;D23_V_indoor_move_0002.mp4;False;0.923077;0.878049;0.837209
AI;eva-7k;D23_V_outdoor_move_0002.mp4;False;0.923077;0.878049;0.837209
AI;eva-7k;D24_V_indoor_move_0002.mp4;False;0.923077;0.878049;0.837209
AI;eva-7k;D24_V_outdoor_move_0002.mp4;False;0.923077;0.878049;0.837209
AI;eva-7k;D25_V_indoor_move_0002.mp4;False;0.923077;0.878049;0.837209
AI;eva-7k;D25_V_outdoor_move_0002.mp4;False;0.923077;0.878049;0.837209
AI;eva-7k;D26_V_indoor_move_0002.mp4;False;0.923077;0.878049;0.837209
AI;eva-7k;D26_V_outdoor_move_0002.mp4;False;0.923077;0.878049;0.837209
AI;eva-7k;D27_V_indoor_move_0002.mp4;False;0.923077;0.878049;0.837209
AI;eva-7k;D27_V_outdoor_move_0002.mp4;False;0.923077;0.878049;0.837209
AI;eva-7k;D28_V_indoor_move_0002.mp4;False;0.923077;0.878049;0.837209
AI;eva-7k;D28_V_outdoor_move_0002.mp4;False;0.923077;0.878049;0.837209
AI;eva-7k;D29_V_indoor_move_0002.mp4;False;0.923077;0.878049;0.837209
AI;eva-7k;D29_V_outdoor_move_0002.mp4;False;0.923077;0.878049;0.837209
AI;eva-7k;D30_V_indoor_move_0002.mp4;False;0.923077;0.878049;0.837209
AI;eva-7k;D30_V_outdoor_move_0002.mp4;False;0.923077;0.878049;0.837209
AI;eva-7k;D31_V_indoor_move_0002.mp4;False;0.923077;0.878049;0.837209
AI;eva-7k;D31_V_outdoor_move_0002.mp4;False;0.923077;0.878049;0.837209
AI;eva-7k;D32_V_indoor_move_0002.mp4;False;0.923077;0.878049;0.837209
AI;eva-7k;D32_V_outdoor_move_0002.mp4;False;0.923077;0.878049;0.837209
AI;eva-7k;D33_V_indoor_move_0002.mp4;False;0.923077;0.878049;0.837209
AI;eva-7k;D33_V_outdoor_move_0002.mp4;False;0.923077;0.878049;0.837209
AI;eva-7k;D34_V_indoor_move_0002.mp4;False;0.923077;0.878049;0.837209
AI;eva-7k;D34_V_outdoor_move_0002.mp4;False;0.923077;0.878049;0.837209
AI;eva-7k;D35_V_outdoor_move_0002.mp4;False;0.923077;0.878049;0.837209
AI;eva-7k;D35_V_outdoor_panrot_0002.mp4;False;0.923077;0.878049;0.837209
AI;eva-7k;D01_V_indoor_move_0002.mp4;False;0.923077;0.878049;0.837209
AI;eva-7k;D01_V_outdoor_move_0002.mp4;False;0.923077;0.878049;0.837209
AI;eva-7k;D03_V_indoor_move_0002.mp4;False;0.923077;0.878049;0.837209
AI;eva-7k;D03_V_outdoor_move_0002.mp4;False;0.923077;0.878049;0.837209
AI;eva-7k;D04_V_indoor_move_0002.mp4;False;0.923077;0.878049;0.837209
AI;eva-7k;D04_V_outdoor_move_0002.mp4;False;0.923077;0.878049;0.837209
AI;eva-7k;D05_V_indoor_move_0002.mp4;False;0.973684;0.95;0.928571
AI;eva-7k;D05_V_outdoor_move_0002.mp4;False;0.973684;0.95;0.928571
AI;eva-7k;D06_V_indoor_move_0002.mp4;False;0.973684;0.95;0.928571
AI;eva-7k;D06_V_outdoor_move_0002.mp4;False;0.973684;0.95;0.928571
AI;eva-7k;D07_V_indoor_move_0002.mp4;False;0.923077;0.878049;0.837209
AI;eva-7k;D07_V_outdoor_move_0002.mp4;False;0.923077;0.878049;0.837209
AI;eva-7k;D08_V_indoor_move_0002.mp4;False;0.973684;0.95;0.928571
AI;eva-7k;D08_V_outdoor_move_0002.mp4;False;0.973684;0.95;0.928571
AI;eva-7k;D09_V_indoor_move_0002.mp4;False;0.973684;0.95;0.928571
AI;eva-7k;D09_V_outdoor_move_0002.mp4;False;0.973684;0.95;0.928571
AI;eva-7k;D10_V_indoor_move_0002.mp4;False;0.973684;0.95;0.928571
AI;eva-7k;D11_V_indoor_move_0002.mp4;False;0.923077;0.878049;0.837209
AI;eva-7k;D11_V_outdoor_move_0002.mp4;False;0.923077;0.878049;0.837209
AI;eva-7k;D12_V_indoor_move_0002.mp4;False;0.933333;0.896552;0.857143
AI;eva-7k;D12_V_outdoor_move_0002.mp4;False;0.933333;0.896552;0.857143
AI;eva-7k;D13_V_indoor_move_0002.mp4;False;0.973684;0.95;0.928571
AI;eva-7k;D13_V_outdoor_move_0002.mp4;False;0.973684;0.95;0.928571
AI;eva-7k;D14_V_indoor_move_0002.mp4;False;0.973684;0.95;0.928571
AI;eva-7k;D14_V_outdoor_move_0002.mp4;False;0.973684;0.95;0.928571
AI;eva-7k;D15_V_indoor_move_0002.mp4;False;0.973684;0.95;0.928571
AI;eva-7k;D15_V_outdoor_move_0002.mp4;False;0.973684;0.95;0.928571
AI;eva-7k;D16_V_indoor_move_0002.mp4;False;0.923077;0.878049;0.837209
AI;eva-7k;D16_V_outdoor_move_0002.mp4;False;0.923077;0.878049;0.837209
AI;eva-7k;D19_V_indoor_move_0002.mp4;False;0.973684;0.95;0.928571
AI;eva-7k;D19_V_outdoor_move_0002.mp4;False;0.973684;0.95;0.928571
AI;eva-7k;D20_V_indoor_move_0002.mp4;False;0.973684;0.95;0.928571
AI;eva-7k;D20_V_outdoor_move_0002.mp4;False;0.973684;0.95;0.928571
AI;eva-7k;D22_V_indoor_move_0002.mp4;False;0.973684;0.95;0.928571
AI;eva-7k;D22_V_outdoor_move_0002.mp4;False;0.973684;0.95;0.928571
AI;eva-7k;D23_V_indoor_move_0002.mp4;False;0.923077;0.878049;0.837209
AI;eva-7k;D23_V_outdoor_move_0002.mp4;False;0.923077;0.878049;0.837209
AI;eva-7k;D24_V_indoor_move_0002.mp4;False;0.923077;0.878049;0.837209
AI;eva-7k;D24_V_outdoor_move_0002.mp4;False;0.923077;0.878049;0.837209
AI;eva-7k;D25_V_indoor_move_0002.mp4;False;0.923077;0.878049;0.837209
AI;eva-7k;D25_V_outdoor_move_0002.mp4;False;0.923077;0.878049;0.837209
AI;eva-7k;D26_V_indoor_move_0002.mp4;False;0.923077;0.878049;0.837209
AI;eva-7k;D26_V_outdoor_move_0002.mp4;False;0.923077;0.878049;0.837209
AI;eva-7k;D27_V_indoor_move_0002.mp4;False;0.973684;0.95;0.928571
AI;eva-7k;D27_V_outdoor_move_0002.mp4;False;0.973684;0.95;0.928571
AI;eva-7k;D28_V_indoor_move_0002.mp4;False;0.923077;0.878049;0.837209
AI;eva-7k;D28_V_outdoor_move_0002.mp4;False;0.923077;0.878049;0.837209
AI;eva-7k;D29_V_indoor_move_0002.mp4;False;0.973684;0.95;0.928571
AI;eva-7k;D29_V_outdoor_move_0002.mp4;False;0.973684;0.95;0.928571
AI;eva-7k;D30_V_indoor_move_0002.mp4;False;0.923077;0.878049;0.837209
AI;eva-7k;D30_V_outdoor_move_0002.mp4;False;0.923077;0.878049;0.837209
AI;eva-7k;D31_V_indoor_move_0002.mp4;False;0.973684;0.95;0.928571
AI;eva-7k;D31_V_outdoor_move_0002.mp4;False;0.973684;0.95;0.928571
AI;eva-7k;D32_V_indoor_move_0002.mp4;False;0.923077;0.878049;0.837209
AI;eva-7k;D32_V_outdoor_move_0002.mp4;False;0.923077;0.878049;0.837209
AI;eva-7k;D33_V_indoor_move_0002.mp4;False;0.923077;0.878049;0.837209
AI;eva-7k;D33_V_outdoor_move_0002.mp4;False;0.923077;0.878049;0.837209
AI;eva-7k;D34_V_indoor_move_0002.mp4;False;0.973684;0.95;0.928571
AI;eva-7k;D34_V_outdoor_move_0002.mp4;False;0.973684;0.95;0.928571
AI;eva-7k;D35_V_outdoor_move_0002.mp4;False;0.973684;0.95;0.928571
AI;eva-7k;D35_V_outdoor_panrot_0002.mp4;False;0.973684;0.95;0.928571
AI;eva-7k;D01_V_indoor_move_0002.mp4;False;0.923077;0.878049;0.837209
AI;eva-7k;D01_V_outdoor_move_0002.mp4;False;0.923077;0.878049;0.837209
AI;eva-7k;D03_V_indoor_move_0002.mp4;False;0.923077;0.878049;0.837209
AI;eva-7k;D03_V_outdoor_move_0002.mp4;False;0.923077;0.878049;0.837209
AI;eva-7k;D04_V_indoor_move_0002.mp4;False;0.923077;0.878049;0.837209
AI;eva-7k;D04_V_outdoor_move_0002.mp4;False;0.923077;0.878049;0.837209
AI;eva-7k;D05_V_indoor_move_0002.mp4;False;0.973684;0.95;0.928571
AI;eva-7k;D05_V_outdoor_move_0002.mp4;False;0.973684;0.95;0.928571
AI;eva-7k;D06_V_indoor_move_0002.mp4;False;0.973684;0.95;0.928571
AI;eva-7k;D06_V_outdoor_move_0002.mp4;False;0.973684;0.95;0.928571
AI;eva-7k;D07_V_indoor_move_0002.mp4;False;0.923077;0.878049;0.837209
AI;eva-7k;D07_V_outdoor_move_0002.mp4;False;0.923077;0.878049;0.837209
AI;eva-7k;D08_V_indoor_move_0002.mp4;False;0.973684;0.95;0.928571
AI;eva-7k;D08_V_outdoor_move_0002.mp4;False;0.973684;0.95;0.928571
AI;eva-7k;D09_V_indoor_move_0002.mp4;False;0.973684;0.95;0.928571
AI;eva-7k;D09_V_outdoor_move_0002.mp4;False;0.973684;0.95;0.928571
AI;eva-7k;D10_V_indoor_move_0002.mp4;False;0.973684;0.95;0.928571
AI;eva-7k;D11_V_indoor_move_0002.mp4;False;0.923077;0.878049;0.837209
AI;eva-7k;D11_V_outdoor_move_0002.mp4;False;0.923077;0.878049;0.837209
AI;eva-7k;D12_V_indoor_move_0002.mp4;False;0.933333;0.896552;0.857143
AI;eva-7k;D12_V_outdoor_move_0002.mp4;False;0.933333;0.896552;0.857143
AI;eva-7k;D13_V_indoor_move_0002.mp4;False;0.973684;0.95;0.928571
AI;eva-7k;D13_V_outdoor_move_0002.mp4;False;0.973684;0.95;0.928571
AI;eva-7k;D14_V_indoor_move_0002.mp4;False;0.973684;0.95;0.928571
AI;eva-7k;D14_V_outdoor_move_0002.mp4;False;0.973684;0.95;0.928571
AI;eva-7k;D15_V_indoor_move_0002.mp4;False;0.973684;0.95;0.928571
AI;eva-7k;D15_V_outdoor_move_0002.mp4;False;0.973684;0.95;0.928571
AI;eva-7k;D16_V_indoor_move_0002.mp4;False;0.923077;0.878049;0.837209
AI;eva-7k;D16_V_outdoor_move_0002.mp4;False;0.923077;0.878049;0.837209
AI;eva-7k;D19_V_indoor_move_0002.mp4;False;0.973684;0.95;0.928571
AI;eva-7k;D19_V_outdoor_move_0002.mp4;False;0.973684;0.95;0.928571
AI;eva-7k;D20_V_indoor_move_0002.mp4;False;0.973684;0.95;0.928571
AI;eva-7k;D20_V_outdoor_move_0002.mp4;False;0.973684;0.95;0.928571
AI;eva-7k;D22_V_indoor_move_0002.mp4;False;0.973684;0.95;0.928571
AI;eva-7k;D22_V_outdoor_move_0002.mp4;False;0.973684;0.95;0.928571
AI;eva-7k;D23_V_indoor_move_0002.mp4;False;0.923077;0.878049;0.837209
AI;eva-7k;D23_V_outdoor_move_0002.mp4;False;0.923077;0.878049;0.837209
AI;eva-7k;D24_V_indoor_move_0002.mp4;False;0.923077;0.878049;0.837209
AI;eva-7k;D24_V_outdoor_move_0002.mp4;False;0.923077;0.878049;0.837209
AI;eva-7k;D25_V_indoor_move_0002.mp4;False;0.923077;0.878049;0.837209
AI;eva-7k;D25_V_outdoor_move_0002.mp4;False;0.923077;0.878049;0.837209
AI;eva-7k;D26_V_indoor_move_0002.mp4;False;0.923077;0.878049;0.837209
AI;eva-7k;D26_V_outdoor_move_0002.mp4;False;0.923077;0.878049;0.837209
AI;eva-7k;D27_V_indoor_move_0002.mp4;False;0.973684;0.95;0.928571
AI;eva-7k;D27_V_outdoor_move_0002.mp4;False;0.973684;0.95;0.928571
AI;eva-7k;D28_V_indoor_move_0002.mp4;False;0.923077;0.878049;0.837209
AI;eva-7k;D28_V_outdoor_move_0002.mp4;False;0.923077;0.878049;0.837209
AI;eva-7k;D29_V_indoor_move_0002.mp4;False;0.973684;0.95;0.928571
AI;eva-7k;D29_V_outdoor_move_0002.mp4;False;0.973684;0.95;0.928571
AI;eva-7k;D30_V_indoor_move_0002.mp4;False;0.923077;0.878049;0.837209
AI;eva-7k;D30_V_outdoor_move_0002.mp4;False;0.923077;0.878049;0.837209
AI;eva-7k;D31_V_indoor_move_0002.mp4;False;0.973684;0.95;0.928571
AI;eva-7k;D31_V_outdoor_move_0002.mp4;False;0.973684;0.95;0.928571
AI;eva-7k;D32_V_indoor_move_0002.mp4;False;0.923077;0.878049;0.837209
AI;eva-7k;D32_V_outdoor_move_0002.mp4;False;0.923077;0.878049;0.837209
AI;eva-7k;D33_V_indoor_move_0002.mp4;False;0.923077;0.878049;0.837209
AI;eva-7k;D33_V_outdoor_move_0002.mp4;False;0.923077;0.878049;0.837209
AI;eva-7k;D34_V_indoor_move_0002.mp4;False;0.973684;0.95;0.928571
AI;eva-7k;D34_V_outdoor_move_0002.mp4;False;0.973684;0.95;0.928571
AI;eva-7k;D35_V_outdoor_move_0002.mp4;False;0.973684;0.95;0.928571
AI;eva-7k;D35_V_outdoor_panrot_0002.mp4;False;0.973684;0.95;0.928571
AI;eva-7k;D01_V_indoor_move_0002.mp4;False;0.923077;0.878049;0.837209
AI;eva-7k;D01_V_outdoor_move_0002.mp4;False;0.923077;0.878049;0.837209
AI;eva-7k;D03_V_indoor_move_0002.mp4;False;0.923077;0.878049;0.837209
AI;eva-7k;D03_V_outdoor_move_0002.mp4;False;0.923077;0.878049;0.837209
AI;eva-7k;D04_V_indoor_move_0002.mp4;False;0.923077;0.878049;0.837209
AI;eva-7k;D04_V_outdoor_move_0002.mp4;False;0.923077;0.878049;0.837209
AI;eva-7k;D05_V_indoor_move_0002.mp4;False;0.973684;0.95;0.928571
AI;eva-7k;D05_V_outdoor_move_0002.mp4;False;0.973684;0.95;0.928571
AI;eva-7k;D06_V_indoor_move_0002.mp4;False;0.973684;0.95;0.928571
AI;eva-7k;D06_V_outdoor_move_0002.mp4;False;0.973684;0.95;0.928571
AI;eva-7k;D07_V_indoor_move_0002.mp4;False;0.923077;0.878049;0.837209
AI;eva-7k;D07_V_outdoor_move_0002.mp4;False;0.923077;0.878049;0.837209
AI;eva-7k;D08_V_indoor_move_0002.mp4;False;0.973684;0.95;0.928571
AI;eva-7k;D08_V_outdoor_move_0002.mp4;False;0.973684;0.95;0.928571
AI;eva-7k;D09_V_indoor_move_0002.mp4;False;0.973684;0.95;0.928571
AI;eva-7k;D09_V_outdoor_move_0002.mp4;False;0.973684;0.95;0.928571
AI;eva-7k;D10_V_indoor_move_0002.mp4;False;0.973684;0.95;0.928571
AI;eva-7k;D11_V_indoor_move_0002.mp4;False;0.923077;0.878049;0.837209
AI;eva-7k;D11_V_outdoor_move_0002.mp4;False;0.923077;0.878049;0.837209
AI;eva-7k;D12_V_indoor_move_0002.mp4;False;0.933333;0.896552;0.857143
AI;eva-7k;D12_V_outdoor_move_0002.mp4;False;0.933333;0.896552;0.857143
AI;eva-7k;D13_V_indoor_move_0002.mp4;False;0.973684;0.95;0.928571
AI;eva-7k;D13_V_outdoor_move_0002.mp4;False;0.973684;0.95;0.928571
AI;eva-7k;D14_V_indoor_move_0002.mp4;False;0.973684;0.95;0.928571
AI;eva-7k;D14_V_outdoor_move_0002.mp4;False;0.973684;0.95;0.928571
AI;eva-7k;D15_V_indoor_move_0002.mp4;False;0.973684;0.95;0.928571
AI;eva-7k;D15_V_outdoor_move_0002.mp4;False;0.973684;0.95;0.928571
AI;eva-7k;D16_V_indoor_move_0002.mp4;False;0.923077;0.878049;0.837209
AI;eva-7k;D16_V_outdoor_move_0002.mp4;False;0.923077;0.878049;0.837209
AI;eva-7k;D19_V_indoor_move_0002.mp4;False;0.973684;0.95;0.928571
AI;eva-7k;D19_V_outdoor_move_0002.mp4;False;0.973684;0.95;0.928571
AI;eva-7k;D20_V_indoor_move_0002.mp4;False;0.973684;0.95;0.928571
AI;eva-7k;D20_V_outdoor_move_0002.mp4;False;0.973684;0.95;0.928571
AI;eva-7k;D22_V_indoor_move_0002.mp4;False;0.973684;0.95;0.928571
AI;eva-7k;D22_V_outdoor_move_0002.mp4;False;0.973684;0.95;0.928571
AI;eva-7k;D23_V_indoor_move_0002.mp4;False;0.923077;0.878049;0.837209
AI;eva-7k;D23_V_outdoor_move_0002.mp4;False;0.923077;0.878049;0.837209
AI;eva-7k;D24_V_indoor_move_0002.mp4;False;0.923077;0.878049;0.837209
AI;eva-7k;D24_V_outdoor_move_0002.mp4;False;0.923077;0.878049;0.837209
AI;eva-7k;D25_V_indoor_move_0002.mp4;False;0.923077;0.878049;0.837209
AI;eva-7k;D25_V_outdoor_move_0002.mp4;False;0.923077;0.878049;0.837209
AI;eva-7k;D26_V_indoor_move_0002.mp4;False;0.923077;0.878049;0.837209
AI;eva-7k;D26_V_outdoor_move_0002.mp4;False;0.923077;0.878049;0.837209
AI;eva-7k;D27_V_indoor_move_0002.mp4;False;0.973684;0.95;0.928571
AI;eva-7k;D27_V_outdoor_move_0002.mp4;False;0.973684;0.95;0.928571
AI;eva-7k;D28_V_indoor_move_0002.mp4;False;0.923077;0.878049;0.837209
AI;eva-7k;D28_V_outdoor_move_0002.mp4;False;0.923077;0.878049;0.837209
AI;eva-7k;D29_V_indoor_move_0002.mp4;False;0.973684;0.95;0.928571
AI;eva-7k;D29_V_outdoor_move_0002.mp4;False;0.973684;0.95;0.928571
AI;eva-7k;D30_V_indoor_move_0002.mp4;False;0.923077;0.878049;0.837209
AI;eva-7k;D30_V_outdoor_move_0002.mp4;False;0.923077;0.878049;0.837209
AI;eva-7k;D31_V_indoor_move_0002.mp4;False;0.973684;0.95;0.928571
AI;eva-7k;D31_V_outdoor_move_0002.mp4;False;0.973684;0.95;0.928571
AI;eva-7k;D32_V_indoor_move_0002.mp4;False;0.923077;0.878049;0.837209
AI;eva-7k;D32_V_outdoor_move_0002.mp4;False;0.923077;0.878049;0.837209
AI;eva-7k;D33_V_indoor_move_0002.mp4;False;0.923077;0.878049;0.837209
AI;eva-7k;D33_V_outdoor_move_0002.mp4;False;0.923077;0.878049;0.837209
AI;eva-7k;D34_V_indoor_move_0002.mp4;False;0.973684;0.95;0.928571
AI;eva-7k;D34_V_outdoor_move_0002.mp4;False;0.973684;0.95;0.928571
AI;eva-7k;D35_V_outdoor_move_0002.mp4;False;0.973684;0.95;0.928571
AI;eva-7k;D35_V_outdoor_panrot_0002.mp4;False;0.973684;0.95;0.928571
AI;eva-7k;D01_V_indoor_move_0002.mp4;False;0.923077;0.878049;0.837209
AI;eva-7k;D01_V_outdoor_move_0002.mp4;False;0.923077;0.878049;0.837209
AI;eva-7k;D03_V_indoor_move_0002.mp4;False;0.923077;0.878049;0.837209
AI;eva-7k;D03_V_outdoor_move_0002.mp4;False;0.923077;0.878049;0.837209
AI;eva-7k;D04_V_indoor_move_0002.mp4;False;0.923077;0.878049;0.837209
AI;eva-7k;D04_V_outdoor_move_0002.mp4;False;0.923077;0.878049;0.837209
AI;eva-7k;D05_V_indoor_move_0002.mp4;False;0.973684;0.95;0.928571
AI;eva-7k;D05_V_outdoor_move_0002.mp4;False;0.923077;0.878049;0.837209
AI;eva-7k;D06_V_indoor_move_0002.mp4;False;0.973684;0.95;0.928571
AI;eva-7k;D06_V_outdoor_move_0002.mp4;False;0.973684;0.95;0.928571
AI;eva-7k;D07_V_indoor_move_0002.mp4;False;0.923077;0.878049;0.837209
AI;eva-7k;D07_V_outdoor_move_0002.mp4;False;0.923077;0.878049;0.837209
AI;eva-7k;D08_V_indoor_move_0002.mp4;False;0.973684;0.95;0.928571
AI;eva-7k;D08_V_outdoor_move_0002.mp4;False;0.973684;0.95;0.928571
AI;eva-7k;D09_V_indoor_move_0002.mp4;False;0.973684;0.95;0.928571
AI;eva-7k;D09_V_outdoor_move_0002.mp4;False;0.973684;0.95;0.928571
AI;eva-7k;D10_V_indoor_move_0002.mp4;False;0.973684;0.95;0.928571
AI;eva-7k;D11_V_indoor_move_0002.mp4;False;0.923077;0.878049;0.837209
AI;eva-7k;D11_V_outdoor_move_0002.mp4;False;0.923077;0.878049;0.837209
AI;eva-7k;D12_V_indoor_move_0002.mp4;False;0.933333;0.896552;0.857143
AI;eva-7k;D12_V_outdoor_move_0002.mp4;False;0.933333;0.896552;0.857143
AI;eva-7k;D13_V_indoor_move_0002.mp4;False;0.973684;0.95;0.928571
AI;eva-7k;D13_V_outdoor_move_0002.mp4;False;0.973684;0.95;0.928571
AI;eva-7k;D14_V_indoor_move_0002.mp4;False;0.973684;0.95;0.928571
AI;eva-7k;D14_V_outdoor_move_0002.mp4;False;0.973684;0.95;0.928571
AI;eva-7k;D15_V_indoor_move_0002.mp4;False;0.973684;0.95;0.928571
AI;eva-7k;D15_V_outdoor_move_0002.mp4;False;0.973684;0.95;0.928571
AI;eva-7k;D16_V_indoor_move_0002.mp4;False;0.923077;0.878049;0.837209
AI;eva-7k;D16_V_outdoor_move_0002.mp4;False;0.923077;0.878049;0.837209
AI;eva-7k;D19_V_indoor_move_0002.mp4;False;0.973684;0.95;0.928571
AI;eva-7k;D19_V_outdoor_move_0002.mp4;False;0.973684;0.95;0.928571
AI;eva-7k;D20_V_indoor_move_0002.mp4;False;0.973684;0.95;0.928571
AI;eva-7k;D20_V_outdoor_move_0002.mp4;False;0.973684;0.95;0.928571
AI;eva-7k;D22_V_indoor_move_0002.mp4;False;0.973684;0.95;0.928571
AI;eva-7k;D22_V_outdoor_move_0002.mp4;False;0.973684;0.95;0.928571
AI;eva-7k;D23_V_indoor_move_0002.mp4;False;0.923077;0.878049;0.837209
AI;eva-7k;D23_V_outdoor_move_0002.mp4;False;0.923077;0.878049;0.837209
AI;eva-7k;D24_V_indoor_move_0002.mp4;False;0.923077;0.878049;0.837209
AI;eva-7k;D24_V_outdoor_move_0002.mp4;False;0.923077;0.878049;0.837209
AI;eva-7k;D25_V_indoor_move_0002.mp4;False;0.923077;0.878049;0.837209
AI;eva-7k;D25_V_outdoor_move_0002.mp4;False;0.923077;0.878049;0.837209
AI;eva-7k;D26_V_indoor_move_0002.mp4;False;0.923077;0.878049;0.837209
AI;eva-7k;D26_V_outdoor_move_0002.mp4;False;0.923077;0.878049;0.837209
AI;eva-7k;D27_V_indoor_move_0002.mp4;False;0.973684;0.95;0.928571
AI;eva-7k;D27_V_outdoor_move_0002.mp4;False;0.973684;0.95;0.928571
AI;eva-7k;D28_V_indoor_move_0002.mp4;False;0.923077;0.878049;0.837209
AI;eva-7k;D28_V_outdoor_move_0002.mp4;False;0.923077;0.878049;0.837209
AI;eva-7k;D29_V_indoor_move_0002.mp4;False;0.973684;0.95;0.928571
AI;eva-7k;D29_V_outdoor_move_0002.mp4;False;0.973684;0.95;0.928571
AI;eva-7k;D30_V_indoor_move_0002.mp4;False;0.923077;0.878049;0.837209
AI;eva-7k;D30_V_outdoor_move_0002.mp4;False;0.923077;0.878049;0.837209
AI;eva-7k;D31_V_indoor_move_0002.mp4;False;0.973684;0.95;0.928571
AI;eva-7k;D31_V_outdoor_move_0002.mp4;False;0.973684;0.95;0.928571
AI;eva-7k;D32_V_indoor_move_0002.mp4;False;0.923077;0.878049;0.837209
AI;eva-7k;D32_V_outdoor_move_0002.mp4;False;0.923077;0.878049;0.837209
AI;eva-7k;D33_V_indoor_move_0002.mp4;False;0.923077;0.878049;0.837209
AI;eva-7k;D33_V_outdoor_move_0002.mp4;False;0.923077;0.878049;0.837209
AI;eva-7k;D34_V_indoor_move_0002.mp4;False;0.973684;0.95;0.928571
AI;eva-7k;D34_V_outdoor_move_0002.mp4;False;0.973684;0.95;0.928571
AI;eva-7k;D35_V_outdoor_move_0002.mp4;False;0.973684;0.95;0.928571
AI;eva-7k;D35_V_outdoor_panrot_0002.mp4;False;0.973684;0.95;0.928571
AI;eva-7k;D01_V_indoor_move_0002.mp4;False;0.923077;0.878049;0.837209
AI;eva-7k;D01_V_outdoor_move_0002.mp4;False;0.923077;0.878049;0.837209
AI;eva-7k;D03_V_indoor_move_0002.mp4;False;0.923077;0.878049;0.837209
AI;eva-7k;D03_V_outdoor_move_0002.mp4;False;0.923077;0.878049;0.837209
AI;eva-7k;D04_V_indoor_move_0002.mp4;False;0.923077;0.878049;0.837209
AI;eva-7k;D04_V_outdoor_move_0002.mp4;False;0.923077;0.878049;0.837209
AI;eva-7k;D05_V_indoor_move_0002.mp4;False;0.973684;0.95;0.928571
AI;eva-7k;D05_V_outdoor_move_0002.mp4;False;0.973684;0.95;0.928571
AI;eva-7k;D06_V_indoor_move_0002.mp4;False;0.973684;0.95;0.928571
AI;eva-7k;D06_V_outdoor_move_0002.mp4;False;0.973684;0.95;0.928571
AI;eva-7k;D07_V_indoor_move_0002.mp4;False;0.923077;0.878049;0.837209
AI;eva-7k;D07_V_outdoor_move_0002.mp4;False;0.923077;0.878049;0.837209
AI;eva-7k;D08_V_indoor_move_0002.mp4;False;0.973684;0.95;0.928571
AI;eva-7k;D08_V_outdoor_move_0002.mp4;False;0.973684;0.95;0.928571
AI;eva-7k;D09_V_indoor_move_0002.mp4;False;0.973684;0.95;0.928571
AI;eva-7k;D09_V_outdoor_move_0002.mp4;False;0.973684;0.95;0.928571
AI;eva-7k;D10_V_indoor_move_0002.mp4;False;0.973684;0.95;0.928571
AI;eva-7k;D11_V_indoor_move_0002.mp4;False;0.923077;0.878049;0.837209
AI;eva-7k;D11_V_outdoor_move_0002.mp4;False;0.923077;0.878049;0.837209
AI;eva-7k;D12_V_indoor_move_0002.mp4;False;0.933333;0.896552;0.857143
AI;eva-7k;D12_V_outdoor_move_0002.mp4;False;0.933333;0.896552;0.857143
AI;eva-7k;D13_V_indoor_move_0002.mp4;False;0.973684;0.95;0.928571
AI;eva-7k;D13_V_outdoor_move_0002.mp4;False;0.973684;0.95;0.928571
AI;eva-7k;D14_V_indoor_move_0002.mp4;False;0.973684;0.95;0.928571
AI;eva-7k;D14_V_outdoor_move_0002.mp4;False;0.973684;0.95;0.928571
AI;eva-7k;D15_V_indoor_move_0002.mp4;False;0.973684;0.95;0.928571
AI;eva-7k;D15_V_outdoor_move_0002.mp4;False;0.973684;0.95;0.928571
AI;eva-7k;D16_V_indoor_move_0002.mp4;False;0.923077;0.878049;0.837209
AI;eva-7k;D16_V_outdoor_move_0002.mp4;False;0.923077;0.878049;0.837209
AI;eva-7k;D19_V_indoor_move_0002.mp4;False;0.973684;0.95;0.928571
AI;eva-7k;D19_V_outdoor_move_0002.mp4;False;0.973684;0.95;0.928571
AI;eva-7k;D20_V_indoor_move_0002.mp4;False;0.973684;0.95;0.928571
AI;eva-7k;D20_V_outdoor_move_0002.mp4;False;0.973684;0.95;0.928571
AI;eva-7k;D22_V_indoor_move_0002.mp4;False;0.973684;0.95;0.928571
AI;eva-7k;D22_V_outdoor_move_0002.mp4;False;0.973684;0.95;0.928571
AI;eva-7k;D23_V_indoor_move_0002.mp4;False;0.923077;0.878049;0.837209
AI;eva-7k;D23_V_outdoor_move_0002.mp4;False;0.923077;0.878049;0.837209
AI;eva-7k;D24_V_indoor_move_0002.mp4;False;0.923077;0.878049;0.837209
AI;eva-7k;D24_V_outdoor_move_0002.mp4;False;0.923077;0.878049;0.837209
AI;eva-7k;D25_V_indoor_move_0002.mp4;False;0.923077;0.878049;0.837209
AI;eva-7k;D25_V_outdoor_move_0002.mp4;False;0.923077;0.878049;0.837209
AI;eva-7k;D26_V_indoor_move_0002.mp4;False;0.923077;0.878049;0.837209
AI;eva-7k;D26_V_outdoor_move_0002.mp4;False;0.923077;0.878049;0.837209
AI;eva-7k;D27_V_indoor_move_0002.mp4;False;0.973684;0.95;0.928571
AI;eva-7k;D27_V_outdoor_move_0002.mp4;False;0.973684;0.95;0.928571
AI;eva-7k;D28_V_indoor_move_0002.mp4;False;0.923077;0.878049;0.837209
AI;eva-7k;D28_V_outdoor_move_0002.mp4;False;0.923077;0.878049;0.837209
AI;eva-7k;D29_V_indoor_move_0002.mp4;False;0.973684;0.95;0.928571
AI;eva-7k;D29_V_outdoor_move_0002.mp4;False;0.973684;0.95;0.928571
AI;eva-7k;D30_V_indoor_move_0002.mp4;False;0.923077;0.878049;0.837209
AI;eva-7k;D30_V_outdoor_move_0002.mp4;False;0.923077;0.878049;0.837209
AI;eva-7k;D31_V_indoor_move_0002.mp4;False;0.973684;0.95;0.928571
AI;eva-7k;D31_V_outdoor_move_0002.mp4;False;0.973684;0.95;0.928571
AI;eva-7k;D32_V_indoor_move_0002.mp4;False;0.923077;0.878049;0.837209
AI;eva-7k;D32_V_outdoor_move_0002.mp4;False;0.923077;0.878049;0.837209
AI;eva-7k;D33_V_indoor_move_0002.mp4;False;0.923077;0.878049;0.837209
AI;eva-7k;D33_V_outdoor_move_0002.mp4;False;0.923077;0.878049;0.837209
AI;eva-7k;D34_V_indoor_move_0002.mp4;False;0.973684;0.95;0.928571
AI;eva-7k;D34_V_outdoor_move_0002.mp4;False;0.973684;0.95;0.928571
AI;eva-7k;D35_V_outdoor_move_0002.mp4;False;0.973684;0.95;0.928571
AI;eva-7k;D35_V_outdoor_panrot_0002.mp4;False;0.973684;0.95;0.928571
AI;eva-7k;D01_V_indoor_move_0002.mp4;False;0.923077;0.878049;0.837209
AI;eva-7k;D01_V_outdoor_move_0002.mp4;False;0.923077;0.878049;0.837209
AI;eva-7k;D03_V_indoor_move_0002.mp4;False;0.923077;0.878049;0.837209
AI;eva-7k;D03_V_outdoor_move_0002.mp4;False;0.923077;0.878049;0.837209
AI;eva-7k;D04_V_indoor_move_0002.mp4;False;0.923077;0.878049;0.837209
AI;eva-7k;D04_V_outdoor_move_0002.mp4;False;0.923077;0.878049;0.837209
AI;eva-7k;D05_V_indoor_move_0002.mp4;False;0.973684;0.95;0.928571
AI;eva-7k;D05_V_outdoor_move_0002.mp4;False;0.973684;0.95;0.928571
AI;eva-7k;D06_V_indoor_move_0002.mp4;False;0.973684;0.95;0.928571
AI;eva-7k;D06_V_outdoor_move_0002.mp4;False;0.973684;0.95;0.928571
AI;eva-7k;D07_V_indoor_move_0002.mp4;False;0.923077;0.878049;0.837209
AI;eva-7k;D07_V_outdoor_move_0002.mp4;False;0.923077;0.878049;0.837209
AI;eva-7k;D08_V_indoor_move_0002.mp4;False;0.973684;0.95;0.928571
AI;eva-7k;D08_V_outdoor_move_0002.mp4;False;0.973684;0.95;0.928571
AI;eva-7k;D09_V_indoor_move_0002.mp4;False;0.973684;0.95;0.928571
AI;eva-7k;D09_V_outdoor_move_0002.mp4;False;0.973684;0.95;0.928571
AI;eva-7k;D10_V_indoor_move_0002.mp4;False;0.973684;0.95;0.928571
AI;eva-7k;D11_V_indoor_move_0002.mp4;False;0.923077;0.878049;0.837209
AI;eva-7k;D11_V_outdoor_move_0002.mp4;False;0.923077;0.878049;0.837209
AI;eva-7k;D12_V_indoor_move_0002.mp4;False;0.933333;0.896552;0.857143
AI;eva-7k;D12_V_outdoor_move_0002.mp4;False;0.933333;0.896552;0.857143
AI;eva-7k;D13_V_indoor_move_0002.mp4;False;0.973684;0.95;0.928571
AI;eva-7k;D13_V_outdoor_move_0002.mp4;False;0.973684;0.95;0.928571
AI;eva-7k;D14_V_indoor_move_0002.mp4;False;0.973684;0.95;0.928571
AI;eva-7k;D14_V_outdoor_move_0002.mp4;False;0.973684;0.95;0.928571
AI;eva-7k;D15_V_indoor_move_0002.mp4;False;0.973684;0.95;0.928571
AI;eva-7k;D15_V_outdoor_move_0002.mp4;False;0.973684;0.95;0.928571
AI;eva-7k;D16_V_indoor_move_0002.mp4;False;0.923077;0.878049;0.837209
AI;eva-7k;D16_V_outdoor_move_0002.mp4;False;0.923077;0.878049;0.837209
AI;eva-7k;D19_V_indoor_move_0002.mp4;False;0.973684;0.95;0.928571
AI;eva-7k;D19_V_outdoor_move_0002.mp4;False;0.973684;0.95;0.928571
AI;eva-7k;D20_V_indoor_move_0002.mp4;False;0.973684;0.95;0.928571
AI;eva-7k;D20_V_outdoor_move_0002.mp4;False;0.973684;0.95;0.928571
AI;eva-7k;D22_V_indoor_move_0002.mp4;False;0.973684;0.95;0.928571
AI;eva-7k;D22_V_outdoor_move_0002.mp4;False;0.973684;0.95;0.928571
AI;eva-7k;D23_V_indoor_move_0002.mp4;False;0.923077;0.878049;0.837209
AI;eva-7k;D23_V_outdoor_move_0002.mp4;False;0.923077;0.878049;0.837209
AI;eva-7k;D24_V_indoor_move_0002.mp4;False;0.923077;0.878049;0.837209
AI;eva-7k;D24_V_outdoor_move_0002.mp4;False;0.923077;0.878049;0.837209
AI;eva-7k;D25_V_indoor_move_0002.mp4;False;0.923077;0.878049;0.837209
AI;eva-7k;D25_V_outdoor_move_0002.mp4;False;0.923077;0.878049;0.837209
AI;eva-7k;D26_V_indoor_move_0002.mp4;False;0.923077;0.878049;0.837209
AI;eva-7k;D26_V_outdoor_move_0002.mp4;False;0.923077;0.878049;0.837209
AI;eva-7k;D27_V_indoor_move_0002.mp4;False;0.973684;0.95;0.928571
AI;eva-7k;D27_V_outdoor_move_0002.mp4;False;0.973684;0.95;0.928571
AI;eva-7k;D28_V_indoor_move_0002.mp4;False;0.923077;0.878049;0.837209
AI;eva-7k;D28_V_outdoor_move_0002.mp4;False;0.923077;0.878049;0.837209
AI;eva-7k;D29_V_indoor_move_0002.mp4;False;0.973684;0.95;0.928571
AI;eva-7k;D29_V_outdoor_move_0002.mp4;False;0.973684;0.95;0.928571
AI;eva-7k;D30_V_indoor_move_0002.mp4;False;0.923077;0.878049;0.837209
AI;eva-7k;D30_V_outdoor_move_0002.mp4;False;0.923077;0.878049;0.837209
AI;eva-7k;D31_V_indoor_move_0002.mp4;False;0.973684;0.95;0.928571
AI;eva-7k;D31_V_outdoor_move_0002.mp4;False;0.973684;0.95;0.928571
AI;eva-7k;D32_V_indoor_move_0002.mp4;False;0.923077;0.878049;0.837209
AI;eva-7k;D32_V_outdoor_move_0002.mp4;False;0.923077;0.878049;0.837209
AI;eva-7k;D33_V_indoor_move_0002.mp4;False;0.923077;0.878049;0.837209
AI;eva-7k;D33_V_outdoor_move_0002.mp4;False;0.923077;0.878049;0.837209
AI;eva-7k;D34_V_indoor_move_0002.mp4;False;0.973684;0.95;0.928571
AI;eva-7k;D34_V_outdoor_move_0002.mp4;False;0.973684;0.95;0.928571
AI;eva-7k;D35_V_outdoor_move_0002.mp4;False;0.973684;0.95;0.928571
AI;eva-7k;D35_V_outdoor_panrot_0002.mp4;False;0.973684;0.95;0.928571
AI;eva-7k;D01_V_indoor_move_0002.mp4;False;0.923077;0.878049;0.837209
AI;eva-7k;D01_V_outdoor_move_0002.mp4;False;0.923077;0.878049;0.837209
AI;eva-7k;D03_V_indoor_move_0002.mp4;False;0.923077;0.878049;0.837209
AI;eva-7k;D03_V_outdoor_move_0002.mp4;False;0.923077;0.878049;0.837209
AI;eva-7k;D04_V_indoor_move_0002.mp4;False;0.923077;0.878049;0.837209
AI;eva-7k;D04_V_outdoor_move_0002.mp4;False;0.923077;0.878049;0.837209
AI;eva-7k;D05_V_indoor_move_0002.mp4;False;0.923077;0.878049;0.837209
AI;eva-7k;D05_V_outdoor_move_0002.mp4;False;0.923077;0.878049;0.837209
AI;eva-7k;D06_V_indoor_move_0002.mp4;False;0.923077;0.878049;0.837209
AI;eva-7k;D06_V_outdoor_move_0002.mp4;False;0.923077;0.878049;0.837209
AI;eva-7k;D07_V_indoor_move_0002.mp4;False;0.923077;0.878049;0.837209
AI;eva-7k;D07_V_outdoor_move_0002.mp4;False;0.923077;0.878049;0.837209
AI;eva-7k;D08_V_indoor_move_0002.mp4;False;0.923077;0.878049;0.837209
AI;eva-7k;D08_V_outdoor_move_0002.mp4;False;0.923077;0.878049;0.837209
AI;eva-7k;D09_V_indoor_move_0002.mp4;False;0.923077;0.878049;0.837209
AI;eva-7k;D09_V_outdoor_move_0002.mp4;False;0.923077;0.878049;0.837209
AI;eva-7k;D10_V_indoor_move_0002.mp4;False;0.923077;0.878049;0.837209
AI;eva-7k;D11_V_indoor_move_0002.mp4;False;0.923077;0.878049;0.837209
AI;eva-7k;D11_V_outdoor_move_0002.mp4;False;0.923077;0.878049;0.837209
AI;eva-7k;D12_V_indoor_move_0002.mp4;False;0.923077;0.878049;0.837209
AI;eva-7k;D12_V_outdoor_move_0002.mp4;False;0.923077;0.878049;0.837209
AI;eva-7k;D13_V_indoor_move_0002.mp4;False;0.923077;0.878049;0.837209
AI;eva-7k;D13_V_outdoor_move_0002.mp4;False;0.923077;0.878049;0.837209
AI;eva-7k;D14_V_indoor_move_0002.mp4;False;0.923077;0.878049;0.837209
AI;eva-7k;D14_V_outdoor_move_0002.mp4;False;0.923077;0.878049;0.837209
AI;eva-7k;D15_V_indoor_move_0002.mp4;False;0.923077;0.878049;0.837209
AI;eva-7k;D15_V_outdoor_move_0002.mp4;False;0.923077;0.878049;0.837209
AI;eva-7k;D16_V_indoor_move_0002.mp4;False;0.923077;0.878049;0.837209
AI;eva-7k;D16_V_outdoor_move_0002.mp4;False;0.923077;0.878049;0.837209
AI;eva-7k;D19_V_indoor_move_0002.mp4;False;0.923077;0.878049;0.837209
AI;eva-7k;D19_V_outdoor_move_0002.mp4;False;0.923077;0.878049;0.837209
AI;eva-7k;D20_V_indoor_move_0002.mp4;False;0.923077;0.878049;0.837209
AI;eva-7k;D20_V_outdoor_move_0002.mp4;False;0.923077;0.878049;0.837209
AI;eva-7k;D22_V_indoor_move_0002.mp4;False;0.923077;0.878049;0.837209
AI;eva-7k;D22_V_outdoor_move_0002.mp4;False;0.923077;0.878049;0.837209
AI;eva-7k;D23_V_indoor_move_0002.mp4;False;0.923077;0.878049;0.837209
AI;eva-7k;D23_V_outdoor_move_0002.mp4;False;0.923077;0.878049;0.837209
AI;eva-7k;D24_V_indoor_move_0002.mp4;False;0.923077;0.878049;0.837209
AI;eva-7k;D24_V_outdoor_move_0002.mp4;False;0.923077;0.878049;0.837209
AI;eva-7k;D25_V_indoor_move_0002.mp4;False;0.923077;0.878049;0.837209
AI;eva-7k;D25_V_outdoor_move_0002.mp4;False;0.923077;0.878049;0.837209
AI;eva-7k;D26_V_indoor_move_0002.mp4;False;0.923077;0.878049;0.837209
AI;eva-7k;D26_V_outdoor_move_0002.mp4;False;0.923077;0.878049;0.837209
AI;eva-7k;D27_V_indoor_move_0002.mp4;False;0.923077;0.878049;0.837209
AI;eva-7k;D27_V_outdoor_move_0002.mp4;False;0.923077;0.878049;0.837209
AI;eva-7k;D28_V_indoor_move_0002.mp4;False;0.923077;0.878049;0.837209
AI;eva-7k;D28_V_outdoor_move_0002.mp4;False;0.923077;0.878049;0.837209
AI;eva-7k;D29_V_indoor_move_0002.mp4;False;0.923077;0.878049;0.837209
AI;eva-7k;D29_V_outdoor_move_0002.mp4;False;0.923077;0.878049;0.837209
AI;eva-7k;D30_V_indoor_move_0002.mp4;False;0.923077;0.878049;0.837209
AI;eva-7k;D30_V_outdoor_move_0002.mp4;False;0.923077;0.878049;0.837209
AI;eva-7k;D31_V_indoor_move_0002.mp4;False;0.923077;0.878049;0.837209
AI;eva-7k;D31_V_outdoor_move_0002.mp4;False;0.923077;0.878049;0.837209
AI;eva-7k;D32_V_indoor_move_0002.mp4;False;0.923077;0.878049;0.837209
AI;eva-7k;D32_V_outdoor_move_0002.mp4;False;0.923077;0.878049;0.837209
AI;eva-7k;D33_V_indoor_move_0002.mp4;False;0.923077;0.878049;0.837209
AI;eva-7k;D33_V_outdoor_move_0002.mp4;False;0.923077;0.878049;0.837209
AI;eva-7k;D34_V_indoor_move_0002.mp4;False;0.923077;0.878049;0.837209
AI;eva-7k;D34_V_outdoor_move_0002.mp4;False;0.923077;0.878049;0.837209
AI;eva-7k;D35_V_outdoor_move_0002.mp4;False;0.923077;0.878049;0.837209
AI;eva-7k;D35_V_outdoor_panrot_0002.mp4;False;0.923077;0.878049;0.837209
AI;eva-7k;D01_V_indoor_move_0002.mp4;False;0.923077;0.878049;0.837209
AI;eva-7k;D01_V_outdoor_move_0002.mp4;False;0.923077;0.878049;0.837209
AI;eva-7k;D03_V_indoor_move_0002.mp4;False;0.923077;0.878049;0.837209
AI;eva-7k;D03_V_outdoor_move_0002.mp4;False;0.923077;0.878049;0.837209
AI;eva-7k;D04_V_indoor_move_0002.mp4;False;0.923077;0.878049;0.837209
AI;eva-7k;D04_V_outdoor_move_0002.mp4;False;0.923077;0.878049;0.837209
AI;eva-7k;D05_V_indoor_move_0002.mp4;False;0.973684;0.95;0.928571
AI;eva-7k;D05_V_outdoor_move_0002.mp4;False;0.973684;0.95;0.928571
AI;eva-7k;D06_V_indoor_move_0002.mp4;False;0.973684;0.95;0.928571
AI;eva-7k;D06_V_outdoor_move_0002.mp4;False;0.973684;0.95;0.928571
AI;eva-7k;D07_V_indoor_move_0002.mp4;False;0.923077;0.878049;0.837209
AI;eva-7k;D07_V_outdoor_move_0002.mp4;False;0.923077;0.878049;0.837209
AI;eva-7k;D08_V_indoor_move_0002.mp4;False;0.973684;0.95;0.928571
AI;eva-7k;D08_V_outdoor_move_0002.mp4;False;0.973684;0.95;0.928571
AI;eva-7k;D09_V_indoor_move_0002.mp4;False;0.973684;0.95;0.928571
AI;eva-7k;D09_V_outdoor_move_0002.mp4;False;0.973684;0.95;0.928571
AI;eva-7k;D10_V_indoor_move_0002.mp4;False;0.973684;0.95;0.928571
AI;eva-7k;D11_V_indoor_move_0002.mp4;False;0.923077;0.878049;0.837209
AI;eva-7k;D11_V_outdoor_move_0002.mp4;False;0.923077;0.878049;0.837209
AI;eva-7k;D12_V_indoor_move_0002.mp4;False;0.933333;0.896552;0.857143
AI;eva-7k;D12_V_outdoor_move_0002.mp4;False;0.933333;0.896552;0.857143
AI;eva-7k;D13_V_indoor_move_0002.mp4;False;0.973684;0.95;0.928571
AI;eva-7k;D13_V_outdoor_move_0002.mp4;False;0.973684;0.95;0.928571
AI;eva-7k;D14_V_indoor_move_0002.mp4;False;0.973684;0.95;0.928571
AI;eva-7k;D14_V_outdoor_move_0002.mp4;False;0.973684;0.95;0.928571
AI;eva-7k;D15_V_indoor_move_0002.mp4;False;0.973684;0.95;0.928571
AI;eva-7k;D15_V_outdoor_move_0002.mp4;False;0.973684;0.95;0.928571
AI;eva-7k;D16_V_indoor_move_0002.mp4;False;0.923077;0.878049;0.837209
AI;eva-7k;D16_V_outdoor_move_0002.mp4;False;0.923077;0.878049;0.837209
AI;eva-7k;D19_V_indoor_move_0002.mp4;False;0.973684;0.95;0.928571
AI;eva-7k;D19_V_outdoor_move_0002.mp4;False;0.973684;0.95;0.928571
AI;eva-7k;D20_V_indoor_move_0002.mp4;False;0.973684;0.95;0.928571
AI;eva-7k;D20_V_outdoor_move_0002.mp4;False;0.973684;0.95;0.928571
AI;eva-7k;D22_V_indoor_move_0002.mp4;False;0.973684;0.95;0.928571
AI;eva-7k;D22_V_outdoor_move_0002.mp4;False;0.973684;0.95;0.928571
AI;eva-7k;D23_V_indoor_move_0002.mp4;False;0.923077;0.878049;0.837209
AI;eva-7k;D23_V_outdoor_move_0002.mp4;False;0.923077;0.878049;0.837209
AI;eva-7k;D24_V_indoor_move_0002.mp4;False;0.923077;0.878049;0.837209
AI;eva-7k;D24_V_outdoor_move_0002.mp4;False;0.923077;0.878049;0.837209
AI;eva-7k;D25_V_indoor_move_0002.mp4;False;0.923077;0.878049;0.837209
AI;eva-7k;D25_V_outdoor_move_0002.mp4;False;0.923077;0.878049;0.837209
AI;eva-7k;D26_V_indoor_move_0002.mp4;False;0.923077;0.878049;0.837209
AI;eva-7k;D26_V_outdoor_move_0002.mp4;False;0.923077;0.878049;0.837209
AI;eva-7k;D27_V_indoor_move_0002.mp4;False;0.973684;0.95;0.928571
AI;eva-7k;D27_V_outdoor_move_0002.mp4;False;0.973684;0.95;0.928571
AI;eva-7k;D28_V_indoor_move_0002.mp4;False;0.923077;0.878049;0.837209
AI;eva-7k;D28_V_outdoor_move_0002.mp4;False;0.923077;0.878049;0.837209
AI;eva-7k;D29_V_indoor_move_0002.mp4;False;0.973684;0.95;0.928571
AI;eva-7k;D29_V_outdoor_move_0002.mp4;False;0.973684;0.95;0.928571
AI;eva-7k;D30_V_indoor_move_0002.mp4;False;0.923077;0.878049;0.837209
AI;eva-7k;D30_V_outdoor_move_0002.mp4;False;0.923077;0.878049;0.837209
AI;eva-7k;D31_V_indoor_move_0002.mp4;False;0.973684;0.95;0.928571
AI;eva-7k;D31_V_outdoor_move_0002.mp4;False;0.973684;0.95;0.928571
AI;eva-7k;D32_V_indoor_move_0002.mp4;False;0.923077;0.878049;0.837209
AI;eva-7k;D32_V_outdoor_move_0002.mp4;False;0.923077;0.878049;0.837209
AI;eva-7k;D33_V_indoor_move_0002.mp4;False;0.923077;0.878049;0.837209
AI;eva-7k;D33_V_outdoor_move_0002.mp4;False;0.923077;0.878049;0.837209
AI;eva-7k;D34_V_indoor_move_0002.mp4;False;0.973684;0.95;0.928571
AI;eva-7k;D34_V_outdoor_move_0002.mp4;False;0.973684;0.95;0.928571
AI;eva-7k;D35_V_outdoor_move_0002.mp4;False;0.973684;0.95;0.928571
AI;eva-7k;D35_V_outdoor_panrot_0002.mp4;False;0.973684;0.95;0.928571
AI;eva-7k;D01_V_indoor_move_0002.mp4;False;0.923077;0.878049;0.837209
AI;eva-7k;D01_V_outdoor_move_0002.mp4;False;0.923077;0.878049;0.837209
AI;eva-7k;D03_V_indoor_move_0002.mp4;False;0.923077;0.878049;0.837209
AI;eva-7k;D03_V_outdoor_move_0002.mp4;False;0.923077;0.878049;0.837209
AI;eva-7k;D04_V_indoor_move_0002.mp4;False;0.923077;0.878049;0.837209
AI;eva-7k;D04_V_outdoor_move_0002.mp4;False;0.923077;0.878049;0.837209
AI;eva-7k;D05_V_indoor_move_0002.mp4;False;0.923077;0.878049;0.837209
AI;eva-7k;D05_V_outdoor_move_0002.mp4;False;0.923077;0.878049;0.837209
AI;eva-7k;D06_V_indoor_move_0002.mp4;False;0.923077;0.878049;0.837209
AI;eva-7k;D06_V_outdoor_move_0002.mp4;False;0.923077;0.878049;0.837209
AI;eva-7k;D07_V_indoor_move_0002.mp4;False;0.923077;0.878049;0.837209
AI;eva-7k;D07_V_outdoor_move_0002.mp4;False;0.923077;0.878049;0.837209
AI;eva-7k;D08_V_indoor_move_0002.mp4;False;0.923077;0.878049;0.837209
AI;eva-7k;D08_V_outdoor_move_0002.mp4;False;0.923077;0.878049;0.837209
AI;eva-7k;D09_V_indoor_move_0002.mp4;False;0.923077;0.878049;0.837209
AI;eva-7k;D09_V_outdoor_move_0002.mp4;False;0.923077;0.878049;0.837209
AI;eva-7k;D10_V_indoor_move_0002.mp4;False;0.923077;0.878049;0.837209
AI;eva-7k;D11_V_indoor_move_0002.mp4;False;0.923077;0.878049;0.837209
AI;eva-7k;D11_V_outdoor_move_0002.mp4;False;0.923077;0.878049;0.837209
AI;eva-7k;D12_V_indoor_move_0002.mp4;False;0.923077;0.878049;0.837209
AI;eva-7k;D12_V_outdoor_move_0002.mp4;False;0.923077;0.878049;0.837209
AI;eva-7k;D13_V_indoor_move_0002.mp4;False;0.923077;0.878049;0.837209
AI;eva-7k;D13_V_outdoor_move_0002.mp4;False;0.923077;0.878049;0.837209
AI;eva-7k;D14_V_indoor_move_0002.mp4;False;0.923077;0.878049;0.837209
AI;eva-7k;D14_V_outdoor_move_0002.mp4;False;0.923077;0.878049;0.837209
AI;eva-7k;D15_V_indoor_move_0002.mp4;False;0.923077;0.878049;0.837209
AI;eva-7k;D15_V_outdoor_move_0002.mp4;False;0.923077;0.878049;0.837209
AI;eva-7k;D16_V_indoor_move_0002.mp4;False;0.923077;0.878049;0.837209
AI;eva-7k;D16_V_outdoor_move_0002.mp4;False;0.923077;0.878049;0.837209
AI;eva-7k;D19_V_indoor_move_0002.mp4;False;0.923077;0.878049;0.837209
AI;eva-7k;D19_V_outdoor_move_0002.mp4;False;0.923077;0.878049;0.837209
AI;eva-7k;D20_V_indoor_move_0002.mp4;False;0.923077;0.878049;0.837209
AI;eva-7k;D20_V_outdoor_move_0002.mp4;False;0.923077;0.878049;0.837209
AI;eva-7k;D22_V_indoor_move_0002.mp4;False;0.923077;0.878049;0.837209
AI;eva-7k;D22_V_outdoor_move_0002.mp4;False;0.923077;0.878049;0.837209
AI;eva-7k;D23_V_indoor_move_0002.mp4;False;0.923077;0.878049;0.837209
AI;eva-7k;D23_V_outdoor_move_0002.mp4;False;0.923077;0.878049;0.837209
AI;eva-7k;D24_V_indoor_move_0002.mp4;False;0.923077;0.878049;0.837209
AI;eva-7k;D24_V_outdoor_move_0002.mp4;False;0.923077;0.878049;0.837209
AI;eva-7k;D25_V_indoor_move_0002.mp4;False;0.923077;0.878049;0.837209
AI;eva-7k;D25_V_outdoor_move_0002.mp4;False;0.923077;0.878049;0.837209
AI;eva-7k;D26_V_indoor_move_0002.mp4;False;0.923077;0.878049;0.837209
AI;eva-7k;D26_V_outdoor_move_0002.mp4;False;0.923077;0.878049;0.837209
AI;eva-7k;D27_V_indoor_move_0002.mp4;False;0.923077;0.878049;0.837209
AI;eva-7k;D27_V_outdoor_move_0002.mp4;False;0.923077;0.878049;0.837209
AI;eva-7k;D28_V_indoor_move_0002.mp4;False;0.923077;0.878049;0.837209
AI;eva-7k;D28_V_outdoor_move_0002.mp4;False;0.923077;0.878049;0.837209
AI;eva-7k;D29_V_indoor_move_0002.mp4;False;0.923077;0.878049;0.837209
AI;eva-7k;D29_V_outdoor_move_0002.mp4;False;0.923077;0.878049;0.837209
AI;eva-7k;D30_V_indoor_move_0002.mp4;False;0.923077;0.878049;0.837209
AI;eva-7k;D30_V_outdoor_move_0002.mp4;False;0.923077;0.878049;0.837209
AI;eva-7k;D31_V_indoor_move_0002.mp4;False;0.923077;0.878049;0.837209
AI;eva-7k;D31_V_outdoor_move_0002.mp4;False;0.923077;0.878049;0.837209
AI;eva-7k;D32_V_indoor_move_0002.mp4;False;0.923077;0.878049;0.837209
AI;eva-7k;D32_V_outdoor_move_0002.mp4;False;0.923077;0.878049;0.837209
AI;eva-7k;D33_V_indoor_move_0002.mp4;False;0.923077;0.878049;0.837209
AI;eva-7k;D33_V_outdoor_move_0002.mp4;False;0.923077;0.878049;0.837209
AI;eva-7k;D34_V_indoor_move_0002.mp4;False;0.923077;0.878049;0.837209
AI;eva-7k;D34_V_outdoor_move_0002.mp4;False;0.923077;0.878049;0.837209
AI;eva-7k;D35_V_outdoor_move_0002.mp4;False;0.923077;0.878049;0.837209
AI;eva-7k;D35_V_outdoor_panrot_0002.mp4;False;0.923077;0.878049;0.837209
AI;eva-7k;D01_V_indoor_move_0002.mp4;False;0.676471;0.5;0.405405
AI;eva-7k;D01_V_outdoor_move_0002.mp4;False;0.676471;0.5;0.405405
AI;eva-7k;D03_V_indoor_move_0002.mp4;False;0.676471;0.5;0.405405
AI;eva-7k;D03_V_outdoor_move_0002.mp4;False;0.676471;0.5;0.405405
AI;eva-7k;D04_V_indoor_move_0002.mp4;False;0.615385;0.444444;0.321429
AI;eva-7k;D04_V_outdoor_move_0002.mp4;False;0.615385;0.444444;0.321429
AI;eva-7k;D05_V_indoor_move_0002.mp4;False;0.676471;0.5;0.405405
AI;eva-7k;D05_V_outdoor_move_0002.mp4;False;0.676471;0.5;0.405405
AI;eva-7k;D06_V_indoor_move_0002.mp4;False;0.676471;0.5;0.405405
AI;eva-7k;D06_V_outdoor_move_0002.mp4;False;0.676471;0.5;0.405405
AI;eva-7k;D07_V_indoor_move_0002.mp4;False;0.676471;0.5;0.405405
AI;eva-7k;D07_V_outdoor_move_0002.mp4;False;0.676471;0.5;0.405405
AI;eva-7k;D08_V_indoor_move_0002.mp4;False;0.676471;0.5;0.405405
AI;eva-7k;D08_V_outdoor_move_0002.mp4;False;0.676471;0.5;0.405405
AI;eva-7k;D09_V_indoor_move_0002.mp4;False;0.676471;0.5;0.405405
AI;eva-7k;D09_V_outdoor_move_0002.mp4;False;0.676471;0.5;0.405405
AI;eva-7k;D10_V_indoor_move_0002.mp4;False;0.676471;0.5;0.405405
AI;eva-7k;D11_V_indoor_move_0002.mp4;False;0.676471;0.5;0.405405
AI;eva-7k;D11_V_outdoor_move_0002.mp4;False;0.676471;0.5;0.405405
AI;eva-7k;D12_V_indoor_move_0002.mp4;False;0.676471;0.5;0.405405
AI;eva-7k;D12_V_outdoor_move_0002.mp4;False;0.676471;0.5;0.405405
AI;eva-7k;D13_V_indoor_move_0002.mp4;False;0.676471;0.5;0.405405
AI;eva-7k;D13_V_outdoor_move_0002.mp4;False;0.676471;0.5;0.405405
AI;eva-7k;D14_V_indoor_move_0002.mp4;False;0.676471;0.5;0.405405
AI;eva-7k;D14_V_outdoor_move_0002.mp4;False;0.676471;0.5;0.405405
AI;eva-7k;D15_V_indoor_move_0002.mp4;False;0.676471;0.5;0.405405
AI;eva-7k;D15_V_outdoor_move_0002.mp4;False;0.676471;0.5;0.405405
AI;eva-7k;D16_V_indoor_move_0002.mp4;False;0.676471;0.5;0.405405
AI;eva-7k;D16_V_outdoor_move_0002.mp4;False;0.676471;0.5;0.405405
AI;eva-7k;D19_V_indoor_move_0002.mp4;False;0.676471;0.5;0.405405
AI;eva-7k;D19_V_outdoor_move_0002.mp4;False;0.676471;0.5;0.405405
AI;eva-7k;D20_V_indoor_move_0002.mp4;False;0.676471;0.5;0.405405
AI;eva-7k;D20_V_outdoor_move_0002.mp4;False;0.676471;0.5;0.405405
AI;eva-7k;D22_V_indoor_move_0002.mp4;False;0.676471;0.5;0.405405
AI;eva-7k;D22_V_outdoor_move_0002.mp4;False;0.676471;0.5;0.405405
AI;eva-7k;D23_V_indoor_move_0002.mp4;False;0.615385;0.444444;0.321429
AI;eva-7k;D23_V_outdoor_move_0002.mp4;False;0.615385;0.444444;0.321429
AI;eva-7k;D24_V_indoor_move_0002.mp4;False;0.676471;0.5;0.405405
AI;eva-7k;D24_V_outdoor_move_0002.mp4;False;0.676471;0.5;0.405405
AI;eva-7k;D25_V_indoor_move_0002.mp4;False;0.676471;0.5;0.405405
AI;eva-7k;D25_V_outdoor_move_0002.mp4;False;0.676471;0.5;0.405405
AI;eva-7k;D26_V_indoor_move_0002.mp4;False;0.676471;0.5;0.405405
AI;eva-7k;D26_V_outdoor_move_0002.mp4;False;0.676471;0.5;0.405405
AI;eva-7k;D27_V_indoor_move_0002.mp4;False;0.676471;0.5;0.405405
AI;eva-7k;D27_V_outdoor_move_0002.mp4;False;0.676471;0.5;0.405405
AI;eva-7k;D28_V_indoor_move_0002.mp4;False;0.676471;0.5;0.405405
AI;eva-7k;D28_V_outdoor_move_0002.mp4;False;0.676471;0.5;0.405405
AI;eva-7k;D29_V_indoor_move_0002.mp4;False;0.676471;0.5;0.405405
AI;eva-7k;D29_V_outdoor_move_0002.mp4;False;0.676471;0.5;0.405405
AI;eva-7k;D30_V_indoor_move_0002.mp4;False;0.676471;0.5;0.405405
AI;eva-7k;D30_V_outdoor_move_0002.mp4;False;0.676471;0.5;0.405405
AI;eva-7k;D31_V_indoor_move_0002.mp4;False;0.676471;0.5;0.405405
AI;eva-7k;D31_V_outdoor_move_0002.mp4;False;0.676471;0.5;0.405405
AI;eva-7k;D32_V_indoor_move_0002.mp4;False;0.676471;0.5;0.405405
AI;eva-7k;D32_V_outdoor_move_0002.mp4;False;0.676471;0.5;0.405405
AI;eva-7k;D33_V_indoor_move_0002.mp4;False;0.676471;0.5;0.405405
AI;eva-7k;D33_V_outdoor_move_0002.mp4;False;0.676471;0.5;0.405405
AI;eva-7k;D34_V_indoor_move_0002.mp4;False;0.676471;0.5;0.405405
AI;eva-7k;D34_V_outdoor_move_0002.mp4;False;0.676471;0.5;0.405405
AI;eva-7k;D35_V_outdoor_move_0002.mp4;False;0.676471;0.5;0.405405
AI;eva-7k;D35_V_outdoor_panrot_0002.mp4;False;0.676471;0.5;0.405405
AI;eva-7k;D01_V_indoor_move_0002.mp4;False;0.676471;0.5;0.405405
AI;eva-7k;D01_V_outdoor_move_0002.mp4;False;0.676471;0.5;0.405405
AI;eva-7k;D03_V_indoor_move_0002.mp4;False;0.676471;0.5;0.405405
AI;eva-7k;D03_V_outdoor_move_0002.mp4;False;0.676471;0.5;0.405405
AI;eva-7k;D04_V_indoor_move_0002.mp4;False;0.615385;0.444444;0.321429
AI;eva-7k;D04_V_outdoor_move_0002.mp4;False;0.615385;0.444444;0.321429
AI;eva-7k;D05_V_indoor_move_0002.mp4;False;0.676471;0.5;0.405405
AI;eva-7k;D05_V_outdoor_move_0002.mp4;False;0.676471;0.5;0.405405
AI;eva-7k;D06_V_indoor_move_0002.mp4;False;0.676471;0.5;0.405405
AI;eva-7k;D06_V_outdoor_move_0002.mp4;False;0.676471;0.5;0.405405
AI;eva-7k;D07_V_indoor_move_0002.mp4;False;0.676471;0.5;0.405405
AI;eva-7k;D07_V_outdoor_move_0002.mp4;False;0.676471;0.5;0.405405
AI;eva-7k;D08_V_indoor_move_0002.mp4;False;0.676471;0.5;0.405405
AI;eva-7k;D08_V_outdoor_move_0002.mp4;False;0.676471;0.5;0.405405
AI;eva-7k;D09_V_indoor_move_0002.mp4;False;0.676471;0.5;0.405405
AI;eva-7k;D09_V_outdoor_move_0002.mp4;False;0.676471;0.5;0.405405
AI;eva-7k;D10_V_indoor_move_0002.mp4;False;0.676471;0.5;0.405405
AI;eva-7k;D11_V_indoor_move_0002.mp4;False;0.676471;0.5;0.405405
AI;eva-7k;D11_V_outdoor_move_0002.mp4;False;0.676471;0.5;0.405405
AI;eva-7k;D12_V_indoor_move_0002.mp4;False;0.676471;0.5;0.405405
AI;eva-7k;D12_V_outdoor_move_0002.mp4;False;0.676471;0.5;0.405405
AI;eva-7k;D13_V_indoor_move_0002.mp4;False;0.676471;0.5;0.405405
AI;eva-7k;D13_V_outdoor_move_0002.mp4;False;0.676471;0.5;0.405405
AI;eva-7k;D14_V_indoor_move_0002.mp4;False;0.676471;0.5;0.405405
AI;eva-7k;D14_V_outdoor_move_0002.mp4;False;0.676471;0.5;0.405405
AI;eva-7k;D15_V_indoor_move_0002.mp4;False;0.676471;0.5;0.405405
AI;eva-7k;D15_V_outdoor_move_0002.mp4;False;0.676471;0.5;0.405405
AI;eva-7k;D16_V_indoor_move_0002.mp4;False;0.676471;0.5;0.405405
AI;eva-7k;D16_V_outdoor_move_0002.mp4;False;0.676471;0.5;0.405405
AI;eva-7k;D19_V_indoor_move_0002.mp4;False;0.676471;0.5;0.405405
AI;eva-7k;D19_V_outdoor_move_0002.mp4;False;0.676471;0.5;0.405405
AI;eva-7k;D20_V_indoor_move_0002.mp4;False;0.676471;0.5;0.405405
AI;eva-7k;D20_V_outdoor_move_0002.mp4;False;0.676471;0.5;0.405405
AI;eva-7k;D22_V_indoor_move_0002.mp4;False;0.676471;0.5;0.405405
AI;eva-7k;D22_V_outdoor_move_0002.mp4;False;0.676471;0.5;0.405405
AI;eva-7k;D23_V_indoor_move_0002.mp4;False;0.615385;0.444444;0.321429
AI;eva-7k;D23_V_outdoor_move_0002.mp4;False;0.615385;0.444444;0.321429
AI;eva-7k;D24_V_indoor_move_0002.mp4;False;0.676471;0.5;0.405405
AI;eva-7k;D24_V_outdoor_move_0002.mp4;False;0.676471;0.5;0.405405
AI;eva-7k;D25_V_indoor_move_0002.mp4;False;0.676471;0.5;0.405405
AI;eva-7k;D25_V_outdoor_move_0002.mp4;False;0.676471;0.5;0.405405
AI;eva-7k;D26_V_indoor_move_0002.mp4;False;0.676471;0.5;0.405405
AI;eva-7k;D26_V_outdoor_move_0002.mp4;False;0.676471;0.5;0.405405
AI;eva-7k;D27_V_indoor_move_0002.mp4;False;0.676471;0.5;0.405405
AI;eva-7k;D27_V_outdoor_move_0002.mp4;False;0.676471;0.5;0.405405
AI;eva-7k;D28_V_indoor_move_0002.mp4;False;0.676471;0.5;0.405405
AI;eva-7k;D28_V_outdoor_move_0002.mp4;False;0.676471;0.5;0.405405
AI;eva-7k;D29_V_indoor_move_0002.mp4;False;0.676471;0.5;0.405405
AI;eva-7k;D29_V_outdoor_move_0002.mp4;False;0.676471;0.5;0.405405
AI;eva-7k;D30_V_indoor_move_0002.mp4;False;0.676471;0.5;0.405405
AI;eva-7k;D30_V_outdoor_move_0002.mp4;False;0.676471;0.5;0.405405
AI;eva-7k;D31_V_indoor_move_0002.mp4;False;0.676471;0.5;0.405405
AI;eva-7k;D31_V_outdoor_move_0002.mp4;False;0.676471;0.5;0.405405
AI;eva-7k;D32_V_indoor_move_0002.mp4;False;0.676471;0.5;0.405405
AI;eva-7k;D32_V_outdoor_move_0002.mp4;False;0.676471;0.5;0.405405
AI;eva-7k;D33_V_indoor_move_0002.mp4;False;0.676471;0.5;0.405405
AI;eva-7k;D33_V_outdoor_move_0002.mp4;False;0.676471;0.5;0.405405
AI;eva-7k;D34_V_indoor_move_0002.mp4;False;0.676471;0.5;0.405405
AI;eva-7k;D34_V_outdoor_move_0002.mp4;False;0.676471;0.5;0.405405
AI;eva-7k;D35_V_outdoor_move_0002.mp4;False;0.676471;0.5;0.405405
AI;eva-7k;D35_V_outdoor_panrot_0002.mp4;False;0.676471;0.5;0.405405
AI;eva-7k;D01_V_indoor_move_0002.mp4;False;0.676471;0.5;0.405405
AI;eva-7k;D01_V_outdoor_move_0002.mp4;False;0.676471;0.5;0.405405
AI;eva-7k;D03_V_indoor_move_0002.mp4;False;0.676471;0.5;0.405405
AI;eva-7k;D03_V_outdoor_move_0002.mp4;False;0.676471;0.5;0.405405
AI;eva-7k;D04_V_indoor_move_0002.mp4;False;0.615385;0.444444;0.321429
AI;eva-7k;D04_V_outdoor_move_0002.mp4;False;0.615385;0.444444;0.321429
AI;eva-7k;D05_V_indoor_move_0002.mp4;False;0.676471;0.5;0.405405
AI;eva-7k;D05_V_outdoor_move_0002.mp4;False;0.676471;0.5;0.405405
AI;eva-7k;D06_V_indoor_move_0002.mp4;False;0.676471;0.5;0.405405
AI;eva-7k;D06_V_outdoor_move_0002.mp4;False;0.676471;0.5;0.405405
AI;eva-7k;D07_V_indoor_move_0002.mp4;False;0.676471;0.5;0.405405
AI;eva-7k;D07_V_outdoor_move_0002.mp4;False;0.676471;0.5;0.405405
AI;eva-7k;D08_V_indoor_move_0002.mp4;False;0.676471;0.5;0.405405
AI;eva-7k;D08_V_outdoor_move_0002.mp4;False;0.676471;0.5;0.405405
AI;eva-7k;D09_V_indoor_move_0002.mp4;False;0.676471;0.5;0.405405
AI;eva-7k;D09_V_outdoor_move_0002.mp4;False;0.676471;0.5;0.405405
AI;eva-7k;D10_V_indoor_move_0002.mp4;False;0.676471;0.5;0.405405
AI;eva-7k;D11_V_indoor_move_0002.mp4;False;0.676471;0.5;0.405405
AI;eva-7k;D11_V_outdoor_move_0002.mp4;False;0.676471;0.5;0.405405
AI;eva-7k;D12_V_indoor_move_0002.mp4;False;0.676471;0.5;0.405405
AI;eva-7k;D12_V_outdoor_move_0002.mp4;False;0.676471;0.5;0.405405
AI;eva-7k;D13_V_indoor_move_0002.mp4;False;0.676471;0.5;0.405405
AI;eva-7k;D13_V_outdoor_move_0002.mp4;False;0.676471;0.5;0.405405
AI;eva-7k;D14_V_indoor_move_0002.mp4;False;0.676471;0.5;0.405405
AI;eva-7k;D14_V_outdoor_move_0002.mp4;False;0.676471;0.5;0.405405
AI;eva-7k;D15_V_indoor_move_0002.mp4;False;0.676471;0.5;0.405405
AI;eva-7k;D15_V_outdoor_move_0002.mp4;False;0.676471;0.5;0.405405
AI;eva-7k;D16_V_indoor_move_0002.mp4;False;0.676471;0.5;0.405405
AI;eva-7k;D16_V_outdoor_move_0002.mp4;False;0.676471;0.5;0.405405
AI;eva-7k;D19_V_indoor_move_0002.mp4;False;0.676471;0.5;0.405405
AI;eva-7k;D19_V_outdoor_move_0002.mp4;False;0.676471;0.5;0.405405
AI;eva-7k;D20_V_indoor_move_0002.mp4;False;0.676471;0.5;0.405405
AI;eva-7k;D20_V_outdoor_move_0002.mp4;False;0.676471;0.5;0.405405
AI;eva-7k;D22_V_indoor_move_0002.mp4;False;0.676471;0.5;0.405405
AI;eva-7k;D22_V_outdoor_move_0002.mp4;False;0.676471;0.5;0.405405
AI;eva-7k;D23_V_indoor_move_0002.mp4;False;0.615385;0.444444;0.321429
AI;eva-7k;D23_V_outdoor_move_0002.mp4;False;0.615385;0.444444;0.321429
AI;eva-7k;D24_V_indoor_move_0002.mp4;False;0.676471;0.5;0.405405
AI;eva-7k;D24_V_outdoor_move_0002.mp4;False;0.676471;0.5;0.405405
AI;eva-7k;D25_V_indoor_move_0002.mp4;False;0.676471;0.5;0.405405
AI;eva-7k;D25_V_outdoor_move_0002.mp4;False;0.676471;0.5;0.405405
AI;eva-7k;D26_V_indoor_move_0002.mp4;False;0.676471;0.5;0.405405
AI;eva-7k;D26_V_outdoor_move_0002.mp4;False;0.676471;0.5;0.405405
AI;eva-7k;D27_V_indoor_move_0002.mp4;False;0.676471;0.5;0.405405
AI;eva-7k;D27_V_outdoor_move_0002.mp4;False;0.676471;0.5;0.405405
AI;eva-7k;D28_V_indoor_move_0002.mp4;False;0.676471;0.5;0.405405
AI;eva-7k;D28_V_outdoor_move_0002.mp4;False;0.676471;0.5;0.405405
AI;eva-7k;D29_V_indoor_move_0002.mp4;False;0.676471;0.5;0.405405
AI;eva-7k;D29_V_outdoor_move_0002.mp4;False;0.676471;0.5;0.405405
AI;eva-7k;D30_V_indoor_move_0002.mp4;False;0.676471;0.5;0.405405
AI;eva-7k;D30_V_outdoor_move_0002.mp4;False;0.676471;0.5;0.405405
AI;eva-7k;D31_V_indoor_move_0002.mp4;False;0.676471;0.5;0.405405
AI;eva-7k;D31_V_outdoor_move_0002.mp4;False;0.676471;0.5;0.405405
AI;eva-7k;D32_V_indoor_move_0002.mp4;False;0.676471;0.5;0.405405
AI;eva-7k;D32_V_outdoor_move_0002.mp4;False;0.676471;0.5;0.405405
AI;eva-7k;D33_V_indoor_move_0002.mp4;False;0.676471;0.5;0.405405
AI;eva-7k;D33_V_outdoor_move_0002.mp4;False;0.676471;0.5;0.405405
AI;eva-7k;D34_V_indoor_move_0002.mp4;False;0.676471;0.5;0.405405
AI;eva-7k;D34_V_outdoor_move_0002.mp4;False;0.676471;0.5;0.405405
AI;eva-7k;D35_V_outdoor_move_0002.mp4;False;0.676471;0.5;0.405405
AI;eva-7k;D35_V_outdoor_panrot_0002.mp4;False;0.676471;0.5;0.405405
AI;eva-7k;D01_V_indoor_move_0002.mp4;False;0.676471;0.5;0.405405
AI;eva-7k;D01_V_outdoor_move_0002.mp4;False;0.676471;0.5;0.405405
AI;eva-7k;D03_V_indoor_move_0002.mp4;False;0.676471;0.5;0.405405
AI;eva-7k;D03_V_outdoor_move_0002.mp4;False;0.676471;0.5;0.405405
AI;eva-7k;D04_V_indoor_move_0002.mp4;False;0.615385;0.444444;0.321429
AI;eva-7k;D04_V_outdoor_move_0002.mp4;False;0.615385;0.444444;0.321429
AI;eva-7k;D05_V_indoor_move_0002.mp4;False;0.676471;0.5;0.405405
AI;eva-7k;D05_V_outdoor_move_0002.mp4;False;0.676471;0.5;0.405405
AI;eva-7k;D06_V_indoor_move_0002.mp4;False;0.676471;0.5;0.405405
AI;eva-7k;D06_V_outdoor_move_0002.mp4;False;0.676471;0.5;0.405405
AI;eva-7k;D07_V_indoor_move_0002.mp4;False;0.676471;0.5;0.405405
AI;eva-7k;D07_V_outdoor_move_0002.mp4;False;0.676471;0.5;0.405405
AI;eva-7k;D08_V_indoor_move_0002.mp4;False;0.676471;0.5;0.405405
AI;eva-7k;D08_V_outdoor_move_0002.mp4;False;0.676471;0.5;0.405405
AI;eva-7k;D09_V_indoor_move_0002.mp4;False;0.676471;0.5;0.405405
AI;eva-7k;D09_V_outdoor_move_0002.mp4;False;0.676471;0.5;0.405405
AI;eva-7k;D10_V_indoor_move_0002.mp4;False;0.676471;0.5;0.405405
AI;eva-7k;D11_V_indoor_move_0002.mp4;False;0.676471;0.5;0.405405
AI;eva-7k;D11_V_outdoor_move_0002.mp4;False;0.676471;0.5;0.405405
AI;eva-7k;D12_V_indoor_move_0002.mp4;False;0.676471;0.5;0.405405
AI;eva-7k;D12_V_outdoor_move_0002.mp4;False;0.676471;0.5;0.405405
AI;eva-7k;D13_V_indoor_move_0002.mp4;False;0.676471;0.5;0.405405
AI;eva-7k;D13_V_outdoor_move_0002.mp4;False;0.676471;0.5;0.405405
AI;eva-7k;D14_V_indoor_move_0002.mp4;False;0.676471;0.5;0.405405
AI;eva-7k;D14_V_outdoor_move_0002.mp4;False;0.676471;0.5;0.405405
AI;eva-7k;D15_V_indoor_move_0002.mp4;False;0.676471;0.5;0.405405
AI;eva-7k;D15_V_outdoor_move_0002.mp4;False;0.676471;0.5;0.405405
AI;eva-7k;D16_V_indoor_move_0002.mp4;False;0.676471;0.5;0.405405
AI;eva-7k;D16_V_outdoor_move_0002.mp4;False;0.676471;0.5;0.405405
AI;eva-7k;D19_V_indoor_move_0002.mp4;False;0.676471;0.5;0.405405
AI;eva-7k;D19_V_outdoor_move_0002.mp4;False;0.676471;0.5;0.405405
AI;eva-7k;D20_V_indoor_move_0002.mp4;False;0.676471;0.5;0.405405
AI;eva-7k;D20_V_outdoor_move_0002.mp4;False;0.676471;0.5;0.405405
AI;eva-7k;D22_V_indoor_move_0002.mp4;False;0.676471;0.5;0.405405
AI;eva-7k;D22_V_outdoor_move_0002.mp4;False;0.676471;0.5;0.405405
AI;eva-7k;D23_V_indoor_move_0002.mp4;False;0.615385;0.444444;0.321429
AI;eva-7k;D23_V_outdoor_move_0002.mp4;False;0.615385;0.444444;0.321429
AI;eva-7k;D24_V_indoor_move_0002.mp4;False;0.676471;0.5;0.405405
AI;eva-7k;D24_V_outdoor_move_0002.mp4;False;0.676471;0.5;0.405405
AI;eva-7k;D25_V_indoor_move_0002.mp4;False;0.676471;0.5;0.405405
AI;eva-7k;D25_V_outdoor_move_0002.mp4;False;0.676471;0.5;0.405405
AI;eva-7k;D26_V_indoor_move_0002.mp4;False;0.676471;0.5;0.405405
AI;eva-7k;D26_V_outdoor_move_0002.mp4;False;0.676471;0.5;0.405405
AI;eva-7k;D27_V_indoor_move_0002.mp4;False;0.676471;0.5;0.405405
AI;eva-7k;D27_V_outdoor_move_0002.mp4;False;0.676471;0.5;0.405405
AI;eva-7k;D28_V_indoor_move_0002.mp4;False;0.676471;0.5;0.405405
AI;eva-7k;D28_V_outdoor_move_0002.mp4;False;0.676471;0.5;0.405405
AI;eva-7k;D29_V_indoor_move_0002.mp4;False;0.676471;0.5;0.405405
AI;eva-7k;D29_V_outdoor_move_0002.mp4;False;0.676471;0.5;0.405405
AI;eva-7k;D30_V_indoor_move_0002.mp4;False;0.676471;0.5;0.405405
AI;eva-7k;D30_V_outdoor_move_0002.mp4;False;0.676471;0.5;0.405405
AI;eva-7k;D31_V_indoor_move_0002.mp4;False;0.676471;0.5;0.405405
AI;eva-7k;D31_V_outdoor_move_0002.mp4;False;0.676471;0.5;0.405405
AI;eva-7k;D32_V_indoor_move_0002.mp4;False;0.676471;0.5;0.405405
AI;eva-7k;D32_V_outdoor_move_0002.mp4;False;0.676471;0.5;0.405405
AI;eva-7k;D33_V_indoor_move_0002.mp4;False;0.676471;0.5;0.405405
AI;eva-7k;D33_V_outdoor_move_0002.mp4;False;0.676471;0.5;0.405405
AI;eva-7k;D34_V_indoor_move_0002.mp4;False;0.676471;0.5;0.405405
AI;eva-7k;D34_V_outdoor_move_0002.mp4;False;0.676471;0.5;0.405405
AI;eva-7k;D35_V_outdoor_move_0002.mp4;False;0.676471;0.5;0.405405
AI;eva-7k;D35_V_outdoor_panrot_0002.mp4;False;0.676471;0.5;0.405405
AI;eva-7k;D01_V_indoor_move_0002.mp4;False;0.676471;0.5;0.405405
AI;eva-7k;D01_V_outdoor_move_0002.mp4;False;0.676471;0.5;0.405405
AI;eva-7k;D03_V_indoor_move_0002.mp4;False;0.676471;0.5;0.405405
AI;eva-7k;D03_V_outdoor_move_0002.mp4;False;0.676471;0.5;0.405405
AI;eva-7k;D04_V_indoor_move_0002.mp4;False;0.615385;0.444444;0.321429
AI;eva-7k;D04_V_outdoor_move_0002.mp4;False;0.615385;0.444444;0.321429
AI;eva-7k;D05_V_indoor_move_0002.mp4;False;0.676471;0.5;0.405405
AI;eva-7k;D05_V_outdoor_move_0002.mp4;False;0.676471;0.5;0.405405
AI;eva-7k;D06_V_indoor_move_0002.mp4;False;0.676471;0.5;0.405405
AI;eva-7k;D06_V_outdoor_move_0002.mp4;False;0.676471;0.5;0.405405
AI;eva-7k;D07_V_indoor_move_0002.mp4;False;0.676471;0.5;0.405405
AI;eva-7k;D07_V_outdoor_move_0002.mp4;False;0.676471;0.5;0.405405
AI;eva-7k;D08_V_indoor_move_0002.mp4;False;0.676471;0.5;0.405405
AI;eva-7k;D08_V_outdoor_move_0002.mp4;False;0.676471;0.5;0.405405
AI;eva-7k;D09_V_indoor_move_0002.mp4;False;0.676471;0.5;0.405405
AI;eva-7k;D09_V_outdoor_move_0002.mp4;False;0.676471;0.5;0.405405
AI;eva-7k;D10_V_indoor_move_0002.mp4;False;0.676471;0.5;0.405405
AI;eva-7k;D11_V_indoor_move_0002.mp4;False;0.676471;0.5;0.405405
AI;eva-7k;D11_V_outdoor_move_0002.mp4;False;0.676471;0.5;0.405405
AI;eva-7k;D12_V_indoor_move_0002.mp4;False;0.676471;0.5;0.405405
AI;eva-7k;D12_V_outdoor_move_0002.mp4;False;0.676471;0.5;0.405405
AI;eva-7k;D13_V_indoor_move_0002.mp4;False;0.676471;0.5;0.405405
AI;eva-7k;D13_V_outdoor_move_0002.mp4;False;0.676471;0.5;0.405405
AI;eva-7k;D14_V_indoor_move_0002.mp4;False;0.676471;0.5;0.405405
AI;eva-7k;D14_V_outdoor_move_0002.mp4;False;0.676471;0.5;0.405405
AI;eva-7k;D15_V_indoor_move_0002.mp4;False;0.676471;0.5;0.405405
AI;eva-7k;D15_V_outdoor_move_0002.mp4;False;0.676471;0.5;0.405405
AI;eva-7k;D16_V_indoor_move_0002.mp4;False;0.676471;0.5;0.405405
AI;eva-7k;D16_V_outdoor_move_0002.mp4;False;0.676471;0.5;0.405405
AI;eva-7k;D19_V_indoor_move_0002.mp4;False;0.676471;0.5;0.405405
AI;eva-7k;D19_V_outdoor_move_0002.mp4;False;0.676471;0.5;0.405405
AI;eva-7k;D20_V_indoor_move_0002.mp4;False;0.676471;0.5;0.405405
AI;eva-7k;D20_V_outdoor_move_0002.mp4;False;0.676471;0.5;0.405405
AI;eva-7k;D22_V_indoor_move_0002.mp4;False;0.676471;0.5;0.405405
AI;eva-7k;D22_V_outdoor_move_0002.mp4;False;0.676471;0.5;0.405405
AI;eva-7k;D23_V_indoor_move_0002.mp4;False;0.615385;0.444444;0.321429
AI;eva-7k;D23_V_outdoor_move_0002.mp4;False;0.615385;0.444444;0.321429
AI;eva-7k;D24_V_indoor_move_0002.mp4;False;0.676471;0.5;0.405405
AI;eva-7k;D24_V_outdoor_move_0002.mp4;False;0.676471;0.5;0.405405
AI;eva-7k;D25_V_indoor_move_0002.mp4;False;0.676471;0.5;0.405405
AI;eva-7k;D25_V_outdoor_move_0002.mp4;False;0.676471;0.5;0.405405
AI;eva-7k;D26_V_indoor_move_0002.mp4;False;0.676471;0.5;0.405405
AI;eva-7k;D26_V_outdoor_move_0002.mp4;False;0.676471;0.5;0.405405
AI;eva-7k;D27_V_indoor_move_0002.mp4;False;0.676471;0.5;0.405405
AI;eva-7k;D27_V_outdoor_move_0002.mp4;False;0.676471;0.5;0.405405
AI;eva-7k;D28_V_indoor_move_0002.mp4;False;0.676471;0.5;0.405405
AI;eva-7k;D28_V_outdoor_move_0002.mp4;False;0.676471;0.5;0.405405
AI;eva-7k;D29_V_indoor_move_0002.mp4;False;0.676471;0.5;0.405405
AI;eva-7k;D29_V_outdoor_move_0002.mp4;False;0.676471;0.5;0.405405
AI;eva-7k;D30_V_indoor_move_0002.mp4;False;0.676471;0.5;0.405405
AI;eva-7k;D30_V_outdoor_move_0002.mp4;False;0.676471;0.5;0.405405
AI;eva-7k;D31_V_indoor_move_0002.mp4;False;0.676471;0.5;0.405405
AI;eva-7k;D31_V_outdoor_move_0002.mp4;False;0.676471;0.5;0.405405
AI;eva-7k;D32_V_indoor_move_0002.mp4;False;0.676471;0.5;0.405405
AI;eva-7k;D32_V_outdoor_move_0002.mp4;False;0.676471;0.5;0.405405
AI;eva-7k;D33_V_indoor_move_0002.mp4;False;0.676471;0.5;0.405405
AI;eva-7k;D33_V_outdoor_move_0002.mp4;False;0.676471;0.5;0.405405
AI;eva-7k;D34_V_indoor_move_0002.mp4;False;0.676471;0.5;0.405405
AI;eva-7k;D34_V_outdoor_move_0002.mp4;False;0.676471;0.5;0.405405
AI;eva-7k;D35_V_outdoor_move_0002.mp4;False;0.676471;0.5;0.405405
AI;eva-7k;D35_V_outdoor_panrot_0002.mp4;False;0.676471;0.5;0.405405
AI;eva-7k;D01_V_indoor_move_0002.mp4;False;0.676471;0.5;0.405405
AI;eva-7k;D01_V_outdoor_move_0002.mp4;False;0.676471;0.5;0.405405
AI;eva-7k;D03_V_indoor_move_0002.mp4;False;0.676471;0.5;0.405405
AI;eva-7k;D03_V_outdoor_move_0002.mp4;False;0.676471;0.5;0.405405
AI;eva-7k;D04_V_indoor_move_0002.mp4;False;0.615385;0.444444;0.321429
AI;eva-7k;D04_V_outdoor_move_0002.mp4;False;0.615385;0.444444;0.321429
AI;eva-7k;D05_V_indoor_move_0002.mp4;False;0.676471;0.5;0.405405
AI;eva-7k;D05_V_outdoor_move_0002.mp4;False;0.676471;0.5;0.405405
AI;eva-7k;D06_V_indoor_move_0002.mp4;False;0.676471;0.5;0.405405
AI;eva-7k;D06_V_outdoor_move_0002.mp4;False;0.676471;0.5;0.405405
AI;eva-7k;D07_V_indoor_move_0002.mp4;False;0.676471;0.5;0.405405
AI;eva-7k;D07_V_outdoor_move_0002.mp4;False;0.676471;0.5;0.405405
AI;eva-7k;D08_V_indoor_move_0002.mp4;False;0.676471;0.5;0.405405
AI;eva-7k;D08_V_outdoor_move_0002.mp4;False;0.676471;0.5;0.405405
AI;eva-7k;D09_V_indoor_move_0002.mp4;False;0.676471;0.5;0.405405
AI;eva-7k;D09_V_outdoor_move_0002.mp4;False;0.676471;0.5;0.405405
AI;eva-7k;D10_V_indoor_move_0002.mp4;False;0.676471;0.5;0.405405
AI;eva-7k;D11_V_indoor_move_0002.mp4;False;0.676471;0.5;0.405405
AI;eva-7k;D11_V_outdoor_move_0002.mp4;False;0.676471;0.5;0.405405
AI;eva-7k;D12_V_indoor_move_0002.mp4;False;0.676471;0.5;0.405405
AI;eva-7k;D12_V_outdoor_move_0002.mp4;False;0.676471;0.5;0.405405
AI;eva-7k;D13_V_indoor_move_0002.mp4;False;0.676471;0.5;0.405405
AI;eva-7k;D13_V_outdoor_move_0002.mp4;False;0.676471;0.5;0.405405
AI;eva-7k;D14_V_indoor_move_0002.mp4;False;0.676471;0.5;0.405405
AI;eva-7k;D14_V_outdoor_move_0002.mp4;False;0.676471;0.5;0.405405
AI;eva-7k;D15_V_indoor_move_0002.mp4;False;0.676471;0.5;0.405405
AI;eva-7k;D15_V_outdoor_move_0002.mp4;False;0.676471;0.5;0.405405
AI;eva-7k;D16_V_indoor_move_0002.mp4;False;0.676471;0.5;0.405405
AI;eva-7k;D16_V_outdoor_move_0002.mp4;False;0.676471;0.5;0.405405
AI;eva-7k;D19_V_indoor_move_0002.mp4;False;0.676471;0.5;0.405405
AI;eva-7k;D19_V_outdoor_move_0002.mp4;False;0.676471;0.5;0.405405
AI;eva-7k;D20_V_indoor_move_0002.mp4;False;0.676471;0.5;0.405405
AI;eva-7k;D20_V_outdoor_move_0002.mp4;False;0.676471;0.5;0.405405
AI;eva-7k;D22_V_indoor_move_0002.mp4;False;0.676471;0.5;0.405405
AI;eva-7k;D22_V_outdoor_move_0002.mp4;False;0.676471;0.5;0.405405
AI;eva-7k;D23_V_indoor_move_0002.mp4;False;0.615385;0.444444;0.321429
AI;eva-7k;D23_V_outdoor_move_0002.mp4;False;0.615385;0.444444;0.321429
AI;eva-7k;D24_V_indoor_move_0002.mp4;False;0.676471;0.5;0.405405
AI;eva-7k;D24_V_outdoor_move_0002.mp4;False;0.676471;0.5;0.405405
AI;eva-7k;D25_V_indoor_move_0002.mp4;False;0.676471;0.5;0.405405
AI;eva-7k;D25_V_outdoor_move_0002.mp4;False;0.676471;0.5;0.405405
AI;eva-7k;D26_V_indoor_move_0002.mp4;False;0.676471;0.5;0.405405
AI;eva-7k;D26_V_outdoor_move_0002.mp4;False;0.676471;0.5;0.405405
AI;eva-7k;D27_V_indoor_move_0002.mp4;False;0.676471;0.5;0.405405
AI;eva-7k;D27_V_outdoor_move_0002.mp4;False;0.676471;0.5;0.405405
AI;eva-7k;D28_V_indoor_move_0002.mp4;False;0.676471;0.5;0.405405
AI;eva-7k;D28_V_outdoor_move_0002.mp4;False;0.676471;0.5;0.405405
AI;eva-7k;D29_V_indoor_move_0002.mp4;False;0.676471;0.5;0.405405
AI;eva-7k;D29_V_outdoor_move_0002.mp4;False;0.676471;0.5;0.405405
AI;eva-7k;D30_V_indoor_move_0002.mp4;False;0.676471;0.5;0.405405
AI;eva-7k;D30_V_outdoor_move_0002.mp4;False;0.676471;0.5;0.405405
AI;eva-7k;D31_V_indoor_move_0002.mp4;False;0.676471;0.5;0.405405
AI;eva-7k;D31_V_outdoor_move_0002.mp4;False;0.676471;0.5;0.405405
AI;eva-7k;D32_V_indoor_move_0002.mp4;False;0.676471;0.5;0.405405
AI;eva-7k;D32_V_outdoor_move_0002.mp4;False;0.676471;0.5;0.405405
AI;eva-7k;D33_V_indoor_move_0002.mp4;False;0.676471;0.5;0.405405
AI;eva-7k;D33_V_outdoor_move_0002.mp4;False;0.676471;0.5;0.405405
AI;eva-7k;D34_V_indoor_move_0002.mp4;False;0.676471;0.5;0.405405
AI;eva-7k;D34_V_outdoor_move_0002.mp4;False;0.676471;0.5;0.405405
AI;eva-7k;D35_V_outdoor_move_0002.mp4;False;0.676471;0.5;0.405405
AI;eva-7k;D35_V_outdoor_panrot_0002.mp4;False;0.676471;0.5;0.405405
AI;eva-7k;D01_V_indoor_move_0002.mp4;False;0.615385;0.444444;0.321429
AI;eva-7k;D01_V_outdoor_move_0002.mp4;False;0.615385;0.444444;0.321429
AI;eva-7k;D03_V_indoor_move_0002.mp4;False;0.615385;0.444444;0.321429
AI;eva-7k;D03_V_outdoor_move_0002.mp4;False;0.615385;0.444444;0.321429
AI;eva-7k;D04_V_indoor_move_0002.mp4;False;0.633333;0.451613;0.3125
AI;eva-7k;D04_V_outdoor_move_0002.mp4;False;0.615385;0.444444;0.321429
AI;eva-7k;D05_V_indoor_move_0002.mp4;False;0.615385;0.444444;0.321429
AI;eva-7k;D05_V_outdoor_move_0002.mp4;False;0.615385;0.444444;0.321429
AI;eva-7k;D06_V_indoor_move_0002.mp4;False;0.615385;0.444444;0.321429
AI;eva-7k;D06_V_outdoor_move_0002.mp4;False;0.615385;0.444444;0.321429
AI;eva-7k;D07_V_indoor_move_0002.mp4;False;0.615385;0.444444;0.321429
AI;eva-7k;D07_V_outdoor_move_0002.mp4;False;0.615385;0.444444;0.321429
AI;eva-7k;D08_V_indoor_move_0002.mp4;False;0.615385;0.444444;0.321429
AI;eva-7k;D08_V_outdoor_move_0002.mp4;False;0.615385;0.444444;0.321429
AI;eva-7k;D09_V_indoor_move_0002.mp4;False;0.615385;0.444444;0.321429
AI;eva-7k;D09_V_outdoor_move_0002.mp4;False;0.615385;0.444444;0.321429
AI;eva-7k;D10_V_indoor_move_0002.mp4;False;0.615385;0.444444;0.321429
AI;eva-7k;D11_V_indoor_move_0002.mp4;False;0.615385;0.444444;0.321429
AI;eva-7k;D11_V_outdoor_move_0002.mp4;False;0.615385;0.444444;0.321429
AI;eva-7k;D12_V_indoor_move_0002.mp4;False;0.615385;0.444444;0.321429
AI;eva-7k;D12_V_outdoor_move_0002.mp4;False;0.615385;0.444444;0.321429
AI;eva-7k;D13_V_indoor_move_0002.mp4;False;0.615385;0.444444;0.321429
AI;eva-7k;D13_V_outdoor_move_0002.mp4;False;0.615385;0.444444;0.321429
AI;eva-7k;D14_V_indoor_move_0002.mp4;False;0.615385;0.444444;0.321429
AI;eva-7k;D14_V_outdoor_move_0002.mp4;False;0.615385;0.444444;0.321429
AI;eva-7k;D15_V_indoor_move_0002.mp4;False;0.615385;0.444444;0.321429
AI;eva-7k;D15_V_outdoor_move_0002.mp4;False;0.615385;0.444444;0.321429
AI;eva-7k;D16_V_indoor_move_0002.mp4;False;0.615385;0.444444;0.321429
AI;eva-7k;D16_V_outdoor_move_0002.mp4;False;0.615385;0.444444;0.321429
AI;eva-7k;D19_V_indoor_move_0002.mp4;False;0.615385;0.444444;0.321429
AI;eva-7k;D19_V_outdoor_move_0002.mp4;False;0.615385;0.444444;0.321429
AI;eva-7k;D20_V_indoor_move_0002.mp4;False;0.615385;0.444444;0.321429
AI;eva-7k;D20_V_outdoor_move_0002.mp4;False;0.615385;0.444444;0.321429
AI;eva-7k;D22_V_indoor_move_0002.mp4;False;0.615385;0.444444;0.321429
AI;eva-7k;D22_V_outdoor_move_0002.mp4;False;0.615385;0.444444;0.321429
AI;eva-7k;D23_V_indoor_move_0002.mp4;False;0.615385;0.444444;0.321429
AI;eva-7k;D23_V_outdoor_move_0002.mp4;False;0.615385;0.444444;0.321429
AI;eva-7k;D24_V_indoor_move_0002.mp4;False;0.615385;0.444444;0.321429
AI;eva-7k;D24_V_outdoor_move_0002.mp4;False;0.615385;0.444444;0.321429
AI;eva-7k;D25_V_indoor_move_0002.mp4;False;0.615385;0.444444;0.321429
AI;eva-7k;D25_V_outdoor_move_0002.mp4;False;0.615385;0.444444;0.321429
AI;eva-7k;D26_V_indoor_move_0002.mp4;False;0.615385;0.444444;0.321429
AI;eva-7k;D26_V_outdoor_move_0002.mp4;False;0.615385;0.444444;0.321429
AI;eva-7k;D27_V_indoor_move_0002.mp4;False;0.615385;0.444444;0.321429
AI;eva-7k;D27_V_outdoor_move_0002.mp4;False;0.615385;0.444444;0.321429
AI;eva-7k;D28_V_indoor_move_0002.mp4;False;0.615385;0.444444;0.321429
AI;eva-7k;D28_V_outdoor_move_0002.mp4;False;0.615385;0.444444;0.321429
AI;eva-7k;D29_V_indoor_move_0002.mp4;False;0.615385;0.444444;0.321429
AI;eva-7k;D29_V_outdoor_move_0002.mp4;False;0.615385;0.444444;0.321429
AI;eva-7k;D30_V_indoor_move_0002.mp4;False;0.615385;0.444444;0.321429
AI;eva-7k;D30_V_outdoor_move_0002.mp4;False;0.615385;0.444444;0.321429
AI;eva-7k;D31_V_indoor_move_0002.mp4;False;0.615385;0.444444;0.321429
AI;eva-7k;D31_V_outdoor_move_0002.mp4;False;0.615385;0.444444;0.321429
AI;eva-7k;D32_V_indoor_move_0002.mp4;False;0.615385;0.444444;0.321429
AI;eva-7k;D32_V_outdoor_move_0002.mp4;False;0.615385;0.444444;0.321429
AI;eva-7k;D33_V_indoor_move_0002.mp4;False;0.615385;0.444444;0.321429
AI;eva-7k;D33_V_outdoor_move_0002.mp4;False;0.615385;0.444444;0.321429
AI;eva-7k;D34_V_indoor_move_0002.mp4;False;0.615385;0.444444;0.321429
AI;eva-7k;D34_V_outdoor_move_0002.mp4;False;0.615385;0.444444;0.321429
AI;eva-7k;D35_V_outdoor_move_0002.mp4;False;0.615385;0.444444;0.321429
AI;eva-7k;D35_V_outdoor_panrot_0002.mp4;False;0.615385;0.444444;0.321429
AI;eva-7k;D01_V_indoor_move_0002.mp4;False;0.676471;0.5;0.405405
AI;eva-7k;D01_V_outdoor_move_0002.mp4;False;0.676471;0.5;0.405405
AI;eva-7k;D03_V_indoor_move_0002.mp4;False;0.676471;0.5;0.405405
AI;eva-7k;D03_V_outdoor_move_0002.mp4;False;0.676471;0.5;0.405405
AI;eva-7k;D04_V_indoor_move_0002.mp4;False;0.676471;0.5;0.405405
AI;eva-7k;D04_V_outdoor_move_0002.mp4;False;0.676471;0.5;0.405405
AI;eva-7k;D05_V_indoor_move_0002.mp4;False;0.676471;0.5;0.405405
AI;eva-7k;D05_V_outdoor_move_0002.mp4;False;0.676471;0.5;0.405405
AI;eva-7k;D06_V_indoor_move_0002.mp4;False;0.676471;0.5;0.405405
AI;eva-7k;D06_V_outdoor_move_0002.mp4;False;0.676471;0.5;0.405405
AI;eva-7k;D07_V_indoor_move_0002.mp4;False;0.676471;0.5;0.405405
AI;eva-7k;D07_V_outdoor_move_0002.mp4;False;0.676471;0.5;0.405405
AI;eva-7k;D08_V_indoor_move_0002.mp4;False;0.676471;0.5;0.405405
AI;eva-7k;D08_V_outdoor_move_0002.mp4;False;0.676471;0.5;0.405405
AI;eva-7k;D09_V_indoor_move_0002.mp4;False;0.676471;0.5;0.405405
AI;eva-7k;D09_V_outdoor_move_0002.mp4;False;0.676471;0.5;0.405405
AI;eva-7k;D10_V_indoor_move_0002.mp4;False;0.676471;0.5;0.405405
AI;eva-7k;D11_V_indoor_move_0002.mp4;False;0.676471;0.5;0.405405
AI;eva-7k;D11_V_outdoor_move_0002.mp4;False;0.676471;0.5;0.405405
AI;eva-7k;D12_V_indoor_move_0002.mp4;False;0.676471;0.5;0.405405
AI;eva-7k;D12_V_outdoor_move_0002.mp4;False;0.676471;0.5;0.405405
AI;eva-7k;D13_V_indoor_move_0002.mp4;False;0.676471;0.5;0.405405
AI;eva-7k;D13_V_outdoor_move_0002.mp4;False;0.676471;0.5;0.405405
AI;eva-7k;D14_V_indoor_move_0002.mp4;False;0.676471;0.5;0.405405
AI;eva-7k;D14_V_outdoor_move_0002.mp4;False;0.676471;0.5;0.405405
AI;eva-7k;D15_V_indoor_move_0002.mp4;False;0.676471;0.5;0.405405
AI;eva-7k;D15_V_outdoor_move_0002.mp4;False;0.676471;0.5;0.405405
AI;eva-7k;D16_V_indoor_move_0002.mp4;False;0.676471;0.5;0.405405
AI;eva-7k;D16_V_outdoor_move_0002.mp4;False;0.676471;0.5;0.405405
AI;eva-7k;D17_V_indoor_move_0002.mp4;False;0.676471;0.5;0.405405
AI;eva-7k;D19_V_indoor_move_0002.mp4;False;0.676471;0.5;0.405405
AI;eva-7k;D19_V_outdoor_move_0002.mp4;False;0.676471;0.5;0.405405
AI;eva-7k;D20_V_indoor_move_0002.mp4;False;0.676471;0.5;0.405405
AI;eva-7k;D20_V_outdoor_move_0002.mp4;False;0.676471;0.5;0.405405
AI;eva-7k;D22_V_indoor_move_0002.mp4;False;0.676471;0.5;0.405405
AI;eva-7k;D22_V_outdoor_move_0002.mp4;False;0.676471;0.5;0.405405
AI;eva-7k;D23_V_indoor_move_0002.mp4;False;0.676471;0.5;0.405405
AI;eva-7k;D23_V_outdoor_move_0002.mp4;False;0.676471;0.5;0.405405
AI;eva-7k;D24_V_indoor_move_0002.mp4;False;0.676471;0.5;0.405405
AI;eva-7k;D24_V_outdoor_move_0002.mp4;False;0.676471;0.5;0.405405
AI;eva-7k;D25_V_indoor_move_0002.mp4;False;0.676471;0.5;0.405405
AI;eva-7k;D25_V_outdoor_move_0002.mp4;False;0.676471;0.5;0.405405
AI;eva-7k;D26_V_indoor_move_0002.mp4;False;0.676471;0.5;0.405405
AI;eva-7k;D26_V_outdoor_move_0002.mp4;False;0.676471;0.5;0.405405
AI;eva-7k;D27_V_indoor_move_0002.mp4;False;0.676471;0.5;0.405405
AI;eva-7k;D27_V_outdoor_move_0002.mp4;False;0.676471;0.5;0.405405
AI;eva-7k;D28_V_indoor_move_0002.mp4;False;0.676471;0.5;0.405405
AI;eva-7k;D28_V_outdoor_move_0002.mp4;False;0.676471;0.5;0.405405
AI;eva-7k;D29_V_indoor_move_0002.mp4;False;0.676471;0.5;0.405405
AI;eva-7k;D29_V_outdoor_move_0002.mp4;False;0.676471;0.5;0.405405
AI;eva-7k;D30_V_indoor_move_0002.mp4;False;0.676471;0.5;0.405405
AI;eva-7k;D30_V_outdoor_move_0002.mp4;False;0.676471;0.5;0.405405
AI;eva-7k;D31_V_indoor_move_0002.mp4;False;0.676471;0.5;0.405405
AI;eva-7k;D31_V_outdoor_move_0002.mp4;False;0.676471;0.5;0.405405
AI;eva-7k;D32_V_indoor_move_0002.mp4;False;0.676471;0.5;0.405405
AI;eva-7k;D32_V_outdoor_move_0002.mp4;False;0.676471;0.5;0.405405
AI;eva-7k;D33_V_indoor_move_0002.mp4;False;0.676471;0.5;0.405405
AI;eva-7k;D33_V_outdoor_move_0002.mp4;False;0.676471;0.5;0.405405
AI;eva-7k;D34_V_indoor_move_0002.mp4;False;0.676471;0.5;0.405405
AI;eva-7k;D34_V_outdoor_move_0002.mp4;False;0.676471;0.5;0.405405
AI;eva-7k;D35_V_outdoor_move_0002.mp4;False;0.676471;0.5;0.405405
AI;eva-7k;D35_V_outdoor_panrot_0002.mp4;False;0.676471;0.5;0.405405
AI;eva-7k;D01_V_indoor_move_0002.mp4;False;0.676471;0.5;0.405405
AI;eva-7k;D01_V_outdoor_move_0002.mp4;False;0.676471;0.5;0.405405
AI;eva-7k;D03_V_indoor_move_0002.mp4;False;0.676471;0.5;0.405405
AI;eva-7k;D03_V_outdoor_move_0002.mp4;False;0.676471;0.5;0.405405
AI;eva-7k;D04_V_indoor_move_0002.mp4;False;0.615385;0.444444;0.321429
AI;eva-7k;D04_V_outdoor_move_0002.mp4;False;0.615385;0.444444;0.321429
AI;eva-7k;D05_V_indoor_move_0002.mp4;False;0.676471;0.5;0.405405
AI;eva-7k;D05_V_outdoor_move_0002.mp4;False;0.676471;0.5;0.405405
AI;eva-7k;D06_V_indoor_move_0002.mp4;False;0.676471;0.5;0.405405
AI;eva-7k;D06_V_outdoor_move_0002.mp4;False;0.676471;0.5;0.405405
AI;eva-7k;D07_V_indoor_move_0002.mp4;False;0.676471;0.5;0.405405
AI;eva-7k;D07_V_outdoor_move_0002.mp4;False;0.676471;0.5;0.405405
AI;eva-7k;D08_V_indoor_move_0002.mp4;False;0.676471;0.5;0.405405
AI;eva-7k;D08_V_outdoor_move_0002.mp4;False;0.676471;0.5;0.405405
AI;eva-7k;D09_V_indoor_move_0002.mp4;False;0.676471;0.5;0.405405
AI;eva-7k;D09_V_outdoor_move_0002.mp4;False;0.676471;0.5;0.405405
AI;eva-7k;D10_V_indoor_move_0002.mp4;False;0.676471;0.5;0.405405
AI;eva-7k;D11_V_indoor_move_0002.mp4;False;0.676471;0.5;0.405405
AI;eva-7k;D11_V_outdoor_move_0002.mp4;False;0.676471;0.5;0.405405
AI;eva-7k;D12_V_indoor_move_0002.mp4;False;0.676471;0.5;0.405405
AI;eva-7k;D12_V_outdoor_move_0002.mp4;False;0.676471;0.5;0.405405
AI;eva-7k;D13_V_indoor_move_0002.mp4;False;0.676471;0.5;0.405405
AI;eva-7k;D13_V_outdoor_move_0002.mp4;False;0.676471;0.5;0.405405
AI;eva-7k;D14_V_indoor_move_0002.mp4;False;0.676471;0.5;0.405405
AI;eva-7k;D14_V_outdoor_move_0002.mp4;False;0.676471;0.5;0.405405
AI;eva-7k;D15_V_indoor_move_0002.mp4;False;0.676471;0.5;0.405405
AI;eva-7k;D15_V_outdoor_move_0002.mp4;False;0.676471;0.5;0.405405
AI;eva-7k;D16_V_indoor_move_0002.mp4;False;0.676471;0.5;0.405405
AI;eva-7k;D16_V_outdoor_move_0002.mp4;False;0.676471;0.5;0.405405
AI;eva-7k;D19_V_indoor_move_0002.mp4;False;0.676471;0.5;0.405405
AI;eva-7k;D19_V_outdoor_move_0002.mp4;False;0.676471;0.5;0.405405
AI;eva-7k;D20_V_indoor_move_0002.mp4;False;0.676471;0.5;0.405405
AI;eva-7k;D20_V_outdoor_move_0002.mp4;False;0.676471;0.5;0.405405
AI;eva-7k;D22_V_indoor_move_0002.mp4;False;0.676471;0.5;0.405405
AI;eva-7k;D22_V_outdoor_move_0002.mp4;False;0.676471;0.5;0.405405
AI;eva-7k;D23_V_indoor_move_0002.mp4;False;0.615385;0.444444;0.321429
AI;eva-7k;D23_V_outdoor_move_0002.mp4;False;0.615385;0.444444;0.321429
AI;eva-7k;D24_V_indoor_move_0002.mp4;False;0.676471;0.5;0.405405
AI;eva-7k;D24_V_outdoor_move_0002.mp4;False;0.676471;0.5;0.405405
AI;eva-7k;D25_V_indoor_move_0002.mp4;False;0.676471;0.5;0.405405
AI;eva-7k;D25_V_outdoor_move_0002.mp4;False;0.676471;0.5;0.405405
AI;eva-7k;D26_V_indoor_move_0002.mp4;False;0.676471;0.5;0.405405
AI;eva-7k;D26_V_outdoor_move_0002.mp4;False;0.676471;0.5;0.405405
AI;eva-7k;D27_V_indoor_move_0002.mp4;False;0.676471;0.5;0.405405
AI;eva-7k;D27_V_outdoor_move_0002.mp4;False;0.676471;0.5;0.405405
AI;eva-7k;D28_V_indoor_move_0002.mp4;False;0.676471;0.5;0.405405
AI;eva-7k;D28_V_outdoor_move_0002.mp4;False;0.676471;0.5;0.405405
AI;eva-7k;D29_V_indoor_move_0002.mp4;False;0.676471;0.5;0.405405
AI;eva-7k;D29_V_outdoor_move_0002.mp4;False;0.676471;0.5;0.405405
AI;eva-7k;D30_V_indoor_move_0002.mp4;False;0.676471;0.5;0.405405
AI;eva-7k;D30_V_outdoor_move_0002.mp4;False;0.676471;0.5;0.405405
AI;eva-7k;D31_V_indoor_move_0002.mp4;False;0.676471;0.5;0.405405
AI;eva-7k;D31_V_outdoor_move_0002.mp4;False;0.676471;0.5;0.405405
AI;eva-7k;D32_V_indoor_move_0002.mp4;False;0.676471;0.5;0.405405
AI;eva-7k;D32_V_outdoor_move_0002.mp4;False;0.676471;0.5;0.405405
AI;eva-7k;D33_V_indoor_move_0002.mp4;False;0.676471;0.5;0.405405
AI;eva-7k;D33_V_outdoor_move_0002.mp4;False;0.676471;0.5;0.405405
AI;eva-7k;D34_V_indoor_move_0002.mp4;False;0.676471;0.5;0.405405
AI;eva-7k;D34_V_outdoor_move_0002.mp4;False;0.676471;0.5;0.405405
AI;eva-7k;D35_V_outdoor_move_0002.mp4;False;0.676471;0.5;0.405405
AI;eva-7k;D35_V_outdoor_panrot_0002.mp4;False;0.676471;0.5;0.405405
AI;eva-7k;D01_V_indoor_move_0002.mp4;False;0.676471;0.5;0.405405
AI;eva-7k;D01_V_outdoor_move_0002.mp4;False;0.676471;0.5;0.405405
AI;eva-7k;D03_V_indoor_move_0002.mp4;False;0.676471;0.5;0.405405
AI;eva-7k;D03_V_outdoor_move_0002.mp4;False;0.676471;0.5;0.405405
AI;eva-7k;D04_V_indoor_move_0002.mp4;False;0.615385;0.444444;0.321429
AI;eva-7k;D04_V_outdoor_move_0002.mp4;False;0.615385;0.444444;0.321429
AI;eva-7k;D05_V_indoor_move_0002.mp4;False;0.676471;0.5;0.405405
AI;eva-7k;D05_V_outdoor_move_0002.mp4;False;0.676471;0.5;0.405405
AI;eva-7k;D06_V_indoor_move_0002.mp4;False;0.676471;0.5;0.405405
AI;eva-7k;D06_V_outdoor_move_0002.mp4;False;0.676471;0.5;0.405405
AI;eva-7k;D07_V_indoor_move_0002.mp4;False;0.676471;0.5;0.405405
AI;eva-7k;D07_V_outdoor_move_0002.mp4;False;0.676471;0.5;0.405405
AI;eva-7k;D08_V_indoor_move_0002.mp4;False;0.676471;0.5;0.405405
AI;eva-7k;D08_V_outdoor_move_0002.mp4;False;0.676471;0.5;0.405405
AI;eva-7k;D09_V_indoor_move_0002.mp4;False;0.676471;0.5;0.405405
AI;eva-7k;D09_V_outdoor_move_0002.mp4;False;0.676471;0.5;0.405405
AI;eva-7k;D10_V_indoor_move_0002.mp4;False;0.676471;0.5;0.405405
AI;eva-7k;D11_V_indoor_move_0002.mp4;False;0.676471;0.5;0.405405
AI;eva-7k;D11_V_outdoor_move_0002.mp4;False;0.676471;0.5;0.405405
AI;eva-7k;D12_V_indoor_move_0002.mp4;False;0.676471;0.5;0.405405
AI;eva-7k;D12_V_outdoor_move_0002.mp4;False;0.676471;0.5;0.405405
AI;eva-7k;D13_V_indoor_move_0002.mp4;False;0.676471;0.5;0.405405
AI;eva-7k;D13_V_outdoor_move_0002.mp4;False;0.676471;0.5;0.405405
AI;eva-7k;D14_V_indoor_move_0002.mp4;False;0.676471;0.5;0.405405
AI;eva-7k;D14_V_outdoor_move_0002.mp4;False;0.676471;0.5;0.405405
AI;eva-7k;D15_V_indoor_move_0002.mp4;False;0.676471;0.5;0.405405
AI;eva-7k;D15_V_outdoor_move_0002.mp4;False;0.676471;0.5;0.405405
AI;eva-7k;D16_V_indoor_move_0002.mp4;False;0.676471;0.5;0.405405
AI;eva-7k;D16_V_outdoor_move_0002.mp4;False;0.676471;0.5;0.405405
AI;eva-7k;D19_V_indoor_move_0002.mp4;False;0.676471;0.5;0.405405
AI;eva-7k;D19_V_outdoor_move_0002.mp4;False;0.676471;0.5;0.405405
AI;eva-7k;D20_V_indoor_move_0002.mp4;False;0.676471;0.5;0.405405
AI;eva-7k;D20_V_outdoor_move_0002.mp4;False;0.676471;0.5;0.405405
AI;eva-7k;D22_V_indoor_move_0002.mp4;False;0.676471;0.5;0.405405
AI;eva-7k;D22_V_outdoor_move_0002.mp4;False;0.676471;0.5;0.405405
AI;eva-7k;D23_V_indoor_move_0002.mp4;False;0.615385;0.444444;0.321429
AI;eva-7k;D23_V_outdoor_move_0002.mp4;False;0.615385;0.444444;0.321429
AI;eva-7k;D24_V_indoor_move_0002.mp4;False;0.676471;0.5;0.405405
AI;eva-7k;D24_V_outdoor_move_0002.mp4;False;0.676471;0.5;0.405405
AI;eva-7k;D25_V_indoor_move_0002.mp4;False;0.676471;0.5;0.405405
AI;eva-7k;D25_V_outdoor_move_0002.mp4;False;0.676471;0.5;0.405405
AI;eva-7k;D26_V_indoor_move_0002.mp4;False;0.676471;0.5;0.405405
AI;eva-7k;D26_V_outdoor_move_0002.mp4;False;0.676471;0.5;0.405405
AI;eva-7k;D27_V_indoor_move_0002.mp4;False;0.676471;0.5;0.405405
AI;eva-7k;D27_V_outdoor_move_0002.mp4;False;0.676471;0.5;0.405405
AI;eva-7k;D28_V_indoor_move_0002.mp4;False;0.676471;0.5;0.405405
AI;eva-7k;D28_V_outdoor_move_0002.mp4;False;0.676471;0.5;0.405405
AI;eva-7k;D29_V_indoor_move_0002.mp4;False;0.676471;0.5;0.405405
AI;eva-7k;D29_V_outdoor_move_0002.mp4;False;0.676471;0.5;0.405405
AI;eva-7k;D30_V_indoor_move_0002.mp4;False;0.676471;0.5;0.405405
AI;eva-7k;D30_V_outdoor_move_0002.mp4;False;0.676471;0.5;0.405405
AI;eva-7k;D31_V_indoor_move_0002.mp4;False;0.676471;0.5;0.405405
AI;eva-7k;D31_V_outdoor_move_0002.mp4;False;0.676471;0.5;0.405405
AI;eva-7k;D32_V_indoor_move_0002.mp4;False;0.676471;0.5;0.405405
AI;eva-7k;D32_V_outdoor_move_0002.mp4;False;0.676471;0.5;0.405405
AI;eva-7k;D33_V_indoor_move_0002.mp4;False;0.676471;0.5;0.405405
AI;eva-7k;D33_V_outdoor_move_0002.mp4;False;0.676471;0.5;0.405405
AI;eva-7k;D34_V_indoor_move_0002.mp4;False;0.676471;0.5;0.405405
AI;eva-7k;D34_V_outdoor_move_0002.mp4;False;0.676471;0.5;0.405405
AI;eva-7k;D35_V_outdoor_move_0002.mp4;False;0.676471;0.5;0.405405
AI;eva-7k;D35_V_outdoor_panrot_0002.mp4;False;0.676471;0.5;0.405405
