ground_truth_source;ground_truth_mp4;filename;true_positive;similarity_2;similarity_3;similarity_4
DIGITAL_CAMERA_ORIGINAL;ai_generation_original;AI01_02_synth.mp4;False;0.75;0.604651;0.555556
DIGITAL_CAMERA_ORIGINAL;mixed_original;AI01_04_df.mp4;False;0.75;0.604651;0.555556
DIGITAL_CAMERA_ORIGINAL;ai_generation_original;AI02_02_synth.mp4;False;0.74359;0.642857;0.590909
DIGITAL_CAMERA_ORIGINAL;mixed_original;AI02_04_df.mp4;False;0.75;0.604651;0.555556
DIGITAL_CAMERA_ORIGINAL;mixed_original;AI03_02_df.mp4;False;0.794872;0.642857;0.590909
DIGITAL_CAMERA_ORIGINAL;mixed_original;AI04_02_df.mp4;False;0.794872;0.642857;0.590909
DIGITAL_CAMERA_ORIGINAL;mixed_original;AI04_04_df.mp4;False;0.794872;0.642857;0.590909
DIGITAL_CAMERA_ORIGINAL;mixed_original;AI04_06_df.mp4;False;0.794872;0.642857;0.590909
DIGITAL_CAMERA_ORIGINAL;mixed_original;AI04_08_df.mp4;False;0.794872;0.642857;0.590909
DIGITAL_CAMERA_ORIGINAL;ai_generation_original;AI04_10_synth.mp4;False;0.794872;0.642857;0.590909
DIGITAL_CAMERA_ORIGINAL;ai_generation_original;AI04_12_synth.mp4;False;0.794872;0.642857;0.590909
DIGITAL_CAMERA_ORIGINAL;mixed_original;AI04_15_df.mp4;False;0.8;0.651163;0.6
DIGITAL_CAMERA_ORIGINAL;ai_generation_original;AI05_02_synth.mp4;False;0.870968;0.733333;0.62069
DIGITAL_CAMERA_ORIGINAL;ai_generation_original;AI06_02_synth.mp4;False;0.870968;0.733333;0.62069
DIGITAL_CAMERA_ORIGINAL;ai_generation_original;AI07_02_synth.mp4;False;0.75;0.604651;0.555556
DIGITAL_CAMERA_ORIGINAL;ai_generation_original;AI07_04_synth.mp4;False;0.75;0.604651;0.555556
DIGITAL_CAMERA_ORIGINAL;ai_generation_original;AI07_06_synth.mp4;False;0.75;0.604651;0.555556
DIGITAL_CAMERA_ORIGINAL;ai_generation_original;AI07_08_synth.mp4;False;0.75;0.604651;0.555556
DIGITAL_CAMERA_ORIGINAL;mixed_original;AI07_10_df.mp4;False;0.75;0.604651;0.555556
DIGITAL_CAMERA_ORIGINAL;mixed_original;AI08_02_df.mp4;False;0.794872;0.642857;0.590909
DIGITAL_CAMERA_ORIGINAL;mixed_original;AI08_04_df.mp4;False;0.794872;0.642857;0.590909
DIGITAL_CAMERA_ORIGINAL;mixed_original;AI09_02_df.mp4;False;0.896552;0.785714;0.703704
DIGITAL_CAMERA_ORIGINAL;mixed_original;AI09_04_df.mp4;False;0.896552;0.785714;0.703704
DIGITAL_CAMERA_ORIGINAL;mixed_original;AI10_02_df.mp4;False;0.931034;0.785714;0.703704
DIGITAL_CAMERA_ORIGINAL;mixed_original;AI10_04_df.mp4;False;0.931034;0.785714;0.703704
DIGITAL_CAMERA_ORIGINAL;mixed_original;AI11_02_df.mp4;False;0.794872;0.642857;0.590909
DIGITAL_CAMERA_ORIGINAL;mixed_original;AI11_04_df.mp4;False;0.794872;0.642857;0.590909
DIGITAL_CAMERA_ORIGINAL;ai_generation_original;AI11_06_synth.mp4;False;0.866667;0.689655;0.607143
DIGITAL_CAMERA_ORIGINAL;ai_generation_original;AI11_08_synth.mp4;False;0.896552;0.785714;0.703704
DIGITAL_CAMERA_ORIGINAL;mixed_original;AI11_10_df.mp4;False;0.866667;0.689655;0.607143
DIGITAL_CAMERA_ORIGINAL;digital_camera_original;D01_V_flat_move_0002.mp4;True;1.0;1.0;1.0
DIGITAL_CAMERA_ORIGINAL;digital_camera_original;D01_V_flat_panrot_0001.mp4;True;1.0;1.0;1.0
DIGITAL_CAMERA_ORIGINAL;digital_camera_original;D01_V_flat_still_0001.mp4;True;1.0;1.0;1.0
DIGITAL_CAMERA_ORIGINAL;digital_camera_whatsapp;D01_V_flatWA_move_0002.mp4;False;0.818182;0.8;0.756757
DIGITAL_CAMERA_ORIGINAL;digital_camera_whatsapp;D01_V_flatWA_panrot_0001.mp4;False;0.818182;0.8;0.756757
DIGITAL_CAMERA_ORIGINAL;digital_camera_whatsapp;D01_V_flatWA_still_0001.mp4;False;0.818182;0.8;0.756757
DIGITAL_CAMERA_ORIGINAL;digital_camera_youtube;D01_V_flatYT_move_0002.mp4;False;0.916667;0.842105;0.8
DIGITAL_CAMERA_ORIGINAL;digital_camera_youtube;D01_V_flatYT_panrot_0001.mp4;False;0.916667;0.842105;0.8
DIGITAL_CAMERA_ORIGINAL;digital_camera_youtube;D01_V_flatYT_still_0001.mp4;False;0.916667;0.842105;0.8
DIGITAL_CAMERA_ORIGINAL;digital_camera_original;D01_V_indoor_move_0002.mp4;True;1.0;1.0;1.0
DIGITAL_CAMERA_ORIGINAL;digital_camera_original;D01_V_indoor_panrot_0001.mp4;True;1.0;1.0;1.0
DIGITAL_CAMERA_ORIGINAL;digital_camera_original;D01_V_indoor_panrot_0002.mp4;True;1.0;1.0;1.0
DIGITAL_CAMERA_ORIGINAL;digital_camera_original;D01_V_indoor_still_0001.mp4;True;1.0;1.0;1.0
DIGITAL_CAMERA_ORIGINAL;digital_camera_original;D01_V_indoor_still_0002.mp4;True;1.0;1.0;1.0
DIGITAL_CAMERA_ORIGINAL;digital_camera_whatsapp;D01_V_indoorWA_move_0002.mp4;False;0.818182;0.8;0.756757
DIGITAL_CAMERA_ORIGINAL;digital_camera_whatsapp;D01_V_indoorWA_panrot_0001.mp4;False;0.818182;0.8;0.756757
DIGITAL_CAMERA_ORIGINAL;digital_camera_whatsapp;D01_V_indoorWA_panrot_0002.mp4;False;0.818182;0.8;0.756757
DIGITAL_CAMERA_ORIGINAL;digital_camera_whatsapp;D01_V_indoorWA_still_0001.mp4;False;0.818182;0.8;0.756757
DIGITAL_CAMERA_ORIGINAL;digital_camera_whatsapp;D01_V_indoorWA_still_0002.mp4;False;0.818182;0.8;0.756757
DIGITAL_CAMERA_ORIGINAL;digital_camera_youtube;D01_V_indoorYT_move_0002.mp4;False;0.916667;0.842105;0.8
DIGITAL_CAMERA_ORIGINAL;digital_camera_youtube;D01_V_indoorYT_panrot_0001.mp4;False;0.916667;0.842105;0.8
DIGITAL_CAMERA_ORIGINAL;digital_camera_youtube;D01_V_indoorYT_panrot_0002.mp4;False;0.916667;0.842105;0.8
DIGITAL_CAMERA_ORIGINAL;digital_camera_youtube;D01_V_indoorYT_still_0001.mp4;False;0.916667;0.842105;0.8
DIGITAL_CAMERA_ORIGINAL;digital_camera_youtube;D01_V_indoorYT_still_0002.mp4;False;0.916667;0.842105;0.8
DIGITAL_CAMERA_ORIGINAL;digital_camera_original;D01_V_outdoor_move_0002.mp4;True;1.0;1.0;1.0
DIGITAL_CAMERA_ORIGINAL;digital_camera_original;D01_V_outdoor_move_0003.mp4;True;1.0;1.0;1.0
DIGITAL_CAMERA_ORIGINAL;digital_camera_original;D01_V_outdoor_move_0004.mp4;True;1.0;1.0;1.0
DIGITAL_CAMERA_ORIGINAL;digital_camera_original;D01_V_outdoor_panrot_0001.mp4;True;1.0;1.0;1.0
DIGITAL_CAMERA_ORIGINAL;digital_camera_original;D01_V_outdoor_panrot_0002.mp4;True;1.0;1.0;1.0
DIGITAL_CAMERA_ORIGINAL;digital_camera_original;D01_V_outdoor_panrot_0003.mp4;True;1.0;1.0;1.0
DIGITAL_CAMERA_ORIGINAL;digital_camera_original;D01_V_outdoor_panrot_0004.mp4;True;1.0;1.0;1.0
DIGITAL_CAMERA_ORIGINAL;digital_camera_original;D01_V_outdoor_still_0001.mp4;True;1.0;1.0;1.0
DIGITAL_CAMERA_ORIGINAL;digital_camera_original;D01_V_outdoor_still_0002.mp4;True;1.0;1.0;1.0
DIGITAL_CAMERA_ORIGINAL;digital_camera_original;D01_V_outdoor_still_0003.mp4;True;1.0;1.0;1.0
DIGITAL_CAMERA_ORIGINAL;digital_camera_original;D01_V_outdoor_still_0004.mp4;True;1.0;1.0;1.0
DIGITAL_CAMERA_ORIGINAL;digital_camera_whatsapp;D01_V_outdoorWA_move_0002.mp4;False;0.818182;0.8;0.756757
DIGITAL_CAMERA_ORIGINAL;digital_camera_whatsapp;D01_V_outdoorWA_move_0003.mp4;False;0.818182;0.8;0.756757
DIGITAL_CAMERA_ORIGINAL;digital_camera_whatsapp;D01_V_outdoorWA_move_0004.mp4;False;0.818182;0.8;0.756757
DIGITAL_CAMERA_ORIGINAL;digital_camera_whatsapp;D01_V_outdoorWA_panrot_0001.mp4;False;0.818182;0.8;0.756757
DIGITAL_CAMERA_ORIGINAL;digital_camera_whatsapp;D01_V_outdoorWA_panrot_0002.mp4;False;0.818182;0.8;0.756757
DIGITAL_CAMERA_ORIGINAL;digital_camera_whatsapp;D01_V_outdoorWA_panrot_0003.mp4;False;0.818182;0.8;0.756757
DIGITAL_CAMERA_ORIGINAL;digital_camera_whatsapp;D01_V_outdoorWA_panrot_0004.mp4;False;0.818182;0.8;0.756757
DIGITAL_CAMERA_ORIGINAL;digital_camera_whatsapp;D01_V_outdoorWA_still_0001.mp4;False;0.818182;0.8;0.756757
DIGITAL_CAMERA_ORIGINAL;digital_camera_whatsapp;D01_V_outdoorWA_still_0002.mp4;False;0.818182;0.8;0.756757
DIGITAL_CAMERA_ORIGINAL;digital_camera_whatsapp;D01_V_outdoorWA_still_0003.mp4;False;0.818182;0.8;0.756757
DIGITAL_CAMERA_ORIGINAL;digital_camera_whatsapp;D01_V_outdoorWA_still_0004.mp4;False;0.818182;0.8;0.756757
DIGITAL_CAMERA_ORIGINAL;digital_camera_youtube;D01_V_outdoorYT_panrot_0002.mp4;False;0.916667;0.842105;0.8
DIGITAL_CAMERA_ORIGINAL;digital_camera_youtube;D01_V_outdoorYT_panrot_0003.mp4;False;0.916667;0.842105;0.8
DIGITAL_CAMERA_ORIGINAL;digital_camera_youtube;D01_V_outdoorYT_still_0001.mp4;False;0.916667;0.842105;0.8
DIGITAL_CAMERA_ORIGINAL;digital_camera_youtube;D01_V_outdoorYT_still_0002.mp4;False;0.916667;0.842105;0.8
DIGITAL_CAMERA_ORIGINAL;digital_camera_youtube;D01_V_outdoorYT_still_0003.mp4;False;0.916667;0.842105;0.8
DIGITAL_CAMERA_ORIGINAL;digital_camera_original;D02_V_flat_move_0002.mov;True;1.0;1.0;1.0
DIGITAL_CAMERA_ORIGINAL;digital_camera_original;D02_V_flat_panrot_0001.mov;True;1.0;1.0;1.0
DIGITAL_CAMERA_ORIGINAL;digital_camera_original;D02_V_flat_still_0001.mov;True;1.0;1.0;1.0
DIGITAL_CAMERA_ORIGINAL;digital_camera_whatsapp;D02_V_flatWA_move_0002.mp4;False;0.818182;0.8;0.756757
DIGITAL_CAMERA_ORIGINAL;digital_camera_whatsapp;D02_V_flatWA_panrot_0001.mp4;False;0.818182;0.8;0.756757
DIGITAL_CAMERA_ORIGINAL;digital_camera_whatsapp;D02_V_flatWA_still_0001.mp4;False;0.818182;0.8;0.756757
DIGITAL_CAMERA_ORIGINAL;digital_camera_youtube;D02_V_flatYT_move_0002.mp4;False;0.916667;0.842105;0.8
DIGITAL_CAMERA_ORIGINAL;digital_camera_youtube;D02_V_flatYT_panrot_0001.mp4;False;0.916667;0.842105;0.8
DIGITAL_CAMERA_ORIGINAL;digital_camera_youtube;D02_V_flatYT_still_0001.mp4;False;0.916667;0.842105;0.8
DIGITAL_CAMERA_ORIGINAL;digital_camera_original;D02_V_indoor_panrot_0001.mov;True;1.0;1.0;1.0
DIGITAL_CAMERA_ORIGINAL;digital_camera_original;D02_V_indoor_still_0001.mov;True;1.0;1.0;1.0
DIGITAL_CAMERA_ORIGINAL;digital_camera_whatsapp;D02_V_indoorWA_panrot_0001.mp4;False;0.818182;0.8;0.756757
DIGITAL_CAMERA_ORIGINAL;digital_camera_whatsapp;D02_V_indoorWA_still_0001.mp4;False;0.818182;0.8;0.756757
DIGITAL_CAMERA_ORIGINAL;digital_camera_youtube;D02_V_indoorYT_panrot_0001.mp4;False;0.916667;0.842105;0.8
DIGITAL_CAMERA_ORIGINAL;digital_camera_youtube;D02_V_indoorYT_still_0001.mp4;False;0.916667;0.842105;0.8
DIGITAL_CAMERA_ORIGINAL;digital_camera_original;D02_V_outdoor_panrot_0001.mov;True;1.0;1.0;1.0
DIGITAL_CAMERA_ORIGINAL;digital_camera_original;D02_V_outdoor_panrot_0002.mov;True;1.0;1.0;1.0
DIGITAL_CAMERA_ORIGINAL;digital_camera_original;D02_V_outdoor_still_0001.mov;True;1.0;1.0;1.0
DIGITAL_CAMERA_ORIGINAL;digital_camera_original;D02_V_outdoor_still_0002.mov;True;1.0;1.0;1.0
DIGITAL_CAMERA_ORIGINAL;digital_camera_original;D02_V_outdoor_still_0003.mov;True;1.0;1.0;1.0
DIGITAL_CAMERA_ORIGINAL;digital_camera_whatsapp;D02_V_outdoorWA_panrot_0001.mp4;False;0.818182;0.8;0.756757
DIGITAL_CAMERA_ORIGINAL;digital_camera_whatsapp;D02_V_outdoorWA_panrot_0002.mp4;False;0.818182;0.8;0.756757
DIGITAL_CAMERA_ORIGINAL;digital_camera_whatsapp;D02_V_outdoorWA_still_0001.mp4;False;0.818182;0.8;0.756757
DIGITAL_CAMERA_ORIGINAL;digital_camera_whatsapp;D02_V_outdoorWA_still_0002.mp4;False;0.818182;0.8;0.756757
DIGITAL_CAMERA_ORIGINAL;digital_camera_whatsapp;D02_V_outdoorWA_still_0003.mp4;False;0.818182;0.8;0.756757
DIGITAL_CAMERA_ORIGINAL;digital_camera_youtube;D02_V_outdoorYT_panrot_0001.mp4;False;0.916667;0.842105;0.8
DIGITAL_CAMERA_ORIGINAL;digital_camera_youtube;D02_V_outdoorYT_panrot_0002.mp4;False;0.916667;0.842105;0.8
DIGITAL_CAMERA_ORIGINAL;digital_camera_youtube;D02_V_outdoorYT_still_0001.mp4;False;0.916667;0.842105;0.8
DIGITAL_CAMERA_ORIGINAL;digital_camera_youtube;D02_V_outdoorYT_still_0002.mp4;False;0.916667;0.842105;0.8
DIGITAL_CAMERA_ORIGINAL;digital_camera_youtube;D02_V_outdoorYT_still_0003.mp4;False;0.916667;0.842105;0.8
DIGITAL_CAMERA_ORIGINAL;digital_camera_original;D03_V_flat_move_0002.mp4;True;1.0;1.0;1.0
DIGITAL_CAMERA_ORIGINAL;digital_camera_original;D03_V_flat_move_0003.mp4;True;1.0;1.0;1.0
DIGITAL_CAMERA_ORIGINAL;digital_camera_original;D03_V_flat_panrot_0001.mp4;True;1.0;1.0;1.0
DIGITAL_CAMERA_ORIGINAL;digital_camera_original;D03_V_flat_panrot_0002.mp4;True;1.0;1.0;1.0
DIGITAL_CAMERA_ORIGINAL;digital_camera_original;D03_V_flat_still_0001.mp4;True;1.0;1.0;1.0
DIGITAL_CAMERA_ORIGINAL;digital_camera_whatsapp;D03_V_flatWA_move_0002.mp4;False;0.818182;0.8;0.756757
DIGITAL_CAMERA_ORIGINAL;digital_camera_whatsapp;D03_V_flatWA_move_0003.mp4;False;0.818182;0.8;0.756757
DIGITAL_CAMERA_ORIGINAL;digital_camera_whatsapp;D03_V_flatWA_panrot_0001.mp4;False;0.818182;0.8;0.756757
DIGITAL_CAMERA_ORIGINAL;digital_camera_whatsapp;D03_V_flatWA_panrot_0002.mp4;False;0.818182;0.8;0.756757
DIGITAL_CAMERA_ORIGINAL;digital_camera_whatsapp;D03_V_flatWA_still_0001.mp4;False;0.818182;0.8;0.756757
DIGITAL_CAMERA_ORIGINAL;digital_camera_youtube;D03_V_flatYT_move_0002.mp4;False;0.916667;0.842105;0.8
DIGITAL_CAMERA_ORIGINAL;digital_camera_youtube;D03_V_flatYT_move_0003.mp4;False;0.916667;0.842105;0.8
DIGITAL_CAMERA_ORIGINAL;digital_camera_youtube;D03_V_flatYT_panrot_0001.mp4;False;0.916667;0.842105;0.8
DIGITAL_CAMERA_ORIGINAL;digital_camera_youtube;D03_V_flatYT_panrot_0002.mp4;False;0.916667;0.842105;0.8
DIGITAL_CAMERA_ORIGINAL;digital_camera_youtube;D03_V_flatYT_still_0001.mp4;False;0.916667;0.842105;0.8
DIGITAL_CAMERA_ORIGINAL;digital_camera_original;D03_V_indoor_move_0002.mp4;True;1.0;1.0;1.0
DIGITAL_CAMERA_ORIGINAL;digital_camera_original;D03_V_indoor_panrot_0001.mp4;True;1.0;1.0;1.0
DIGITAL_CAMERA_ORIGINAL;digital_camera_original;D03_V_indoor_panrot_0002.mp4;True;1.0;1.0;1.0
DIGITAL_CAMERA_ORIGINAL;digital_camera_original;D03_V_indoor_still_0001.mp4;True;1.0;1.0;1.0
DIGITAL_CAMERA_ORIGINAL;digital_camera_original;D03_V_indoor_still_0002.mp4;True;1.0;1.0;1.0
DIGITAL_CAMERA_ORIGINAL;digital_camera_whatsapp;D03_V_indoorWA_move_0002.mp4;False;0.818182;0.8;0.756757
DIGITAL_CAMERA_ORIGINAL;digital_camera_whatsapp;D03_V_indoorWA_panrot_0001.mp4;False;0.818182;0.8;0.756757
DIGITAL_CAMERA_ORIGINAL;digital_camera_whatsapp;D03_V_indoorWA_panrot_0002.mp4;False;0.818182;0.8;0.756757
DIGITAL_CAMERA_ORIGINAL;digital_camera_whatsapp;D03_V_indoorWA_still_0001.mp4;False;0.818182;0.8;0.756757
DIGITAL_CAMERA_ORIGINAL;digital_camera_whatsapp;D03_V_indoorWA_still_0002.mp4;False;0.818182;0.8;0.756757
DIGITAL_CAMERA_ORIGINAL;digital_camera_youtube;D03_V_indoorYT_move_0002.mp4;False;0.916667;0.842105;0.8
DIGITAL_CAMERA_ORIGINAL;digital_camera_youtube;D03_V_indoorYT_panrot_0001.mp4;False;0.916667;0.842105;0.8
DIGITAL_CAMERA_ORIGINAL;digital_camera_youtube;D03_V_indoorYT_panrot_0002.mp4;False;0.916667;0.842105;0.8
DIGITAL_CAMERA_ORIGINAL;digital_camera_youtube;D03_V_indoorYT_still_0001.mp4;False;0.916667;0.842105;0.8
DIGITAL_CAMERA_ORIGINAL;digital_camera_youtube;D03_V_indoorYT_still_0002.mp4;False;0.916667;0.842105;0.8
DIGITAL_CAMERA_ORIGINAL;digital_camera_original;D03_V_outdoor_move_0002.mp4;True;1.0;1.0;1.0
DIGITAL_CAMERA_ORIGINAL;digital_camera_original;D03_V_outdoor_panrot_0001.mp4;True;1.0;1.0;1.0
DIGITAL_CAMERA_ORIGINAL;digital_camera_original;D03_V_outdoor_panrot_0002.mp4;True;1.0;1.0;1.0
DIGITAL_CAMERA_ORIGINAL;digital_camera_original;D03_V_outdoor_still_0001.mp4;True;1.0;1.0;1.0
DIGITAL_CAMERA_ORIGINAL;digital_camera_original;D03_V_outdoor_still_0002.mp4;True;1.0;1.0;1.0
DIGITAL_CAMERA_ORIGINAL;digital_camera_whatsapp;D03_V_outdoorWA_move_0002.mp4;False;0.818182;0.8;0.756757
DIGITAL_CAMERA_ORIGINAL;digital_camera_whatsapp;D03_V_outdoorWA_panrot_0001.mp4;False;0.818182;0.8;0.756757
DIGITAL_CAMERA_ORIGINAL;digital_camera_whatsapp;D03_V_outdoorWA_panrot_0002.mp4;False;0.818182;0.8;0.756757
DIGITAL_CAMERA_ORIGINAL;digital_camera_whatsapp;D03_V_outdoorWA_still_0001.mp4;False;0.818182;0.8;0.756757
DIGITAL_CAMERA_ORIGINAL;digital_camera_whatsapp;D03_V_outdoorWA_still_0002.mp4;False;0.818182;0.8;0.756757
DIGITAL_CAMERA_ORIGINAL;digital_camera_youtube;D03_V_outdoorYT_move_0002.mp4;False;0.916667;0.842105;0.8
DIGITAL_CAMERA_ORIGINAL;digital_camera_youtube;D03_V_outdoorYT_panrot_0001.mp4;False;0.916667;0.842105;0.8
DIGITAL_CAMERA_ORIGINAL;digital_camera_youtube;D03_V_outdoorYT_panrot_0002.mp4;False;0.916667;0.842105;0.8
DIGITAL_CAMERA_ORIGINAL;digital_camera_youtube;D03_V_outdoorYT_still_0001.mp4;False;0.916667;0.842105;0.8
DIGITAL_CAMERA_ORIGINAL;digital_camera_youtube;D03_V_outdoorYT_still_0002.mp4;False;0.916667;0.842105;0.8
DIGITAL_CAMERA_ORIGINAL;digital_camera_original;D04_V_flat_move_0002.mp4;True;1.0;1.0;1.0
DIGITAL_CAMERA_ORIGINAL;digital_camera_original;D04_V_flat_move_0003.mp4;True;1.0;1.0;1.0
DIGITAL_CAMERA_ORIGINAL;digital_camera_original;D04_V_flat_panrot_0001.mp4;True;1.0;1.0;1.0
DIGITAL_CAMERA_ORIGINAL;digital_camera_original;D04_V_flat_panrot_0002.mp4;True;1.0;1.0;1.0
DIGITAL_CAMERA_ORIGINAL;digital_camera_original;D04_V_flat_still_0001.mp4;True;1.0;1.0;1.0
DIGITAL_CAMERA_ORIGINAL;digital_camera_original;D04_V_flat_still_0002.mp4;True;1.0;1.0;1.0
DIGITAL_CAMERA_ORIGINAL;digital_camera_whatsapp;D04_V_flatWA_move_0002.mp4;False;0.78125;0.735294;0.666667
DIGITAL_CAMERA_ORIGINAL;digital_camera_whatsapp;D04_V_flatWA_move_0003.mp4;False;0.78125;0.735294;0.666667
DIGITAL_CAMERA_ORIGINAL;digital_camera_whatsapp;D04_V_flatWA_panrot_0001.mp4;False;0.78125;0.735294;0.666667
DIGITAL_CAMERA_ORIGINAL;digital_camera_whatsapp;D04_V_flatWA_panrot_0002.mp4;False;0.78125;0.735294;0.666667
DIGITAL_CAMERA_ORIGINAL;digital_camera_whatsapp;D04_V_flatWA_still_0001.mp4;False;0.78125;0.735294;0.666667
DIGITAL_CAMERA_ORIGINAL;digital_camera_whatsapp;D04_V_flatWA_still_0002.mp4;False;0.78125;0.735294;0.666667
DIGITAL_CAMERA_ORIGINAL;digital_camera_youtube;D04_V_flatYT_move_0002.mp4;False;0.916667;0.842105;0.8
DIGITAL_CAMERA_ORIGINAL;digital_camera_youtube;D04_V_flatYT_move_0003.mp4;False;0.916667;0.842105;0.8
DIGITAL_CAMERA_ORIGINAL;digital_camera_youtube;D04_V_flatYT_panrot_0001.mp4;False;0.916667;0.842105;0.8
DIGITAL_CAMERA_ORIGINAL;digital_camera_youtube;D04_V_flatYT_panrot_0002.mp4;False;0.916667;0.842105;0.8
DIGITAL_CAMERA_ORIGINAL;digital_camera_youtube;D04_V_flatYT_still_0001.mp4;False;0.916667;0.842105;0.8
DIGITAL_CAMERA_ORIGINAL;digital_camera_youtube;D04_V_flatYT_still_0002.mp4;False;0.916667;0.842105;0.8
DIGITAL_CAMERA_ORIGINAL;digital_camera_original;D04_V_indoor_move_0002.mp4;True;1.0;1.0;1.0
DIGITAL_CAMERA_ORIGINAL;digital_camera_original;D04_V_indoor_panrot_0001.mp4;True;1.0;1.0;1.0
DIGITAL_CAMERA_ORIGINAL;digital_camera_original;D04_V_indoor_panrot_0002.mp4;True;1.0;1.0;1.0
DIGITAL_CAMERA_ORIGINAL;digital_camera_original;D04_V_indoor_still_0001.mp4;True;1.0;1.0;1.0
DIGITAL_CAMERA_ORIGINAL;digital_camera_original;D04_V_indoor_still_0002.mp4;True;1.0;1.0;1.0
DIGITAL_CAMERA_ORIGINAL;digital_camera_whatsapp;D04_V_indoorWA_panrot_0001.mp4;False;0.78125;0.735294;0.666667
DIGITAL_CAMERA_ORIGINAL;digital_camera_whatsapp;D04_V_indoorWA_panrot_0002.mp4;False;0.78125;0.735294;0.666667
DIGITAL_CAMERA_ORIGINAL;digital_camera_whatsapp;D04_V_indoorWA_still_0001.mp4;False;0.78125;0.735294;0.666667
DIGITAL_CAMERA_ORIGINAL;digital_camera_whatsapp;D04_V_indoorWA_still_0002.mp4;False;0.78125;0.735294;0.666667
DIGITAL_CAMERA_ORIGINAL;digital_camera_youtube;D04_V_indoorYT_move_0002.mp4;False;0.916667;0.842105;0.8
DIGITAL_CAMERA_ORIGINAL;digital_camera_youtube;D04_V_indoorYT_panrot_0001.mp4;False;0.916667;0.842105;0.8
DIGITAL_CAMERA_ORIGINAL;digital_camera_youtube;D04_V_indoorYT_panrot_0002.mp4;False;0.916667;0.842105;0.8
DIGITAL_CAMERA_ORIGINAL;digital_camera_youtube;D04_V_indoorYT_still_0001.mp4;False;0.916667;0.842105;0.8
DIGITAL_CAMERA_ORIGINAL;digital_camera_youtube;D04_V_indoorYT_still_0002.mp4;False;0.916667;0.842105;0.8
DIGITAL_CAMERA_ORIGINAL;digital_camera_original;D04_V_outdoor_move_0002.mp4;True;1.0;1.0;1.0
DIGITAL_CAMERA_ORIGINAL;digital_camera_original;D04_V_outdoor_panrot_0001.mp4;True;1.0;1.0;1.0
DIGITAL_CAMERA_ORIGINAL;digital_camera_original;D04_V_outdoor_panrot_0002.mp4;True;1.0;1.0;1.0
DIGITAL_CAMERA_ORIGINAL;digital_camera_original;D04_V_outdoor_still_0001.mp4;True;1.0;1.0;1.0
DIGITAL_CAMERA_ORIGINAL;digital_camera_original;D04_V_outdoor_still_0002.mp4;True;1.0;1.0;1.0
DIGITAL_CAMERA_ORIGINAL;digital_camera_whatsapp;D04_V_outdoorWA_move_0002.mp4;False;0.78125;0.735294;0.666667
DIGITAL_CAMERA_ORIGINAL;digital_camera_whatsapp;D04_V_outdoorWA_panrot_0001.mp4;False;0.78125;0.735294;0.666667
DIGITAL_CAMERA_ORIGINAL;digital_camera_whatsapp;D04_V_outdoorWA_panrot_0002.mp4;False;0.78125;0.735294;0.666667
DIGITAL_CAMERA_ORIGINAL;digital_camera_whatsapp;D04_V_outdoorWA_still_0001.mp4;False;0.78125;0.735294;0.666667
DIGITAL_CAMERA_ORIGINAL;digital_camera_whatsapp;D04_V_outdoorWA_still_0002.mp4;False;0.78125;0.735294;0.666667
DIGITAL_CAMERA_ORIGINAL;digital_camera_youtube;D04_V_outdoorYT_move_0002.mp4;False;0.916667;0.842105;0.8
DIGITAL_CAMERA_ORIGINAL;digital_camera_youtube;D04_V_outdoorYT_panrot_0001.mp4;False;0.916667;0.842105;0.8
DIGITAL_CAMERA_ORIGINAL;digital_camera_youtube;D04_V_outdoorYT_panrot_0002.mp4;False;0.916667;0.842105;0.8
DIGITAL_CAMERA_ORIGINAL;digital_camera_youtube;D04_V_outdoorYT_still_0001.mp4;False;0.916667;0.842105;0.8
DIGITAL_CAMERA_ORIGINAL;digital_camera_youtube;D04_V_outdoorYT_still_0002.mp4;False;0.916667;0.842105;0.8
DIGITAL_CAMERA_ORIGINAL;digital_camera_original;D05_V_flat_move_0002.mov;True;1.0;1.0;1.0
DIGITAL_CAMERA_ORIGINAL;digital_camera_original;D05_V_flat_move_0003.mov;True;1.0;1.0;1.0
DIGITAL_CAMERA_ORIGINAL;digital_camera_original;D05_V_flat_panrot_0001.mov;True;1.0;1.0;1.0
DIGITAL_CAMERA_ORIGINAL;digital_camera_original;D05_V_flat_panrot_0002.mov;True;1.0;1.0;1.0
DIGITAL_CAMERA_ORIGINAL;digital_camera_original;D05_V_flat_still_0001.mov;True;1.0;1.0;1.0
DIGITAL_CAMERA_ORIGINAL;digital_camera_original;D05_V_flat_still_0002.mov;True;1.0;1.0;1.0
DIGITAL_CAMERA_ORIGINAL;digital_camera_whatsapp;D05_V_flatWA_move_0002.mp4;False;0.818182;0.8;0.756757
DIGITAL_CAMERA_ORIGINAL;digital_camera_whatsapp;D05_V_flatWA_move_0003.mp4;False;0.818182;0.8;0.756757
DIGITAL_CAMERA_ORIGINAL;digital_camera_whatsapp;D05_V_flatWA_panrot_0001.mp4;False;0.818182;0.8;0.756757
DIGITAL_CAMERA_ORIGINAL;digital_camera_whatsapp;D05_V_flatWA_panrot_0002.mp4;False;0.818182;0.8;0.756757
DIGITAL_CAMERA_ORIGINAL;digital_camera_whatsapp;D05_V_flatWA_still_0001.mp4;False;0.818182;0.8;0.756757
DIGITAL_CAMERA_ORIGINAL;digital_camera_whatsapp;D05_V_flatWA_still_0002.mp4;False;0.818182;0.8;0.756757
DIGITAL_CAMERA_ORIGINAL;digital_camera_youtube;D05_V_flatYT_move_0002.mp4;False;0.916667;0.842105;0.8
DIGITAL_CAMERA_ORIGINAL;digital_camera_youtube;D05_V_flatYT_move_0003.mp4;False;0.916667;0.842105;0.8
DIGITAL_CAMERA_ORIGINAL;digital_camera_youtube;D05_V_flatYT_panrot_0001.mp4;False;0.916667;0.842105;0.8
DIGITAL_CAMERA_ORIGINAL;digital_camera_youtube;D05_V_flatYT_panrot_0002.mp4;False;0.916667;0.842105;0.8
DIGITAL_CAMERA_ORIGINAL;digital_camera_youtube;D05_V_flatYT_still_0001.mp4;False;0.916667;0.842105;0.8
DIGITAL_CAMERA_ORIGINAL;digital_camera_youtube;D05_V_flatYT_still_0002.mp4;False;0.916667;0.842105;0.8
DIGITAL_CAMERA_ORIGINAL;digital_camera_original;D05_V_indoor_move_0002.mov;True;1.0;1.0;1.0
DIGITAL_CAMERA_ORIGINAL;digital_camera_original;D05_V_indoor_panrot_0001.mov;True;1.0;1.0;1.0
DIGITAL_CAMERA_ORIGINAL;digital_camera_original;D05_V_indoor_panrot_0002.mov;True;1.0;1.0;1.0
DIGITAL_CAMERA_ORIGINAL;digital_camera_original;D05_V_indoor_still_0001.mov;True;1.0;1.0;1.0
DIGITAL_CAMERA_ORIGINAL;digital_camera_original;D05_V_indoor_still_0002.mov;True;1.0;1.0;1.0
DIGITAL_CAMERA_ORIGINAL;digital_camera_whatsapp;D05_V_indoorWA_move_0002.mp4;False;0.818182;0.8;0.756757
DIGITAL_CAMERA_ORIGINAL;digital_camera_whatsapp;D05_V_indoorWA_panrot_0001.mp4;False;0.818182;0.8;0.756757
DIGITAL_CAMERA_ORIGINAL;digital_camera_whatsapp;D05_V_indoorWA_panrot_0002.mp4;False;0.818182;0.8;0.756757
DIGITAL_CAMERA_ORIGINAL;digital_camera_whatsapp;D05_V_indoorWA_still_0001.mp4;False;0.818182;0.8;0.756757
DIGITAL_CAMERA_ORIGINAL;digital_camera_whatsapp;D05_V_indoorWA_still_0002.mp4;False;0.818182;0.8;0.756757
DIGITAL_CAMERA_ORIGINAL;digital_camera_youtube;D05_V_indoorYT_move_0002.mp4;False;0.916667;0.842105;0.8
DIGITAL_CAMERA_ORIGINAL;digital_camera_youtube;D05_V_indoorYT_panrot_0001.mp4;False;0.916667;0.842105;0.8
DIGITAL_CAMERA_ORIGINAL;digital_camera_youtube;D05_V_indoorYT_panrot_0002.mp4;False;0.916667;0.842105;0.8
DIGITAL_CAMERA_ORIGINAL;digital_camera_youtube;D05_V_indoorYT_still_0001.mp4;False;0.916667;0.842105;0.8
DIGITAL_CAMERA_ORIGINAL;digital_camera_youtube;D05_V_indoorYT_still_0002.mp4;False;0.916667;0.842105;0.8
DIGITAL_CAMERA_ORIGINAL;digital_camera_original;D05_V_outdoor_move_0002.mov;True;1.0;1.0;1.0
DIGITAL_CAMERA_ORIGINAL;digital_camera_original;D05_V_outdoor_panrot_0001.mov;True;1.0;1.0;1.0
DIGITAL_CAMERA_ORIGINAL;digital_camera_original;D05_V_outdoor_panrot_0002.mov;True;1.0;1.0;1.0
DIGITAL_CAMERA_ORIGINAL;digital_camera_original;D05_V_outdoor_still_0001.mov;True;1.0;1.0;1.0
DIGITAL_CAMERA_ORIGINAL;digital_camera_original;D05_V_outdoor_still_0002.mov;True;1.0;1.0;1.0
DIGITAL_CAMERA_ORIGINAL;digital_camera_whatsapp;D05_V_outdoorWA_move_0002.mp4;False;0.818182;0.8;0.756757
DIGITAL_CAMERA_ORIGINAL;digital_camera_whatsapp;D05_V_outdoorWA_panrot_0001.mp4;False;0.818182;0.8;0.756757
DIGITAL_CAMERA_ORIGINAL;digital_camera_whatsapp;D05_V_outdoorWA_panrot_0002.mp4;False;0.818182;0.8;0.756757
DIGITAL_CAMERA_ORIGINAL;digital_camera_whatsapp;D05_V_outdoorWA_still_0001.mp4;False;0.818182;0.8;0.756757
DIGITAL_CAMERA_ORIGINAL;digital_camera_whatsapp;D05_V_outdoorWA_still_0002.mp4;False;0.818182;0.8;0.756757
DIGITAL_CAMERA_ORIGINAL;digital_camera_youtube;D05_V_outdoorYT_move_0002.mp4;False;0.916667;0.842105;0.8
DIGITAL_CAMERA_ORIGINAL;digital_camera_youtube;D05_V_outdoorYT_panrot_0001.mp4;False;0.916667;0.842105;0.8
DIGITAL_CAMERA_ORIGINAL;digital_camera_youtube;D05_V_outdoorYT_panrot_0002.mp4;False;0.916667;0.842105;0.8
DIGITAL_CAMERA_ORIGINAL;digital_camera_youtube;D05_V_outdoorYT_still_0001.mp4;False;0.916667;0.842105;0.8
DIGITAL_CAMERA_ORIGINAL;digital_camera_youtube;D05_V_outdoorYT_still_0002.mp4;False;0.916667;0.842105;0.8
DIGITAL_CAMERA_ORIGINAL;digital_camera_original;D06_V_flat_move_0002.mov;True;1.0;1.0;1.0
DIGITAL_CAMERA_ORIGINAL;digital_camera_original;D06_V_flat_panrot_0001.mov;True;1.0;1.0;1.0
DIGITAL_CAMERA_ORIGINAL;digital_camera_original;D06_V_flat_panrot_0002.mov;True;1.0;1.0;1.0
DIGITAL_CAMERA_ORIGINAL;digital_camera_original;D06_V_flat_still_0001.mov;True;1.0;1.0;1.0
DIGITAL_CAMERA_ORIGINAL;digital_camera_whatsapp;D06_V_flatWA_move_0002.mp4;False;0.818182;0.8;0.756757
DIGITAL_CAMERA_ORIGINAL;digital_camera_whatsapp;D06_V_flatWA_panrot_0001.mp4;False;0.818182;0.8;0.756757
DIGITAL_CAMERA_ORIGINAL;digital_camera_whatsapp;D06_V_flatWA_panrot_0002.mp4;False;0.818182;0.8;0.756757
DIGITAL_CAMERA_ORIGINAL;digital_camera_whatsapp;D06_V_flatWA_still_0001.mp4;False;0.818182;0.8;0.756757
DIGITAL_CAMERA_ORIGINAL;digital_camera_youtube;D06_V_flatYT_panrot_0001.mp4;False;0.916667;0.842105;0.8
DIGITAL_CAMERA_ORIGINAL;digital_camera_youtube;D06_V_flatYT_panrot_0002.mp4;False;0.916667;0.842105;0.8
DIGITAL_CAMERA_ORIGINAL;digital_camera_youtube;D06_V_flatYT_still_0001.mp4;False;0.916667;0.842105;0.8
DIGITAL_CAMERA_ORIGINAL;digital_camera_original;D06_V_indoor_move_0002.mov;True;1.0;1.0;1.0
DIGITAL_CAMERA_ORIGINAL;digital_camera_original;D06_V_indoor_panrot_0001.mov;True;1.0;1.0;1.0
DIGITAL_CAMERA_ORIGINAL;digital_camera_original;D06_V_indoor_panrot_0002.mov;True;1.0;1.0;1.0
DIGITAL_CAMERA_ORIGINAL;digital_camera_original;D06_V_indoor_still_0001.mov;True;1.0;1.0;1.0
DIGITAL_CAMERA_ORIGINAL;digital_camera_original;D06_V_indoor_still_0002.mov;True;1.0;1.0;1.0
DIGITAL_CAMERA_ORIGINAL;digital_camera_whatsapp;D06_V_indoorWA_move_0002.mov.mp4;False;0.818182;0.8;0.756757
DIGITAL_CAMERA_ORIGINAL;digital_camera_whatsapp;D06_V_indoorWA_panrot_0001.mp4;False;0.818182;0.8;0.756757
DIGITAL_CAMERA_ORIGINAL;digital_camera_whatsapp;D06_V_indoorWA_panrot_0002.mp4;False;0.818182;0.8;0.756757
DIGITAL_CAMERA_ORIGINAL;digital_camera_whatsapp;D06_V_indoorWA_still_0001.mp4;False;0.818182;0.8;0.756757
DIGITAL_CAMERA_ORIGINAL;digital_camera_whatsapp;D06_V_indoorWA_still_0002.mp4;False;0.818182;0.8;0.756757
DIGITAL_CAMERA_ORIGINAL;digital_camera_youtube;D06_V_indoorYT_panrot_0001.mp4;False;0.916667;0.842105;0.8
DIGITAL_CAMERA_ORIGINAL;digital_camera_youtube;D06_V_indoorYT_panrot_0002.mp4;False;0.916667;0.842105;0.8
DIGITAL_CAMERA_ORIGINAL;digital_camera_youtube;D06_V_indoorYT_still_0001.mp4;False;0.916667;0.842105;0.8
DIGITAL_CAMERA_ORIGINAL;digital_camera_youtube;D06_V_indoorYT_still_0002.mp4;False;0.916667;0.842105;0.8
DIGITAL_CAMERA_ORIGINAL;digital_camera_original;D06_V_outdoor_move_0002.mov;True;1.0;1.0;1.0
DIGITAL_CAMERA_ORIGINAL;digital_camera_original;D06_V_outdoor_panrot_0001.mov;True;1.0;1.0;1.0
DIGITAL_CAMERA_ORIGINAL;digital_camera_original;D06_V_outdoor_panrot_0002.mov;True;1.0;1.0;1.0
DIGITAL_CAMERA_ORIGINAL;digital_camera_original;D06_V_outdoor_still_0001.mov;True;1.0;1.0;1.0
DIGITAL_CAMERA_ORIGINAL;digital_camera_original;D06_V_outdoor_still_0002.mov;True;1.0;1.0;1.0
DIGITAL_CAMERA_ORIGINAL;digital_camera_whatsapp;D06_V_outdoorWA_move_0002.mp4;False;0.818182;0.8;0.756757
DIGITAL_CAMERA_ORIGINAL;digital_camera_whatsapp;D06_V_outdoorWA_panrot_0001.mp4;False;0.818182;0.8;0.756757
DIGITAL_CAMERA_ORIGINAL;digital_camera_whatsapp;D06_V_outdoorWA_panrot_0002.mov.mp4;False;0.818182;0.8;0.756757
DIGITAL_CAMERA_ORIGINAL;digital_camera_whatsapp;D06_V_outdoorWA_still_0001.mp4;False;0.818182;0.8;0.756757
DIGITAL_CAMERA_ORIGINAL;digital_camera_whatsapp;D06_V_outdoorWA_still_0002.mp4;False;0.818182;0.8;0.756757
DIGITAL_CAMERA_ORIGINAL;digital_camera_youtube;D06_V_outdoorYT_move_0002.mp4;False;0.916667;0.842105;0.8
DIGITAL_CAMERA_ORIGINAL;digital_camera_youtube;D06_V_outdoorYT_panrot_0001.mp4;False;0.916667;0.842105;0.8
DIGITAL_CAMERA_ORIGINAL;digital_camera_youtube;D06_V_outdoorYT_panrot_0002.mp4;False;0.916667;0.842105;0.8
DIGITAL_CAMERA_ORIGINAL;digital_camera_youtube;D06_V_outdoorYT_still_0001.mp4;False;0.916667;0.842105;0.8
DIGITAL_CAMERA_ORIGINAL;digital_camera_youtube;D06_V_outdoorYT_still_0002.mp4;False;0.916667;0.842105;0.8
DIGITAL_CAMERA_ORIGINAL;digital_camera_whatsapp;D07_V_flatWA_move_0002.mp4;False;0.818182;0.8;0.756757
DIGITAL_CAMERA_ORIGINAL;digital_camera_whatsapp;D07_V_flatWA_move_0003.mp4;False;0.818182;0.8;0.756757
DIGITAL_CAMERA_ORIGINAL;digital_camera_whatsapp;D07_V_flatWA_panrot_0001.mp4;False;0.818182;0.8;0.756757
DIGITAL_CAMERA_ORIGINAL;digital_camera_whatsapp;D07_V_flatWA_panrot_0002.mp4;False;0.818182;0.8;0.756757
DIGITAL_CAMERA_ORIGINAL;digital_camera_whatsapp;D07_V_flatWA_still_0001.mp4;False;0.818182;0.8;0.756757
DIGITAL_CAMERA_ORIGINAL;digital_camera_whatsapp;D07_V_flatWA_still_0002.mp4;False;0.818182;0.8;0.756757
DIGITAL_CAMERA_ORIGINAL;digital_camera_youtube;D07_V_flatYT_move_0002.mp4;False;0.916667;0.842105;0.8
DIGITAL_CAMERA_ORIGINAL;digital_camera_youtube;D07_V_flatYT_move_0003.mp4;False;0.916667;0.842105;0.8
DIGITAL_CAMERA_ORIGINAL;digital_camera_youtube;D07_V_flatYT_panrot_0001.mp4;False;0.916667;0.842105;0.8
DIGITAL_CAMERA_ORIGINAL;digital_camera_youtube;D07_V_flatYT_panrot_0002.mp4;False;0.916667;0.842105;0.8
DIGITAL_CAMERA_ORIGINAL;digital_camera_youtube;D07_V_flatYT_still_0001.mp4;False;0.916667;0.842105;0.8
DIGITAL_CAMERA_ORIGINAL;digital_camera_youtube;D07_V_flatYT_still_0002.mp4;False;0.916667;0.842105;0.8
DIGITAL_CAMERA_ORIGINAL;digital_camera_whatsapp;D07_V_indoorWA_move_0002.mp4;False;0.818182;0.8;0.756757
DIGITAL_CAMERA_ORIGINAL;digital_camera_whatsapp;D07_V_indoorWA_panrot_0001.mp4;False;0.818182;0.8;0.756757
DIGITAL_CAMERA_ORIGINAL;digital_camera_whatsapp;D07_V_indoorWA_panrot_0002.mp4;False;0.818182;0.8;0.756757
DIGITAL_CAMERA_ORIGINAL;digital_camera_whatsapp;D07_V_indoorWA_still_0001.mp4;False;0.818182;0.8;0.756757
DIGITAL_CAMERA_ORIGINAL;digital_camera_whatsapp;D07_V_indoorWA_still_0002.mp4;False;0.818182;0.8;0.756757
DIGITAL_CAMERA_ORIGINAL;digital_camera_youtube;D07_V_indoorYT_move_0002.mp4;False;0.916667;0.842105;0.8
DIGITAL_CAMERA_ORIGINAL;digital_camera_youtube;D07_V_indoorYT_panrot_0001.mp4;False;0.916667;0.842105;0.8
DIGITAL_CAMERA_ORIGINAL;digital_camera_youtube;D07_V_indoorYT_panrot_0002.mp4;False;0.916667;0.842105;0.8
DIGITAL_CAMERA_ORIGINAL;digital_camera_youtube;D07_V_indoorYT_still_0001.mp4;False;0.916667;0.842105;0.8
DIGITAL_CAMERA_ORIGINAL;digital_camera_youtube;D07_V_indoorYT_still_0002.mp4;False;0.916667;0.842105;0.8
DIGITAL_CAMERA_ORIGINAL;digital_camera_whatsapp;D07_V_outdoorWA_move_0002.mp4;False;0.818182;0.8;0.756757
DIGITAL_CAMERA_ORIGINAL;digital_camera_whatsapp;D07_V_outdoorWA_panrot_0001.mp4;False;0.818182;0.8;0.756757
DIGITAL_CAMERA_ORIGINAL;digital_camera_whatsapp;D07_V_outdoorWA_panrot_0002.mp4;False;0.818182;0.8;0.756757
DIGITAL_CAMERA_ORIGINAL;digital_camera_whatsapp;D07_V_outdoorWA_still_0001.mp4;False;0.818182;0.8;0.756757
DIGITAL_CAMERA_ORIGINAL;digital_camera_whatsapp;D07_V_outdoorWA_still_0002.mp4;False;0.818182;0.8;0.756757
DIGITAL_CAMERA_ORIGINAL;digital_camera_youtube;D07_V_outdoorYT_move_0002.mp4;False;0.916667;0.842105;0.8
DIGITAL_CAMERA_ORIGINAL;digital_camera_youtube;D07_V_outdoorYT_panrot_0001.mp4;False;0.916667;0.842105;0.8
DIGITAL_CAMERA_ORIGINAL;digital_camera_youtube;D07_V_outdoorYT_panrot_0002.mp4;False;0.916667;0.842105;0.8
DIGITAL_CAMERA_ORIGINAL;digital_camera_youtube;D07_V_outdoorYT_still_0001.mp4;False;0.916667;0.842105;0.8
DIGITAL_CAMERA_ORIGINAL;digital_camera_youtube;D07_V_outdoorYT_still_0002.mp4;False;0.916667;0.842105;0.8
DIGITAL_CAMERA_ORIGINAL;digital_camera_original;D08_V_flat_move_0002.mp4;True;1.0;1.0;1.0
DIGITAL_CAMERA_ORIGINAL;digital_camera_original;D08_V_flat_move_0003.mp4;True;1.0;1.0;1.0
DIGITAL_CAMERA_ORIGINAL;digital_camera_original;D08_V_flat_move_0004.mp4;True;1.0;1.0;1.0
DIGITAL_CAMERA_ORIGINAL;digital_camera_original;D08_V_flat_panrot_0001.mp4;True;1.0;1.0;1.0
DIGITAL_CAMERA_ORIGINAL;digital_camera_original;D08_V_flat_panrot_0002.mp4;True;1.0;1.0;1.0
DIGITAL_CAMERA_ORIGINAL;digital_camera_original;D08_V_flat_panrot_0003.mp4;True;1.0;1.0;1.0
DIGITAL_CAMERA_ORIGINAL;digital_camera_original;D08_V_flat_panrot_0004.mp4;True;1.0;1.0;1.0
DIGITAL_CAMERA_ORIGINAL;digital_camera_original;D08_V_flat_still_0001.mp4;True;1.0;1.0;1.0
DIGITAL_CAMERA_ORIGINAL;digital_camera_original;D08_V_flat_still_0002.mp4;True;1.0;1.0;1.0
DIGITAL_CAMERA_ORIGINAL;digital_camera_original;D08_V_flat_still_0003.mp4;True;1.0;1.0;1.0
DIGITAL_CAMERA_ORIGINAL;digital_camera_original;D08_V_flat_still_0004.mp4;True;1.0;1.0;1.0
DIGITAL_CAMERA_ORIGINAL;digital_camera_original;D08_V_flat_still_0005.mp4;True;1.0;1.0;1.0
DIGITAL_CAMERA_ORIGINAL;digital_camera_whatsapp;D08_V_flatWA_move_0002.mp4;False;0.818182;0.8;0.756757
DIGITAL_CAMERA_ORIGINAL;digital_camera_whatsapp;D08_V_flatWA_move_0003.mp4;False;0.818182;0.8;0.756757
DIGITAL_CAMERA_ORIGINAL;digital_camera_whatsapp;D08_V_flatWA_move_0004.mp4;False;0.818182;0.8;0.756757
DIGITAL_CAMERA_ORIGINAL;digital_camera_whatsapp;D08_V_flatWA_panrot_0001.mp4;False;0.818182;0.8;0.756757
DIGITAL_CAMERA_ORIGINAL;digital_camera_whatsapp;D08_V_flatWA_panrot_0003.mp4;False;0.818182;0.8;0.756757
DIGITAL_CAMERA_ORIGINAL;digital_camera_whatsapp;D08_V_flatWA_panrot_0004.mp4;False;0.818182;0.8;0.756757
DIGITAL_CAMERA_ORIGINAL;digital_camera_whatsapp;D08_V_flatWA_still_0001.mp4;False;0.818182;0.8;0.756757
DIGITAL_CAMERA_ORIGINAL;digital_camera_whatsapp;D08_V_flatWA_still_0002.mp4;False;0.818182;0.8;0.756757
DIGITAL_CAMERA_ORIGINAL;digital_camera_whatsapp;D08_V_flatWA_still_0003.mp4;False;0.818182;0.8;0.756757
DIGITAL_CAMERA_ORIGINAL;digital_camera_whatsapp;D08_V_flatWA_still_0004.mp4;False;0.818182;0.8;0.756757
DIGITAL_CAMERA_ORIGINAL;digital_camera_whatsapp;D08_V_flatWA_still_0005.mp4;False;0.818182;0.8;0.756757
DIGITAL_CAMERA_ORIGINAL;digital_camera_youtube;D08_V_flatYT_move_0002.mp4;False;0.916667;0.842105;0.8
DIGITAL_CAMERA_ORIGINAL;digital_camera_youtube;D08_V_flatYT_move_0003.mp4;False;0.916667;0.842105;0.8
DIGITAL_CAMERA_ORIGINAL;digital_camera_youtube;D08_V_flatYT_move_0004.mp4;False;0.916667;0.842105;0.8
DIGITAL_CAMERA_ORIGINAL;digital_camera_youtube;D08_V_flatYT_panrot_0001.mp4;False;0.916667;0.842105;0.8
DIGITAL_CAMERA_ORIGINAL;digital_camera_youtube;D08_V_flatYT_panrot_0002.mp4;False;0.916667;0.842105;0.8
DIGITAL_CAMERA_ORIGINAL;digital_camera_youtube;D08_V_flatYT_panrot_0003.mp4;False;0.916667;0.842105;0.8
DIGITAL_CAMERA_ORIGINAL;digital_camera_youtube;D08_V_flatYT_panrot_0004.mp4;False;0.916667;0.842105;0.8
DIGITAL_CAMERA_ORIGINAL;digital_camera_youtube;D08_V_flatYT_still_0001.mp4;False;0.916667;0.842105;0.8
DIGITAL_CAMERA_ORIGINAL;digital_camera_youtube;D08_V_flatYT_still_0002.mp4;False;0.916667;0.842105;0.8
DIGITAL_CAMERA_ORIGINAL;digital_camera_youtube;D08_V_flatYT_still_0003.mp4;False;0.916667;0.842105;0.8
DIGITAL_CAMERA_ORIGINAL;digital_camera_youtube;D08_V_flatYT_still_0004.mp4;False;0.916667;0.842105;0.8
DIGITAL_CAMERA_ORIGINAL;digital_camera_youtube;D08_V_flatYT_still_0005.mp4;False;0.916667;0.842105;0.8
DIGITAL_CAMERA_ORIGINAL;digital_camera_original;D08_V_indoor_move_0002.mp4;True;1.0;1.0;1.0
DIGITAL_CAMERA_ORIGINAL;digital_camera_original;D08_V_indoor_move_0003.mp4;True;1.0;1.0;1.0
DIGITAL_CAMERA_ORIGINAL;digital_camera_original;D08_V_indoor_move_0004.mp4;True;1.0;1.0;1.0
DIGITAL_CAMERA_ORIGINAL;digital_camera_original;D08_V_indoor_panrot_0001.mp4;True;1.0;1.0;1.0
DIGITAL_CAMERA_ORIGINAL;digital_camera_original;D08_V_indoor_panrot_0002.mp4;True;1.0;1.0;1.0
DIGITAL_CAMERA_ORIGINAL;digital_camera_original;D08_V_indoor_panrot_0003.mp4;True;1.0;1.0;1.0
DIGITAL_CAMERA_ORIGINAL;digital_camera_original;D08_V_indoor_panrot_0004.mp4;True;1.0;1.0;1.0
DIGITAL_CAMERA_ORIGINAL;digital_camera_original;D08_V_indoor_still_0001.mp4;True;1.0;1.0;1.0
DIGITAL_CAMERA_ORIGINAL;digital_camera_original;D08_V_indoor_still_0002.mp4;True;1.0;1.0;1.0
DIGITAL_CAMERA_ORIGINAL;digital_camera_original;D08_V_indoor_still_0003.mp4;True;1.0;1.0;1.0
DIGITAL_CAMERA_ORIGINAL;digital_camera_original;D08_V_indoor_still_0004.mp4;True;1.0;1.0;1.0
DIGITAL_CAMERA_ORIGINAL;digital_camera_whatsapp;D08_V_indoorWA_move_0002.mp4;False;0.818182;0.8;0.756757
DIGITAL_CAMERA_ORIGINAL;digital_camera_whatsapp;D08_V_indoorWA_move_0003.mp4;False;0.818182;0.8;0.756757
DIGITAL_CAMERA_ORIGINAL;digital_camera_whatsapp;D08_V_indoorWA_move_0004.mp4;False;0.818182;0.8;0.756757
DIGITAL_CAMERA_ORIGINAL;digital_camera_whatsapp;D08_V_indoorWA_panrot_0001.mp4;False;0.818182;0.8;0.756757
DIGITAL_CAMERA_ORIGINAL;digital_camera_whatsapp;D08_V_indoorWA_panrot_0002.mp4;False;0.818182;0.8;0.756757
DIGITAL_CAMERA_ORIGINAL;digital_camera_whatsapp;D08_V_indoorWA_panrot_0003.mp4;False;0.818182;0.8;0.756757
DIGITAL_CAMERA_ORIGINAL;digital_camera_whatsapp;D08_V_indoorWA_panrot_0004.mp4;False;0.818182;0.8;0.756757
DIGITAL_CAMERA_ORIGINAL;digital_camera_whatsapp;D08_V_indoorWA_still_0001.mp4;False;0.818182;0.8;0.756757
DIGITAL_CAMERA_ORIGINAL;digital_camera_whatsapp;D08_V_indoorWA_still_0002.mp4;False;0.818182;0.8;0.756757
DIGITAL_CAMERA_ORIGINAL;digital_camera_whatsapp;D08_V_indoorWA_still_0003.mp4;False;0.818182;0.8;0.756757
DIGITAL_CAMERA_ORIGINAL;digital_camera_whatsapp;D08_V_indoorWA_still_0004.mp4;False;0.818182;0.8;0.756757
DIGITAL_CAMERA_ORIGINAL;digital_camera_youtube;D08_V_indoorYT_move_0002.mp4;False;0.916667;0.842105;0.8
DIGITAL_CAMERA_ORIGINAL;digital_camera_youtube;D08_V_indoorYT_move_0003.mp4;False;0.916667;0.842105;0.8
DIGITAL_CAMERA_ORIGINAL;digital_camera_youtube;D08_V_indoorYT_move_0004.mp4;False;0.916667;0.842105;0.8
DIGITAL_CAMERA_ORIGINAL;digital_camera_youtube;D08_V_indoorYT_panrot_0001.mp4;False;0.916667;0.842105;0.8
DIGITAL_CAMERA_ORIGINAL;digital_camera_youtube;D08_V_indoorYT_panrot_0002.mp4;False;0.916667;0.842105;0.8
DIGITAL_CAMERA_ORIGINAL;digital_camera_youtube;D08_V_indoorYT_still_0001.mp4;False;0.916667;0.842105;0.8
DIGITAL_CAMERA_ORIGINAL;digital_camera_youtube;D08_V_indoorYT_still_0002.mp4;False;0.916667;0.842105;0.8
DIGITAL_CAMERA_ORIGINAL;digital_camera_youtube;D08_V_indoorYT_still_0003.mp4;False;0.916667;0.842105;0.8
DIGITAL_CAMERA_ORIGINAL;digital_camera_original;D08_V_outdoor_move_0002.mp4;True;1.0;1.0;1.0
DIGITAL_CAMERA_ORIGINAL;digital_camera_original;D08_V_outdoor_move_0003.mp4;True;1.0;1.0;1.0
DIGITAL_CAMERA_ORIGINAL;digital_camera_original;D08_V_outdoor_move_0004.mp4;True;1.0;1.0;1.0
DIGITAL_CAMERA_ORIGINAL;digital_camera_original;D08_V_outdoor_panrot_0001.mp4;True;1.0;1.0;1.0
DIGITAL_CAMERA_ORIGINAL;digital_camera_original;D08_V_outdoor_panrot_0002.mp4;True;1.0;1.0;1.0
DIGITAL_CAMERA_ORIGINAL;digital_camera_original;D08_V_outdoor_panrot_0003.mp4;True;1.0;1.0;1.0
DIGITAL_CAMERA_ORIGINAL;digital_camera_original;D08_V_outdoor_panrot_0004.mp4;True;1.0;1.0;1.0
DIGITAL_CAMERA_ORIGINAL;digital_camera_original;D08_V_outdoor_still_0001.mp4;True;1.0;1.0;1.0
DIGITAL_CAMERA_ORIGINAL;digital_camera_original;D08_V_outdoor_still_0002.mp4;True;1.0;1.0;1.0
DIGITAL_CAMERA_ORIGINAL;digital_camera_original;D08_V_outdoor_still_0003.mp4;True;1.0;1.0;1.0
DIGITAL_CAMERA_ORIGINAL;digital_camera_original;D08_V_outdoor_still_0004.mp4;True;1.0;1.0;1.0
DIGITAL_CAMERA_ORIGINAL;digital_camera_whatsapp;D08_V_outdoorWA_move_0002.mp4;False;0.818182;0.8;0.756757
DIGITAL_CAMERA_ORIGINAL;digital_camera_whatsapp;D08_V_outdoorWA_move_0003.mp4;False;0.818182;0.8;0.756757
DIGITAL_CAMERA_ORIGINAL;digital_camera_whatsapp;D08_V_outdoorWA_move_0004.mp4;False;0.818182;0.8;0.756757
DIGITAL_CAMERA_ORIGINAL;digital_camera_whatsapp;D08_V_outdoorWA_panrot_0001.mp4;False;0.818182;0.8;0.756757
DIGITAL_CAMERA_ORIGINAL;digital_camera_whatsapp;D08_V_outdoorWA_panrot_0002.mp4;False;0.818182;0.8;0.756757
DIGITAL_CAMERA_ORIGINAL;digital_camera_whatsapp;D08_V_outdoorWA_panrot_0003.mp4;False;0.818182;0.8;0.756757
DIGITAL_CAMERA_ORIGINAL;digital_camera_whatsapp;D08_V_outdoorWA_panrot_0004.mp4;False;0.818182;0.8;0.756757
DIGITAL_CAMERA_ORIGINAL;digital_camera_whatsapp;D08_V_outdoorWA_still_0001.mp4;False;0.818182;0.8;0.756757
DIGITAL_CAMERA_ORIGINAL;digital_camera_whatsapp;D08_V_outdoorWA_still_0002.mp4;False;0.818182;0.8;0.756757
DIGITAL_CAMERA_ORIGINAL;digital_camera_whatsapp;D08_V_outdoorWA_still_0003.mp4;False;0.818182;0.8;0.756757
DIGITAL_CAMERA_ORIGINAL;digital_camera_whatsapp;D08_V_outdoorWA_still_0004.mp4;False;0.818182;0.8;0.756757
DIGITAL_CAMERA_ORIGINAL;digital_camera_youtube;D08_V_outdoorYT_move_0002.mp4;False;0.916667;0.842105;0.8
DIGITAL_CAMERA_ORIGINAL;digital_camera_youtube;D08_V_outdoorYT_move_0003.mp4;False;0.916667;0.842105;0.8
DIGITAL_CAMERA_ORIGINAL;digital_camera_youtube;D08_V_outdoorYT_move_0004.mp4;False;0.916667;0.842105;0.8
DIGITAL_CAMERA_ORIGINAL;digital_camera_youtube;D08_V_outdoorYT_panrot_0001.mp4;False;0.916667;0.842105;0.8
DIGITAL_CAMERA_ORIGINAL;digital_camera_youtube;D08_V_outdoorYT_panrot_0002.mp4;False;0.916667;0.842105;0.8
DIGITAL_CAMERA_ORIGINAL;digital_camera_youtube;D08_V_outdoorYT_panrot_0003.mp4;False;0.916667;0.842105;0.8
DIGITAL_CAMERA_ORIGINAL;digital_camera_youtube;D08_V_outdoorYT_panrot_0004.mp4;False;0.916667;0.842105;0.8
DIGITAL_CAMERA_ORIGINAL;digital_camera_youtube;D08_V_outdoorYT_still_0001.mp4;False;0.916667;0.842105;0.8
DIGITAL_CAMERA_ORIGINAL;digital_camera_youtube;D08_V_outdoorYT_still_0002.mp4;False;0.916667;0.842105;0.8
DIGITAL_CAMERA_ORIGINAL;digital_camera_youtube;D08_V_outdoorYT_still_0003.mp4;False;0.916667;0.842105;0.8
DIGITAL_CAMERA_ORIGINAL;digital_camera_youtube;D08_V_outdoorYT_still_0004.mp4;False;0.916667;0.842105;0.8
DIGITAL_CAMERA_ORIGINAL;digital_camera_original;D09_V_flat_move_0002.mov;True;1.0;1.0;1.0
DIGITAL_CAMERA_ORIGINAL;digital_camera_original;D09_V_flat_move_0003.mov;True;1.0;1.0;1.0
DIGITAL_CAMERA_ORIGINAL;digital_camera_original;D09_V_flat_panrot_0001.mov;True;1.0;1.0;1.0
DIGITAL_CAMERA_ORIGINAL;digital_camera_original;D09_V_flat_panrot_0002.mov;True;1.0;1.0;1.0
DIGITAL_CAMERA_ORIGINAL;digital_camera_original;D09_V_flat_still_0001.mov;True;1.0;1.0;1.0
DIGITAL_CAMERA_ORIGINAL;digital_camera_original;D09_V_flat_still_0002.mov;True;1.0;1.0;1.0
DIGITAL_CAMERA_ORIGINAL;digital_camera_whatsapp;D09_V_flatWA_move_0002.mp4;False;0.818182;0.8;0.756757
DIGITAL_CAMERA_ORIGINAL;digital_camera_whatsapp;D09_V_flatWA_move_0003.mp4;False;0.818182;0.8;0.756757
DIGITAL_CAMERA_ORIGINAL;digital_camera_whatsapp;D09_V_flatWA_panrot_0001.mp4;False;0.818182;0.8;0.756757
DIGITAL_CAMERA_ORIGINAL;digital_camera_whatsapp;D09_V_flatWA_panrot_0002.mp4;False;0.818182;0.8;0.756757
DIGITAL_CAMERA_ORIGINAL;digital_camera_whatsapp;D09_V_flatWA_still_0001.mp4;False;0.818182;0.8;0.756757
DIGITAL_CAMERA_ORIGINAL;digital_camera_whatsapp;D09_V_flatWA_still_0002.mp4;False;0.818182;0.8;0.756757
DIGITAL_CAMERA_ORIGINAL;digital_camera_youtube;D09_V_flatYT_move_0002.mp4;False;0.916667;0.842105;0.8
DIGITAL_CAMERA_ORIGINAL;digital_camera_youtube;D09_V_flatYT_move_0003.mp4;False;0.916667;0.842105;0.8
DIGITAL_CAMERA_ORIGINAL;digital_camera_youtube;D09_V_flatYT_panrot_0001.mp4;False;0.916667;0.842105;0.8
DIGITAL_CAMERA_ORIGINAL;digital_camera_youtube;D09_V_flatYT_panrot_0002.mp4;False;0.916667;0.842105;0.8
DIGITAL_CAMERA_ORIGINAL;digital_camera_youtube;D09_V_flatYT_still_0001.mp4;False;0.916667;0.842105;0.8
DIGITAL_CAMERA_ORIGINAL;digital_camera_youtube;D09_V_flatYT_still_0002.mp4;False;0.916667;0.842105;0.8
DIGITAL_CAMERA_ORIGINAL;digital_camera_original;D09_V_indoor_move_0002.mov;True;1.0;1.0;1.0
DIGITAL_CAMERA_ORIGINAL;digital_camera_original;D09_V_indoor_panrot_0001.mov;True;1.0;1.0;1.0
DIGITAL_CAMERA_ORIGINAL;digital_camera_original;D09_V_indoor_panrot_0002.mov;True;1.0;1.0;1.0
DIGITAL_CAMERA_ORIGINAL;digital_camera_original;D09_V_indoor_still_0001.mov;True;1.0;1.0;1.0
DIGITAL_CAMERA_ORIGINAL;digital_camera_original;D09_V_indoor_still_0002.mov;True;1.0;1.0;1.0
DIGITAL_CAMERA_ORIGINAL;digital_camera_whatsapp;D09_V_indoorWA_move_0002.mp4;False;0.818182;0.8;0.756757
DIGITAL_CAMERA_ORIGINAL;digital_camera_whatsapp;D09_V_indoorWA_panrot_0001.mp4;False;0.818182;0.8;0.756757
DIGITAL_CAMERA_ORIGINAL;digital_camera_whatsapp;D09_V_indoorWA_panrot_0002.mp4;False;0.818182;0.8;0.756757
DIGITAL_CAMERA_ORIGINAL;digital_camera_whatsapp;D09_V_indoorWA_still_0001.mp4;False;0.818182;0.8;0.756757
DIGITAL_CAMERA_ORIGINAL;digital_camera_whatsapp;D09_V_indoorWA_still_0002.mp4;False;0.818182;0.8;0.756757
DIGITAL_CAMERA_ORIGINAL;digital_camera_youtube;D09_V_indoorYT_move_0002.mp4;False;0.916667;0.842105;0.8
DIGITAL_CAMERA_ORIGINAL;digital_camera_youtube;D09_V_indoorYT_panrot_0001.mp4;False;0.916667;0.842105;0.8
DIGITAL_CAMERA_ORIGINAL;digital_camera_youtube;D09_V_indoorYT_panrot_0002.mp4;False;0.916667;0.842105;0.8
DIGITAL_CAMERA_ORIGINAL;digital_camera_youtube;D09_V_indoorYT_still_0001.mp4;False;0.916667;0.842105;0.8
DIGITAL_CAMERA_ORIGINAL;digital_camera_youtube;D09_V_indoorYT_still_0002.mp4;False;0.916667;0.842105;0.8
DIGITAL_CAMERA_ORIGINAL;digital_camera_original;D09_V_outdoor_move_0002.mov;True;1.0;1.0;1.0
DIGITAL_CAMERA_ORIGINAL;digital_camera_original;D09_V_outdoor_panrot_0001.mov;True;1.0;1.0;1.0
DIGITAL_CAMERA_ORIGINAL;digital_camera_original;D09_V_outdoor_panrot_0002.mov;True;1.0;1.0;1.0
DIGITAL_CAMERA_ORIGINAL;digital_camera_original;D09_V_outdoor_still_0001.mov;True;1.0;1.0;1.0
DIGITAL_CAMERA_ORIGINAL;digital_camera_original;D09_V_outdoor_still_0002.mov;True;1.0;1.0;1.0
DIGITAL_CAMERA_ORIGINAL;digital_camera_whatsapp;D09_V_outdoorWA_move_0002.mp4;False;0.818182;0.8;0.756757
DIGITAL_CAMERA_ORIGINAL;digital_camera_whatsapp;D09_V_outdoorWA_panrot_0001.mp4;False;0.818182;0.8;0.756757
DIGITAL_CAMERA_ORIGINAL;digital_camera_whatsapp;D09_V_outdoorWA_panrot_0002.mp4;False;0.818182;0.8;0.756757
DIGITAL_CAMERA_ORIGINAL;digital_camera_whatsapp;D09_V_outdoorWA_still_0001.mp4;False;0.818182;0.8;0.756757
DIGITAL_CAMERA_ORIGINAL;digital_camera_whatsapp;D09_V_outdoorWA_still_0002.mp4;False;0.818182;0.8;0.756757
DIGITAL_CAMERA_ORIGINAL;digital_camera_youtube;D09_V_outdoorYT_move_0002.mp4;False;0.916667;0.842105;0.8
DIGITAL_CAMERA_ORIGINAL;digital_camera_youtube;D09_V_outdoorYT_panrot_0001.mp4;False;0.916667;0.842105;0.8
DIGITAL_CAMERA_ORIGINAL;digital_camera_youtube;D09_V_outdoorYT_panrot_0002.mp4;False;0.916667;0.842105;0.8
DIGITAL_CAMERA_ORIGINAL;digital_camera_youtube;D09_V_outdoorYT_still_0001.mp4;False;0.916667;0.842105;0.8
DIGITAL_CAMERA_ORIGINAL;digital_camera_youtube;D09_V_outdoorYT_still_0002.mp4;False;0.916667;0.842105;0.8
DIGITAL_CAMERA_ORIGINAL;digital_camera_original;D10_V_flat_move_0002.mov;True;1.0;1.0;1.0
DIGITAL_CAMERA_ORIGINAL;digital_camera_original;D10_V_flat_panrot_0001.mov;True;1.0;1.0;1.0
DIGITAL_CAMERA_ORIGINAL;digital_camera_original;D10_V_flat_still_0001.mov;True;1.0;1.0;1.0
DIGITAL_CAMERA_ORIGINAL;digital_camera_whatsapp;D10_V_flatWA_move_0002.mp4;False;0.818182;0.8;0.756757
DIGITAL_CAMERA_ORIGINAL;digital_camera_whatsapp;D10_V_flatWA_panrot_0001.mp4;False;0.818182;0.8;0.756757
DIGITAL_CAMERA_ORIGINAL;digital_camera_whatsapp;D10_V_flatWA_still_0001.mp4;False;0.818182;0.8;0.756757
DIGITAL_CAMERA_ORIGINAL;digital_camera_youtube;D10_V_flatYT_move_0002.mp4;False;0.916667;0.842105;0.8
DIGITAL_CAMERA_ORIGINAL;digital_camera_youtube;D10_V_flatYT_panrot_0001.mp4;False;0.916667;0.842105;0.8
DIGITAL_CAMERA_ORIGINAL;digital_camera_youtube;D10_V_flatYT_still_0001.mp4;False;0.916667;0.842105;0.8
DIGITAL_CAMERA_ORIGINAL;digital_camera_original;D10_V_indoor_move_0002.mov;True;1.0;1.0;1.0
DIGITAL_CAMERA_ORIGINAL;digital_camera_original;D10_V_indoor_panrot_0001.mov;True;1.0;1.0;1.0
DIGITAL_CAMERA_ORIGINAL;digital_camera_original;D10_V_indoor_panrot_0002.mov;True;1.0;1.0;1.0
DIGITAL_CAMERA_ORIGINAL;digital_camera_original;D10_V_indoor_still_0001.mov;True;1.0;1.0;1.0
DIGITAL_CAMERA_ORIGINAL;digital_camera_original;D10_V_indoor_still_0002.mov;True;1.0;1.0;1.0
DIGITAL_CAMERA_ORIGINAL;digital_camera_whatsapp;D10_V_indoorWA_move_0002.mp4;False;0.818182;0.8;0.756757
DIGITAL_CAMERA_ORIGINAL;digital_camera_whatsapp;D10_V_indoorWA_panrot_0001.mp4;False;0.818182;0.8;0.756757
DIGITAL_CAMERA_ORIGINAL;digital_camera_whatsapp;D10_V_indoorWA_panrot_0002.mp4;False;0.818182;0.8;0.756757
DIGITAL_CAMERA_ORIGINAL;digital_camera_whatsapp;D10_V_indoorWA_still_0001.mp4;False;0.818182;0.8;0.756757
DIGITAL_CAMERA_ORIGINAL;digital_camera_whatsapp;D10_V_indoorWA_still_0002.mp4;False;0.818182;0.8;0.756757
DIGITAL_CAMERA_ORIGINAL;digital_camera_youtube;D10_V_indoorYT_move_0002.mp4;False;0.916667;0.842105;0.8
DIGITAL_CAMERA_ORIGINAL;digital_camera_youtube;D10_V_indoorYT_panrot_0001.mp4;False;0.916667;0.842105;0.8
DIGITAL_CAMERA_ORIGINAL;digital_camera_youtube;D10_V_indoorYT_panrot_0002.mp4;False;0.916667;0.842105;0.8
DIGITAL_CAMERA_ORIGINAL;digital_camera_youtube;D10_V_indoorYT_still_0001.mp4;False;0.916667;0.842105;0.8
DIGITAL_CAMERA_ORIGINAL;digital_camera_youtube;D10_V_indoorYT_still_0002.mp4;False;0.916667;0.842105;0.8
DIGITAL_CAMERA_ORIGINAL;digital_camera_original;D10_V_outdoor_panrot_0001.mov;True;1.0;1.0;1.0
DIGITAL_CAMERA_ORIGINAL;digital_camera_original;D10_V_outdoor_panrot_0002.mov;True;1.0;1.0;1.0
DIGITAL_CAMERA_ORIGINAL;digital_camera_original;D10_V_outdoor_still_0001.mov;True;1.0;1.0;1.0
DIGITAL_CAMERA_ORIGINAL;digital_camera_original;D10_V_outdoor_still_0002.mov;True;1.0;1.0;1.0
DIGITAL_CAMERA_ORIGINAL;digital_camera_whatsapp;D10_V_outdoorWA_panrot_0001.mp4;False;0.818182;0.8;0.756757
DIGITAL_CAMERA_ORIGINAL;digital_camera_whatsapp;D10_V_outdoorWA_panrot_0002.mp4;False;0.818182;0.8;0.756757
DIGITAL_CAMERA_ORIGINAL;digital_camera_whatsapp;D10_V_outdoorWA_still_0001.mp4;False;0.818182;0.8;0.756757
DIGITAL_CAMERA_ORIGINAL;digital_camera_whatsapp;D10_V_outdoorWA_still_0002.mp4;False;0.818182;0.8;0.756757
DIGITAL_CAMERA_ORIGINAL;digital_camera_youtube;D10_V_outdoorYT_panrot_0001.mp4;False;0.916667;0.842105;0.8
DIGITAL_CAMERA_ORIGINAL;digital_camera_youtube;D10_V_outdoorYT_panrot_0002.mp4;False;0.916667;0.842105;0.8
DIGITAL_CAMERA_ORIGINAL;digital_camera_youtube;D10_V_outdoorYT_still_0001.mp4;False;0.916667;0.842105;0.8
DIGITAL_CAMERA_ORIGINAL;digital_camera_youtube;D10_V_outdoorYT_still_0002.mp4;False;0.916667;0.842105;0.8
DIGITAL_CAMERA_ORIGINAL;digital_camera_original;D11_V_flat_move_0002.mp4;True;1.0;1.0;1.0
DIGITAL_CAMERA_ORIGINAL;digital_camera_original;D11_V_flat_move_0003.mp4;True;1.0;1.0;1.0
DIGITAL_CAMERA_ORIGINAL;digital_camera_original;D11_V_flat_panrot_0001.mp4;True;1.0;1.0;1.0
DIGITAL_CAMERA_ORIGINAL;digital_camera_original;D11_V_flat_panrot_0002.mp4;True;1.0;1.0;1.0
DIGITAL_CAMERA_ORIGINAL;digital_camera_original;D11_V_flat_still_0001.mp4;True;1.0;1.0;1.0
DIGITAL_CAMERA_ORIGINAL;digital_camera_original;D11_V_flat_still_0002.mp4;True;1.0;1.0;1.0
DIGITAL_CAMERA_ORIGINAL;digital_camera_whatsapp;D11_V_flatWA_move_0002.mp4;False;0.818182;0.8;0.756757
DIGITAL_CAMERA_ORIGINAL;digital_camera_whatsapp;D11_V_flatWA_move_0003.mp4;False;0.818182;0.8;0.756757
DIGITAL_CAMERA_ORIGINAL;digital_camera_whatsapp;D11_V_flatWA_panrot_0001.mp4;False;0.818182;0.8;0.756757
DIGITAL_CAMERA_ORIGINAL;digital_camera_whatsapp;D11_V_flatWA_panrot_0002.mp4;False;0.818182;0.8;0.756757
DIGITAL_CAMERA_ORIGINAL;digital_camera_whatsapp;D11_V_flatWA_still_0001.mp4;False;0.818182;0.8;0.756757
DIGITAL_CAMERA_ORIGINAL;digital_camera_whatsapp;D11_V_flatWA_still_0002.mp4;False;0.818182;0.8;0.756757
DIGITAL_CAMERA_ORIGINAL;digital_camera_youtube;D11_V_flatYT_move_0002.mp4;False;0.916667;0.842105;0.8
DIGITAL_CAMERA_ORIGINAL;digital_camera_youtube;D11_V_flatYT_move_0003.mp4;False;0.916667;0.842105;0.8
DIGITAL_CAMERA_ORIGINAL;digital_camera_youtube;D11_V_flatYT_panrot_0001.mp4;False;0.916667;0.842105;0.8
DIGITAL_CAMERA_ORIGINAL;digital_camera_youtube;D11_V_flatYT_panrot_0002.mp4;False;0.916667;0.842105;0.8
DIGITAL_CAMERA_ORIGINAL;digital_camera_youtube;D11_V_flatYT_still_0001.mp4;False;0.916667;0.842105;0.8
DIGITAL_CAMERA_ORIGINAL;digital_camera_youtube;D11_V_flatYT_still_0002.mp4;False;0.916667;0.842105;0.8
DIGITAL_CAMERA_ORIGINAL;digital_camera_original;D11_V_indoor_move_0002.mp4;True;1.0;1.0;1.0
DIGITAL_CAMERA_ORIGINAL;digital_camera_original;D11_V_indoor_panrot_0001.mp4;True;1.0;1.0;1.0
DIGITAL_CAMERA_ORIGINAL;digital_camera_original;D11_V_indoor_panrot_0002.mp4;True;1.0;1.0;1.0
DIGITAL_CAMERA_ORIGINAL;digital_camera_original;D11_V_indoor_still_0001.mp4;True;1.0;1.0;1.0
DIGITAL_CAMERA_ORIGINAL;digital_camera_original;D11_V_indoor_still_0002.mp4;True;1.0;1.0;1.0
DIGITAL_CAMERA_ORIGINAL;digital_camera_whatsapp;D11_V_indoorWA_move_0002.mp4;False;0.818182;0.8;0.756757
DIGITAL_CAMERA_ORIGINAL;digital_camera_whatsapp;D11_V_indoorWA_panrot_0001.mp4;False;0.818182;0.8;0.756757
DIGITAL_CAMERA_ORIGINAL;digital_camera_whatsapp;D11_V_indoorWA_panrot_0002.mp4;False;0.818182;0.8;0.756757
DIGITAL_CAMERA_ORIGINAL;digital_camera_whatsapp;D11_V_indoorWA_still_0001.mp4;False;0.818182;0.8;0.756757
DIGITAL_CAMERA_ORIGINAL;digital_camera_whatsapp;D11_V_indoorWA_still_0002.mp4;False;0.818182;0.8;0.756757
DIGITAL_CAMERA_ORIGINAL;digital_camera_youtube;D11_V_indoorYT_move_0002.mp4;False;0.916667;0.842105;0.8
DIGITAL_CAMERA_ORIGINAL;digital_camera_youtube;D11_V_indoorYT_panrot_0001.mp4;False;0.916667;0.842105;0.8
DIGITAL_CAMERA_ORIGINAL;digital_camera_youtube;D11_V_indoorYT_panrot_0002.mp4;False;0.916667;0.842105;0.8
DIGITAL_CAMERA_ORIGINAL;digital_camera_youtube;D11_V_indoorYT_still_0001.mp4;False;0.916667;0.842105;0.8
DIGITAL_CAMERA_ORIGINAL;digital_camera_youtube;D11_V_indoorYT_still_0002.mp4;False;0.916667;0.842105;0.8
DIGITAL_CAMERA_ORIGINAL;digital_camera_original;D11_V_outdoor_move_0002.mp4;True;1.0;1.0;1.0
DIGITAL_CAMERA_ORIGINAL;digital_camera_original;D11_V_outdoor_panrot_0001.mp4;True;1.0;1.0;1.0
DIGITAL_CAMERA_ORIGINAL;digital_camera_original;D11_V_outdoor_panrot_0002.mp4;True;1.0;1.0;1.0
DIGITAL_CAMERA_ORIGINAL;digital_camera_original;D11_V_outdoor_still_0001.mp4;True;1.0;1.0;1.0
DIGITAL_CAMERA_ORIGINAL;digital_camera_original;D11_V_outdoor_still_0002.mp4;True;1.0;1.0;1.0
DIGITAL_CAMERA_ORIGINAL;digital_camera_whatsapp;D11_V_outdoorWA_move_0002.mp4;False;0.818182;0.8;0.756757
DIGITAL_CAMERA_ORIGINAL;digital_camera_whatsapp;D11_V_outdoorWA_panrot_0001.mp4;False;0.818182;0.8;0.756757
DIGITAL_CAMERA_ORIGINAL;digital_camera_whatsapp;D11_V_outdoorWA_panrot_0002.mp4;False;0.818182;0.8;0.756757
DIGITAL_CAMERA_ORIGINAL;digital_camera_whatsapp;D11_V_outdoorWA_still_0001.mp4;False;0.818182;0.8;0.756757
DIGITAL_CAMERA_ORIGINAL;digital_camera_whatsapp;D11_V_outdoorWA_still_0002.mp4;False;0.818182;0.8;0.756757
DIGITAL_CAMERA_ORIGINAL;digital_camera_youtube;D11_V_outdoorYT_move_0002.mp4;False;0.916667;0.842105;0.8
DIGITAL_CAMERA_ORIGINAL;digital_camera_youtube;D11_V_outdoorYT_panrot_0001.mp4;False;0.916667;0.842105;0.8
DIGITAL_CAMERA_ORIGINAL;digital_camera_youtube;D11_V_outdoorYT_panrot_0002.mp4;False;0.916667;0.842105;0.8
DIGITAL_CAMERA_ORIGINAL;digital_camera_youtube;D11_V_outdoorYT_still_0001.mp4;False;0.916667;0.842105;0.8
DIGITAL_CAMERA_ORIGINAL;digital_camera_youtube;D11_V_outdoorYT_still_0002.mp4;False;0.916667;0.842105;0.8
DIGITAL_CAMERA_ORIGINAL;digital_camera_original;D12_V_flat_move_0002.mp4;True;1.0;1.0;1.0
DIGITAL_CAMERA_ORIGINAL;digital_camera_original;D12_V_flat_move_0003.mp4;True;1.0;1.0;1.0
DIGITAL_CAMERA_ORIGINAL;digital_camera_original;D12_V_flat_panrot_0001.mp4;True;1.0;1.0;1.0
DIGITAL_CAMERA_ORIGINAL;digital_camera_original;D12_V_flat_panrot_0002.mp4;True;1.0;1.0;1.0
DIGITAL_CAMERA_ORIGINAL;digital_camera_original;D12_V_flat_still_0001.mp4;True;1.0;1.0;1.0
DIGITAL_CAMERA_ORIGINAL;digital_camera_original;D12_V_flat_still_0002.mp4;True;1.0;1.0;1.0
DIGITAL_CAMERA_ORIGINAL;digital_camera_whatsapp;D12_V_flatWA_move_0002.mp4;False;0.769231;0.72;0.666667
DIGITAL_CAMERA_ORIGINAL;digital_camera_whatsapp;D12_V_flatWA_move_0003.mp4;False;0.769231;0.72;0.666667
DIGITAL_CAMERA_ORIGINAL;digital_camera_whatsapp;D12_V_flatWA_panrot_0001.mp4;False;0.769231;0.72;0.666667
DIGITAL_CAMERA_ORIGINAL;digital_camera_whatsapp;D12_V_flatWA_panrot_0002.mp4;False;0.769231;0.72;0.666667
DIGITAL_CAMERA_ORIGINAL;digital_camera_whatsapp;D12_V_flatWA_still_0001.mp4;False;0.769231;0.72;0.666667
DIGITAL_CAMERA_ORIGINAL;digital_camera_whatsapp;D12_V_flatWA_still_0002.mp4;False;0.769231;0.72;0.666667
DIGITAL_CAMERA_ORIGINAL;digital_camera_youtube;D12_V_flatYT_move_0002.mp4;False;0.916667;0.842105;0.8
DIGITAL_CAMERA_ORIGINAL;digital_camera_youtube;D12_V_flatYT_move_0003.mp4;False;0.916667;0.842105;0.8
DIGITAL_CAMERA_ORIGINAL;digital_camera_youtube;D12_V_flatYT_panrot_0001.mp4;False;0.916667;0.842105;0.8
DIGITAL_CAMERA_ORIGINAL;digital_camera_youtube;D12_V_flatYT_panrot_0002.mp4;False;0.916667;0.842105;0.8
DIGITAL_CAMERA_ORIGINAL;digital_camera_youtube;D12_V_flatYT_still_0001.mp4;False;0.916667;0.842105;0.8
DIGITAL_CAMERA_ORIGINAL;digital_camera_youtube;D12_V_flatYT_still_0002.mp4;False;0.916667;0.842105;0.8
DIGITAL_CAMERA_ORIGINAL;digital_camera_original;D12_V_indoor_move_0002.mp4;True;1.0;1.0;1.0
DIGITAL_CAMERA_ORIGINAL;digital_camera_original;D12_V_indoor_panrot_0001.mp4;True;1.0;1.0;1.0
DIGITAL_CAMERA_ORIGINAL;digital_camera_original;D12_V_indoor_panrot_0002.mp4;True;1.0;1.0;1.0
DIGITAL_CAMERA_ORIGINAL;digital_camera_original;D12_V_indoor_still_0001.mp4;True;1.0;1.0;1.0
DIGITAL_CAMERA_ORIGINAL;digital_camera_original;D12_V_indoor_still_0002.mp4;True;1.0;1.0;1.0
DIGITAL_CAMERA_ORIGINAL;digital_camera_whatsapp;D12_V_indoorWA_move_0002.mp4;False;0.769231;0.72;0.666667
DIGITAL_CAMERA_ORIGINAL;digital_camera_whatsapp;D12_V_indoorWA_panrot_0001.mp4;False;0.769231;0.72;0.666667
DIGITAL_CAMERA_ORIGINAL;digital_camera_whatsapp;D12_V_indoorWA_panrot_0002.mp4;False;0.769231;0.72;0.666667
DIGITAL_CAMERA_ORIGINAL;digital_camera_whatsapp;D12_V_indoorWA_still_0001.mp4;False;0.769231;0.72;0.666667
DIGITAL_CAMERA_ORIGINAL;digital_camera_whatsapp;D12_V_indoorWA_still_0002.mp4;False;0.769231;0.72;0.666667
DIGITAL_CAMERA_ORIGINAL;digital_camera_youtube;D12_V_indoorYT_move_0002.mp4;False;0.916667;0.842105;0.8
DIGITAL_CAMERA_ORIGINAL;digital_camera_youtube;D12_V_indoorYT_panrot_0001.mp4;False;0.916667;0.842105;0.8
DIGITAL_CAMERA_ORIGINAL;digital_camera_youtube;D12_V_indoorYT_panrot_0002.mp4;False;0.916667;0.842105;0.8
DIGITAL_CAMERA_ORIGINAL;digital_camera_youtube;D12_V_indoorYT_still_0001.mp4;False;0.916667;0.842105;0.8
DIGITAL_CAMERA_ORIGINAL;digital_camera_youtube;D12_V_indoorYT_still_0002.mp4;False;0.916667;0.842105;0.8
DIGITAL_CAMERA_ORIGINAL;digital_camera_original;D12_V_outdoor_move_0002.mp4;True;1.0;1.0;1.0
DIGITAL_CAMERA_ORIGINAL;digital_camera_original;D12_V_outdoor_panrot_0001.mp4;True;1.0;1.0;1.0
DIGITAL_CAMERA_ORIGINAL;digital_camera_original;D12_V_outdoor_panrot_0002.mp4;True;1.0;1.0;1.0
DIGITAL_CAMERA_ORIGINAL;digital_camera_original;D12_V_outdoor_still_0001.mp4;True;1.0;1.0;1.0
DIGITAL_CAMERA_ORIGINAL;digital_camera_original;D12_V_outdoor_still_0002.mp4;True;1.0;1.0;1.0
DIGITAL_CAMERA_ORIGINAL;digital_camera_whatsapp;D12_V_outdoorWA_move_0002.mp4;False;0.769231;0.72;0.666667
DIGITAL_CAMERA_ORIGINAL;digital_camera_whatsapp;D12_V_outdoorWA_panrot_0001.mp4;False;0.769231;0.72;0.666667
DIGITAL_CAMERA_ORIGINAL;digital_camera_whatsapp;D12_V_outdoorWA_panrot_0002.mp4;False;0.769231;0.72;0.666667
DIGITAL_CAMERA_ORIGINAL;digital_camera_whatsapp;D12_V_outdoorWA_still_0001.mp4;False;0.769231;0.72;0.666667
DIGITAL_CAMERA_ORIGINAL;digital_camera_whatsapp;D12_V_outdoorWA_still_0002.mp4;False;0.769231;0.72;0.666667
DIGITAL_CAMERA_ORIGINAL;digital_camera_youtube;D12_V_outdoorYT_move_0002.mp4;False;0.916667;0.842105;0.8
DIGITAL_CAMERA_ORIGINAL;digital_camera_youtube;D12_V_outdoorYT_panrot_0001.mp4;False;0.916667;0.842105;0.8
DIGITAL_CAMERA_ORIGINAL;digital_camera_youtube;D12_V_outdoorYT_panrot_0002.mp4;False;0.916667;0.842105;0.8
DIGITAL_CAMERA_ORIGINAL;digital_camera_youtube;D12_V_outdoorYT_still_0001.mp4;False;0.916667;0.842105;0.8
DIGITAL_CAMERA_ORIGINAL;digital_camera_youtube;D12_V_outdoorYT_still_0002.mp4;False;0.916667;0.842105;0.8
DIGITAL_CAMERA_ORIGINAL;digital_camera_original;D13_V_flat_move_0002.mov;True;1.0;1.0;1.0
DIGITAL_CAMERA_ORIGINAL;digital_camera_original;D13_V_flat_panrot_0001.mov;True;1.0;1.0;1.0
DIGITAL_CAMERA_ORIGINAL;digital_camera_original;D13_V_flat_still_0001.mov;True;1.0;1.0;1.0
DIGITAL_CAMERA_ORIGINAL;digital_camera_whatsapp;D13_V_flatWA_move_0002.mp4;False;0.818182;0.8;0.756757
DIGITAL_CAMERA_ORIGINAL;digital_camera_whatsapp;D13_V_flatWA_panrot_0001.mp4;False;0.818182;0.8;0.756757
DIGITAL_CAMERA_ORIGINAL;digital_camera_whatsapp;D13_V_flatWA_still_0001.mp4;False;0.818182;0.8;0.756757
DIGITAL_CAMERA_ORIGINAL;digital_camera_youtube;D13_V_flatYT_move_0002.mp4;False;0.916667;0.842105;0.8
DIGITAL_CAMERA_ORIGINAL;digital_camera_youtube;D13_V_flatYT_panrot_0001.mp4;False;0.916667;0.842105;0.8
DIGITAL_CAMERA_ORIGINAL;digital_camera_youtube;D13_V_flatYT_still_0001.mp4;False;0.916667;0.842105;0.8
DIGITAL_CAMERA_ORIGINAL;digital_camera_original;D13_V_indoor_move_0002.mov;True;1.0;1.0;1.0
DIGITAL_CAMERA_ORIGINAL;digital_camera_original;D13_V_indoor_panrot_0001.mov;True;1.0;1.0;1.0
DIGITAL_CAMERA_ORIGINAL;digital_camera_original;D13_V_indoor_panrot_0002.mov;True;1.0;1.0;1.0
DIGITAL_CAMERA_ORIGINAL;digital_camera_original;D13_V_indoor_still_0001.mov;True;1.0;1.0;1.0
DIGITAL_CAMERA_ORIGINAL;digital_camera_original;D13_V_indoor_still_0002.mov;True;1.0;1.0;1.0
DIGITAL_CAMERA_ORIGINAL;digital_camera_whatsapp;D13_V_indoorWA_move_0002.mp4;False;0.818182;0.8;0.756757
DIGITAL_CAMERA_ORIGINAL;digital_camera_whatsapp;D13_V_indoorWA_panrot_0001.mp4;False;0.818182;0.8;0.756757
DIGITAL_CAMERA_ORIGINAL;digital_camera_whatsapp;D13_V_indoorWA_panrot_0002.mp4;False;0.818182;0.8;0.756757
DIGITAL_CAMERA_ORIGINAL;digital_camera_whatsapp;D13_V_indoorWA_still_0001.mp4;False;0.818182;0.8;0.756757
DIGITAL_CAMERA_ORIGINAL;digital_camera_whatsapp;D13_V_indoorWA_still_0002.mp4;False;0.818182;0.8;0.756757
DIGITAL_CAMERA_ORIGINAL;digital_camera_youtube;D13_V_indoorYT_move_0002.mp4;False;0.916667;0.842105;0.8
DIGITAL_CAMERA_ORIGINAL;digital_camera_youtube;D13_V_indoorYT_panrot_0001.mp4;False;0.916667;0.842105;0.8
DIGITAL_CAMERA_ORIGINAL;digital_camera_youtube;D13_V_indoorYT_panrot_0002.mp4;False;0.916667;0.842105;0.8
DIGITAL_CAMERA_ORIGINAL;digital_camera_youtube;D13_V_indoorYT_still_0001.mp4;False;0.916667;0.842105;0.8
DIGITAL_CAMERA_ORIGINAL;digital_camera_youtube;D13_V_indoorYT_still_0002.mp4;False;0.916667;0.842105;0.8
DIGITAL_CAMERA_ORIGINAL;digital_camera_original;D13_V_outdoor_move_0002.mov;True;1.0;1.0;1.0
DIGITAL_CAMERA_ORIGINAL;digital_camera_original;D13_V_outdoor_panrot_0001.mov;True;1.0;1.0;1.0
DIGITAL_CAMERA_ORIGINAL;digital_camera_original;D13_V_outdoor_panrot_0002.mov;True;1.0;1.0;1.0
DIGITAL_CAMERA_ORIGINAL;digital_camera_original;D13_V_outdoor_still_0001.mov;True;1.0;1.0;1.0
DIGITAL_CAMERA_ORIGINAL;digital_camera_original;D13_V_outdoor_still_0002.mov;True;1.0;1.0;1.0
DIGITAL_CAMERA_ORIGINAL;digital_camera_whatsapp;D13_V_outdoorWA_move_0002.mp4;False;0.818182;0.8;0.756757
DIGITAL_CAMERA_ORIGINAL;digital_camera_whatsapp;D13_V_outdoorWA_panrot_0001.mp4;False;0.818182;0.8;0.756757
DIGITAL_CAMERA_ORIGINAL;digital_camera_whatsapp;D13_V_outdoorWA_panrot_0002.mp4;False;0.818182;0.8;0.756757
DIGITAL_CAMERA_ORIGINAL;digital_camera_whatsapp;D13_V_outdoorWA_still_0001.mp4;False;0.818182;0.8;0.756757
DIGITAL_CAMERA_ORIGINAL;digital_camera_whatsapp;D13_V_outdoorWA_still_0002.mp4;False;0.818182;0.8;0.756757
DIGITAL_CAMERA_ORIGINAL;digital_camera_youtube;D13_V_outdoorYT_move_0002.mp4;False;0.916667;0.842105;0.8
DIGITAL_CAMERA_ORIGINAL;digital_camera_youtube;D13_V_outdoorYT_panrot_0001.mp4;False;0.916667;0.842105;0.8
DIGITAL_CAMERA_ORIGINAL;digital_camera_youtube;D13_V_outdoorYT_panrot_0002.mp4;False;0.916667;0.842105;0.8
DIGITAL_CAMERA_ORIGINAL;digital_camera_youtube;D13_V_outdoorYT_still_0001.mp4;False;0.916667;0.842105;0.8
DIGITAL_CAMERA_ORIGINAL;digital_camera_youtube;D13_V_outdoorYT_still_0002.mp4;False;0.916667;0.842105;0.8
DIGITAL_CAMERA_ORIGINAL;digital_camera_original;D14_V_flat_move_0002.mov;True;1.0;1.0;1.0
DIGITAL_CAMERA_ORIGINAL;digital_camera_original;D14_V_flat_move_0003.mov;True;1.0;1.0;1.0
DIGITAL_CAMERA_ORIGINAL;digital_camera_original;D14_V_flat_panrot_0001.mov;True;1.0;1.0;1.0
DIGITAL_CAMERA_ORIGINAL;digital_camera_original;D14_V_flat_panrot_0002.mov;True;1.0;1.0;1.0
DIGITAL_CAMERA_ORIGINAL;digital_camera_original;D14_V_flat_still_0001.mov;True;1.0;1.0;1.0
DIGITAL_CAMERA_ORIGINAL;digital_camera_original;D14_V_flat_still_0002.mov;True;1.0;1.0;1.0
DIGITAL_CAMERA_ORIGINAL;digital_camera_whatsapp;D14_V_flatWA_move_0002.mp4;False;0.818182;0.8;0.756757
DIGITAL_CAMERA_ORIGINAL;digital_camera_whatsapp;D14_V_flatWA_move_0003.mp4;False;0.818182;0.8;0.756757
DIGITAL_CAMERA_ORIGINAL;digital_camera_whatsapp;D14_V_flatWA_panrot_0001.mp4;False;0.818182;0.8;0.756757
DIGITAL_CAMERA_ORIGINAL;digital_camera_whatsapp;D14_V_flatWA_panrot_0002.mp4;False;0.818182;0.8;0.756757
DIGITAL_CAMERA_ORIGINAL;digital_camera_whatsapp;D14_V_flatWA_still_0001.mp4;False;0.818182;0.8;0.756757
DIGITAL_CAMERA_ORIGINAL;digital_camera_whatsapp;D14_V_flatWA_still_0002.mp4;False;0.818182;0.8;0.756757
DIGITAL_CAMERA_ORIGINAL;digital_camera_youtube;D14_V_flatYT_move_0002.mp4;False;0.916667;0.842105;0.8
DIGITAL_CAMERA_ORIGINAL;digital_camera_youtube;D14_V_flatYT_move_0003.mp4;False;0.916667;0.842105;0.8
DIGITAL_CAMERA_ORIGINAL;digital_camera_youtube;D14_V_flatYT_panrot_0001.mp4;False;0.916667;0.842105;0.8
DIGITAL_CAMERA_ORIGINAL;digital_camera_youtube;D14_V_flatYT_panrot_0002.mp4;False;0.916667;0.842105;0.8
DIGITAL_CAMERA_ORIGINAL;digital_camera_youtube;D14_V_flatYT_still_0001.mp4;False;0.916667;0.842105;0.8
DIGITAL_CAMERA_ORIGINAL;digital_camera_youtube;D14_V_flatYT_still_0002.mp4;False;0.916667;0.842105;0.8
DIGITAL_CAMERA_ORIGINAL;digital_camera_original;D14_V_indoor_move_0002.mov;True;1.0;1.0;1.0
DIGITAL_CAMERA_ORIGINAL;digital_camera_original;D14_V_indoor_panrot_0001.mov;True;1.0;1.0;1.0
DIGITAL_CAMERA_ORIGINAL;digital_camera_original;D14_V_indoor_panrot_0002.mov;True;1.0;1.0;1.0
DIGITAL_CAMERA_ORIGINAL;digital_camera_original;D14_V_indoor_still_0001.mov;True;1.0;1.0;1.0
DIGITAL_CAMERA_ORIGINAL;digital_camera_original;D14_V_indoor_still_0002.mov;True;1.0;1.0;1.0
DIGITAL_CAMERA_ORIGINAL;digital_camera_whatsapp;D14_V_indoorWA_move_0002.mp4;False;0.818182;0.8;0.756757
DIGITAL_CAMERA_ORIGINAL;digital_camera_whatsapp;D14_V_indoorWA_panrot_0001.mp4;False;0.818182;0.8;0.756757
DIGITAL_CAMERA_ORIGINAL;digital_camera_whatsapp;D14_V_indoorWA_panrot_0002.mp4;False;0.818182;0.8;0.756757
DIGITAL_CAMERA_ORIGINAL;digital_camera_whatsapp;D14_V_indoorWA_still_0001.mp4;False;0.818182;0.8;0.756757
DIGITAL_CAMERA_ORIGINAL;digital_camera_whatsapp;D14_V_indoorWA_still_0002.mp4;False;0.818182;0.8;0.756757
DIGITAL_CAMERA_ORIGINAL;digital_camera_youtube;D14_V_indoorYT_move_0002.mp4;False;0.916667;0.842105;0.8
DIGITAL_CAMERA_ORIGINAL;digital_camera_youtube;D14_V_indoorYT_panrot_0001.mp4;False;0.916667;0.842105;0.8
DIGITAL_CAMERA_ORIGINAL;digital_camera_youtube;D14_V_indoorYT_panrot_0002.mp4;False;0.916667;0.842105;0.8
DIGITAL_CAMERA_ORIGINAL;digital_camera_youtube;D14_V_indoorYT_still_0001.mp4;False;0.916667;0.842105;0.8
DIGITAL_CAMERA_ORIGINAL;digital_camera_youtube;D14_V_indoorYT_still_0002.mp4;False;0.916667;0.842105;0.8
DIGITAL_CAMERA_ORIGINAL;digital_camera_original;D14_V_outdoor_move_0002.mov;True;1.0;1.0;1.0
DIGITAL_CAMERA_ORIGINAL;digital_camera_original;D14_V_outdoor_panrot_0001.mov;True;1.0;1.0;1.0
DIGITAL_CAMERA_ORIGINAL;digital_camera_original;D14_V_outdoor_panrot_0002.mov;True;1.0;1.0;1.0
DIGITAL_CAMERA_ORIGINAL;digital_camera_original;D14_V_outdoor_still_0001.mov;True;1.0;1.0;1.0
DIGITAL_CAMERA_ORIGINAL;digital_camera_original;D14_V_outdoor_still_0002.mov;True;1.0;1.0;1.0
DIGITAL_CAMERA_ORIGINAL;digital_camera_whatsapp;D14_V_outdoorWA_move_0002.mp4;False;0.818182;0.8;0.756757
DIGITAL_CAMERA_ORIGINAL;digital_camera_whatsapp;D14_V_outdoorWA_panrot_0001.mp4;False;0.818182;0.8;0.756757
DIGITAL_CAMERA_ORIGINAL;digital_camera_whatsapp;D14_V_outdoorWA_panrot_0002.mp4;False;0.818182;0.8;0.756757
DIGITAL_CAMERA_ORIGINAL;digital_camera_whatsapp;D14_V_outdoorWA_still_0001.mp4;False;0.818182;0.8;0.756757
DIGITAL_CAMERA_ORIGINAL;digital_camera_whatsapp;D14_V_outdoorWA_still_0002.mp4;False;0.818182;0.8;0.756757
DIGITAL_CAMERA_ORIGINAL;digital_camera_youtube;D14_V_outdoorYT_move_0002.mp4;False;0.916667;0.842105;0.8
DIGITAL_CAMERA_ORIGINAL;digital_camera_youtube;D14_V_outdoorYT_panrot_0001.mp4;False;0.916667;0.842105;0.8
DIGITAL_CAMERA_ORIGINAL;digital_camera_youtube;D14_V_outdoorYT_panrot_0002.mp4;False;0.916667;0.842105;0.8
DIGITAL_CAMERA_ORIGINAL;digital_camera_youtube;D14_V_outdoorYT_still_0001.mp4;False;0.916667;0.842105;0.8
DIGITAL_CAMERA_ORIGINAL;digital_camera_youtube;D14_V_outdoorYT_still_0002.mp4;False;0.916667;0.842105;0.8
DIGITAL_CAMERA_ORIGINAL;digital_camera_original;D15_V_flat_move_0002.mov;True;1.0;1.0;1.0
DIGITAL_CAMERA_ORIGINAL;digital_camera_original;D15_V_flat_move_0003.mov;True;1.0;1.0;1.0
DIGITAL_CAMERA_ORIGINAL;digital_camera_original;D15_V_flat_panrot_0001.mov;True;1.0;1.0;1.0
DIGITAL_CAMERA_ORIGINAL;digital_camera_original;D15_V_flat_panrot_0002.mov;True;1.0;1.0;1.0
DIGITAL_CAMERA_ORIGINAL;digital_camera_original;D15_V_flat_still_0001.mov;True;1.0;1.0;1.0
DIGITAL_CAMERA_ORIGINAL;digital_camera_original;D15_V_flat_still_0002.mov;True;1.0;1.0;1.0
DIGITAL_CAMERA_ORIGINAL;digital_camera_whatsapp;D15_V_flatWA_move_0002.mp4;False;0.818182;0.8;0.756757
DIGITAL_CAMERA_ORIGINAL;digital_camera_whatsapp;D15_V_flatWA_move_0003.mp4;False;0.818182;0.8;0.756757
DIGITAL_CAMERA_ORIGINAL;digital_camera_whatsapp;D15_V_flatWA_panrot_0001.mp4;False;0.818182;0.8;0.756757
DIGITAL_CAMERA_ORIGINAL;digital_camera_whatsapp;D15_V_flatWA_panrot_0002.mp4;False;0.818182;0.8;0.756757
DIGITAL_CAMERA_ORIGINAL;digital_camera_whatsapp;D15_V_flatWA_still_0001.mp4;False;0.818182;0.8;0.756757
DIGITAL_CAMERA_ORIGINAL;digital_camera_whatsapp;D15_V_flatWA_still_0002.mp4;False;0.818182;0.8;0.756757
DIGITAL_CAMERA_ORIGINAL;digital_camera_youtube;D15_V_flatYT_move_0002.mp4;False;0.916667;0.842105;0.8
DIGITAL_CAMERA_ORIGINAL;digital_camera_youtube;D15_V_flatYT_move_0003.mp4;False;0.916667;0.842105;0.8
DIGITAL_CAMERA_ORIGINAL;digital_camera_youtube;D15_V_flatYT_panrot_0001.mp4;False;0.916667;0.842105;0.8
DIGITAL_CAMERA_ORIGINAL;digital_camera_youtube;D15_V_flatYT_panrot_0002.mp4;False;0.916667;0.842105;0.8
DIGITAL_CAMERA_ORIGINAL;digital_camera_youtube;D15_V_flatYT_still_0001.mp4;False;0.916667;0.842105;0.8
DIGITAL_CAMERA_ORIGINAL;digital_camera_youtube;D15_V_flatYT_still_0002.mp4;False;0.916667;0.842105;0.8
DIGITAL_CAMERA_ORIGINAL;digital_camera_original;D15_V_indoor_move_0002.mov;True;1.0;1.0;1.0
DIGITAL_CAMERA_ORIGINAL;digital_camera_original;D15_V_indoor_panrot_0001.mov;True;1.0;1.0;1.0
DIGITAL_CAMERA_ORIGINAL;digital_camera_original;D15_V_indoor_panrot_0002.mov;True;1.0;1.0;1.0
DIGITAL_CAMERA_ORIGINAL;digital_camera_original;D15_V_indoor_still_0001.mov;True;1.0;1.0;1.0
DIGITAL_CAMERA_ORIGINAL;digital_camera_original;D15_V_indoor_still_0002.mov;True;1.0;1.0;1.0
DIGITAL_CAMERA_ORIGINAL;digital_camera_whatsapp;D15_V_indoorWA_move_0002.mp4;False;0.818182;0.8;0.756757
DIGITAL_CAMERA_ORIGINAL;digital_camera_whatsapp;D15_V_indoorWA_panrot_0001.mp4;False;0.818182;0.8;0.756757
DIGITAL_CAMERA_ORIGINAL;digital_camera_whatsapp;D15_V_indoorWA_panrot_0002.mp4;False;0.818182;0.8;0.756757
DIGITAL_CAMERA_ORIGINAL;digital_camera_whatsapp;D15_V_indoorWA_still_0001.mp4;False;0.818182;0.8;0.756757
DIGITAL_CAMERA_ORIGINAL;digital_camera_whatsapp;D15_V_indoorWA_still_0002.mp4;False;0.818182;0.8;0.756757
DIGITAL_CAMERA_ORIGINAL;digital_camera_youtube;D15_V_indoorYT_move_0002.mp4;False;0.916667;0.842105;0.8
DIGITAL_CAMERA_ORIGINAL;digital_camera_youtube;D15_V_indoorYT_panrot_0001.mp4;False;0.916667;0.842105;0.8
DIGITAL_CAMERA_ORIGINAL;digital_camera_youtube;D15_V_indoorYT_panrot_0002.mp4;False;0.916667;0.842105;0.8
DIGITAL_CAMERA_ORIGINAL;digital_camera_youtube;D15_V_indoorYT_still_0001.mp4;False;0.916667;0.842105;0.8
DIGITAL_CAMERA_ORIGINAL;digital_camera_youtube;D15_V_indoorYT_still_0002.mp4;False;0.916667;0.842105;0.8
DIGITAL_CAMERA_ORIGINAL;digital_camera_original;D15_V_outdoor_move_0002.mov;True;1.0;1.0;1.0
DIGITAL_CAMERA_ORIGINAL;digital_camera_original;D15_V_outdoor_panrot_0001.mov;True;1.0;1.0;1.0
DIGITAL_CAMERA_ORIGINAL;digital_camera_original;D15_V_outdoor_panrot_0002.mov;True;1.0;1.0;1.0
DIGITAL_CAMERA_ORIGINAL;digital_camera_original;D15_V_outdoor_still_0001.mov;True;1.0;1.0;1.0
DIGITAL_CAMERA_ORIGINAL;digital_camera_whatsapp;D15_V_outdoorWA_move_0002.mp4;False;0.818182;0.8;0.756757
DIGITAL_CAMERA_ORIGINAL;digital_camera_whatsapp;D15_V_outdoorWA_panrot_0001.mp4;False;0.818182;0.8;0.756757
DIGITAL_CAMERA_ORIGINAL;digital_camera_whatsapp;D15_V_outdoorWA_panrot_0002.mp4;False;0.818182;0.8;0.756757
DIGITAL_CAMERA_ORIGINAL;digital_camera_whatsapp;D15_V_outdoorWA_still_0001.mp4;False;0.818182;0.8;0.756757
DIGITAL_CAMERA_ORIGINAL;digital_camera_youtube;D15_V_outdoorYT_move_0002.mp4;False;0.916667;0.842105;0.8
DIGITAL_CAMERA_ORIGINAL;digital_camera_youtube;D15_V_outdoorYT_panrot_0001.mp4;False;0.916667;0.842105;0.8
DIGITAL_CAMERA_ORIGINAL;digital_camera_youtube;D15_V_outdoorYT_panrot_0002.mp4;False;0.916667;0.842105;0.8
DIGITAL_CAMERA_ORIGINAL;digital_camera_youtube;D15_V_outdoorYT_still_0001.mp4;False;0.916667;0.842105;0.8
DIGITAL_CAMERA_ORIGINAL;digital_camera_original;D16_V_flat_move_0002.mp4;True;1.0;1.0;1.0
DIGITAL_CAMERA_ORIGINAL;digital_camera_original;D16_V_flat_move_0003.mp4;True;1.0;1.0;1.0
DIGITAL_CAMERA_ORIGINAL;digital_camera_original;D16_V_flat_panrot_0001.mp4;True;1.0;1.0;1.0
DIGITAL_CAMERA_ORIGINAL;digital_camera_original;D16_V_flat_panrot_0002.mp4;True;1.0;1.0;1.0
DIGITAL_CAMERA_ORIGINAL;digital_camera_original;D16_V_flat_still_0001.mp4;True;1.0;1.0;1.0
DIGITAL_CAMERA_ORIGINAL;digital_camera_original;D16_V_flat_still_0002.mp4;True;1.0;1.0;1.0
DIGITAL_CAMERA_ORIGINAL;digital_camera_whatsapp;D16_V_flatWA_move_0002.mp4;False;0.818182;0.8;0.756757
DIGITAL_CAMERA_ORIGINAL;digital_camera_whatsapp;D16_V_flatWA_move_0003.mp4;False;0.818182;0.8;0.756757
DIGITAL_CAMERA_ORIGINAL;digital_camera_whatsapp;D16_V_flatWA_panrot_0001.mp4;False;0.818182;0.8;0.756757
DIGITAL_CAMERA_ORIGINAL;digital_camera_whatsapp;D16_V_flatWA_panrot_0002.mp4;False;0.818182;0.8;0.756757
DIGITAL_CAMERA_ORIGINAL;digital_camera_whatsapp;D16_V_flatWA_still_0001.mp4;False;0.818182;0.8;0.756757
DIGITAL_CAMERA_ORIGINAL;digital_camera_whatsapp;D16_V_flatWA_still_0002.mp4;False;0.818182;0.8;0.756757
DIGITAL_CAMERA_ORIGINAL;digital_camera_youtube;D16_V_flatYT_move_0002.mp4;False;0.916667;0.842105;0.8
DIGITAL_CAMERA_ORIGINAL;digital_camera_youtube;D16_V_flatYT_move_0003.mp4;False;0.916667;0.842105;0.8
DIGITAL_CAMERA_ORIGINAL;digital_camera_youtube;D16_V_flatYT_panrot_0001.mp4;False;0.916667;0.842105;0.8
DIGITAL_CAMERA_ORIGINAL;digital_camera_youtube;D16_V_flatYT_panrot_0002.mp4;False;0.916667;0.842105;0.8
DIGITAL_CAMERA_ORIGINAL;digital_camera_youtube;D16_V_flatYT_still_0001.mp4;False;0.916667;0.842105;0.8
DIGITAL_CAMERA_ORIGINAL;digital_camera_youtube;D16_V_flatYT_still_0002.mp4;False;0.916667;0.842105;0.8
DIGITAL_CAMERA_ORIGINAL;digital_camera_original;D16_V_indoor_move_0002.mp4;True;1.0;1.0;1.0
DIGITAL_CAMERA_ORIGINAL;digital_camera_original;D16_V_indoor_panrot_0001.mp4;True;1.0;1.0;1.0
DIGITAL_CAMERA_ORIGINAL;digital_camera_original;D16_V_indoor_panrot_0002.mp4;True;1.0;1.0;1.0
DIGITAL_CAMERA_ORIGINAL;digital_camera_original;D16_V_indoor_still_0001.mp4;True;1.0;1.0;1.0
DIGITAL_CAMERA_ORIGINAL;digital_camera_original;D16_V_indoor_still_0002.mp4;True;1.0;1.0;1.0
DIGITAL_CAMERA_ORIGINAL;digital_camera_whatsapp;D16_V_indoorWA_move_0002.mp4;False;0.818182;0.8;0.756757
DIGITAL_CAMERA_ORIGINAL;digital_camera_whatsapp;D16_V_indoorWA_panrot_0001.mp4;False;0.818182;0.8;0.756757
DIGITAL_CAMERA_ORIGINAL;digital_camera_whatsapp;D16_V_indoorWA_panrot_0002.mp4;False;0.818182;0.8;0.756757
DIGITAL_CAMERA_ORIGINAL;digital_camera_whatsapp;D16_V_indoorWA_still_0001.mp4;False;0.818182;0.8;0.756757
DIGITAL_CAMERA_ORIGINAL;digital_camera_whatsapp;D16_V_indoorWA_still_0002.mp4;False;0.818182;0.8;0.756757
DIGITAL_CAMERA_ORIGINAL;digital_camera_youtube;D16_V_indoorYT_move_0002.mp4;False;0.916667;0.842105;0.8
DIGITAL_CAMERA_ORIGINAL;digital_camera_youtube;D16_V_indoorYT_panrot_0001.mp4;False;0.916667;0.842105;0.8
DIGITAL_CAMERA_ORIGINAL;digital_camera_youtube;D16_V_indoorYT_panrot_0002.mp4;False;0.916667;0.842105;0.8
DIGITAL_CAMERA_ORIGINAL;digital_camera_youtube;D16_V_indoorYT_still_0001.mp4;False;0.916667;0.842105;0.8
DIGITAL_CAMERA_ORIGINAL;digital_camera_youtube;D16_V_indoorYT_still_0002.mp4;False;0.916667;0.842105;0.8
DIGITAL_CAMERA_ORIGINAL;digital_camera_original;D16_V_outdoor_move_0002.mp4;True;1.0;1.0;1.0
DIGITAL_CAMERA_ORIGINAL;digital_camera_original;D16_V_outdoor_panrot_0001.mp4;True;1.0;1.0;1.0
DIGITAL_CAMERA_ORIGINAL;digital_camera_original;D16_V_outdoor_panrot_0002.mp4;True;1.0;1.0;1.0
DIGITAL_CAMERA_ORIGINAL;digital_camera_original;D16_V_outdoor_still_0001.mp4;True;1.0;1.0;1.0
DIGITAL_CAMERA_ORIGINAL;digital_camera_original;D16_V_outdoor_still_0002.mp4;True;1.0;1.0;1.0
DIGITAL_CAMERA_ORIGINAL;digital_camera_whatsapp;D16_V_outdoorWA_move_0002.mp4;False;0.818182;0.8;0.756757
DIGITAL_CAMERA_ORIGINAL;digital_camera_whatsapp;D16_V_outdoorWA_panrot_0001.mp4;False;0.818182;0.8;0.756757
DIGITAL_CAMERA_ORIGINAL;digital_camera_whatsapp;D16_V_outdoorWA_panrot_0002.mp4;False;0.818182;0.8;0.756757
DIGITAL_CAMERA_ORIGINAL;digital_camera_whatsapp;D16_V_outdoorWA_still_0001.mp4;False;0.818182;0.8;0.756757
DIGITAL_CAMERA_ORIGINAL;digital_camera_whatsapp;D16_V_outdoorWA_still_0002.mp4;False;0.818182;0.8;0.756757
DIGITAL_CAMERA_ORIGINAL;digital_camera_youtube;D16_V_outdoorYT_move_0002.mp4;False;0.916667;0.842105;0.8
DIGITAL_CAMERA_ORIGINAL;digital_camera_youtube;D16_V_outdoorYT_panrot_0001.mp4;False;0.916667;0.842105;0.8
DIGITAL_CAMERA_ORIGINAL;digital_camera_youtube;D16_V_outdoorYT_panrot_0002.mp4;False;0.916667;0.842105;0.8
DIGITAL_CAMERA_ORIGINAL;digital_camera_youtube;D16_V_outdoorYT_still_0001.mp4;False;0.916667;0.842105;0.8
DIGITAL_CAMERA_ORIGINAL;digital_camera_youtube;D16_V_outdoorYT_still_0002.mp4;False;0.916667;0.842105;0.8
DIGITAL_CAMERA_ORIGINAL;digital_camera_original;D17_V_flat_move_0002.mp4;True;1.0;1.0;1.0
DIGITAL_CAMERA_ORIGINAL;digital_camera_original;D17_V_flat_panrot_0001.mp4;True;1.0;1.0;1.0
DIGITAL_CAMERA_ORIGINAL;digital_camera_original;D17_V_flat_still_0001.mp4;True;1.0;1.0;1.0
DIGITAL_CAMERA_ORIGINAL;digital_camera_whatsapp;D17_V_flatWA_move_0002.mp4;False;0.818182;0.8;0.756757
DIGITAL_CAMERA_ORIGINAL;digital_camera_whatsapp;D17_V_flatWA_panrot_0001.mp4;False;0.818182;0.8;0.756757
DIGITAL_CAMERA_ORIGINAL;digital_camera_whatsapp;D17_V_flatWA_still_0001.mp4;False;0.818182;0.8;0.756757
DIGITAL_CAMERA_ORIGINAL;digital_camera_youtube;D17_V_flatYT_move_0002.mp4;False;0.916667;0.842105;0.8
DIGITAL_CAMERA_ORIGINAL;digital_camera_youtube;D17_V_flatYT_panrot_0001.mp4;False;0.916667;0.842105;0.8
DIGITAL_CAMERA_ORIGINAL;digital_camera_youtube;D17_V_flatYT_still_0001.mp4;False;0.916667;0.842105;0.8
DIGITAL_CAMERA_ORIGINAL;digital_camera_original;D17_V_indoor_panrot_0001.mp4;True;1.0;1.0;1.0
DIGITAL_CAMERA_ORIGINAL;digital_camera_original;D17_V_indoor_still_0001.mp4;True;1.0;1.0;1.0
DIGITAL_CAMERA_ORIGINAL;digital_camera_whatsapp;D17_V_indoorWA_panrot_0001.mp4;False;0.818182;0.8;0.756757
DIGITAL_CAMERA_ORIGINAL;digital_camera_whatsapp;D17_V_indoorWA_still_0001.mp4;False;0.818182;0.8;0.756757
DIGITAL_CAMERA_ORIGINAL;digital_camera_youtube;D17_V_indoorYT_panrot_0001.mp4;False;0.916667;0.842105;0.8
DIGITAL_CAMERA_ORIGINAL;digital_camera_youtube;D17_V_indoorYT_still_0001.mp4;False;0.916667;0.842105;0.8
DIGITAL_CAMERA_ORIGINAL;digital_camera_original;D17_V_outdoor_panrot_0001.mp4;True;1.0;1.0;1.0
DIGITAL_CAMERA_ORIGINAL;digital_camera_original;D17_V_outdoor_still_0001.mp4;True;1.0;1.0;1.0
DIGITAL_CAMERA_ORIGINAL;digital_camera_whatsapp;D17_V_outdoorWA_panrot_0001.mp4;False;0.818182;0.8;0.756757
DIGITAL_CAMERA_ORIGINAL;digital_camera_whatsapp;D17_V_outdoorWA_still_0001.mp4;False;0.818182;0.8;0.756757
DIGITAL_CAMERA_ORIGINAL;digital_camera_youtube;D17_V_outdoorYT_panrot_0001.mp4;False;0.916667;0.842105;0.8
DIGITAL_CAMERA_ORIGINAL;digital_camera_youtube;D17_V_outdoorYT_still_0001.mp4;False;0.916667;0.842105;0.8
DIGITAL_CAMERA_ORIGINAL;digital_camera_original;D18_V_flat_move_0002.mov;True;1.0;1.0;1.0
DIGITAL_CAMERA_ORIGINAL;digital_camera_original;D18_V_flat_panrot_0001.mov;True;1.0;1.0;1.0
DIGITAL_CAMERA_ORIGINAL;digital_camera_original;D18_V_flat_still_0001.mov;True;1.0;1.0;1.0
DIGITAL_CAMERA_ORIGINAL;digital_camera_original;D18_V_flat_still_0002.mov;True;1.0;1.0;1.0
DIGITAL_CAMERA_ORIGINAL;digital_camera_whatsapp;D18_V_flatWA_move_0002.mp4;False;0.818182;0.8;0.756757
DIGITAL_CAMERA_ORIGINAL;digital_camera_whatsapp;D18_V_flatWA_panrot_0001.mp4;False;0.818182;0.8;0.756757
DIGITAL_CAMERA_ORIGINAL;digital_camera_whatsapp;D18_V_flatWA_still_0001.mp4;False;0.818182;0.8;0.756757
DIGITAL_CAMERA_ORIGINAL;digital_camera_whatsapp;D18_V_flatWA_still_0002.mp4;False;0.818182;0.8;0.756757
DIGITAL_CAMERA_ORIGINAL;digital_camera_youtube;D18_V_flatYT_move_0002.mp4;False;0.916667;0.842105;0.8
DIGITAL_CAMERA_ORIGINAL;digital_camera_youtube;D18_V_flatYT_panrot_0001.mp4;False;0.916667;0.842105;0.8
DIGITAL_CAMERA_ORIGINAL;digital_camera_youtube;D18_V_flatYT_still_0001.mp4;False;0.916667;0.842105;0.8
DIGITAL_CAMERA_ORIGINAL;digital_camera_youtube;D18_V_flatYT_still_0002.mp4;False;0.916667;0.842105;0.8
DIGITAL_CAMERA_ORIGINAL;digital_camera_original;D18_V_indoor_panrot_0001.mov;True;1.0;1.0;1.0
DIGITAL_CAMERA_ORIGINAL;digital_camera_original;D18_V_indoor_still_0001.mov;True;1.0;1.0;1.0
DIGITAL_CAMERA_ORIGINAL;digital_camera_original;D18_V_indoor_still_0002.mov;True;1.0;1.0;1.0
DIGITAL_CAMERA_ORIGINAL;digital_camera_whatsapp;D18_V_indoorWA_panrot_0001.mp4;False;0.818182;0.8;0.756757
DIGITAL_CAMERA_ORIGINAL;digital_camera_whatsapp;D18_V_indoorWA_still_0001.mp4;False;0.818182;0.8;0.756757
DIGITAL_CAMERA_ORIGINAL;digital_camera_whatsapp;D18_V_indoorWA_still_0002.mp4;False;0.818182;0.8;0.756757
DIGITAL_CAMERA_ORIGINAL;digital_camera_youtube;D18_V_indoorYT_panrot_0001.mp4;False;0.916667;0.842105;0.8
DIGITAL_CAMERA_ORIGINAL;digital_camera_youtube;D18_V_indoorYT_still_0001.mp4;False;0.916667;0.842105;0.8
DIGITAL_CAMERA_ORIGINAL;digital_camera_youtube;D18_V_indoorYT_still_0002.mp4;False;0.916667;0.842105;0.8
DIGITAL_CAMERA_ORIGINAL;digital_camera_original;D18_V_outdoor_panrot_0001.mov;True;1.0;1.0;1.0
DIGITAL_CAMERA_ORIGINAL;digital_camera_original;D18_V_outdoor_still_0001.mov;True;1.0;1.0;1.0
DIGITAL_CAMERA_ORIGINAL;digital_camera_original;D18_V_outdoor_still_0002.mov;True;1.0;1.0;1.0
DIGITAL_CAMERA_ORIGINAL;digital_camera_whatsapp;D18_V_outdoorWA_panrot_0001.mp4;False;0.818182;0.8;0.756757
DIGITAL_CAMERA_ORIGINAL;digital_camera_whatsapp;D18_V_outdoorWA_still_0001.mp4;False;0.818182;0.8;0.756757
DIGITAL_CAMERA_ORIGINAL;digital_camera_whatsapp;D18_V_outdoorWA_still_0002.mp4;False;0.818182;0.8;0.756757
DIGITAL_CAMERA_ORIGINAL;digital_camera_youtube;D18_V_outdoorYT_panrot_0001.mp4;False;0.916667;0.842105;0.8
DIGITAL_CAMERA_ORIGINAL;digital_camera_youtube;D18_V_outdoorYT_still_0001.mp4;False;0.916667;0.842105;0.8
DIGITAL_CAMERA_ORIGINAL;digital_camera_youtube;D18_V_outdoorYT_still_0002.mp4;False;0.916667;0.842105;0.8
DIGITAL_CAMERA_ORIGINAL;digital_camera_original;D19_V_flat_move_0003.mov;True;1.0;1.0;1.0
DIGITAL_CAMERA_ORIGINAL;digital_camera_original;D19_V_flat_panrot_0001.mov;True;1.0;1.0;1.0
DIGITAL_CAMERA_ORIGINAL;digital_camera_original;D19_V_flat_panrot_0002.mov;True;1.0;1.0;1.0
DIGITAL_CAMERA_ORIGINAL;digital_camera_original;D19_V_flat_still_0001.mov;True;1.0;1.0;1.0
DIGITAL_CAMERA_ORIGINAL;digital_camera_original;D19_V_flat_still_0002.mov;True;1.0;1.0;1.0
DIGITAL_CAMERA_ORIGINAL;digital_camera_whatsapp;D19_V_flatWA_move_0003.mp4;False;0.818182;0.8;0.756757
DIGITAL_CAMERA_ORIGINAL;digital_camera_whatsapp;D19_V_flatWA_panrot_0001.mp4;False;0.818182;0.8;0.756757
DIGITAL_CAMERA_ORIGINAL;digital_camera_whatsapp;D19_V_flatWA_panrot_0002.mp4;False;0.818182;0.8;0.756757
DIGITAL_CAMERA_ORIGINAL;digital_camera_whatsapp;D19_V_flatWA_still_0001.mp4;False;0.818182;0.8;0.756757
DIGITAL_CAMERA_ORIGINAL;digital_camera_whatsapp;D19_V_flatWA_still_0002.mp4;False;0.818182;0.8;0.756757
DIGITAL_CAMERA_ORIGINAL;digital_camera_youtube;D19_V_flatYT_move_0003.mp4;False;0.916667;0.842105;0.8
DIGITAL_CAMERA_ORIGINAL;digital_camera_youtube;D19_V_flatYT_panrot_0001.mp4;False;0.916667;0.842105;0.8
DIGITAL_CAMERA_ORIGINAL;digital_camera_youtube;D19_V_flatYT_panrot_0002.mp4;False;0.916667;0.842105;0.8
DIGITAL_CAMERA_ORIGINAL;digital_camera_youtube;D19_V_flatYT_still_0001.mp4;False;0.916667;0.842105;0.8
DIGITAL_CAMERA_ORIGINAL;digital_camera_youtube;D19_V_flatYT_still_0002.mp4;False;0.916667;0.842105;0.8
DIGITAL_CAMERA_ORIGINAL;digital_camera_original;D19_V_indoor_move_0002.mov;True;1.0;1.0;1.0
DIGITAL_CAMERA_ORIGINAL;digital_camera_original;D19_V_indoor_panrot_0001.mov;True;1.0;1.0;1.0
DIGITAL_CAMERA_ORIGINAL;digital_camera_original;D19_V_indoor_panrot_0002.mov;True;1.0;1.0;1.0
DIGITAL_CAMERA_ORIGINAL;digital_camera_original;D19_V_indoor_still_0001.mov;True;1.0;1.0;1.0
DIGITAL_CAMERA_ORIGINAL;digital_camera_original;D19_V_indoor_still_0002.mov;True;1.0;1.0;1.0
DIGITAL_CAMERA_ORIGINAL;digital_camera_whatsapp;D19_V_indoorWA_move_0002.mp4;False;0.818182;0.8;0.756757
DIGITAL_CAMERA_ORIGINAL;digital_camera_whatsapp;D19_V_indoorWA_panrot_0001.mp4;False;0.818182;0.8;0.756757
DIGITAL_CAMERA_ORIGINAL;digital_camera_whatsapp;D19_V_indoorWA_panrot_0002.mp4;False;0.818182;0.8;0.756757
DIGITAL_CAMERA_ORIGINAL;digital_camera_whatsapp;D19_V_indoorWA_still_0001.mp4;False;0.818182;0.8;0.756757
DIGITAL_CAMERA_ORIGINAL;digital_camera_whatsapp;D19_V_indoorWA_still_0002.mp4;False;0.818182;0.8;0.756757
DIGITAL_CAMERA_ORIGINAL;digital_camera_youtube;D19_V_indoorYT_move_0002.mp4;False;0.916667;0.842105;0.8
DIGITAL_CAMERA_ORIGINAL;digital_camera_youtube;D19_V_indoorYT_panrot_0001.mp4;False;0.916667;0.842105;0.8
DIGITAL_CAMERA_ORIGINAL;digital_camera_youtube;D19_V_indoorYT_panrot_0002.mp4;False;0.916667;0.842105;0.8
DIGITAL_CAMERA_ORIGINAL;digital_camera_youtube;D19_V_indoorYT_still_0001.mp4;False;0.916667;0.842105;0.8
DIGITAL_CAMERA_ORIGINAL;digital_camera_youtube;D19_V_indoorYT_still_0002.mp4;False;0.916667;0.842105;0.8
DIGITAL_CAMERA_ORIGINAL;digital_camera_original;D19_V_outdoor_move_0002.mov;True;1.0;1.0;1.0
DIGITAL_CAMERA_ORIGINAL;digital_camera_original;D19_V_outdoor_panrot_0001.mov;True;1.0;1.0;1.0
DIGITAL_CAMERA_ORIGINAL;digital_camera_original;D19_V_outdoor_panrot_0002.mov;True;1.0;1.0;1.0
DIGITAL_CAMERA_ORIGINAL;digital_camera_original;D19_V_outdoor_still_0001.mov;True;1.0;1.0;1.0
DIGITAL_CAMERA_ORIGINAL;digital_camera_original;D19_V_outdoor_still_0002.mov;True;1.0;1.0;1.0
DIGITAL_CAMERA_ORIGINAL;digital_camera_whatsapp;D19_V_outdoorWA_move_0002.mp4;False;0.818182;0.8;0.756757
DIGITAL_CAMERA_ORIGINAL;digital_camera_whatsapp;D19_V_outdoorWA_panrot_0001.mp4;False;0.818182;0.8;0.756757
DIGITAL_CAMERA_ORIGINAL;digital_camera_whatsapp;D19_V_outdoorWA_panrot_0002.mp4;False;0.818182;0.8;0.756757
DIGITAL_CAMERA_ORIGINAL;digital_camera_whatsapp;D19_V_outdoorWA_still_0001.mp4;False;0.818182;0.8;0.756757
DIGITAL_CAMERA_ORIGINAL;digital_camera_whatsapp;D19_V_outdoorWA_still_0002.mp4;False;0.818182;0.8;0.756757
DIGITAL_CAMERA_ORIGINAL;digital_camera_youtube;D19_V_outdoorYT_move_0002.mp4;False;0.916667;0.842105;0.8
DIGITAL_CAMERA_ORIGINAL;digital_camera_youtube;D19_V_outdoorYT_panrot_0001.mp4;False;0.916667;0.842105;0.8
DIGITAL_CAMERA_ORIGINAL;digital_camera_youtube;D19_V_outdoorYT_panrot_0002.mp4;False;0.916667;0.842105;0.8
DIGITAL_CAMERA_ORIGINAL;digital_camera_youtube;D19_V_outdoorYT_still_0001.mp4;False;0.916667;0.842105;0.8
DIGITAL_CAMERA_ORIGINAL;digital_camera_youtube;D19_V_outdoorYT_still_0002.mp4;False;0.916667;0.842105;0.8
DIGITAL_CAMERA_ORIGINAL;digital_camera_original;D20_V_flat_move_0002.mov;True;1.0;1.0;1.0
DIGITAL_CAMERA_ORIGINAL;digital_camera_original;D20_V_flat_panrot_0001.mov;True;1.0;1.0;1.0
DIGITAL_CAMERA_ORIGINAL;digital_camera_original;D20_V_flat_still_0001.mov;True;1.0;1.0;1.0
DIGITAL_CAMERA_ORIGINAL;digital_camera_whatsapp;D20_V_flatWA_move_0002.mp4;False;0.818182;0.8;0.756757
DIGITAL_CAMERA_ORIGINAL;digital_camera_whatsapp;D20_V_flatWA_panrot_0001.mp4;False;0.818182;0.8;0.756757
DIGITAL_CAMERA_ORIGINAL;digital_camera_whatsapp;D20_V_flatWA_still_0001.mp4;False;0.818182;0.8;0.756757
DIGITAL_CAMERA_ORIGINAL;digital_camera_youtube;D20_V_flatYT_move_0002.mp4;False;0.916667;0.842105;0.8
DIGITAL_CAMERA_ORIGINAL;digital_camera_youtube;D20_V_flatYT_panrot_0001.mp4;False;0.916667;0.842105;0.8
DIGITAL_CAMERA_ORIGINAL;digital_camera_youtube;D20_V_flatYT_still_0001.mp4;False;0.916667;0.842105;0.8
DIGITAL_CAMERA_ORIGINAL;digital_camera_original;D20_V_indoor_move_0002.mov;True;1.0;1.0;1.0
DIGITAL_CAMERA_ORIGINAL;digital_camera_original;D20_V_indoor_panrot_0001.mov;True;1.0;1.0;1.0
DIGITAL_CAMERA_ORIGINAL;digital_camera_original;D20_V_indoor_panrot_0002.mov;True;1.0;1.0;1.0
DIGITAL_CAMERA_ORIGINAL;digital_camera_original;D20_V_indoor_still_0001.mov;True;1.0;1.0;1.0
DIGITAL_CAMERA_ORIGINAL;digital_camera_original;D20_V_indoor_still_0002.mov;True;1.0;1.0;1.0
DIGITAL_CAMERA_ORIGINAL;digital_camera_whatsapp;D20_V_indoorWA_move_0002.mp4;False;0.818182;0.8;0.756757
DIGITAL_CAMERA_ORIGINAL;digital_camera_whatsapp;D20_V_indoorWA_panrot_0001.mp4;False;0.818182;0.8;0.756757
DIGITAL_CAMERA_ORIGINAL;digital_camera_whatsapp;D20_V_indoorWA_panrot_0002.mp4;False;0.818182;0.8;0.756757
DIGITAL_CAMERA_ORIGINAL;digital_camera_whatsapp;D20_V_indoorWA_still_0001.mp4;False;0.818182;0.8;0.756757
DIGITAL_CAMERA_ORIGINAL;digital_camera_whatsapp;D20_V_indoorWA_still_0002.mp4;False;0.818182;0.8;0.756757
DIGITAL_CAMERA_ORIGINAL;digital_camera_youtube;D20_V_indoorYT_move_0002.mp4;False;0.916667;0.842105;0.8
DIGITAL_CAMERA_ORIGINAL;digital_camera_youtube;D20_V_indoorYT_panrot_0001.mp4;False;0.916667;0.842105;0.8
DIGITAL_CAMERA_ORIGINAL;digital_camera_youtube;D20_V_indoorYT_panrot_0002.mp4;False;0.916667;0.842105;0.8
DIGITAL_CAMERA_ORIGINAL;digital_camera_youtube;D20_V_indoorYT_still_0001.mp4;False;0.916667;0.842105;0.8
DIGITAL_CAMERA_ORIGINAL;digital_camera_youtube;D20_V_indoorYT_still_0002.mp4;False;0.916667;0.842105;0.8
DIGITAL_CAMERA_ORIGINAL;digital_camera_original;D20_V_outdoor_move_0002.mov;True;1.0;1.0;1.0
DIGITAL_CAMERA_ORIGINAL;digital_camera_original;D20_V_outdoor_panrot_0001.mov;True;1.0;1.0;1.0
DIGITAL_CAMERA_ORIGINAL;digital_camera_original;D20_V_outdoor_panrot_0002.mov;True;1.0;1.0;1.0
DIGITAL_CAMERA_ORIGINAL;digital_camera_original;D20_V_outdoor_still_0001.mov;True;1.0;1.0;1.0
DIGITAL_CAMERA_ORIGINAL;digital_camera_original;D20_V_outdoor_still_0002.mov;True;1.0;1.0;1.0
DIGITAL_CAMERA_ORIGINAL;digital_camera_whatsapp;D20_V_outdoorWA_move_0002.mp4;False;0.818182;0.8;0.756757
DIGITAL_CAMERA_ORIGINAL;digital_camera_whatsapp;D20_V_outdoorWA_panrot_0001.mp4;False;0.818182;0.8;0.756757
DIGITAL_CAMERA_ORIGINAL;digital_camera_whatsapp;D20_V_outdoorWA_panrot_0002.mp4;False;0.818182;0.8;0.756757
DIGITAL_CAMERA_ORIGINAL;digital_camera_whatsapp;D20_V_outdoorWA_still_0001.mp4;False;0.818182;0.8;0.756757
DIGITAL_CAMERA_ORIGINAL;digital_camera_whatsapp;D20_V_outdoorWA_still_0002.mp4;False;0.818182;0.8;0.756757
DIGITAL_CAMERA_ORIGINAL;digital_camera_youtube;D20_V_outdoorYT_move_0002.mp4;False;0.916667;0.842105;0.8
DIGITAL_CAMERA_ORIGINAL;digital_camera_youtube;D20_V_outdoorYT_panrot_0001.mp4;False;0.916667;0.842105;0.8
DIGITAL_CAMERA_ORIGINAL;digital_camera_youtube;D20_V_outdoorYT_panrot_0002.mp4;False;0.916667;0.842105;0.8
DIGITAL_CAMERA_ORIGINAL;digital_camera_youtube;D20_V_outdoorYT_still_0001.mp4;False;0.916667;0.842105;0.8
DIGITAL_CAMERA_ORIGINAL;digital_camera_youtube;D20_V_outdoorYT_still_0002.mp4;False;0.916667;0.842105;0.8
DIGITAL_CAMERA_ORIGINAL;digital_camera_original;D21_V_flat_move_0002.mp4;True;1.0;1.0;1.0
DIGITAL_CAMERA_ORIGINAL;digital_camera_original;D21_V_flat_panrot_0001.mp4;True;1.0;1.0;1.0
DIGITAL_CAMERA_ORIGINAL;digital_camera_original;D21_V_flat_still_0001.mp4;True;1.0;1.0;1.0
DIGITAL_CAMERA_ORIGINAL;digital_camera_whatsapp;D21_V_flatWA_move_0002.mp4;False;0.818182;0.8;0.756757
DIGITAL_CAMERA_ORIGINAL;digital_camera_whatsapp;D21_V_flatWA_still_0001.mp4;False;0.818182;0.8;0.756757
DIGITAL_CAMERA_ORIGINAL;digital_camera_youtube;D21_V_flatYT_move_0002.mp4;False;0.916667;0.842105;0.8
DIGITAL_CAMERA_ORIGINAL;digital_camera_youtube;D21_V_flatYT_panrot_0001.mp4;False;0.916667;0.842105;0.8
DIGITAL_CAMERA_ORIGINAL;digital_camera_youtube;D21_V_flatYT_still_0001.mp4;False;0.916667;0.842105;0.8
DIGITAL_CAMERA_ORIGINAL;digital_camera_original;D21_V_indoor_panrot_0001.mp4;True;1.0;1.0;1.0
DIGITAL_CAMERA_ORIGINAL;digital_camera_original;D21_V_indoor_still_0001.mp4;True;1.0;1.0;1.0
DIGITAL_CAMERA_ORIGINAL;digital_camera_whatsapp;D21_V_indoorWA_panrot_0001.mp4;False;0.818182;0.8;0.756757
DIGITAL_CAMERA_ORIGINAL;digital_camera_whatsapp;D21_V_indoorWA_still_0001.mp4;False;0.818182;0.8;0.756757
DIGITAL_CAMERA_ORIGINAL;digital_camera_youtube;D21_V_indoorYT_panrot_0001.mp4;False;0.916667;0.842105;0.8
DIGITAL_CAMERA_ORIGINAL;digital_camera_youtube;D21_V_indoorYT_still_0001.mp4;False;0.916667;0.842105;0.8
DIGITAL_CAMERA_ORIGINAL;digital_camera_original;D21_V_outdoor_panrot_0001.mp4;True;1.0;1.0;1.0
DIGITAL_CAMERA_ORIGINAL;digital_camera_original;D21_V_outdoor_still_0001.mp4;True;1.0;1.0;1.0
DIGITAL_CAMERA_ORIGINAL;digital_camera_original;D21_V_outdoor_still_0002.mp4;True;1.0;1.0;1.0
DIGITAL_CAMERA_ORIGINAL;digital_camera_whatsapp;D21_V_outdoorWA_panrot_0001.mp4;False;0.818182;0.8;0.756757
DIGITAL_CAMERA_ORIGINAL;digital_camera_whatsapp;D21_V_outdoorWA_still_0001.mp4;False;0.818182;0.8;0.756757
DIGITAL_CAMERA_ORIGINAL;digital_camera_whatsapp;D21_V_outdoorWA_still_0002.mp4;False;0.818182;0.8;0.756757
DIGITAL_CAMERA_ORIGINAL;digital_camera_youtube;D21_V_outdoorYT_panrot_0001.mp4;False;0.916667;0.842105;0.8
DIGITAL_CAMERA_ORIGINAL;digital_camera_youtube;D21_V_outdoorYT_still_0001.mp4;False;0.916667;0.842105;0.8
DIGITAL_CAMERA_ORIGINAL;digital_camera_youtube;D21_V_outdoorYT_still_0002.mp4;False;0.916667;0.842105;0.8
DIGITAL_CAMERA_ORIGINAL;digital_camera_original;D22_V_flat_move_0002.mp4;True;1.0;1.0;1.0
DIGITAL_CAMERA_ORIGINAL;digital_camera_original;D22_V_flat_panrot_0001.mp4;True;1.0;1.0;1.0
DIGITAL_CAMERA_ORIGINAL;digital_camera_original;D22_V_flat_still_0001.mp4;True;1.0;1.0;1.0
DIGITAL_CAMERA_ORIGINAL;digital_camera_whatsapp;D22_V_flatWA_move_0002.mp4;False;0.818182;0.8;0.756757
DIGITAL_CAMERA_ORIGINAL;digital_camera_whatsapp;D22_V_flatWA_panrot_0001.mp4;False;0.818182;0.8;0.756757
DIGITAL_CAMERA_ORIGINAL;digital_camera_whatsapp;D22_V_flatWA_still_0001.mp4;False;0.818182;0.8;0.756757
DIGITAL_CAMERA_ORIGINAL;digital_camera_youtube;D22_V_flatYT_move_0002.mp4;False;0.916667;0.842105;0.8
DIGITAL_CAMERA_ORIGINAL;digital_camera_youtube;D22_V_flatYT_panrot_0001.mp4;False;0.916667;0.842105;0.8
DIGITAL_CAMERA_ORIGINAL;digital_camera_youtube;D22_V_flatYT_still_0001.mp4;False;0.916667;0.842105;0.8
DIGITAL_CAMERA_ORIGINAL;digital_camera_original;D22_V_indoor_move_0002.mp4;True;1.0;1.0;1.0
DIGITAL_CAMERA_ORIGINAL;digital_camera_original;D22_V_indoor_panrot_0001.mp4;True;1.0;1.0;1.0
DIGITAL_CAMERA_ORIGINAL;digital_camera_original;D22_V_indoor_panrot_0002.mp4;True;1.0;1.0;1.0
DIGITAL_CAMERA_ORIGINAL;digital_camera_original;D22_V_indoor_still_0001.mp4;True;1.0;1.0;1.0
DIGITAL_CAMERA_ORIGINAL;digital_camera_original;D22_V_indoor_still_0002.mp4;True;1.0;1.0;1.0
DIGITAL_CAMERA_ORIGINAL;digital_camera_whatsapp;D22_V_indoorWA_panrot_0001.mp4;False;0.818182;0.8;0.756757
DIGITAL_CAMERA_ORIGINAL;digital_camera_whatsapp;D22_V_indoorWA_panrot_0002.mp4;False;0.818182;0.8;0.756757
DIGITAL_CAMERA_ORIGINAL;digital_camera_whatsapp;D22_V_indoorWA_still_0001.mp4;False;0.818182;0.8;0.756757
DIGITAL_CAMERA_ORIGINAL;digital_camera_whatsapp;D22_V_indoorWA_still_0002.mp4;False;0.818182;0.8;0.756757
DIGITAL_CAMERA_ORIGINAL;digital_camera_youtube;D22_V_indoorYT_move_0002.mp4;False;0.916667;0.842105;0.8
DIGITAL_CAMERA_ORIGINAL;digital_camera_youtube;D22_V_indoorYT_panrot_0001.mp4;False;0.916667;0.842105;0.8
DIGITAL_CAMERA_ORIGINAL;digital_camera_youtube;D22_V_indoorYT_panrot_0002.mp4;False;0.916667;0.842105;0.8
DIGITAL_CAMERA_ORIGINAL;digital_camera_youtube;D22_V_indoorYT_still_0001.mp4;False;0.916667;0.842105;0.8
DIGITAL_CAMERA_ORIGINAL;digital_camera_youtube;D22_V_indoorYT_still_0002.mp4;False;0.916667;0.842105;0.8
DIGITAL_CAMERA_ORIGINAL;digital_camera_original;D22_V_outdoor_move_0002.mp4;True;1.0;1.0;1.0
DIGITAL_CAMERA_ORIGINAL;digital_camera_original;D22_V_outdoor_panrot_0001.mp4;True;1.0;1.0;1.0
DIGITAL_CAMERA_ORIGINAL;digital_camera_original;D22_V_outdoor_panrot_0002.mp4;True;1.0;1.0;1.0
DIGITAL_CAMERA_ORIGINAL;digital_camera_original;D22_V_outdoor_still_0001.mp4;True;1.0;1.0;1.0
DIGITAL_CAMERA_ORIGINAL;digital_camera_original;D22_V_outdoor_still_0002.mp4;True;1.0;1.0;1.0
DIGITAL_CAMERA_ORIGINAL;digital_camera_whatsapp;D22_V_outdoorWA_move_0002.mp4;False;0.818182;0.8;0.756757
DIGITAL_CAMERA_ORIGINAL;digital_camera_whatsapp;D22_V_outdoorWA_panrot_0001.mp4;False;0.818182;0.8;0.756757
DIGITAL_CAMERA_ORIGINAL;digital_camera_whatsapp;D22_V_outdoorWA_panrot_0002.mp4;False;0.818182;0.8;0.756757
DIGITAL_CAMERA_ORIGINAL;digital_camera_whatsapp;D22_V_outdoorWA_still_0001.mp4;False;0.818182;0.8;0.756757
DIGITAL_CAMERA_ORIGINAL;digital_camera_whatsapp;D22_V_outdoorWA_still_0002.mp4;False;0.818182;0.8;0.756757
DIGITAL_CAMERA_ORIGINAL;digital_camera_youtube;D22_V_outdoorYT_move_0002.mp4;False;0.916667;0.842105;0.8
DIGITAL_CAMERA_ORIGINAL;digital_camera_youtube;D22_V_outdoorYT_panrot_0001.mp4;False;0.916667;0.842105;0.8
DIGITAL_CAMERA_ORIGINAL;digital_camera_youtube;D22_V_outdoorYT_panrot_0002.mp4;False;0.916667;0.842105;0.8
DIGITAL_CAMERA_ORIGINAL;digital_camera_youtube;D22_V_outdoorYT_still_0001.mp4;False;0.916667;0.842105;0.8
DIGITAL_CAMERA_ORIGINAL;digital_camera_youtube;D22_V_outdoorYT_still_0002.mp4;False;0.916667;0.842105;0.8
DIGITAL_CAMERA_ORIGINAL;digital_camera_original;D23_V_flat_move_0002.mp4;True;1.0;1.0;1.0
DIGITAL_CAMERA_ORIGINAL;digital_camera_original;D23_V_flat_move_0003.mp4;True;1.0;1.0;1.0
DIGITAL_CAMERA_ORIGINAL;digital_camera_original;D23_V_flat_panrot_0001.mp4;True;1.0;1.0;1.0
DIGITAL_CAMERA_ORIGINAL;digital_camera_original;D23_V_flat_panrot_0002.mp4;True;1.0;1.0;1.0
DIGITAL_CAMERA_ORIGINAL;digital_camera_original;D23_V_flat_still_0001.mp4;True;1.0;1.0;1.0
DIGITAL_CAMERA_ORIGINAL;digital_camera_original;D23_V_flat_still_0002.mp4;True;1.0;1.0;1.0
DIGITAL_CAMERA_ORIGINAL;digital_camera_whatsapp;D23_V_flatWA_move_0002.mp4;False;0.78125;0.735294;0.666667
DIGITAL_CAMERA_ORIGINAL;digital_camera_whatsapp;D23_V_flatWA_move_0003.mp4;False;0.78125;0.735294;0.666667
DIGITAL_CAMERA_ORIGINAL;digital_camera_whatsapp;D23_V_flatWA_panrot_0001.mp4;False;0.78125;0.735294;0.666667
DIGITAL_CAMERA_ORIGINAL;digital_camera_whatsapp;D23_V_flatWA_panrot_0002.mp4;False;0.78125;0.735294;0.666667
DIGITAL_CAMERA_ORIGINAL;digital_camera_whatsapp;D23_V_flatWA_still_0001.mp4;False;0.78125;0.735294;0.666667
DIGITAL_CAMERA_ORIGINAL;digital_camera_whatsapp;D23_V_flatWA_still_0002.mp4;False;0.78125;0.735294;0.666667
DIGITAL_CAMERA_ORIGINAL;digital_camera_youtube;D23_V_flatYT_move_0002.mp4;False;0.916667;0.842105;0.8
DIGITAL_CAMERA_ORIGINAL;digital_camera_youtube;D23_V_flatYT_move_0003.mp4;False;0.916667;0.842105;0.8
DIGITAL_CAMERA_ORIGINAL;digital_camera_youtube;D23_V_flatYT_panrot_0001.mp4;False;0.916667;0.842105;0.8
DIGITAL_CAMERA_ORIGINAL;digital_camera_youtube;D23_V_flatYT_panrot_0002.mp4;False;0.916667;0.842105;0.8
DIGITAL_CAMERA_ORIGINAL;digital_camera_youtube;D23_V_flatYT_still_0001.mp4;False;0.916667;0.842105;0.8
DIGITAL_CAMERA_ORIGINAL;digital_camera_youtube;D23_V_flatYT_still_0002.mp4;False;0.916667;0.842105;0.8
DIGITAL_CAMERA_ORIGINAL;digital_camera_original;D23_V_indoor_move_0002.mp4;True;1.0;1.0;1.0
DIGITAL_CAMERA_ORIGINAL;digital_camera_original;D23_V_indoor_panrot_0001.mp4;True;1.0;1.0;1.0
DIGITAL_CAMERA_ORIGINAL;digital_camera_original;D23_V_indoor_panrot_0002.mp4;True;1.0;1.0;1.0
DIGITAL_CAMERA_ORIGINAL;digital_camera_original;D23_V_indoor_still_0001.mp4;True;1.0;1.0;1.0
DIGITAL_CAMERA_ORIGINAL;digital_camera_original;D23_V_indoor_still_0002.mp4;True;1.0;1.0;1.0
DIGITAL_CAMERA_ORIGINAL;digital_camera_whatsapp;D23_V_indoorWA_move_0002.mp4;False;0.78125;0.735294;0.666667
DIGITAL_CAMERA_ORIGINAL;digital_camera_whatsapp;D23_V_indoorWA_panrot_0001.mp4;False;0.78125;0.735294;0.666667
DIGITAL_CAMERA_ORIGINAL;digital_camera_whatsapp;D23_V_indoorWA_panrot_0002.mp4;False;0.78125;0.735294;0.666667
DIGITAL_CAMERA_ORIGINAL;digital_camera_whatsapp;D23_V_indoorWA_still_0001.mp4;False;0.78125;0.735294;0.666667
DIGITAL_CAMERA_ORIGINAL;digital_camera_whatsapp;D23_V_indoorWA_still_0002.mp4;False;0.78125;0.735294;0.666667
DIGITAL_CAMERA_ORIGINAL;digital_camera_youtube;D23_V_indoorYT_move_0002.mp4;False;0.916667;0.842105;0.8
DIGITAL_CAMERA_ORIGINAL;digital_camera_youtube;D23_V_indoorYT_panrot_0001.mp4;False;0.916667;0.842105;0.8
DIGITAL_CAMERA_ORIGINAL;digital_camera_youtube;D23_V_indoorYT_panrot_0002.mp4;False;0.916667;0.842105;0.8
DIGITAL_CAMERA_ORIGINAL;digital_camera_youtube;D23_V_indoorYT_still_0001.mp4;False;0.916667;0.842105;0.8
DIGITAL_CAMERA_ORIGINAL;digital_camera_youtube;D23_V_indoorYT_still_0002.mp4;False;0.916667;0.842105;0.8
DIGITAL_CAMERA_ORIGINAL;digital_camera_original;D23_V_outdoor_move_0002.mp4;True;1.0;1.0;1.0
DIGITAL_CAMERA_ORIGINAL;digital_camera_original;D23_V_outdoor_panrot_0001.mp4;True;1.0;1.0;1.0
DIGITAL_CAMERA_ORIGINAL;digital_camera_original;D23_V_outdoor_panrot_0002.mp4;True;1.0;1.0;1.0
DIGITAL_CAMERA_ORIGINAL;digital_camera_original;D23_V_outdoor_still_0001.mp4;True;1.0;1.0;1.0
DIGITAL_CAMERA_ORIGINAL;digital_camera_original;D23_V_outdoor_still_0002.mp4;True;1.0;1.0;1.0
DIGITAL_CAMERA_ORIGINAL;digital_camera_whatsapp;D23_V_outdoorWA_move_0002.mp4;False;0.78125;0.735294;0.666667
DIGITAL_CAMERA_ORIGINAL;digital_camera_whatsapp;D23_V_outdoorWA_panrot_0001.mp4;False;0.78125;0.735294;0.666667
DIGITAL_CAMERA_ORIGINAL;digital_camera_whatsapp;D23_V_outdoorWA_panrot_0002.mp4;False;0.78125;0.735294;0.666667
DIGITAL_CAMERA_ORIGINAL;digital_camera_whatsapp;D23_V_outdoorWA_still_0001.mp4;False;0.78125;0.735294;0.666667
DIGITAL_CAMERA_ORIGINAL;digital_camera_whatsapp;D23_V_outdoorWA_still_0002.mp4;False;0.78125;0.735294;0.666667
DIGITAL_CAMERA_ORIGINAL;digital_camera_youtube;D23_V_outdoorYT_move_0002.mp4;False;0.916667;0.842105;0.8
DIGITAL_CAMERA_ORIGINAL;digital_camera_youtube;D23_V_outdoorYT_panrot_0001.mp4;False;0.916667;0.842105;0.8
DIGITAL_CAMERA_ORIGINAL;digital_camera_youtube;D23_V_outdoorYT_panrot_0002.mp4;False;0.916667;0.842105;0.8
DIGITAL_CAMERA_ORIGINAL;digital_camera_youtube;D23_V_outdoorYT_still_0001.mp4;False;0.916667;0.842105;0.8
DIGITAL_CAMERA_ORIGINAL;digital_camera_youtube;D23_V_outdoorYT_still_0002.mp4;False;0.916667;0.842105;0.8
DIGITAL_CAMERA_ORIGINAL;digital_camera_original;D24_V_flat_move_0002.mp4;True;1.0;1.0;1.0
DIGITAL_CAMERA_ORIGINAL;digital_camera_original;D24_V_flat_move_0003.mp4;True;1.0;1.0;1.0
DIGITAL_CAMERA_ORIGINAL;digital_camera_original;D24_V_flat_panrot_0001.mp4;True;1.0;1.0;1.0
DIGITAL_CAMERA_ORIGINAL;digital_camera_original;D24_V_flat_panrot_0002.mp4;True;1.0;1.0;1.0
DIGITAL_CAMERA_ORIGINAL;digital_camera_original;D24_V_flat_still_0001.mp4;True;1.0;1.0;1.0
DIGITAL_CAMERA_ORIGINAL;digital_camera_original;D24_V_flat_still_0002.mp4;True;1.0;1.0;1.0
DIGITAL_CAMERA_ORIGINAL;digital_camera_whatsapp;D24_V_flatWA_move_0002.mp4;False;0.818182;0.8;0.756757
DIGITAL_CAMERA_ORIGINAL;digital_camera_whatsapp;D24_V_flatWA_move_0003.mp4;False;0.818182;0.8;0.756757
DIGITAL_CAMERA_ORIGINAL;digital_camera_whatsapp;D24_V_flatWA_panrot_0001.mp4;False;0.818182;0.8;0.756757
DIGITAL_CAMERA_ORIGINAL;digital_camera_whatsapp;D24_V_flatWA_panrot_0002.mp4;False;0.818182;0.8;0.756757
DIGITAL_CAMERA_ORIGINAL;digital_camera_whatsapp;D24_V_flatWA_still_0001.mp4;False;0.818182;0.8;0.756757
DIGITAL_CAMERA_ORIGINAL;digital_camera_whatsapp;D24_V_flatWA_still_0002.mp4;False;0.818182;0.8;0.756757
DIGITAL_CAMERA_ORIGINAL;digital_camera_youtube;D24_V_flatYT_move_0002.mp4;False;0.916667;0.842105;0.8
DIGITAL_CAMERA_ORIGINAL;digital_camera_youtube;D24_V_flatYT_move_0003.mp4;False;0.916667;0.842105;0.8
DIGITAL_CAMERA_ORIGINAL;digital_camera_youtube;D24_V_flatYT_panrot_0001.mp4;False;0.916667;0.842105;0.8
DIGITAL_CAMERA_ORIGINAL;digital_camera_youtube;D24_V_flatYT_panrot_0002.mp4;False;0.916667;0.842105;0.8
DIGITAL_CAMERA_ORIGINAL;digital_camera_youtube;D24_V_flatYT_still_0001.mp4;False;0.916667;0.842105;0.8
DIGITAL_CAMERA_ORIGINAL;digital_camera_youtube;D24_V_flatYT_still_0002.mp4;False;0.916667;0.842105;0.8
DIGITAL_CAMERA_ORIGINAL;digital_camera_original;D24_V_indoor_move_0002.mp4;True;1.0;1.0;1.0
DIGITAL_CAMERA_ORIGINAL;digital_camera_original;D24_V_indoor_panrot_0001.mp4;True;1.0;1.0;1.0
DIGITAL_CAMERA_ORIGINAL;digital_camera_original;D24_V_indoor_panrot_0002.mp4;True;1.0;1.0;1.0
DIGITAL_CAMERA_ORIGINAL;digital_camera_original;D24_V_indoor_still_0001.mp4;True;1.0;1.0;1.0
DIGITAL_CAMERA_ORIGINAL;digital_camera_original;D24_V_indoor_still_0002.mp4;True;1.0;1.0;1.0
DIGITAL_CAMERA_ORIGINAL;digital_camera_whatsapp;D24_V_indoorWA_move_0002.mp4;False;0.818182;0.8;0.756757
DIGITAL_CAMERA_ORIGINAL;digital_camera_whatsapp;D24_V_indoorWA_panrot_0001.mp4;False;0.818182;0.8;0.756757
DIGITAL_CAMERA_ORIGINAL;digital_camera_whatsapp;D24_V_indoorWA_panrot_0002.mp4;False;0.818182;0.8;0.756757
DIGITAL_CAMERA_ORIGINAL;digital_camera_whatsapp;D24_V_indoorWA_still_0001.mp4;False;0.818182;0.8;0.756757
DIGITAL_CAMERA_ORIGINAL;digital_camera_whatsapp;D24_V_indoorWA_still_0002.mp4;False;0.818182;0.8;0.756757
DIGITAL_CAMERA_ORIGINAL;digital_camera_youtube;D24_V_indoorYT_move_0002.mp4;False;0.916667;0.842105;0.8
DIGITAL_CAMERA_ORIGINAL;digital_camera_youtube;D24_V_indoorYT_panrot_0001.mp4;False;0.916667;0.842105;0.8
DIGITAL_CAMERA_ORIGINAL;digital_camera_youtube;D24_V_indoorYT_panrot_0002.mp4;False;0.916667;0.842105;0.8
DIGITAL_CAMERA_ORIGINAL;digital_camera_youtube;D24_V_indoorYT_still_0001.mp4;False;0.916667;0.842105;0.8
DIGITAL_CAMERA_ORIGINAL;digital_camera_youtube;D24_V_indoorYT_still_0002.mp4;False;0.916667;0.842105;0.8
DIGITAL_CAMERA_ORIGINAL;digital_camera_original;D24_V_outdoor_move_0002.mp4;True;1.0;1.0;1.0
DIGITAL_CAMERA_ORIGINAL;digital_camera_original;D24_V_outdoor_panrot_0001.mp4;True;1.0;1.0;1.0
DIGITAL_CAMERA_ORIGINAL;digital_camera_original;D24_V_outdoor_panrot_0002.mp4;True;1.0;1.0;1.0
DIGITAL_CAMERA_ORIGINAL;digital_camera_original;D24_V_outdoor_still_0001.mp4;True;1.0;1.0;1.0
DIGITAL_CAMERA_ORIGINAL;digital_camera_original;D24_V_outdoor_still_0002.mp4;True;1.0;1.0;1.0
DIGITAL_CAMERA_ORIGINAL;digital_camera_whatsapp;D24_V_outdoorWA_move_0002.mp4;False;0.818182;0.8;0.756757
DIGITAL_CAMERA_ORIGINAL;digital_camera_whatsapp;D24_V_outdoorWA_panrot_0001.mp4;False;0.818182;0.8;0.756757
DIGITAL_CAMERA_ORIGINAL;digital_camera_whatsapp;D24_V_outdoorWA_panrot_0002.mp4;False;0.818182;0.8;0.756757
DIGITAL_CAMERA_ORIGINAL;digital_camera_whatsapp;D24_V_outdoorWA_still_0001.mp4;False;0.818182;0.8;0.756757
DIGITAL_CAMERA_ORIGINAL;digital_camera_whatsapp;D24_V_outdoorWA_still_0002.mp4;False;0.818182;0.8;0.756757
DIGITAL_CAMERA_ORIGINAL;digital_camera_youtube;D24_V_outdoorYT_move_0002.mp4;False;0.916667;0.842105;0.8
DIGITAL_CAMERA_ORIGINAL;digital_camera_youtube;D24_V_outdoorYT_panrot_0001.mp4;False;0.916667;0.842105;0.8
DIGITAL_CAMERA_ORIGINAL;digital_camera_youtube;D24_V_outdoorYT_panrot_0002.mp4;False;0.916667;0.842105;0.8
DIGITAL_CAMERA_ORIGINAL;digital_camera_youtube;D24_V_outdoorYT_still_0001.mp4;False;0.916667;0.842105;0.8
DIGITAL_CAMERA_ORIGINAL;digital_camera_youtube;D24_V_outdoorYT_still_0002.mp4;False;0.916667;0.842105;0.8
DIGITAL_CAMERA_ORIGINAL;digital_camera_original;D25_V_flat_move_0002.mp4;True;1.0;1.0;1.0
DIGITAL_CAMERA_ORIGINAL;digital_camera_original;D25_V_flat_move_0003.mp4;True;1.0;1.0;1.0
DIGITAL_CAMERA_ORIGINAL;digital_camera_original;D25_V_flat_panrot_0001.mp4;True;1.0;1.0;1.0
DIGITAL_CAMERA_ORIGINAL;digital_camera_original;D25_V_flat_panrot_0002.mp4;True;1.0;1.0;1.0
DIGITAL_CAMERA_ORIGINAL;digital_camera_original;D25_V_flat_still_0001.mp4;True;1.0;1.0;1.0
DIGITAL_CAMERA_ORIGINAL;digital_camera_original;D25_V_flat_still_0002.mp4;True;1.0;1.0;1.0
DIGITAL_CAMERA_ORIGINAL;digital_camera_whatsapp;D25_V_flatWA_move_0002.mp4;False;0.818182;0.8;0.756757
DIGITAL_CAMERA_ORIGINAL;digital_camera_whatsapp;D25_V_flatWA_move_0003.mp4;False;0.818182;0.8;0.756757
DIGITAL_CAMERA_ORIGINAL;digital_camera_whatsapp;D25_V_flatWA_panrot_0001.mp4;False;0.818182;0.8;0.756757
DIGITAL_CAMERA_ORIGINAL;digital_camera_whatsapp;D25_V_flatWA_panrot_0002.mp4;False;0.818182;0.8;0.756757
DIGITAL_CAMERA_ORIGINAL;digital_camera_whatsapp;D25_V_flatWA_still_0001.mp4;False;0.818182;0.8;0.756757
DIGITAL_CAMERA_ORIGINAL;digital_camera_whatsapp;D25_V_flatWA_still_0002.mp4;False;0.818182;0.8;0.756757
DIGITAL_CAMERA_ORIGINAL;digital_camera_youtube;D25_V_flatYT_move_0002.mp4;False;0.916667;0.842105;0.8
DIGITAL_CAMERA_ORIGINAL;digital_camera_youtube;D25_V_flatYT_move_0003.mp4;False;0.916667;0.842105;0.8
DIGITAL_CAMERA_ORIGINAL;digital_camera_youtube;D25_V_flatYT_panrot_0001.mp4;False;0.916667;0.842105;0.8
DIGITAL_CAMERA_ORIGINAL;digital_camera_youtube;D25_V_flatYT_panrot_0002.mp4;False;0.916667;0.842105;0.8
DIGITAL_CAMERA_ORIGINAL;digital_camera_youtube;D25_V_flatYT_still_0001.mp4;False;0.916667;0.842105;0.8
DIGITAL_CAMERA_ORIGINAL;digital_camera_youtube;D25_V_flatYT_still_0002.mp4;False;0.916667;0.842105;0.8
DIGITAL_CAMERA_ORIGINAL;digital_camera_original;D25_V_indoor_move_0002.mp4;True;1.0;1.0;1.0
DIGITAL_CAMERA_ORIGINAL;digital_camera_original;D25_V_indoor_panrot_0001.mp4;True;1.0;1.0;1.0
DIGITAL_CAMERA_ORIGINAL;digital_camera_original;D25_V_indoor_panrot_0002.mp4;True;1.0;1.0;1.0
DIGITAL_CAMERA_ORIGINAL;digital_camera_original;D25_V_indoor_still_0001.mp4;True;1.0;1.0;1.0
DIGITAL_CAMERA_ORIGINAL;digital_camera_original;D25_V_indoor_still_0002.mp4;True;1.0;1.0;1.0
DIGITAL_CAMERA_ORIGINAL;digital_camera_whatsapp;D25_V_indoorWA_move_0002.mp4;False;0.818182;0.8;0.756757
DIGITAL_CAMERA_ORIGINAL;digital_camera_whatsapp;D25_V_indoorWA_panrot_0001.mp4;False;0.818182;0.8;0.756757
DIGITAL_CAMERA_ORIGINAL;digital_camera_whatsapp;D25_V_indoorWA_panrot_0002.mp4;False;0.818182;0.8;0.756757
DIGITAL_CAMERA_ORIGINAL;digital_camera_whatsapp;D25_V_indoorWA_still_0001.mp4;False;0.818182;0.8;0.756757
DIGITAL_CAMERA_ORIGINAL;digital_camera_whatsapp;D25_V_indoorWA_still_0002.mp4;False;0.818182;0.8;0.756757
DIGITAL_CAMERA_ORIGINAL;digital_camera_youtube;D25_V_indoorYT_move_0002.mp4;False;0.916667;0.842105;0.8
DIGITAL_CAMERA_ORIGINAL;digital_camera_youtube;D25_V_indoorYT_panrot_0001.mp4;False;0.916667;0.842105;0.8
DIGITAL_CAMERA_ORIGINAL;digital_camera_youtube;D25_V_indoorYT_panrot_0002.mp4;False;0.916667;0.842105;0.8
DIGITAL_CAMERA_ORIGINAL;digital_camera_youtube;D25_V_indoorYT_still_0001.mp4;False;0.916667;0.842105;0.8
DIGITAL_CAMERA_ORIGINAL;digital_camera_youtube;D25_V_indoorYT_still_0002.mp4;False;0.916667;0.842105;0.8
DIGITAL_CAMERA_ORIGINAL;digital_camera_original;D25_V_outdoor_move_0002.mp4;True;1.0;1.0;1.0
DIGITAL_CAMERA_ORIGINAL;digital_camera_original;D25_V_outdoor_panrot_0001.mp4;True;1.0;1.0;1.0
DIGITAL_CAMERA_ORIGINAL;digital_camera_original;D25_V_outdoor_panrot_0002.mp4;True;1.0;1.0;1.0
DIGITAL_CAMERA_ORIGINAL;digital_camera_original;D25_V_outdoor_still_0001.mp4;True;1.0;1.0;1.0
DIGITAL_CAMERA_ORIGINAL;digital_camera_original;D25_V_outdoor_still_0002.mp4;True;1.0;1.0;1.0
DIGITAL_CAMERA_ORIGINAL;digital_camera_whatsapp;D25_V_outdoorWA_move_0002.mp4;False;0.818182;0.8;0.756757
DIGITAL_CAMERA_ORIGINAL;digital_camera_whatsapp;D25_V_outdoorWA_panrot_0001.mp4;False;0.818182;0.8;0.756757
DIGITAL_CAMERA_ORIGINAL;digital_camera_whatsapp;D25_V_outdoorWA_panrot_0002.mp4;False;0.818182;0.8;0.756757
DIGITAL_CAMERA_ORIGINAL;digital_camera_whatsapp;D25_V_outdoorWA_still_0001.mp4;False;0.818182;0.8;0.756757
DIGITAL_CAMERA_ORIGINAL;digital_camera_whatsapp;D25_V_outdoorWA_still_0002.mp4;False;0.818182;0.8;0.756757
DIGITAL_CAMERA_ORIGINAL;digital_camera_youtube;D25_V_outdoorYT_move_0002.mp4;False;0.916667;0.842105;0.8
DIGITAL_CAMERA_ORIGINAL;digital_camera_youtube;D25_V_outdoorYT_panrot_0001.mp4;False;0.916667;0.842105;0.8
DIGITAL_CAMERA_ORIGINAL;digital_camera_youtube;D25_V_outdoorYT_panrot_0002.mp4;False;0.916667;0.842105;0.8
DIGITAL_CAMERA_ORIGINAL;digital_camera_youtube;D25_V_outdoorYT_still_0001.mp4;False;0.916667;0.842105;0.8
DIGITAL_CAMERA_ORIGINAL;digital_camera_youtube;D25_V_outdoorYT_still_0002.mp4;False;0.916667;0.842105;0.8
DIGITAL_CAMERA_ORIGINAL;digital_camera_original;D26_V_flat_move_0002.mp4;True;1.0;1.0;1.0
DIGITAL_CAMERA_ORIGINAL;digital_camera_original;D26_V_flat_panrot_0001.mp4;True;1.0;1.0;1.0
DIGITAL_CAMERA_ORIGINAL;digital_camera_original;D26_V_flat_still_0001.mp4;True;1.0;1.0;1.0
DIGITAL_CAMERA_ORIGINAL;digital_camera_whatsapp;D26_V_flatWA_move_0002.mp4;False;0.818182;0.8;0.756757
DIGITAL_CAMERA_ORIGINAL;digital_camera_whatsapp;D26_V_flatWA_panrot_0001.mp4;False;0.818182;0.8;0.756757
DIGITAL_CAMERA_ORIGINAL;digital_camera_whatsapp;D26_V_flatWA_still_0001.mp4;False;0.818182;0.8;0.756757
DIGITAL_CAMERA_ORIGINAL;digital_camera_youtube;D26_V_flatYT_move_0002.mp4;False;0.916667;0.842105;0.8
DIGITAL_CAMERA_ORIGINAL;digital_camera_youtube;D26_V_flatYT_panrot_0001.mp4;False;0.916667;0.842105;0.8
DIGITAL_CAMERA_ORIGINAL;digital_camera_youtube;D26_V_flatYT_still_0001.mp4;False;0.916667;0.842105;0.8
DIGITAL_CAMERA_ORIGINAL;digital_camera_original;D26_V_indoor_move_0002.mp4;True;1.0;1.0;1.0
DIGITAL_CAMERA_ORIGINAL;digital_camera_original;D26_V_indoor_panrot_0001.mp4;True;1.0;1.0;1.0
DIGITAL_CAMERA_ORIGINAL;digital_camera_original;D26_V_indoor_panrot_0002.mp4;True;1.0;1.0;1.0
DIGITAL_CAMERA_ORIGINAL;digital_camera_original;D26_V_indoor_still_0001.mp4;True;1.0;1.0;1.0
DIGITAL_CAMERA_ORIGINAL;digital_camera_original;D26_V_indoor_still_0002.mp4;True;1.0;1.0;1.0
DIGITAL_CAMERA_ORIGINAL;digital_camera_whatsapp;D26_V_indoorWA_move_0002.mp4;False;0.818182;0.8;0.756757
DIGITAL_CAMERA_ORIGINAL;digital_camera_whatsapp;D26_V_indoorWA_panrot_0001.mp4;False;0.818182;0.8;0.756757
DIGITAL_CAMERA_ORIGINAL;digital_camera_whatsapp;D26_V_indoorWA_panrot_0002.mp4;False;0.818182;0.8;0.756757
DIGITAL_CAMERA_ORIGINAL;digital_camera_whatsapp;D26_V_indoorWA_still_0001.mp4;False;0.818182;0.8;0.756757
DIGITAL_CAMERA_ORIGINAL;digital_camera_whatsapp;D26_V_indoorWA_still_0002.mp4;False;0.818182;0.8;0.756757
DIGITAL_CAMERA_ORIGINAL;digital_camera_youtube;D26_V_indoorYT_move_0002.mp4;False;0.916667;0.842105;0.8
DIGITAL_CAMERA_ORIGINAL;digital_camera_youtube;D26_V_indoorYT_panrot_0001.mp4;False;0.916667;0.842105;0.8
DIGITAL_CAMERA_ORIGINAL;digital_camera_youtube;D26_V_indoorYT_panrot_0002.mp4;False;0.916667;0.842105;0.8
DIGITAL_CAMERA_ORIGINAL;digital_camera_youtube;D26_V_indoorYT_still_0001.mp4;False;0.916667;0.842105;0.8
DIGITAL_CAMERA_ORIGINAL;digital_camera_youtube;D26_V_indoorYT_still_0002.mp4;False;0.916667;0.842105;0.8
DIGITAL_CAMERA_ORIGINAL;digital_camera_original;D26_V_outdoor_move_0002.mp4;True;1.0;1.0;1.0
DIGITAL_CAMERA_ORIGINAL;digital_camera_original;D26_V_outdoor_panrot_0001.mp4;True;1.0;1.0;1.0
DIGITAL_CAMERA_ORIGINAL;digital_camera_original;D26_V_outdoor_panrot_0002.mp4;True;1.0;1.0;1.0
DIGITAL_CAMERA_ORIGINAL;digital_camera_original;D26_V_outdoor_still_0001.mp4;True;1.0;1.0;1.0
DIGITAL_CAMERA_ORIGINAL;digital_camera_original;D26_V_outdoor_still_0002.mp4;True;1.0;1.0;1.0
DIGITAL_CAMERA_ORIGINAL;digital_camera_whatsapp;D26_V_outdoorWA_move_0002.mp4;False;0.818182;0.8;0.756757
DIGITAL_CAMERA_ORIGINAL;digital_camera_whatsapp;D26_V_outdoorWA_panrot_0001.mp4;False;0.818182;0.8;0.756757
DIGITAL_CAMERA_ORIGINAL;digital_camera_whatsapp;D26_V_outdoorWA_panrot_0002.mp4;False;0.818182;0.8;0.756757
DIGITAL_CAMERA_ORIGINAL;digital_camera_whatsapp;D26_V_outdoorWA_still_0001.mp4;False;0.818182;0.8;0.756757
DIGITAL_CAMERA_ORIGINAL;digital_camera_whatsapp;D26_V_outdoorWA_still_0002.mp4;False;0.818182;0.8;0.756757
DIGITAL_CAMERA_ORIGINAL;digital_camera_youtube;D26_V_outdoorYT_move_0002.mp4;False;0.916667;0.842105;0.8
DIGITAL_CAMERA_ORIGINAL;digital_camera_youtube;D26_V_outdoorYT_panrot_0001.mp4;False;0.916667;0.842105;0.8
DIGITAL_CAMERA_ORIGINAL;digital_camera_youtube;D26_V_outdoorYT_panrot_0002.mp4;False;0.916667;0.842105;0.8
DIGITAL_CAMERA_ORIGINAL;digital_camera_youtube;D26_V_outdoorYT_still_0001.mp4;False;0.916667;0.842105;0.8
DIGITAL_CAMERA_ORIGINAL;digital_camera_youtube;D26_V_outdoorYT_still_0002.mp4;False;0.916667;0.842105;0.8
DIGITAL_CAMERA_ORIGINAL;digital_camera_original;D27_V_flat_move_0002.mp4;True;1.0;1.0;1.0
DIGITAL_CAMERA_ORIGINAL;digital_camera_original;D27_V_flat_move_0003.mp4;True;1.0;1.0;1.0
DIGITAL_CAMERA_ORIGINAL;digital_camera_original;D27_V_flat_panrot_0001.mp4;True;1.0;1.0;1.0
DIGITAL_CAMERA_ORIGINAL;digital_camera_original;D27_V_flat_panrot_0002.mp4;True;1.0;1.0;1.0
DIGITAL_CAMERA_ORIGINAL;digital_camera_original;D27_V_flat_still_0001.mp4;True;1.0;1.0;1.0
DIGITAL_CAMERA_ORIGINAL;digital_camera_original;D27_V_flat_still_0002.mp4;True;1.0;1.0;1.0
DIGITAL_CAMERA_ORIGINAL;digital_camera_whatsapp;D27_V_flatWA_move_0002.mp4;False;0.818182;0.8;0.756757
DIGITAL_CAMERA_ORIGINAL;digital_camera_whatsapp;D27_V_flatWA_move_0003.mp4;False;0.818182;0.8;0.756757
DIGITAL_CAMERA_ORIGINAL;digital_camera_whatsapp;D27_V_flatWA_panrot_0001.mp4;False;0.818182;0.8;0.756757
DIGITAL_CAMERA_ORIGINAL;digital_camera_whatsapp;D27_V_flatWA_panrot_0002.mp4;False;0.818182;0.8;0.756757
DIGITAL_CAMERA_ORIGINAL;digital_camera_whatsapp;D27_V_flatWA_still_0001.mp4;False;0.818182;0.8;0.756757
DIGITAL_CAMERA_ORIGINAL;digital_camera_whatsapp;D27_V_flatWA_still_0002.mp4;False;0.818182;0.8;0.756757
DIGITAL_CAMERA_ORIGINAL;digital_camera_youtube;D27_V_flatYT_move_0002.mp4;False;0.916667;0.842105;0.8
DIGITAL_CAMERA_ORIGINAL;digital_camera_youtube;D27_V_flatYT_move_0003.mp4;False;0.916667;0.842105;0.8
DIGITAL_CAMERA_ORIGINAL;digital_camera_youtube;D27_V_flatYT_panrot_0001.mp4;False;0.916667;0.842105;0.8
DIGITAL_CAMERA_ORIGINAL;digital_camera_youtube;D27_V_flatYT_panrot_0002.mp4;False;0.916667;0.842105;0.8
DIGITAL_CAMERA_ORIGINAL;digital_camera_youtube;D27_V_flatYT_still_0001.mp4;False;0.916667;0.842105;0.8
DIGITAL_CAMERA_ORIGINAL;digital_camera_youtube;D27_V_flatYT_still_0002.mp4;False;0.916667;0.842105;0.8
DIGITAL_CAMERA_ORIGINAL;digital_camera_original;D27_V_indoor_move_0002.mp4;True;1.0;1.0;1.0
DIGITAL_CAMERA_ORIGINAL;digital_camera_original;D27_V_indoor_panrot_0001.mp4;True;1.0;1.0;1.0
DIGITAL_CAMERA_ORIGINAL;digital_camera_original;D27_V_indoor_panrot_0002.mp4;True;1.0;1.0;1.0
DIGITAL_CAMERA_ORIGINAL;digital_camera_original;D27_V_indoor_still_0001.mp4;True;1.0;1.0;1.0
DIGITAL_CAMERA_ORIGINAL;digital_camera_original;D27_V_indoor_still_0002.mp4;True;1.0;1.0;1.0
DIGITAL_CAMERA_ORIGINAL;digital_camera_whatsapp;D27_V_indoorWA_move_0002.mp4;False;0.818182;0.8;0.756757
DIGITAL_CAMERA_ORIGINAL;digital_camera_whatsapp;D27_V_indoorWA_panrot_0001.mp4;False;0.818182;0.8;0.756757
DIGITAL_CAMERA_ORIGINAL;digital_camera_whatsapp;D27_V_indoorWA_panrot_0002.mp4;False;0.818182;0.8;0.756757
DIGITAL_CAMERA_ORIGINAL;digital_camera_whatsapp;D27_V_indoorWA_still_0001.mp4;False;0.818182;0.8;0.756757
DIGITAL_CAMERA_ORIGINAL;digital_camera_whatsapp;D27_V_indoorWA_still_0002.mp4;False;0.818182;0.8;0.756757
DIGITAL_CAMERA_ORIGINAL;digital_camera_youtube;D27_V_indoorYT_move_0002.mp4;False;0.916667;0.842105;0.8
DIGITAL_CAMERA_ORIGINAL;digital_camera_youtube;D27_V_indoorYT_panrot_0001.mp4;False;0.916667;0.842105;0.8
DIGITAL_CAMERA_ORIGINAL;digital_camera_youtube;D27_V_indoorYT_panrot_0002.mp4;False;0.916667;0.842105;0.8
DIGITAL_CAMERA_ORIGINAL;digital_camera_youtube;D27_V_indoorYT_still_0001.mp4;False;0.916667;0.842105;0.8
DIGITAL_CAMERA_ORIGINAL;digital_camera_youtube;D27_V_indoorYT_still_0002.mp4;False;0.916667;0.842105;0.8
DIGITAL_CAMERA_ORIGINAL;digital_camera_original;D27_V_outdoor_move_0002.mp4;True;1.0;1.0;1.0
DIGITAL_CAMERA_ORIGINAL;digital_camera_original;D27_V_outdoor_panrot_0001.mp4;True;1.0;1.0;1.0
DIGITAL_CAMERA_ORIGINAL;digital_camera_original;D27_V_outdoor_panrot_0002.mp4;True;1.0;1.0;1.0
DIGITAL_CAMERA_ORIGINAL;digital_camera_original;D27_V_outdoor_still_0001.mp4;True;1.0;1.0;1.0
DIGITAL_CAMERA_ORIGINAL;digital_camera_original;D27_V_outdoor_still_0002.mp4;True;1.0;1.0;1.0
DIGITAL_CAMERA_ORIGINAL;digital_camera_whatsapp;D27_V_outdoorWA_move_0002.mp4;False;0.818182;0.8;0.756757
DIGITAL_CAMERA_ORIGINAL;digital_camera_whatsapp;D27_V_outdoorWA_panrot_0001.mp4;False;0.818182;0.8;0.756757
DIGITAL_CAMERA_ORIGINAL;digital_camera_whatsapp;D27_V_outdoorWA_panrot_0002.mp4;False;0.818182;0.8;0.756757
DIGITAL_CAMERA_ORIGINAL;digital_camera_whatsapp;D27_V_outdoorWA_still_0001.mp4;False;0.818182;0.8;0.756757
DIGITAL_CAMERA_ORIGINAL;digital_camera_whatsapp;D27_V_outdoorWA_still_0002.mp4;False;0.818182;0.8;0.756757
DIGITAL_CAMERA_ORIGINAL;digital_camera_youtube;D27_V_outdoorYT_move_0002.mp4;False;0.916667;0.842105;0.8
DIGITAL_CAMERA_ORIGINAL;digital_camera_youtube;D27_V_outdoorYT_panrot_0001.mp4;False;0.916667;0.842105;0.8
DIGITAL_CAMERA_ORIGINAL;digital_camera_youtube;D27_V_outdoorYT_panrot_0002.mp4;False;0.916667;0.842105;0.8
DIGITAL_CAMERA_ORIGINAL;digital_camera_youtube;D27_V_outdoorYT_still_0001.mp4;False;0.916667;0.842105;0.8
DIGITAL_CAMERA_ORIGINAL;digital_camera_youtube;D27_V_outdoorYT_still_0002.mp4;False;0.916667;0.842105;0.8
DIGITAL_CAMERA_ORIGINAL;digital_camera_original;D28_V_flat_move_0002.mp4;True;1.0;1.0;1.0
DIGITAL_CAMERA_ORIGINAL;digital_camera_original;D28_V_flat_move_0003.mp4;True;1.0;1.0;1.0
DIGITAL_CAMERA_ORIGINAL;digital_camera_original;D28_V_flat_panrot_0001.mp4;True;1.0;1.0;1.0
DIGITAL_CAMERA_ORIGINAL;digital_camera_original;D28_V_flat_panrot_0002.mp4;True;1.0;1.0;1.0
DIGITAL_CAMERA_ORIGINAL;digital_camera_original;D28_V_flat_still_0001.mp4;True;1.0;1.0;1.0
DIGITAL_CAMERA_ORIGINAL;digital_camera_original;D28_V_flat_still_0002.mp4;True;1.0;1.0;1.0
DIGITAL_CAMERA_ORIGINAL;digital_camera_whatsapp;D28_V_flatWA_move_0002.mp4;False;0.818182;0.8;0.756757
DIGITAL_CAMERA_ORIGINAL;digital_camera_whatsapp;D28_V_flatWA_move_0003.mp4;False;0.818182;0.8;0.756757
DIGITAL_CAMERA_ORIGINAL;digital_camera_whatsapp;D28_V_flatWA_panrot_0001.mp4;False;0.818182;0.8;0.756757
DIGITAL_CAMERA_ORIGINAL;digital_camera_whatsapp;D28_V_flatWA_panrot_0002.mp4;False;0.818182;0.8;0.756757
DIGITAL_CAMERA_ORIGINAL;digital_camera_whatsapp;D28_V_flatWA_still_0001.mp4;False;0.818182;0.8;0.756757
DIGITAL_CAMERA_ORIGINAL;digital_camera_whatsapp;D28_V_flatWA_still_0002.mp4;False;0.818182;0.8;0.756757
DIGITAL_CAMERA_ORIGINAL;digital_camera_youtube;D28_V_flatYT_move_0002.mp4;False;0.916667;0.842105;0.8
DIGITAL_CAMERA_ORIGINAL;digital_camera_youtube;D28_V_flatYT_move_0003.mp4;False;0.916667;0.842105;0.8
DIGITAL_CAMERA_ORIGINAL;digital_camera_youtube;D28_V_flatYT_panrot_0001.mp4;False;0.916667;0.842105;0.8
DIGITAL_CAMERA_ORIGINAL;digital_camera_youtube;D28_V_flatYT_panrot_0002.mp4;False;0.916667;0.842105;0.8
DIGITAL_CAMERA_ORIGINAL;digital_camera_youtube;D28_V_flatYT_still_0001.mp4;False;0.916667;0.842105;0.8
DIGITAL_CAMERA_ORIGINAL;digital_camera_youtube;D28_V_flatYT_still_0002.mp4;False;0.916667;0.842105;0.8
DIGITAL_CAMERA_ORIGINAL;digital_camera_original;D28_V_indoor_move_0002.mp4;True;1.0;1.0;1.0
DIGITAL_CAMERA_ORIGINAL;digital_camera_original;D28_V_indoor_panrot_0001.mp4;True;1.0;1.0;1.0
DIGITAL_CAMERA_ORIGINAL;digital_camera_original;D28_V_indoor_panrot_0002.mp4;True;1.0;1.0;1.0
DIGITAL_CAMERA_ORIGINAL;digital_camera_original;D28_V_indoor_still_0001.mp4;True;1.0;1.0;1.0
DIGITAL_CAMERA_ORIGINAL;digital_camera_original;D28_V_indoor_still_0002.mp4;True;1.0;1.0;1.0
DIGITAL_CAMERA_ORIGINAL;digital_camera_whatsapp;D28_V_indoorWA_move_0002.mp4;False;0.818182;0.8;0.756757
DIGITAL_CAMERA_ORIGINAL;digital_camera_whatsapp;D28_V_indoorWA_panrot_0001.mp4;False;0.818182;0.8;0.756757
DIGITAL_CAMERA_ORIGINAL;digital_camera_whatsapp;D28_V_indoorWA_panrot_0002.mp4;False;0.818182;0.8;0.756757
DIGITAL_CAMERA_ORIGINAL;digital_camera_whatsapp;D28_V_indoorWA_still_0001.mp4;False;0.818182;0.8;0.756757
DIGITAL_CAMERA_ORIGINAL;digital_camera_whatsapp;D28_V_indoorWA_still_0002.mp4;False;0.818182;0.8;0.756757
DIGITAL_CAMERA_ORIGINAL;digital_camera_youtube;D28_V_indoorYT_move_0002.mp4;False;0.916667;0.842105;0.8
DIGITAL_CAMERA_ORIGINAL;digital_camera_youtube;D28_V_indoorYT_panrot_0001.mp4;False;0.916667;0.842105;0.8
DIGITAL_CAMERA_ORIGINAL;digital_camera_youtube;D28_V_indoorYT_panrot_0002.mp4;False;0.916667;0.842105;0.8
DIGITAL_CAMERA_ORIGINAL;digital_camera_youtube;D28_V_indoorYT_still_0001.mp4;False;0.916667;0.842105;0.8
DIGITAL_CAMERA_ORIGINAL;digital_camera_youtube;D28_V_indoorYT_still_0002.mp4;False;0.916667;0.842105;0.8
DIGITAL_CAMERA_ORIGINAL;digital_camera_original;D28_V_outdoor_move_0002.mp4;True;1.0;1.0;1.0
DIGITAL_CAMERA_ORIGINAL;digital_camera_original;D28_V_outdoor_panrot_0001.mp4;True;1.0;1.0;1.0
DIGITAL_CAMERA_ORIGINAL;digital_camera_original;D28_V_outdoor_panrot_0002.mp4;True;1.0;1.0;1.0
DIGITAL_CAMERA_ORIGINAL;digital_camera_original;D28_V_outdoor_still_0001.mp4;True;1.0;1.0;1.0
DIGITAL_CAMERA_ORIGINAL;digital_camera_original;D28_V_outdoor_still_0002.mp4;True;1.0;1.0;1.0
DIGITAL_CAMERA_ORIGINAL;digital_camera_whatsapp;D28_V_outdoorWA_move_0002.mp4;False;0.818182;0.8;0.756757
DIGITAL_CAMERA_ORIGINAL;digital_camera_whatsapp;D28_V_outdoorWA_panrot_0001.mp4;False;0.818182;0.8;0.756757
DIGITAL_CAMERA_ORIGINAL;digital_camera_whatsapp;D28_V_outdoorWA_panrot_0002.mp4;False;0.818182;0.8;0.756757
DIGITAL_CAMERA_ORIGINAL;digital_camera_whatsapp;D28_V_outdoorWA_still_0001.mp4;False;0.818182;0.8;0.756757
DIGITAL_CAMERA_ORIGINAL;digital_camera_whatsapp;D28_V_outdoorWA_still_0002.mp4;False;0.818182;0.8;0.756757
DIGITAL_CAMERA_ORIGINAL;digital_camera_youtube;D28_V_outdoorYT_move_0002.mp4;False;0.916667;0.842105;0.8
DIGITAL_CAMERA_ORIGINAL;digital_camera_youtube;D28_V_outdoorYT_panrot_0001.mp4;False;0.916667;0.842105;0.8
DIGITAL_CAMERA_ORIGINAL;digital_camera_youtube;D28_V_outdoorYT_panrot_0002.mp4;False;0.916667;0.842105;0.8
DIGITAL_CAMERA_ORIGINAL;digital_camera_youtube;D28_V_outdoorYT_still_0001.mp4;False;0.916667;0.842105;0.8
DIGITAL_CAMERA_ORIGINAL;digital_camera_youtube;D28_V_outdoorYT_still_0002.mp4;False;0.916667;0.842105;0.8
DIGITAL_CAMERA_ORIGINAL;digital_camera_original;D29_V_flat_move_0002.mov;True;1.0;1.0;1.0
DIGITAL_CAMERA_ORIGINAL;digital_camera_original;D29_V_flat_move_0003.mov;True;1.0;1.0;1.0
DIGITAL_CAMERA_ORIGINAL;digital_camera_original;D29_V_flat_panrot_0001.mov;True;1.0;1.0;1.0
DIGITAL_CAMERA_ORIGINAL;digital_camera_original;D29_V_flat_panrot_0002.mov;True;1.0;1.0;1.0
DIGITAL_CAMERA_ORIGINAL;digital_camera_original;D29_V_flat_still_0001.mov;True;1.0;1.0;1.0
DIGITAL_CAMERA_ORIGINAL;digital_camera_original;D29_V_flat_still_0002.mov;True;1.0;1.0;1.0
DIGITAL_CAMERA_ORIGINAL;digital_camera_whatsapp;D29_V_flatWA_move_0002.mp4;False;0.818182;0.8;0.756757
DIGITAL_CAMERA_ORIGINAL;digital_camera_whatsapp;D29_V_flatWA_move_0003.mp4;False;0.818182;0.8;0.756757
DIGITAL_CAMERA_ORIGINAL;digital_camera_whatsapp;D29_V_flatWA_panrot_0001.mp4;False;0.818182;0.8;0.756757
DIGITAL_CAMERA_ORIGINAL;digital_camera_whatsapp;D29_V_flatWA_panrot_0002.mp4;False;0.818182;0.8;0.756757
DIGITAL_CAMERA_ORIGINAL;digital_camera_whatsapp;D29_V_flatWA_still_0001.mp4;False;0.818182;0.8;0.756757
DIGITAL_CAMERA_ORIGINAL;digital_camera_whatsapp;D29_V_flatWA_still_0002.mp4;False;0.818182;0.8;0.756757
DIGITAL_CAMERA_ORIGINAL;digital_camera_youtube;D29_V_flatYT_move_0002.mp4;False;0.916667;0.842105;0.8
DIGITAL_CAMERA_ORIGINAL;digital_camera_youtube;D29_V_flatYT_move_0003.mp4;False;0.916667;0.842105;0.8
DIGITAL_CAMERA_ORIGINAL;digital_camera_youtube;D29_V_flatYT_panrot_0001.mp4;False;0.916667;0.842105;0.8
DIGITAL_CAMERA_ORIGINAL;digital_camera_youtube;D29_V_flatYT_panrot_0002.mp4;False;0.916667;0.842105;0.8
DIGITAL_CAMERA_ORIGINAL;digital_camera_youtube;D29_V_flatYT_still_0001.mp4;False;0.916667;0.842105;0.8
DIGITAL_CAMERA_ORIGINAL;digital_camera_youtube;D29_V_flatYT_still_0002.mp4;False;0.916667;0.842105;0.8
DIGITAL_CAMERA_ORIGINAL;digital_camera_original;D29_V_indoor_move_0002.mov;True;1.0;1.0;1.0
DIGITAL_CAMERA_ORIGINAL;digital_camera_original;D29_V_indoor_panrot_0001.mov;True;1.0;1.0;1.0
DIGITAL_CAMERA_ORIGINAL;digital_camera_original;D29_V_indoor_panrot_0002.mov;True;1.0;1.0;1.0
DIGITAL_CAMERA_ORIGINAL;digital_camera_original;D29_V_indoor_still_0001.mov;True;1.0;1.0;1.0
DIGITAL_CAMERA_ORIGINAL;digital_camera_original;D29_V_indoor_still_0002.mov;True;1.0;1.0;1.0
DIGITAL_CAMERA_ORIGINAL;digital_camera_whatsapp;D29_V_indoorWA_move_0002.mp4;False;0.818182;0.8;0.756757
DIGITAL_CAMERA_ORIGINAL;digital_camera_whatsapp;D29_V_indoorWA_panrot_0001.mp4;False;0.818182;0.8;0.756757
DIGITAL_CAMERA_ORIGINAL;digital_camera_whatsapp;D29_V_indoorWA_panrot_0002.mp4;False;0.818182;0.8;0.756757
DIGITAL_CAMERA_ORIGINAL;digital_camera_whatsapp;D29_V_indoorWA_still_0001.mp4;False;0.818182;0.8;0.756757
DIGITAL_CAMERA_ORIGINAL;digital_camera_whatsapp;D29_V_indoorWA_still_0002.mp4;False;0.818182;0.8;0.756757
DIGITAL_CAMERA_ORIGINAL;digital_camera_youtube;D29_V_indoorYT_move_0002.mp4;False;0.916667;0.842105;0.8
DIGITAL_CAMERA_ORIGINAL;digital_camera_youtube;D29_V_indoorYT_panrot_0001.mp4;False;0.916667;0.842105;0.8
DIGITAL_CAMERA_ORIGINAL;digital_camera_youtube;D29_V_indoorYT_panrot_0002.mp4;False;0.916667;0.842105;0.8
DIGITAL_CAMERA_ORIGINAL;digital_camera_youtube;D29_V_indoorYT_still_0001.mp4;False;0.916667;0.842105;0.8
DIGITAL_CAMERA_ORIGINAL;digital_camera_youtube;D29_V_indoorYT_still_0002.mp4;False;0.916667;0.842105;0.8
DIGITAL_CAMERA_ORIGINAL;digital_camera_original;D29_V_outdoor_move_0002.mov;True;1.0;1.0;1.0
DIGITAL_CAMERA_ORIGINAL;digital_camera_original;D29_V_outdoor_panrot_0001.mov;True;1.0;1.0;1.0
DIGITAL_CAMERA_ORIGINAL;digital_camera_original;D29_V_outdoor_panrot_0002.mov;True;1.0;1.0;1.0
DIGITAL_CAMERA_ORIGINAL;digital_camera_original;D29_V_outdoor_still_0001.mov;True;1.0;1.0;1.0
DIGITAL_CAMERA_ORIGINAL;digital_camera_original;D29_V_outdoor_still_0002.mov;True;1.0;1.0;1.0
DIGITAL_CAMERA_ORIGINAL;digital_camera_whatsapp;D29_V_outdoorWA_move_0002.mp4;False;0.818182;0.8;0.756757
DIGITAL_CAMERA_ORIGINAL;digital_camera_whatsapp;D29_V_outdoorWA_panrot_0001.mp4;False;0.818182;0.8;0.756757
DIGITAL_CAMERA_ORIGINAL;digital_camera_whatsapp;D29_V_outdoorWA_panrot_0002.mp4;False;0.818182;0.8;0.756757
DIGITAL_CAMERA_ORIGINAL;digital_camera_whatsapp;D29_V_outdoorWA_still_0001.mp4;False;0.818182;0.8;0.756757
DIGITAL_CAMERA_ORIGINAL;digital_camera_whatsapp;D29_V_outdoorWA_still_0002.mp4;False;0.818182;0.8;0.756757
DIGITAL_CAMERA_ORIGINAL;digital_camera_youtube;D29_V_outdoorYT_move_0002.mp4;False;0.916667;0.842105;0.8
DIGITAL_CAMERA_ORIGINAL;digital_camera_youtube;D29_V_outdoorYT_panrot_0001.mp4;False;0.916667;0.842105;0.8
DIGITAL_CAMERA_ORIGINAL;digital_camera_youtube;D29_V_outdoorYT_panrot_0002.mp4;False;0.916667;0.842105;0.8
DIGITAL_CAMERA_ORIGINAL;digital_camera_youtube;D29_V_outdoorYT_still_0001.mp4;False;0.916667;0.842105;0.8
DIGITAL_CAMERA_ORIGINAL;digital_camera_youtube;D29_V_outdoorYT_still_0002.mp4;False;0.916667;0.842105;0.8
DIGITAL_CAMERA_ORIGINAL;digital_camera_original;D30_V_flat_move_0002.mp4;True;1.0;1.0;1.0
DIGITAL_CAMERA_ORIGINAL;digital_camera_original;D30_V_flat_move_0003.mp4;True;1.0;1.0;1.0
DIGITAL_CAMERA_ORIGINAL;digital_camera_original;D30_V_flat_panrot_0001.mp4;True;1.0;1.0;1.0
DIGITAL_CAMERA_ORIGINAL;digital_camera_original;D30_V_flat_panrot_0002.mp4;True;1.0;1.0;1.0
DIGITAL_CAMERA_ORIGINAL;digital_camera_original;D30_V_flat_still_0001.mp4;True;1.0;1.0;1.0
DIGITAL_CAMERA_ORIGINAL;digital_camera_original;D30_V_flat_still_0002.mp4;True;1.0;1.0;1.0
DIGITAL_CAMERA_ORIGINAL;digital_camera_whatsapp;D30_V_flatWA_move_0002.mp4;False;0.818182;0.8;0.756757
DIGITAL_CAMERA_ORIGINAL;digital_camera_whatsapp;D30_V_flatWA_move_0003.mp4;False;0.818182;0.8;0.756757
DIGITAL_CAMERA_ORIGINAL;digital_camera_whatsapp;D30_V_flatWA_panrot_0001.mp4;False;0.818182;0.8;0.756757
DIGITAL_CAMERA_ORIGINAL;digital_camera_whatsapp;D30_V_flatWA_panrot_0002.mp4;False;0.818182;0.8;0.756757
DIGITAL_CAMERA_ORIGINAL;digital_camera_whatsapp;D30_V_flatWA_still_0001.mp4;False;0.818182;0.8;0.756757
DIGITAL_CAMERA_ORIGINAL;digital_camera_whatsapp;D30_V_flatWA_still_0002.mp4;False;0.818182;0.8;0.756757
DIGITAL_CAMERA_ORIGINAL;digital_camera_youtube;D30_V_flatYT_move_0002.mp4;False;0.916667;0.842105;0.8
DIGITAL_CAMERA_ORIGINAL;digital_camera_youtube;D30_V_flatYT_move_0003.mp4;False;0.916667;0.842105;0.8
DIGITAL_CAMERA_ORIGINAL;digital_camera_youtube;D30_V_flatYT_panrot_0001.mp4;False;0.916667;0.842105;0.8
DIGITAL_CAMERA_ORIGINAL;digital_camera_youtube;D30_V_flatYT_panrot_0002.mp4;False;0.916667;0.842105;0.8
DIGITAL_CAMERA_ORIGINAL;digital_camera_youtube;D30_V_flatYT_still_0001.mp4;False;0.916667;0.842105;0.8
DIGITAL_CAMERA_ORIGINAL;digital_camera_youtube;D30_V_flatYT_still_0002.mp4;False;0.916667;0.842105;0.8
DIGITAL_CAMERA_ORIGINAL;digital_camera_original;D30_V_indoor_move_0002.mp4;True;1.0;1.0;1.0
DIGITAL_CAMERA_ORIGINAL;digital_camera_original;D30_V_indoor_panrot_0001.mp4;True;1.0;1.0;1.0
DIGITAL_CAMERA_ORIGINAL;digital_camera_original;D30_V_indoor_panrot_0002.mp4;True;1.0;1.0;1.0
DIGITAL_CAMERA_ORIGINAL;digital_camera_original;D30_V_indoor_still_0001.mp4;True;1.0;1.0;1.0
DIGITAL_CAMERA_ORIGINAL;digital_camera_original;D30_V_indoor_still_0002.mp4;True;1.0;1.0;1.0
DIGITAL_CAMERA_ORIGINAL;digital_camera_whatsapp;D30_V_indoorWA_move_0002.mp4;False;0.818182;0.8;0.756757
DIGITAL_CAMERA_ORIGINAL;digital_camera_whatsapp;D30_V_indoorWA_panrot_0001.mp4;False;0.818182;0.8;0.756757
DIGITAL_CAMERA_ORIGINAL;digital_camera_whatsapp;D30_V_indoorWA_panrot_0002.mp4;False;0.818182;0.8;0.756757
DIGITAL_CAMERA_ORIGINAL;digital_camera_whatsapp;D30_V_indoorWA_still_0001.mp4;False;0.818182;0.8;0.756757
DIGITAL_CAMERA_ORIGINAL;digital_camera_whatsapp;D30_V_indoorWA_still_0002.mp4;False;0.818182;0.8;0.756757
DIGITAL_CAMERA_ORIGINAL;digital_camera_youtube;D30_V_indoorYT_move_0002.mp4;False;0.916667;0.842105;0.8
DIGITAL_CAMERA_ORIGINAL;digital_camera_youtube;D30_V_indoorYT_panrot_0001.mp4;False;0.916667;0.842105;0.8
DIGITAL_CAMERA_ORIGINAL;digital_camera_youtube;D30_V_indoorYT_panrot_0002.mp4;False;0.916667;0.842105;0.8
DIGITAL_CAMERA_ORIGINAL;digital_camera_youtube;D30_V_indoorYT_still_0001.mp4;False;0.916667;0.842105;0.8
DIGITAL_CAMERA_ORIGINAL;digital_camera_youtube;D30_V_indoorYT_still_0002.mp4;False;0.916667;0.842105;0.8
DIGITAL_CAMERA_ORIGINAL;digital_camera_original;D30_V_outdoor_move_0002.mp4;True;1.0;1.0;1.0
DIGITAL_CAMERA_ORIGINAL;digital_camera_original;D30_V_outdoor_panrot_0001.mp4;True;1.0;1.0;1.0
DIGITAL_CAMERA_ORIGINAL;digital_camera_original;D30_V_outdoor_panrot_0002.mp4;True;1.0;1.0;1.0
DIGITAL_CAMERA_ORIGINAL;digital_camera_original;D30_V_outdoor_still_0001.mp4;True;1.0;1.0;1.0
DIGITAL_CAMERA_ORIGINAL;digital_camera_original;D30_V_outdoor_still_0002.mp4;True;1.0;1.0;1.0
DIGITAL_CAMERA_ORIGINAL;digital_camera_whatsapp;D30_V_outdoorWA_move_0002.mp4;False;0.818182;0.8;0.756757
DIGITAL_CAMERA_ORIGINAL;digital_camera_whatsapp;D30_V_outdoorWA_panrot_0001.mp4;False;0.818182;0.8;0.756757
DIGITAL_CAMERA_ORIGINAL;digital_camera_whatsapp;D30_V_outdoorWA_panrot_0002.mp4;False;0.818182;0.8;0.756757
DIGITAL_CAMERA_ORIGINAL;digital_camera_whatsapp;D30_V_outdoorWA_still_0001.mp4;False;0.818182;0.8;0.756757
DIGITAL_CAMERA_ORIGINAL;digital_camera_whatsapp;D30_V_outdoorWA_still_0002.mp4;False;0.818182;0.8;0.756757
DIGITAL_CAMERA_ORIGINAL;digital_camera_youtube;D30_V_outdoorYT_move_0002.mp4;False;0.916667;0.842105;0.8
DIGITAL_CAMERA_ORIGINAL;digital_camera_youtube;D30_V_outdoorYT_panrot_0001.mp4;False;0.916667;0.842105;0.8
DIGITAL_CAMERA_ORIGINAL;digital_camera_youtube;D30_V_outdoorYT_panrot_0002.mp4;False;0.916667;0.842105;0.8
DIGITAL_CAMERA_ORIGINAL;digital_camera_youtube;D30_V_outdoorYT_still_0001.mp4;False;0.916667;0.842105;0.8
DIGITAL_CAMERA_ORIGINAL;digital_camera_youtube;D30_V_outdoorYT_still_0002.mp4;False;0.916667;0.842105;0.8
DIGITAL_CAMERA_ORIGINAL;digital_camera_original;D31_V_flat_move_0002.mp4;True;1.0;1.0;1.0
DIGITAL_CAMERA_ORIGINAL;digital_camera_original;D31_V_flat_move_0003.mp4;True;1.0;1.0;1.0
DIGITAL_CAMERA_ORIGINAL;digital_camera_original;D31_V_flat_panrot_0001.mp4;True;1.0;1.0;1.0
DIGITAL_CAMERA_ORIGINAL;digital_camera_original;D31_V_flat_panrot_0002.mp4;True;1.0;1.0;1.0
DIGITAL_CAMERA_ORIGINAL;digital_camera_original;D31_V_flat_still_0001.mp4;True;1.0;1.0;1.0
DIGITAL_CAMERA_ORIGINAL;digital_camera_original;D31_V_flat_still_0002.mp4;True;1.0;1.0;1.0
DIGITAL_CAMERA_ORIGINAL;digital_camera_whatsapp;D31_V_flatWA_move_0002.mp4;False;0.818182;0.8;0.756757
DIGITAL_CAMERA_ORIGINAL;digital_camera_whatsapp;D31_V_flatWA_move_0003.mp4;False;0.818182;0.8;0.756757
DIGITAL_CAMERA_ORIGINAL;digital_camera_whatsapp;D31_V_flatWA_panrot_0001.mp4;False;0.818182;0.8;0.756757
DIGITAL_CAMERA_ORIGINAL;digital_camera_whatsapp;D31_V_flatWA_panrot_0002.mp4;False;0.818182;0.8;0.756757
DIGITAL_CAMERA_ORIGINAL;digital_camera_whatsapp;D31_V_flatWA_still_0001.mp4;False;0.818182;0.8;0.756757
DIGITAL_CAMERA_ORIGINAL;digital_camera_whatsapp;D31_V_flatWA_still_0002.mp4;False;0.818182;0.8;0.756757
DIGITAL_CAMERA_ORIGINAL;digital_camera_youtube;D31_V_flatYT_move_0002.mp4;False;0.916667;0.842105;0.8
DIGITAL_CAMERA_ORIGINAL;digital_camera_youtube;D31_V_flatYT_move_0003.mp4;False;0.916667;0.842105;0.8
DIGITAL_CAMERA_ORIGINAL;digital_camera_youtube;D31_V_flatYT_panrot_0001.mp4;False;0.916667;0.842105;0.8
DIGITAL_CAMERA_ORIGINAL;digital_camera_youtube;D31_V_flatYT_panrot_0002.mp4;False;0.916667;0.842105;0.8
DIGITAL_CAMERA_ORIGINAL;digital_camera_youtube;D31_V_flatYT_still_0001.mp4;False;0.916667;0.842105;0.8
DIGITAL_CAMERA_ORIGINAL;digital_camera_youtube;D31_V_flatYT_still_0002.mp4;False;0.916667;0.842105;0.8
DIGITAL_CAMERA_ORIGINAL;digital_camera_original;D31_V_indoor_move_0002.mp4;True;1.0;1.0;1.0
DIGITAL_CAMERA_ORIGINAL;digital_camera_original;D31_V_indoor_panrot_0001.mp4;True;1.0;1.0;1.0
DIGITAL_CAMERA_ORIGINAL;digital_camera_original;D31_V_indoor_panrot_0002.mp4;True;1.0;1.0;1.0
DIGITAL_CAMERA_ORIGINAL;digital_camera_original;D31_V_indoor_still_0001.mp4;True;1.0;1.0;1.0
DIGITAL_CAMERA_ORIGINAL;digital_camera_original;D31_V_indoor_still_0002.mp4;True;1.0;1.0;1.0
DIGITAL_CAMERA_ORIGINAL;digital_camera_whatsapp;D31_V_indoorWA_move_0002.mp4;False;0.818182;0.8;0.756757
DIGITAL_CAMERA_ORIGINAL;digital_camera_whatsapp;D31_V_indoorWA_panrot_0001.mp4;False;0.818182;0.8;0.756757
DIGITAL_CAMERA_ORIGINAL;digital_camera_whatsapp;D31_V_indoorWA_panrot_0002.mp4;False;0.818182;0.8;0.756757
DIGITAL_CAMERA_ORIGINAL;digital_camera_whatsapp;D31_V_indoorWA_still_0001.mp4;False;0.818182;0.8;0.756757
DIGITAL_CAMERA_ORIGINAL;digital_camera_whatsapp;D31_V_indoorWA_still_0002.mp4;False;0.818182;0.8;0.756757
DIGITAL_CAMERA_ORIGINAL;digital_camera_youtube;D31_V_indoorYT_move_0002.mp4;False;0.916667;0.842105;0.8
DIGITAL_CAMERA_ORIGINAL;digital_camera_youtube;D31_V_indoorYT_panrot_0001.mp4;False;0.916667;0.842105;0.8
DIGITAL_CAMERA_ORIGINAL;digital_camera_youtube;D31_V_indoorYT_panrot_0002.mp4;False;0.916667;0.842105;0.8
DIGITAL_CAMERA_ORIGINAL;digital_camera_youtube;D31_V_indoorYT_still_0001.mp4;False;0.916667;0.842105;0.8
DIGITAL_CAMERA_ORIGINAL;digital_camera_youtube;D31_V_indoorYT_still_0002.mp4;False;0.916667;0.842105;0.8
DIGITAL_CAMERA_ORIGINAL;digital_camera_original;D31_V_outdoor_move_0002.mp4;True;1.0;1.0;1.0
DIGITAL_CAMERA_ORIGINAL;digital_camera_original;D31_V_outdoor_panrot_0001.mp4;True;1.0;1.0;1.0
DIGITAL_CAMERA_ORIGINAL;digital_camera_original;D31_V_outdoor_panrot_0002.mp4;True;1.0;1.0;1.0
DIGITAL_CAMERA_ORIGINAL;digital_camera_original;D31_V_outdoor_still_0001.mp4;True;1.0;1.0;1.0
DIGITAL_CAMERA_ORIGINAL;digital_camera_original;D31_V_outdoor_still_0002.mp4;True;1.0;1.0;1.0
DIGITAL_CAMERA_ORIGINAL;digital_camera_whatsapp;D31_V_outdoorWA_move_0002.mp4;False;0.818182;0.8;0.756757
DIGITAL_CAMERA_ORIGINAL;digital_camera_whatsapp;D31_V_outdoorWA_panrot_0001.mp4;False;0.818182;0.8;0.756757
DIGITAL_CAMERA_ORIGINAL;digital_camera_whatsapp;D31_V_outdoorWA_panrot_0002.mp4;False;0.818182;0.8;0.756757
DIGITAL_CAMERA_ORIGINAL;digital_camera_whatsapp;D31_V_outdoorWA_still_0001.mp4;False;0.818182;0.8;0.756757
DIGITAL_CAMERA_ORIGINAL;digital_camera_whatsapp;D31_V_outdoorWA_still_0002.mp4;False;0.818182;0.8;0.756757
DIGITAL_CAMERA_ORIGINAL;digital_camera_youtube;D31_V_outdoorYT_move_0002.mp4;False;0.916667;0.842105;0.8
DIGITAL_CAMERA_ORIGINAL;digital_camera_youtube;D31_V_outdoorYT_panrot_0001.mp4;False;0.916667;0.842105;0.8
DIGITAL_CAMERA_ORIGINAL;digital_camera_youtube;D31_V_outdoorYT_panrot_0002.mp4;False;0.916667;0.842105;0.8
DIGITAL_CAMERA_ORIGINAL;digital_camera_youtube;D31_V_outdoorYT_still_0001.mp4;False;0.916667;0.842105;0.8
DIGITAL_CAMERA_ORIGINAL;digital_camera_youtube;D31_V_outdoorYT_still_0002.mp4;False;0.916667;0.842105;0.8
DIGITAL_CAMERA_ORIGINAL;digital_camera_original;D32_V_flat_move_0002.mp4;True;1.0;1.0;1.0
DIGITAL_CAMERA_ORIGINAL;digital_camera_original;D32_V_flat_move_0003.mp4;True;1.0;1.0;1.0
DIGITAL_CAMERA_ORIGINAL;digital_camera_original;D32_V_flat_panrot_0001.mp4;True;1.0;1.0;1.0
DIGITAL_CAMERA_ORIGINAL;digital_camera_original;D32_V_flat_panrot_0002.mp4;True;1.0;1.0;1.0
DIGITAL_CAMERA_ORIGINAL;digital_camera_original;D32_V_flat_still_0001.mp4;True;1.0;1.0;1.0
DIGITAL_CAMERA_ORIGINAL;digital_camera_original;D32_V_flat_still_0002.mp4;True;1.0;1.0;1.0
DIGITAL_CAMERA_ORIGINAL;digital_camera_whatsapp;D32_V_flatWA_move_0002.mp4;False;0.818182;0.8;0.756757
DIGITAL_CAMERA_ORIGINAL;digital_camera_whatsapp;D32_V_flatWA_move_0003.mp4;False;0.818182;0.8;0.756757
DIGITAL_CAMERA_ORIGINAL;digital_camera_whatsapp;D32_V_flatWA_panrot_0001.mp4;False;0.818182;0.8;0.756757
DIGITAL_CAMERA_ORIGINAL;digital_camera_whatsapp;D32_V_flatWA_panrot_0002.mp4;False;0.818182;0.8;0.756757
DIGITAL_CAMERA_ORIGINAL;digital_camera_whatsapp;D32_V_flatWA_still_0001.mp4;False;0.818182;0.8;0.756757
DIGITAL_CAMERA_ORIGINAL;digital_camera_whatsapp;D32_V_flatWA_still_0002.mp4;False;0.818182;0.8;0.756757
DIGITAL_CAMERA_ORIGINAL;digital_camera_youtube;D32_V_flatYT_move_0002.mp4;False;0.916667;0.842105;0.8
DIGITAL_CAMERA_ORIGINAL;digital_camera_youtube;D32_V_flatYT_move_0003.mp4;False;0.916667;0.842105;0.8
DIGITAL_CAMERA_ORIGINAL;digital_camera_youtube;D32_V_flatYT_panrot_0001.mp4;False;0.916667;0.842105;0.8
DIGITAL_CAMERA_ORIGINAL;digital_camera_youtube;D32_V_flatYT_panrot_0002.mp4;False;0.916667;0.842105;0.8
DIGITAL_CAMERA_ORIGINAL;digital_camera_youtube;D32_V_flatYT_still_0001.mp4;False;0.916667;0.842105;0.8
DIGITAL_CAMERA_ORIGINAL;digital_camera_youtube;D32_V_flatYT_still_0002.mp4;False;0.916667;0.842105;0.8
DIGITAL_CAMERA_ORIGINAL;digital_camera_original;D32_V_indoor_move_0002.mp4;True;1.0;1.0;1.0
DIGITAL_CAMERA_ORIGINAL;digital_camera_original;D32_V_indoor_panrot_0001.mp4;True;1.0;1.0;1.0
DIGITAL_CAMERA_ORIGINAL;digital_camera_original;D32_V_indoor_panrot_0002.mp4;True;1.0;1.0;1.0
DIGITAL_CAMERA_ORIGINAL;digital_camera_original;D32_V_indoor_still_0001.mp4;True;1.0;1.0;1.0
DIGITAL_CAMERA_ORIGINAL;digital_camera_original;D32_V_indoor_still_0002.mp4;True;1.0;1.0;1.0
DIGITAL_CAMERA_ORIGINAL;digital_camera_whatsapp;D32_V_indoorWA_move_0002.mp4;False;0.818182;0.8;0.756757
DIGITAL_CAMERA_ORIGINAL;digital_camera_whatsapp;D32_V_indoorWA_panrot_0001.mp4;False;0.818182;0.8;0.756757
DIGITAL_CAMERA_ORIGINAL;digital_camera_whatsapp;D32_V_indoorWA_panrot_0002.mp4;False;0.818182;0.8;0.756757
DIGITAL_CAMERA_ORIGINAL;digital_camera_whatsapp;D32_V_indoorWA_still_0001.mp4;False;0.818182;0.8;0.756757
DIGITAL_CAMERA_ORIGINAL;digital_camera_whatsapp;D32_V_indoorWA_still_0002.mp4;False;0.818182;0.8;0.756757
DIGITAL_CAMERA_ORIGINAL;digital_camera_youtube;D32_V_indoorYT_move_0002.mp4;False;0.916667;0.842105;0.8
DIGITAL_CAMERA_ORIGINAL;digital_camera_youtube;D32_V_indoorYT_panrot_0001.mp4;False;0.916667;0.842105;0.8
DIGITAL_CAMERA_ORIGINAL;digital_camera_youtube;D32_V_indoorYT_panrot_0002.mp4;False;0.916667;0.842105;0.8
DIGITAL_CAMERA_ORIGINAL;digital_camera_youtube;D32_V_indoorYT_still_0001.mp4;False;0.916667;0.842105;0.8
DIGITAL_CAMERA_ORIGINAL;digital_camera_youtube;D32_V_indoorYT_still_0002.mp4;False;0.916667;0.842105;0.8
DIGITAL_CAMERA_ORIGINAL;digital_camera_original;D32_V_outdoor_move_0002.mp4;True;1.0;1.0;1.0
DIGITAL_CAMERA_ORIGINAL;digital_camera_original;D32_V_outdoor_panrot_0001.mp4;True;1.0;1.0;1.0
DIGITAL_CAMERA_ORIGINAL;digital_camera_original;D32_V_outdoor_panrot_0002.mp4;True;1.0;1.0;1.0
DIGITAL_CAMERA_ORIGINAL;digital_camera_original;D32_V_outdoor_still_0001.mp4;True;1.0;1.0;1.0
DIGITAL_CAMERA_ORIGINAL;digital_camera_original;D32_V_outdoor_still_0002.mp4;True;1.0;1.0;1.0
DIGITAL_CAMERA_ORIGINAL;digital_camera_whatsapp;D32_V_outdoorWA_move_0002.mp4;False;0.818182;0.8;0.756757
DIGITAL_CAMERA_ORIGINAL;digital_camera_whatsapp;D32_V_outdoorWA_panrot_0001.mp4;False;0.818182;0.8;0.756757
DIGITAL_CAMERA_ORIGINAL;digital_camera_whatsapp;D32_V_outdoorWA_panrot_0002.mp4;False;0.818182;0.8;0.756757
DIGITAL_CAMERA_ORIGINAL;digital_camera_whatsapp;D32_V_outdoorWA_still_0001.mp4;False;0.818182;0.8;0.756757
DIGITAL_CAMERA_ORIGINAL;digital_camera_whatsapp;D32_V_outdoorWA_still_0002.mp4;False;0.818182;0.8;0.756757
DIGITAL_CAMERA_ORIGINAL;digital_camera_youtube;D32_V_outdoorYT_move_0002.mp4;False;0.916667;0.842105;0.8
DIGITAL_CAMERA_ORIGINAL;digital_camera_youtube;D32_V_outdoorYT_panrot_0001.mp4;False;0.916667;0.842105;0.8
DIGITAL_CAMERA_ORIGINAL;digital_camera_youtube;D32_V_outdoorYT_panrot_0002.mp4;False;0.916667;0.842105;0.8
DIGITAL_CAMERA_ORIGINAL;digital_camera_youtube;D32_V_outdoorYT_still_0001.mp4;False;0.916667;0.842105;0.8
DIGITAL_CAMERA_ORIGINAL;digital_camera_youtube;D32_V_outdoorYT_still_0002.mp4;False;0.916667;0.842105;0.8
DIGITAL_CAMERA_ORIGINAL;digital_camera_original;D33_V_flat_move_0002.mp4;True;1.0;1.0;1.0
DIGITAL_CAMERA_ORIGINAL;digital_camera_original;D33_V_flat_move_0003.mp4;True;1.0;1.0;1.0
DIGITAL_CAMERA_ORIGINAL;digital_camera_original;D33_V_flat_panrot_0001.mp4;True;1.0;1.0;1.0
DIGITAL_CAMERA_ORIGINAL;digital_camera_original;D33_V_flat_panrot_0002.mp4;True;1.0;1.0;1.0
DIGITAL_CAMERA_ORIGINAL;digital_camera_original;D33_V_flat_still_0001.mp4;True;1.0;1.0;1.0
DIGITAL_CAMERA_ORIGINAL;digital_camera_original;D33_V_flat_still_0002.mp4;True;1.0;1.0;1.0
DIGITAL_CAMERA_ORIGINAL;digital_camera_whatsapp;D33_V_flatWA_move_0002.mp4;False;0.818182;0.8;0.756757
DIGITAL_CAMERA_ORIGINAL;digital_camera_whatsapp;D33_V_flatWA_move_0003.mp4;False;0.818182;0.8;0.756757
DIGITAL_CAMERA_ORIGINAL;digital_camera_whatsapp;D33_V_flatWA_panrot_0001.mp4;False;0.818182;0.8;0.756757
DIGITAL_CAMERA_ORIGINAL;digital_camera_whatsapp;D33_V_flatWA_panrot_0002.mp4;False;0.818182;0.8;0.756757
DIGITAL_CAMERA_ORIGINAL;digital_camera_whatsapp;D33_V_flatWA_still_0001.mp4;False;0.818182;0.8;0.756757
DIGITAL_CAMERA_ORIGINAL;digital_camera_whatsapp;D33_V_flatWA_still_0002.mp4;False;0.818182;0.8;0.756757
DIGITAL_CAMERA_ORIGINAL;digital_camera_youtube;D33_V_flatYT_move_0003.mp4;False;0.916667;0.842105;0.8
DIGITAL_CAMERA_ORIGINAL;digital_camera_youtube;D33_V_flatYT_panrot_0001.mp4;False;0.916667;0.842105;0.8
DIGITAL_CAMERA_ORIGINAL;digital_camera_youtube;D33_V_flatYT_panrot_0002.mp4;False;0.916667;0.842105;0.8
DIGITAL_CAMERA_ORIGINAL;digital_camera_youtube;D33_V_flatYT_still_0001.mp4;False;0.916667;0.842105;0.8
DIGITAL_CAMERA_ORIGINAL;digital_camera_youtube;D33_V_flatYT_still_0002.mp4;False;0.916667;0.842105;0.8
DIGITAL_CAMERA_ORIGINAL;digital_camera_original;D33_V_indoor_move_0002.mp4;True;1.0;1.0;1.0
DIGITAL_CAMERA_ORIGINAL;digital_camera_original;D33_V_indoor_panrot_0001.mp4;True;1.0;1.0;1.0
DIGITAL_CAMERA_ORIGINAL;digital_camera_original;D33_V_indoor_panrot_0002.mp4;True;1.0;1.0;1.0
DIGITAL_CAMERA_ORIGINAL;digital_camera_original;D33_V_indoor_still_0001.mp4;True;1.0;1.0;1.0
DIGITAL_CAMERA_ORIGINAL;digital_camera_original;D33_V_indoor_still_0002.mp4;True;1.0;1.0;1.0
DIGITAL_CAMERA_ORIGINAL;digital_camera_whatsapp;D33_V_indoorWA_move_0002.mp4;False;0.818182;0.8;0.756757
DIGITAL_CAMERA_ORIGINAL;digital_camera_whatsapp;D33_V_indoorWA_panrot_0001.mp4;False;0.818182;0.8;0.756757
DIGITAL_CAMERA_ORIGINAL;digital_camera_whatsapp;D33_V_indoorWA_panrot_0002.mp4;False;0.818182;0.8;0.756757
DIGITAL_CAMERA_ORIGINAL;digital_camera_whatsapp;D33_V_indoorWA_still_0001.mp4;False;0.818182;0.8;0.756757
DIGITAL_CAMERA_ORIGINAL;digital_camera_whatsapp;D33_V_indoorWA_still_0002.mp4;False;0.818182;0.8;0.756757
DIGITAL_CAMERA_ORIGINAL;digital_camera_youtube;D33_V_indoorYT_move_0002.mp4;False;0.916667;0.842105;0.8
DIGITAL_CAMERA_ORIGINAL;digital_camera_youtube;D33_V_indoorYT_panrot_0001.mp4;False;0.916667;0.842105;0.8
DIGITAL_CAMERA_ORIGINAL;digital_camera_youtube;D33_V_indoorYT_panrot_0002.mp4;False;0.916667;0.842105;0.8
DIGITAL_CAMERA_ORIGINAL;digital_camera_youtube;D33_V_indoorYT_still_0001.mp4;False;0.916667;0.842105;0.8
DIGITAL_CAMERA_ORIGINAL;digital_camera_youtube;D33_V_indoorYT_still_0002.mp4;False;0.916667;0.842105;0.8
DIGITAL_CAMERA_ORIGINAL;digital_camera_original;D33_V_outdoor_move_0002.mp4;True;1.0;1.0;1.0
DIGITAL_CAMERA_ORIGINAL;digital_camera_original;D33_V_outdoor_panrot_0001.mp4;True;1.0;1.0;1.0
DIGITAL_CAMERA_ORIGINAL;digital_camera_original;D33_V_outdoor_panrot_0002.mp4;True;1.0;1.0;1.0
DIGITAL_CAMERA_ORIGINAL;digital_camera_original;D33_V_outdoor_still_0001.mp4;True;1.0;1.0;1.0
DIGITAL_CAMERA_ORIGINAL;digital_camera_original;D33_V_outdoor_still_0002.mp4;True;1.0;1.0;1.0
DIGITAL_CAMERA_ORIGINAL;digital_camera_whatsapp;D33_V_outdoorWA_move_0002.mp4;False;0.818182;0.8;0.756757
DIGITAL_CAMERA_ORIGINAL;digital_camera_whatsapp;D33_V_outdoorWA_panrot_0001.mp4;False;0.818182;0.8;0.756757
DIGITAL_CAMERA_ORIGINAL;digital_camera_whatsapp;D33_V_outdoorWA_panrot_0002.mp4;False;0.818182;0.8;0.756757
DIGITAL_CAMERA_ORIGINAL;digital_camera_whatsapp;D33_V_outdoorWA_still_0001.mp4;False;0.818182;0.8;0.756757
DIGITAL_CAMERA_ORIGINAL;digital_camera_whatsapp;D33_V_outdoorWA_still_0002.mp4;False;0.818182;0.8;0.756757
DIGITAL_CAMERA_ORIGINAL;digital_camera_youtube;D33_V_outdoorYT_move_0002.mp4;False;0.916667;0.842105;0.8
DIGITAL_CAMERA_ORIGINAL;digital_camera_youtube;D33_V_outdoorYT_panrot_0001.mp4;False;0.916667;0.842105;0.8
DIGITAL_CAMERA_ORIGINAL;digital_camera_youtube;D33_V_outdoorYT_panrot_0002.mp4;False;0.916667;0.842105;0.8
DIGITAL_CAMERA_ORIGINAL;digital_camera_youtube;D33_V_outdoorYT_still_0001.mp4;False;0.916667;0.842105;0.8
DIGITAL_CAMERA_ORIGINAL;digital_camera_youtube;D33_V_outdoorYT_still_0002.mp4;False;0.916667;0.842105;0.8
DIGITAL_CAMERA_ORIGINAL;digital_camera_original;D34_V_flat_move_0002.mov;True;1.0;1.0;1.0
DIGITAL_CAMERA_ORIGINAL;digital_camera_original;D34_V_flat_move_0003.mov;True;1.0;1.0;1.0
DIGITAL_CAMERA_ORIGINAL;digital_camera_original;D34_V_flat_move_0004.mov;True;1.0;1.0;1.0
DIGITAL_CAMERA_ORIGINAL;digital_camera_original;D34_V_flat_move_0005.mov;True;1.0;1.0;1.0
DIGITAL_CAMERA_ORIGINAL;digital_camera_original;D34_V_flat_panrot_0001.mov;True;1.0;1.0;1.0
DIGITAL_CAMERA_ORIGINAL;digital_camera_original;D34_V_flat_panrot_0002.mov;True;1.0;1.0;1.0
DIGITAL_CAMERA_ORIGINAL;digital_camera_original;D34_V_flat_panrot_0003.mov;True;1.0;1.0;1.0
DIGITAL_CAMERA_ORIGINAL;digital_camera_original;D34_V_flat_panrot_0004.mov;True;1.0;1.0;1.0
DIGITAL_CAMERA_ORIGINAL;digital_camera_original;D34_V_flat_still_0001.mov;True;1.0;1.0;1.0
DIGITAL_CAMERA_ORIGINAL;digital_camera_original;D34_V_flat_still_0002.mov;True;1.0;1.0;1.0
DIGITAL_CAMERA_ORIGINAL;digital_camera_original;D34_V_flat_still_0003.mov;True;1.0;1.0;1.0
DIGITAL_CAMERA_ORIGINAL;digital_camera_original;D34_V_flat_still_0004.mov;True;1.0;1.0;1.0
DIGITAL_CAMERA_ORIGINAL;digital_camera_whatsapp;D34_V_flatWA_move_0002.mp4;False;0.818182;0.8;0.756757
DIGITAL_CAMERA_ORIGINAL;digital_camera_whatsapp;D34_V_flatWA_move_0003.mp4;False;0.818182;0.8;0.756757
DIGITAL_CAMERA_ORIGINAL;digital_camera_whatsapp;D34_V_flatWA_move_0004.mp4;False;0.818182;0.8;0.756757
DIGITAL_CAMERA_ORIGINAL;digital_camera_whatsapp;D34_V_flatWA_move_0005.mp4;False;0.818182;0.8;0.756757
DIGITAL_CAMERA_ORIGINAL;digital_camera_whatsapp;D34_V_flatWA_panrot_0001.mp4;False;0.818182;0.8;0.756757
DIGITAL_CAMERA_ORIGINAL;digital_camera_whatsapp;D34_V_flatWA_panrot_0002.mp4;False;0.818182;0.8;0.756757
DIGITAL_CAMERA_ORIGINAL;digital_camera_whatsapp;D34_V_flatWA_panrot_0003.mp4;False;0.818182;0.8;0.756757
DIGITAL_CAMERA_ORIGINAL;digital_camera_whatsapp;D34_V_flatWA_panrot_0004.mp4;False;0.818182;0.8;0.756757
DIGITAL_CAMERA_ORIGINAL;digital_camera_whatsapp;D34_V_flatWA_still_0001.mp4;False;0.818182;0.8;0.756757
DIGITAL_CAMERA_ORIGINAL;digital_camera_whatsapp;D34_V_flatWA_still_0002.mp4;False;0.818182;0.8;0.756757
DIGITAL_CAMERA_ORIGINAL;digital_camera_whatsapp;D34_V_flatWA_still_0003.mp4;False;0.818182;0.8;0.756757
DIGITAL_CAMERA_ORIGINAL;digital_camera_whatsapp;D34_V_flatWA_still_0004.mp4;False;0.818182;0.8;0.756757
DIGITAL_CAMERA_ORIGINAL;digital_camera_youtube;D34_V_flatYT_panrot_0004.mp4;False;0.916667;0.842105;0.8
DIGITAL_CAMERA_ORIGINAL;digital_camera_original;D34_V_indoor_move_0002.mov;True;1.0;1.0;1.0
DIGITAL_CAMERA_ORIGINAL;digital_camera_original;D34_V_indoor_move_0003.mov;True;1.0;1.0;1.0
DIGITAL_CAMERA_ORIGINAL;digital_camera_original;D34_V_indoor_move_0004.mov;True;1.0;1.0;1.0
DIGITAL_CAMERA_ORIGINAL;digital_camera_original;D34_V_indoor_panrot_0001.mov;True;1.0;1.0;1.0
DIGITAL_CAMERA_ORIGINAL;digital_camera_original;D34_V_indoor_panrot_0002.mov;True;1.0;1.0;1.0
DIGITAL_CAMERA_ORIGINAL;digital_camera_original;D34_V_indoor_panrot_0003.mov;True;1.0;1.0;1.0
DIGITAL_CAMERA_ORIGINAL;digital_camera_original;D34_V_indoor_panrot_0004.mov;True;1.0;1.0;1.0
DIGITAL_CAMERA_ORIGINAL;digital_camera_original;D34_V_indoor_still_0001.mov;True;1.0;1.0;1.0
DIGITAL_CAMERA_ORIGINAL;digital_camera_original;D34_V_indoor_still_0002.mov;True;1.0;1.0;1.0
DIGITAL_CAMERA_ORIGINAL;digital_camera_original;D34_V_indoor_still_0003.mov;True;1.0;1.0;1.0
DIGITAL_CAMERA_ORIGINAL;digital_camera_original;D34_V_indoor_still_0004.mov;True;1.0;1.0;1.0
DIGITAL_CAMERA_ORIGINAL;digital_camera_whatsapp;D34_V_indoorWA_move_0002.mp4;False;0.818182;0.8;0.756757
DIGITAL_CAMERA_ORIGINAL;digital_camera_whatsapp;D34_V_indoorWA_move_0003.mp4;False;0.818182;0.8;0.756757
DIGITAL_CAMERA_ORIGINAL;digital_camera_whatsapp;D34_V_indoorWA_move_0004.mp4;False;0.818182;0.8;0.756757
DIGITAL_CAMERA_ORIGINAL;digital_camera_whatsapp;D34_V_indoorWA_panrot_0001.mp4;False;0.818182;0.8;0.756757
DIGITAL_CAMERA_ORIGINAL;digital_camera_whatsapp;D34_V_indoorWA_panrot_0002.mp4;False;0.818182;0.8;0.756757
DIGITAL_CAMERA_ORIGINAL;digital_camera_whatsapp;D34_V_indoorWA_panrot_0003.mp4;False;0.818182;0.8;0.756757
DIGITAL_CAMERA_ORIGINAL;digital_camera_whatsapp;D34_V_indoorWA_panrot_0004.mp4;False;0.818182;0.8;0.756757
DIGITAL_CAMERA_ORIGINAL;digital_camera_whatsapp;D34_V_indoorWA_still_0001.mp4;False;0.818182;0.8;0.756757
DIGITAL_CAMERA_ORIGINAL;digital_camera_whatsapp;D34_V_indoorWA_still_0002.mp4;False;0.818182;0.8;0.756757
DIGITAL_CAMERA_ORIGINAL;digital_camera_whatsapp;D34_V_indoorWA_still_0003.mp4;False;0.818182;0.8;0.756757
DIGITAL_CAMERA_ORIGINAL;digital_camera_whatsapp;D34_V_indoorWA_still_0004.mp4;False;0.818182;0.8;0.756757
DIGITAL_CAMERA_ORIGINAL;digital_camera_youtube;D34_V_indoorYT_move_0002.mp4;False;0.916667;0.842105;0.8
DIGITAL_CAMERA_ORIGINAL;digital_camera_youtube;D34_V_indoorYT_move_0003.mp4;False;0.916667;0.842105;0.8
DIGITAL_CAMERA_ORIGINAL;digital_camera_youtube;D34_V_indoorYT_move_0004.mp4;False;0.916667;0.842105;0.8
DIGITAL_CAMERA_ORIGINAL;digital_camera_youtube;D34_V_indoorYT_panrot_0001.mp4;False;0.916667;0.842105;0.8
DIGITAL_CAMERA_ORIGINAL;digital_camera_youtube;D34_V_indoorYT_panrot_0002.mp4;False;0.916667;0.842105;0.8
DIGITAL_CAMERA_ORIGINAL;digital_camera_youtube;D34_V_indoorYT_panrot_0003.mp4;False;0.916667;0.842105;0.8
DIGITAL_CAMERA_ORIGINAL;digital_camera_youtube;D34_V_indoorYT_panrot_0004.mp4;False;0.916667;0.842105;0.8
DIGITAL_CAMERA_ORIGINAL;digital_camera_youtube;D34_V_indoorYT_still_0001.mp4;False;0.916667;0.842105;0.8
DIGITAL_CAMERA_ORIGINAL;digital_camera_youtube;D34_V_indoorYT_still_0002.mp4;False;0.916667;0.842105;0.8
DIGITAL_CAMERA_ORIGINAL;digital_camera_original;D34_V_outdoor_move_0002.mov;True;1.0;1.0;1.0
DIGITAL_CAMERA_ORIGINAL;digital_camera_original;D34_V_outdoor_move_0003.mov;True;1.0;1.0;1.0
DIGITAL_CAMERA_ORIGINAL;digital_camera_original;D34_V_outdoor_move_0004.mov;True;1.0;1.0;1.0
DIGITAL_CAMERA_ORIGINAL;digital_camera_original;D34_V_outdoor_panrot_0001.mov;True;1.0;1.0;1.0
DIGITAL_CAMERA_ORIGINAL;digital_camera_original;D34_V_outdoor_panrot_0002.mov;True;1.0;1.0;1.0
DIGITAL_CAMERA_ORIGINAL;digital_camera_original;D34_V_outdoor_still_0001.mov;True;1.0;1.0;1.0
DIGITAL_CAMERA_ORIGINAL;digital_camera_whatsapp;D34_V_outdoorWA_move_0002.mp4;False;0.818182;0.8;0.756757
DIGITAL_CAMERA_ORIGINAL;digital_camera_whatsapp;D34_V_outdoorWA_move_0003.mp4;False;0.818182;0.8;0.756757
DIGITAL_CAMERA_ORIGINAL;digital_camera_whatsapp;D34_V_outdoorWA_move_0004.mp4;False;0.818182;0.8;0.756757
DIGITAL_CAMERA_ORIGINAL;digital_camera_whatsapp;D34_V_outdoorWA_panrot_0001.mp4;False;0.818182;0.8;0.756757
DIGITAL_CAMERA_ORIGINAL;digital_camera_whatsapp;D34_V_outdoorWA_panrot_0002.mp4;False;0.818182;0.8;0.756757
DIGITAL_CAMERA_ORIGINAL;digital_camera_whatsapp;D34_V_outdoorWA_still_0001.mp4;False;0.818182;0.8;0.756757
DIGITAL_CAMERA_ORIGINAL;digital_camera_youtube;D34_V_outdoorYT_move_0002.mp4;False;0.916667;0.842105;0.8
DIGITAL_CAMERA_ORIGINAL;digital_camera_youtube;D34_V_outdoorYT_move_0003.mp4;False;0.916667;0.842105;0.8
DIGITAL_CAMERA_ORIGINAL;digital_camera_youtube;D34_V_outdoorYT_move_0004.mp4;False;0.916667;0.842105;0.8
DIGITAL_CAMERA_ORIGINAL;digital_camera_youtube;D34_V_outdoorYT_panrot_0001.mp4;False;0.916667;0.842105;0.8
DIGITAL_CAMERA_ORIGINAL;digital_camera_youtube;D34_V_outdoorYT_panrot_0002.mp4;False;0.916667;0.842105;0.8
DIGITAL_CAMERA_ORIGINAL;digital_camera_original;D35_V_flat_move_0002.mp4;True;1.0;1.0;1.0
DIGITAL_CAMERA_ORIGINAL;digital_camera_original;D35_V_flat_panrot_0001.mp4;True;1.0;1.0;1.0
DIGITAL_CAMERA_ORIGINAL;digital_camera_original;D35_V_flat_still_0001.mp4;True;1.0;1.0;1.0
DIGITAL_CAMERA_ORIGINAL;digital_camera_whatsapp;D35_V_flatWA_move_0002.mp4;False;0.818182;0.8;0.756757
DIGITAL_CAMERA_ORIGINAL;digital_camera_whatsapp;D35_V_flatWA_panrot_0001.mp4;False;0.818182;0.8;0.756757
DIGITAL_CAMERA_ORIGINAL;digital_camera_whatsapp;D35_V_flatWA_still_0001.mp4;False;0.818182;0.8;0.756757
DIGITAL_CAMERA_ORIGINAL;digital_camera_youtube;D35_V_flatYT_move_0002.mp4;False;0.916667;0.842105;0.8
DIGITAL_CAMERA_ORIGINAL;digital_camera_youtube;D35_V_flatYT_panrot_0001.mp4;False;0.916667;0.842105;0.8
DIGITAL_CAMERA_ORIGINAL;digital_camera_youtube;D35_V_flatYT_still_0001.mp4;False;0.916667;0.842105;0.8
DIGITAL_CAMERA_ORIGINAL;digital_camera_original;D35_V_indoor_move_0002.mp4;True;1.0;1.0;1.0
DIGITAL_CAMERA_ORIGINAL;digital_camera_original;D35_V_indoor_panrot_0001.mp4;True;1.0;1.0;1.0
DIGITAL_CAMERA_ORIGINAL;digital_camera_original;D35_V_indoor_panrot_0002.mp4;True;1.0;1.0;1.0
DIGITAL_CAMERA_ORIGINAL;digital_camera_original;D35_V_indoor_still_0001.mp4;True;1.0;1.0;1.0
DIGITAL_CAMERA_ORIGINAL;digital_camera_original;D35_V_indoor_still_0002.mp4;True;1.0;1.0;1.0
DIGITAL_CAMERA_ORIGINAL;digital_camera_whatsapp;D35_V_indoorWA_move_0002.mp4;False;0.818182;0.8;0.756757
DIGITAL_CAMERA_ORIGINAL;digital_camera_whatsapp;D35_V_indoorWA_panrot_0001.mp4;False;0.818182;0.8;0.756757
DIGITAL_CAMERA_ORIGINAL;digital_camera_whatsapp;D35_V_indoorWA_panrot_0002.mp4;False;0.818182;0.8;0.756757
DIGITAL_CAMERA_ORIGINAL;digital_camera_whatsapp;D35_V_indoorWA_still_0001.mp4;False;0.818182;0.8;0.756757
DIGITAL_CAMERA_ORIGINAL;digital_camera_whatsapp;D35_V_indoorWA_still_0002.mp4;False;0.818182;0.8;0.756757
DIGITAL_CAMERA_ORIGINAL;digital_camera_youtube;D35_V_indoorYT_move_0002.mp4;False;0.916667;0.842105;0.8
DIGITAL_CAMERA_ORIGINAL;digital_camera_youtube;D35_V_indoorYT_panrot_0001.mp4;False;0.916667;0.842105;0.8
DIGITAL_CAMERA_ORIGINAL;digital_camera_youtube;D35_V_indoorYT_panrot_0002.mp4;False;0.916667;0.842105;0.8
DIGITAL_CAMERA_ORIGINAL;digital_camera_youtube;D35_V_indoorYT_still_0001.mp4;False;0.916667;0.842105;0.8
DIGITAL_CAMERA_ORIGINAL;digital_camera_youtube;D35_V_indoorYT_still_0002.mp4;False;0.916667;0.842105;0.8
DIGITAL_CAMERA_ORIGINAL;digital_camera_original;D35_V_outdoor_move_0002.mp4;True;1.0;1.0;1.0
DIGITAL_CAMERA_ORIGINAL;digital_camera_original;D35_V_outdoor_panrot_0001.mp4;True;1.0;1.0;1.0
DIGITAL_CAMERA_ORIGINAL;digital_camera_original;D35_V_outdoor_panrot_0002.mp4;True;1.0;1.0;1.0
DIGITAL_CAMERA_ORIGINAL;digital_camera_original;D35_V_outdoor_still_0001.mp4;True;1.0;1.0;1.0
DIGITAL_CAMERA_ORIGINAL;digital_camera_original;D35_V_outdoor_still_0002.mp4;True;1.0;1.0;1.0
DIGITAL_CAMERA_ORIGINAL;digital_camera_whatsapp;D35_V_outdoorWA_move_0002.mp4;False;0.818182;0.8;0.756757
DIGITAL_CAMERA_ORIGINAL;digital_camera_whatsapp;D35_V_outdoorWA_panrot_0001.mp4;False;0.818182;0.8;0.756757
DIGITAL_CAMERA_ORIGINAL;digital_camera_whatsapp;D35_V_outdoorWA_panrot_0002.mp4;False;0.818182;0.8;0.756757
DIGITAL_CAMERA_ORIGINAL;digital_camera_whatsapp;D35_V_outdoorWA_still_0001.mp4;False;0.818182;0.8;0.756757
DIGITAL_CAMERA_ORIGINAL;digital_camera_whatsapp;D35_V_outdoorWA_still_0002.mp4;False;0.818182;0.8;0.756757
DIGITAL_CAMERA_ORIGINAL;digital_camera_youtube;D35_V_outdoorYT_move_0002.mp4;False;0.916667;0.842105;0.8
DIGITAL_CAMERA_ORIGINAL;digital_camera_youtube;D35_V_outdoorYT_panrot_0001.mp4;False;0.916667;0.842105;0.8
DIGITAL_CAMERA_ORIGINAL;digital_camera_youtube;D35_V_outdoorYT_panrot_0002.mp4;False;0.916667;0.842105;0.8
DIGITAL_CAMERA_ORIGINAL;digital_camera_youtube;D35_V_outdoorYT_still_0001.mp4;False;0.916667;0.842105;0.8
DIGITAL_CAMERA_ORIGINAL;digital_camera_youtube;D35_V_outdoorYT_still_0002.mp4;False;0.916667;0.842105;0.8
DIGITAL_CAMERA_ORIGINAL;digital_camera_facebook;D01_V_indoor_move_0002.mp4;False;0.972222;0.868421;0.825
DIGITAL_CAMERA_ORIGINAL;digital_camera_facebook;D01_V_outdoor_move_0002.mp4;False;0.972222;0.868421;0.825
DIGITAL_CAMERA_ORIGINAL;digital_camera_facebook;D03_V_indoor_move_0002.mp4;False;0.971429;0.864865;0.820513
DIGITAL_CAMERA_ORIGINAL;digital_camera_facebook;D03_V_outdoor_move_0002.mp4;False;0.971429;0.864865;0.820513
DIGITAL_CAMERA_ORIGINAL;digital_camera_facebook;D04_V_indoor_move_0002.mp4;False;0.971429;0.864865;0.820513
DIGITAL_CAMERA_ORIGINAL;digital_camera_facebook;D04_V_outdoor_move_0002.mp4;False;0.971429;0.864865;0.820513
DIGITAL_CAMERA_ORIGINAL;digital_camera_facebook;D05_V_indoor_move_0002.mp4;False;0.971429;0.864865;0.820513
DIGITAL_CAMERA_ORIGINAL;digital_camera_facebook;D05_V_outdoor_move_0002.mp4;False;0.971429;0.864865;0.820513
DIGITAL_CAMERA_ORIGINAL;digital_camera_facebook;D06_V_indoor_move_0002.mp4;False;0.971429;0.864865;0.820513
DIGITAL_CAMERA_ORIGINAL;digital_camera_facebook;D06_V_outdoor_move_0002.mp4;False;0.971429;0.864865;0.820513
DIGITAL_CAMERA_ORIGINAL;digital_camera_facebook;D07_V_indoor_move_0002.mp4;False;0.971429;0.864865;0.820513
DIGITAL_CAMERA_ORIGINAL;digital_camera_facebook;D07_V_outdoor_move_0002.mp4;False;0.971429;0.864865;0.820513
DIGITAL_CAMERA_ORIGINAL;digital_camera_facebook;D08_V_indoor_move_0002.mp4;False;0.971429;0.864865;0.820513
DIGITAL_CAMERA_ORIGINAL;digital_camera_facebook;D08_V_outdoor_move_0002.mp4;False;0.971429;0.864865;0.820513
DIGITAL_CAMERA_ORIGINAL;digital_camera_facebook;D09_V_indoor_move_0002.mp4;False;0.971429;0.864865;0.820513
DIGITAL_CAMERA_ORIGINAL;digital_camera_facebook;D09_V_outdoor_move_0002.mp4;False;0.971429;0.864865;0.820513
DIGITAL_CAMERA_ORIGINAL;digital_camera_facebook;D10_V_indoor_move_0002.mp4;False;0.971429;0.864865;0.820513
DIGITAL_CAMERA_ORIGINAL;digital_camera_facebook;D11_V_indoor_move_0002.mp4;False;0.971429;0.864865;0.820513
DIGITAL_CAMERA_ORIGINAL;digital_camera_facebook;D11_V_outdoor_move_0002.mp4;False;0.971429;0.864865;0.820513
DIGITAL_CAMERA_ORIGINAL;digital_camera_facebook;D12_V_indoor_move_0002.mp4;False;0.964286;0.814815;0.730769
DIGITAL_CAMERA_ORIGINAL;digital_camera_facebook;D12_V_outdoor_move_0002.mp4;False;0.964286;0.814815;0.730769
DIGITAL_CAMERA_ORIGINAL;digital_camera_facebook;D13_V_indoor_move_0002.mp4;False;0.971429;0.864865;0.820513
DIGITAL_CAMERA_ORIGINAL;digital_camera_facebook;D13_V_outdoor_move_0002.mp4;False;0.971429;0.864865;0.820513
DIGITAL_CAMERA_ORIGINAL;digital_camera_facebook;D14_V_indoor_move_0002.mp4;False;0.971429;0.864865;0.820513
DIGITAL_CAMERA_ORIGINAL;digital_camera_facebook;D14_V_outdoor_move_0002.mp4;False;0.971429;0.864865;0.820513
DIGITAL_CAMERA_ORIGINAL;digital_camera_facebook;D15_V_indoor_move_0002.mp4;False;0.971429;0.864865;0.820513
DIGITAL_CAMERA_ORIGINAL;digital_camera_facebook;D15_V_outdoor_move_0002.mp4;False;0.971429;0.864865;0.820513
DIGITAL_CAMERA_ORIGINAL;digital_camera_facebook;D16_V_indoor_move_0002.mp4;False;0.971429;0.864865;0.820513
DIGITAL_CAMERA_ORIGINAL;digital_camera_facebook;D16_V_outdoor_move_0002.mp4;False;0.971429;0.864865;0.820513
DIGITAL_CAMERA_ORIGINAL;digital_camera_facebook;D19_V_indoor_move_0002.mp4;False;0.971429;0.864865;0.820513
DIGITAL_CAMERA_ORIGINAL;digital_camera_facebook;D19_V_outdoor_move_0002.mp4;False;0.971429;0.864865;0.820513
DIGITAL_CAMERA_ORIGINAL;digital_camera_facebook;D20_V_indoor_move_0002.mp4;False;0.971429;0.864865;0.820513
DIGITAL_CAMERA_ORIGINAL;digital_camera_facebook;D20_V_outdoor_move_0002.mp4;False;0.971429;0.864865;0.820513
DIGITAL_CAMERA_ORIGINAL;digital_camera_facebook;D22_V_indoor_move_0002.mp4;False;0.971429;0.864865;0.820513
DIGITAL_CAMERA_ORIGINAL;digital_camera_facebook;D22_V_outdoor_move_0002.mp4;False;0.971429;0.864865;0.820513
DIGITAL_CAMERA_ORIGINAL;digital_camera_facebook;D23_V_indoor_move_0002.mp4;False;0.971429;0.864865;0.820513
DIGITAL_CAMERA_ORIGINAL;digital_camera_facebook;D23_V_outdoor_move_0002.mp4;False;0.971429;0.864865;0.820513
DIGITAL_CAMERA_ORIGINAL;digital_camera_facebook;D24_V_indoor_move_0002.mp4;False;0.971429;0.864865;0.820513
DIGITAL_CAMERA_ORIGINAL;digital_camera_facebook;D24_V_outdoor_move_0002.mp4;False;0.971429;0.864865;0.820513
DIGITAL_CAMERA_ORIGINAL;digital_camera_facebook;D25_V_indoor_move_0002.mp4;False;0.971429;0.864865;0.820513
DIGITAL_CAMERA_ORIGINAL;digital_camera_facebook;D25_V_outdoor_move_0002.mp4;False;0.971429;0.864865;0.820513
DIGITAL_CAMERA_ORIGINAL;digital_camera_facebook;D26_V_indoor_move_0002.mp4;False;0.972222;0.868421;0.825
DIGITAL_CAMERA_ORIGINAL;digital_camera_facebook;D26_V_outdoor_move_0002.mp4;False;0.972222;0.868421;0.825
DIGITAL_CAMERA_ORIGINAL;digital_camera_facebook;D27_V_indoor_move_0002.mp4;False;0.971429;0.864865;0.820513
DIGITAL_CAMERA_ORIGINAL;digital_camera_facebook;D27_V_outdoor_move_0002.mp4;False;0.971429;0.864865;0.820513
DIGITAL_CAMERA_ORIGINAL;digital_camera_facebook;D28_V_indoor_move_0002.mp4;False;0.971429;0.864865;0.820513
DIGITAL_CAMERA_ORIGINAL;digital_camera_facebook;D28_V_outdoor_move_0002.mp4;False;0.971429;0.864865;0.820513
DIGITAL_CAMERA_ORIGINAL;digital_camera_facebook;D29_V_indoor_move_0002.mp4;False;0.971429;0.864865;0.820513
DIGITAL_CAMERA_ORIGINAL;digital_camera_facebook;D29_V_outdoor_move_0002.mp4;False;0.971429;0.864865;0.820513
DIGITAL_CAMERA_ORIGINAL;digital_camera_facebook;D30_V_indoor_move_0002.mp4;False;0.971429;0.864865;0.820513
DIGITAL_CAMERA_ORIGINAL;digital_camera_facebook;D30_V_outdoor_move_0002.mp4;False;0.971429;0.864865;0.820513
DIGITAL_CAMERA_ORIGINAL;digital_camera_facebook;D31_V_indoor_move_0002.mp4;False;0.971429;0.864865;0.820513
DIGITAL_CAMERA_ORIGINAL;digital_camera_facebook;D31_V_outdoor_move_0002.mp4;False;0.971429;0.864865;0.820513
DIGITAL_CAMERA_ORIGINAL;digital_camera_facebook;D32_V_indoor_move_0002.mp4;False;0.971429;0.864865;0.820513
DIGITAL_CAMERA_ORIGINAL;digital_camera_facebook;D32_V_outdoor_move_0002.mp4;False;0.971429;0.864865;0.820513
DIGITAL_CAMERA_ORIGINAL;digital_camera_facebook;D33_V_indoor_move_0002.mp4;False;0.971429;0.864865;0.820513
DIGITAL_CAMERA_ORIGINAL;digital_camera_facebook;D33_V_outdoor_move_0002.mp4;False;0.971429;0.864865;0.820513
DIGITAL_CAMERA_ORIGINAL;digital_camera_facebook;D34_V_indoor_move_0002.mp4;False;0.971429;0.864865;0.820513
DIGITAL_CAMERA_ORIGINAL;digital_camera_facebook;D34_V_outdoor_move_0002.mp4;False;0.971429;0.864865;0.820513
DIGITAL_CAMERA_ORIGINAL;digital_camera_facebook;D35_V_outdoor_move_0002.mp4;False;0.971429;0.864865;0.820513
DIGITAL_CAMERA_ORIGINAL;digital_camera_facebook;D35_V_outdoor_panrot_0002.mp4;False;0.971429;0.864865;0.820513
DIGITAL_CAMERA_ORIGINAL;digital_camera_tiktok;D01_V_indoor_move_0002.mp4;False;0.868421;0.8;0.738095
DIGITAL_CAMERA_ORIGINAL;digital_camera_tiktok;D01_V_outdoor_move_0002.mp4;False;0.868421;0.8;0.738095
DIGITAL_CAMERA_ORIGINAL;digital_camera_tiktok;D03_V_indoor_move_0002.mp4;False;0.868421;0.8;0.738095
DIGITAL_CAMERA_ORIGINAL;digital_camera_tiktok;D03_V_outdoor_move_0002.mp4;False;0.868421;0.8;0.738095
DIGITAL_CAMERA_ORIGINAL;digital_camera_tiktok;D04_V_indoor_move_0002.mp4;False;0.868421;0.8;0.738095
DIGITAL_CAMERA_ORIGINAL;digital_camera_tiktok;D04_V_outdoor_move_0002.mp4;False;0.868421;0.8;0.738095
DIGITAL_CAMERA_ORIGINAL;digital_camera_tiktok;D05_V_indoor_move_0002.mp4;False;0.868421;0.8;0.738095
DIGITAL_CAMERA_ORIGINAL;digital_camera_tiktok;D05_V_outdoor_move_0002.mp4;False;0.868421;0.8;0.738095
DIGITAL_CAMERA_ORIGINAL;digital_camera_tiktok;D06_V_indoor_move_0002.mp4;False;0.868421;0.8;0.738095
DIGITAL_CAMERA_ORIGINAL;digital_camera_tiktok;D06_V_outdoor_move_0002.mp4;False;0.868421;0.8;0.738095
DIGITAL_CAMERA_ORIGINAL;digital_camera_tiktok;D07_V_indoor_move_0002.mp4;False;0.868421;0.8;0.738095
DIGITAL_CAMERA_ORIGINAL;digital_camera_tiktok;D07_V_outdoor_move_0002.mp4;False;0.868421;0.8;0.738095
DIGITAL_CAMERA_ORIGINAL;digital_camera_tiktok;D08_V_indoor_move_0002.mp4;False;0.868421;0.8;0.738095
DIGITAL_CAMERA_ORIGINAL;digital_camera_tiktok;D08_V_outdoor_move_0002.mp4;False;0.868421;0.8;0.738095
DIGITAL_CAMERA_ORIGINAL;digital_camera_tiktok;D09_V_indoor_move_0002.mp4;False;0.868421;0.8;0.738095
DIGITAL_CAMERA_ORIGINAL;digital_camera_tiktok;D09_V_outdoor_move_0002.mp4;False;0.868421;0.8;0.738095
DIGITAL_CAMERA_ORIGINAL;digital_camera_tiktok;D10_V_indoor_move_0002.mp4;False;0.868421;0.8;0.738095
DIGITAL_CAMERA_ORIGINAL;digital_camera_tiktok;D11_V_indoor_move_0002.mp4;False;0.868421;0.8;0.738095
DIGITAL_CAMERA_ORIGINAL;digital_camera_tiktok;D11_V_outdoor_move_0002.mp4;False;0.868421;0.8;0.738095
DIGITAL_CAMERA_ORIGINAL;digital_camera_tiktok;D12_V_indoor_move_0002.mp4;False;0.868421;0.8;0.738095
DIGITAL_CAMERA_ORIGINAL;digital_camera_tiktok;D12_V_outdoor_move_0002.mp4;False;0.868421;0.8;0.738095
DIGITAL_CAMERA_ORIGINAL;digital_camera_tiktok;D13_V_indoor_move_0002.mp4;False;0.868421;0.8;0.738095
DIGITAL_CAMERA_ORIGINAL;digital_camera_tiktok;D13_V_outdoor_move_0002.mp4;False;0.868421;0.8;0.738095
DIGITAL_CAMERA_ORIGINAL;digital_camera_tiktok;D14_V_indoor_move_0002.mp4;False;0.868421;0.8;0.738095
DIGITAL_CAMERA_ORIGINAL;digital_camera_tiktok;D14_V_outdoor_move_0002.mp4;False;0.868421;0.8;0.738095
DIGITAL_CAMERA_ORIGINAL;digital_camera_tiktok;D15_V_indoor_move_0002.mp4;False;0.868421;0.8;0.738095
DIGITAL_CAMERA_ORIGINAL;digital_camera_tiktok;D15_V_outdoor_move_0002.mp4;False;0.868421;0.8;0.738095
DIGITAL_CAMERA_ORIGINAL;digital_camera_tiktok;D16_V_indoor_move_0002.mp4;False;0.868421;0.8;0.738095
DIGITAL_CAMERA_ORIGINAL;digital_camera_tiktok;D16_V_outdoor_move_0002.mp4;False;0.868421;0.8;0.738095
DIGITAL_CAMERA_ORIGINAL;digital_camera_tiktok;D19_V_indoor_move_0002.mp4;False;0.868421;0.8;0.738095
DIGITAL_CAMERA_ORIGINAL;digital_camera_tiktok;D19_V_outdoor_move_0002.mp4;False;0.868421;0.8;0.738095
DIGITAL_CAMERA_ORIGINAL;digital_camera_tiktok;D20_V_indoor_move_0002.mp4;False;0.868421;0.8;0.738095
DIGITAL_CAMERA_ORIGINAL;digital_camera_tiktok;D20_V_outdoor_move_0002.mp4;False;0.868421;0.8;0.738095
DIGITAL_CAMERA_ORIGINAL;digital_camera_tiktok;D22_V_indoor_move_0002.mp4;False;0.868421;0.8;0.738095
DIGITAL_CAMERA_ORIGINAL;digital_camera_tiktok;D22_V_outdoor_move_0002.mp4;False;0.868421;0.8;0.738095
DIGITAL_CAMERA_ORIGINAL;digital_camera_tiktok;D23_V_indoor_move_0002.mp4;False;0.868421;0.8;0.738095
DIGITAL_CAMERA_ORIGINAL;digital_camera_tiktok;D23_V_outdoor_move_0002.mp4;False;0.868421;0.8;0.738095
DIGITAL_CAMERA_ORIGINAL;digital_camera_tiktok;D24_V_indoor_move_0002.mp4;False;0.868421;0.8;0.738095
DIGITAL_CAMERA_ORIGINAL;digital_camera_tiktok;D24_V_outdoor_move_0002.mp4;False;0.868421;0.8;0.738095
DIGITAL_CAMERA_ORIGINAL;digital_camera_tiktok;D25_V_indoor_move_0002.mp4;False;0.868421;0.8;0.738095
DIGITAL_CAMERA_ORIGINAL;digital_camera_tiktok;D25_V_outdoor_move_0002.mp4;False;0.868421;0.8;0.738095
DIGITAL_CAMERA_ORIGINAL;digital_camera_tiktok;D26_V_indoor_move_0002.mp4;False;0.868421;0.8;0.738095
DIGITAL_CAMERA_ORIGINAL;digital_camera_tiktok;D26_V_outdoor_move_0002.mp4;False;0.868421;0.8;0.738095
DIGITAL_CAMERA_ORIGINAL;digital_camera_tiktok;D27_V_indoor_move_0002.mp4;False;0.868421;0.8;0.738095
DIGITAL_CAMERA_ORIGINAL;digital_camera_tiktok;D27_V_outdoor_move_0002.mp4;False;0.868421;0.8;0.738095
DIGITAL_CAMERA_ORIGINAL;digital_camera_tiktok;D28_V_indoor_move_0002.mp4;False;0.868421;0.8;0.738095
DIGITAL_CAMERA_ORIGINAL;digital_camera_tiktok;D28_V_outdoor_move_0002.mp4;False;0.868421;0.8;0.738095
DIGITAL_CAMERA_ORIGINAL;digital_camera_tiktok;D29_V_indoor_move_0002.mp4;False;0.868421;0.8;0.738095
DIGITAL_CAMERA_ORIGINAL;digital_camera_tiktok;D29_V_outdoor_move_0002.mp4;False;0.868421;0.8;0.738095
DIGITAL_CAMERA_ORIGINAL;digital_camera_tiktok;D30_V_indoor_move_0002.mp4;False;0.868421;0.8;0.738095
DIGITAL_CAMERA_ORIGINAL;digital_camera_tiktok;D30_V_outdoor_move_0002.mp4;False;0.868421;0.8;0.738095
DIGITAL_CAMERA_ORIGINAL;digital_camera_tiktok;D31_V_indoor_move_0002.mp4;False;0.868421;0.8;0.738095
DIGITAL_CAMERA_ORIGINAL;digital_camera_tiktok;D31_V_outdoor_move_0002.mp4;False;0.868421;0.8;0.738095
DIGITAL_CAMERA_ORIGINAL;digital_camera_tiktok;D32_V_indoor_move_0002.mp4;False;0.868421;0.8;0.738095
DIGITAL_CAMERA_ORIGINAL;digital_camera_tiktok;D32_V_outdoor_move_0002.mp4;False;0.868421;0.8;0.738095
DIGITAL_CAMERA_ORIGINAL;digital_camera_tiktok;D33_V_indoor_move_0002.mp4;False;0.868421;0.8;0.738095
DIGITAL_CAMERA_ORIGINAL;digital_camera_tiktok;D33_V_outdoor_move_0002.mp4;False;0.868421;0.8;0.738095
DIGITAL_CAMERA_ORIGINAL;digital_camera_tiktok;D34_V_indoor_move_0002.mp4;False;0.868421;0.8;0.738095
DIGITAL_CAMERA_ORIGINAL;digital_camera_tiktok;D34_V_outdoor_move_0002.mp4;False;0.868421;0.8;0.738095
DIGITAL_CAMERA_ORIGINAL;digital_camera_tiktok;D35_V_outdoor_move_0002.mp4;False;0.868421;0.8;0.738095
DIGITAL_CAMERA_ORIGINAL;digital_camera_tiktok;D35_V_outdoor_panrot_0002.mp4;False;0.868421;0.8;0.738095
DIGITAL_CAMERA_ORIGINAL;digital_camera_weibo;D01_V_indoor_move_0002.mp4;False;0.871795;0.780488;0.744186
DIGITAL_CAMERA_ORIGINAL;digital_camera_weibo;D01_V_outdoor_move_0002.mp4;False;0.871795;0.780488;0.744186
DIGITAL_CAMERA_ORIGINAL;digital_camera_weibo;D03_V_indoor_move_0002.mp4;False;0.871795;0.780488;0.744186
DIGITAL_CAMERA_ORIGINAL;digital_camera_weibo;D03_V_outdoor_move_0002.mp4;False;0.871795;0.780488;0.744186
DIGITAL_CAMERA_ORIGINAL;digital_camera_weibo;D04_V_indoor_move_0002.mp4;False;0.871795;0.780488;0.744186
DIGITAL_CAMERA_ORIGINAL;digital_camera_weibo;D04_V_outdoor_move_0002.mp4;False;0.871795;0.780488;0.744186
DIGITAL_CAMERA_ORIGINAL;digital_camera_weibo;D05_V_indoor_move_0002.mp4;False;0.868421;0.775;0.738095
DIGITAL_CAMERA_ORIGINAL;digital_camera_weibo;D05_V_outdoor_move_0002.mp4;False;0.868421;0.775;0.738095
DIGITAL_CAMERA_ORIGINAL;digital_camera_weibo;D06_V_indoor_move_0002.mp4;False;0.868421;0.775;0.738095
DIGITAL_CAMERA_ORIGINAL;digital_camera_weibo;D06_V_outdoor_move_0002.mp4;False;0.868421;0.775;0.738095
DIGITAL_CAMERA_ORIGINAL;digital_camera_weibo;D07_V_indoor_move_0002.mp4;False;0.871795;0.780488;0.744186
DIGITAL_CAMERA_ORIGINAL;digital_camera_weibo;D07_V_outdoor_move_0002.mp4;False;0.871795;0.780488;0.744186
DIGITAL_CAMERA_ORIGINAL;digital_camera_weibo;D08_V_indoor_move_0002.mp4;False;0.868421;0.775;0.738095
DIGITAL_CAMERA_ORIGINAL;digital_camera_weibo;D08_V_outdoor_move_0002.mp4;False;0.868421;0.775;0.738095
DIGITAL_CAMERA_ORIGINAL;digital_camera_weibo;D09_V_indoor_move_0002.mp4;False;0.868421;0.775;0.738095
DIGITAL_CAMERA_ORIGINAL;digital_camera_weibo;D09_V_outdoor_move_0002.mp4;False;0.868421;0.775;0.738095
DIGITAL_CAMERA_ORIGINAL;digital_camera_weibo;D10_V_indoor_move_0002.mp4;False;0.868421;0.775;0.738095
DIGITAL_CAMERA_ORIGINAL;digital_camera_weibo;D11_V_indoor_move_0002.mp4;False;0.871795;0.780488;0.744186
DIGITAL_CAMERA_ORIGINAL;digital_camera_weibo;D11_V_outdoor_move_0002.mp4;False;0.871795;0.780488;0.744186
DIGITAL_CAMERA_ORIGINAL;digital_camera_weibo;D12_V_indoor_move_0002.mp4;False;0.9;0.793103;0.714286
DIGITAL_CAMERA_ORIGINAL;digital_camera_weibo;D12_V_outdoor_move_0002.mp4;False;0.9;0.793103;0.714286
DIGITAL_CAMERA_ORIGINAL;digital_camera_weibo;D13_V_indoor_move_0002.mp4;False;0.868421;0.775;0.738095
DIGITAL_CAMERA_ORIGINAL;digital_camera_weibo;D13_V_outdoor_move_0002.mp4;False;0.868421;0.775;0.738095
DIGITAL_CAMERA_ORIGINAL;digital_camera_weibo;D14_V_indoor_move_0002.mp4;False;0.868421;0.775;0.738095
DIGITAL_CAMERA_ORIGINAL;digital_camera_weibo;D14_V_outdoor_move_0002.mp4;False;0.868421;0.775;0.738095
DIGITAL_CAMERA_ORIGINAL;digital_camera_weibo;D15_V_indoor_move_0002.mp4;False;0.868421;0.775;0.738095
DIGITAL_CAMERA_ORIGINAL;digital_camera_weibo;D15_V_outdoor_move_0002.mp4;False;0.868421;0.775;0.738095
DIGITAL_CAMERA_ORIGINAL;digital_camera_weibo;D16_V_indoor_move_0002.mp4;False;0.871795;0.780488;0.744186
DIGITAL_CAMERA_ORIGINAL;digital_camera_weibo;D16_V_outdoor_move_0002.mp4;False;0.871795;0.780488;0.744186
DIGITAL_CAMERA_ORIGINAL;digital_camera_weibo;D19_V_indoor_move_0002.mp4;False;0.868421;0.775;0.738095
DIGITAL_CAMERA_ORIGINAL;digital_camera_weibo;D19_V_outdoor_move_0002.mp4;False;0.868421;0.775;0.738095
DIGITAL_CAMERA_ORIGINAL;digital_camera_weibo;D20_V_indoor_move_0002.mp4;False;0.868421;0.775;0.738095
DIGITAL_CAMERA_ORIGINAL;digital_camera_weibo;D20_V_outdoor_move_0002.mp4;False;0.868421;0.775;0.738095
DIGITAL_CAMERA_ORIGINAL;digital_camera_weibo;D22_V_indoor_move_0002.mp4;False;0.868421;0.775;0.738095
DIGITAL_CAMERA_ORIGINAL;digital_camera_weibo;D22_V_outdoor_move_0002.mp4;False;0.868421;0.775;0.738095
DIGITAL_CAMERA_ORIGINAL;digital_camera_weibo;D23_V_indoor_move_0002.mp4;False;0.871795;0.780488;0.744186
DIGITAL_CAMERA_ORIGINAL;digital_camera_weibo;D23_V_outdoor_move_0002.mp4;False;0.871795;0.780488;0.744186
DIGITAL_CAMERA_ORIGINAL;digital_camera_weibo;D24_V_indoor_move_0002.mp4;False;0.871795;0.780488;0.744186
DIGITAL_CAMERA_ORIGINAL;digital_camera_weibo;D24_V_outdoor_move_0002.mp4;False;0.871795;0.780488;0.744186
DIGITAL_CAMERA_ORIGINAL;digital_camera_weibo;D25_V_indoor_move_0002.mp4;False;0.871795;0.780488;0.744186
DIGITAL_CAMERA_ORIGINAL;digital_camera_weibo;D25_V_outdoor_move_0002.mp4;False;0.871795;0.780488;0.744186
DIGITAL_CAMERA_ORIGINAL;digital_camera_weibo;D26_V_indoor_move_0002.mp4;False;0.871795;0.780488;0.744186
DIGITAL_CAMERA_ORIGINAL;digital_camera_weibo;D26_V_outdoor_move_0002.mp4;False;0.871795;0.780488;0.744186
DIGITAL_CAMERA_ORIGINAL;digital_camera_weibo;D27_V_indoor_move_0002.mp4;False;0.868421;0.775;0.738095
DIGITAL_CAMERA_ORIGINAL;digital_camera_weibo;D27_V_outdoor_move_0002.mp4;False;0.868421;0.775;0.738095
DIGITAL_CAMERA_ORIGINAL;digital_camera_weibo;D28_V_indoor_move_0002.mp4;False;0.871795;0.780488;0.744186
DIGITAL_CAMERA_ORIGINAL;digital_camera_weibo;D28_V_outdoor_move_0002.mp4;False;0.871795;0.780488;0.744186
DIGITAL_CAMERA_ORIGINAL;digital_camera_weibo;D29_V_indoor_move_0002.mp4;False;0.868421;0.775;0.738095
DIGITAL_CAMERA_ORIGINAL;digital_camera_weibo;D29_V_outdoor_move_0002.mp4;False;0.868421;0.775;0.738095
DIGITAL_CAMERA_ORIGINAL;digital_camera_weibo;D30_V_indoor_move_0002.mp4;False;0.871795;0.780488;0.744186
DIGITAL_CAMERA_ORIGINAL;digital_camera_weibo;D30_V_outdoor_move_0002.mp4;False;0.871795;0.780488;0.744186
DIGITAL_CAMERA_ORIGINAL;digital_camera_weibo;D31_V_indoor_move_0002.mp4;False;0.868421;0.775;0.738095
DIGITAL_CAMERA_ORIGINAL;digital_camera_weibo;D31_V_outdoor_move_0002.mp4;False;0.868421;0.775;0.738095
DIGITAL_CAMERA_ORIGINAL;digital_camera_weibo;D32_V_indoor_move_0002.mp4;False;0.871795;0.780488;0.744186
DIGITAL_CAMERA_ORIGINAL;digital_camera_weibo;D32_V_outdoor_move_0002.mp4;False;0.871795;0.780488;0.744186
DIGITAL_CAMERA_ORIGINAL;digital_camera_weibo;D33_V_indoor_move_0002.mp4;False;0.871795;0.780488;0.744186
DIGITAL_CAMERA_ORIGINAL;digital_camera_weibo;D33_V_outdoor_move_0002.mp4;False;0.871795;0.780488;0.744186
DIGITAL_CAMERA_ORIGINAL;digital_camera_weibo;D34_V_indoor_move_0002.mp4;False;0.868421;0.775;0.738095
DIGITAL_CAMERA_ORIGINAL;digital_camera_weibo;D34_V_outdoor_move_0002.mp4;False;0.868421;0.775;0.738095
DIGITAL_CAMERA_ORIGINAL;digital_camera_weibo;D35_V_outdoor_move_0002.mp4;False;0.868421;0.775;0.738095
DIGITAL_CAMERA_ORIGINAL;digital_camera_weibo;D35_V_outdoor_panrot_0002.mp4;False;0.868421;0.775;0.738095
DIGITAL_CAMERA_ORIGINAL;digital_camera_youtube;D01_V_indoor_move_0002.mp4;False;0.735294;0.611111;0.513514
DIGITAL_CAMERA_ORIGINAL;digital_camera_youtube;D01_V_outdoor_move_0002.mp4;False;0.735294;0.611111;0.513514
DIGITAL_CAMERA_ORIGINAL;digital_camera_youtube;D03_V_indoor_move_0002.mp4;False;0.735294;0.611111;0.513514
DIGITAL_CAMERA_ORIGINAL;digital_camera_youtube;D03_V_outdoor_move_0002.mp4;False;0.735294;0.611111;0.513514
DIGITAL_CAMERA_ORIGINAL;digital_camera_youtube;D04_V_indoor_move_0002.mp4;False;0.730769;0.592593;0.5
DIGITAL_CAMERA_ORIGINAL;digital_camera_youtube;D04_V_outdoor_move_0002.mp4;False;0.730769;0.592593;0.5
DIGITAL_CAMERA_ORIGINAL;digital_camera_youtube;D05_V_indoor_move_0002.mp4;False;0.735294;0.611111;0.513514
DIGITAL_CAMERA_ORIGINAL;digital_camera_youtube;D05_V_outdoor_move_0002.mp4;False;0.735294;0.611111;0.513514
DIGITAL_CAMERA_ORIGINAL;digital_camera_youtube;D06_V_indoor_move_0002.mp4;False;0.735294;0.611111;0.513514
DIGITAL_CAMERA_ORIGINAL;digital_camera_youtube;D06_V_outdoor_move_0002.mp4;False;0.735294;0.611111;0.513514
DIGITAL_CAMERA_ORIGINAL;digital_camera_youtube;D07_V_indoor_move_0002.mp4;False;0.735294;0.611111;0.513514
DIGITAL_CAMERA_ORIGINAL;digital_camera_youtube;D07_V_outdoor_move_0002.mp4;False;0.735294;0.611111;0.513514
DIGITAL_CAMERA_ORIGINAL;digital_camera_youtube;D08_V_indoor_move_0002.mp4;False;0.735294;0.611111;0.513514
DIGITAL_CAMERA_ORIGINAL;digital_camera_youtube;D08_V_outdoor_move_0002.mp4;False;0.735294;0.611111;0.513514
DIGITAL_CAMERA_ORIGINAL;digital_camera_youtube;D09_V_indoor_move_0002.mp4;False;0.735294;0.611111;0.513514
DIGITAL_CAMERA_ORIGINAL;digital_camera_youtube;D09_V_outdoor_move_0002.mp4;False;0.735294;0.611111;0.513514
DIGITAL_CAMERA_ORIGINAL;digital_camera_youtube;D10_V_indoor_move_0002.mp4;False;0.735294;0.611111;0.513514
DIGITAL_CAMERA_ORIGINAL;digital_camera_youtube;D11_V_indoor_move_0002.mp4;False;0.735294;0.611111;0.513514
DIGITAL_CAMERA_ORIGINAL;digital_camera_youtube;D11_V_outdoor_move_0002.mp4;False;0.735294;0.611111;0.513514
DIGITAL_CAMERA_ORIGINAL;digital_camera_youtube;D12_V_indoor_move_0002.mp4;False;0.735294;0.611111;0.513514
DIGITAL_CAMERA_ORIGINAL;digital_camera_youtube;D12_V_outdoor_move_0002.mp4;False;0.735294;0.611111;0.513514
DIGITAL_CAMERA_ORIGINAL;digital_camera_youtube;D13_V_indoor_move_0002.mp4;False;0.735294;0.611111;0.513514
DIGITAL_CAMERA_ORIGINAL;digital_camera_youtube;D13_V_outdoor_move_0002.mp4;False;0.735294;0.611111;0.513514
DIGITAL_CAMERA_ORIGINAL;digital_camera_youtube;D14_V_indoor_move_0002.mp4;False;0.735294;0.611111;0.513514
DIGITAL_CAMERA_ORIGINAL;digital_camera_youtube;D14_V_outdoor_move_0002.mp4;False;0.735294;0.611111;0.513514
DIGITAL_CAMERA_ORIGINAL;digital_camera_youtube;D15_V_indoor_move_0002.mp4;False;0.735294;0.611111;0.513514
DIGITAL_CAMERA_ORIGINAL;digital_camera_youtube;D15_V_outdoor_move_0002.mp4;False;0.735294;0.611111;0.513514
DIGITAL_CAMERA_ORIGINAL;digital_camera_youtube;D16_V_indoor_move_0002.mp4;False;0.735294;0.611111;0.513514
DIGITAL_CAMERA_ORIGINAL;digital_camera_youtube;D16_V_outdoor_move_0002.mp4;False;0.735294;0.611111;0.513514
DIGITAL_CAMERA_ORIGINAL;digital_camera_youtube;D19_V_indoor_move_0002.mp4;False;0.735294;0.611111;0.513514
DIGITAL_CAMERA_ORIGINAL;digital_camera_youtube;D19_V_outdoor_move_0002.mp4;False;0.735294;0.611111;0.513514
DIGITAL_CAMERA_ORIGINAL;digital_camera_youtube;D20_V_indoor_move_0002.mp4;False;0.735294;0.611111;0.513514
DIGITAL_CAMERA_ORIGINAL;digital_camera_youtube;D20_V_outdoor_move_0002.mp4;False;0.735294;0.611111;0.513514
DIGITAL_CAMERA_ORIGINAL;digital_camera_youtube;D22_V_indoor_move_0002.mp4;False;0.735294;0.611111;0.513514
DIGITAL_CAMERA_ORIGINAL;digital_camera_youtube;D22_V_outdoor_move_0002.mp4;False;0.735294;0.611111;0.513514
DIGITAL_CAMERA_ORIGINAL;digital_camera_youtube;D23_V_indoor_move_0002.mp4;False;0.730769;0.592593;0.5
DIGITAL_CAMERA_ORIGINAL;digital_camera_youtube;D23_V_outdoor_move_0002.mp4;False;0.730769;0.592593;0.5
DIGITAL_CAMERA_ORIGINAL;digital_camera_youtube;D24_V_indoor_move_0002.mp4;False;0.735294;0.611111;0.513514
DIGITAL_CAMERA_ORIGINAL;digital_camera_youtube;D24_V_outdoor_move_0002.mp4;False;0.735294;0.611111;0.513514
DIGITAL_CAMERA_ORIGINAL;digital_camera_youtube;D25_V_indoor_move_0002.mp4;False;0.735294;0.611111;0.513514
DIGITAL_CAMERA_ORIGINAL;digital_camera_youtube;D25_V_outdoor_move_0002.mp4;False;0.735294;0.611111;0.513514
DIGITAL_CAMERA_ORIGINAL;digital_camera_youtube;D26_V_indoor_move_0002.mp4;False;0.735294;0.611111;0.513514
DIGITAL_CAMERA_ORIGINAL;digital_camera_youtube;D26_V_outdoor_move_0002.mp4;False;0.735294;0.611111;0.513514
DIGITAL_CAMERA_ORIGINAL;digital_camera_youtube;D27_V_indoor_move_0002.mp4;False;0.735294;0.611111;0.513514
DIGITAL_CAMERA_ORIGINAL;digital_camera_youtube;D27_V_outdoor_move_0002.mp4;False;0.735294;0.611111;0.513514
DIGITAL_CAMERA_ORIGINAL;digital_camera_youtube;D28_V_indoor_move_0002.mp4;False;0.735294;0.611111;0.513514
DIGITAL_CAMERA_ORIGINAL;digital_camera_youtube;D28_V_outdoor_move_0002.mp4;False;0.735294;0.611111;0.513514
DIGITAL_CAMERA_ORIGINAL;digital_camera_youtube;D29_V_indoor_move_0002.mp4;False;0.735294;0.611111;0.513514
DIGITAL_CAMERA_ORIGINAL;digital_camera_youtube;D29_V_outdoor_move_0002.mp4;False;0.735294;0.611111;0.513514
DIGITAL_CAMERA_ORIGINAL;digital_camera_youtube;D30_V_indoor_move_0002.mp4;False;0.735294;0.611111;0.513514
DIGITAL_CAMERA_ORIGINAL;digital_camera_youtube;D30_V_outdoor_move_0002.mp4;False;0.735294;0.611111;0.513514
DIGITAL_CAMERA_ORIGINAL;digital_camera_youtube;D31_V_indoor_move_0002.mp4;False;0.735294;0.611111;0.513514
DIGITAL_CAMERA_ORIGINAL;digital_camera_youtube;D31_V_outdoor_move_0002.mp4;False;0.735294;0.611111;0.513514
DIGITAL_CAMERA_ORIGINAL;digital_camera_youtube;D32_V_indoor_move_0002.mp4;False;0.735294;0.611111;0.513514
DIGITAL_CAMERA_ORIGINAL;digital_camera_youtube;D32_V_outdoor_move_0002.mp4;False;0.735294;0.611111;0.513514
DIGITAL_CAMERA_ORIGINAL;digital_camera_youtube;D33_V_indoor_move_0002.mp4;False;0.735294;0.611111;0.513514
DIGITAL_CAMERA_ORIGINAL;digital_camera_youtube;D33_V_outdoor_move_0002.mp4;False;0.735294;0.611111;0.513514
DIGITAL_CAMERA_ORIGINAL;digital_camera_youtube;D34_V_indoor_move_0002.mp4;False;0.735294;0.611111;0.513514
DIGITAL_CAMERA_ORIGINAL;digital_camera_youtube;D34_V_outdoor_move_0002.mp4;False;0.735294;0.611111;0.513514
DIGITAL_CAMERA_ORIGINAL;digital_camera_youtube;D35_V_outdoor_move_0002.mp4;False;0.735294;0.611111;0.513514
DIGITAL_CAMERA_ORIGINAL;digital_camera_youtube;D35_V_outdoor_panrot_0002.mp4;False;0.735294;0.611111;0.513514
