ground_truth_source;ground_truth_mp4;filename;true_positive;similarity_2;similarity_3;similarity_4
True_NATIVE;false_native;AI01_02_synth.mp4;False;0.925;0.883721;0.844444
True_NATIVE;false_native;AI01_04_df.mp4;False;0.925;0.883721;0.844444
True_NATIVE;false_native;AI02_02_synth.mp4;False;0.923077;0.880952;0.840909
True_NATIVE;false_native;AI02_04_df.mp4;False;0.925;0.883721;0.844444
True_NATIVE;false_native;AI03_02_df.mp4;False;0.974359;0.928571;0.886364
True_NATIVE;false_native;AI04_02_df.mp4;False;0.974359;0.928571;0.886364
True_NATIVE;false_native;AI04_04_df.mp4;False;0.974359;0.928571;0.886364
True_NATIVE;false_native;AI04_06_df.mp4;False;0.974359;0.928571;0.886364
True_NATIVE;false_native;AI04_08_df.mp4;False;0.974359;0.928571;0.886364
True_NATIVE;false_native;AI04_10_synth.mp4;False;0.974359;0.928571;0.886364
True_NATIVE;false_native;AI04_12_synth.mp4;False;0.974359;0.928571;0.886364
True_NATIVE;false_native;AI04_15_df.mp4;False;0.95;0.883721;0.822222
True_NATIVE;false_native;AI05_02_synth.mp4;False;1.0;0.966667;0.896552
True_NATIVE;false_native;AI06_02_synth.mp4;False;1.0;0.966667;0.896552
True_NATIVE;false_native;AI07_02_synth.mp4;False;0.925;0.883721;0.844444
True_NATIVE;false_native;AI07_04_synth.mp4;False;0.925;0.883721;0.844444
True_NATIVE;false_native;AI07_06_synth.mp4;False;0.925;0.883721;0.844444
True_NATIVE;false_native;AI07_08_synth.mp4;False;0.925;0.883721;0.844444
True_NATIVE;false_native;AI07_10_df.mp4;False;0.925;0.883721;0.844444
True_NATIVE;false_native;AI08_02_df.mp4;False;0.974359;0.928571;0.886364
True_NATIVE;false_native;AI08_04_df.mp4;False;0.974359;0.928571;0.886364
True_NATIVE;false_native;AI09_02_df.mp4;False;1.0;1.0;1.0
True_NATIVE;false_native;AI09_04_df.mp4;False;1.0;1.0;1.0
True_NATIVE;false_native;AI10_02_df.mp4;False;1.0;1.0;1.0
True_NATIVE;false_native;AI10_04_df.mp4;False;1.0;1.0;1.0
True_NATIVE;false_native;AI11_02_df.mp4;False;0.974359;0.928571;0.886364
True_NATIVE;false_native;AI11_04_df.mp4;False;0.974359;0.928571;0.886364
True_NATIVE;false_native;AI11_06_synth.mp4;False;1.0;1.0;0.964286
True_NATIVE;false_native;AI11_08_synth.mp4;False;1.0;1.0;1.0
True_NATIVE;false_native;AI11_10_df.mp4;False;1.0;1.0;0.964286
True_NATIVE;false_native;D01_V_flat_move_0002.mp4;False;0.741935;0.636364;0.571429
True_NATIVE;false_native;D01_V_flat_panrot_0001.mp4;False;0.741935;0.636364;0.571429
True_NATIVE;false_native;D01_V_flat_still_0001.mp4;False;0.741935;0.636364;0.571429
True_NATIVE;true_native;D01_V_flatWA_move_0002.mp4;True;1.0;1.0;1.0
True_NATIVE;true_native;D01_V_flatWA_panrot_0001.mp4;True;1.0;1.0;1.0
True_NATIVE;true_native;D01_V_flatWA_still_0001.mp4;True;1.0;1.0;1.0
True_NATIVE;true_native;D01_V_flatYT_move_0002.mp4;True;1.0;1.0;1.0
True_NATIVE;true_native;D01_V_flatYT_panrot_0001.mp4;True;1.0;1.0;1.0
True_NATIVE;true_native;D01_V_flatYT_still_0001.mp4;True;1.0;1.0;1.0
True_NATIVE;false_native;D01_V_indoor_move_0002.mp4;False;0.741935;0.636364;0.571429
True_NATIVE;false_native;D01_V_indoor_panrot_0001.mp4;False;0.741935;0.636364;0.571429
True_NATIVE;false_native;D01_V_indoor_panrot_0002.mp4;False;0.741935;0.636364;0.571429
True_NATIVE;false_native;D01_V_indoor_still_0001.mp4;False;0.741935;0.636364;0.571429
True_NATIVE;false_native;D01_V_indoor_still_0002.mp4;False;0.741935;0.636364;0.571429
True_NATIVE;true_native;D01_V_indoorWA_move_0002.mp4;True;1.0;1.0;1.0
True_NATIVE;true_native;D01_V_indoorWA_panrot_0001.mp4;True;1.0;1.0;1.0
True_NATIVE;true_native;D01_V_indoorWA_panrot_0002.mp4;True;1.0;1.0;1.0
True_NATIVE;true_native;D01_V_indoorWA_still_0001.mp4;True;1.0;1.0;1.0
True_NATIVE;true_native;D01_V_indoorWA_still_0002.mp4;True;1.0;1.0;1.0
True_NATIVE;true_native;D01_V_indoorYT_move_0002.mp4;True;1.0;1.0;1.0
True_NATIVE;true_native;D01_V_indoorYT_panrot_0001.mp4;True;1.0;1.0;1.0
True_NATIVE;true_native;D01_V_indoorYT_panrot_0002.mp4;True;1.0;1.0;1.0
True_NATIVE;true_native;D01_V_indoorYT_still_0001.mp4;True;1.0;1.0;1.0
True_NATIVE;true_native;D01_V_indoorYT_still_0002.mp4;True;1.0;1.0;1.0
True_NATIVE;false_native;D01_V_outdoor_move_0002.mp4;False;0.741935;0.636364;0.571429
True_NATIVE;false_native;D01_V_outdoor_move_0003.mp4;False;0.741935;0.636364;0.571429
True_NATIVE;false_native;D01_V_outdoor_move_0004.mp4;False;0.741935;0.636364;0.571429
True_NATIVE;false_native;D01_V_outdoor_panrot_0001.mp4;False;0.741935;0.636364;0.571429
True_NATIVE;false_native;D01_V_outdoor_panrot_0002.mp4;False;0.741935;0.636364;0.571429
True_NATIVE;false_native;D01_V_outdoor_panrot_0003.mp4;False;0.741935;0.636364;0.571429
True_NATIVE;false_native;D01_V_outdoor_panrot_0004.mp4;False;0.741935;0.636364;0.571429
True_NATIVE;false_native;D01_V_outdoor_still_0001.mp4;False;0.741935;0.636364;0.571429
True_NATIVE;false_native;D01_V_outdoor_still_0002.mp4;False;0.741935;0.636364;0.571429
True_NATIVE;false_native;D01_V_outdoor_still_0003.mp4;False;0.741935;0.636364;0.571429
True_NATIVE;false_native;D01_V_outdoor_still_0004.mp4;False;0.741935;0.636364;0.571429
True_NATIVE;true_native;D01_V_outdoorWA_move_0002.mp4;True;1.0;1.0;1.0
True_NATIVE;true_native;D01_V_outdoorWA_move_0003.mp4;True;1.0;1.0;1.0
True_NATIVE;true_native;D01_V_outdoorWA_move_0004.mp4;True;1.0;1.0;1.0
True_NATIVE;true_native;D01_V_outdoorWA_panrot_0001.mp4;True;1.0;1.0;1.0
True_NATIVE;true_native;D01_V_outdoorWA_panrot_0002.mp4;True;1.0;1.0;1.0
True_NATIVE;true_native;D01_V_outdoorWA_panrot_0003.mp4;True;1.0;1.0;1.0
True_NATIVE;true_native;D01_V_outdoorWA_panrot_0004.mp4;True;1.0;1.0;1.0
True_NATIVE;true_native;D01_V_outdoorWA_still_0001.mp4;True;1.0;1.0;1.0
True_NATIVE;true_native;D01_V_outdoorWA_still_0002.mp4;True;1.0;1.0;1.0
True_NATIVE;true_native;D01_V_outdoorWA_still_0003.mp4;True;1.0;1.0;1.0
True_NATIVE;true_native;D01_V_outdoorWA_still_0004.mp4;True;1.0;1.0;1.0
True_NATIVE;true_native;D01_V_outdoorYT_panrot_0002.mp4;True;1.0;1.0;1.0
True_NATIVE;true_native;D01_V_outdoorYT_panrot_0003.mp4;True;1.0;1.0;1.0
True_NATIVE;true_native;D01_V_outdoorYT_still_0001.mp4;True;1.0;1.0;1.0
True_NATIVE;true_native;D01_V_outdoorYT_still_0002.mp4;True;1.0;1.0;1.0
True_NATIVE;true_native;D01_V_outdoorYT_still_0003.mp4;True;1.0;1.0;1.0
True_NATIVE;false_native;D02_V_flat_move_0002.mov;False;0.634615;0.517857;0.423729
True_NATIVE;false_native;D02_V_flat_panrot_0001.mov;False;0.622642;0.508772;0.416667
True_NATIVE;false_native;D02_V_flat_still_0001.mov;False;0.622642;0.508772;0.416667
True_NATIVE;true_native;D02_V_flatWA_move_0002.mp4;True;1.0;1.0;1.0
True_NATIVE;true_native;D02_V_flatWA_panrot_0001.mp4;True;1.0;1.0;1.0
True_NATIVE;true_native;D02_V_flatWA_still_0001.mp4;True;1.0;1.0;1.0
True_NATIVE;true_native;D02_V_flatYT_move_0002.mp4;True;1.0;1.0;1.0
True_NATIVE;true_native;D02_V_flatYT_panrot_0001.mp4;True;1.0;1.0;1.0
True_NATIVE;true_native;D02_V_flatYT_still_0001.mp4;True;1.0;1.0;1.0
True_NATIVE;false_native;D02_V_indoor_panrot_0001.mov;False;0.622642;0.508772;0.416667
True_NATIVE;false_native;D02_V_indoor_still_0001.mov;False;0.622642;0.508772;0.416667
True_NATIVE;true_native;D02_V_indoorWA_panrot_0001.mp4;True;1.0;1.0;1.0
True_NATIVE;true_native;D02_V_indoorWA_still_0001.mp4;True;1.0;1.0;1.0
True_NATIVE;true_native;D02_V_indoorYT_panrot_0001.mp4;True;1.0;1.0;1.0
True_NATIVE;true_native;D02_V_indoorYT_still_0001.mp4;True;1.0;1.0;1.0
True_NATIVE;false_native;D02_V_outdoor_panrot_0001.mov;False;0.622642;0.508772;0.416667
True_NATIVE;false_native;D02_V_outdoor_panrot_0002.mov;False;0.622642;0.508772;0.416667
True_NATIVE;false_native;D02_V_outdoor_still_0001.mov;False;0.622642;0.508772;0.416667
True_NATIVE;false_native;D02_V_outdoor_still_0002.mov;False;0.622642;0.508772;0.416667
True_NATIVE;false_native;D02_V_outdoor_still_0003.mov;False;0.622642;0.508772;0.416667
True_NATIVE;true_native;D02_V_outdoorWA_panrot_0001.mp4;True;1.0;1.0;1.0
True_NATIVE;true_native;D02_V_outdoorWA_panrot_0002.mp4;True;1.0;1.0;1.0
True_NATIVE;true_native;D02_V_outdoorWA_still_0001.mp4;True;1.0;1.0;1.0
True_NATIVE;true_native;D02_V_outdoorWA_still_0002.mp4;True;1.0;1.0;1.0
True_NATIVE;true_native;D02_V_outdoorWA_still_0003.mp4;True;1.0;1.0;1.0
True_NATIVE;true_native;D02_V_outdoorYT_panrot_0001.mp4;True;1.0;1.0;1.0
True_NATIVE;true_native;D02_V_outdoorYT_panrot_0002.mp4;True;1.0;1.0;1.0
True_NATIVE;true_native;D02_V_outdoorYT_still_0001.mp4;True;1.0;1.0;1.0
True_NATIVE;true_native;D02_V_outdoorYT_still_0002.mp4;True;1.0;1.0;1.0
True_NATIVE;true_native;D02_V_outdoorYT_still_0003.mp4;True;1.0;1.0;1.0
True_NATIVE;false_native;D03_V_flat_move_0002.mp4;False;0.764706;0.638889;0.552632
True_NATIVE;false_native;D03_V_flat_move_0003.mp4;False;0.764706;0.638889;0.552632
True_NATIVE;false_native;D03_V_flat_panrot_0001.mp4;False;0.764706;0.638889;0.552632
True_NATIVE;false_native;D03_V_flat_panrot_0002.mp4;False;0.764706;0.638889;0.552632
True_NATIVE;false_native;D03_V_flat_still_0001.mp4;False;0.764706;0.638889;0.552632
True_NATIVE;true_native;D03_V_flatWA_move_0002.mp4;True;1.0;1.0;1.0
True_NATIVE;true_native;D03_V_flatWA_move_0003.mp4;True;1.0;1.0;1.0
True_NATIVE;true_native;D03_V_flatWA_panrot_0001.mp4;True;1.0;1.0;1.0
True_NATIVE;true_native;D03_V_flatWA_panrot_0002.mp4;True;1.0;1.0;1.0
True_NATIVE;true_native;D03_V_flatWA_still_0001.mp4;True;1.0;1.0;1.0
True_NATIVE;true_native;D03_V_flatYT_move_0002.mp4;True;1.0;1.0;1.0
True_NATIVE;true_native;D03_V_flatYT_move_0003.mp4;True;1.0;1.0;1.0
True_NATIVE;true_native;D03_V_flatYT_panrot_0001.mp4;True;1.0;1.0;1.0
True_NATIVE;true_native;D03_V_flatYT_panrot_0002.mp4;True;1.0;1.0;1.0
True_NATIVE;true_native;D03_V_flatYT_still_0001.mp4;True;1.0;1.0;1.0
True_NATIVE;false_native;D03_V_indoor_move_0002.mp4;False;0.764706;0.638889;0.552632
True_NATIVE;false_native;D03_V_indoor_panrot_0001.mp4;False;0.764706;0.638889;0.552632
True_NATIVE;false_native;D03_V_indoor_panrot_0002.mp4;False;0.764706;0.638889;0.552632
True_NATIVE;false_native;D03_V_indoor_still_0001.mp4;False;0.764706;0.638889;0.552632
True_NATIVE;false_native;D03_V_indoor_still_0002.mp4;False;0.764706;0.638889;0.552632
True_NATIVE;true_native;D03_V_indoorWA_move_0002.mp4;True;1.0;1.0;1.0
True_NATIVE;true_native;D03_V_indoorWA_panrot_0001.mp4;True;1.0;1.0;1.0
True_NATIVE;true_native;D03_V_indoorWA_panrot_0002.mp4;True;1.0;1.0;1.0
True_NATIVE;true_native;D03_V_indoorWA_still_0001.mp4;True;1.0;1.0;1.0
True_NATIVE;true_native;D03_V_indoorWA_still_0002.mp4;True;1.0;1.0;1.0
True_NATIVE;true_native;D03_V_indoorYT_move_0002.mp4;True;1.0;1.0;1.0
True_NATIVE;true_native;D03_V_indoorYT_panrot_0001.mp4;True;1.0;1.0;1.0
True_NATIVE;true_native;D03_V_indoorYT_panrot_0002.mp4;True;1.0;1.0;1.0
True_NATIVE;true_native;D03_V_indoorYT_still_0001.mp4;True;1.0;1.0;1.0
True_NATIVE;true_native;D03_V_indoorYT_still_0002.mp4;True;1.0;1.0;1.0
True_NATIVE;false_native;D03_V_outdoor_move_0002.mp4;False;0.764706;0.638889;0.552632
True_NATIVE;false_native;D03_V_outdoor_panrot_0001.mp4;False;0.764706;0.638889;0.552632
True_NATIVE;false_native;D03_V_outdoor_panrot_0002.mp4;False;0.764706;0.638889;0.552632
True_NATIVE;false_native;D03_V_outdoor_still_0001.mp4;False;0.764706;0.638889;0.552632
True_NATIVE;false_native;D03_V_outdoor_still_0002.mp4;False;0.764706;0.638889;0.552632
True_NATIVE;true_native;D03_V_outdoorWA_move_0002.mp4;True;1.0;1.0;1.0
True_NATIVE;true_native;D03_V_outdoorWA_panrot_0001.mp4;True;1.0;1.0;1.0
True_NATIVE;true_native;D03_V_outdoorWA_panrot_0002.mp4;True;1.0;1.0;1.0
True_NATIVE;true_native;D03_V_outdoorWA_still_0001.mp4;True;1.0;1.0;1.0
True_NATIVE;true_native;D03_V_outdoorWA_still_0002.mp4;True;1.0;1.0;1.0
True_NATIVE;true_native;D03_V_outdoorYT_move_0002.mp4;True;1.0;1.0;1.0
True_NATIVE;true_native;D03_V_outdoorYT_panrot_0001.mp4;True;1.0;1.0;1.0
True_NATIVE;true_native;D03_V_outdoorYT_panrot_0002.mp4;True;1.0;1.0;1.0
True_NATIVE;true_native;D03_V_outdoorYT_still_0001.mp4;True;1.0;1.0;1.0
True_NATIVE;true_native;D03_V_outdoorYT_still_0002.mp4;True;1.0;1.0;1.0
True_NATIVE;false_native;D04_V_flat_move_0002.mp4;False;0.78125;0.647059;0.583333
True_NATIVE;false_native;D04_V_flat_move_0003.mp4;False;0.78125;0.647059;0.583333
True_NATIVE;false_native;D04_V_flat_panrot_0001.mp4;False;0.78125;0.647059;0.583333
True_NATIVE;false_native;D04_V_flat_panrot_0002.mp4;False;0.78125;0.647059;0.583333
True_NATIVE;false_native;D04_V_flat_still_0001.mp4;False;0.78125;0.647059;0.583333
True_NATIVE;false_native;D04_V_flat_still_0002.mp4;False;0.78125;0.647059;0.583333
True_NATIVE;true_native;D04_V_flatWA_move_0002.mp4;True;1.0;1.0;1.0
True_NATIVE;true_native;D04_V_flatWA_move_0003.mp4;True;1.0;1.0;1.0
True_NATIVE;true_native;D04_V_flatWA_panrot_0001.mp4;True;1.0;1.0;1.0
True_NATIVE;true_native;D04_V_flatWA_panrot_0002.mp4;True;1.0;1.0;1.0
True_NATIVE;true_native;D04_V_flatWA_still_0001.mp4;True;1.0;1.0;1.0
True_NATIVE;true_native;D04_V_flatWA_still_0002.mp4;True;1.0;1.0;1.0
True_NATIVE;true_native;D04_V_flatYT_move_0002.mp4;True;1.0;1.0;1.0
True_NATIVE;true_native;D04_V_flatYT_move_0003.mp4;True;1.0;1.0;1.0
True_NATIVE;true_native;D04_V_flatYT_panrot_0001.mp4;True;1.0;1.0;1.0
True_NATIVE;true_native;D04_V_flatYT_panrot_0002.mp4;True;1.0;1.0;1.0
True_NATIVE;true_native;D04_V_flatYT_still_0001.mp4;True;1.0;1.0;1.0
True_NATIVE;true_native;D04_V_flatYT_still_0002.mp4;True;1.0;1.0;1.0
True_NATIVE;false_native;D04_V_indoor_move_0002.mp4;False;0.78125;0.647059;0.583333
True_NATIVE;false_native;D04_V_indoor_panrot_0001.mp4;False;0.78125;0.647059;0.583333
True_NATIVE;false_native;D04_V_indoor_panrot_0002.mp4;False;0.78125;0.647059;0.583333
True_NATIVE;false_native;D04_V_indoor_still_0001.mp4;False;0.78125;0.647059;0.583333
True_NATIVE;false_native;D04_V_indoor_still_0002.mp4;False;0.78125;0.647059;0.583333
True_NATIVE;true_native;D04_V_indoorWA_panrot_0001.mp4;True;1.0;1.0;1.0
True_NATIVE;true_native;D04_V_indoorWA_panrot_0002.mp4;True;1.0;1.0;1.0
True_NATIVE;true_native;D04_V_indoorWA_still_0001.mp4;True;1.0;1.0;1.0
True_NATIVE;true_native;D04_V_indoorWA_still_0002.mp4;True;1.0;1.0;1.0
True_NATIVE;true_native;D04_V_indoorYT_move_0002.mp4;True;1.0;1.0;1.0
True_NATIVE;true_native;D04_V_indoorYT_panrot_0001.mp4;True;1.0;1.0;1.0
True_NATIVE;true_native;D04_V_indoorYT_panrot_0002.mp4;True;1.0;1.0;1.0
True_NATIVE;true_native;D04_V_indoorYT_still_0001.mp4;True;1.0;1.0;1.0
True_NATIVE;true_native;D04_V_indoorYT_still_0002.mp4;True;1.0;1.0;1.0
True_NATIVE;false_native;D04_V_outdoor_move_0002.mp4;False;0.78125;0.647059;0.583333
True_NATIVE;false_native;D04_V_outdoor_panrot_0001.mp4;False;0.78125;0.647059;0.583333
True_NATIVE;false_native;D04_V_outdoor_panrot_0002.mp4;False;0.78125;0.647059;0.583333
True_NATIVE;false_native;D04_V_outdoor_still_0001.mp4;False;0.78125;0.647059;0.583333
True_NATIVE;false_native;D04_V_outdoor_still_0002.mp4;False;0.78125;0.647059;0.583333
True_NATIVE;true_native;D04_V_outdoorWA_move_0002.mp4;True;1.0;1.0;1.0
True_NATIVE;true_native;D04_V_outdoorWA_panrot_0001.mp4;True;1.0;1.0;1.0
True_NATIVE;true_native;D04_V_outdoorWA_panrot_0002.mp4;True;1.0;1.0;1.0
True_NATIVE;true_native;D04_V_outdoorWA_still_0001.mp4;True;1.0;1.0;1.0
True_NATIVE;true_native;D04_V_outdoorWA_still_0002.mp4;True;1.0;1.0;1.0
True_NATIVE;true_native;D04_V_outdoorYT_move_0002.mp4;True;1.0;1.0;1.0
True_NATIVE;true_native;D04_V_outdoorYT_panrot_0001.mp4;True;1.0;1.0;1.0
True_NATIVE;true_native;D04_V_outdoorYT_panrot_0002.mp4;True;1.0;1.0;1.0
True_NATIVE;true_native;D04_V_outdoorYT_still_0001.mp4;True;1.0;1.0;1.0
True_NATIVE;true_native;D04_V_outdoorYT_still_0002.mp4;True;1.0;1.0;1.0
True_NATIVE;false_native;D05_V_flat_move_0002.mov;False;0.627451;0.526316;0.435484
True_NATIVE;false_native;D05_V_flat_move_0003.mov;False;0.627451;0.526316;0.435484
True_NATIVE;false_native;D05_V_flat_panrot_0001.mov;False;0.627451;0.526316;0.435484
True_NATIVE;false_native;D05_V_flat_panrot_0002.mov;False;0.627451;0.526316;0.435484
True_NATIVE;false_native;D05_V_flat_still_0001.mov;False;0.627451;0.526316;0.435484
True_NATIVE;false_native;D05_V_flat_still_0002.mov;False;0.627451;0.526316;0.435484
True_NATIVE;true_native;D05_V_flatWA_move_0002.mp4;True;1.0;1.0;1.0
True_NATIVE;true_native;D05_V_flatWA_move_0003.mp4;True;1.0;1.0;1.0
True_NATIVE;true_native;D05_V_flatWA_panrot_0001.mp4;True;1.0;1.0;1.0
True_NATIVE;true_native;D05_V_flatWA_panrot_0002.mp4;True;1.0;1.0;1.0
True_NATIVE;true_native;D05_V_flatWA_still_0001.mp4;True;1.0;1.0;1.0
True_NATIVE;true_native;D05_V_flatWA_still_0002.mp4;True;1.0;1.0;1.0
True_NATIVE;true_native;D05_V_flatYT_move_0002.mp4;True;1.0;1.0;1.0
True_NATIVE;true_native;D05_V_flatYT_move_0003.mp4;True;1.0;1.0;1.0
True_NATIVE;true_native;D05_V_flatYT_panrot_0001.mp4;True;1.0;1.0;1.0
True_NATIVE;true_native;D05_V_flatYT_panrot_0002.mp4;True;1.0;1.0;1.0
True_NATIVE;true_native;D05_V_flatYT_still_0001.mp4;True;1.0;1.0;1.0
True_NATIVE;true_native;D05_V_flatYT_still_0002.mp4;True;1.0;1.0;1.0
True_NATIVE;false_native;D05_V_indoor_move_0002.mov;False;0.627451;0.526316;0.435484
True_NATIVE;false_native;D05_V_indoor_panrot_0001.mov;False;0.627451;0.526316;0.435484
True_NATIVE;false_native;D05_V_indoor_panrot_0002.mov;False;0.627451;0.526316;0.435484
True_NATIVE;false_native;D05_V_indoor_still_0001.mov;False;0.627451;0.526316;0.435484
True_NATIVE;false_native;D05_V_indoor_still_0002.mov;False;0.627451;0.526316;0.435484
True_NATIVE;true_native;D05_V_indoorWA_move_0002.mp4;True;1.0;1.0;1.0
True_NATIVE;true_native;D05_V_indoorWA_panrot_0001.mp4;True;1.0;1.0;1.0
True_NATIVE;true_native;D05_V_indoorWA_panrot_0002.mp4;True;1.0;1.0;1.0
True_NATIVE;true_native;D05_V_indoorWA_still_0001.mp4;True;1.0;1.0;1.0
True_NATIVE;true_native;D05_V_indoorWA_still_0002.mp4;True;1.0;1.0;1.0
True_NATIVE;true_native;D05_V_indoorYT_move_0002.mp4;True;1.0;1.0;1.0
True_NATIVE;true_native;D05_V_indoorYT_panrot_0001.mp4;True;1.0;1.0;1.0
True_NATIVE;true_native;D05_V_indoorYT_panrot_0002.mp4;True;1.0;1.0;1.0
True_NATIVE;true_native;D05_V_indoorYT_still_0001.mp4;True;1.0;1.0;1.0
True_NATIVE;true_native;D05_V_indoorYT_still_0002.mp4;True;1.0;1.0;1.0
True_NATIVE;false_native;D05_V_outdoor_move_0002.mov;False;0.627451;0.526316;0.435484
True_NATIVE;false_native;D05_V_outdoor_panrot_0001.mov;False;0.627451;0.526316;0.435484
True_NATIVE;false_native;D05_V_outdoor_panrot_0002.mov;False;0.627451;0.526316;0.435484
True_NATIVE;false_native;D05_V_outdoor_still_0001.mov;False;0.627451;0.526316;0.435484
True_NATIVE;false_native;D05_V_outdoor_still_0002.mov;False;0.627451;0.526316;0.435484
True_NATIVE;true_native;D05_V_outdoorWA_move_0002.mp4;True;1.0;1.0;1.0
True_NATIVE;true_native;D05_V_outdoorWA_panrot_0001.mp4;True;1.0;1.0;1.0
True_NATIVE;true_native;D05_V_outdoorWA_panrot_0002.mp4;True;1.0;1.0;1.0
True_NATIVE;true_native;D05_V_outdoorWA_still_0001.mp4;True;1.0;1.0;1.0
True_NATIVE;true_native;D05_V_outdoorWA_still_0002.mp4;True;1.0;1.0;1.0
True_NATIVE;true_native;D05_V_outdoorYT_move_0002.mp4;True;1.0;1.0;1.0
True_NATIVE;true_native;D05_V_outdoorYT_panrot_0001.mp4;True;1.0;1.0;1.0
True_NATIVE;true_native;D05_V_outdoorYT_panrot_0002.mp4;True;1.0;1.0;1.0
True_NATIVE;true_native;D05_V_outdoorYT_still_0001.mp4;True;1.0;1.0;1.0
True_NATIVE;true_native;D05_V_outdoorYT_still_0002.mp4;True;1.0;1.0;1.0
True_NATIVE;false_native;D06_V_flat_move_0002.mov;False;0.64;0.566038;0.490909
True_NATIVE;false_native;D06_V_flat_panrot_0001.mov;False;0.64;0.566038;0.490909
True_NATIVE;false_native;D06_V_flat_panrot_0002.mov;False;0.64;0.566038;0.490909
True_NATIVE;false_native;D06_V_flat_still_0001.mov;False;0.64;0.566038;0.490909
True_NATIVE;true_native;D06_V_flatWA_move_0002.mp4;True;1.0;1.0;1.0
True_NATIVE;true_native;D06_V_flatWA_panrot_0001.mp4;True;1.0;1.0;1.0
True_NATIVE;true_native;D06_V_flatWA_panrot_0002.mp4;True;1.0;1.0;1.0
True_NATIVE;true_native;D06_V_flatWA_still_0001.mp4;True;1.0;1.0;1.0
True_NATIVE;true_native;D06_V_flatYT_panrot_0001.mp4;True;1.0;1.0;1.0
True_NATIVE;true_native;D06_V_flatYT_panrot_0002.mp4;True;1.0;1.0;1.0
True_NATIVE;true_native;D06_V_flatYT_still_0001.mp4;True;1.0;1.0;1.0
True_NATIVE;false_native;D06_V_indoor_move_0002.mov;False;0.64;0.566038;0.490909
True_NATIVE;false_native;D06_V_indoor_panrot_0001.mov;False;0.64;0.566038;0.490909
True_NATIVE;false_native;D06_V_indoor_panrot_0002.mov;False;0.64;0.566038;0.490909
True_NATIVE;false_native;D06_V_indoor_still_0001.mov;False;0.64;0.566038;0.490909
True_NATIVE;false_native;D06_V_indoor_still_0002.mov;False;0.64;0.566038;0.490909
True_NATIVE;true_native;D06_V_indoorWA_move_0002.mov.mp4;True;1.0;1.0;1.0
True_NATIVE;true_native;D06_V_indoorWA_panrot_0001.mp4;True;1.0;1.0;1.0
True_NATIVE;true_native;D06_V_indoorWA_panrot_0002.mp4;True;1.0;1.0;1.0
True_NATIVE;true_native;D06_V_indoorWA_still_0001.mp4;True;1.0;1.0;1.0
True_NATIVE;true_native;D06_V_indoorWA_still_0002.mp4;True;1.0;1.0;1.0
True_NATIVE;true_native;D06_V_indoorYT_panrot_0001.mp4;True;1.0;1.0;1.0
True_NATIVE;true_native;D06_V_indoorYT_panrot_0002.mp4;True;1.0;1.0;1.0
True_NATIVE;true_native;D06_V_indoorYT_still_0001.mp4;True;1.0;1.0;1.0
True_NATIVE;true_native;D06_V_indoorYT_still_0002.mp4;True;1.0;1.0;1.0
True_NATIVE;false_native;D06_V_outdoor_move_0002.mov;False;0.64;0.566038;0.490909
True_NATIVE;false_native;D06_V_outdoor_panrot_0001.mov;False;0.64;0.566038;0.490909
True_NATIVE;false_native;D06_V_outdoor_panrot_0002.mov;False;0.64;0.566038;0.490909
True_NATIVE;false_native;D06_V_outdoor_still_0001.mov;False;0.64;0.566038;0.490909
True_NATIVE;false_native;D06_V_outdoor_still_0002.mov;False;0.64;0.566038;0.490909
True_NATIVE;true_native;D06_V_outdoorWA_move_0002.mp4;True;1.0;1.0;1.0
True_NATIVE;true_native;D06_V_outdoorWA_panrot_0001.mp4;True;1.0;1.0;1.0
True_NATIVE;true_native;D06_V_outdoorWA_panrot_0002.mov.mp4;True;1.0;1.0;1.0
True_NATIVE;true_native;D06_V_outdoorWA_still_0001.mp4;True;1.0;1.0;1.0
True_NATIVE;true_native;D06_V_outdoorWA_still_0002.mp4;True;1.0;1.0;1.0
True_NATIVE;true_native;D06_V_outdoorYT_move_0002.mp4;True;1.0;1.0;1.0
True_NATIVE;true_native;D06_V_outdoorYT_panrot_0001.mp4;True;1.0;1.0;1.0
True_NATIVE;true_native;D06_V_outdoorYT_panrot_0002.mp4;True;1.0;1.0;1.0
True_NATIVE;true_native;D06_V_outdoorYT_still_0001.mp4;True;1.0;1.0;1.0
True_NATIVE;true_native;D06_V_outdoorYT_still_0002.mp4;True;1.0;1.0;1.0
True_NATIVE;true_native;D07_V_flatWA_move_0002.mp4;True;1.0;1.0;1.0
True_NATIVE;true_native;D07_V_flatWA_move_0003.mp4;True;1.0;1.0;1.0
True_NATIVE;true_native;D07_V_flatWA_panrot_0001.mp4;True;1.0;1.0;1.0
True_NATIVE;true_native;D07_V_flatWA_panrot_0002.mp4;True;1.0;1.0;1.0
True_NATIVE;true_native;D07_V_flatWA_still_0001.mp4;True;1.0;1.0;1.0
True_NATIVE;true_native;D07_V_flatWA_still_0002.mp4;True;1.0;1.0;1.0
True_NATIVE;true_native;D07_V_flatYT_move_0002.mp4;True;1.0;1.0;1.0
True_NATIVE;true_native;D07_V_flatYT_move_0003.mp4;True;1.0;1.0;1.0
True_NATIVE;true_native;D07_V_flatYT_panrot_0001.mp4;True;1.0;1.0;1.0
True_NATIVE;true_native;D07_V_flatYT_panrot_0002.mp4;True;1.0;1.0;1.0
True_NATIVE;true_native;D07_V_flatYT_still_0001.mp4;True;1.0;1.0;1.0
True_NATIVE;true_native;D07_V_flatYT_still_0002.mp4;True;1.0;1.0;1.0
True_NATIVE;true_native;D07_V_indoorWA_move_0002.mp4;True;1.0;1.0;1.0
True_NATIVE;true_native;D07_V_indoorWA_panrot_0001.mp4;True;1.0;1.0;1.0
True_NATIVE;true_native;D07_V_indoorWA_panrot_0002.mp4;True;1.0;1.0;1.0
True_NATIVE;true_native;D07_V_indoorWA_still_0001.mp4;True;1.0;1.0;1.0
True_NATIVE;true_native;D07_V_indoorWA_still_0002.mp4;True;1.0;1.0;1.0
True_NATIVE;true_native;D07_V_indoorYT_move_0002.mp4;True;1.0;1.0;1.0
True_NATIVE;true_native;D07_V_indoorYT_panrot_0001.mp4;True;1.0;1.0;1.0
True_NATIVE;true_native;D07_V_indoorYT_panrot_0002.mp4;True;1.0;1.0;1.0
True_NATIVE;true_native;D07_V_indoorYT_still_0001.mp4;True;1.0;1.0;1.0
True_NATIVE;true_native;D07_V_indoorYT_still_0002.mp4;True;1.0;1.0;1.0
True_NATIVE;true_native;D07_V_outdoorWA_move_0002.mp4;True;1.0;1.0;1.0
True_NATIVE;true_native;D07_V_outdoorWA_panrot_0001.mp4;True;1.0;1.0;1.0
True_NATIVE;true_native;D07_V_outdoorWA_panrot_0002.mp4;True;1.0;1.0;1.0
True_NATIVE;true_native;D07_V_outdoorWA_still_0001.mp4;True;1.0;1.0;1.0
True_NATIVE;true_native;D07_V_outdoorWA_still_0002.mp4;True;1.0;1.0;1.0
True_NATIVE;true_native;D07_V_outdoorYT_move_0002.mp4;True;1.0;1.0;1.0
True_NATIVE;true_native;D07_V_outdoorYT_panrot_0001.mp4;True;1.0;1.0;1.0
True_NATIVE;true_native;D07_V_outdoorYT_panrot_0002.mp4;True;1.0;1.0;1.0
True_NATIVE;true_native;D07_V_outdoorYT_still_0001.mp4;True;1.0;1.0;1.0
True_NATIVE;true_native;D07_V_outdoorYT_still_0002.mp4;True;1.0;1.0;1.0
True_NATIVE;false_native;D08_V_flat_move_0002.mp4;False;0.71875;0.617647;0.555556
True_NATIVE;false_native;D08_V_flat_move_0003.mp4;False;0.71875;0.617647;0.555556
True_NATIVE;false_native;D08_V_flat_move_0004.mp4;False;0.71875;0.617647;0.555556
True_NATIVE;false_native;D08_V_flat_panrot_0001.mp4;False;0.71875;0.617647;0.555556
True_NATIVE;false_native;D08_V_flat_panrot_0002.mp4;False;0.71875;0.617647;0.555556
True_NATIVE;false_native;D08_V_flat_panrot_0003.mp4;False;0.71875;0.617647;0.555556
True_NATIVE;false_native;D08_V_flat_panrot_0004.mp4;False;0.71875;0.617647;0.555556
True_NATIVE;false_native;D08_V_flat_still_0001.mp4;False;0.71875;0.617647;0.555556
True_NATIVE;false_native;D08_V_flat_still_0002.mp4;False;0.71875;0.617647;0.555556
True_NATIVE;false_native;D08_V_flat_still_0003.mp4;False;0.71875;0.617647;0.555556
True_NATIVE;false_native;D08_V_flat_still_0004.mp4;False;0.71875;0.617647;0.555556
True_NATIVE;false_native;D08_V_flat_still_0005.mp4;False;0.71875;0.617647;0.555556
True_NATIVE;true_native;D08_V_flatWA_move_0002.mp4;True;1.0;1.0;1.0
True_NATIVE;true_native;D08_V_flatWA_move_0003.mp4;True;1.0;1.0;1.0
True_NATIVE;true_native;D08_V_flatWA_move_0004.mp4;True;1.0;1.0;1.0
True_NATIVE;true_native;D08_V_flatWA_panrot_0001.mp4;True;1.0;1.0;1.0
True_NATIVE;true_native;D08_V_flatWA_panrot_0003.mp4;True;1.0;1.0;1.0
True_NATIVE;true_native;D08_V_flatWA_panrot_0004.mp4;True;1.0;1.0;1.0
True_NATIVE;true_native;D08_V_flatWA_still_0001.mp4;True;1.0;1.0;1.0
True_NATIVE;true_native;D08_V_flatWA_still_0002.mp4;True;1.0;1.0;1.0
True_NATIVE;true_native;D08_V_flatWA_still_0003.mp4;True;1.0;1.0;1.0
True_NATIVE;true_native;D08_V_flatWA_still_0004.mp4;True;1.0;1.0;1.0
True_NATIVE;true_native;D08_V_flatWA_still_0005.mp4;True;1.0;1.0;1.0
True_NATIVE;true_native;D08_V_flatYT_move_0002.mp4;True;1.0;1.0;1.0
True_NATIVE;true_native;D08_V_flatYT_move_0003.mp4;True;1.0;1.0;1.0
True_NATIVE;true_native;D08_V_flatYT_move_0004.mp4;True;1.0;1.0;1.0
True_NATIVE;true_native;D08_V_flatYT_panrot_0001.mp4;True;1.0;1.0;1.0
True_NATIVE;true_native;D08_V_flatYT_panrot_0002.mp4;True;1.0;1.0;1.0
True_NATIVE;true_native;D08_V_flatYT_panrot_0003.mp4;True;1.0;1.0;1.0
True_NATIVE;true_native;D08_V_flatYT_panrot_0004.mp4;True;1.0;1.0;1.0
True_NATIVE;true_native;D08_V_flatYT_still_0001.mp4;True;1.0;1.0;1.0
True_NATIVE;true_native;D08_V_flatYT_still_0002.mp4;True;1.0;1.0;1.0
True_NATIVE;true_native;D08_V_flatYT_still_0003.mp4;True;1.0;1.0;1.0
True_NATIVE;true_native;D08_V_flatYT_still_0004.mp4;True;1.0;1.0;1.0
True_NATIVE;true_native;D08_V_flatYT_still_0005.mp4;True;1.0;1.0;1.0
True_NATIVE;false_native;D08_V_indoor_move_0002.mp4;False;0.71875;0.617647;0.555556
True_NATIVE;false_native;D08_V_indoor_move_0003.mp4;False;0.71875;0.617647;0.555556
True_NATIVE;false_native;D08_V_indoor_move_0004.mp4;False;0.71875;0.617647;0.555556
True_NATIVE;false_native;D08_V_indoor_panrot_0001.mp4;False;0.71875;0.617647;0.555556
True_NATIVE;false_native;D08_V_indoor_panrot_0002.mp4;False;0.71875;0.617647;0.555556
True_NATIVE;false_native;D08_V_indoor_panrot_0003.mp4;False;0.71875;0.617647;0.555556
True_NATIVE;false_native;D08_V_indoor_panrot_0004.mp4;False;0.71875;0.617647;0.555556
True_NATIVE;false_native;D08_V_indoor_still_0001.mp4;False;0.71875;0.617647;0.555556
True_NATIVE;false_native;D08_V_indoor_still_0002.mp4;False;0.71875;0.617647;0.555556
True_NATIVE;false_native;D08_V_indoor_still_0003.mp4;False;0.71875;0.617647;0.555556
True_NATIVE;false_native;D08_V_indoor_still_0004.mp4;False;0.71875;0.617647;0.555556
True_NATIVE;true_native;D08_V_indoorWA_move_0002.mp4;True;1.0;1.0;1.0
True_NATIVE;true_native;D08_V_indoorWA_move_0003.mp4;True;1.0;1.0;1.0
True_NATIVE;true_native;D08_V_indoorWA_move_0004.mp4;True;1.0;1.0;1.0
True_NATIVE;true_native;D08_V_indoorWA_panrot_0001.mp4;True;1.0;1.0;1.0
True_NATIVE;true_native;D08_V_indoorWA_panrot_0002.mp4;True;1.0;1.0;1.0
True_NATIVE;true_native;D08_V_indoorWA_panrot_0003.mp4;True;1.0;1.0;1.0
True_NATIVE;true_native;D08_V_indoorWA_panrot_0004.mp4;True;1.0;1.0;1.0
True_NATIVE;true_native;D08_V_indoorWA_still_0001.mp4;True;1.0;1.0;1.0
True_NATIVE;true_native;D08_V_indoorWA_still_0002.mp4;True;1.0;1.0;1.0
True_NATIVE;true_native;D08_V_indoorWA_still_0003.mp4;True;1.0;1.0;1.0
True_NATIVE;true_native;D08_V_indoorWA_still_0004.mp4;True;1.0;1.0;1.0
True_NATIVE;true_native;D08_V_indoorYT_move_0002.mp4;True;1.0;1.0;1.0
True_NATIVE;true_native;D08_V_indoorYT_move_0003.mp4;True;1.0;1.0;1.0
True_NATIVE;true_native;D08_V_indoorYT_move_0004.mp4;True;1.0;1.0;1.0
True_NATIVE;true_native;D08_V_indoorYT_panrot_0001.mp4;True;1.0;1.0;1.0
True_NATIVE;true_native;D08_V_indoorYT_panrot_0002.mp4;True;1.0;1.0;1.0
True_NATIVE;true_native;D08_V_indoorYT_still_0001.mp4;True;1.0;1.0;1.0
True_NATIVE;true_native;D08_V_indoorYT_still_0002.mp4;True;1.0;1.0;1.0
True_NATIVE;true_native;D08_V_indoorYT_still_0003.mp4;True;1.0;1.0;1.0
True_NATIVE;false_native;D08_V_outdoor_move_0002.mp4;False;0.71875;0.617647;0.555556
True_NATIVE;false_native;D08_V_outdoor_move_0003.mp4;False;0.71875;0.617647;0.555556
True_NATIVE;false_native;D08_V_outdoor_move_0004.mp4;False;0.71875;0.617647;0.555556
True_NATIVE;false_native;D08_V_outdoor_panrot_0001.mp4;False;0.71875;0.617647;0.555556
True_NATIVE;false_native;D08_V_outdoor_panrot_0002.mp4;False;0.71875;0.617647;0.555556
True_NATIVE;false_native;D08_V_outdoor_panrot_0003.mp4;False;0.71875;0.617647;0.555556
True_NATIVE;false_native;D08_V_outdoor_panrot_0004.mp4;False;0.71875;0.617647;0.555556
True_NATIVE;false_native;D08_V_outdoor_still_0001.mp4;False;0.71875;0.617647;0.555556
True_NATIVE;false_native;D08_V_outdoor_still_0002.mp4;False;0.71875;0.617647;0.555556
True_NATIVE;false_native;D08_V_outdoor_still_0003.mp4;False;0.71875;0.617647;0.555556
True_NATIVE;false_native;D08_V_outdoor_still_0004.mp4;False;0.71875;0.617647;0.555556
True_NATIVE;true_native;D08_V_outdoorWA_move_0002.mp4;True;1.0;1.0;1.0
True_NATIVE;true_native;D08_V_outdoorWA_move_0003.mp4;True;1.0;1.0;1.0
True_NATIVE;true_native;D08_V_outdoorWA_move_0004.mp4;True;1.0;1.0;1.0
True_NATIVE;true_native;D08_V_outdoorWA_panrot_0001.mp4;True;1.0;1.0;1.0
True_NATIVE;true_native;D08_V_outdoorWA_panrot_0002.mp4;True;1.0;1.0;1.0
True_NATIVE;true_native;D08_V_outdoorWA_panrot_0003.mp4;True;1.0;1.0;1.0
True_NATIVE;true_native;D08_V_outdoorWA_panrot_0004.mp4;True;1.0;1.0;1.0
True_NATIVE;true_native;D08_V_outdoorWA_still_0001.mp4;True;1.0;1.0;1.0
True_NATIVE;true_native;D08_V_outdoorWA_still_0002.mp4;True;1.0;1.0;1.0
True_NATIVE;true_native;D08_V_outdoorWA_still_0003.mp4;True;1.0;1.0;1.0
True_NATIVE;true_native;D08_V_outdoorWA_still_0004.mp4;True;1.0;1.0;1.0
True_NATIVE;true_native;D08_V_outdoorYT_move_0002.mp4;True;1.0;1.0;1.0
True_NATIVE;true_native;D08_V_outdoorYT_move_0003.mp4;True;1.0;1.0;1.0
True_NATIVE;true_native;D08_V_outdoorYT_move_0004.mp4;True;1.0;1.0;1.0
True_NATIVE;true_native;D08_V_outdoorYT_panrot_0001.mp4;True;1.0;1.0;1.0
True_NATIVE;true_native;D08_V_outdoorYT_panrot_0002.mp4;True;1.0;1.0;1.0
True_NATIVE;true_native;D08_V_outdoorYT_panrot_0003.mp4;True;1.0;1.0;1.0
True_NATIVE;true_native;D08_V_outdoorYT_panrot_0004.mp4;True;1.0;1.0;1.0
True_NATIVE;true_native;D08_V_outdoorYT_still_0001.mp4;True;1.0;1.0;1.0
True_NATIVE;true_native;D08_V_outdoorYT_still_0002.mp4;True;1.0;1.0;1.0
True_NATIVE;true_native;D08_V_outdoorYT_still_0003.mp4;True;1.0;1.0;1.0
True_NATIVE;true_native;D08_V_outdoorYT_still_0004.mp4;True;1.0;1.0;1.0
True_NATIVE;false_native;D09_V_flat_move_0002.mov;False;0.622642;0.508772;0.416667
True_NATIVE;false_native;D09_V_flat_move_0003.mov;False;0.622642;0.508772;0.416667
True_NATIVE;false_native;D09_V_flat_panrot_0001.mov;False;0.622642;0.508772;0.416667
True_NATIVE;false_native;D09_V_flat_panrot_0002.mov;False;0.622642;0.508772;0.416667
True_NATIVE;false_native;D09_V_flat_still_0001.mov;False;0.622642;0.508772;0.416667
True_NATIVE;false_native;D09_V_flat_still_0002.mov;False;0.622642;0.508772;0.416667
True_NATIVE;true_native;D09_V_flatWA_move_0002.mp4;True;1.0;1.0;1.0
True_NATIVE;true_native;D09_V_flatWA_move_0003.mp4;True;1.0;1.0;1.0
True_NATIVE;true_native;D09_V_flatWA_panrot_0001.mp4;True;1.0;1.0;1.0
True_NATIVE;true_native;D09_V_flatWA_panrot_0002.mp4;True;1.0;1.0;1.0
True_NATIVE;true_native;D09_V_flatWA_still_0001.mp4;True;1.0;1.0;1.0
True_NATIVE;true_native;D09_V_flatWA_still_0002.mp4;True;1.0;1.0;1.0
True_NATIVE;true_native;D09_V_flatYT_move_0002.mp4;True;1.0;1.0;1.0
True_NATIVE;true_native;D09_V_flatYT_move_0003.mp4;True;1.0;1.0;1.0
True_NATIVE;true_native;D09_V_flatYT_panrot_0001.mp4;True;1.0;1.0;1.0
True_NATIVE;true_native;D09_V_flatYT_panrot_0002.mp4;True;1.0;1.0;1.0
True_NATIVE;true_native;D09_V_flatYT_still_0001.mp4;True;1.0;1.0;1.0
True_NATIVE;true_native;D09_V_flatYT_still_0002.mp4;True;1.0;1.0;1.0
True_NATIVE;false_native;D09_V_indoor_move_0002.mov;False;0.634615;0.517857;0.423729
True_NATIVE;false_native;D09_V_indoor_panrot_0001.mov;False;0.622642;0.508772;0.416667
True_NATIVE;false_native;D09_V_indoor_panrot_0002.mov;False;0.622642;0.508772;0.416667
True_NATIVE;false_native;D09_V_indoor_still_0001.mov;False;0.622642;0.508772;0.416667
True_NATIVE;false_native;D09_V_indoor_still_0002.mov;False;0.622642;0.508772;0.416667
True_NATIVE;true_native;D09_V_indoorWA_move_0002.mp4;True;1.0;1.0;1.0
True_NATIVE;true_native;D09_V_indoorWA_panrot_0001.mp4;True;1.0;1.0;1.0
True_NATIVE;true_native;D09_V_indoorWA_panrot_0002.mp4;True;1.0;1.0;1.0
True_NATIVE;true_native;D09_V_indoorWA_still_0001.mp4;True;1.0;1.0;1.0
True_NATIVE;true_native;D09_V_indoorWA_still_0002.mp4;True;1.0;1.0;1.0
True_NATIVE;true_native;D09_V_indoorYT_move_0002.mp4;True;1.0;1.0;1.0
True_NATIVE;true_native;D09_V_indoorYT_panrot_0001.mp4;True;1.0;1.0;1.0
True_NATIVE;true_native;D09_V_indoorYT_panrot_0002.mp4;True;1.0;1.0;1.0
True_NATIVE;true_native;D09_V_indoorYT_still_0001.mp4;True;1.0;1.0;1.0
True_NATIVE;true_native;D09_V_indoorYT_still_0002.mp4;True;1.0;1.0;1.0
True_NATIVE;false_native;D09_V_outdoor_move_0002.mov;False;0.622642;0.508772;0.416667
True_NATIVE;false_native;D09_V_outdoor_panrot_0001.mov;False;0.622642;0.508772;0.416667
True_NATIVE;false_native;D09_V_outdoor_panrot_0002.mov;False;0.622642;0.508772;0.416667
True_NATIVE;false_native;D09_V_outdoor_still_0001.mov;False;0.622642;0.508772;0.416667
True_NATIVE;false_native;D09_V_outdoor_still_0002.mov;False;0.622642;0.508772;0.416667
True_NATIVE;true_native;D09_V_outdoorWA_move_0002.mp4;True;1.0;1.0;1.0
True_NATIVE;true_native;D09_V_outdoorWA_panrot_0001.mp4;True;1.0;1.0;1.0
True_NATIVE;true_native;D09_V_outdoorWA_panrot_0002.mp4;True;1.0;1.0;1.0
True_NATIVE;true_native;D09_V_outdoorWA_still_0001.mp4;True;1.0;1.0;1.0
True_NATIVE;true_native;D09_V_outdoorWA_still_0002.mp4;True;1.0;1.0;1.0
True_NATIVE;true_native;D09_V_outdoorYT_move_0002.mp4;True;1.0;1.0;1.0
True_NATIVE;true_native;D09_V_outdoorYT_panrot_0001.mp4;True;1.0;1.0;1.0
True_NATIVE;true_native;D09_V_outdoorYT_panrot_0002.mp4;True;1.0;1.0;1.0
True_NATIVE;true_native;D09_V_outdoorYT_still_0001.mp4;True;1.0;1.0;1.0
True_NATIVE;true_native;D09_V_outdoorYT_still_0002.mp4;True;1.0;1.0;1.0
True_NATIVE;false_native;D10_V_flat_move_0002.mov;False;0.64;0.566038;0.490909
True_NATIVE;false_native;D10_V_flat_panrot_0001.mov;False;0.64;0.566038;0.490909
True_NATIVE;false_native;D10_V_flat_still_0001.mov;False;0.64;0.566038;0.490909
True_NATIVE;true_native;D10_V_flatWA_move_0002.mp4;True;1.0;1.0;1.0
True_NATIVE;true_native;D10_V_flatWA_panrot_0001.mp4;True;1.0;1.0;1.0
True_NATIVE;true_native;D10_V_flatWA_still_0001.mp4;True;1.0;1.0;1.0
True_NATIVE;true_native;D10_V_flatYT_move_0002.mp4;True;1.0;1.0;1.0
True_NATIVE;true_native;D10_V_flatYT_panrot_0001.mp4;True;1.0;1.0;1.0
True_NATIVE;true_native;D10_V_flatYT_still_0001.mp4;True;1.0;1.0;1.0
True_NATIVE;false_native;D10_V_indoor_move_0002.mov;False;0.64;0.566038;0.490909
True_NATIVE;false_native;D10_V_indoor_panrot_0001.mov;False;0.64;0.566038;0.490909
True_NATIVE;false_native;D10_V_indoor_panrot_0002.mov;False;0.64;0.566038;0.490909
True_NATIVE;false_native;D10_V_indoor_still_0001.mov;False;0.64;0.566038;0.490909
True_NATIVE;false_native;D10_V_indoor_still_0002.mov;False;0.64;0.566038;0.490909
True_NATIVE;true_native;D10_V_indoorWA_move_0002.mp4;True;1.0;1.0;1.0
True_NATIVE;true_native;D10_V_indoorWA_panrot_0001.mp4;True;1.0;1.0;1.0
True_NATIVE;true_native;D10_V_indoorWA_panrot_0002.mp4;True;1.0;1.0;1.0
True_NATIVE;true_native;D10_V_indoorWA_still_0001.mp4;True;1.0;1.0;1.0
True_NATIVE;true_native;D10_V_indoorWA_still_0002.mp4;True;1.0;1.0;1.0
True_NATIVE;true_native;D10_V_indoorYT_move_0002.mp4;True;1.0;1.0;1.0
True_NATIVE;true_native;D10_V_indoorYT_panrot_0001.mp4;True;1.0;1.0;1.0
True_NATIVE;true_native;D10_V_indoorYT_panrot_0002.mp4;True;1.0;1.0;1.0
True_NATIVE;true_native;D10_V_indoorYT_still_0001.mp4;True;1.0;1.0;1.0
True_NATIVE;true_native;D10_V_indoorYT_still_0002.mp4;True;1.0;1.0;1.0
True_NATIVE;false_native;D10_V_outdoor_panrot_0001.mov;False;0.64;0.566038;0.490909
True_NATIVE;false_native;D10_V_outdoor_panrot_0002.mov;False;0.64;0.566038;0.490909
True_NATIVE;false_native;D10_V_outdoor_still_0001.mov;False;0.64;0.566038;0.490909
True_NATIVE;false_native;D10_V_outdoor_still_0002.mov;False;0.64;0.566038;0.490909
True_NATIVE;true_native;D10_V_outdoorWA_panrot_0001.mp4;True;1.0;1.0;1.0
True_NATIVE;true_native;D10_V_outdoorWA_panrot_0002.mp4;True;1.0;1.0;1.0
True_NATIVE;true_native;D10_V_outdoorWA_still_0001.mp4;True;1.0;1.0;1.0
True_NATIVE;true_native;D10_V_outdoorWA_still_0002.mp4;True;1.0;1.0;1.0
True_NATIVE;true_native;D10_V_outdoorYT_panrot_0001.mp4;True;1.0;1.0;1.0
True_NATIVE;true_native;D10_V_outdoorYT_panrot_0002.mp4;True;1.0;1.0;1.0
True_NATIVE;true_native;D10_V_outdoorYT_still_0001.mp4;True;1.0;1.0;1.0
True_NATIVE;true_native;D10_V_outdoorYT_still_0002.mp4;True;1.0;1.0;1.0
True_NATIVE;false_native;D11_V_flat_move_0002.mp4;False;0.8;0.71875;0.676471
True_NATIVE;false_native;D11_V_flat_move_0003.mp4;False;0.71875;0.617647;0.555556
True_NATIVE;false_native;D11_V_flat_panrot_0001.mp4;False;0.8;0.71875;0.676471
True_NATIVE;false_native;D11_V_flat_panrot_0002.mp4;False;0.8;0.71875;0.676471
True_NATIVE;false_native;D11_V_flat_still_0001.mp4;False;0.8;0.71875;0.676471
True_NATIVE;false_native;D11_V_flat_still_0002.mp4;False;0.8;0.71875;0.676471
True_NATIVE;true_native;D11_V_flatWA_move_0002.mp4;True;1.0;1.0;1.0
True_NATIVE;true_native;D11_V_flatWA_move_0003.mp4;True;1.0;1.0;1.0
True_NATIVE;true_native;D11_V_flatWA_panrot_0001.mp4;True;1.0;1.0;1.0
True_NATIVE;true_native;D11_V_flatWA_panrot_0002.mp4;True;1.0;1.0;1.0
True_NATIVE;true_native;D11_V_flatWA_still_0001.mp4;True;1.0;1.0;1.0
True_NATIVE;true_native;D11_V_flatWA_still_0002.mp4;True;1.0;1.0;1.0
True_NATIVE;true_native;D11_V_flatYT_move_0002.mp4;True;1.0;1.0;1.0
True_NATIVE;true_native;D11_V_flatYT_move_0003.mp4;True;1.0;1.0;1.0
True_NATIVE;true_native;D11_V_flatYT_panrot_0001.mp4;True;1.0;1.0;1.0
True_NATIVE;true_native;D11_V_flatYT_panrot_0002.mp4;True;1.0;1.0;1.0
True_NATIVE;true_native;D11_V_flatYT_still_0001.mp4;True;1.0;1.0;1.0
True_NATIVE;true_native;D11_V_flatYT_still_0002.mp4;True;1.0;1.0;1.0
True_NATIVE;false_native;D11_V_indoor_move_0002.mp4;False;0.8;0.71875;0.676471
True_NATIVE;false_native;D11_V_indoor_panrot_0001.mp4;False;0.8;0.71875;0.676471
True_NATIVE;false_native;D11_V_indoor_panrot_0002.mp4;False;0.8;0.71875;0.676471
True_NATIVE;false_native;D11_V_indoor_still_0001.mp4;False;0.71875;0.617647;0.555556
True_NATIVE;false_native;D11_V_indoor_still_0002.mp4;False;0.8;0.71875;0.676471
True_NATIVE;true_native;D11_V_indoorWA_move_0002.mp4;True;1.0;1.0;1.0
True_NATIVE;true_native;D11_V_indoorWA_panrot_0001.mp4;True;1.0;1.0;1.0
True_NATIVE;true_native;D11_V_indoorWA_panrot_0002.mp4;True;1.0;1.0;1.0
True_NATIVE;true_native;D11_V_indoorWA_still_0001.mp4;True;1.0;1.0;1.0
True_NATIVE;true_native;D11_V_indoorWA_still_0002.mp4;True;1.0;1.0;1.0
True_NATIVE;true_native;D11_V_indoorYT_move_0002.mp4;True;1.0;1.0;1.0
True_NATIVE;true_native;D11_V_indoorYT_panrot_0001.mp4;True;1.0;1.0;1.0
True_NATIVE;true_native;D11_V_indoorYT_panrot_0002.mp4;True;1.0;1.0;1.0
True_NATIVE;true_native;D11_V_indoorYT_still_0001.mp4;True;1.0;1.0;1.0
True_NATIVE;true_native;D11_V_indoorYT_still_0002.mp4;True;1.0;1.0;1.0
True_NATIVE;false_native;D11_V_outdoor_move_0002.mp4;False;0.8;0.71875;0.676471
True_NATIVE;false_native;D11_V_outdoor_panrot_0001.mp4;False;0.8;0.71875;0.676471
True_NATIVE;false_native;D11_V_outdoor_panrot_0002.mp4;False;0.8;0.71875;0.676471
True_NATIVE;false_native;D11_V_outdoor_still_0001.mp4;False;0.8;0.71875;0.676471
True_NATIVE;false_native;D11_V_outdoor_still_0002.mp4;False;0.8;0.71875;0.676471
True_NATIVE;true_native;D11_V_outdoorWA_move_0002.mp4;True;1.0;1.0;1.0
True_NATIVE;true_native;D11_V_outdoorWA_panrot_0001.mp4;True;1.0;1.0;1.0
True_NATIVE;true_native;D11_V_outdoorWA_panrot_0002.mp4;True;1.0;1.0;1.0
True_NATIVE;true_native;D11_V_outdoorWA_still_0001.mp4;True;1.0;1.0;1.0
True_NATIVE;true_native;D11_V_outdoorWA_still_0002.mp4;True;1.0;1.0;1.0
True_NATIVE;true_native;D11_V_outdoorYT_move_0002.mp4;True;1.0;1.0;1.0
True_NATIVE;true_native;D11_V_outdoorYT_panrot_0001.mp4;True;1.0;1.0;1.0
True_NATIVE;true_native;D11_V_outdoorYT_panrot_0002.mp4;True;1.0;1.0;1.0
True_NATIVE;true_native;D11_V_outdoorYT_still_0001.mp4;True;1.0;1.0;1.0
True_NATIVE;true_native;D11_V_outdoorYT_still_0002.mp4;True;1.0;1.0;1.0
True_NATIVE;false_native;D12_V_flat_move_0002.mp4;False;0.76;0.708333;0.695652
True_NATIVE;false_native;D12_V_flat_move_0003.mp4;False;0.76;0.708333;0.695652
True_NATIVE;false_native;D12_V_flat_panrot_0001.mp4;False;0.76;0.708333;0.695652
True_NATIVE;false_native;D12_V_flat_panrot_0002.mp4;False;0.76;0.708333;0.695652
True_NATIVE;false_native;D12_V_flat_still_0001.mp4;False;0.76;0.708333;0.695652
True_NATIVE;false_native;D12_V_flat_still_0002.mp4;False;0.76;0.708333;0.695652
True_NATIVE;true_native;D12_V_flatWA_move_0002.mp4;True;1.0;1.0;1.0
True_NATIVE;true_native;D12_V_flatWA_move_0003.mp4;True;1.0;1.0;1.0
True_NATIVE;true_native;D12_V_flatWA_panrot_0001.mp4;True;1.0;1.0;1.0
True_NATIVE;true_native;D12_V_flatWA_panrot_0002.mp4;True;1.0;1.0;1.0
True_NATIVE;true_native;D12_V_flatWA_still_0001.mp4;True;1.0;1.0;1.0
True_NATIVE;true_native;D12_V_flatWA_still_0002.mp4;True;1.0;1.0;1.0
True_NATIVE;true_native;D12_V_flatYT_move_0002.mp4;True;1.0;1.0;1.0
True_NATIVE;true_native;D12_V_flatYT_move_0003.mp4;True;1.0;1.0;1.0
True_NATIVE;true_native;D12_V_flatYT_panrot_0001.mp4;True;1.0;1.0;1.0
True_NATIVE;true_native;D12_V_flatYT_panrot_0002.mp4;True;1.0;1.0;1.0
True_NATIVE;true_native;D12_V_flatYT_still_0001.mp4;True;1.0;1.0;1.0
True_NATIVE;true_native;D12_V_flatYT_still_0002.mp4;True;1.0;1.0;1.0
True_NATIVE;false_native;D12_V_indoor_move_0002.mp4;False;0.76;0.708333;0.695652
True_NATIVE;false_native;D12_V_indoor_panrot_0001.mp4;False;0.76;0.708333;0.695652
True_NATIVE;false_native;D12_V_indoor_panrot_0002.mp4;False;0.76;0.708333;0.695652
True_NATIVE;false_native;D12_V_indoor_still_0001.mp4;False;0.76;0.708333;0.695652
True_NATIVE;false_native;D12_V_indoor_still_0002.mp4;False;0.76;0.708333;0.695652
True_NATIVE;true_native;D12_V_indoorWA_move_0002.mp4;True;1.0;1.0;1.0
True_NATIVE;true_native;D12_V_indoorWA_panrot_0001.mp4;True;1.0;1.0;1.0
True_NATIVE;true_native;D12_V_indoorWA_panrot_0002.mp4;True;1.0;1.0;1.0
True_NATIVE;true_native;D12_V_indoorWA_still_0001.mp4;True;1.0;1.0;1.0
True_NATIVE;true_native;D12_V_indoorWA_still_0002.mp4;True;1.0;1.0;1.0
True_NATIVE;true_native;D12_V_indoorYT_move_0002.mp4;True;1.0;1.0;1.0
True_NATIVE;true_native;D12_V_indoorYT_panrot_0001.mp4;True;1.0;1.0;1.0
True_NATIVE;true_native;D12_V_indoorYT_panrot_0002.mp4;True;1.0;1.0;1.0
True_NATIVE;true_native;D12_V_indoorYT_still_0001.mp4;True;1.0;1.0;1.0
True_NATIVE;true_native;D12_V_indoorYT_still_0002.mp4;True;1.0;1.0;1.0
True_NATIVE;false_native;D12_V_outdoor_move_0002.mp4;False;0.76;0.708333;0.695652
True_NATIVE;false_native;D12_V_outdoor_panrot_0001.mp4;False;0.76;0.708333;0.695652
True_NATIVE;false_native;D12_V_outdoor_panrot_0002.mp4;False;0.76;0.708333;0.695652
True_NATIVE;false_native;D12_V_outdoor_still_0001.mp4;False;0.76;0.708333;0.695652
True_NATIVE;false_native;D12_V_outdoor_still_0002.mp4;False;0.76;0.708333;0.695652
True_NATIVE;true_native;D12_V_outdoorWA_move_0002.mp4;True;1.0;1.0;1.0
True_NATIVE;true_native;D12_V_outdoorWA_panrot_0001.mp4;True;1.0;1.0;1.0
True_NATIVE;true_native;D12_V_outdoorWA_panrot_0002.mp4;True;1.0;1.0;1.0
True_NATIVE;true_native;D12_V_outdoorWA_still_0001.mp4;True;1.0;1.0;1.0
True_NATIVE;true_native;D12_V_outdoorWA_still_0002.mp4;True;1.0;1.0;1.0
True_NATIVE;true_native;D12_V_outdoorYT_move_0002.mp4;True;1.0;1.0;1.0
True_NATIVE;true_native;D12_V_outdoorYT_panrot_0001.mp4;True;1.0;1.0;1.0
True_NATIVE;true_native;D12_V_outdoorYT_panrot_0002.mp4;True;1.0;1.0;1.0
True_NATIVE;true_native;D12_V_outdoorYT_still_0001.mp4;True;1.0;1.0;1.0
True_NATIVE;true_native;D12_V_outdoorYT_still_0002.mp4;True;1.0;1.0;1.0
True_NATIVE;false_native;D13_V_flat_move_0002.mov;False;0.634615;0.517857;0.423729
True_NATIVE;false_native;D13_V_flat_panrot_0001.mov;False;0.634615;0.517857;0.423729
True_NATIVE;false_native;D13_V_flat_still_0001.mov;False;0.634615;0.517857;0.423729
True_NATIVE;true_native;D13_V_flatWA_move_0002.mp4;True;1.0;1.0;1.0
True_NATIVE;true_native;D13_V_flatWA_panrot_0001.mp4;True;1.0;1.0;1.0
True_NATIVE;true_native;D13_V_flatWA_still_0001.mp4;True;1.0;1.0;1.0
True_NATIVE;true_native;D13_V_flatYT_move_0002.mp4;True;1.0;1.0;1.0
True_NATIVE;true_native;D13_V_flatYT_panrot_0001.mp4;True;1.0;1.0;1.0
True_NATIVE;true_native;D13_V_flatYT_still_0001.mp4;True;1.0;1.0;1.0
True_NATIVE;false_native;D13_V_indoor_move_0002.mov;False;0.634615;0.517857;0.423729
True_NATIVE;false_native;D13_V_indoor_panrot_0001.mov;False;0.634615;0.517857;0.423729
True_NATIVE;false_native;D13_V_indoor_panrot_0002.mov;False;0.634615;0.517857;0.423729
True_NATIVE;false_native;D13_V_indoor_still_0001.mov;False;0.634615;0.517857;0.423729
True_NATIVE;false_native;D13_V_indoor_still_0002.mov;False;0.634615;0.517857;0.423729
True_NATIVE;true_native;D13_V_indoorWA_move_0002.mp4;True;1.0;1.0;1.0
True_NATIVE;true_native;D13_V_indoorWA_panrot_0001.mp4;True;1.0;1.0;1.0
True_NATIVE;true_native;D13_V_indoorWA_panrot_0002.mp4;True;1.0;1.0;1.0
True_NATIVE;true_native;D13_V_indoorWA_still_0001.mp4;True;1.0;1.0;1.0
True_NATIVE;true_native;D13_V_indoorWA_still_0002.mp4;True;1.0;1.0;1.0
True_NATIVE;true_native;D13_V_indoorYT_move_0002.mp4;True;1.0;1.0;1.0
True_NATIVE;true_native;D13_V_indoorYT_panrot_0001.mp4;True;1.0;1.0;1.0
True_NATIVE;true_native;D13_V_indoorYT_panrot_0002.mp4;True;1.0;1.0;1.0
True_NATIVE;true_native;D13_V_indoorYT_still_0001.mp4;True;1.0;1.0;1.0
True_NATIVE;true_native;D13_V_indoorYT_still_0002.mp4;True;1.0;1.0;1.0
True_NATIVE;false_native;D13_V_outdoor_move_0002.mov;False;0.634615;0.517857;0.423729
True_NATIVE;false_native;D13_V_outdoor_panrot_0001.mov;False;0.634615;0.517857;0.423729
True_NATIVE;false_native;D13_V_outdoor_panrot_0002.mov;False;0.634615;0.517857;0.423729
True_NATIVE;false_native;D13_V_outdoor_still_0001.mov;False;0.634615;0.517857;0.423729
True_NATIVE;false_native;D13_V_outdoor_still_0002.mov;False;0.634615;0.517857;0.423729
True_NATIVE;true_native;D13_V_outdoorWA_move_0002.mp4;True;1.0;1.0;1.0
True_NATIVE;true_native;D13_V_outdoorWA_panrot_0001.mp4;True;1.0;1.0;1.0
True_NATIVE;true_native;D13_V_outdoorWA_panrot_0002.mp4;True;1.0;1.0;1.0
True_NATIVE;true_native;D13_V_outdoorWA_still_0001.mp4;True;1.0;1.0;1.0
True_NATIVE;true_native;D13_V_outdoorWA_still_0002.mp4;True;1.0;1.0;1.0
True_NATIVE;true_native;D13_V_outdoorYT_move_0002.mp4;True;1.0;1.0;1.0
True_NATIVE;true_native;D13_V_outdoorYT_panrot_0001.mp4;True;1.0;1.0;1.0
True_NATIVE;true_native;D13_V_outdoorYT_panrot_0002.mp4;True;1.0;1.0;1.0
True_NATIVE;true_native;D13_V_outdoorYT_still_0001.mp4;True;1.0;1.0;1.0
True_NATIVE;true_native;D13_V_outdoorYT_still_0002.mp4;True;1.0;1.0;1.0
True_NATIVE;false_native;D14_V_flat_move_0002.mov;False;0.634615;0.517857;0.423729
True_NATIVE;false_native;D14_V_flat_move_0003.mov;False;0.634615;0.517857;0.423729
True_NATIVE;false_native;D14_V_flat_panrot_0001.mov;False;0.634615;0.517857;0.423729
True_NATIVE;false_native;D14_V_flat_panrot_0002.mov;False;0.634615;0.517857;0.423729
True_NATIVE;false_native;D14_V_flat_still_0001.mov;False;0.634615;0.517857;0.423729
True_NATIVE;false_native;D14_V_flat_still_0002.mov;False;0.634615;0.517857;0.423729
True_NATIVE;true_native;D14_V_flatWA_move_0002.mp4;True;1.0;1.0;1.0
True_NATIVE;true_native;D14_V_flatWA_move_0003.mp4;True;1.0;1.0;1.0
True_NATIVE;true_native;D14_V_flatWA_panrot_0001.mp4;True;1.0;1.0;1.0
True_NATIVE;true_native;D14_V_flatWA_panrot_0002.mp4;True;1.0;1.0;1.0
True_NATIVE;true_native;D14_V_flatWA_still_0001.mp4;True;1.0;1.0;1.0
True_NATIVE;true_native;D14_V_flatWA_still_0002.mp4;True;1.0;1.0;1.0
True_NATIVE;true_native;D14_V_flatYT_move_0002.mp4;True;1.0;1.0;1.0
True_NATIVE;true_native;D14_V_flatYT_move_0003.mp4;True;1.0;1.0;1.0
True_NATIVE;true_native;D14_V_flatYT_panrot_0001.mp4;True;1.0;1.0;1.0
True_NATIVE;true_native;D14_V_flatYT_panrot_0002.mp4;True;1.0;1.0;1.0
True_NATIVE;true_native;D14_V_flatYT_still_0001.mp4;True;1.0;1.0;1.0
True_NATIVE;true_native;D14_V_flatYT_still_0002.mp4;True;1.0;1.0;1.0
True_NATIVE;false_native;D14_V_indoor_move_0002.mov;False;0.634615;0.517857;0.423729
True_NATIVE;false_native;D14_V_indoor_panrot_0001.mov;False;0.634615;0.517857;0.423729
True_NATIVE;false_native;D14_V_indoor_panrot_0002.mov;False;0.634615;0.517857;0.423729
True_NATIVE;false_native;D14_V_indoor_still_0001.mov;False;0.634615;0.517857;0.423729
True_NATIVE;false_native;D14_V_indoor_still_0002.mov;False;0.634615;0.517857;0.423729
True_NATIVE;true_native;D14_V_indoorWA_move_0002.mp4;True;1.0;1.0;1.0
True_NATIVE;true_native;D14_V_indoorWA_panrot_0001.mp4;True;1.0;1.0;1.0
True_NATIVE;true_native;D14_V_indoorWA_panrot_0002.mp4;True;1.0;1.0;1.0
True_NATIVE;true_native;D14_V_indoorWA_still_0001.mp4;True;1.0;1.0;1.0
True_NATIVE;true_native;D14_V_indoorWA_still_0002.mp4;True;1.0;1.0;1.0
True_NATIVE;true_native;D14_V_indoorYT_move_0002.mp4;True;1.0;1.0;1.0
True_NATIVE;true_native;D14_V_indoorYT_panrot_0001.mp4;True;1.0;1.0;1.0
True_NATIVE;true_native;D14_V_indoorYT_panrot_0002.mp4;True;1.0;1.0;1.0
True_NATIVE;true_native;D14_V_indoorYT_still_0001.mp4;True;1.0;1.0;1.0
True_NATIVE;true_native;D14_V_indoorYT_still_0002.mp4;True;1.0;1.0;1.0
True_NATIVE;false_native;D14_V_outdoor_move_0002.mov;False;0.634615;0.517857;0.423729
True_NATIVE;false_native;D14_V_outdoor_panrot_0001.mov;False;0.634615;0.517857;0.423729
True_NATIVE;false_native;D14_V_outdoor_panrot_0002.mov;False;0.634615;0.517857;0.423729
True_NATIVE;false_native;D14_V_outdoor_still_0001.mov;False;0.634615;0.517857;0.423729
True_NATIVE;false_native;D14_V_outdoor_still_0002.mov;False;0.634615;0.517857;0.423729
True_NATIVE;true_native;D14_V_outdoorWA_move_0002.mp4;True;1.0;1.0;1.0
True_NATIVE;true_native;D14_V_outdoorWA_panrot_0001.mp4;True;1.0;1.0;1.0
True_NATIVE;true_native;D14_V_outdoorWA_panrot_0002.mp4;True;1.0;1.0;1.0
True_NATIVE;true_native;D14_V_outdoorWA_still_0001.mp4;True;1.0;1.0;1.0
True_NATIVE;true_native;D14_V_outdoorWA_still_0002.mp4;True;1.0;1.0;1.0
True_NATIVE;true_native;D14_V_outdoorYT_move_0002.mp4;True;1.0;1.0;1.0
True_NATIVE;true_native;D14_V_outdoorYT_panrot_0001.mp4;True;1.0;1.0;1.0
True_NATIVE;true_native;D14_V_outdoorYT_panrot_0002.mp4;True;1.0;1.0;1.0
True_NATIVE;true_native;D14_V_outdoorYT_still_0001.mp4;True;1.0;1.0;1.0
True_NATIVE;true_native;D14_V_outdoorYT_still_0002.mp4;True;1.0;1.0;1.0
True_NATIVE;false_native;D15_V_flat_move_0002.mov;False;0.627451;0.526316;0.435484
True_NATIVE;false_native;D15_V_flat_move_0003.mov;False;0.627451;0.526316;0.435484
True_NATIVE;false_native;D15_V_flat_panrot_0001.mov;False;0.627451;0.526316;0.435484
True_NATIVE;false_native;D15_V_flat_panrot_0002.mov;False;0.627451;0.526316;0.435484
True_NATIVE;false_native;D15_V_flat_still_0001.mov;False;0.627451;0.526316;0.435484
True_NATIVE;false_native;D15_V_flat_still_0002.mov;False;0.627451;0.526316;0.435484
True_NATIVE;true_native;D15_V_flatWA_move_0002.mp4;True;1.0;1.0;1.0
True_NATIVE;true_native;D15_V_flatWA_move_0003.mp4;True;1.0;1.0;1.0
True_NATIVE;true_native;D15_V_flatWA_panrot_0001.mp4;True;1.0;1.0;1.0
True_NATIVE;true_native;D15_V_flatWA_panrot_0002.mp4;True;1.0;1.0;1.0
True_NATIVE;true_native;D15_V_flatWA_still_0001.mp4;True;1.0;1.0;1.0
True_NATIVE;true_native;D15_V_flatWA_still_0002.mp4;True;1.0;1.0;1.0
True_NATIVE;true_native;D15_V_flatYT_move_0002.mp4;True;1.0;1.0;1.0
True_NATIVE;true_native;D15_V_flatYT_move_0003.mp4;True;1.0;1.0;1.0
True_NATIVE;true_native;D15_V_flatYT_panrot_0001.mp4;True;1.0;1.0;1.0
True_NATIVE;true_native;D15_V_flatYT_panrot_0002.mp4;True;1.0;1.0;1.0
True_NATIVE;true_native;D15_V_flatYT_still_0001.mp4;True;1.0;1.0;1.0
True_NATIVE;true_native;D15_V_flatYT_still_0002.mp4;True;1.0;1.0;1.0
True_NATIVE;false_native;D15_V_indoor_move_0002.mov;False;0.627451;0.526316;0.435484
True_NATIVE;false_native;D15_V_indoor_panrot_0001.mov;False;0.627451;0.526316;0.435484
True_NATIVE;false_native;D15_V_indoor_panrot_0002.mov;False;0.627451;0.526316;0.435484
True_NATIVE;false_native;D15_V_indoor_still_0001.mov;False;0.627451;0.526316;0.435484
True_NATIVE;false_native;D15_V_indoor_still_0002.mov;False;0.627451;0.526316;0.435484
True_NATIVE;true_native;D15_V_indoorWA_move_0002.mp4;True;1.0;1.0;1.0
True_NATIVE;true_native;D15_V_indoorWA_panrot_0001.mp4;True;1.0;1.0;1.0
True_NATIVE;true_native;D15_V_indoorWA_panrot_0002.mp4;True;1.0;1.0;1.0
True_NATIVE;true_native;D15_V_indoorWA_still_0001.mp4;True;1.0;1.0;1.0
True_NATIVE;true_native;D15_V_indoorWA_still_0002.mp4;True;1.0;1.0;1.0
True_NATIVE;true_native;D15_V_indoorYT_move_0002.mp4;True;1.0;1.0;1.0
True_NATIVE;true_native;D15_V_indoorYT_panrot_0001.mp4;True;1.0;1.0;1.0
True_NATIVE;true_native;D15_V_indoorYT_panrot_0002.mp4;True;1.0;1.0;1.0
True_NATIVE;true_native;D15_V_indoorYT_still_0001.mp4;True;1.0;1.0;1.0
True_NATIVE;true_native;D15_V_indoorYT_still_0002.mp4;True;1.0;1.0;1.0
True_NATIVE;false_native;D15_V_outdoor_move_0002.mov;False;0.627451;0.526316;0.435484
True_NATIVE;false_native;D15_V_outdoor_panrot_0001.mov;False;0.627451;0.526316;0.435484
True_NATIVE;false_native;D15_V_outdoor_panrot_0002.mov;False;0.627451;0.526316;0.435484
True_NATIVE;false_native;D15_V_outdoor_still_0001.mov;False;0.627451;0.526316;0.435484
True_NATIVE;true_native;D15_V_outdoorWA_move_0002.mp4;True;1.0;1.0;1.0
True_NATIVE;true_native;D15_V_outdoorWA_panrot_0001.mp4;True;1.0;1.0;1.0
True_NATIVE;true_native;D15_V_outdoorWA_panrot_0002.mp4;True;1.0;1.0;1.0
True_NATIVE;true_native;D15_V_outdoorWA_still_0001.mp4;True;1.0;1.0;1.0
True_NATIVE;true_native;D15_V_outdoorYT_move_0002.mp4;True;1.0;1.0;1.0
True_NATIVE;true_native;D15_V_outdoorYT_panrot_0001.mp4;True;1.0;1.0;1.0
True_NATIVE;true_native;D15_V_outdoorYT_panrot_0002.mp4;True;1.0;1.0;1.0
True_NATIVE;true_native;D15_V_outdoorYT_still_0001.mp4;True;1.0;1.0;1.0
True_NATIVE;false_native;D16_V_flat_move_0002.mp4;False;0.764706;0.638889;0.552632
True_NATIVE;false_native;D16_V_flat_move_0003.mp4;False;0.764706;0.638889;0.552632
True_NATIVE;false_native;D16_V_flat_panrot_0001.mp4;False;0.764706;0.638889;0.552632
True_NATIVE;false_native;D16_V_flat_panrot_0002.mp4;False;0.764706;0.638889;0.552632
True_NATIVE;false_native;D16_V_flat_still_0001.mp4;False;0.764706;0.638889;0.552632
True_NATIVE;false_native;D16_V_flat_still_0002.mp4;False;0.764706;0.638889;0.552632
True_NATIVE;true_native;D16_V_flatWA_move_0002.mp4;True;1.0;1.0;1.0
True_NATIVE;true_native;D16_V_flatWA_move_0003.mp4;True;1.0;1.0;1.0
True_NATIVE;true_native;D16_V_flatWA_panrot_0001.mp4;True;1.0;1.0;1.0
True_NATIVE;true_native;D16_V_flatWA_panrot_0002.mp4;True;1.0;1.0;1.0
True_NATIVE;true_native;D16_V_flatWA_still_0001.mp4;True;1.0;1.0;1.0
True_NATIVE;true_native;D16_V_flatWA_still_0002.mp4;True;1.0;1.0;1.0
True_NATIVE;true_native;D16_V_flatYT_move_0002.mp4;True;1.0;1.0;1.0
True_NATIVE;true_native;D16_V_flatYT_move_0003.mp4;True;1.0;1.0;1.0
True_NATIVE;true_native;D16_V_flatYT_panrot_0001.mp4;True;1.0;1.0;1.0
True_NATIVE;true_native;D16_V_flatYT_panrot_0002.mp4;True;1.0;1.0;1.0
True_NATIVE;true_native;D16_V_flatYT_still_0001.mp4;True;1.0;1.0;1.0
True_NATIVE;true_native;D16_V_flatYT_still_0002.mp4;True;1.0;1.0;1.0
True_NATIVE;false_native;D16_V_indoor_move_0002.mp4;False;0.764706;0.638889;0.552632
True_NATIVE;false_native;D16_V_indoor_panrot_0001.mp4;False;0.764706;0.638889;0.552632
True_NATIVE;false_native;D16_V_indoor_panrot_0002.mp4;False;0.764706;0.638889;0.552632
True_NATIVE;false_native;D16_V_indoor_still_0001.mp4;False;0.764706;0.638889;0.552632
True_NATIVE;false_native;D16_V_indoor_still_0002.mp4;False;0.764706;0.638889;0.552632
True_NATIVE;true_native;D16_V_indoorWA_move_0002.mp4;True;1.0;1.0;1.0
True_NATIVE;true_native;D16_V_indoorWA_panrot_0001.mp4;True;1.0;1.0;1.0
True_NATIVE;true_native;D16_V_indoorWA_panrot_0002.mp4;True;1.0;1.0;1.0
True_NATIVE;true_native;D16_V_indoorWA_still_0001.mp4;True;1.0;1.0;1.0
True_NATIVE;true_native;D16_V_indoorWA_still_0002.mp4;True;1.0;1.0;1.0
True_NATIVE;true_native;D16_V_indoorYT_move_0002.mp4;True;1.0;1.0;1.0
True_NATIVE;true_native;D16_V_indoorYT_panrot_0001.mp4;True;1.0;1.0;1.0
True_NATIVE;true_native;D16_V_indoorYT_panrot_0002.mp4;True;1.0;1.0;1.0
True_NATIVE;true_native;D16_V_indoorYT_still_0001.mp4;True;1.0;1.0;1.0
True_NATIVE;true_native;D16_V_indoorYT_still_0002.mp4;True;1.0;1.0;1.0
True_NATIVE;false_native;D16_V_outdoor_move_0002.mp4;False;0.764706;0.638889;0.552632
True_NATIVE;false_native;D16_V_outdoor_panrot_0001.mp4;False;0.764706;0.638889;0.552632
True_NATIVE;false_native;D16_V_outdoor_panrot_0002.mp4;False;0.764706;0.638889;0.552632
True_NATIVE;false_native;D16_V_outdoor_still_0001.mp4;False;0.764706;0.638889;0.552632
True_NATIVE;false_native;D16_V_outdoor_still_0002.mp4;False;0.764706;0.638889;0.552632
True_NATIVE;true_native;D16_V_outdoorWA_move_0002.mp4;True;1.0;1.0;1.0
True_NATIVE;true_native;D16_V_outdoorWA_panrot_0001.mp4;True;1.0;1.0;1.0
True_NATIVE;true_native;D16_V_outdoorWA_panrot_0002.mp4;True;1.0;1.0;1.0
True_NATIVE;true_native;D16_V_outdoorWA_still_0001.mp4;True;1.0;1.0;1.0
True_NATIVE;true_native;D16_V_outdoorWA_still_0002.mp4;True;1.0;1.0;1.0
True_NATIVE;true_native;D16_V_outdoorYT_move_0002.mp4;True;1.0;1.0;1.0
True_NATIVE;true_native;D16_V_outdoorYT_panrot_0001.mp4;True;1.0;1.0;1.0
True_NATIVE;true_native;D16_V_outdoorYT_panrot_0002.mp4;True;1.0;1.0;1.0
True_NATIVE;true_native;D16_V_outdoorYT_still_0001.mp4;True;1.0;1.0;1.0
True_NATIVE;true_native;D16_V_outdoorYT_still_0002.mp4;True;1.0;1.0;1.0
True_NATIVE;false_native;D17_V_flat_move_0002.mp4;False;0.736842;0.658537;0.604651
True_NATIVE;false_native;D17_V_flat_panrot_0001.mp4;False;0.757576;0.694444;0.657895
True_NATIVE;false_native;D17_V_flat_still_0001.mp4;False;0.736842;0.658537;0.604651
True_NATIVE;true_native;D17_V_flatWA_move_0002.mp4;True;1.0;1.0;1.0
True_NATIVE;true_native;D17_V_flatWA_panrot_0001.mp4;True;1.0;1.0;1.0
True_NATIVE;true_native;D17_V_flatWA_still_0001.mp4;True;1.0;1.0;1.0
True_NATIVE;true_native;D17_V_flatYT_move_0002.mp4;True;1.0;1.0;1.0
True_NATIVE;true_native;D17_V_flatYT_panrot_0001.mp4;True;1.0;1.0;1.0
True_NATIVE;true_native;D17_V_flatYT_still_0001.mp4;True;1.0;1.0;1.0
True_NATIVE;false_native;D17_V_indoor_panrot_0001.mp4;False;0.736842;0.658537;0.604651
True_NATIVE;false_native;D17_V_indoor_still_0001.mp4;False;0.736842;0.658537;0.604651
True_NATIVE;true_native;D17_V_indoorWA_panrot_0001.mp4;True;1.0;1.0;1.0
True_NATIVE;true_native;D17_V_indoorWA_still_0001.mp4;True;1.0;1.0;1.0
True_NATIVE;true_native;D17_V_indoorYT_panrot_0001.mp4;True;1.0;1.0;1.0
True_NATIVE;true_native;D17_V_indoorYT_still_0001.mp4;True;1.0;1.0;1.0
True_NATIVE;false_native;D17_V_outdoor_panrot_0001.mp4;False;0.736842;0.658537;0.604651
True_NATIVE;false_native;D17_V_outdoor_still_0001.mp4;False;0.736842;0.658537;0.604651
True_NATIVE;true_native;D17_V_outdoorWA_panrot_0001.mp4;True;1.0;1.0;1.0
True_NATIVE;true_native;D17_V_outdoorWA_still_0001.mp4;True;1.0;1.0;1.0
True_NATIVE;true_native;D17_V_outdoorYT_panrot_0001.mp4;True;1.0;1.0;1.0
True_NATIVE;true_native;D17_V_outdoorYT_still_0001.mp4;True;1.0;1.0;1.0
True_NATIVE;false_native;D18_V_flat_move_0002.mov;False;0.64;0.566038;0.490909
True_NATIVE;false_native;D18_V_flat_panrot_0001.mov;False;0.64;0.566038;0.490909
True_NATIVE;false_native;D18_V_flat_still_0001.mov;False;0.64;0.566038;0.490909
True_NATIVE;false_native;D18_V_flat_still_0002.mov;False;0.64;0.566038;0.490909
True_NATIVE;true_native;D18_V_flatWA_move_0002.mp4;True;1.0;1.0;1.0
True_NATIVE;true_native;D18_V_flatWA_panrot_0001.mp4;True;1.0;1.0;1.0
True_NATIVE;true_native;D18_V_flatWA_still_0001.mp4;True;1.0;1.0;1.0
True_NATIVE;true_native;D18_V_flatWA_still_0002.mp4;True;1.0;1.0;1.0
True_NATIVE;true_native;D18_V_flatYT_move_0002.mp4;True;1.0;1.0;1.0
True_NATIVE;true_native;D18_V_flatYT_panrot_0001.mp4;True;1.0;1.0;1.0
True_NATIVE;true_native;D18_V_flatYT_still_0001.mp4;True;1.0;1.0;1.0
True_NATIVE;true_native;D18_V_flatYT_still_0002.mp4;True;1.0;1.0;1.0
True_NATIVE;false_native;D18_V_indoor_panrot_0001.mov;False;0.64;0.566038;0.490909
True_NATIVE;false_native;D18_V_indoor_still_0001.mov;False;0.64;0.566038;0.490909
True_NATIVE;false_native;D18_V_indoor_still_0002.mov;False;0.64;0.566038;0.490909
True_NATIVE;true_native;D18_V_indoorWA_panrot_0001.mp4;True;1.0;1.0;1.0
True_NATIVE;true_native;D18_V_indoorWA_still_0001.mp4;True;1.0;1.0;1.0
True_NATIVE;true_native;D18_V_indoorWA_still_0002.mp4;True;1.0;1.0;1.0
True_NATIVE;true_native;D18_V_indoorYT_panrot_0001.mp4;True;1.0;1.0;1.0
True_NATIVE;true_native;D18_V_indoorYT_still_0001.mp4;True;1.0;1.0;1.0
True_NATIVE;true_native;D18_V_indoorYT_still_0002.mp4;True;1.0;1.0;1.0
True_NATIVE;false_native;D18_V_outdoor_panrot_0001.mov;False;0.64;0.566038;0.490909
True_NATIVE;false_native;D18_V_outdoor_still_0001.mov;False;0.64;0.566038;0.490909
True_NATIVE;false_native;D18_V_outdoor_still_0002.mov;False;0.64;0.566038;0.490909
True_NATIVE;true_native;D18_V_outdoorWA_panrot_0001.mp4;True;1.0;1.0;1.0
True_NATIVE;true_native;D18_V_outdoorWA_still_0001.mp4;True;1.0;1.0;1.0
True_NATIVE;true_native;D18_V_outdoorWA_still_0002.mp4;True;1.0;1.0;1.0
True_NATIVE;true_native;D18_V_outdoorYT_panrot_0001.mp4;True;1.0;1.0;1.0
True_NATIVE;true_native;D18_V_outdoorYT_still_0001.mp4;True;1.0;1.0;1.0
True_NATIVE;true_native;D18_V_outdoorYT_still_0002.mp4;True;1.0;1.0;1.0
True_NATIVE;false_native;D19_V_flat_move_0003.mov;False;0.627451;0.526316;0.435484
True_NATIVE;false_native;D19_V_flat_panrot_0001.mov;False;0.627451;0.526316;0.435484
True_NATIVE;false_native;D19_V_flat_panrot_0002.mov;False;0.627451;0.526316;0.435484
True_NATIVE;false_native;D19_V_flat_still_0001.mov;False;0.627451;0.526316;0.435484
True_NATIVE;false_native;D19_V_flat_still_0002.mov;False;0.627451;0.526316;0.435484
True_NATIVE;true_native;D19_V_flatWA_move_0003.mp4;True;1.0;1.0;1.0
True_NATIVE;true_native;D19_V_flatWA_panrot_0001.mp4;True;1.0;1.0;1.0
True_NATIVE;true_native;D19_V_flatWA_panrot_0002.mp4;True;1.0;1.0;1.0
True_NATIVE;true_native;D19_V_flatWA_still_0001.mp4;True;1.0;1.0;1.0
True_NATIVE;true_native;D19_V_flatWA_still_0002.mp4;True;1.0;1.0;1.0
True_NATIVE;true_native;D19_V_flatYT_move_0003.mp4;True;1.0;1.0;1.0
True_NATIVE;true_native;D19_V_flatYT_panrot_0001.mp4;True;1.0;1.0;1.0
True_NATIVE;true_native;D19_V_flatYT_panrot_0002.mp4;True;1.0;1.0;1.0
True_NATIVE;true_native;D19_V_flatYT_still_0001.mp4;True;1.0;1.0;1.0
True_NATIVE;true_native;D19_V_flatYT_still_0002.mp4;True;1.0;1.0;1.0
True_NATIVE;false_native;D19_V_indoor_move_0002.mov;False;0.627451;0.526316;0.435484
True_NATIVE;false_native;D19_V_indoor_panrot_0001.mov;False;0.627451;0.526316;0.435484
True_NATIVE;false_native;D19_V_indoor_panrot_0002.mov;False;0.627451;0.526316;0.435484
True_NATIVE;false_native;D19_V_indoor_still_0001.mov;False;0.627451;0.526316;0.435484
True_NATIVE;false_native;D19_V_indoor_still_0002.mov;False;0.627451;0.526316;0.435484
True_NATIVE;true_native;D19_V_indoorWA_move_0002.mp4;True;1.0;1.0;1.0
True_NATIVE;true_native;D19_V_indoorWA_panrot_0001.mp4;True;1.0;1.0;1.0
True_NATIVE;true_native;D19_V_indoorWA_panrot_0002.mp4;True;1.0;1.0;1.0
True_NATIVE;true_native;D19_V_indoorWA_still_0001.mp4;True;1.0;1.0;1.0
True_NATIVE;true_native;D19_V_indoorWA_still_0002.mp4;True;1.0;1.0;1.0
True_NATIVE;true_native;D19_V_indoorYT_move_0002.mp4;True;1.0;1.0;1.0
True_NATIVE;true_native;D19_V_indoorYT_panrot_0001.mp4;True;1.0;1.0;1.0
True_NATIVE;true_native;D19_V_indoorYT_panrot_0002.mp4;True;1.0;1.0;1.0
True_NATIVE;true_native;D19_V_indoorYT_still_0001.mp4;True;1.0;1.0;1.0
True_NATIVE;true_native;D19_V_indoorYT_still_0002.mp4;True;1.0;1.0;1.0
True_NATIVE;false_native;D19_V_outdoor_move_0002.mov;False;0.627451;0.526316;0.435484
True_NATIVE;false_native;D19_V_outdoor_panrot_0001.mov;False;0.627451;0.526316;0.435484
True_NATIVE;false_native;D19_V_outdoor_panrot_0002.mov;False;0.627451;0.526316;0.435484
True_NATIVE;false_native;D19_V_outdoor_still_0001.mov;False;0.627451;0.526316;0.435484
True_NATIVE;false_native;D19_V_outdoor_still_0002.mov;False;0.627451;0.526316;0.435484
True_NATIVE;true_native;D19_V_outdoorWA_move_0002.mp4;True;1.0;1.0;1.0
True_NATIVE;true_native;D19_V_outdoorWA_panrot_0001.mp4;True;1.0;1.0;1.0
True_NATIVE;true_native;D19_V_outdoorWA_panrot_0002.mp4;True;1.0;1.0;1.0
True_NATIVE;true_native;D19_V_outdoorWA_still_0001.mp4;True;1.0;1.0;1.0
True_NATIVE;true_native;D19_V_outdoorWA_still_0002.mp4;True;1.0;1.0;1.0
True_NATIVE;true_native;D19_V_outdoorYT_move_0002.mp4;True;1.0;1.0;1.0
True_NATIVE;true_native;D19_V_outdoorYT_panrot_0001.mp4;True;1.0;1.0;1.0
True_NATIVE;true_native;D19_V_outdoorYT_panrot_0002.mp4;True;1.0;1.0;1.0
True_NATIVE;true_native;D19_V_outdoorYT_still_0001.mp4;True;1.0;1.0;1.0
True_NATIVE;true_native;D19_V_outdoorYT_still_0002.mp4;True;1.0;1.0;1.0
True_NATIVE;false_native;D20_V_flat_move_0002.mov;False;0.64;0.566038;0.490909
True_NATIVE;false_native;D20_V_flat_panrot_0001.mov;False;0.64;0.566038;0.490909
True_NATIVE;false_native;D20_V_flat_still_0001.mov;False;0.64;0.566038;0.490909
True_NATIVE;true_native;D20_V_flatWA_move_0002.mp4;True;1.0;1.0;1.0
True_NATIVE;true_native;D20_V_flatWA_panrot_0001.mp4;True;1.0;1.0;1.0
True_NATIVE;true_native;D20_V_flatWA_still_0001.mp4;True;1.0;1.0;1.0
True_NATIVE;true_native;D20_V_flatYT_move_0002.mp4;True;1.0;1.0;1.0
True_NATIVE;true_native;D20_V_flatYT_panrot_0001.mp4;True;1.0;1.0;1.0
True_NATIVE;true_native;D20_V_flatYT_still_0001.mp4;True;1.0;1.0;1.0
True_NATIVE;false_native;D20_V_indoor_move_0002.mov;False;0.653061;0.576923;0.5
True_NATIVE;false_native;D20_V_indoor_panrot_0001.mov;False;0.653061;0.576923;0.5
True_NATIVE;false_native;D20_V_indoor_panrot_0002.mov;False;0.653061;0.576923;0.5
True_NATIVE;false_native;D20_V_indoor_still_0001.mov;False;0.653061;0.576923;0.5
True_NATIVE;false_native;D20_V_indoor_still_0002.mov;False;0.653061;0.576923;0.5
True_NATIVE;true_native;D20_V_indoorWA_move_0002.mp4;True;1.0;1.0;1.0
True_NATIVE;true_native;D20_V_indoorWA_panrot_0001.mp4;True;1.0;1.0;1.0
True_NATIVE;true_native;D20_V_indoorWA_panrot_0002.mp4;True;1.0;1.0;1.0
True_NATIVE;true_native;D20_V_indoorWA_still_0001.mp4;True;1.0;1.0;1.0
True_NATIVE;true_native;D20_V_indoorWA_still_0002.mp4;True;1.0;1.0;1.0
True_NATIVE;true_native;D20_V_indoorYT_move_0002.mp4;True;1.0;1.0;1.0
True_NATIVE;true_native;D20_V_indoorYT_panrot_0001.mp4;True;1.0;1.0;1.0
True_NATIVE;true_native;D20_V_indoorYT_panrot_0002.mp4;True;1.0;1.0;1.0
True_NATIVE;true_native;D20_V_indoorYT_still_0001.mp4;True;1.0;1.0;1.0
True_NATIVE;true_native;D20_V_indoorYT_still_0002.mp4;True;1.0;1.0;1.0
True_NATIVE;false_native;D20_V_outdoor_move_0002.mov;False;0.653061;0.576923;0.5
True_NATIVE;false_native;D20_V_outdoor_panrot_0001.mov;False;0.64;0.566038;0.490909
True_NATIVE;false_native;D20_V_outdoor_panrot_0002.mov;False;0.653061;0.576923;0.5
True_NATIVE;false_native;D20_V_outdoor_still_0001.mov;False;0.64;0.566038;0.490909
True_NATIVE;false_native;D20_V_outdoor_still_0002.mov;False;0.653061;0.576923;0.5
True_NATIVE;true_native;D20_V_outdoorWA_move_0002.mp4;True;1.0;1.0;1.0
True_NATIVE;true_native;D20_V_outdoorWA_panrot_0001.mp4;True;1.0;1.0;1.0
True_NATIVE;true_native;D20_V_outdoorWA_panrot_0002.mp4;True;1.0;1.0;1.0
True_NATIVE;true_native;D20_V_outdoorWA_still_0001.mp4;True;1.0;1.0;1.0
True_NATIVE;true_native;D20_V_outdoorWA_still_0002.mp4;True;1.0;1.0;1.0
True_NATIVE;true_native;D20_V_outdoorYT_move_0002.mp4;True;1.0;1.0;1.0
True_NATIVE;true_native;D20_V_outdoorYT_panrot_0001.mp4;True;1.0;1.0;1.0
True_NATIVE;true_native;D20_V_outdoorYT_panrot_0002.mp4;True;1.0;1.0;1.0
True_NATIVE;true_native;D20_V_outdoorYT_still_0001.mp4;True;1.0;1.0;1.0
True_NATIVE;true_native;D20_V_outdoorYT_still_0002.mp4;True;1.0;1.0;1.0
True_NATIVE;false_native;D21_V_flat_move_0002.mp4;False;0.866667;0.75;0.705882
True_NATIVE;false_native;D21_V_flat_panrot_0001.mp4;False;0.866667;0.75;0.705882
True_NATIVE;false_native;D21_V_flat_still_0001.mp4;False;0.866667;0.75;0.705882
True_NATIVE;true_native;D21_V_flatWA_move_0002.mp4;True;1.0;1.0;1.0
True_NATIVE;true_native;D21_V_flatWA_still_0001.mp4;True;1.0;1.0;1.0
True_NATIVE;true_native;D21_V_flatYT_move_0002.mp4;True;1.0;1.0;1.0
True_NATIVE;true_native;D21_V_flatYT_panrot_0001.mp4;True;1.0;1.0;1.0
True_NATIVE;true_native;D21_V_flatYT_still_0001.mp4;True;1.0;1.0;1.0
True_NATIVE;false_native;D21_V_indoor_panrot_0001.mp4;False;0.866667;0.75;0.705882
True_NATIVE;false_native;D21_V_indoor_still_0001.mp4;False;0.866667;0.75;0.705882
True_NATIVE;true_native;D21_V_indoorWA_panrot_0001.mp4;True;1.0;1.0;1.0
True_NATIVE;true_native;D21_V_indoorWA_still_0001.mp4;True;1.0;1.0;1.0
True_NATIVE;true_native;D21_V_indoorYT_panrot_0001.mp4;True;1.0;1.0;1.0
True_NATIVE;true_native;D21_V_indoorYT_still_0001.mp4;True;1.0;1.0;1.0
True_NATIVE;false_native;D21_V_outdoor_panrot_0001.mp4;False;0.866667;0.75;0.705882
True_NATIVE;false_native;D21_V_outdoor_still_0001.mp4;False;0.866667;0.75;0.705882
True_NATIVE;false_native;D21_V_outdoor_still_0002.mp4;False;0.866667;0.75;0.705882
True_NATIVE;true_native;D21_V_outdoorWA_panrot_0001.mp4;True;1.0;1.0;1.0
True_NATIVE;true_native;D21_V_outdoorWA_still_0001.mp4;True;1.0;1.0;1.0
True_NATIVE;true_native;D21_V_outdoorWA_still_0002.mp4;True;1.0;1.0;1.0
True_NATIVE;true_native;D21_V_outdoorYT_panrot_0001.mp4;True;1.0;1.0;1.0
True_NATIVE;true_native;D21_V_outdoorYT_still_0001.mp4;True;1.0;1.0;1.0
True_NATIVE;true_native;D21_V_outdoorYT_still_0002.mp4;True;1.0;1.0;1.0
True_NATIVE;false_native;D22_V_flat_move_0002.mp4;False;0.741935;0.636364;0.571429
True_NATIVE;false_native;D22_V_flat_panrot_0001.mp4;False;0.741935;0.636364;0.571429
True_NATIVE;false_native;D22_V_flat_still_0001.mp4;False;0.741935;0.636364;0.571429
True_NATIVE;true_native;D22_V_flatWA_move_0002.mp4;True;1.0;1.0;1.0
True_NATIVE;true_native;D22_V_flatWA_panrot_0001.mp4;True;1.0;1.0;1.0
True_NATIVE;true_native;D22_V_flatWA_still_0001.mp4;True;1.0;1.0;1.0
True_NATIVE;true_native;D22_V_flatYT_move_0002.mp4;True;1.0;1.0;1.0
True_NATIVE;true_native;D22_V_flatYT_panrot_0001.mp4;True;1.0;1.0;1.0
True_NATIVE;true_native;D22_V_flatYT_still_0001.mp4;True;1.0;1.0;1.0
True_NATIVE;false_native;D22_V_indoor_move_0002.mp4;False;0.741935;0.636364;0.571429
True_NATIVE;false_native;D22_V_indoor_panrot_0001.mp4;False;0.741935;0.636364;0.571429
True_NATIVE;false_native;D22_V_indoor_panrot_0002.mp4;False;0.741935;0.636364;0.571429
True_NATIVE;false_native;D22_V_indoor_still_0001.mp4;False;0.741935;0.636364;0.571429
True_NATIVE;false_native;D22_V_indoor_still_0002.mp4;False;0.741935;0.636364;0.571429
True_NATIVE;true_native;D22_V_indoorWA_panrot_0001.mp4;True;1.0;1.0;1.0
True_NATIVE;true_native;D22_V_indoorWA_panrot_0002.mp4;True;1.0;1.0;1.0
True_NATIVE;true_native;D22_V_indoorWA_still_0001.mp4;True;1.0;1.0;1.0
True_NATIVE;true_native;D22_V_indoorWA_still_0002.mp4;True;1.0;1.0;1.0
True_NATIVE;true_native;D22_V_indoorYT_move_0002.mp4;True;1.0;1.0;1.0
True_NATIVE;true_native;D22_V_indoorYT_panrot_0001.mp4;True;1.0;1.0;1.0
True_NATIVE;true_native;D22_V_indoorYT_panrot_0002.mp4;True;1.0;1.0;1.0
True_NATIVE;true_native;D22_V_indoorYT_still_0001.mp4;True;1.0;1.0;1.0
True_NATIVE;true_native;D22_V_indoorYT_still_0002.mp4;True;1.0;1.0;1.0
True_NATIVE;false_native;D22_V_outdoor_move_0002.mp4;False;0.741935;0.636364;0.571429
True_NATIVE;false_native;D22_V_outdoor_panrot_0001.mp4;False;0.741935;0.636364;0.571429
True_NATIVE;false_native;D22_V_outdoor_panrot_0002.mp4;False;0.741935;0.636364;0.571429
True_NATIVE;false_native;D22_V_outdoor_still_0001.mp4;False;0.741935;0.636364;0.571429
True_NATIVE;false_native;D22_V_outdoor_still_0002.mp4;False;0.741935;0.636364;0.571429
True_NATIVE;true_native;D22_V_outdoorWA_move_0002.mp4;True;1.0;1.0;1.0
True_NATIVE;true_native;D22_V_outdoorWA_panrot_0001.mp4;True;1.0;1.0;1.0
True_NATIVE;true_native;D22_V_outdoorWA_panrot_0002.mp4;True;1.0;1.0;1.0
True_NATIVE;true_native;D22_V_outdoorWA_still_0001.mp4;True;1.0;1.0;1.0
True_NATIVE;true_native;D22_V_outdoorWA_still_0002.mp4;True;1.0;1.0;1.0
True_NATIVE;true_native;D22_V_outdoorYT_move_0002.mp4;True;1.0;1.0;1.0
True_NATIVE;true_native;D22_V_outdoorYT_panrot_0001.mp4;True;1.0;1.0;1.0
True_NATIVE;true_native;D22_V_outdoorYT_panrot_0002.mp4;True;1.0;1.0;1.0
True_NATIVE;true_native;D22_V_outdoorYT_still_0001.mp4;True;1.0;1.0;1.0
True_NATIVE;true_native;D22_V_outdoorYT_still_0002.mp4;True;1.0;1.0;1.0
True_NATIVE;false_native;D23_V_flat_move_0002.mp4;False;0.823529;0.666667;0.578947
True_NATIVE;false_native;D23_V_flat_move_0003.mp4;False;0.823529;0.666667;0.578947
True_NATIVE;false_native;D23_V_flat_panrot_0001.mp4;False;0.823529;0.666667;0.578947
True_NATIVE;false_native;D23_V_flat_panrot_0002.mp4;False;0.823529;0.666667;0.578947
True_NATIVE;false_native;D23_V_flat_still_0001.mp4;False;0.823529;0.666667;0.578947
True_NATIVE;false_native;D23_V_flat_still_0002.mp4;False;0.823529;0.666667;0.578947
True_NATIVE;true_native;D23_V_flatWA_move_0002.mp4;True;1.0;1.0;1.0
True_NATIVE;true_native;D23_V_flatWA_move_0003.mp4;True;1.0;1.0;1.0
True_NATIVE;true_native;D23_V_flatWA_panrot_0001.mp4;True;1.0;1.0;1.0
True_NATIVE;true_native;D23_V_flatWA_panrot_0002.mp4;True;1.0;1.0;1.0
True_NATIVE;true_native;D23_V_flatWA_still_0001.mp4;True;1.0;1.0;1.0
True_NATIVE;true_native;D23_V_flatWA_still_0002.mp4;True;1.0;1.0;1.0
True_NATIVE;true_native;D23_V_flatYT_move_0002.mp4;True;1.0;1.0;1.0
True_NATIVE;true_native;D23_V_flatYT_move_0003.mp4;True;1.0;1.0;1.0
True_NATIVE;true_native;D23_V_flatYT_panrot_0001.mp4;True;1.0;1.0;1.0
True_NATIVE;true_native;D23_V_flatYT_panrot_0002.mp4;True;1.0;1.0;1.0
True_NATIVE;true_native;D23_V_flatYT_still_0001.mp4;True;1.0;1.0;1.0
True_NATIVE;true_native;D23_V_flatYT_still_0002.mp4;True;1.0;1.0;1.0
True_NATIVE;false_native;D23_V_indoor_move_0002.mp4;False;0.823529;0.666667;0.578947
True_NATIVE;false_native;D23_V_indoor_panrot_0001.mp4;False;0.823529;0.666667;0.578947
True_NATIVE;false_native;D23_V_indoor_panrot_0002.mp4;False;0.823529;0.666667;0.578947
True_NATIVE;false_native;D23_V_indoor_still_0001.mp4;False;0.823529;0.666667;0.578947
True_NATIVE;false_native;D23_V_indoor_still_0002.mp4;False;0.823529;0.666667;0.578947
True_NATIVE;true_native;D23_V_indoorWA_move_0002.mp4;True;1.0;1.0;1.0
True_NATIVE;true_native;D23_V_indoorWA_panrot_0001.mp4;True;1.0;1.0;1.0
True_NATIVE;true_native;D23_V_indoorWA_panrot_0002.mp4;True;1.0;1.0;1.0
True_NATIVE;true_native;D23_V_indoorWA_still_0001.mp4;True;1.0;1.0;1.0
True_NATIVE;true_native;D23_V_indoorWA_still_0002.mp4;True;1.0;1.0;1.0
True_NATIVE;true_native;D23_V_indoorYT_move_0002.mp4;True;1.0;1.0;1.0
True_NATIVE;true_native;D23_V_indoorYT_panrot_0001.mp4;True;1.0;1.0;1.0
True_NATIVE;true_native;D23_V_indoorYT_panrot_0002.mp4;True;1.0;1.0;1.0
True_NATIVE;true_native;D23_V_indoorYT_still_0001.mp4;True;1.0;1.0;1.0
True_NATIVE;true_native;D23_V_indoorYT_still_0002.mp4;True;1.0;1.0;1.0
True_NATIVE;false_native;D23_V_outdoor_move_0002.mp4;False;0.823529;0.666667;0.578947
True_NATIVE;false_native;D23_V_outdoor_panrot_0001.mp4;False;0.823529;0.666667;0.578947
True_NATIVE;false_native;D23_V_outdoor_panrot_0002.mp4;False;0.823529;0.666667;0.578947
True_NATIVE;false_native;D23_V_outdoor_still_0001.mp4;False;0.823529;0.666667;0.578947
True_NATIVE;false_native;D23_V_outdoor_still_0002.mp4;False;0.823529;0.666667;0.578947
True_NATIVE;true_native;D23_V_outdoorWA_move_0002.mp4;True;1.0;1.0;1.0
True_NATIVE;true_native;D23_V_outdoorWA_panrot_0001.mp4;True;1.0;1.0;1.0
True_NATIVE;true_native;D23_V_outdoorWA_panrot_0002.mp4;True;1.0;1.0;1.0
True_NATIVE;true_native;D23_V_outdoorWA_still_0001.mp4;True;1.0;1.0;1.0
True_NATIVE;true_native;D23_V_outdoorWA_still_0002.mp4;True;1.0;1.0;1.0
True_NATIVE;true_native;D23_V_outdoorYT_move_0002.mp4;True;1.0;1.0;1.0
True_NATIVE;true_native;D23_V_outdoorYT_panrot_0001.mp4;True;1.0;1.0;1.0
True_NATIVE;true_native;D23_V_outdoorYT_panrot_0002.mp4;True;1.0;1.0;1.0
True_NATIVE;true_native;D23_V_outdoorYT_still_0001.mp4;True;1.0;1.0;1.0
True_NATIVE;true_native;D23_V_outdoorYT_still_0002.mp4;True;1.0;1.0;1.0
True_NATIVE;false_native;D24_V_flat_move_0002.mp4;False;0.823529;0.666667;0.578947
True_NATIVE;false_native;D24_V_flat_move_0003.mp4;False;0.777778;0.631579;0.55
True_NATIVE;false_native;D24_V_flat_panrot_0001.mp4;False;0.777778;0.631579;0.55
True_NATIVE;false_native;D24_V_flat_panrot_0002.mp4;False;0.777778;0.631579;0.55
True_NATIVE;false_native;D24_V_flat_still_0001.mp4;False;0.777778;0.631579;0.55
True_NATIVE;false_native;D24_V_flat_still_0002.mp4;False;0.823529;0.666667;0.578947
True_NATIVE;true_native;D24_V_flatWA_move_0002.mp4;True;1.0;1.0;1.0
True_NATIVE;true_native;D24_V_flatWA_move_0003.mp4;True;1.0;1.0;1.0
True_NATIVE;true_native;D24_V_flatWA_panrot_0001.mp4;True;1.0;1.0;1.0
True_NATIVE;true_native;D24_V_flatWA_panrot_0002.mp4;True;1.0;1.0;1.0
True_NATIVE;true_native;D24_V_flatWA_still_0001.mp4;True;1.0;1.0;1.0
True_NATIVE;true_native;D24_V_flatWA_still_0002.mp4;True;1.0;1.0;1.0
True_NATIVE;true_native;D24_V_flatYT_move_0002.mp4;True;1.0;1.0;1.0
True_NATIVE;true_native;D24_V_flatYT_move_0003.mp4;True;1.0;1.0;1.0
True_NATIVE;true_native;D24_V_flatYT_panrot_0001.mp4;True;1.0;1.0;1.0
True_NATIVE;true_native;D24_V_flatYT_panrot_0002.mp4;True;1.0;1.0;1.0
True_NATIVE;true_native;D24_V_flatYT_still_0001.mp4;True;1.0;1.0;1.0
True_NATIVE;true_native;D24_V_flatYT_still_0002.mp4;True;1.0;1.0;1.0
True_NATIVE;false_native;D24_V_indoor_move_0002.mp4;False;0.823529;0.666667;0.578947
True_NATIVE;false_native;D24_V_indoor_panrot_0001.mp4;False;0.823529;0.666667;0.578947
True_NATIVE;false_native;D24_V_indoor_panrot_0002.mp4;False;0.823529;0.666667;0.578947
True_NATIVE;false_native;D24_V_indoor_still_0001.mp4;False;0.777778;0.631579;0.55
True_NATIVE;false_native;D24_V_indoor_still_0002.mp4;False;0.823529;0.666667;0.578947
True_NATIVE;true_native;D24_V_indoorWA_move_0002.mp4;True;1.0;1.0;1.0
True_NATIVE;true_native;D24_V_indoorWA_panrot_0001.mp4;True;1.0;1.0;1.0
True_NATIVE;true_native;D24_V_indoorWA_panrot_0002.mp4;True;1.0;1.0;1.0
True_NATIVE;true_native;D24_V_indoorWA_still_0001.mp4;True;1.0;1.0;1.0
True_NATIVE;true_native;D24_V_indoorWA_still_0002.mp4;True;1.0;1.0;1.0
True_NATIVE;true_native;D24_V_indoorYT_move_0002.mp4;True;1.0;1.0;1.0
True_NATIVE;true_native;D24_V_indoorYT_panrot_0001.mp4;True;1.0;1.0;1.0
True_NATIVE;true_native;D24_V_indoorYT_panrot_0002.mp4;True;1.0;1.0;1.0
True_NATIVE;true_native;D24_V_indoorYT_still_0001.mp4;True;1.0;1.0;1.0
True_NATIVE;true_native;D24_V_indoorYT_still_0002.mp4;True;1.0;1.0;1.0
True_NATIVE;false_native;D24_V_outdoor_move_0002.mp4;False;0.777778;0.631579;0.55
True_NATIVE;false_native;D24_V_outdoor_panrot_0001.mp4;False;0.777778;0.631579;0.55
True_NATIVE;false_native;D24_V_outdoor_panrot_0002.mp4;False;0.777778;0.631579;0.55
True_NATIVE;false_native;D24_V_outdoor_still_0001.mp4;False;0.777778;0.631579;0.55
True_NATIVE;false_native;D24_V_outdoor_still_0002.mp4;False;0.777778;0.631579;0.55
True_NATIVE;true_native;D24_V_outdoorWA_move_0002.mp4;True;1.0;1.0;1.0
True_NATIVE;true_native;D24_V_outdoorWA_panrot_0001.mp4;True;1.0;1.0;1.0
True_NATIVE;true_native;D24_V_outdoorWA_panrot_0002.mp4;True;1.0;1.0;1.0
True_NATIVE;true_native;D24_V_outdoorWA_still_0001.mp4;True;1.0;1.0;1.0
True_NATIVE;true_native;D24_V_outdoorWA_still_0002.mp4;True;1.0;1.0;1.0
True_NATIVE;true_native;D24_V_outdoorYT_move_0002.mp4;True;1.0;1.0;1.0
True_NATIVE;true_native;D24_V_outdoorYT_panrot_0001.mp4;True;1.0;1.0;1.0
True_NATIVE;true_native;D24_V_outdoorYT_panrot_0002.mp4;True;1.0;1.0;1.0
True_NATIVE;true_native;D24_V_outdoorYT_still_0001.mp4;True;1.0;1.0;1.0
True_NATIVE;true_native;D24_V_outdoorYT_still_0002.mp4;True;1.0;1.0;1.0
True_NATIVE;false_native;D25_V_flat_move_0002.mp4;False;0.742857;0.594595;0.487179
True_NATIVE;false_native;D25_V_flat_move_0003.mp4;False;0.742857;0.594595;0.487179
True_NATIVE;false_native;D25_V_flat_panrot_0001.mp4;False;0.742857;0.594595;0.487179
True_NATIVE;false_native;D25_V_flat_panrot_0002.mp4;False;0.742857;0.594595;0.487179
True_NATIVE;false_native;D25_V_flat_still_0001.mp4;False;0.742857;0.594595;0.487179
True_NATIVE;false_native;D25_V_flat_still_0002.mp4;False;0.742857;0.594595;0.487179
True_NATIVE;true_native;D25_V_flatWA_move_0002.mp4;True;1.0;1.0;1.0
True_NATIVE;true_native;D25_V_flatWA_move_0003.mp4;True;1.0;1.0;1.0
True_NATIVE;true_native;D25_V_flatWA_panrot_0001.mp4;True;1.0;1.0;1.0
True_NATIVE;true_native;D25_V_flatWA_panrot_0002.mp4;True;1.0;1.0;1.0
True_NATIVE;true_native;D25_V_flatWA_still_0001.mp4;True;1.0;1.0;1.0
True_NATIVE;true_native;D25_V_flatWA_still_0002.mp4;True;1.0;1.0;1.0
True_NATIVE;true_native;D25_V_flatYT_move_0002.mp4;True;1.0;1.0;1.0
True_NATIVE;true_native;D25_V_flatYT_move_0003.mp4;True;1.0;1.0;1.0
True_NATIVE;true_native;D25_V_flatYT_panrot_0001.mp4;True;1.0;1.0;1.0
True_NATIVE;true_native;D25_V_flatYT_panrot_0002.mp4;True;1.0;1.0;1.0
True_NATIVE;true_native;D25_V_flatYT_still_0001.mp4;True;1.0;1.0;1.0
True_NATIVE;true_native;D25_V_flatYT_still_0002.mp4;True;1.0;1.0;1.0
True_NATIVE;false_native;D25_V_indoor_move_0002.mp4;False;0.742857;0.594595;0.487179
True_NATIVE;false_native;D25_V_indoor_panrot_0001.mp4;False;0.742857;0.594595;0.487179
True_NATIVE;false_native;D25_V_indoor_panrot_0002.mp4;False;0.742857;0.594595;0.487179
True_NATIVE;false_native;D25_V_indoor_still_0001.mp4;False;0.742857;0.594595;0.487179
True_NATIVE;false_native;D25_V_indoor_still_0002.mp4;False;0.742857;0.594595;0.487179
True_NATIVE;true_native;D25_V_indoorWA_move_0002.mp4;True;1.0;1.0;1.0
True_NATIVE;true_native;D25_V_indoorWA_panrot_0001.mp4;True;1.0;1.0;1.0
True_NATIVE;true_native;D25_V_indoorWA_panrot_0002.mp4;True;1.0;1.0;1.0
True_NATIVE;true_native;D25_V_indoorWA_still_0001.mp4;True;1.0;1.0;1.0
True_NATIVE;true_native;D25_V_indoorWA_still_0002.mp4;True;1.0;1.0;1.0
True_NATIVE;true_native;D25_V_indoorYT_move_0002.mp4;True;1.0;1.0;1.0
True_NATIVE;true_native;D25_V_indoorYT_panrot_0001.mp4;True;1.0;1.0;1.0
True_NATIVE;true_native;D25_V_indoorYT_panrot_0002.mp4;True;1.0;1.0;1.0
True_NATIVE;true_native;D25_V_indoorYT_still_0001.mp4;True;1.0;1.0;1.0
True_NATIVE;true_native;D25_V_indoorYT_still_0002.mp4;True;1.0;1.0;1.0
True_NATIVE;false_native;D25_V_outdoor_move_0002.mp4;False;0.742857;0.594595;0.487179
True_NATIVE;false_native;D25_V_outdoor_panrot_0001.mp4;False;0.742857;0.594595;0.487179
True_NATIVE;false_native;D25_V_outdoor_panrot_0002.mp4;False;0.742857;0.594595;0.487179
True_NATIVE;false_native;D25_V_outdoor_still_0001.mp4;False;0.742857;0.594595;0.487179
True_NATIVE;false_native;D25_V_outdoor_still_0002.mp4;False;0.742857;0.594595;0.487179
True_NATIVE;true_native;D25_V_outdoorWA_move_0002.mp4;True;1.0;1.0;1.0
True_NATIVE;true_native;D25_V_outdoorWA_panrot_0001.mp4;True;1.0;1.0;1.0
True_NATIVE;true_native;D25_V_outdoorWA_panrot_0002.mp4;True;1.0;1.0;1.0
True_NATIVE;true_native;D25_V_outdoorWA_still_0001.mp4;True;1.0;1.0;1.0
True_NATIVE;true_native;D25_V_outdoorWA_still_0002.mp4;True;1.0;1.0;1.0
True_NATIVE;true_native;D25_V_outdoorYT_move_0002.mp4;True;1.0;1.0;1.0
True_NATIVE;true_native;D25_V_outdoorYT_panrot_0001.mp4;True;1.0;1.0;1.0
True_NATIVE;true_native;D25_V_outdoorYT_panrot_0002.mp4;True;1.0;1.0;1.0
True_NATIVE;true_native;D25_V_outdoorYT_still_0001.mp4;True;1.0;1.0;1.0
True_NATIVE;true_native;D25_V_outdoorYT_still_0002.mp4;True;1.0;1.0;1.0
True_NATIVE;false_native;D26_V_flat_move_0002.mp4;False;0.741935;0.636364;0.571429
True_NATIVE;false_native;D26_V_flat_panrot_0001.mp4;False;0.741935;0.636364;0.571429
True_NATIVE;false_native;D26_V_flat_still_0001.mp4;False;0.741935;0.636364;0.571429
True_NATIVE;true_native;D26_V_flatWA_move_0002.mp4;True;1.0;1.0;1.0
True_NATIVE;true_native;D26_V_flatWA_panrot_0001.mp4;True;1.0;1.0;1.0
True_NATIVE;true_native;D26_V_flatWA_still_0001.mp4;True;1.0;1.0;1.0
True_NATIVE;true_native;D26_V_flatYT_move_0002.mp4;True;1.0;1.0;1.0
True_NATIVE;true_native;D26_V_flatYT_panrot_0001.mp4;True;1.0;1.0;1.0
True_NATIVE;true_native;D26_V_flatYT_still_0001.mp4;True;1.0;1.0;1.0
True_NATIVE;false_native;D26_V_indoor_move_0002.mp4;False;0.741935;0.636364;0.571429
True_NATIVE;false_native;D26_V_indoor_panrot_0001.mp4;False;0.741935;0.636364;0.571429
True_NATIVE;false_native;D26_V_indoor_panrot_0002.mp4;False;0.741935;0.636364;0.571429
True_NATIVE;false_native;D26_V_indoor_still_0001.mp4;False;0.741935;0.636364;0.571429
True_NATIVE;false_native;D26_V_indoor_still_0002.mp4;False;0.741935;0.636364;0.571429
True_NATIVE;true_native;D26_V_indoorWA_move_0002.mp4;True;1.0;1.0;1.0
True_NATIVE;true_native;D26_V_indoorWA_panrot_0001.mp4;True;1.0;1.0;1.0
True_NATIVE;true_native;D26_V_indoorWA_panrot_0002.mp4;True;1.0;1.0;1.0
True_NATIVE;true_native;D26_V_indoorWA_still_0001.mp4;True;1.0;1.0;1.0
True_NATIVE;true_native;D26_V_indoorWA_still_0002.mp4;True;1.0;1.0;1.0
True_NATIVE;true_native;D26_V_indoorYT_move_0002.mp4;True;1.0;1.0;1.0
True_NATIVE;true_native;D26_V_indoorYT_panrot_0001.mp4;True;1.0;1.0;1.0
True_NATIVE;true_native;D26_V_indoorYT_panrot_0002.mp4;True;1.0;1.0;1.0
True_NATIVE;true_native;D26_V_indoorYT_still_0001.mp4;True;1.0;1.0;1.0
True_NATIVE;true_native;D26_V_indoorYT_still_0002.mp4;True;1.0;1.0;1.0
True_NATIVE;false_native;D26_V_outdoor_move_0002.mp4;False;0.741935;0.636364;0.571429
True_NATIVE;false_native;D26_V_outdoor_panrot_0001.mp4;False;0.741935;0.636364;0.571429
True_NATIVE;false_native;D26_V_outdoor_panrot_0002.mp4;False;0.741935;0.636364;0.571429
True_NATIVE;false_native;D26_V_outdoor_still_0001.mp4;False;0.741935;0.636364;0.571429
True_NATIVE;false_native;D26_V_outdoor_still_0002.mp4;False;0.741935;0.636364;0.571429
True_NATIVE;true_native;D26_V_outdoorWA_move_0002.mp4;True;1.0;1.0;1.0
True_NATIVE;true_native;D26_V_outdoorWA_panrot_0001.mp4;True;1.0;1.0;1.0
True_NATIVE;true_native;D26_V_outdoorWA_panrot_0002.mp4;True;1.0;1.0;1.0
True_NATIVE;true_native;D26_V_outdoorWA_still_0001.mp4;True;1.0;1.0;1.0
True_NATIVE;true_native;D26_V_outdoorWA_still_0002.mp4;True;1.0;1.0;1.0
True_NATIVE;true_native;D26_V_outdoorYT_move_0002.mp4;True;1.0;1.0;1.0
True_NATIVE;true_native;D26_V_outdoorYT_panrot_0001.mp4;True;1.0;1.0;1.0
True_NATIVE;true_native;D26_V_outdoorYT_panrot_0002.mp4;True;1.0;1.0;1.0
True_NATIVE;true_native;D26_V_outdoorYT_still_0001.mp4;True;1.0;1.0;1.0
True_NATIVE;true_native;D26_V_outdoorYT_still_0002.mp4;True;1.0;1.0;1.0
True_NATIVE;false_native;D27_V_flat_move_0002.mp4;False;0.722222;0.605263;0.525
True_NATIVE;false_native;D27_V_flat_move_0003.mp4;False;0.722222;0.605263;0.525
True_NATIVE;false_native;D27_V_flat_panrot_0001.mp4;False;0.722222;0.605263;0.525
True_NATIVE;false_native;D27_V_flat_panrot_0002.mp4;False;0.722222;0.605263;0.525
True_NATIVE;false_native;D27_V_flat_still_0001.mp4;False;0.722222;0.605263;0.525
True_NATIVE;false_native;D27_V_flat_still_0002.mp4;False;0.722222;0.605263;0.525
True_NATIVE;true_native;D27_V_flatWA_move_0002.mp4;True;1.0;1.0;1.0
True_NATIVE;true_native;D27_V_flatWA_move_0003.mp4;True;1.0;1.0;1.0
True_NATIVE;true_native;D27_V_flatWA_panrot_0001.mp4;True;1.0;1.0;1.0
True_NATIVE;true_native;D27_V_flatWA_panrot_0002.mp4;True;1.0;1.0;1.0
True_NATIVE;true_native;D27_V_flatWA_still_0001.mp4;True;1.0;1.0;1.0
True_NATIVE;true_native;D27_V_flatWA_still_0002.mp4;True;1.0;1.0;1.0
True_NATIVE;true_native;D27_V_flatYT_move_0002.mp4;True;1.0;1.0;1.0
True_NATIVE;true_native;D27_V_flatYT_move_0003.mp4;True;1.0;1.0;1.0
True_NATIVE;true_native;D27_V_flatYT_panrot_0001.mp4;True;1.0;1.0;1.0
True_NATIVE;true_native;D27_V_flatYT_panrot_0002.mp4;True;1.0;1.0;1.0
True_NATIVE;true_native;D27_V_flatYT_still_0001.mp4;True;1.0;1.0;1.0
True_NATIVE;true_native;D27_V_flatYT_still_0002.mp4;True;1.0;1.0;1.0
True_NATIVE;false_native;D27_V_indoor_move_0002.mp4;False;0.722222;0.605263;0.525
True_NATIVE;false_native;D27_V_indoor_panrot_0001.mp4;False;0.722222;0.605263;0.525
True_NATIVE;false_native;D27_V_indoor_panrot_0002.mp4;False;0.722222;0.605263;0.525
True_NATIVE;false_native;D27_V_indoor_still_0001.mp4;False;0.722222;0.605263;0.525
True_NATIVE;false_native;D27_V_indoor_still_0002.mp4;False;0.722222;0.605263;0.525
True_NATIVE;true_native;D27_V_indoorWA_move_0002.mp4;True;1.0;1.0;1.0
True_NATIVE;true_native;D27_V_indoorWA_panrot_0001.mp4;True;1.0;1.0;1.0
True_NATIVE;true_native;D27_V_indoorWA_panrot_0002.mp4;True;1.0;1.0;1.0
True_NATIVE;true_native;D27_V_indoorWA_still_0001.mp4;True;1.0;1.0;1.0
True_NATIVE;true_native;D27_V_indoorWA_still_0002.mp4;True;1.0;1.0;1.0
True_NATIVE;true_native;D27_V_indoorYT_move_0002.mp4;True;1.0;1.0;1.0
True_NATIVE;true_native;D27_V_indoorYT_panrot_0001.mp4;True;1.0;1.0;1.0
True_NATIVE;true_native;D27_V_indoorYT_panrot_0002.mp4;True;1.0;1.0;1.0
True_NATIVE;true_native;D27_V_indoorYT_still_0001.mp4;True;1.0;1.0;1.0
True_NATIVE;true_native;D27_V_indoorYT_still_0002.mp4;True;1.0;1.0;1.0
True_NATIVE;false_native;D27_V_outdoor_move_0002.mp4;False;0.722222;0.605263;0.525
True_NATIVE;false_native;D27_V_outdoor_panrot_0001.mp4;False;0.722222;0.605263;0.525
True_NATIVE;false_native;D27_V_outdoor_panrot_0002.mp4;False;0.722222;0.605263;0.525
True_NATIVE;false_native;D27_V_outdoor_still_0001.mp4;False;0.722222;0.605263;0.525
True_NATIVE;false_native;D27_V_outdoor_still_0002.mp4;False;0.722222;0.605263;0.525
True_NATIVE;true_native;D27_V_outdoorWA_move_0002.mp4;True;1.0;1.0;1.0
True_NATIVE;true_native;D27_V_outdoorWA_panrot_0001.mp4;True;1.0;1.0;1.0
True_NATIVE;true_native;D27_V_outdoorWA_panrot_0002.mp4;True;1.0;1.0;1.0
True_NATIVE;true_native;D27_V_outdoorWA_still_0001.mp4;True;1.0;1.0;1.0
True_NATIVE;true_native;D27_V_outdoorWA_still_0002.mp4;True;1.0;1.0;1.0
True_NATIVE;true_native;D27_V_outdoorYT_move_0002.mp4;True;1.0;1.0;1.0
True_NATIVE;true_native;D27_V_outdoorYT_panrot_0001.mp4;True;1.0;1.0;1.0
True_NATIVE;true_native;D27_V_outdoorYT_panrot_0002.mp4;True;1.0;1.0;1.0
True_NATIVE;true_native;D27_V_outdoorYT_still_0001.mp4;True;1.0;1.0;1.0
True_NATIVE;true_native;D27_V_outdoorYT_still_0002.mp4;True;1.0;1.0;1.0
True_NATIVE;false_native;D28_V_flat_move_0002.mp4;False;0.823529;0.666667;0.578947
True_NATIVE;false_native;D28_V_flat_move_0003.mp4;False;0.823529;0.666667;0.578947
True_NATIVE;false_native;D28_V_flat_panrot_0001.mp4;False;0.823529;0.666667;0.578947
True_NATIVE;false_native;D28_V_flat_panrot_0002.mp4;False;0.823529;0.666667;0.578947
True_NATIVE;false_native;D28_V_flat_still_0001.mp4;False;0.823529;0.666667;0.578947
True_NATIVE;false_native;D28_V_flat_still_0002.mp4;False;0.823529;0.666667;0.578947
True_NATIVE;true_native;D28_V_flatWA_move_0002.mp4;True;1.0;1.0;1.0
True_NATIVE;true_native;D28_V_flatWA_move_0003.mp4;True;1.0;1.0;1.0
True_NATIVE;true_native;D28_V_flatWA_panrot_0001.mp4;True;1.0;1.0;1.0
True_NATIVE;true_native;D28_V_flatWA_panrot_0002.mp4;True;1.0;1.0;1.0
True_NATIVE;true_native;D28_V_flatWA_still_0001.mp4;True;1.0;1.0;1.0
True_NATIVE;true_native;D28_V_flatWA_still_0002.mp4;True;1.0;1.0;1.0
True_NATIVE;true_native;D28_V_flatYT_move_0002.mp4;True;1.0;1.0;1.0
True_NATIVE;true_native;D28_V_flatYT_move_0003.mp4;True;1.0;1.0;1.0
True_NATIVE;true_native;D28_V_flatYT_panrot_0001.mp4;True;1.0;1.0;1.0
True_NATIVE;true_native;D28_V_flatYT_panrot_0002.mp4;True;1.0;1.0;1.0
True_NATIVE;true_native;D28_V_flatYT_still_0001.mp4;True;1.0;1.0;1.0
True_NATIVE;true_native;D28_V_flatYT_still_0002.mp4;True;1.0;1.0;1.0
True_NATIVE;false_native;D28_V_indoor_move_0002.mp4;False;0.823529;0.666667;0.578947
True_NATIVE;false_native;D28_V_indoor_panrot_0001.mp4;False;0.823529;0.666667;0.578947
True_NATIVE;false_native;D28_V_indoor_panrot_0002.mp4;False;0.823529;0.666667;0.578947
True_NATIVE;false_native;D28_V_indoor_still_0001.mp4;False;0.823529;0.666667;0.578947
True_NATIVE;false_native;D28_V_indoor_still_0002.mp4;False;0.823529;0.666667;0.578947
True_NATIVE;true_native;D28_V_indoorWA_move_0002.mp4;True;1.0;1.0;1.0
True_NATIVE;true_native;D28_V_indoorWA_panrot_0001.mp4;True;1.0;1.0;1.0
True_NATIVE;true_native;D28_V_indoorWA_panrot_0002.mp4;True;1.0;1.0;1.0
True_NATIVE;true_native;D28_V_indoorWA_still_0001.mp4;True;1.0;1.0;1.0
True_NATIVE;true_native;D28_V_indoorWA_still_0002.mp4;True;1.0;1.0;1.0
True_NATIVE;true_native;D28_V_indoorYT_move_0002.mp4;True;1.0;1.0;1.0
True_NATIVE;true_native;D28_V_indoorYT_panrot_0001.mp4;True;1.0;1.0;1.0
True_NATIVE;true_native;D28_V_indoorYT_panrot_0002.mp4;True;1.0;1.0;1.0
True_NATIVE;true_native;D28_V_indoorYT_still_0001.mp4;True;1.0;1.0;1.0
True_NATIVE;true_native;D28_V_indoorYT_still_0002.mp4;True;1.0;1.0;1.0
True_NATIVE;false_native;D28_V_outdoor_move_0002.mp4;False;0.823529;0.666667;0.578947
True_NATIVE;false_native;D28_V_outdoor_panrot_0001.mp4;False;0.823529;0.666667;0.578947
True_NATIVE;false_native;D28_V_outdoor_panrot_0002.mp4;False;0.823529;0.666667;0.578947
True_NATIVE;false_native;D28_V_outdoor_still_0001.mp4;False;0.823529;0.666667;0.578947
True_NATIVE;false_native;D28_V_outdoor_still_0002.mp4;False;0.823529;0.666667;0.578947
True_NATIVE;true_native;D28_V_outdoorWA_move_0002.mp4;True;1.0;1.0;1.0
True_NATIVE;true_native;D28_V_outdoorWA_panrot_0001.mp4;True;1.0;1.0;1.0
True_NATIVE;true_native;D28_V_outdoorWA_panrot_0002.mp4;True;1.0;1.0;1.0
True_NATIVE;true_native;D28_V_outdoorWA_still_0001.mp4;True;1.0;1.0;1.0
True_NATIVE;true_native;D28_V_outdoorWA_still_0002.mp4;True;1.0;1.0;1.0
True_NATIVE;true_native;D28_V_outdoorYT_move_0002.mp4;True;1.0;1.0;1.0
True_NATIVE;true_native;D28_V_outdoorYT_panrot_0001.mp4;True;1.0;1.0;1.0
True_NATIVE;true_native;D28_V_outdoorYT_panrot_0002.mp4;True;1.0;1.0;1.0
True_NATIVE;true_native;D28_V_outdoorYT_still_0001.mp4;True;1.0;1.0;1.0
True_NATIVE;true_native;D28_V_outdoorYT_still_0002.mp4;True;1.0;1.0;1.0
True_NATIVE;false_native;D29_V_flat_move_0002.mov;False;0.627451;0.526316;0.435484
True_NATIVE;false_native;D29_V_flat_move_0003.mov;False;0.627451;0.526316;0.435484
True_NATIVE;false_native;D29_V_flat_panrot_0001.mov;False;0.627451;0.526316;0.435484
True_NATIVE;false_native;D29_V_flat_panrot_0002.mov;False;0.627451;0.526316;0.435484
True_NATIVE;false_native;D29_V_flat_still_0001.mov;False;0.627451;0.526316;0.435484
True_NATIVE;false_native;D29_V_flat_still_0002.mov;False;0.627451;0.526316;0.435484
True_NATIVE;true_native;D29_V_flatWA_move_0002.mp4;True;1.0;1.0;1.0
True_NATIVE;true_native;D29_V_flatWA_move_0003.mp4;True;1.0;1.0;1.0
True_NATIVE;true_native;D29_V_flatWA_panrot_0001.mp4;True;1.0;1.0;1.0
True_NATIVE;true_native;D29_V_flatWA_panrot_0002.mp4;True;1.0;1.0;1.0
True_NATIVE;true_native;D29_V_flatWA_still_0001.mp4;True;1.0;1.0;1.0
True_NATIVE;true_native;D29_V_flatWA_still_0002.mp4;True;1.0;1.0;1.0
True_NATIVE;true_native;D29_V_flatYT_move_0002.mp4;True;1.0;1.0;1.0
True_NATIVE;true_native;D29_V_flatYT_move_0003.mp4;True;1.0;1.0;1.0
True_NATIVE;true_native;D29_V_flatYT_panrot_0001.mp4;True;1.0;1.0;1.0
True_NATIVE;true_native;D29_V_flatYT_panrot_0002.mp4;True;1.0;1.0;1.0
True_NATIVE;true_native;D29_V_flatYT_still_0001.mp4;True;1.0;1.0;1.0
True_NATIVE;true_native;D29_V_flatYT_still_0002.mp4;True;1.0;1.0;1.0
True_NATIVE;false_native;D29_V_indoor_move_0002.mov;False;0.627451;0.526316;0.435484
True_NATIVE;false_native;D29_V_indoor_panrot_0001.mov;False;0.627451;0.526316;0.435484
True_NATIVE;false_native;D29_V_indoor_panrot_0002.mov;False;0.627451;0.526316;0.435484
True_NATIVE;false_native;D29_V_indoor_still_0001.mov;False;0.627451;0.526316;0.435484
True_NATIVE;false_native;D29_V_indoor_still_0002.mov;False;0.627451;0.526316;0.435484
True_NATIVE;true_native;D29_V_indoorWA_move_0002.mp4;True;1.0;1.0;1.0
True_NATIVE;true_native;D29_V_indoorWA_panrot_0001.mp4;True;1.0;1.0;1.0
True_NATIVE;true_native;D29_V_indoorWA_panrot_0002.mp4;True;1.0;1.0;1.0
True_NATIVE;true_native;D29_V_indoorWA_still_0001.mp4;True;1.0;1.0;1.0
True_NATIVE;true_native;D29_V_indoorWA_still_0002.mp4;True;1.0;1.0;1.0
True_NATIVE;true_native;D29_V_indoorYT_move_0002.mp4;True;1.0;1.0;1.0
True_NATIVE;true_native;D29_V_indoorYT_panrot_0001.mp4;True;1.0;1.0;1.0
True_NATIVE;true_native;D29_V_indoorYT_panrot_0002.mp4;True;1.0;1.0;1.0
True_NATIVE;true_native;D29_V_indoorYT_still_0001.mp4;True;1.0;1.0;1.0
True_NATIVE;true_native;D29_V_indoorYT_still_0002.mp4;True;1.0;1.0;1.0
True_NATIVE;false_native;D29_V_outdoor_move_0002.mov;False;0.627451;0.526316;0.435484
True_NATIVE;false_native;D29_V_outdoor_panrot_0001.mov;False;0.627451;0.526316;0.435484
True_NATIVE;false_native;D29_V_outdoor_panrot_0002.mov;False;0.627451;0.526316;0.435484
True_NATIVE;false_native;D29_V_outdoor_still_0001.mov;False;0.627451;0.526316;0.435484
True_NATIVE;false_native;D29_V_outdoor_still_0002.mov;False;0.627451;0.526316;0.435484
True_NATIVE;true_native;D29_V_outdoorWA_move_0002.mp4;True;1.0;1.0;1.0
True_NATIVE;true_native;D29_V_outdoorWA_panrot_0001.mp4;True;1.0;1.0;1.0
True_NATIVE;true_native;D29_V_outdoorWA_panrot_0002.mp4;True;1.0;1.0;1.0
True_NATIVE;true_native;D29_V_outdoorWA_still_0001.mp4;True;1.0;1.0;1.0
True_NATIVE;true_native;D29_V_outdoorWA_still_0002.mp4;True;1.0;1.0;1.0
True_NATIVE;true_native;D29_V_outdoorYT_move_0002.mp4;True;1.0;1.0;1.0
True_NATIVE;true_native;D29_V_outdoorYT_panrot_0001.mp4;True;1.0;1.0;1.0
True_NATIVE;true_native;D29_V_outdoorYT_panrot_0002.mp4;True;1.0;1.0;1.0
True_NATIVE;true_native;D29_V_outdoorYT_still_0001.mp4;True;1.0;1.0;1.0
True_NATIVE;true_native;D29_V_outdoorYT_still_0002.mp4;True;1.0;1.0;1.0
True_NATIVE;false_native;D30_V_flat_move_0002.mp4;False;0.823529;0.666667;0.578947
True_NATIVE;false_native;D30_V_flat_move_0003.mp4;False;0.823529;0.666667;0.578947
True_NATIVE;false_native;D30_V_flat_panrot_0001.mp4;False;0.823529;0.666667;0.578947
True_NATIVE;false_native;D30_V_flat_panrot_0002.mp4;False;0.823529;0.666667;0.578947
True_NATIVE;false_native;D30_V_flat_still_0001.mp4;False;0.823529;0.666667;0.578947
True_NATIVE;false_native;D30_V_flat_still_0002.mp4;False;0.823529;0.666667;0.578947
True_NATIVE;true_native;D30_V_flatWA_move_0002.mp4;True;1.0;1.0;1.0
True_NATIVE;true_native;D30_V_flatWA_move_0003.mp4;True;1.0;1.0;1.0
True_NATIVE;true_native;D30_V_flatWA_panrot_0001.mp4;True;1.0;1.0;1.0
True_NATIVE;true_native;D30_V_flatWA_panrot_0002.mp4;True;1.0;1.0;1.0
True_NATIVE;true_native;D30_V_flatWA_still_0001.mp4;True;1.0;1.0;1.0
True_NATIVE;true_native;D30_V_flatWA_still_0002.mp4;True;1.0;1.0;1.0
True_NATIVE;true_native;D30_V_flatYT_move_0002.mp4;True;1.0;1.0;1.0
True_NATIVE;true_native;D30_V_flatYT_move_0003.mp4;True;1.0;1.0;1.0
True_NATIVE;true_native;D30_V_flatYT_panrot_0001.mp4;True;1.0;1.0;1.0
True_NATIVE;true_native;D30_V_flatYT_panrot_0002.mp4;True;1.0;1.0;1.0
True_NATIVE;true_native;D30_V_flatYT_still_0001.mp4;True;1.0;1.0;1.0
True_NATIVE;true_native;D30_V_flatYT_still_0002.mp4;True;1.0;1.0;1.0
True_NATIVE;false_native;D30_V_indoor_move_0002.mp4;False;0.823529;0.666667;0.578947
True_NATIVE;false_native;D30_V_indoor_panrot_0001.mp4;False;0.823529;0.666667;0.578947
True_NATIVE;false_native;D30_V_indoor_panrot_0002.mp4;False;0.823529;0.666667;0.578947
True_NATIVE;false_native;D30_V_indoor_still_0001.mp4;False;0.823529;0.666667;0.578947
True_NATIVE;false_native;D30_V_indoor_still_0002.mp4;False;0.823529;0.666667;0.578947
True_NATIVE;true_native;D30_V_indoorWA_move_0002.mp4;True;1.0;1.0;1.0
True_NATIVE;true_native;D30_V_indoorWA_panrot_0001.mp4;True;1.0;1.0;1.0
True_NATIVE;true_native;D30_V_indoorWA_panrot_0002.mp4;True;1.0;1.0;1.0
True_NATIVE;true_native;D30_V_indoorWA_still_0001.mp4;True;1.0;1.0;1.0
True_NATIVE;true_native;D30_V_indoorWA_still_0002.mp4;True;1.0;1.0;1.0
True_NATIVE;true_native;D30_V_indoorYT_move_0002.mp4;True;1.0;1.0;1.0
True_NATIVE;true_native;D30_V_indoorYT_panrot_0001.mp4;True;1.0;1.0;1.0
True_NATIVE;true_native;D30_V_indoorYT_panrot_0002.mp4;True;1.0;1.0;1.0
True_NATIVE;true_native;D30_V_indoorYT_still_0001.mp4;True;1.0;1.0;1.0
True_NATIVE;true_native;D30_V_indoorYT_still_0002.mp4;True;1.0;1.0;1.0
True_NATIVE;false_native;D30_V_outdoor_move_0002.mp4;False;0.823529;0.666667;0.578947
True_NATIVE;false_native;D30_V_outdoor_panrot_0001.mp4;False;0.823529;0.666667;0.578947
True_NATIVE;false_native;D30_V_outdoor_panrot_0002.mp4;False;0.823529;0.666667;0.578947
True_NATIVE;false_native;D30_V_outdoor_still_0001.mp4;False;0.823529;0.666667;0.578947
True_NATIVE;false_native;D30_V_outdoor_still_0002.mp4;False;0.823529;0.666667;0.578947
True_NATIVE;true_native;D30_V_outdoorWA_move_0002.mp4;True;1.0;1.0;1.0
True_NATIVE;true_native;D30_V_outdoorWA_panrot_0001.mp4;True;1.0;1.0;1.0
True_NATIVE;true_native;D30_V_outdoorWA_panrot_0002.mp4;True;1.0;1.0;1.0
True_NATIVE;true_native;D30_V_outdoorWA_still_0001.mp4;True;1.0;1.0;1.0
True_NATIVE;true_native;D30_V_outdoorWA_still_0002.mp4;True;1.0;1.0;1.0
True_NATIVE;true_native;D30_V_outdoorYT_move_0002.mp4;True;1.0;1.0;1.0
True_NATIVE;true_native;D30_V_outdoorYT_panrot_0001.mp4;True;1.0;1.0;1.0
True_NATIVE;true_native;D30_V_outdoorYT_panrot_0002.mp4;True;1.0;1.0;1.0
True_NATIVE;true_native;D30_V_outdoorYT_still_0001.mp4;True;1.0;1.0;1.0
True_NATIVE;true_native;D30_V_outdoorYT_still_0002.mp4;True;1.0;1.0;1.0
True_NATIVE;false_native;D31_V_flat_move_0002.mp4;False;0.71875;0.617647;0.555556
True_NATIVE;false_native;D31_V_flat_move_0003.mp4;False;0.71875;0.617647;0.555556
True_NATIVE;false_native;D31_V_flat_panrot_0001.mp4;False;0.71875;0.617647;0.555556
True_NATIVE;false_native;D31_V_flat_panrot_0002.mp4;False;0.71875;0.617647;0.555556
True_NATIVE;false_native;D31_V_flat_still_0001.mp4;False;0.71875;0.617647;0.555556
True_NATIVE;false_native;D31_V_flat_still_0002.mp4;False;0.71875;0.617647;0.555556
True_NATIVE;true_native;D31_V_flatWA_move_0002.mp4;True;1.0;1.0;1.0
True_NATIVE;true_native;D31_V_flatWA_move_0003.mp4;True;1.0;1.0;1.0
True_NATIVE;true_native;D31_V_flatWA_panrot_0001.mp4;True;1.0;1.0;1.0
True_NATIVE;true_native;D31_V_flatWA_panrot_0002.mp4;True;1.0;1.0;1.0
True_NATIVE;true_native;D31_V_flatWA_still_0001.mp4;True;1.0;1.0;1.0
True_NATIVE;true_native;D31_V_flatWA_still_0002.mp4;True;1.0;1.0;1.0
True_NATIVE;true_native;D31_V_flatYT_move_0002.mp4;True;1.0;1.0;1.0
True_NATIVE;true_native;D31_V_flatYT_move_0003.mp4;True;1.0;1.0;1.0
True_NATIVE;true_native;D31_V_flatYT_panrot_0001.mp4;True;1.0;1.0;1.0
True_NATIVE;true_native;D31_V_flatYT_panrot_0002.mp4;True;1.0;1.0;1.0
True_NATIVE;true_native;D31_V_flatYT_still_0001.mp4;True;1.0;1.0;1.0
True_NATIVE;true_native;D31_V_flatYT_still_0002.mp4;True;1.0;1.0;1.0
True_NATIVE;false_native;D31_V_indoor_move_0002.mp4;False;0.71875;0.617647;0.555556
True_NATIVE;false_native;D31_V_indoor_panrot_0001.mp4;False;0.71875;0.617647;0.555556
True_NATIVE;false_native;D31_V_indoor_panrot_0002.mp4;False;0.71875;0.617647;0.555556
True_NATIVE;false_native;D31_V_indoor_still_0001.mp4;False;0.71875;0.617647;0.555556
True_NATIVE;false_native;D31_V_indoor_still_0002.mp4;False;0.71875;0.617647;0.555556
True_NATIVE;true_native;D31_V_indoorWA_move_0002.mp4;True;1.0;1.0;1.0
True_NATIVE;true_native;D31_V_indoorWA_panrot_0001.mp4;True;1.0;1.0;1.0
True_NATIVE;true_native;D31_V_indoorWA_panrot_0002.mp4;True;1.0;1.0;1.0
True_NATIVE;true_native;D31_V_indoorWA_still_0001.mp4;True;1.0;1.0;1.0
True_NATIVE;true_native;D31_V_indoorWA_still_0002.mp4;True;1.0;1.0;1.0
True_NATIVE;true_native;D31_V_indoorYT_move_0002.mp4;True;1.0;1.0;1.0
True_NATIVE;true_native;D31_V_indoorYT_panrot_0001.mp4;True;1.0;1.0;1.0
True_NATIVE;true_native;D31_V_indoorYT_panrot_0002.mp4;True;1.0;1.0;1.0
True_NATIVE;true_native;D31_V_indoorYT_still_0001.mp4;True;1.0;1.0;1.0
True_NATIVE;true_native;D31_V_indoorYT_still_0002.mp4;True;1.0;1.0;1.0
True_NATIVE;false_native;D31_V_outdoor_move_0002.mp4;False;0.71875;0.617647;0.555556
True_NATIVE;false_native;D31_V_outdoor_panrot_0001.mp4;False;0.71875;0.617647;0.555556
True_NATIVE;false_native;D31_V_outdoor_panrot_0002.mp4;False;0.71875;0.617647;0.555556
True_NATIVE;false_native;D31_V_outdoor_still_0001.mp4;False;0.71875;0.617647;0.555556
True_NATIVE;false_native;D31_V_outdoor_still_0002.mp4;False;0.71875;0.617647;0.555556
True_NATIVE;true_native;D31_V_outdoorWA_move_0002.mp4;True;1.0;1.0;1.0
True_NATIVE;true_native;D31_V_outdoorWA_panrot_0001.mp4;True;1.0;1.0;1.0
True_NATIVE;true_native;D31_V_outdoorWA_panrot_0002.mp4;True;1.0;1.0;1.0
True_NATIVE;true_native;D31_V_outdoorWA_still_0001.mp4;True;1.0;1.0;1.0
True_NATIVE;true_native;D31_V_outdoorWA_still_0002.mp4;True;1.0;1.0;1.0
True_NATIVE;true_native;D31_V_outdoorYT_move_0002.mp4;True;1.0;1.0;1.0
True_NATIVE;true_native;D31_V_outdoorYT_panrot_0001.mp4;True;1.0;1.0;1.0
True_NATIVE;true_native;D31_V_outdoorYT_panrot_0002.mp4;True;1.0;1.0;1.0
True_NATIVE;true_native;D31_V_outdoorYT_still_0001.mp4;True;1.0;1.0;1.0
True_NATIVE;true_native;D31_V_outdoorYT_still_0002.mp4;True;1.0;1.0;1.0
True_NATIVE;false_native;D32_V_flat_move_0002.mp4;False;0.742857;0.594595;0.487179
True_NATIVE;false_native;D32_V_flat_move_0003.mp4;False;0.742857;0.594595;0.487179
True_NATIVE;false_native;D32_V_flat_panrot_0001.mp4;False;0.742857;0.594595;0.487179
True_NATIVE;false_native;D32_V_flat_panrot_0002.mp4;False;0.742857;0.594595;0.487179
True_NATIVE;false_native;D32_V_flat_still_0001.mp4;False;0.742857;0.594595;0.487179
True_NATIVE;false_native;D32_V_flat_still_0002.mp4;False;0.742857;0.594595;0.487179
True_NATIVE;true_native;D32_V_flatWA_move_0002.mp4;True;1.0;1.0;1.0
True_NATIVE;true_native;D32_V_flatWA_move_0003.mp4;True;1.0;1.0;1.0
True_NATIVE;true_native;D32_V_flatWA_panrot_0001.mp4;True;1.0;1.0;1.0
True_NATIVE;true_native;D32_V_flatWA_panrot_0002.mp4;True;1.0;1.0;1.0
True_NATIVE;true_native;D32_V_flatWA_still_0001.mp4;True;1.0;1.0;1.0
True_NATIVE;true_native;D32_V_flatWA_still_0002.mp4;True;1.0;1.0;1.0
True_NATIVE;true_native;D32_V_flatYT_move_0002.mp4;True;1.0;1.0;1.0
True_NATIVE;true_native;D32_V_flatYT_move_0003.mp4;True;1.0;1.0;1.0
True_NATIVE;true_native;D32_V_flatYT_panrot_0001.mp4;True;1.0;1.0;1.0
True_NATIVE;true_native;D32_V_flatYT_panrot_0002.mp4;True;1.0;1.0;1.0
True_NATIVE;true_native;D32_V_flatYT_still_0001.mp4;True;1.0;1.0;1.0
True_NATIVE;true_native;D32_V_flatYT_still_0002.mp4;True;1.0;1.0;1.0
True_NATIVE;false_native;D32_V_indoor_move_0002.mp4;False;0.742857;0.594595;0.487179
True_NATIVE;false_native;D32_V_indoor_panrot_0001.mp4;False;0.742857;0.594595;0.487179
True_NATIVE;false_native;D32_V_indoor_panrot_0002.mp4;False;0.742857;0.594595;0.487179
True_NATIVE;false_native;D32_V_indoor_still_0001.mp4;False;0.742857;0.594595;0.487179
True_NATIVE;false_native;D32_V_indoor_still_0002.mp4;False;0.742857;0.594595;0.487179
True_NATIVE;true_native;D32_V_indoorWA_move_0002.mp4;True;1.0;1.0;1.0
True_NATIVE;true_native;D32_V_indoorWA_panrot_0001.mp4;True;1.0;1.0;1.0
True_NATIVE;true_native;D32_V_indoorWA_panrot_0002.mp4;True;1.0;1.0;1.0
True_NATIVE;true_native;D32_V_indoorWA_still_0001.mp4;True;1.0;1.0;1.0
True_NATIVE;true_native;D32_V_indoorWA_still_0002.mp4;True;1.0;1.0;1.0
True_NATIVE;true_native;D32_V_indoorYT_move_0002.mp4;True;1.0;1.0;1.0
True_NATIVE;true_native;D32_V_indoorYT_panrot_0001.mp4;True;1.0;1.0;1.0
True_NATIVE;true_native;D32_V_indoorYT_panrot_0002.mp4;True;1.0;1.0;1.0
True_NATIVE;true_native;D32_V_indoorYT_still_0001.mp4;True;1.0;1.0;1.0
True_NATIVE;true_native;D32_V_indoorYT_still_0002.mp4;True;1.0;1.0;1.0
True_NATIVE;false_native;D32_V_outdoor_move_0002.mp4;False;0.742857;0.594595;0.487179
True_NATIVE;false_native;D32_V_outdoor_panrot_0001.mp4;False;0.742857;0.594595;0.487179
True_NATIVE;false_native;D32_V_outdoor_panrot_0002.mp4;False;0.742857;0.594595;0.487179
True_NATIVE;false_native;D32_V_outdoor_still_0001.mp4;False;0.702703;0.564103;0.463415
True_NATIVE;false_native;D32_V_outdoor_still_0002.mp4;False;0.702703;0.564103;0.463415
True_NATIVE;true_native;D32_V_outdoorWA_move_0002.mp4;True;1.0;1.0;1.0
True_NATIVE;true_native;D32_V_outdoorWA_panrot_0001.mp4;True;1.0;1.0;1.0
True_NATIVE;true_native;D32_V_outdoorWA_panrot_0002.mp4;True;1.0;1.0;1.0
True_NATIVE;true_native;D32_V_outdoorWA_still_0001.mp4;True;1.0;1.0;1.0
True_NATIVE;true_native;D32_V_outdoorWA_still_0002.mp4;True;1.0;1.0;1.0
True_NATIVE;true_native;D32_V_outdoorYT_move_0002.mp4;True;1.0;1.0;1.0
True_NATIVE;true_native;D32_V_outdoorYT_panrot_0001.mp4;True;1.0;1.0;1.0
True_NATIVE;true_native;D32_V_outdoorYT_panrot_0002.mp4;True;1.0;1.0;1.0
True_NATIVE;true_native;D32_V_outdoorYT_still_0001.mp4;True;1.0;1.0;1.0
True_NATIVE;true_native;D32_V_outdoorYT_still_0002.mp4;True;1.0;1.0;1.0
True_NATIVE;false_native;D33_V_flat_move_0002.mp4;False;0.71875;0.617647;0.555556
True_NATIVE;false_native;D33_V_flat_move_0003.mp4;False;0.71875;0.617647;0.555556
True_NATIVE;false_native;D33_V_flat_panrot_0001.mp4;False;0.71875;0.617647;0.555556
True_NATIVE;false_native;D33_V_flat_panrot_0002.mp4;False;0.71875;0.617647;0.555556
True_NATIVE;false_native;D33_V_flat_still_0001.mp4;False;0.71875;0.617647;0.555556
True_NATIVE;false_native;D33_V_flat_still_0002.mp4;False;0.71875;0.617647;0.555556
True_NATIVE;true_native;D33_V_flatWA_move_0002.mp4;True;1.0;1.0;1.0
True_NATIVE;true_native;D33_V_flatWA_move_0003.mp4;True;1.0;1.0;1.0
True_NATIVE;true_native;D33_V_flatWA_panrot_0001.mp4;True;1.0;1.0;1.0
True_NATIVE;true_native;D33_V_flatWA_panrot_0002.mp4;True;1.0;1.0;1.0
True_NATIVE;true_native;D33_V_flatWA_still_0001.mp4;True;1.0;1.0;1.0
True_NATIVE;true_native;D33_V_flatWA_still_0002.mp4;True;1.0;1.0;1.0
True_NATIVE;true_native;D33_V_flatYT_move_0003.mp4;True;1.0;1.0;1.0
True_NATIVE;true_native;D33_V_flatYT_panrot_0001.mp4;True;1.0;1.0;1.0
True_NATIVE;true_native;D33_V_flatYT_panrot_0002.mp4;True;1.0;1.0;1.0
True_NATIVE;true_native;D33_V_flatYT_still_0001.mp4;True;1.0;1.0;1.0
True_NATIVE;true_native;D33_V_flatYT_still_0002.mp4;True;1.0;1.0;1.0
True_NATIVE;false_native;D33_V_indoor_move_0002.mp4;False;0.71875;0.617647;0.555556
True_NATIVE;false_native;D33_V_indoor_panrot_0001.mp4;False;0.71875;0.617647;0.555556
True_NATIVE;false_native;D33_V_indoor_panrot_0002.mp4;False;0.71875;0.617647;0.555556
True_NATIVE;false_native;D33_V_indoor_still_0001.mp4;False;0.71875;0.617647;0.555556
True_NATIVE;false_native;D33_V_indoor_still_0002.mp4;False;0.71875;0.617647;0.555556
True_NATIVE;true_native;D33_V_indoorWA_move_0002.mp4;True;1.0;1.0;1.0
True_NATIVE;true_native;D33_V_indoorWA_panrot_0001.mp4;True;1.0;1.0;1.0
True_NATIVE;true_native;D33_V_indoorWA_panrot_0002.mp4;True;1.0;1.0;1.0
True_NATIVE;true_native;D33_V_indoorWA_still_0001.mp4;True;1.0;1.0;1.0
True_NATIVE;true_native;D33_V_indoorWA_still_0002.mp4;True;1.0;1.0;1.0
True_NATIVE;true_native;D33_V_indoorYT_move_0002.mp4;True;1.0;1.0;1.0
True_NATIVE;true_native;D33_V_indoorYT_panrot_0001.mp4;True;1.0;1.0;1.0
True_NATIVE;true_native;D33_V_indoorYT_panrot_0002.mp4;True;1.0;1.0;1.0
True_NATIVE;true_native;D33_V_indoorYT_still_0001.mp4;True;1.0;1.0;1.0
True_NATIVE;true_native;D33_V_indoorYT_still_0002.mp4;True;1.0;1.0;1.0
True_NATIVE;false_native;D33_V_outdoor_move_0002.mp4;False;0.71875;0.617647;0.555556
True_NATIVE;false_native;D33_V_outdoor_panrot_0001.mp4;False;0.71875;0.617647;0.555556
True_NATIVE;false_native;D33_V_outdoor_panrot_0002.mp4;False;0.71875;0.617647;0.555556
True_NATIVE;false_native;D33_V_outdoor_still_0001.mp4;False;0.71875;0.617647;0.555556
True_NATIVE;false_native;D33_V_outdoor_still_0002.mp4;False;0.71875;0.617647;0.555556
True_NATIVE;true_native;D33_V_outdoorWA_move_0002.mp4;True;1.0;1.0;1.0
True_NATIVE;true_native;D33_V_outdoorWA_panrot_0001.mp4;True;1.0;1.0;1.0
True_NATIVE;true_native;D33_V_outdoorWA_panrot_0002.mp4;True;1.0;1.0;1.0
True_NATIVE;true_native;D33_V_outdoorWA_still_0001.mp4;True;1.0;1.0;1.0
True_NATIVE;true_native;D33_V_outdoorWA_still_0002.mp4;True;1.0;1.0;1.0
True_NATIVE;true_native;D33_V_outdoorYT_move_0002.mp4;True;1.0;1.0;1.0
True_NATIVE;true_native;D33_V_outdoorYT_panrot_0001.mp4;True;1.0;1.0;1.0
True_NATIVE;true_native;D33_V_outdoorYT_panrot_0002.mp4;True;1.0;1.0;1.0
True_NATIVE;true_native;D33_V_outdoorYT_still_0001.mp4;True;1.0;1.0;1.0
True_NATIVE;true_native;D33_V_outdoorYT_still_0002.mp4;True;1.0;1.0;1.0
True_NATIVE;false_native;D34_V_flat_move_0002.mov;False;0.653061;0.576923;0.5
True_NATIVE;false_native;D34_V_flat_move_0003.mov;False;0.653061;0.576923;0.5
True_NATIVE;false_native;D34_V_flat_move_0004.mov;False;0.653061;0.576923;0.5
True_NATIVE;false_native;D34_V_flat_move_0005.mov;False;0.653061;0.576923;0.5
True_NATIVE;false_native;D34_V_flat_panrot_0001.mov;False;0.653061;0.576923;0.5
True_NATIVE;false_native;D34_V_flat_panrot_0002.mov;False;0.653061;0.576923;0.5
True_NATIVE;false_native;D34_V_flat_panrot_0003.mov;False;0.653061;0.576923;0.5
True_NATIVE;false_native;D34_V_flat_panrot_0004.mov;False;0.653061;0.576923;0.5
True_NATIVE;false_native;D34_V_flat_still_0001.mov;False;0.653061;0.576923;0.5
True_NATIVE;false_native;D34_V_flat_still_0002.mov;False;0.653061;0.576923;0.5
True_NATIVE;false_native;D34_V_flat_still_0003.mov;False;0.653061;0.576923;0.5
True_NATIVE;false_native;D34_V_flat_still_0004.mov;False;0.653061;0.576923;0.5
True_NATIVE;true_native;D34_V_flatWA_move_0002.mp4;True;1.0;1.0;1.0
True_NATIVE;true_native;D34_V_flatWA_move_0003.mp4;True;1.0;1.0;1.0
True_NATIVE;true_native;D34_V_flatWA_move_0004.mp4;True;1.0;1.0;1.0
True_NATIVE;true_native;D34_V_flatWA_move_0005.mp4;True;1.0;1.0;1.0
True_NATIVE;true_native;D34_V_flatWA_panrot_0001.mp4;True;1.0;1.0;1.0
True_NATIVE;true_native;D34_V_flatWA_panrot_0002.mp4;True;1.0;1.0;1.0
True_NATIVE;true_native;D34_V_flatWA_panrot_0003.mp4;True;1.0;1.0;1.0
True_NATIVE;true_native;D34_V_flatWA_panrot_0004.mp4;True;1.0;1.0;1.0
True_NATIVE;true_native;D34_V_flatWA_still_0001.mp4;True;1.0;1.0;1.0
True_NATIVE;true_native;D34_V_flatWA_still_0002.mp4;True;1.0;1.0;1.0
True_NATIVE;true_native;D34_V_flatWA_still_0003.mp4;True;1.0;1.0;1.0
True_NATIVE;true_native;D34_V_flatWA_still_0004.mp4;True;1.0;1.0;1.0
True_NATIVE;true_native;D34_V_flatYT_panrot_0004.mp4;True;1.0;1.0;1.0
True_NATIVE;false_native;D34_V_indoor_move_0002.mov;False;0.653061;0.576923;0.5
True_NATIVE;false_native;D34_V_indoor_move_0003.mov;False;0.653061;0.576923;0.5
True_NATIVE;false_native;D34_V_indoor_move_0004.mov;False;0.653061;0.576923;0.5
True_NATIVE;false_native;D34_V_indoor_panrot_0001.mov;False;0.653061;0.576923;0.5
True_NATIVE;false_native;D34_V_indoor_panrot_0002.mov;False;0.653061;0.576923;0.5
True_NATIVE;false_native;D34_V_indoor_panrot_0003.mov;False;0.653061;0.576923;0.5
True_NATIVE;false_native;D34_V_indoor_panrot_0004.mov;False;0.653061;0.576923;0.5
True_NATIVE;false_native;D34_V_indoor_still_0001.mov;False;0.653061;0.576923;0.5
True_NATIVE;false_native;D34_V_indoor_still_0002.mov;False;0.653061;0.576923;0.5
True_NATIVE;false_native;D34_V_indoor_still_0003.mov;False;0.653061;0.576923;0.5
True_NATIVE;false_native;D34_V_indoor_still_0004.mov;False;0.653061;0.576923;0.5
True_NATIVE;true_native;D34_V_indoorWA_move_0002.mp4;True;1.0;1.0;1.0
True_NATIVE;true_native;D34_V_indoorWA_move_0003.mp4;True;1.0;1.0;1.0
True_NATIVE;true_native;D34_V_indoorWA_move_0004.mp4;True;1.0;1.0;1.0
True_NATIVE;true_native;D34_V_indoorWA_panrot_0001.mp4;True;1.0;1.0;1.0
True_NATIVE;true_native;D34_V_indoorWA_panrot_0002.mp4;True;1.0;1.0;1.0
True_NATIVE;true_native;D34_V_indoorWA_panrot_0003.mp4;True;1.0;1.0;1.0
True_NATIVE;true_native;D34_V_indoorWA_panrot_0004.mp4;True;1.0;1.0;1.0
True_NATIVE;true_native;D34_V_indoorWA_still_0001.mp4;True;1.0;1.0;1.0
True_NATIVE;true_native;D34_V_indoorWA_still_0002.mp4;True;1.0;1.0;1.0
True_NATIVE;true_native;D34_V_indoorWA_still_0003.mp4;True;1.0;1.0;1.0
True_NATIVE;true_native;D34_V_indoorWA_still_0004.mp4;True;1.0;1.0;1.0
True_NATIVE;true_native;D34_V_indoorYT_move_0002.mp4;True;1.0;1.0;1.0
True_NATIVE;true_native;D34_V_indoorYT_move_0003.mp4;True;1.0;1.0;1.0
True_NATIVE;true_native;D34_V_indoorYT_move_0004.mp4;True;1.0;1.0;1.0
True_NATIVE;true_native;D34_V_indoorYT_panrot_0001.mp4;True;1.0;1.0;1.0
True_NATIVE;true_native;D34_V_indoorYT_panrot_0002.mp4;True;1.0;1.0;1.0
True_NATIVE;true_native;D34_V_indoorYT_panrot_0003.mp4;True;1.0;1.0;1.0
True_NATIVE;true_native;D34_V_indoorYT_panrot_0004.mp4;True;1.0;1.0;1.0
True_NATIVE;true_native;D34_V_indoorYT_still_0001.mp4;True;1.0;1.0;1.0
True_NATIVE;true_native;D34_V_indoorYT_still_0002.mp4;True;1.0;1.0;1.0
True_NATIVE;false_native;D34_V_outdoor_move_0002.mov;False;0.653061;0.576923;0.5
True_NATIVE;false_native;D34_V_outdoor_move_0003.mov;False;0.653061;0.576923;0.5
True_NATIVE;false_native;D34_V_outdoor_move_0004.mov;False;0.653061;0.576923;0.5
True_NATIVE;false_native;D34_V_outdoor_panrot_0001.mov;False;0.653061;0.576923;0.5
True_NATIVE;false_native;D34_V_outdoor_panrot_0002.mov;False;0.653061;0.576923;0.5
True_NATIVE;false_native;D34_V_outdoor_still_0001.mov;False;0.653061;0.576923;0.5
True_NATIVE;true_native;D34_V_outdoorWA_move_0002.mp4;True;1.0;1.0;1.0
True_NATIVE;true_native;D34_V_outdoorWA_move_0003.mp4;True;1.0;1.0;1.0
True_NATIVE;true_native;D34_V_outdoorWA_move_0004.mp4;True;1.0;1.0;1.0
True_NATIVE;true_native;D34_V_outdoorWA_panrot_0001.mp4;True;1.0;1.0;1.0
True_NATIVE;true_native;D34_V_outdoorWA_panrot_0002.mp4;True;1.0;1.0;1.0
True_NATIVE;true_native;D34_V_outdoorWA_still_0001.mp4;True;1.0;1.0;1.0
True_NATIVE;true_native;D34_V_outdoorYT_move_0002.mp4;True;1.0;1.0;1.0
True_NATIVE;true_native;D34_V_outdoorYT_move_0003.mp4;True;1.0;1.0;1.0
True_NATIVE;true_native;D34_V_outdoorYT_move_0004.mp4;True;1.0;1.0;1.0
True_NATIVE;true_native;D34_V_outdoorYT_panrot_0001.mp4;True;1.0;1.0;1.0
True_NATIVE;true_native;D34_V_outdoorYT_panrot_0002.mp4;True;1.0;1.0;1.0
True_NATIVE;false_native;D35_V_flat_move_0002.mp4;False;0.69697;0.6;0.540541
True_NATIVE;false_native;D35_V_flat_panrot_0001.mp4;False;0.69697;0.6;0.540541
True_NATIVE;false_native;D35_V_flat_still_0001.mp4;False;0.69697;0.6;0.540541
True_NATIVE;true_native;D35_V_flatWA_move_0002.mp4;True;1.0;1.0;1.0
True_NATIVE;true_native;D35_V_flatWA_panrot_0001.mp4;True;1.0;1.0;1.0
True_NATIVE;true_native;D35_V_flatWA_still_0001.mp4;True;1.0;1.0;1.0
True_NATIVE;true_native;D35_V_flatYT_move_0002.mp4;True;1.0;1.0;1.0
True_NATIVE;true_native;D35_V_flatYT_panrot_0001.mp4;True;1.0;1.0;1.0
True_NATIVE;true_native;D35_V_flatYT_still_0001.mp4;True;1.0;1.0;1.0
True_NATIVE;false_native;D35_V_indoor_move_0002.mp4;False;0.69697;0.6;0.540541
True_NATIVE;false_native;D35_V_indoor_panrot_0001.mp4;False;0.69697;0.6;0.540541
True_NATIVE;false_native;D35_V_indoor_panrot_0002.mp4;False;0.69697;0.6;0.540541
True_NATIVE;false_native;D35_V_indoor_still_0001.mp4;False;0.69697;0.6;0.540541
True_NATIVE;false_native;D35_V_indoor_still_0002.mp4;False;0.69697;0.6;0.540541
True_NATIVE;true_native;D35_V_indoorWA_move_0002.mp4;True;1.0;1.0;1.0
True_NATIVE;true_native;D35_V_indoorWA_panrot_0001.mp4;True;1.0;1.0;1.0
True_NATIVE;true_native;D35_V_indoorWA_panrot_0002.mp4;True;1.0;1.0;1.0
True_NATIVE;true_native;D35_V_indoorWA_still_0001.mp4;True;1.0;1.0;1.0
True_NATIVE;true_native;D35_V_indoorWA_still_0002.mp4;True;1.0;1.0;1.0
True_NATIVE;true_native;D35_V_indoorYT_move_0002.mp4;True;1.0;1.0;1.0
True_NATIVE;true_native;D35_V_indoorYT_panrot_0001.mp4;True;1.0;1.0;1.0
True_NATIVE;true_native;D35_V_indoorYT_panrot_0002.mp4;True;1.0;1.0;1.0
True_NATIVE;true_native;D35_V_indoorYT_still_0001.mp4;True;1.0;1.0;1.0
True_NATIVE;true_native;D35_V_indoorYT_still_0002.mp4;True;1.0;1.0;1.0
True_NATIVE;false_native;D35_V_outdoor_move_0002.mp4;False;0.69697;0.6;0.540541
True_NATIVE;false_native;D35_V_outdoor_panrot_0001.mp4;False;0.69697;0.6;0.540541
True_NATIVE;false_native;D35_V_outdoor_panrot_0002.mp4;False;0.69697;0.6;0.540541
True_NATIVE;false_native;D35_V_outdoor_still_0001.mp4;False;0.69697;0.6;0.540541
True_NATIVE;false_native;D35_V_outdoor_still_0002.mp4;False;0.69697;0.6;0.540541
True_NATIVE;true_native;D35_V_outdoorWA_move_0002.mp4;True;1.0;1.0;1.0
True_NATIVE;true_native;D35_V_outdoorWA_panrot_0001.mp4;True;1.0;1.0;1.0
True_NATIVE;true_native;D35_V_outdoorWA_panrot_0002.mp4;True;1.0;1.0;1.0
True_NATIVE;true_native;D35_V_outdoorWA_still_0001.mp4;True;1.0;1.0;1.0
True_NATIVE;true_native;D35_V_outdoorWA_still_0002.mp4;True;1.0;1.0;1.0
True_NATIVE;true_native;D35_V_outdoorYT_move_0002.mp4;True;1.0;1.0;1.0
True_NATIVE;true_native;D35_V_outdoorYT_panrot_0001.mp4;True;1.0;1.0;1.0
True_NATIVE;true_native;D35_V_outdoorYT_panrot_0002.mp4;True;1.0;1.0;1.0
True_NATIVE;true_native;D35_V_outdoorYT_still_0001.mp4;True;1.0;1.0;1.0
True_NATIVE;true_native;D35_V_outdoorYT_still_0002.mp4;True;1.0;1.0;1.0
True_NATIVE;true_avidemux;D01_V_indoor_move_0002.mp4;False;1.0;1.0;1.0
True_NATIVE;true_avidemux;D01_V_outdoor_move_0002.mp4;False;1.0;1.0;1.0
True_NATIVE;true_avidemux;D03_V_indoor_move_0002.mp4;False;1.0;1.0;1.0
True_NATIVE;true_avidemux;D03_V_outdoor_move_0002.mp4;False;1.0;1.0;1.0
True_NATIVE;true_avidemux;D04_V_indoor_move_0002.mp4;False;1.0;1.0;1.0
True_NATIVE;true_avidemux;D04_V_outdoor_move_0002.mp4;False;1.0;1.0;1.0
True_NATIVE;true_avidemux;D05_V_indoor_move_0002.mp4;False;1.0;1.0;1.0
True_NATIVE;true_avidemux;D05_V_outdoor_move_0002.mp4;False;1.0;1.0;1.0
True_NATIVE;true_avidemux;D06_V_indoor_move_0002.mp4;False;1.0;1.0;1.0
True_NATIVE;true_avidemux;D06_V_outdoor_move_0002.mp4;False;1.0;1.0;1.0
True_NATIVE;true_avidemux;D07_V_indoor_move_0002.mp4;False;1.0;1.0;1.0
True_NATIVE;true_avidemux;D07_V_outdoor_move_0002.mp4;False;1.0;1.0;1.0
True_NATIVE;true_avidemux;D08_V_indoor_move_0002.mp4;False;1.0;1.0;1.0
True_NATIVE;true_avidemux;D08_V_outdoor_move_0002.mp4;False;1.0;1.0;1.0
True_NATIVE;true_avidemux;D09_V_indoor_move_0002.mp4;False;1.0;1.0;1.0
True_NATIVE;true_avidemux;D09_V_outdoor_move_0002.mp4;False;1.0;1.0;1.0
True_NATIVE;true_avidemux;D10_V_indoor_move_0002.mp4;False;1.0;1.0;1.0
True_NATIVE;true_avidemux;D11_V_indoor_move_0002.mp4;False;1.0;1.0;1.0
True_NATIVE;true_avidemux;D11_V_outdoor_move_0002.mp4;False;1.0;1.0;1.0
True_NATIVE;true_avidemux;D12_V_indoor_move_0002.mp4;False;1.0;1.0;1.0
True_NATIVE;true_avidemux;D12_V_outdoor_move_0002.mp4;False;1.0;1.0;1.0
True_NATIVE;true_avidemux;D13_V_indoor_move_0002.mp4;False;1.0;1.0;1.0
True_NATIVE;true_avidemux;D13_V_outdoor_move_0002.mp4;False;1.0;1.0;1.0
True_NATIVE;true_avidemux;D14_V_indoor_move_0002.mp4;False;1.0;1.0;1.0
True_NATIVE;true_avidemux;D14_V_outdoor_move_0002.mp4;False;1.0;1.0;1.0
True_NATIVE;true_avidemux;D15_V_indoor_move_0002.mp4;False;1.0;1.0;1.0
True_NATIVE;true_avidemux;D15_V_outdoor_move_0002.mp4;False;1.0;1.0;1.0
True_NATIVE;true_avidemux;D16_V_indoor_move_0002.mp4;False;1.0;1.0;1.0
True_NATIVE;true_avidemux;D16_V_outdoor_move_0002.mp4;False;1.0;1.0;1.0
True_NATIVE;true_avidemux;D19_V_indoor_move_0002.mp4;False;1.0;1.0;1.0
True_NATIVE;true_avidemux;D19_V_outdoor_move_0002.mp4;False;1.0;1.0;1.0
True_NATIVE;true_avidemux;D20_V_indoor_move_0002.mp4;False;1.0;1.0;1.0
True_NATIVE;true_avidemux;D20_V_outdoor_move_0002.mp4;False;1.0;1.0;1.0
True_NATIVE;true_avidemux;D22_V_indoor_move_0002.mp4;False;1.0;1.0;1.0
True_NATIVE;true_avidemux;D22_V_outdoor_move_0002.mp4;False;1.0;1.0;1.0
True_NATIVE;true_avidemux;D23_V_indoor_move_0002.mp4;False;1.0;1.0;1.0
True_NATIVE;true_avidemux;D23_V_outdoor_move_0002.mp4;False;1.0;1.0;1.0
True_NATIVE;true_avidemux;D24_V_indoor_move_0002.mp4;False;1.0;1.0;1.0
True_NATIVE;true_avidemux;D24_V_outdoor_move_0002.mp4;False;1.0;1.0;1.0
True_NATIVE;true_avidemux;D25_V_indoor_move_0002.mp4;False;1.0;1.0;1.0
True_NATIVE;true_avidemux;D25_V_outdoor_move_0002.mp4;False;1.0;1.0;1.0
True_NATIVE;true_avidemux;D26_V_indoor_move_0002.mp4;False;1.0;1.0;1.0
True_NATIVE;true_avidemux;D26_V_outdoor_move_0002.mp4;False;1.0;1.0;1.0
True_NATIVE;true_avidemux;D27_V_indoor_move_0002.mp4;False;1.0;1.0;1.0
True_NATIVE;true_avidemux;D27_V_outdoor_move_0002.mp4;False;1.0;1.0;1.0
True_NATIVE;true_avidemux;D28_V_indoor_move_0002.mp4;False;1.0;1.0;1.0
True_NATIVE;true_avidemux;D28_V_outdoor_move_0002.mp4;False;1.0;1.0;1.0
True_NATIVE;true_avidemux;D29_V_indoor_move_0002.mp4;False;1.0;1.0;1.0
True_NATIVE;true_avidemux;D29_V_outdoor_move_0002.mp4;False;1.0;1.0;1.0
True_NATIVE;true_avidemux;D30_V_indoor_move_0002.mp4;False;1.0;1.0;1.0
True_NATIVE;true_avidemux;D30_V_outdoor_move_0002.mp4;False;1.0;1.0;1.0
True_NATIVE;true_avidemux;D31_V_indoor_move_0002.mp4;False;1.0;1.0;1.0
True_NATIVE;true_avidemux;D31_V_outdoor_move_0002.mp4;False;1.0;1.0;1.0
True_NATIVE;true_avidemux;D32_V_indoor_move_0002.mp4;False;1.0;1.0;1.0
True_NATIVE;true_avidemux;D32_V_outdoor_move_0002.mp4;False;1.0;1.0;1.0
True_NATIVE;true_avidemux;D33_V_indoor_move_0002.mp4;False;1.0;1.0;1.0
True_NATIVE;true_avidemux;D33_V_outdoor_move_0002.mp4;False;1.0;1.0;1.0
True_NATIVE;true_avidemux;D34_V_indoor_move_0002.mp4;False;1.0;1.0;1.0
True_NATIVE;true_avidemux;D34_V_outdoor_move_0002.mp4;False;1.0;1.0;1.0
True_NATIVE;true_avidemux;D35_V_outdoor_move_0002.mp4;False;1.0;1.0;1.0
True_NATIVE;true_avidemux;D35_V_outdoor_panrot_0002.mp4;False;1.0;1.0;1.0
True_NATIVE;true_exiftool;D01_V_indoor_move_0002.mp4;False;1.0;1.0;1.0
True_NATIVE;true_exiftool;D01_V_outdoor_move_0002.mp4;False;1.0;1.0;1.0
True_NATIVE;true_exiftool;D03_V_indoor_move_0002.mp4;False;1.0;1.0;1.0
True_NATIVE;true_exiftool;D03_V_outdoor_move_0002.mp4;False;1.0;1.0;1.0
True_NATIVE;true_exiftool;D04_V_indoor_move_0002.mp4;False;1.0;1.0;1.0
True_NATIVE;true_exiftool;D04_V_outdoor_move_0002.mp4;False;1.0;1.0;1.0
True_NATIVE;true_exiftool;D05_V_indoor_move_0002.mp4;False;1.0;1.0;1.0
True_NATIVE;true_exiftool;D05_V_outdoor_move_0002.mp4;False;1.0;1.0;1.0
True_NATIVE;true_exiftool;D06_V_indoor_move_0002.mp4;False;1.0;1.0;1.0
True_NATIVE;true_exiftool;D06_V_outdoor_move_0002.mp4;False;1.0;1.0;1.0
True_NATIVE;true_exiftool;D07_V_indoor_move_0002.mp4;False;1.0;1.0;1.0
True_NATIVE;true_exiftool;D07_V_outdoor_move_0002.mp4;False;1.0;1.0;1.0
True_NATIVE;true_exiftool;D08_V_indoor_move_0002.mp4;False;1.0;1.0;1.0
True_NATIVE;true_exiftool;D08_V_outdoor_move_0002.mp4;False;1.0;1.0;1.0
True_NATIVE;true_exiftool;D09_V_indoor_move_0002.mp4;False;1.0;1.0;1.0
True_NATIVE;true_exiftool;D09_V_outdoor_move_0002.mp4;False;1.0;1.0;1.0
True_NATIVE;true_exiftool;D10_V_indoor_move_0002.mp4;False;1.0;1.0;1.0
True_NATIVE;true_exiftool;D11_V_indoor_move_0002.mp4;False;1.0;1.0;1.0
True_NATIVE;true_exiftool;D11_V_outdoor_move_0002.mp4;False;1.0;1.0;1.0
True_NATIVE;true_exiftool;D12_V_indoor_move_0002.mp4;False;1.0;1.0;1.0
True_NATIVE;true_exiftool;D12_V_outdoor_move_0002.mp4;False;1.0;1.0;1.0
True_NATIVE;true_exiftool;D13_V_indoor_move_0002.mp4;False;1.0;1.0;1.0
True_NATIVE;true_exiftool;D13_V_outdoor_move_0002.mp4;False;1.0;1.0;1.0
True_NATIVE;true_exiftool;D14_V_indoor_move_0002.mp4;False;1.0;1.0;1.0
True_NATIVE;true_exiftool;D14_V_outdoor_move_0002.mp4;False;1.0;1.0;1.0
True_NATIVE;true_exiftool;D15_V_indoor_move_0002.mp4;False;1.0;1.0;1.0
True_NATIVE;true_exiftool;D15_V_outdoor_move_0002.mp4;False;1.0;1.0;1.0
True_NATIVE;true_exiftool;D16_V_indoor_move_0002.mp4;False;1.0;1.0;1.0
True_NATIVE;true_exiftool;D16_V_outdoor_move_0002.mp4;False;1.0;1.0;1.0
True_NATIVE;true_exiftool;D19_V_indoor_move_0002.mp4;False;1.0;1.0;1.0
True_NATIVE;true_exiftool;D19_V_outdoor_move_0002.mp4;False;1.0;1.0;1.0
True_NATIVE;true_exiftool;D20_V_indoor_move_0002.mp4;False;1.0;1.0;1.0
True_NATIVE;true_exiftool;D20_V_outdoor_move_0002.mp4;False;1.0;1.0;1.0
True_NATIVE;true_exiftool;D22_V_indoor_move_0002.mp4;False;1.0;1.0;1.0
True_NATIVE;true_exiftool;D22_V_outdoor_move_0002.mp4;False;1.0;1.0;1.0
True_NATIVE;true_exiftool;D23_V_indoor_move_0002.mp4;False;1.0;1.0;1.0
True_NATIVE;true_exiftool;D23_V_outdoor_move_0002.mp4;False;1.0;1.0;1.0
True_NATIVE;true_exiftool;D24_V_indoor_move_0002.mp4;False;1.0;1.0;1.0
True_NATIVE;true_exiftool;D24_V_outdoor_move_0002.mp4;False;1.0;1.0;1.0
True_NATIVE;true_exiftool;D25_V_indoor_move_0002.mp4;False;1.0;1.0;1.0
True_NATIVE;true_exiftool;D25_V_outdoor_move_0002.mp4;False;1.0;1.0;1.0
True_NATIVE;true_exiftool;D26_V_indoor_move_0002.mp4;False;1.0;1.0;1.0
True_NATIVE;true_exiftool;D26_V_outdoor_move_0002.mp4;False;1.0;1.0;1.0
True_NATIVE;true_exiftool;D27_V_indoor_move_0002.mp4;False;1.0;1.0;1.0
True_NATIVE;true_exiftool;D27_V_outdoor_move_0002.mp4;False;1.0;1.0;1.0
True_NATIVE;true_exiftool;D28_V_indoor_move_0002.mp4;False;1.0;1.0;1.0
True_NATIVE;true_exiftool;D28_V_outdoor_move_0002.mp4;False;1.0;1.0;1.0
True_NATIVE;true_exiftool;D29_V_indoor_move_0002.mp4;False;1.0;1.0;1.0
True_NATIVE;true_exiftool;D29_V_outdoor_move_0002.mp4;False;1.0;1.0;1.0
True_NATIVE;true_exiftool;D30_V_indoor_move_0002.mp4;False;1.0;1.0;1.0
True_NATIVE;true_exiftool;D30_V_outdoor_move_0002.mp4;False;1.0;1.0;1.0
True_NATIVE;true_exiftool;D31_V_indoor_move_0002.mp4;False;1.0;1.0;1.0
True_NATIVE;true_exiftool;D31_V_outdoor_move_0002.mp4;False;1.0;1.0;1.0
True_NATIVE;true_exiftool;D32_V_indoor_move_0002.mp4;False;1.0;1.0;1.0
True_NATIVE;true_exiftool;D32_V_outdoor_move_0002.mp4;False;1.0;1.0;1.0
True_NATIVE;true_exiftool;D33_V_indoor_move_0002.mp4;False;1.0;1.0;1.0
True_NATIVE;true_exiftool;D33_V_outdoor_move_0002.mp4;False;1.0;1.0;1.0
True_NATIVE;true_exiftool;D34_V_indoor_move_0002.mp4;False;1.0;1.0;1.0
True_NATIVE;true_exiftool;D34_V_outdoor_move_0002.mp4;False;1.0;1.0;1.0
True_NATIVE;true_exiftool;D35_V_outdoor_move_0002.mp4;False;1.0;1.0;1.0
True_NATIVE;true_exiftool;D35_V_outdoor_panrot_0002.mp4;False;1.0;1.0;1.0
True_NATIVE;true_ffmpeg1;D01_V_indoor_move_0002.mp4;False;1.0;1.0;1.0
True_NATIVE;true_ffmpeg1;D01_V_outdoor_move_0002.mp4;False;1.0;1.0;1.0
True_NATIVE;true_ffmpeg1;D03_V_indoor_move_0002.mp4;False;1.0;1.0;1.0
True_NATIVE;true_ffmpeg1;D03_V_outdoor_move_0002.mp4;False;1.0;1.0;1.0
True_NATIVE;true_ffmpeg1;D04_V_indoor_move_0002.mp4;False;1.0;1.0;1.0
True_NATIVE;true_ffmpeg1;D04_V_outdoor_move_0002.mp4;False;1.0;1.0;1.0
True_NATIVE;true_ffmpeg1;D05_V_indoor_move_0002.mp4;False;1.0;1.0;1.0
True_NATIVE;true_ffmpeg1;D05_V_outdoor_move_0002.mp4;False;1.0;1.0;1.0
True_NATIVE;true_ffmpeg1;D06_V_indoor_move_0002.mp4;False;1.0;1.0;1.0
True_NATIVE;true_ffmpeg1;D06_V_outdoor_move_0002.mp4;False;1.0;1.0;1.0
True_NATIVE;true_ffmpeg1;D07_V_indoor_move_0002.mp4;False;1.0;1.0;1.0
True_NATIVE;true_ffmpeg1;D07_V_outdoor_move_0002.mp4;False;1.0;1.0;1.0
True_NATIVE;true_ffmpeg1;D08_V_indoor_move_0002.mp4;False;1.0;1.0;1.0
True_NATIVE;true_ffmpeg1;D08_V_outdoor_move_0002.mp4;False;1.0;1.0;1.0
True_NATIVE;true_ffmpeg1;D09_V_indoor_move_0002.mp4;False;1.0;1.0;1.0
True_NATIVE;true_ffmpeg1;D09_V_outdoor_move_0002.mp4;False;1.0;1.0;1.0
True_NATIVE;true_ffmpeg1;D10_V_indoor_move_0002.mp4;False;1.0;1.0;1.0
True_NATIVE;true_ffmpeg1;D11_V_indoor_move_0002.mp4;False;1.0;1.0;1.0
True_NATIVE;true_ffmpeg1;D11_V_outdoor_move_0002.mp4;False;1.0;1.0;1.0
True_NATIVE;true_ffmpeg1;D12_V_indoor_move_0002.mp4;False;1.0;1.0;1.0
True_NATIVE;true_ffmpeg1;D12_V_outdoor_move_0002.mp4;False;1.0;1.0;1.0
True_NATIVE;true_ffmpeg1;D13_V_indoor_move_0002.mp4;False;1.0;1.0;1.0
True_NATIVE;true_ffmpeg1;D13_V_outdoor_move_0002.mp4;False;1.0;1.0;1.0
True_NATIVE;true_ffmpeg1;D14_V_indoor_move_0002.mp4;False;1.0;1.0;1.0
True_NATIVE;true_ffmpeg1;D14_V_outdoor_move_0002.mp4;False;1.0;1.0;1.0
True_NATIVE;true_ffmpeg1;D15_V_indoor_move_0002.mp4;False;1.0;1.0;1.0
True_NATIVE;true_ffmpeg1;D15_V_outdoor_move_0002.mp4;False;1.0;1.0;1.0
True_NATIVE;true_ffmpeg1;D16_V_indoor_move_0002.mp4;False;1.0;1.0;1.0
True_NATIVE;true_ffmpeg1;D16_V_outdoor_move_0002.mp4;False;1.0;1.0;1.0
True_NATIVE;true_ffmpeg1;D19_V_indoor_move_0002.mp4;False;1.0;1.0;1.0
True_NATIVE;true_ffmpeg1;D19_V_outdoor_move_0002.mp4;False;1.0;1.0;1.0
True_NATIVE;true_ffmpeg1;D20_V_indoor_move_0002.mp4;False;1.0;1.0;1.0
True_NATIVE;true_ffmpeg1;D20_V_outdoor_move_0002.mp4;False;1.0;1.0;1.0
True_NATIVE;true_ffmpeg1;D22_V_indoor_move_0002.mp4;False;1.0;1.0;1.0
True_NATIVE;true_ffmpeg1;D22_V_outdoor_move_0002.mp4;False;1.0;1.0;1.0
True_NATIVE;true_ffmpeg1;D23_V_indoor_move_0002.mp4;False;1.0;1.0;1.0
True_NATIVE;true_ffmpeg1;D23_V_outdoor_move_0002.mp4;False;1.0;1.0;1.0
True_NATIVE;true_ffmpeg1;D24_V_indoor_move_0002.mp4;False;1.0;1.0;1.0
True_NATIVE;true_ffmpeg1;D24_V_outdoor_move_0002.mp4;False;1.0;1.0;1.0
True_NATIVE;true_ffmpeg1;D25_V_indoor_move_0002.mp4;False;1.0;1.0;1.0
True_NATIVE;true_ffmpeg1;D25_V_outdoor_move_0002.mp4;False;1.0;1.0;1.0
True_NATIVE;true_ffmpeg1;D26_V_indoor_move_0002.mp4;False;1.0;1.0;1.0
True_NATIVE;true_ffmpeg1;D26_V_outdoor_move_0002.mp4;False;1.0;1.0;1.0
True_NATIVE;true_ffmpeg1;D27_V_indoor_move_0002.mp4;False;1.0;1.0;1.0
True_NATIVE;true_ffmpeg1;D27_V_outdoor_move_0002.mp4;False;1.0;1.0;1.0
True_NATIVE;true_ffmpeg1;D28_V_indoor_move_0002.mp4;False;1.0;1.0;1.0
True_NATIVE;true_ffmpeg1;D28_V_outdoor_move_0002.mp4;False;1.0;1.0;1.0
True_NATIVE;true_ffmpeg1;D29_V_indoor_move_0002.mp4;False;1.0;1.0;1.0
True_NATIVE;true_ffmpeg1;D29_V_outdoor_move_0002.mp4;False;1.0;1.0;1.0
True_NATIVE;true_ffmpeg1;D30_V_indoor_move_0002.mp4;False;1.0;1.0;1.0
True_NATIVE;true_ffmpeg1;D30_V_outdoor_move_0002.mp4;False;1.0;1.0;1.0
True_NATIVE;true_ffmpeg1;D31_V_indoor_move_0002.mp4;False;1.0;1.0;1.0
True_NATIVE;true_ffmpeg1;D31_V_outdoor_move_0002.mp4;False;1.0;1.0;1.0
True_NATIVE;true_ffmpeg1;D32_V_indoor_move_0002.mp4;False;1.0;1.0;1.0
True_NATIVE;true_ffmpeg1;D32_V_outdoor_move_0002.mp4;False;1.0;1.0;1.0
True_NATIVE;true_ffmpeg1;D33_V_indoor_move_0002.mp4;False;1.0;1.0;1.0
True_NATIVE;true_ffmpeg1;D33_V_outdoor_move_0002.mp4;False;1.0;1.0;1.0
True_NATIVE;true_ffmpeg1;D34_V_indoor_move_0002.mp4;False;1.0;1.0;1.0
True_NATIVE;true_ffmpeg1;D34_V_outdoor_move_0002.mp4;False;1.0;1.0;1.0
True_NATIVE;true_ffmpeg1;D35_V_outdoor_move_0002.mp4;False;1.0;1.0;1.0
True_NATIVE;true_ffmpeg1;D35_V_outdoor_panrot_0002.mp4;False;1.0;1.0;1.0
True_NATIVE;true_ffmpeg2;D01_V_indoor_move_0002.mp4;False;1.0;1.0;1.0
True_NATIVE;true_ffmpeg2;D01_V_outdoor_move_0002.mp4;False;1.0;1.0;1.0
True_NATIVE;true_ffmpeg2;D03_V_indoor_move_0002.mp4;False;1.0;1.0;1.0
True_NATIVE;true_ffmpeg2;D03_V_outdoor_move_0002.mp4;False;1.0;1.0;1.0
True_NATIVE;true_ffmpeg2;D04_V_indoor_move_0002.mp4;False;1.0;1.0;1.0
True_NATIVE;true_ffmpeg2;D04_V_outdoor_move_0002.mp4;False;1.0;1.0;1.0
True_NATIVE;true_ffmpeg2;D05_V_indoor_move_0002.mp4;False;1.0;1.0;1.0
True_NATIVE;true_ffmpeg2;D05_V_outdoor_move_0002.mp4;False;1.0;1.0;1.0
True_NATIVE;true_ffmpeg2;D06_V_indoor_move_0002.mp4;False;1.0;1.0;1.0
True_NATIVE;true_ffmpeg2;D06_V_outdoor_move_0002.mp4;False;1.0;1.0;1.0
True_NATIVE;true_ffmpeg2;D07_V_indoor_move_0002.mp4;False;1.0;1.0;1.0
True_NATIVE;true_ffmpeg2;D07_V_outdoor_move_0002.mp4;False;1.0;1.0;1.0
True_NATIVE;true_ffmpeg2;D08_V_indoor_move_0002.mp4;False;1.0;1.0;1.0
True_NATIVE;true_ffmpeg2;D08_V_outdoor_move_0002.mp4;False;1.0;1.0;1.0
True_NATIVE;true_ffmpeg2;D09_V_indoor_move_0002.mp4;False;1.0;1.0;1.0
True_NATIVE;true_ffmpeg2;D09_V_outdoor_move_0002.mp4;False;1.0;1.0;1.0
True_NATIVE;true_ffmpeg2;D10_V_indoor_move_0002.mp4;False;1.0;1.0;1.0
True_NATIVE;true_ffmpeg2;D11_V_indoor_move_0002.mp4;False;1.0;1.0;1.0
True_NATIVE;true_ffmpeg2;D11_V_outdoor_move_0002.mp4;False;1.0;1.0;1.0
True_NATIVE;true_ffmpeg2;D12_V_indoor_move_0002.mp4;False;1.0;1.0;1.0
True_NATIVE;true_ffmpeg2;D12_V_outdoor_move_0002.mp4;False;1.0;1.0;1.0
True_NATIVE;true_ffmpeg2;D13_V_indoor_move_0002.mp4;False;1.0;1.0;1.0
True_NATIVE;true_ffmpeg2;D13_V_outdoor_move_0002.mp4;False;1.0;1.0;1.0
True_NATIVE;true_ffmpeg2;D14_V_indoor_move_0002.mp4;False;1.0;1.0;1.0
True_NATIVE;true_ffmpeg2;D14_V_outdoor_move_0002.mp4;False;1.0;1.0;1.0
True_NATIVE;true_ffmpeg2;D15_V_indoor_move_0002.mp4;False;1.0;1.0;1.0
True_NATIVE;true_ffmpeg2;D15_V_outdoor_move_0002.mp4;False;1.0;1.0;1.0
True_NATIVE;true_ffmpeg2;D16_V_indoor_move_0002.mp4;False;1.0;1.0;1.0
True_NATIVE;true_ffmpeg2;D16_V_outdoor_move_0002.mp4;False;1.0;1.0;1.0
True_NATIVE;true_ffmpeg2;D19_V_indoor_move_0002.mp4;False;1.0;1.0;1.0
True_NATIVE;true_ffmpeg2;D19_V_outdoor_move_0002.mp4;False;1.0;1.0;1.0
True_NATIVE;true_ffmpeg2;D20_V_indoor_move_0002.mp4;False;1.0;1.0;1.0
True_NATIVE;true_ffmpeg2;D20_V_outdoor_move_0002.mp4;False;1.0;1.0;1.0
True_NATIVE;true_ffmpeg2;D22_V_indoor_move_0002.mp4;False;1.0;1.0;1.0
True_NATIVE;true_ffmpeg2;D22_V_outdoor_move_0002.mp4;False;1.0;1.0;1.0
True_NATIVE;true_ffmpeg2;D23_V_indoor_move_0002.mp4;False;1.0;1.0;1.0
True_NATIVE;true_ffmpeg2;D23_V_outdoor_move_0002.mp4;False;1.0;1.0;1.0
True_NATIVE;true_ffmpeg2;D24_V_indoor_move_0002.mp4;False;1.0;1.0;1.0
True_NATIVE;true_ffmpeg2;D24_V_outdoor_move_0002.mp4;False;1.0;1.0;1.0
True_NATIVE;true_ffmpeg2;D25_V_indoor_move_0002.mp4;False;1.0;1.0;1.0
True_NATIVE;true_ffmpeg2;D25_V_outdoor_move_0002.mp4;False;1.0;1.0;1.0
True_NATIVE;true_ffmpeg2;D26_V_indoor_move_0002.mp4;False;1.0;1.0;1.0
True_NATIVE;true_ffmpeg2;D26_V_outdoor_move_0002.mp4;False;1.0;1.0;1.0
True_NATIVE;true_ffmpeg2;D27_V_indoor_move_0002.mp4;False;1.0;1.0;1.0
True_NATIVE;true_ffmpeg2;D27_V_outdoor_move_0002.mp4;False;1.0;1.0;1.0
True_NATIVE;true_ffmpeg2;D28_V_indoor_move_0002.mp4;False;1.0;1.0;1.0
True_NATIVE;true_ffmpeg2;D28_V_outdoor_move_0002.mp4;False;1.0;1.0;1.0
True_NATIVE;true_ffmpeg2;D29_V_indoor_move_0002.mp4;False;1.0;1.0;1.0
True_NATIVE;true_ffmpeg2;D29_V_outdoor_move_0002.mp4;False;1.0;1.0;1.0
True_NATIVE;true_ffmpeg2;D30_V_indoor_move_0002.mp4;False;1.0;1.0;1.0
True_NATIVE;true_ffmpeg2;D30_V_outdoor_move_0002.mp4;False;1.0;1.0;1.0
True_NATIVE;true_ffmpeg2;D31_V_indoor_move_0002.mp4;False;1.0;1.0;1.0
True_NATIVE;true_ffmpeg2;D31_V_outdoor_move_0002.mp4;False;1.0;1.0;1.0
True_NATIVE;true_ffmpeg2;D32_V_indoor_move_0002.mp4;False;1.0;1.0;1.0
True_NATIVE;true_ffmpeg2;D32_V_outdoor_move_0002.mp4;False;1.0;1.0;1.0
True_NATIVE;true_ffmpeg2;D33_V_indoor_move_0002.mp4;False;1.0;1.0;1.0
True_NATIVE;true_ffmpeg2;D33_V_outdoor_move_0002.mp4;False;1.0;1.0;1.0
True_NATIVE;true_ffmpeg2;D34_V_indoor_move_0002.mp4;False;1.0;1.0;1.0
True_NATIVE;true_ffmpeg2;D34_V_outdoor_move_0002.mp4;False;1.0;1.0;1.0
True_NATIVE;true_ffmpeg2;D35_V_outdoor_move_0002.mp4;False;1.0;1.0;1.0
True_NATIVE;true_ffmpeg2;D35_V_outdoor_panrot_0002.mp4;False;1.0;1.0;1.0
True_NATIVE;true_ffmpeg3;D01_V_indoor_move_0002.mp4;False;1.0;1.0;1.0
True_NATIVE;true_ffmpeg3;D01_V_outdoor_move_0002.mp4;False;1.0;1.0;1.0
True_NATIVE;true_ffmpeg3;D03_V_indoor_move_0002.mp4;False;1.0;1.0;1.0
True_NATIVE;true_ffmpeg3;D03_V_outdoor_move_0002.mp4;False;1.0;1.0;1.0
True_NATIVE;true_ffmpeg3;D04_V_indoor_move_0002.mp4;False;1.0;1.0;1.0
True_NATIVE;true_ffmpeg3;D04_V_outdoor_move_0002.mp4;False;1.0;1.0;1.0
True_NATIVE;true_ffmpeg3;D05_V_indoor_move_0002.mp4;False;1.0;1.0;1.0
True_NATIVE;true_ffmpeg3;D05_V_outdoor_move_0002.mp4;False;1.0;1.0;1.0
True_NATIVE;true_ffmpeg3;D06_V_indoor_move_0002.mp4;False;1.0;1.0;1.0
True_NATIVE;true_ffmpeg3;D06_V_outdoor_move_0002.mp4;False;1.0;1.0;1.0
True_NATIVE;true_ffmpeg3;D07_V_indoor_move_0002.mp4;False;1.0;1.0;1.0
True_NATIVE;true_ffmpeg3;D07_V_outdoor_move_0002.mp4;False;1.0;1.0;1.0
True_NATIVE;true_ffmpeg3;D08_V_indoor_move_0002.mp4;False;1.0;1.0;1.0
True_NATIVE;true_ffmpeg3;D08_V_outdoor_move_0002.mp4;False;1.0;1.0;1.0
True_NATIVE;true_ffmpeg3;D09_V_indoor_move_0002.mp4;False;1.0;1.0;1.0
True_NATIVE;true_ffmpeg3;D09_V_outdoor_move_0002.mp4;False;1.0;1.0;1.0
True_NATIVE;true_ffmpeg3;D10_V_indoor_move_0002.mp4;False;1.0;1.0;1.0
True_NATIVE;true_ffmpeg3;D11_V_indoor_move_0002.mp4;False;1.0;1.0;1.0
True_NATIVE;true_ffmpeg3;D11_V_outdoor_move_0002.mp4;False;1.0;1.0;1.0
True_NATIVE;true_ffmpeg3;D12_V_indoor_move_0002.mp4;False;1.0;1.0;1.0
True_NATIVE;true_ffmpeg3;D12_V_outdoor_move_0002.mp4;False;1.0;1.0;1.0
True_NATIVE;true_ffmpeg3;D13_V_indoor_move_0002.mp4;False;1.0;1.0;1.0
True_NATIVE;true_ffmpeg3;D13_V_outdoor_move_0002.mp4;False;1.0;1.0;1.0
True_NATIVE;true_ffmpeg3;D14_V_indoor_move_0002.mp4;False;1.0;1.0;1.0
True_NATIVE;true_ffmpeg3;D14_V_outdoor_move_0002.mp4;False;1.0;1.0;1.0
True_NATIVE;true_ffmpeg3;D15_V_indoor_move_0002.mp4;False;1.0;1.0;1.0
True_NATIVE;true_ffmpeg3;D15_V_outdoor_move_0002.mp4;False;1.0;1.0;1.0
True_NATIVE;true_ffmpeg3;D16_V_indoor_move_0002.mp4;False;1.0;1.0;1.0
True_NATIVE;true_ffmpeg3;D16_V_outdoor_move_0002.mp4;False;1.0;1.0;1.0
True_NATIVE;true_ffmpeg3;D19_V_indoor_move_0002.mp4;False;1.0;1.0;1.0
True_NATIVE;true_ffmpeg3;D19_V_outdoor_move_0002.mp4;False;1.0;1.0;1.0
True_NATIVE;true_ffmpeg3;D20_V_indoor_move_0002.mp4;False;1.0;1.0;1.0
True_NATIVE;true_ffmpeg3;D20_V_outdoor_move_0002.mp4;False;1.0;1.0;1.0
True_NATIVE;true_ffmpeg3;D22_V_indoor_move_0002.mp4;False;1.0;1.0;1.0
True_NATIVE;true_ffmpeg3;D22_V_outdoor_move_0002.mp4;False;1.0;1.0;1.0
True_NATIVE;true_ffmpeg3;D23_V_indoor_move_0002.mp4;False;1.0;1.0;1.0
True_NATIVE;true_ffmpeg3;D23_V_outdoor_move_0002.mp4;False;1.0;1.0;1.0
True_NATIVE;true_ffmpeg3;D24_V_indoor_move_0002.mp4;False;1.0;1.0;1.0
True_NATIVE;true_ffmpeg3;D24_V_outdoor_move_0002.mp4;False;1.0;1.0;1.0
True_NATIVE;true_ffmpeg3;D25_V_indoor_move_0002.mp4;False;1.0;1.0;1.0
True_NATIVE;true_ffmpeg3;D25_V_outdoor_move_0002.mp4;False;1.0;1.0;1.0
True_NATIVE;true_ffmpeg3;D26_V_indoor_move_0002.mp4;False;1.0;1.0;1.0
True_NATIVE;true_ffmpeg3;D26_V_outdoor_move_0002.mp4;False;1.0;1.0;1.0
True_NATIVE;true_ffmpeg3;D27_V_indoor_move_0002.mp4;False;1.0;1.0;1.0
True_NATIVE;true_ffmpeg3;D27_V_outdoor_move_0002.mp4;False;1.0;1.0;1.0
True_NATIVE;true_ffmpeg3;D28_V_indoor_move_0002.mp4;False;1.0;1.0;1.0
True_NATIVE;true_ffmpeg3;D28_V_outdoor_move_0002.mp4;False;1.0;1.0;1.0
True_NATIVE;true_ffmpeg3;D29_V_indoor_move_0002.mp4;False;1.0;1.0;1.0
True_NATIVE;true_ffmpeg3;D29_V_outdoor_move_0002.mp4;False;1.0;1.0;1.0
True_NATIVE;true_ffmpeg3;D30_V_indoor_move_0002.mp4;False;1.0;1.0;1.0
True_NATIVE;true_ffmpeg3;D30_V_outdoor_move_0002.mp4;False;1.0;1.0;1.0
True_NATIVE;true_ffmpeg3;D31_V_indoor_move_0002.mp4;False;1.0;1.0;1.0
True_NATIVE;true_ffmpeg3;D31_V_outdoor_move_0002.mp4;False;1.0;1.0;1.0
True_NATIVE;true_ffmpeg3;D32_V_indoor_move_0002.mp4;False;1.0;1.0;1.0
True_NATIVE;true_ffmpeg3;D32_V_outdoor_move_0002.mp4;False;1.0;1.0;1.0
True_NATIVE;true_ffmpeg3;D33_V_indoor_move_0002.mp4;False;1.0;1.0;1.0
True_NATIVE;true_ffmpeg3;D33_V_outdoor_move_0002.mp4;False;1.0;1.0;1.0
True_NATIVE;true_ffmpeg3;D34_V_indoor_move_0002.mp4;False;1.0;1.0;1.0
True_NATIVE;true_ffmpeg3;D34_V_outdoor_move_0002.mp4;False;1.0;1.0;1.0
True_NATIVE;true_ffmpeg3;D35_V_outdoor_move_0002.mp4;False;1.0;1.0;1.0
True_NATIVE;true_ffmpeg3;D35_V_outdoor_panrot_0002.mp4;False;1.0;1.0;1.0
True_NATIVE;true_ffmpeg4;D01_V_indoor_move_0002.mp4;False;1.0;1.0;1.0
True_NATIVE;true_ffmpeg4;D01_V_outdoor_move_0002.mp4;False;1.0;1.0;1.0
True_NATIVE;true_ffmpeg4;D03_V_indoor_move_0002.mp4;False;1.0;1.0;1.0
True_NATIVE;true_ffmpeg4;D03_V_outdoor_move_0002.mp4;False;1.0;1.0;1.0
True_NATIVE;true_ffmpeg4;D04_V_indoor_move_0002.mp4;False;1.0;1.0;1.0
True_NATIVE;true_ffmpeg4;D04_V_outdoor_move_0002.mp4;False;1.0;1.0;1.0
True_NATIVE;true_ffmpeg4;D05_V_indoor_move_0002.mp4;False;1.0;1.0;1.0
True_NATIVE;true_ffmpeg4;D05_V_outdoor_move_0002.mp4;False;1.0;1.0;1.0
True_NATIVE;true_ffmpeg4;D06_V_indoor_move_0002.mp4;False;1.0;1.0;1.0
True_NATIVE;true_ffmpeg4;D06_V_outdoor_move_0002.mp4;False;1.0;1.0;1.0
True_NATIVE;true_ffmpeg4;D07_V_indoor_move_0002.mp4;False;1.0;1.0;1.0
True_NATIVE;true_ffmpeg4;D07_V_outdoor_move_0002.mp4;False;1.0;1.0;1.0
True_NATIVE;true_ffmpeg4;D08_V_indoor_move_0002.mp4;False;1.0;1.0;1.0
True_NATIVE;true_ffmpeg4;D08_V_outdoor_move_0002.mp4;False;1.0;1.0;1.0
True_NATIVE;true_ffmpeg4;D09_V_indoor_move_0002.mp4;False;1.0;1.0;1.0
True_NATIVE;true_ffmpeg4;D09_V_outdoor_move_0002.mp4;False;1.0;1.0;1.0
True_NATIVE;true_ffmpeg4;D10_V_indoor_move_0002.mp4;False;1.0;1.0;1.0
True_NATIVE;true_ffmpeg4;D11_V_indoor_move_0002.mp4;False;1.0;1.0;1.0
True_NATIVE;true_ffmpeg4;D11_V_outdoor_move_0002.mp4;False;1.0;1.0;1.0
True_NATIVE;true_ffmpeg4;D12_V_indoor_move_0002.mp4;False;1.0;1.0;1.0
True_NATIVE;true_ffmpeg4;D12_V_outdoor_move_0002.mp4;False;1.0;1.0;1.0
True_NATIVE;true_ffmpeg4;D13_V_indoor_move_0002.mp4;False;1.0;1.0;1.0
True_NATIVE;true_ffmpeg4;D13_V_outdoor_move_0002.mp4;False;1.0;1.0;1.0
True_NATIVE;true_ffmpeg4;D14_V_indoor_move_0002.mp4;False;1.0;1.0;1.0
True_NATIVE;true_ffmpeg4;D14_V_outdoor_move_0002.mp4;False;1.0;1.0;1.0
True_NATIVE;true_ffmpeg4;D15_V_indoor_move_0002.mp4;False;1.0;1.0;1.0
True_NATIVE;true_ffmpeg4;D15_V_outdoor_move_0002.mp4;False;1.0;1.0;1.0
True_NATIVE;true_ffmpeg4;D16_V_indoor_move_0002.mp4;False;1.0;1.0;1.0
True_NATIVE;true_ffmpeg4;D16_V_outdoor_move_0002.mp4;False;1.0;1.0;1.0
True_NATIVE;true_ffmpeg4;D19_V_indoor_move_0002.mp4;False;1.0;1.0;1.0
True_NATIVE;true_ffmpeg4;D19_V_outdoor_move_0002.mp4;False;1.0;1.0;1.0
True_NATIVE;true_ffmpeg4;D20_V_indoor_move_0002.mp4;False;1.0;1.0;1.0
True_NATIVE;true_ffmpeg4;D20_V_outdoor_move_0002.mp4;False;1.0;1.0;1.0
True_NATIVE;true_ffmpeg4;D22_V_indoor_move_0002.mp4;False;1.0;1.0;1.0
True_NATIVE;true_ffmpeg4;D22_V_outdoor_move_0002.mp4;False;1.0;1.0;1.0
True_NATIVE;true_ffmpeg4;D23_V_indoor_move_0002.mp4;False;1.0;1.0;1.0
True_NATIVE;true_ffmpeg4;D23_V_outdoor_move_0002.mp4;False;1.0;1.0;1.0
True_NATIVE;true_ffmpeg4;D24_V_indoor_move_0002.mp4;False;1.0;1.0;1.0
True_NATIVE;true_ffmpeg4;D24_V_outdoor_move_0002.mp4;False;1.0;1.0;1.0
True_NATIVE;true_ffmpeg4;D25_V_indoor_move_0002.mp4;False;1.0;1.0;1.0
True_NATIVE;true_ffmpeg4;D25_V_outdoor_move_0002.mp4;False;1.0;1.0;1.0
True_NATIVE;true_ffmpeg4;D26_V_indoor_move_0002.mp4;False;1.0;1.0;1.0
True_NATIVE;true_ffmpeg4;D26_V_outdoor_move_0002.mp4;False;1.0;1.0;1.0
True_NATIVE;true_ffmpeg4;D27_V_indoor_move_0002.mp4;False;1.0;1.0;1.0
True_NATIVE;true_ffmpeg4;D27_V_outdoor_move_0002.mp4;False;1.0;1.0;1.0
True_NATIVE;true_ffmpeg4;D28_V_indoor_move_0002.mp4;False;1.0;1.0;1.0
True_NATIVE;true_ffmpeg4;D28_V_outdoor_move_0002.mp4;False;1.0;1.0;1.0
True_NATIVE;true_ffmpeg4;D29_V_indoor_move_0002.mp4;False;1.0;1.0;1.0
True_NATIVE;true_ffmpeg4;D29_V_outdoor_move_0002.mp4;False;1.0;1.0;1.0
True_NATIVE;true_ffmpeg4;D30_V_indoor_move_0002.mp4;False;1.0;1.0;1.0
True_NATIVE;true_ffmpeg4;D30_V_outdoor_move_0002.mp4;False;1.0;1.0;1.0
True_NATIVE;true_ffmpeg4;D31_V_indoor_move_0002.mp4;False;1.0;1.0;1.0
True_NATIVE;true_ffmpeg4;D31_V_outdoor_move_0002.mp4;False;1.0;1.0;1.0
True_NATIVE;true_ffmpeg4;D32_V_indoor_move_0002.mp4;False;1.0;1.0;1.0
True_NATIVE;true_ffmpeg4;D32_V_outdoor_move_0002.mp4;False;1.0;1.0;1.0
True_NATIVE;true_ffmpeg4;D33_V_indoor_move_0002.mp4;False;1.0;1.0;1.0
True_NATIVE;true_ffmpeg4;D33_V_outdoor_move_0002.mp4;False;1.0;1.0;1.0
True_NATIVE;true_ffmpeg4;D34_V_indoor_move_0002.mp4;False;1.0;1.0;1.0
True_NATIVE;true_ffmpeg4;D34_V_outdoor_move_0002.mp4;False;1.0;1.0;1.0
True_NATIVE;true_ffmpeg4;D35_V_outdoor_move_0002.mp4;False;1.0;1.0;1.0
True_NATIVE;true_ffmpeg4;D35_V_outdoor_panrot_0002.mp4;False;1.0;1.0;1.0
True_NATIVE;true_ffmpeg5;D01_V_indoor_move_0002.mp4;False;1.0;1.0;1.0
True_NATIVE;true_ffmpeg5;D01_V_outdoor_move_0002.mp4;False;1.0;1.0;1.0
True_NATIVE;true_ffmpeg5;D03_V_indoor_move_0002.mp4;False;1.0;1.0;1.0
True_NATIVE;true_ffmpeg5;D03_V_outdoor_move_0002.mp4;False;1.0;1.0;1.0
True_NATIVE;true_ffmpeg5;D04_V_indoor_move_0002.mp4;False;1.0;1.0;1.0
True_NATIVE;true_ffmpeg5;D04_V_outdoor_move_0002.mp4;False;1.0;1.0;1.0
True_NATIVE;true_ffmpeg5;D05_V_indoor_move_0002.mp4;False;1.0;1.0;1.0
True_NATIVE;true_ffmpeg5;D05_V_outdoor_move_0002.mp4;False;1.0;1.0;1.0
True_NATIVE;true_ffmpeg5;D06_V_indoor_move_0002.mp4;False;1.0;1.0;1.0
True_NATIVE;true_ffmpeg5;D06_V_outdoor_move_0002.mp4;False;1.0;1.0;1.0
True_NATIVE;true_ffmpeg5;D07_V_indoor_move_0002.mp4;False;1.0;1.0;1.0
True_NATIVE;true_ffmpeg5;D07_V_outdoor_move_0002.mp4;False;1.0;1.0;1.0
True_NATIVE;true_ffmpeg5;D08_V_indoor_move_0002.mp4;False;1.0;1.0;1.0
True_NATIVE;true_ffmpeg5;D08_V_outdoor_move_0002.mp4;False;1.0;1.0;1.0
True_NATIVE;true_ffmpeg5;D09_V_indoor_move_0002.mp4;False;1.0;1.0;1.0
True_NATIVE;true_ffmpeg5;D09_V_outdoor_move_0002.mp4;False;1.0;1.0;1.0
True_NATIVE;true_ffmpeg5;D10_V_indoor_move_0002.mp4;False;1.0;1.0;1.0
True_NATIVE;true_ffmpeg5;D11_V_indoor_move_0002.mp4;False;1.0;1.0;1.0
True_NATIVE;true_ffmpeg5;D11_V_outdoor_move_0002.mp4;False;1.0;1.0;1.0
True_NATIVE;true_ffmpeg5;D12_V_indoor_move_0002.mp4;False;1.0;1.0;1.0
True_NATIVE;true_ffmpeg5;D12_V_outdoor_move_0002.mp4;False;1.0;1.0;1.0
True_NATIVE;true_ffmpeg5;D13_V_indoor_move_0002.mp4;False;1.0;1.0;1.0
True_NATIVE;true_ffmpeg5;D13_V_outdoor_move_0002.mp4;False;1.0;1.0;1.0
True_NATIVE;true_ffmpeg5;D14_V_indoor_move_0002.mp4;False;1.0;1.0;1.0
True_NATIVE;true_ffmpeg5;D14_V_outdoor_move_0002.mp4;False;1.0;1.0;1.0
True_NATIVE;true_ffmpeg5;D15_V_indoor_move_0002.mp4;False;1.0;1.0;1.0
True_NATIVE;true_ffmpeg5;D15_V_outdoor_move_0002.mp4;False;1.0;1.0;1.0
True_NATIVE;true_ffmpeg5;D16_V_indoor_move_0002.mp4;False;1.0;1.0;1.0
True_NATIVE;true_ffmpeg5;D16_V_outdoor_move_0002.mp4;False;1.0;1.0;1.0
True_NATIVE;true_ffmpeg5;D19_V_indoor_move_0002.mp4;False;1.0;1.0;1.0
True_NATIVE;true_ffmpeg5;D19_V_outdoor_move_0002.mp4;False;1.0;1.0;1.0
True_NATIVE;true_ffmpeg5;D20_V_indoor_move_0002.mp4;False;1.0;1.0;1.0
True_NATIVE;true_ffmpeg5;D20_V_outdoor_move_0002.mp4;False;1.0;1.0;1.0
True_NATIVE;true_ffmpeg5;D22_V_indoor_move_0002.mp4;False;1.0;1.0;1.0
True_NATIVE;true_ffmpeg5;D22_V_outdoor_move_0002.mp4;False;1.0;1.0;1.0
True_NATIVE;true_ffmpeg5;D23_V_indoor_move_0002.mp4;False;1.0;1.0;1.0
True_NATIVE;true_ffmpeg5;D23_V_outdoor_move_0002.mp4;False;1.0;1.0;1.0
True_NATIVE;true_ffmpeg5;D24_V_indoor_move_0002.mp4;False;1.0;1.0;1.0
True_NATIVE;true_ffmpeg5;D24_V_outdoor_move_0002.mp4;False;1.0;1.0;1.0
True_NATIVE;true_ffmpeg5;D25_V_indoor_move_0002.mp4;False;1.0;1.0;1.0
True_NATIVE;true_ffmpeg5;D25_V_outdoor_move_0002.mp4;False;1.0;1.0;1.0
True_NATIVE;true_ffmpeg5;D26_V_indoor_move_0002.mp4;False;1.0;1.0;1.0
True_NATIVE;true_ffmpeg5;D26_V_outdoor_move_0002.mp4;False;1.0;1.0;1.0
True_NATIVE;true_ffmpeg5;D27_V_indoor_move_0002.mp4;False;1.0;1.0;1.0
True_NATIVE;true_ffmpeg5;D27_V_outdoor_move_0002.mp4;False;1.0;1.0;1.0
True_NATIVE;true_ffmpeg5;D28_V_indoor_move_0002.mp4;False;1.0;1.0;1.0
True_NATIVE;true_ffmpeg5;D28_V_outdoor_move_0002.mp4;False;1.0;1.0;1.0
True_NATIVE;true_ffmpeg5;D29_V_indoor_move_0002.mp4;False;1.0;1.0;1.0
True_NATIVE;true_ffmpeg5;D29_V_outdoor_move_0002.mp4;False;1.0;1.0;1.0
True_NATIVE;true_ffmpeg5;D30_V_indoor_move_0002.mp4;False;1.0;1.0;1.0
True_NATIVE;true_ffmpeg5;D30_V_outdoor_move_0002.mp4;False;1.0;1.0;1.0
True_NATIVE;true_ffmpeg5;D31_V_indoor_move_0002.mp4;False;1.0;1.0;1.0
True_NATIVE;true_ffmpeg5;D31_V_outdoor_move_0002.mp4;False;1.0;1.0;1.0
True_NATIVE;true_ffmpeg5;D32_V_indoor_move_0002.mp4;False;1.0;1.0;1.0
True_NATIVE;true_ffmpeg5;D32_V_outdoor_move_0002.mp4;False;1.0;1.0;1.0
True_NATIVE;true_ffmpeg5;D33_V_indoor_move_0002.mp4;False;1.0;1.0;1.0
True_NATIVE;true_ffmpeg5;D33_V_outdoor_move_0002.mp4;False;1.0;1.0;1.0
True_NATIVE;true_ffmpeg5;D34_V_indoor_move_0002.mp4;False;1.0;1.0;1.0
True_NATIVE;true_ffmpeg5;D34_V_outdoor_move_0002.mp4;False;1.0;1.0;1.0
True_NATIVE;true_ffmpeg5;D35_V_outdoor_move_0002.mp4;False;1.0;1.0;1.0
True_NATIVE;true_ffmpeg5;D35_V_outdoor_panrot_0002.mp4;False;1.0;1.0;1.0
True_NATIVE;true_kdenlive;D01_V_indoor_move_0002.mp4;False;1.0;1.0;1.0
True_NATIVE;true_kdenlive;D01_V_outdoor_move_0002.mp4;False;1.0;1.0;1.0
True_NATIVE;true_kdenlive;D03_V_indoor_move_0002.mp4;False;1.0;1.0;1.0
True_NATIVE;true_kdenlive;D03_V_outdoor_move_0002.mp4;False;1.0;1.0;1.0
True_NATIVE;true_kdenlive;D04_V_indoor_move_0002.mp4;False;1.0;1.0;1.0
True_NATIVE;true_kdenlive;D04_V_outdoor_move_0002.mp4;False;1.0;1.0;1.0
True_NATIVE;true_kdenlive;D05_V_indoor_move_0002.mp4;False;1.0;1.0;1.0
True_NATIVE;true_kdenlive;D05_V_outdoor_move_0002.mp4;False;1.0;1.0;1.0
True_NATIVE;true_kdenlive;D06_V_indoor_move_0002.mp4;False;1.0;1.0;1.0
True_NATIVE;true_kdenlive;D06_V_outdoor_move_0002.mp4;False;1.0;1.0;1.0
True_NATIVE;true_kdenlive;D07_V_indoor_move_0002.mp4;False;1.0;1.0;1.0
True_NATIVE;true_kdenlive;D07_V_outdoor_move_0002.mp4;False;1.0;1.0;1.0
True_NATIVE;true_kdenlive;D08_V_indoor_move_0002.mp4;False;1.0;1.0;1.0
True_NATIVE;true_kdenlive;D08_V_outdoor_move_0002.mp4;False;1.0;1.0;1.0
True_NATIVE;true_kdenlive;D09_V_indoor_move_0002.mp4;False;1.0;1.0;1.0
True_NATIVE;true_kdenlive;D09_V_outdoor_move_0002.mp4;False;1.0;1.0;1.0
True_NATIVE;true_kdenlive;D10_V_indoor_move_0002.mp4;False;1.0;1.0;1.0
True_NATIVE;true_kdenlive;D11_V_indoor_move_0002.mp4;False;1.0;1.0;1.0
True_NATIVE;true_kdenlive;D11_V_outdoor_move_0002.mp4;False;1.0;1.0;1.0
True_NATIVE;true_kdenlive;D12_V_indoor_move_0002.mp4;False;1.0;1.0;1.0
True_NATIVE;true_kdenlive;D12_V_outdoor_move_0002.mp4;False;1.0;1.0;1.0
True_NATIVE;true_kdenlive;D13_V_indoor_move_0002.mp4;False;1.0;1.0;1.0
True_NATIVE;true_kdenlive;D13_V_outdoor_move_0002.mp4;False;1.0;1.0;1.0
True_NATIVE;true_kdenlive;D14_V_indoor_move_0002.mp4;False;1.0;1.0;1.0
True_NATIVE;true_kdenlive;D14_V_outdoor_move_0002.mp4;False;1.0;1.0;1.0
True_NATIVE;true_kdenlive;D15_V_indoor_move_0002.mp4;False;1.0;1.0;1.0
True_NATIVE;true_kdenlive;D15_V_outdoor_move_0002.mp4;False;1.0;1.0;1.0
True_NATIVE;true_kdenlive;D16_V_indoor_move_0002.mp4;False;1.0;1.0;1.0
True_NATIVE;true_kdenlive;D16_V_outdoor_move_0002.mp4;False;1.0;1.0;1.0
True_NATIVE;true_kdenlive;D19_V_indoor_move_0002.mp4;False;1.0;1.0;1.0
True_NATIVE;true_kdenlive;D19_V_outdoor_move_0002.mp4;False;1.0;1.0;1.0
True_NATIVE;true_kdenlive;D20_V_indoor_move_0002.mp4;False;1.0;1.0;1.0
True_NATIVE;true_kdenlive;D20_V_outdoor_move_0002.mp4;False;1.0;1.0;1.0
True_NATIVE;true_kdenlive;D22_V_indoor_move_0002.mp4;False;1.0;1.0;1.0
True_NATIVE;true_kdenlive;D22_V_outdoor_move_0002.mp4;False;1.0;1.0;1.0
True_NATIVE;true_kdenlive;D23_V_indoor_move_0002.mp4;False;1.0;1.0;1.0
True_NATIVE;true_kdenlive;D23_V_outdoor_move_0002.mp4;False;1.0;1.0;1.0
True_NATIVE;true_kdenlive;D24_V_indoor_move_0002.mp4;False;1.0;1.0;1.0
True_NATIVE;true_kdenlive;D24_V_outdoor_move_0002.mp4;False;1.0;1.0;1.0
True_NATIVE;true_kdenlive;D25_V_indoor_move_0002.mp4;False;1.0;1.0;1.0
True_NATIVE;true_kdenlive;D25_V_outdoor_move_0002.mp4;False;1.0;1.0;1.0
True_NATIVE;true_kdenlive;D26_V_indoor_move_0002.mp4;False;1.0;1.0;1.0
True_NATIVE;true_kdenlive;D26_V_outdoor_move_0002.mp4;False;1.0;1.0;1.0
True_NATIVE;true_kdenlive;D27_V_indoor_move_0002.mp4;False;1.0;1.0;1.0
True_NATIVE;true_kdenlive;D27_V_outdoor_move_0002.mp4;False;1.0;1.0;1.0
True_NATIVE;true_kdenlive;D28_V_indoor_move_0002.mp4;False;1.0;1.0;1.0
True_NATIVE;true_kdenlive;D28_V_outdoor_move_0002.mp4;False;1.0;1.0;1.0
True_NATIVE;true_kdenlive;D29_V_indoor_move_0002.mp4;False;1.0;1.0;1.0
True_NATIVE;true_kdenlive;D29_V_outdoor_move_0002.mp4;False;1.0;1.0;1.0
True_NATIVE;true_kdenlive;D30_V_indoor_move_0002.mp4;False;1.0;1.0;1.0
True_NATIVE;true_kdenlive;D30_V_outdoor_move_0002.mp4;False;1.0;1.0;1.0
True_NATIVE;true_kdenlive;D31_V_indoor_move_0002.mp4;False;1.0;1.0;1.0
True_NATIVE;true_kdenlive;D31_V_outdoor_move_0002.mp4;False;1.0;1.0;1.0
True_NATIVE;true_kdenlive;D32_V_indoor_move_0002.mp4;False;1.0;1.0;1.0
True_NATIVE;true_kdenlive;D32_V_outdoor_move_0002.mp4;False;1.0;1.0;1.0
True_NATIVE;true_kdenlive;D33_V_indoor_move_0002.mp4;False;1.0;1.0;1.0
True_NATIVE;true_kdenlive;D33_V_outdoor_move_0002.mp4;False;1.0;1.0;1.0
True_NATIVE;true_kdenlive;D34_V_indoor_move_0002.mp4;False;1.0;1.0;1.0
True_NATIVE;true_kdenlive;D34_V_outdoor_move_0002.mp4;False;1.0;1.0;1.0
True_NATIVE;true_kdenlive;D35_V_outdoor_move_0002.mp4;False;1.0;1.0;1.0
True_NATIVE;true_kdenlive;D35_V_outdoor_panrot_0002.mp4;False;1.0;1.0;1.0
True_NATIVE;true_native;D01_V_indoor_move_0002.mp4;True;1.0;1.0;1.0
True_NATIVE;true_native;D01_V_outdoor_move_0002.mp4;True;1.0;1.0;1.0
True_NATIVE;true_native;D03_V_indoor_move_0002.mp4;True;1.0;1.0;1.0
True_NATIVE;true_native;D03_V_outdoor_move_0002.mp4;True;1.0;1.0;1.0
True_NATIVE;true_native;D04_V_indoor_move_0002.mp4;True;1.0;1.0;1.0
True_NATIVE;true_native;D04_V_outdoor_move_0002.mp4;True;1.0;1.0;1.0
True_NATIVE;true_native;D05_V_indoor_move_0002.mp4;True;1.0;1.0;1.0
True_NATIVE;true_native;D05_V_outdoor_move_0002.mp4;True;1.0;1.0;1.0
True_NATIVE;true_native;D06_V_indoor_move_0002.mp4;True;1.0;1.0;1.0
True_NATIVE;true_native;D06_V_outdoor_move_0002.mp4;True;1.0;1.0;1.0
True_NATIVE;true_native;D07_V_indoor_move_0002.mp4;True;1.0;1.0;1.0
True_NATIVE;true_native;D07_V_outdoor_move_0002.mp4;True;1.0;1.0;1.0
True_NATIVE;true_native;D08_V_indoor_move_0002.mp4;True;1.0;1.0;1.0
True_NATIVE;true_native;D08_V_outdoor_move_0002.mp4;True;1.0;1.0;1.0
True_NATIVE;true_native;D09_V_indoor_move_0002.mp4;True;1.0;1.0;1.0
True_NATIVE;true_native;D09_V_outdoor_move_0002.mp4;True;1.0;1.0;1.0
True_NATIVE;true_native;D10_V_indoor_move_0002.mp4;True;1.0;1.0;1.0
True_NATIVE;true_native;D11_V_indoor_move_0002.mp4;True;1.0;1.0;1.0
True_NATIVE;true_native;D11_V_outdoor_move_0002.mp4;True;1.0;1.0;1.0
True_NATIVE;true_native;D12_V_indoor_move_0002.mp4;True;1.0;1.0;1.0
True_NATIVE;true_native;D12_V_outdoor_move_0002.mp4;True;1.0;1.0;1.0
True_NATIVE;true_native;D13_V_indoor_move_0002.mp4;True;1.0;1.0;1.0
True_NATIVE;true_native;D13_V_outdoor_move_0002.mp4;True;1.0;1.0;1.0
True_NATIVE;true_native;D14_V_indoor_move_0002.mp4;True;1.0;1.0;1.0
True_NATIVE;true_native;D14_V_outdoor_move_0002.mp4;True;1.0;1.0;1.0
True_NATIVE;true_native;D15_V_indoor_move_0002.mp4;True;1.0;1.0;1.0
True_NATIVE;true_native;D15_V_outdoor_move_0002.mp4;True;1.0;1.0;1.0
True_NATIVE;true_native;D16_V_indoor_move_0002.mp4;True;1.0;1.0;1.0
True_NATIVE;true_native;D16_V_outdoor_move_0002.mp4;True;1.0;1.0;1.0
True_NATIVE;true_native;D19_V_indoor_move_0002.mp4;True;1.0;1.0;1.0
True_NATIVE;true_native;D19_V_outdoor_move_0002.mp4;True;1.0;1.0;1.0
True_NATIVE;true_native;D20_V_indoor_move_0002.mp4;True;1.0;1.0;1.0
True_NATIVE;true_native;D20_V_outdoor_move_0002.mp4;True;1.0;1.0;1.0
True_NATIVE;true_native;D22_V_indoor_move_0002.mp4;True;1.0;1.0;1.0
True_NATIVE;true_native;D22_V_outdoor_move_0002.mp4;True;1.0;1.0;1.0
True_NATIVE;true_native;D23_V_indoor_move_0002.mp4;True;1.0;1.0;1.0
True_NATIVE;true_native;D23_V_outdoor_move_0002.mp4;True;1.0;1.0;1.0
True_NATIVE;true_native;D24_V_indoor_move_0002.mp4;True;1.0;1.0;1.0
True_NATIVE;true_native;D24_V_outdoor_move_0002.mp4;True;1.0;1.0;1.0
True_NATIVE;true_native;D25_V_indoor_move_0002.mp4;True;1.0;1.0;1.0
True_NATIVE;true_native;D25_V_outdoor_move_0002.mp4;True;1.0;1.0;1.0
True_NATIVE;true_native;D26_V_indoor_move_0002.mp4;True;1.0;1.0;1.0
True_NATIVE;true_native;D26_V_outdoor_move_0002.mp4;True;1.0;1.0;1.0
True_NATIVE;true_native;D27_V_indoor_move_0002.mp4;True;1.0;1.0;1.0
True_NATIVE;true_native;D27_V_outdoor_move_0002.mp4;True;1.0;1.0;1.0
True_NATIVE;true_native;D28_V_indoor_move_0002.mp4;True;1.0;1.0;1.0
True_NATIVE;true_native;D28_V_outdoor_move_0002.mp4;True;1.0;1.0;1.0
True_NATIVE;true_native;D29_V_indoor_move_0002.mp4;True;1.0;1.0;1.0
True_NATIVE;true_native;D29_V_outdoor_move_0002.mp4;True;1.0;1.0;1.0
True_NATIVE;true_native;D30_V_indoor_move_0002.mp4;True;1.0;1.0;1.0
True_NATIVE;true_native;D30_V_outdoor_move_0002.mp4;True;1.0;1.0;1.0
True_NATIVE;true_native;D31_V_indoor_move_0002.mp4;True;1.0;1.0;1.0
True_NATIVE;true_native;D31_V_outdoor_move_0002.mp4;True;1.0;1.0;1.0
True_NATIVE;true_native;D32_V_indoor_move_0002.mp4;True;1.0;1.0;1.0
True_NATIVE;true_native;D32_V_outdoor_move_0002.mp4;True;1.0;1.0;1.0
True_NATIVE;true_native;D33_V_indoor_move_0002.mp4;True;1.0;1.0;1.0
True_NATIVE;true_native;D33_V_outdoor_move_0002.mp4;True;1.0;1.0;1.0
True_NATIVE;true_native;D34_V_indoor_move_0002.mp4;True;1.0;1.0;1.0
True_NATIVE;true_native;D34_V_outdoor_move_0002.mp4;True;1.0;1.0;1.0
True_NATIVE;true_native;D35_V_outdoor_move_0002.mp4;True;1.0;1.0;1.0
True_NATIVE;true_native;D35_V_outdoor_panrot_0002.mp4;True;1.0;1.0;1.0
True_NATIVE;true_premiere;D01_V_indoor_move_0002.mp4;False;1.0;1.0;1.0
True_NATIVE;true_premiere;D01_V_outdoor_move_0002.mp4;False;1.0;1.0;1.0
True_NATIVE;true_premiere;D03_V_indoor_move_0002.mp4;False;1.0;1.0;1.0
True_NATIVE;true_premiere;D03_V_outdoor_move_0002.mp4;False;1.0;1.0;1.0
True_NATIVE;true_premiere;D04_V_indoor_move_0002.mp4;False;1.0;1.0;1.0
True_NATIVE;true_premiere;D04_V_outdoor_move_0002.mp4;False;1.0;1.0;1.0
True_NATIVE;true_premiere;D05_V_indoor_move_0002.mp4;False;1.0;1.0;1.0
True_NATIVE;true_premiere;D05_V_outdoor_move_0002.mp4;False;1.0;1.0;1.0
True_NATIVE;true_premiere;D06_V_indoor_move_0002.mp4;False;1.0;1.0;1.0
True_NATIVE;true_premiere;D06_V_outdoor_move_0002.mp4;False;1.0;1.0;1.0
True_NATIVE;true_premiere;D07_V_indoor_move_0002.mp4;False;1.0;1.0;1.0
True_NATIVE;true_premiere;D07_V_outdoor_move_0002.mp4;False;1.0;1.0;1.0
True_NATIVE;true_premiere;D08_V_indoor_move_0002.mp4;False;1.0;1.0;1.0
True_NATIVE;true_premiere;D08_V_outdoor_move_0002.mp4;False;1.0;1.0;1.0
True_NATIVE;true_premiere;D09_V_indoor_move_0002.mp4;False;1.0;1.0;1.0
True_NATIVE;true_premiere;D09_V_outdoor_move_0002.mp4;False;1.0;1.0;1.0
True_NATIVE;true_premiere;D10_V_indoor_move_0002.mp4;False;1.0;1.0;1.0
True_NATIVE;true_premiere;D11_V_indoor_move_0002.mp4;False;1.0;1.0;1.0
True_NATIVE;true_premiere;D11_V_outdoor_move_0002.mp4;False;1.0;1.0;1.0
True_NATIVE;true_premiere;D12_V_indoor_move_0002.mp4;False;1.0;1.0;1.0
True_NATIVE;true_premiere;D12_V_outdoor_move_0002.mp4;False;1.0;1.0;1.0
True_NATIVE;true_premiere;D13_V_indoor_move_0002.mp4;False;1.0;1.0;1.0
True_NATIVE;true_premiere;D13_V_outdoor_move_0002.mp4;False;1.0;1.0;1.0
True_NATIVE;true_premiere;D14_V_indoor_move_0002.mp4;False;1.0;1.0;1.0
True_NATIVE;true_premiere;D14_V_outdoor_move_0002.mp4;False;1.0;1.0;1.0
True_NATIVE;true_premiere;D15_V_indoor_move_0002.mp4;False;1.0;1.0;1.0
True_NATIVE;true_premiere;D15_V_outdoor_move_0002.mp4;False;1.0;1.0;1.0
True_NATIVE;true_premiere;D16_V_indoor_move_0002.mp4;False;1.0;1.0;1.0
True_NATIVE;true_premiere;D16_V_outdoor_move_0002.mp4;False;1.0;1.0;1.0
True_NATIVE;true_premiere;D19_V_indoor_move_0002.mp4;False;1.0;1.0;1.0
True_NATIVE;true_premiere;D19_V_outdoor_move_0002.mp4;False;1.0;1.0;1.0
True_NATIVE;true_premiere;D20_V_indoor_move_0002.mp4;False;1.0;1.0;1.0
True_NATIVE;true_premiere;D20_V_outdoor_move_0002.mp4;False;1.0;1.0;1.0
True_NATIVE;true_premiere;D22_V_indoor_move_0002.mp4;False;1.0;1.0;1.0
True_NATIVE;true_premiere;D22_V_outdoor_move_0002.mp4;False;1.0;1.0;1.0
True_NATIVE;true_premiere;D23_V_indoor_move_0002.mp4;False;1.0;1.0;1.0
True_NATIVE;true_premiere;D23_V_outdoor_move_0002.mp4;False;1.0;1.0;1.0
True_NATIVE;true_premiere;D24_V_indoor_move_0002.mp4;False;1.0;1.0;1.0
True_NATIVE;true_premiere;D24_V_outdoor_move_0002.mp4;False;1.0;1.0;1.0
True_NATIVE;true_premiere;D25_V_indoor_move_0002.mp4;False;1.0;1.0;1.0
True_NATIVE;true_premiere;D25_V_outdoor_move_0002.mp4;False;1.0;1.0;1.0
True_NATIVE;true_premiere;D26_V_indoor_move_0002.mp4;False;1.0;1.0;1.0
True_NATIVE;true_premiere;D26_V_outdoor_move_0002.mp4;False;1.0;1.0;1.0
True_NATIVE;true_premiere;D27_V_indoor_move_0002.mp4;False;1.0;1.0;1.0
True_NATIVE;true_premiere;D27_V_outdoor_move_0002.mp4;False;1.0;1.0;1.0
True_NATIVE;true_premiere;D28_V_indoor_move_0002.mp4;False;1.0;1.0;1.0
True_NATIVE;true_premiere;D28_V_outdoor_move_0002.mp4;False;1.0;1.0;1.0
True_NATIVE;true_premiere;D29_V_indoor_move_0002.mp4;False;1.0;1.0;1.0
True_NATIVE;true_premiere;D29_V_outdoor_move_0002.mp4;False;1.0;1.0;1.0
True_NATIVE;true_premiere;D30_V_indoor_move_0002.mp4;False;1.0;1.0;1.0
True_NATIVE;true_premiere;D30_V_outdoor_move_0002.mp4;False;1.0;1.0;1.0
True_NATIVE;true_premiere;D31_V_indoor_move_0002.mp4;False;1.0;1.0;1.0
True_NATIVE;true_premiere;D31_V_outdoor_move_0002.mp4;False;1.0;1.0;1.0
True_NATIVE;true_premiere;D32_V_indoor_move_0002.mp4;False;1.0;1.0;1.0
True_NATIVE;true_premiere;D32_V_outdoor_move_0002.mp4;False;1.0;1.0;1.0
True_NATIVE;true_premiere;D33_V_indoor_move_0002.mp4;False;1.0;1.0;1.0
True_NATIVE;true_premiere;D33_V_outdoor_move_0002.mp4;False;1.0;1.0;1.0
True_NATIVE;true_premiere;D34_V_indoor_move_0002.mp4;False;1.0;1.0;1.0
True_NATIVE;true_premiere;D34_V_outdoor_move_0002.mp4;False;1.0;1.0;1.0
True_NATIVE;true_premiere;D35_V_outdoor_move_0002.mp4;False;1.0;1.0;1.0
True_NATIVE;true_premiere;D35_V_outdoor_panrot_0002.mp4;False;1.0;1.0;1.0
True_NATIVE;true_avidemux;D01_V_indoor_move_0002.mp4;False;1.0;1.0;1.0
True_NATIVE;true_avidemux;D01_V_outdoor_move_0002.mp4;False;1.0;1.0;1.0
True_NATIVE;true_avidemux;D03_V_indoor_move_0002.mp4;False;1.0;1.0;1.0
True_NATIVE;true_avidemux;D03_V_outdoor_move_0002.mp4;False;1.0;1.0;1.0
True_NATIVE;true_avidemux;D04_V_indoor_move_0002.mp4;False;1.0;1.0;1.0
True_NATIVE;true_avidemux;D04_V_outdoor_move_0002.mp4;False;1.0;1.0;1.0
True_NATIVE;true_avidemux;D05_V_indoor_move_0002.mp4;False;1.0;1.0;1.0
True_NATIVE;true_avidemux;D05_V_outdoor_move_0002.mp4;False;1.0;1.0;1.0
True_NATIVE;true_avidemux;D06_V_indoor_move_0002.mp4;False;1.0;1.0;1.0
True_NATIVE;true_avidemux;D06_V_outdoor_move_0002.mp4;False;1.0;1.0;1.0
True_NATIVE;true_avidemux;D07_V_indoor_move_0002.mp4;False;1.0;1.0;1.0
True_NATIVE;true_avidemux;D07_V_outdoor_move_0002.mp4;False;1.0;1.0;1.0
True_NATIVE;true_avidemux;D08_V_indoor_move_0002.mp4;False;1.0;1.0;1.0
True_NATIVE;true_avidemux;D08_V_outdoor_move_0002.mp4;False;1.0;1.0;1.0
True_NATIVE;true_avidemux;D09_V_indoor_move_0002.mp4;False;1.0;1.0;1.0
True_NATIVE;true_avidemux;D09_V_outdoor_move_0002.mp4;False;1.0;1.0;1.0
True_NATIVE;true_avidemux;D10_V_indoor_move_0002.mp4;False;1.0;1.0;1.0
True_NATIVE;true_avidemux;D11_V_indoor_move_0002.mp4;False;1.0;1.0;1.0
True_NATIVE;true_avidemux;D11_V_outdoor_move_0002.mp4;False;1.0;1.0;1.0
True_NATIVE;true_avidemux;D12_V_indoor_move_0002.mp4;False;1.0;1.0;1.0
True_NATIVE;true_avidemux;D12_V_outdoor_move_0002.mp4;False;1.0;1.0;1.0
True_NATIVE;true_avidemux;D13_V_indoor_move_0002.mp4;False;1.0;1.0;1.0
True_NATIVE;true_avidemux;D13_V_outdoor_move_0002.mp4;False;1.0;1.0;1.0
True_NATIVE;true_avidemux;D14_V_indoor_move_0002.mp4;False;1.0;1.0;1.0
True_NATIVE;true_avidemux;D14_V_outdoor_move_0002.mp4;False;1.0;1.0;1.0
True_NATIVE;true_avidemux;D15_V_indoor_move_0002.mp4;False;1.0;1.0;1.0
True_NATIVE;true_avidemux;D15_V_outdoor_move_0002.mp4;False;1.0;1.0;1.0
True_NATIVE;true_avidemux;D16_V_indoor_move_0002.mp4;False;1.0;1.0;1.0
True_NATIVE;true_avidemux;D16_V_outdoor_move_0002.mp4;False;1.0;1.0;1.0
True_NATIVE;true_avidemux;D19_V_indoor_move_0002.mp4;False;1.0;1.0;1.0
True_NATIVE;true_avidemux;D19_V_outdoor_move_0002.mp4;False;1.0;1.0;1.0
True_NATIVE;true_avidemux;D20_V_indoor_move_0002.mp4;False;1.0;1.0;1.0
True_NATIVE;true_avidemux;D20_V_outdoor_move_0002.mp4;False;1.0;1.0;1.0
True_NATIVE;true_avidemux;D22_V_indoor_move_0002.mp4;False;1.0;1.0;1.0
True_NATIVE;true_avidemux;D22_V_outdoor_move_0002.mp4;False;1.0;1.0;1.0
True_NATIVE;true_avidemux;D23_V_indoor_move_0002.mp4;False;1.0;1.0;1.0
True_NATIVE;true_avidemux;D23_V_outdoor_move_0002.mp4;False;1.0;1.0;1.0
True_NATIVE;true_avidemux;D24_V_indoor_move_0002.mp4;False;1.0;1.0;1.0
True_NATIVE;true_avidemux;D24_V_outdoor_move_0002.mp4;False;1.0;1.0;1.0
True_NATIVE;true_avidemux;D25_V_indoor_move_0002.mp4;False;1.0;1.0;1.0
True_NATIVE;true_avidemux;D25_V_outdoor_move_0002.mp4;False;1.0;1.0;1.0
True_NATIVE;true_avidemux;D26_V_indoor_move_0002.mp4;False;1.0;1.0;1.0
True_NATIVE;true_avidemux;D26_V_outdoor_move_0002.mp4;False;1.0;1.0;1.0
True_NATIVE;true_avidemux;D27_V_indoor_move_0002.mp4;False;1.0;1.0;1.0
True_NATIVE;true_avidemux;D27_V_outdoor_move_0002.mp4;False;1.0;1.0;1.0
True_NATIVE;true_avidemux;D28_V_indoor_move_0002.mp4;False;1.0;1.0;1.0
True_NATIVE;true_avidemux;D28_V_outdoor_move_0002.mp4;False;1.0;1.0;1.0
True_NATIVE;true_avidemux;D29_V_indoor_move_0002.mp4;False;1.0;1.0;1.0
True_NATIVE;true_avidemux;D29_V_outdoor_move_0002.mp4;False;1.0;1.0;1.0
True_NATIVE;true_avidemux;D30_V_indoor_move_0002.mp4;False;1.0;1.0;1.0
True_NATIVE;true_avidemux;D30_V_outdoor_move_0002.mp4;False;1.0;1.0;1.0
True_NATIVE;true_avidemux;D31_V_indoor_move_0002.mp4;False;1.0;1.0;1.0
True_NATIVE;true_avidemux;D31_V_outdoor_move_0002.mp4;False;1.0;1.0;1.0
True_NATIVE;true_avidemux;D32_V_indoor_move_0002.mp4;False;1.0;1.0;1.0
True_NATIVE;true_avidemux;D32_V_outdoor_move_0002.mp4;False;1.0;1.0;1.0
True_NATIVE;true_avidemux;D33_V_indoor_move_0002.mp4;False;1.0;1.0;1.0
True_NATIVE;true_avidemux;D33_V_outdoor_move_0002.mp4;False;1.0;1.0;1.0
True_NATIVE;true_avidemux;D34_V_indoor_move_0002.mp4;False;1.0;1.0;1.0
True_NATIVE;true_avidemux;D34_V_outdoor_move_0002.mp4;False;1.0;1.0;1.0
True_NATIVE;true_avidemux;D35_V_outdoor_move_0002.mp4;False;1.0;1.0;1.0
True_NATIVE;true_avidemux;D35_V_outdoor_panrot_0002.mp4;False;1.0;1.0;1.0
True_NATIVE;true_exiftool;D01_V_indoor_move_0002.mp4;False;1.0;1.0;1.0
True_NATIVE;true_exiftool;D01_V_outdoor_move_0002.mp4;False;1.0;1.0;1.0
True_NATIVE;true_exiftool;D03_V_indoor_move_0002.mp4;False;1.0;1.0;1.0
True_NATIVE;true_exiftool;D03_V_outdoor_move_0002.mp4;False;1.0;1.0;1.0
True_NATIVE;true_exiftool;D04_V_indoor_move_0002.mp4;False;1.0;1.0;1.0
True_NATIVE;true_exiftool;D04_V_outdoor_move_0002.mp4;False;1.0;1.0;1.0
True_NATIVE;true_exiftool;D05_V_indoor_move_0002.mp4;False;1.0;1.0;1.0
True_NATIVE;true_exiftool;D05_V_outdoor_move_0002.mp4;False;1.0;1.0;1.0
True_NATIVE;true_exiftool;D06_V_indoor_move_0002.mp4;False;1.0;1.0;1.0
True_NATIVE;true_exiftool;D06_V_outdoor_move_0002.mp4;False;1.0;1.0;1.0
True_NATIVE;true_exiftool;D07_V_indoor_move_0002.mp4;False;1.0;1.0;1.0
True_NATIVE;true_exiftool;D07_V_outdoor_move_0002.mp4;False;1.0;1.0;1.0
True_NATIVE;true_exiftool;D08_V_indoor_move_0002.mp4;False;1.0;1.0;1.0
True_NATIVE;true_exiftool;D08_V_outdoor_move_0002.mp4;False;1.0;1.0;1.0
True_NATIVE;true_exiftool;D09_V_indoor_move_0002.mp4;False;1.0;1.0;1.0
True_NATIVE;true_exiftool;D09_V_outdoor_move_0002.mp4;False;1.0;1.0;1.0
True_NATIVE;true_exiftool;D10_V_indoor_move_0002.mp4;False;1.0;1.0;1.0
True_NATIVE;true_exiftool;D11_V_indoor_move_0002.mp4;False;1.0;1.0;1.0
True_NATIVE;true_exiftool;D11_V_outdoor_move_0002.mp4;False;1.0;1.0;1.0
True_NATIVE;true_exiftool;D12_V_indoor_move_0002.mp4;False;1.0;1.0;1.0
True_NATIVE;true_exiftool;D12_V_outdoor_move_0002.mp4;False;1.0;1.0;1.0
True_NATIVE;true_exiftool;D13_V_indoor_move_0002.mp4;False;1.0;1.0;1.0
True_NATIVE;true_exiftool;D13_V_outdoor_move_0002.mp4;False;1.0;1.0;1.0
True_NATIVE;true_exiftool;D14_V_indoor_move_0002.mp4;False;1.0;1.0;1.0
True_NATIVE;true_exiftool;D14_V_outdoor_move_0002.mp4;False;1.0;1.0;1.0
True_NATIVE;true_exiftool;D15_V_indoor_move_0002.mp4;False;1.0;1.0;1.0
True_NATIVE;true_exiftool;D15_V_outdoor_move_0002.mp4;False;1.0;1.0;1.0
True_NATIVE;true_exiftool;D16_V_indoor_move_0002.mp4;False;1.0;1.0;1.0
True_NATIVE;true_exiftool;D16_V_outdoor_move_0002.mp4;False;1.0;1.0;1.0
True_NATIVE;true_exiftool;D19_V_indoor_move_0002.mp4;False;1.0;1.0;1.0
True_NATIVE;true_exiftool;D19_V_outdoor_move_0002.mp4;False;1.0;1.0;1.0
True_NATIVE;true_exiftool;D20_V_indoor_move_0002.mp4;False;1.0;1.0;1.0
True_NATIVE;true_exiftool;D20_V_outdoor_move_0002.mp4;False;1.0;1.0;1.0
True_NATIVE;true_exiftool;D22_V_indoor_move_0002.mp4;False;1.0;1.0;1.0
True_NATIVE;true_exiftool;D22_V_outdoor_move_0002.mp4;False;1.0;1.0;1.0
True_NATIVE;true_exiftool;D23_V_indoor_move_0002.mp4;False;1.0;1.0;1.0
True_NATIVE;true_exiftool;D23_V_outdoor_move_0002.mp4;False;1.0;1.0;1.0
True_NATIVE;true_exiftool;D24_V_indoor_move_0002.mp4;False;1.0;1.0;1.0
True_NATIVE;true_exiftool;D24_V_outdoor_move_0002.mp4;False;1.0;1.0;1.0
True_NATIVE;true_exiftool;D25_V_indoor_move_0002.mp4;False;1.0;1.0;1.0
True_NATIVE;true_exiftool;D25_V_outdoor_move_0002.mp4;False;1.0;1.0;1.0
True_NATIVE;true_exiftool;D26_V_indoor_move_0002.mp4;False;1.0;1.0;1.0
True_NATIVE;true_exiftool;D26_V_outdoor_move_0002.mp4;False;1.0;1.0;1.0
True_NATIVE;true_exiftool;D27_V_indoor_move_0002.mp4;False;1.0;1.0;1.0
True_NATIVE;true_exiftool;D27_V_outdoor_move_0002.mp4;False;1.0;1.0;1.0
True_NATIVE;true_exiftool;D28_V_indoor_move_0002.mp4;False;1.0;1.0;1.0
True_NATIVE;true_exiftool;D28_V_outdoor_move_0002.mp4;False;1.0;1.0;1.0
True_NATIVE;true_exiftool;D29_V_indoor_move_0002.mp4;False;1.0;1.0;1.0
True_NATIVE;true_exiftool;D29_V_outdoor_move_0002.mp4;False;1.0;1.0;1.0
True_NATIVE;true_exiftool;D30_V_indoor_move_0002.mp4;False;1.0;1.0;1.0
True_NATIVE;true_exiftool;D30_V_outdoor_move_0002.mp4;False;1.0;1.0;1.0
True_NATIVE;true_exiftool;D31_V_indoor_move_0002.mp4;False;1.0;1.0;1.0
True_NATIVE;true_exiftool;D31_V_outdoor_move_0002.mp4;False;1.0;1.0;1.0
True_NATIVE;true_exiftool;D32_V_indoor_move_0002.mp4;False;1.0;1.0;1.0
True_NATIVE;true_exiftool;D32_V_outdoor_move_0002.mp4;False;1.0;1.0;1.0
True_NATIVE;true_exiftool;D33_V_indoor_move_0002.mp4;False;1.0;1.0;1.0
True_NATIVE;true_exiftool;D33_V_outdoor_move_0002.mp4;False;1.0;1.0;1.0
True_NATIVE;true_exiftool;D34_V_indoor_move_0002.mp4;False;1.0;1.0;1.0
True_NATIVE;true_exiftool;D34_V_outdoor_move_0002.mp4;False;1.0;1.0;1.0
True_NATIVE;true_exiftool;D35_V_outdoor_move_0002.mp4;False;1.0;1.0;1.0
True_NATIVE;true_exiftool;D35_V_outdoor_panrot_0002.mp4;False;1.0;1.0;1.0
True_NATIVE;true_ffmpeg1;D01_V_indoor_move_0002.mp4;False;1.0;1.0;1.0
True_NATIVE;true_ffmpeg1;D01_V_outdoor_move_0002.mp4;False;1.0;1.0;1.0
True_NATIVE;true_ffmpeg1;D03_V_indoor_move_0002.mp4;False;1.0;1.0;1.0
True_NATIVE;true_ffmpeg1;D03_V_outdoor_move_0002.mp4;False;1.0;1.0;1.0
True_NATIVE;true_ffmpeg1;D04_V_indoor_move_0002.mp4;False;1.0;1.0;1.0
True_NATIVE;true_ffmpeg1;D04_V_outdoor_move_0002.mp4;False;1.0;1.0;1.0
True_NATIVE;true_ffmpeg1;D05_V_indoor_move_0002.mp4;False;1.0;1.0;1.0
True_NATIVE;true_ffmpeg1;D05_V_outdoor_move_0002.mp4;False;1.0;1.0;1.0
True_NATIVE;true_ffmpeg1;D06_V_indoor_move_0002.mp4;False;1.0;1.0;1.0
True_NATIVE;true_ffmpeg1;D06_V_outdoor_move_0002.mp4;False;1.0;1.0;1.0
True_NATIVE;true_ffmpeg1;D07_V_indoor_move_0002.mp4;False;1.0;1.0;1.0
True_NATIVE;true_ffmpeg1;D07_V_outdoor_move_0002.mp4;False;1.0;1.0;1.0
True_NATIVE;true_ffmpeg1;D08_V_indoor_move_0002.mp4;False;1.0;1.0;1.0
True_NATIVE;true_ffmpeg1;D08_V_outdoor_move_0002.mp4;False;1.0;1.0;1.0
True_NATIVE;true_ffmpeg1;D09_V_indoor_move_0002.mp4;False;1.0;1.0;1.0
True_NATIVE;true_ffmpeg1;D09_V_outdoor_move_0002.mp4;False;1.0;1.0;1.0
True_NATIVE;true_ffmpeg1;D10_V_indoor_move_0002.mp4;False;1.0;1.0;1.0
True_NATIVE;true_ffmpeg1;D11_V_indoor_move_0002.mp4;False;1.0;1.0;1.0
True_NATIVE;true_ffmpeg1;D11_V_outdoor_move_0002.mp4;False;1.0;1.0;1.0
True_NATIVE;true_ffmpeg1;D12_V_indoor_move_0002.mp4;False;1.0;1.0;1.0
True_NATIVE;true_ffmpeg1;D12_V_outdoor_move_0002.mp4;False;1.0;1.0;1.0
True_NATIVE;true_ffmpeg1;D13_V_indoor_move_0002.mp4;False;1.0;1.0;1.0
True_NATIVE;true_ffmpeg1;D13_V_outdoor_move_0002.mp4;False;1.0;1.0;1.0
True_NATIVE;true_ffmpeg1;D14_V_indoor_move_0002.mp4;False;1.0;1.0;1.0
True_NATIVE;true_ffmpeg1;D14_V_outdoor_move_0002.mp4;False;1.0;1.0;1.0
True_NATIVE;true_ffmpeg1;D15_V_indoor_move_0002.mp4;False;1.0;1.0;1.0
True_NATIVE;true_ffmpeg1;D15_V_outdoor_move_0002.mp4;False;1.0;1.0;1.0
True_NATIVE;true_ffmpeg1;D16_V_indoor_move_0002.mp4;False;1.0;1.0;1.0
True_NATIVE;true_ffmpeg1;D16_V_outdoor_move_0002.mp4;False;1.0;1.0;1.0
True_NATIVE;true_ffmpeg1;D19_V_indoor_move_0002.mp4;False;1.0;1.0;1.0
True_NATIVE;true_ffmpeg1;D19_V_outdoor_move_0002.mp4;False;1.0;1.0;1.0
True_NATIVE;true_ffmpeg1;D20_V_indoor_move_0002.mp4;False;1.0;1.0;1.0
True_NATIVE;true_ffmpeg1;D20_V_outdoor_move_0002.mp4;False;1.0;1.0;1.0
True_NATIVE;true_ffmpeg1;D22_V_indoor_move_0002.mp4;False;1.0;1.0;1.0
True_NATIVE;true_ffmpeg1;D22_V_outdoor_move_0002.mp4;False;1.0;1.0;1.0
True_NATIVE;true_ffmpeg1;D23_V_indoor_move_0002.mp4;False;1.0;1.0;1.0
True_NATIVE;true_ffmpeg1;D23_V_outdoor_move_0002.mp4;False;1.0;1.0;1.0
True_NATIVE;true_ffmpeg1;D24_V_indoor_move_0002.mp4;False;1.0;1.0;1.0
True_NATIVE;true_ffmpeg1;D24_V_outdoor_move_0002.mp4;False;1.0;1.0;1.0
True_NATIVE;true_ffmpeg1;D25_V_indoor_move_0002.mp4;False;1.0;1.0;1.0
True_NATIVE;true_ffmpeg1;D25_V_outdoor_move_0002.mp4;False;1.0;1.0;1.0
True_NATIVE;true_ffmpeg1;D26_V_indoor_move_0002.mp4;False;1.0;1.0;1.0
True_NATIVE;true_ffmpeg1;D26_V_outdoor_move_0002.mp4;False;1.0;1.0;1.0
True_NATIVE;true_ffmpeg1;D27_V_indoor_move_0002.mp4;False;1.0;1.0;1.0
True_NATIVE;true_ffmpeg1;D27_V_outdoor_move_0002.mp4;False;1.0;1.0;1.0
True_NATIVE;true_ffmpeg1;D28_V_indoor_move_0002.mp4;False;1.0;1.0;1.0
True_NATIVE;true_ffmpeg1;D28_V_outdoor_move_0002.mp4;False;1.0;1.0;1.0
True_NATIVE;true_ffmpeg1;D29_V_indoor_move_0002.mp4;False;1.0;1.0;1.0
True_NATIVE;true_ffmpeg1;D29_V_outdoor_move_0002.mp4;False;1.0;1.0;1.0
True_NATIVE;true_ffmpeg1;D30_V_indoor_move_0002.mp4;False;1.0;1.0;1.0
True_NATIVE;true_ffmpeg1;D30_V_outdoor_move_0002.mp4;False;1.0;1.0;1.0
True_NATIVE;true_ffmpeg1;D31_V_indoor_move_0002.mp4;False;1.0;1.0;1.0
True_NATIVE;true_ffmpeg1;D31_V_outdoor_move_0002.mp4;False;1.0;1.0;1.0
True_NATIVE;true_ffmpeg1;D32_V_indoor_move_0002.mp4;False;1.0;1.0;1.0
True_NATIVE;true_ffmpeg1;D32_V_outdoor_move_0002.mp4;False;1.0;1.0;1.0
True_NATIVE;true_ffmpeg1;D33_V_indoor_move_0002.mp4;False;1.0;1.0;1.0
True_NATIVE;true_ffmpeg1;D33_V_outdoor_move_0002.mp4;False;1.0;1.0;1.0
True_NATIVE;true_ffmpeg1;D34_V_indoor_move_0002.mp4;False;1.0;1.0;1.0
True_NATIVE;true_ffmpeg1;D34_V_outdoor_move_0002.mp4;False;1.0;1.0;1.0
True_NATIVE;true_ffmpeg1;D35_V_outdoor_move_0002.mp4;False;1.0;1.0;1.0
True_NATIVE;true_ffmpeg1;D35_V_outdoor_panrot_0002.mp4;False;1.0;1.0;1.0
True_NATIVE;true_ffmpeg2;D01_V_indoor_move_0002.mp4;False;1.0;1.0;1.0
True_NATIVE;true_ffmpeg2;D01_V_outdoor_move_0002.mp4;False;1.0;1.0;1.0
True_NATIVE;true_ffmpeg2;D03_V_indoor_move_0002.mp4;False;1.0;1.0;1.0
True_NATIVE;true_ffmpeg2;D03_V_outdoor_move_0002.mp4;False;1.0;1.0;1.0
True_NATIVE;true_ffmpeg2;D04_V_indoor_move_0002.mp4;False;1.0;1.0;1.0
True_NATIVE;true_ffmpeg2;D04_V_outdoor_move_0002.mp4;False;1.0;1.0;1.0
True_NATIVE;true_ffmpeg2;D05_V_indoor_move_0002.mp4;False;1.0;1.0;1.0
True_NATIVE;true_ffmpeg2;D05_V_outdoor_move_0002.mp4;False;1.0;1.0;1.0
True_NATIVE;true_ffmpeg2;D06_V_indoor_move_0002.mp4;False;1.0;1.0;1.0
True_NATIVE;true_ffmpeg2;D06_V_outdoor_move_0002.mp4;False;1.0;1.0;1.0
True_NATIVE;true_ffmpeg2;D07_V_indoor_move_0002.mp4;False;1.0;1.0;1.0
True_NATIVE;true_ffmpeg2;D07_V_outdoor_move_0002.mp4;False;1.0;1.0;1.0
True_NATIVE;true_ffmpeg2;D08_V_indoor_move_0002.mp4;False;1.0;1.0;1.0
True_NATIVE;true_ffmpeg2;D08_V_outdoor_move_0002.mp4;False;1.0;1.0;1.0
True_NATIVE;true_ffmpeg2;D09_V_indoor_move_0002.mp4;False;1.0;1.0;1.0
True_NATIVE;true_ffmpeg2;D09_V_outdoor_move_0002.mp4;False;1.0;1.0;1.0
True_NATIVE;true_ffmpeg2;D10_V_indoor_move_0002.mp4;False;1.0;1.0;1.0
True_NATIVE;true_ffmpeg2;D11_V_indoor_move_0002.mp4;False;1.0;1.0;1.0
True_NATIVE;true_ffmpeg2;D11_V_outdoor_move_0002.mp4;False;1.0;1.0;1.0
True_NATIVE;true_ffmpeg2;D12_V_indoor_move_0002.mp4;False;1.0;1.0;1.0
True_NATIVE;true_ffmpeg2;D12_V_outdoor_move_0002.mp4;False;1.0;1.0;1.0
True_NATIVE;true_ffmpeg2;D13_V_indoor_move_0002.mp4;False;1.0;1.0;1.0
True_NATIVE;true_ffmpeg2;D13_V_outdoor_move_0002.mp4;False;1.0;1.0;1.0
True_NATIVE;true_ffmpeg2;D14_V_indoor_move_0002.mp4;False;1.0;1.0;1.0
True_NATIVE;true_ffmpeg2;D14_V_outdoor_move_0002.mp4;False;1.0;1.0;1.0
True_NATIVE;true_ffmpeg2;D15_V_indoor_move_0002.mp4;False;1.0;1.0;1.0
True_NATIVE;true_ffmpeg2;D15_V_outdoor_move_0002.mp4;False;1.0;1.0;1.0
True_NATIVE;true_ffmpeg2;D16_V_indoor_move_0002.mp4;False;1.0;1.0;1.0
True_NATIVE;true_ffmpeg2;D16_V_outdoor_move_0002.mp4;False;1.0;1.0;1.0
True_NATIVE;true_ffmpeg2;D19_V_indoor_move_0002.mp4;False;1.0;1.0;1.0
True_NATIVE;true_ffmpeg2;D19_V_outdoor_move_0002.mp4;False;1.0;1.0;1.0
True_NATIVE;true_ffmpeg2;D20_V_indoor_move_0002.mp4;False;1.0;1.0;1.0
True_NATIVE;true_ffmpeg2;D20_V_outdoor_move_0002.mp4;False;1.0;1.0;1.0
True_NATIVE;true_ffmpeg2;D22_V_indoor_move_0002.mp4;False;1.0;1.0;1.0
True_NATIVE;true_ffmpeg2;D22_V_outdoor_move_0002.mp4;False;1.0;1.0;1.0
True_NATIVE;true_ffmpeg2;D23_V_indoor_move_0002.mp4;False;1.0;1.0;1.0
True_NATIVE;true_ffmpeg2;D23_V_outdoor_move_0002.mp4;False;1.0;1.0;1.0
True_NATIVE;true_ffmpeg2;D24_V_indoor_move_0002.mp4;False;1.0;1.0;1.0
True_NATIVE;true_ffmpeg2;D24_V_outdoor_move_0002.mp4;False;1.0;1.0;1.0
True_NATIVE;true_ffmpeg2;D25_V_indoor_move_0002.mp4;False;1.0;1.0;1.0
True_NATIVE;true_ffmpeg2;D25_V_outdoor_move_0002.mp4;False;1.0;1.0;1.0
True_NATIVE;true_ffmpeg2;D26_V_indoor_move_0002.mp4;False;1.0;1.0;1.0
True_NATIVE;true_ffmpeg2;D26_V_outdoor_move_0002.mp4;False;1.0;1.0;1.0
True_NATIVE;true_ffmpeg2;D27_V_indoor_move_0002.mp4;False;1.0;1.0;1.0
True_NATIVE;true_ffmpeg2;D27_V_outdoor_move_0002.mp4;False;1.0;1.0;1.0
True_NATIVE;true_ffmpeg2;D28_V_indoor_move_0002.mp4;False;1.0;1.0;1.0
True_NATIVE;true_ffmpeg2;D28_V_outdoor_move_0002.mp4;False;1.0;1.0;1.0
True_NATIVE;true_ffmpeg2;D29_V_indoor_move_0002.mp4;False;1.0;1.0;1.0
True_NATIVE;true_ffmpeg2;D29_V_outdoor_move_0002.mp4;False;1.0;1.0;1.0
True_NATIVE;true_ffmpeg2;D30_V_indoor_move_0002.mp4;False;1.0;1.0;1.0
True_NATIVE;true_ffmpeg2;D30_V_outdoor_move_0002.mp4;False;1.0;1.0;1.0
True_NATIVE;true_ffmpeg2;D31_V_indoor_move_0002.mp4;False;1.0;1.0;1.0
True_NATIVE;true_ffmpeg2;D31_V_outdoor_move_0002.mp4;False;1.0;1.0;1.0
True_NATIVE;true_ffmpeg2;D32_V_indoor_move_0002.mp4;False;1.0;1.0;1.0
True_NATIVE;true_ffmpeg2;D32_V_outdoor_move_0002.mp4;False;1.0;1.0;1.0
True_NATIVE;true_ffmpeg2;D33_V_indoor_move_0002.mp4;False;1.0;1.0;1.0
True_NATIVE;true_ffmpeg2;D33_V_outdoor_move_0002.mp4;False;1.0;1.0;1.0
True_NATIVE;true_ffmpeg2;D34_V_indoor_move_0002.mp4;False;1.0;1.0;1.0
True_NATIVE;true_ffmpeg2;D34_V_outdoor_move_0002.mp4;False;1.0;1.0;1.0
True_NATIVE;true_ffmpeg2;D35_V_outdoor_move_0002.mp4;False;1.0;1.0;1.0
True_NATIVE;true_ffmpeg2;D35_V_outdoor_panrot_0002.mp4;False;1.0;1.0;1.0
True_NATIVE;true_ffmpeg3;D01_V_indoor_move_0002.mp4;False;1.0;1.0;1.0
True_NATIVE;true_ffmpeg3;D01_V_outdoor_move_0002.mp4;False;1.0;1.0;1.0
True_NATIVE;true_ffmpeg3;D03_V_indoor_move_0002.mp4;False;1.0;1.0;1.0
True_NATIVE;true_ffmpeg3;D03_V_outdoor_move_0002.mp4;False;1.0;1.0;1.0
True_NATIVE;true_ffmpeg3;D04_V_indoor_move_0002.mp4;False;1.0;1.0;1.0
True_NATIVE;true_ffmpeg3;D04_V_outdoor_move_0002.mp4;False;1.0;1.0;1.0
True_NATIVE;true_ffmpeg3;D05_V_indoor_move_0002.mp4;False;1.0;1.0;1.0
True_NATIVE;true_ffmpeg3;D05_V_outdoor_move_0002.mp4;False;1.0;1.0;1.0
True_NATIVE;true_ffmpeg3;D06_V_indoor_move_0002.mp4;False;1.0;1.0;1.0
True_NATIVE;true_ffmpeg3;D06_V_outdoor_move_0002.mp4;False;1.0;1.0;1.0
True_NATIVE;true_ffmpeg3;D07_V_indoor_move_0002.mp4;False;1.0;1.0;1.0
True_NATIVE;true_ffmpeg3;D07_V_outdoor_move_0002.mp4;False;1.0;1.0;1.0
True_NATIVE;true_ffmpeg3;D08_V_indoor_move_0002.mp4;False;1.0;1.0;1.0
True_NATIVE;true_ffmpeg3;D08_V_outdoor_move_0002.mp4;False;1.0;1.0;1.0
True_NATIVE;true_ffmpeg3;D09_V_indoor_move_0002.mp4;False;1.0;1.0;1.0
True_NATIVE;true_ffmpeg3;D09_V_outdoor_move_0002.mp4;False;1.0;1.0;1.0
True_NATIVE;true_ffmpeg3;D10_V_indoor_move_0002.mp4;False;1.0;1.0;1.0
True_NATIVE;true_ffmpeg3;D11_V_indoor_move_0002.mp4;False;1.0;1.0;1.0
True_NATIVE;true_ffmpeg3;D11_V_outdoor_move_0002.mp4;False;1.0;1.0;1.0
True_NATIVE;true_ffmpeg3;D12_V_indoor_move_0002.mp4;False;1.0;1.0;1.0
True_NATIVE;true_ffmpeg3;D12_V_outdoor_move_0002.mp4;False;1.0;1.0;1.0
True_NATIVE;true_ffmpeg3;D13_V_indoor_move_0002.mp4;False;1.0;1.0;1.0
True_NATIVE;true_ffmpeg3;D13_V_outdoor_move_0002.mp4;False;1.0;1.0;1.0
True_NATIVE;true_ffmpeg3;D14_V_indoor_move_0002.mp4;False;1.0;1.0;1.0
True_NATIVE;true_ffmpeg3;D14_V_outdoor_move_0002.mp4;False;1.0;1.0;1.0
True_NATIVE;true_ffmpeg3;D15_V_indoor_move_0002.mp4;False;1.0;1.0;1.0
True_NATIVE;true_ffmpeg3;D15_V_outdoor_move_0002.mp4;False;1.0;1.0;1.0
True_NATIVE;true_ffmpeg3;D16_V_indoor_move_0002.mp4;False;1.0;1.0;1.0
True_NATIVE;true_ffmpeg3;D16_V_outdoor_move_0002.mp4;False;1.0;1.0;1.0
True_NATIVE;true_ffmpeg3;D19_V_indoor_move_0002.mp4;False;1.0;1.0;1.0
True_NATIVE;true_ffmpeg3;D19_V_outdoor_move_0002.mp4;False;1.0;1.0;1.0
True_NATIVE;true_ffmpeg3;D20_V_indoor_move_0002.mp4;False;1.0;1.0;1.0
True_NATIVE;true_ffmpeg3;D20_V_outdoor_move_0002.mp4;False;1.0;1.0;1.0
True_NATIVE;true_ffmpeg3;D22_V_indoor_move_0002.mp4;False;1.0;1.0;1.0
True_NATIVE;true_ffmpeg3;D22_V_outdoor_move_0002.mp4;False;1.0;1.0;1.0
True_NATIVE;true_ffmpeg3;D23_V_indoor_move_0002.mp4;False;1.0;1.0;1.0
True_NATIVE;true_ffmpeg3;D23_V_outdoor_move_0002.mp4;False;1.0;1.0;1.0
True_NATIVE;true_ffmpeg3;D24_V_indoor_move_0002.mp4;False;1.0;1.0;1.0
True_NATIVE;true_ffmpeg3;D24_V_outdoor_move_0002.mp4;False;1.0;1.0;1.0
True_NATIVE;true_ffmpeg3;D25_V_indoor_move_0002.mp4;False;1.0;1.0;1.0
True_NATIVE;true_ffmpeg3;D25_V_outdoor_move_0002.mp4;False;1.0;1.0;1.0
True_NATIVE;true_ffmpeg3;D26_V_indoor_move_0002.mp4;False;1.0;1.0;1.0
True_NATIVE;true_ffmpeg3;D26_V_outdoor_move_0002.mp4;False;1.0;1.0;1.0
True_NATIVE;true_ffmpeg3;D27_V_indoor_move_0002.mp4;False;1.0;1.0;1.0
True_NATIVE;true_ffmpeg3;D27_V_outdoor_move_0002.mp4;False;1.0;1.0;1.0
True_NATIVE;true_ffmpeg3;D28_V_indoor_move_0002.mp4;False;1.0;1.0;1.0
True_NATIVE;true_ffmpeg3;D28_V_outdoor_move_0002.mp4;False;1.0;1.0;1.0
True_NATIVE;true_ffmpeg3;D29_V_indoor_move_0002.mp4;False;1.0;1.0;1.0
True_NATIVE;true_ffmpeg3;D29_V_outdoor_move_0002.mp4;False;1.0;1.0;1.0
True_NATIVE;true_ffmpeg3;D30_V_indoor_move_0002.mp4;False;1.0;1.0;1.0
True_NATIVE;true_ffmpeg3;D30_V_outdoor_move_0002.mp4;False;1.0;1.0;1.0
True_NATIVE;true_ffmpeg3;D31_V_indoor_move_0002.mp4;False;1.0;1.0;1.0
True_NATIVE;true_ffmpeg3;D31_V_outdoor_move_0002.mp4;False;1.0;1.0;1.0
True_NATIVE;true_ffmpeg3;D32_V_indoor_move_0002.mp4;False;1.0;1.0;1.0
True_NATIVE;true_ffmpeg3;D32_V_outdoor_move_0002.mp4;False;1.0;1.0;1.0
True_NATIVE;true_ffmpeg3;D33_V_indoor_move_0002.mp4;False;1.0;1.0;1.0
True_NATIVE;true_ffmpeg3;D33_V_outdoor_move_0002.mp4;False;1.0;1.0;1.0
True_NATIVE;true_ffmpeg3;D34_V_indoor_move_0002.mp4;False;1.0;1.0;1.0
True_NATIVE;true_ffmpeg3;D34_V_outdoor_move_0002.mp4;False;1.0;1.0;1.0
True_NATIVE;true_ffmpeg3;D35_V_outdoor_move_0002.mp4;False;1.0;1.0;1.0
True_NATIVE;true_ffmpeg3;D35_V_outdoor_panrot_0002.mp4;False;1.0;1.0;1.0
True_NATIVE;true_ffmpeg4;D01_V_indoor_move_0002.mp4;False;1.0;1.0;1.0
True_NATIVE;true_ffmpeg4;D01_V_outdoor_move_0002.mp4;False;1.0;1.0;1.0
True_NATIVE;true_ffmpeg4;D03_V_indoor_move_0002.mp4;False;1.0;1.0;1.0
True_NATIVE;true_ffmpeg4;D03_V_outdoor_move_0002.mp4;False;1.0;1.0;1.0
True_NATIVE;true_ffmpeg4;D04_V_indoor_move_0002.mp4;False;1.0;1.0;1.0
True_NATIVE;true_ffmpeg4;D04_V_outdoor_move_0002.mp4;False;1.0;1.0;1.0
True_NATIVE;true_ffmpeg4;D05_V_indoor_move_0002.mp4;False;1.0;1.0;1.0
True_NATIVE;true_ffmpeg4;D05_V_outdoor_move_0002.mp4;False;1.0;1.0;1.0
True_NATIVE;true_ffmpeg4;D06_V_indoor_move_0002.mp4;False;1.0;1.0;1.0
True_NATIVE;true_ffmpeg4;D06_V_outdoor_move_0002.mp4;False;1.0;1.0;1.0
True_NATIVE;true_ffmpeg4;D07_V_indoor_move_0002.mp4;False;1.0;1.0;1.0
True_NATIVE;true_ffmpeg4;D07_V_outdoor_move_0002.mp4;False;1.0;1.0;1.0
True_NATIVE;true_ffmpeg4;D08_V_indoor_move_0002.mp4;False;1.0;1.0;1.0
True_NATIVE;true_ffmpeg4;D08_V_outdoor_move_0002.mp4;False;1.0;1.0;1.0
True_NATIVE;true_ffmpeg4;D09_V_indoor_move_0002.mp4;False;1.0;1.0;1.0
True_NATIVE;true_ffmpeg4;D09_V_outdoor_move_0002.mp4;False;1.0;1.0;1.0
True_NATIVE;true_ffmpeg4;D10_V_indoor_move_0002.mp4;False;1.0;1.0;1.0
True_NATIVE;true_ffmpeg4;D11_V_indoor_move_0002.mp4;False;1.0;1.0;1.0
True_NATIVE;true_ffmpeg4;D11_V_outdoor_move_0002.mp4;False;1.0;1.0;1.0
True_NATIVE;true_ffmpeg4;D12_V_indoor_move_0002.mp4;False;1.0;1.0;1.0
True_NATIVE;true_ffmpeg4;D12_V_outdoor_move_0002.mp4;False;1.0;1.0;1.0
True_NATIVE;true_ffmpeg4;D13_V_indoor_move_0002.mp4;False;1.0;1.0;1.0
True_NATIVE;true_ffmpeg4;D13_V_outdoor_move_0002.mp4;False;1.0;1.0;1.0
True_NATIVE;true_ffmpeg4;D14_V_indoor_move_0002.mp4;False;1.0;1.0;1.0
True_NATIVE;true_ffmpeg4;D14_V_outdoor_move_0002.mp4;False;1.0;1.0;1.0
True_NATIVE;true_ffmpeg4;D15_V_indoor_move_0002.mp4;False;1.0;1.0;1.0
True_NATIVE;true_ffmpeg4;D15_V_outdoor_move_0002.mp4;False;1.0;1.0;1.0
True_NATIVE;true_ffmpeg4;D16_V_indoor_move_0002.mp4;False;1.0;1.0;1.0
True_NATIVE;true_ffmpeg4;D16_V_outdoor_move_0002.mp4;False;1.0;1.0;1.0
True_NATIVE;true_ffmpeg4;D19_V_indoor_move_0002.mp4;False;1.0;1.0;1.0
True_NATIVE;true_ffmpeg4;D19_V_outdoor_move_0002.mp4;False;1.0;1.0;1.0
True_NATIVE;true_ffmpeg4;D20_V_indoor_move_0002.mp4;False;1.0;1.0;1.0
True_NATIVE;true_ffmpeg4;D20_V_outdoor_move_0002.mp4;False;1.0;1.0;1.0
True_NATIVE;true_ffmpeg4;D22_V_indoor_move_0002.mp4;False;1.0;1.0;1.0
True_NATIVE;true_ffmpeg4;D22_V_outdoor_move_0002.mp4;False;1.0;1.0;1.0
True_NATIVE;true_ffmpeg4;D23_V_indoor_move_0002.mp4;False;1.0;1.0;1.0
True_NATIVE;true_ffmpeg4;D23_V_outdoor_move_0002.mp4;False;1.0;1.0;1.0
True_NATIVE;true_ffmpeg4;D24_V_indoor_move_0002.mp4;False;1.0;1.0;1.0
True_NATIVE;true_ffmpeg4;D24_V_outdoor_move_0002.mp4;False;1.0;1.0;1.0
True_NATIVE;true_ffmpeg4;D25_V_indoor_move_0002.mp4;False;1.0;1.0;1.0
True_NATIVE;true_ffmpeg4;D25_V_outdoor_move_0002.mp4;False;1.0;1.0;1.0
True_NATIVE;true_ffmpeg4;D26_V_indoor_move_0002.mp4;False;1.0;1.0;1.0
True_NATIVE;true_ffmpeg4;D26_V_outdoor_move_0002.mp4;False;1.0;1.0;1.0
True_NATIVE;true_ffmpeg4;D27_V_indoor_move_0002.mp4;False;1.0;1.0;1.0
True_NATIVE;true_ffmpeg4;D27_V_outdoor_move_0002.mp4;False;1.0;1.0;1.0
True_NATIVE;true_ffmpeg4;D28_V_indoor_move_0002.mp4;False;1.0;1.0;1.0
True_NATIVE;true_ffmpeg4;D28_V_outdoor_move_0002.mp4;False;1.0;1.0;1.0
True_NATIVE;true_ffmpeg4;D29_V_indoor_move_0002.mp4;False;1.0;1.0;1.0
True_NATIVE;true_ffmpeg4;D29_V_outdoor_move_0002.mp4;False;1.0;1.0;1.0
True_NATIVE;true_ffmpeg4;D30_V_indoor_move_0002.mp4;False;1.0;1.0;1.0
True_NATIVE;true_ffmpeg4;D30_V_outdoor_move_0002.mp4;False;1.0;1.0;1.0
True_NATIVE;true_ffmpeg4;D31_V_indoor_move_0002.mp4;False;1.0;1.0;1.0
True_NATIVE;true_ffmpeg4;D31_V_outdoor_move_0002.mp4;False;1.0;1.0;1.0
True_NATIVE;true_ffmpeg4;D32_V_indoor_move_0002.mp4;False;1.0;1.0;1.0
True_NATIVE;true_ffmpeg4;D32_V_outdoor_move_0002.mp4;False;1.0;1.0;1.0
True_NATIVE;true_ffmpeg4;D33_V_indoor_move_0002.mp4;False;1.0;1.0;1.0
True_NATIVE;true_ffmpeg4;D33_V_outdoor_move_0002.mp4;False;1.0;1.0;1.0
True_NATIVE;true_ffmpeg4;D34_V_indoor_move_0002.mp4;False;1.0;1.0;1.0
True_NATIVE;true_ffmpeg4;D34_V_outdoor_move_0002.mp4;False;1.0;1.0;1.0
True_NATIVE;true_ffmpeg4;D35_V_outdoor_move_0002.mp4;False;1.0;1.0;1.0
True_NATIVE;true_ffmpeg4;D35_V_outdoor_panrot_0002.mp4;False;1.0;1.0;1.0
True_NATIVE;true_ffmpeg5;D01_V_indoor_move_0002.mp4;False;1.0;1.0;1.0
True_NATIVE;true_ffmpeg5;D01_V_outdoor_move_0002.mp4;False;1.0;1.0;1.0
True_NATIVE;true_ffmpeg5;D03_V_indoor_move_0002.mp4;False;1.0;1.0;1.0
True_NATIVE;true_ffmpeg5;D03_V_outdoor_move_0002.mp4;False;1.0;1.0;1.0
True_NATIVE;true_ffmpeg5;D04_V_indoor_move_0002.mp4;False;1.0;1.0;1.0
True_NATIVE;true_ffmpeg5;D04_V_outdoor_move_0002.mp4;False;1.0;1.0;1.0
True_NATIVE;true_ffmpeg5;D05_V_indoor_move_0002.mp4;False;1.0;1.0;1.0
True_NATIVE;true_ffmpeg5;D05_V_outdoor_move_0002.mp4;False;1.0;1.0;1.0
True_NATIVE;true_ffmpeg5;D06_V_indoor_move_0002.mp4;False;1.0;1.0;1.0
True_NATIVE;true_ffmpeg5;D06_V_outdoor_move_0002.mp4;False;1.0;1.0;1.0
True_NATIVE;true_ffmpeg5;D07_V_indoor_move_0002.mp4;False;1.0;1.0;1.0
True_NATIVE;true_ffmpeg5;D07_V_outdoor_move_0002.mp4;False;1.0;1.0;1.0
True_NATIVE;true_ffmpeg5;D08_V_indoor_move_0002.mp4;False;1.0;1.0;1.0
True_NATIVE;true_ffmpeg5;D08_V_outdoor_move_0002.mp4;False;1.0;1.0;1.0
True_NATIVE;true_ffmpeg5;D09_V_indoor_move_0002.mp4;False;1.0;1.0;1.0
True_NATIVE;true_ffmpeg5;D09_V_outdoor_move_0002.mp4;False;1.0;1.0;1.0
True_NATIVE;true_ffmpeg5;D10_V_indoor_move_0002.mp4;False;1.0;1.0;1.0
True_NATIVE;true_ffmpeg5;D11_V_indoor_move_0002.mp4;False;1.0;1.0;1.0
True_NATIVE;true_ffmpeg5;D11_V_outdoor_move_0002.mp4;False;1.0;1.0;1.0
True_NATIVE;true_ffmpeg5;D12_V_indoor_move_0002.mp4;False;1.0;1.0;1.0
True_NATIVE;true_ffmpeg5;D12_V_outdoor_move_0002.mp4;False;1.0;1.0;1.0
True_NATIVE;true_ffmpeg5;D13_V_indoor_move_0002.mp4;False;1.0;1.0;1.0
True_NATIVE;true_ffmpeg5;D13_V_outdoor_move_0002.mp4;False;1.0;1.0;1.0
True_NATIVE;true_ffmpeg5;D14_V_indoor_move_0002.mp4;False;1.0;1.0;1.0
True_NATIVE;true_ffmpeg5;D14_V_outdoor_move_0002.mp4;False;1.0;1.0;1.0
True_NATIVE;true_ffmpeg5;D15_V_indoor_move_0002.mp4;False;1.0;1.0;1.0
True_NATIVE;true_ffmpeg5;D15_V_outdoor_move_0002.mp4;False;1.0;1.0;1.0
True_NATIVE;true_ffmpeg5;D16_V_indoor_move_0002.mp4;False;1.0;1.0;1.0
True_NATIVE;true_ffmpeg5;D16_V_outdoor_move_0002.mp4;False;1.0;1.0;1.0
True_NATIVE;true_ffmpeg5;D19_V_indoor_move_0002.mp4;False;1.0;1.0;1.0
True_NATIVE;true_ffmpeg5;D19_V_outdoor_move_0002.mp4;False;1.0;1.0;1.0
True_NATIVE;true_ffmpeg5;D20_V_indoor_move_0002.mp4;False;1.0;1.0;1.0
True_NATIVE;true_ffmpeg5;D20_V_outdoor_move_0002.mp4;False;1.0;1.0;1.0
True_NATIVE;true_ffmpeg5;D22_V_indoor_move_0002.mp4;False;1.0;1.0;1.0
True_NATIVE;true_ffmpeg5;D22_V_outdoor_move_0002.mp4;False;1.0;1.0;1.0
True_NATIVE;true_ffmpeg5;D23_V_indoor_move_0002.mp4;False;1.0;1.0;1.0
True_NATIVE;true_ffmpeg5;D23_V_outdoor_move_0002.mp4;False;1.0;1.0;1.0
True_NATIVE;true_ffmpeg5;D24_V_indoor_move_0002.mp4;False;1.0;1.0;1.0
True_NATIVE;true_ffmpeg5;D24_V_outdoor_move_0002.mp4;False;1.0;1.0;1.0
True_NATIVE;true_ffmpeg5;D25_V_indoor_move_0002.mp4;False;1.0;1.0;1.0
True_NATIVE;true_ffmpeg5;D25_V_outdoor_move_0002.mp4;False;1.0;1.0;1.0
True_NATIVE;true_ffmpeg5;D26_V_indoor_move_0002.mp4;False;1.0;1.0;1.0
True_NATIVE;true_ffmpeg5;D26_V_outdoor_move_0002.mp4;False;1.0;1.0;1.0
True_NATIVE;true_ffmpeg5;D27_V_indoor_move_0002.mp4;False;1.0;1.0;1.0
True_NATIVE;true_ffmpeg5;D27_V_outdoor_move_0002.mp4;False;1.0;1.0;1.0
True_NATIVE;true_ffmpeg5;D28_V_indoor_move_0002.mp4;False;1.0;1.0;1.0
True_NATIVE;true_ffmpeg5;D28_V_outdoor_move_0002.mp4;False;1.0;1.0;1.0
True_NATIVE;true_ffmpeg5;D29_V_indoor_move_0002.mp4;False;1.0;1.0;1.0
True_NATIVE;true_ffmpeg5;D29_V_outdoor_move_0002.mp4;False;1.0;1.0;1.0
True_NATIVE;true_ffmpeg5;D30_V_indoor_move_0002.mp4;False;1.0;1.0;1.0
True_NATIVE;true_ffmpeg5;D30_V_outdoor_move_0002.mp4;False;1.0;1.0;1.0
True_NATIVE;true_ffmpeg5;D31_V_indoor_move_0002.mp4;False;1.0;1.0;1.0
True_NATIVE;true_ffmpeg5;D31_V_outdoor_move_0002.mp4;False;1.0;1.0;1.0
True_NATIVE;true_ffmpeg5;D32_V_indoor_move_0002.mp4;False;1.0;1.0;1.0
True_NATIVE;true_ffmpeg5;D32_V_outdoor_move_0002.mp4;False;1.0;1.0;1.0
True_NATIVE;true_ffmpeg5;D33_V_indoor_move_0002.mp4;False;1.0;1.0;1.0
True_NATIVE;true_ffmpeg5;D33_V_outdoor_move_0002.mp4;False;1.0;1.0;1.0
True_NATIVE;true_ffmpeg5;D34_V_indoor_move_0002.mp4;False;1.0;1.0;1.0
True_NATIVE;true_ffmpeg5;D34_V_outdoor_move_0002.mp4;False;1.0;1.0;1.0
True_NATIVE;true_ffmpeg5;D35_V_outdoor_move_0002.mp4;False;1.0;1.0;1.0
True_NATIVE;true_ffmpeg5;D35_V_outdoor_panrot_0002.mp4;False;1.0;1.0;1.0
True_NATIVE;true_kdenlive;D01_V_indoor_move_0002.mp4;False;1.0;1.0;1.0
True_NATIVE;true_kdenlive;D01_V_outdoor_move_0002.mp4;False;1.0;1.0;1.0
True_NATIVE;true_kdenlive;D03_V_indoor_move_0002.mp4;False;1.0;1.0;1.0
True_NATIVE;true_kdenlive;D03_V_outdoor_move_0002.mp4;False;1.0;1.0;1.0
True_NATIVE;true_kdenlive;D04_V_indoor_move_0002.mp4;False;1.0;1.0;1.0
True_NATIVE;true_kdenlive;D04_V_outdoor_move_0002.mp4;False;1.0;1.0;1.0
True_NATIVE;true_kdenlive;D05_V_indoor_move_0002.mp4;False;1.0;1.0;1.0
True_NATIVE;true_kdenlive;D05_V_outdoor_move_0002.mp4;False;1.0;1.0;1.0
True_NATIVE;true_kdenlive;D06_V_indoor_move_0002.mp4;False;1.0;1.0;1.0
True_NATIVE;true_kdenlive;D06_V_outdoor_move_0002.mp4;False;1.0;1.0;1.0
True_NATIVE;true_kdenlive;D07_V_indoor_move_0002.mp4;False;1.0;1.0;1.0
True_NATIVE;true_kdenlive;D07_V_outdoor_move_0002.mp4;False;1.0;1.0;1.0
True_NATIVE;true_kdenlive;D08_V_indoor_move_0002.mp4;False;1.0;1.0;1.0
True_NATIVE;true_kdenlive;D08_V_outdoor_move_0002.mp4;False;1.0;1.0;1.0
True_NATIVE;true_kdenlive;D09_V_indoor_move_0002.mp4;False;1.0;1.0;1.0
True_NATIVE;true_kdenlive;D09_V_outdoor_move_0002.mp4;False;1.0;1.0;1.0
True_NATIVE;true_kdenlive;D10_V_indoor_move_0002.mp4;False;1.0;1.0;1.0
True_NATIVE;true_kdenlive;D11_V_indoor_move_0002.mp4;False;1.0;1.0;1.0
True_NATIVE;true_kdenlive;D11_V_outdoor_move_0002.mp4;False;1.0;1.0;1.0
True_NATIVE;true_kdenlive;D12_V_indoor_move_0002.mp4;False;1.0;1.0;1.0
True_NATIVE;true_kdenlive;D12_V_outdoor_move_0002.mp4;False;1.0;1.0;1.0
True_NATIVE;true_kdenlive;D13_V_indoor_move_0002.mp4;False;1.0;1.0;1.0
True_NATIVE;true_kdenlive;D13_V_outdoor_move_0002.mp4;False;1.0;1.0;1.0
True_NATIVE;true_kdenlive;D14_V_indoor_move_0002.mp4;False;1.0;1.0;1.0
True_NATIVE;true_kdenlive;D14_V_outdoor_move_0002.mp4;False;1.0;1.0;1.0
True_NATIVE;true_kdenlive;D15_V_indoor_move_0002.mp4;False;1.0;1.0;1.0
True_NATIVE;true_kdenlive;D15_V_outdoor_move_0002.mp4;False;1.0;1.0;1.0
True_NATIVE;true_kdenlive;D16_V_indoor_move_0002.mp4;False;1.0;1.0;1.0
True_NATIVE;true_kdenlive;D16_V_outdoor_move_0002.mp4;False;1.0;1.0;1.0
True_NATIVE;true_kdenlive;D17_V_indoor_move_0002.mp4;False;1.0;1.0;1.0
True_NATIVE;true_kdenlive;D19_V_indoor_move_0002.mp4;False;1.0;1.0;1.0
True_NATIVE;true_kdenlive;D19_V_outdoor_move_0002.mp4;False;1.0;1.0;1.0
True_NATIVE;true_kdenlive;D20_V_indoor_move_0002.mp4;False;1.0;1.0;1.0
True_NATIVE;true_kdenlive;D20_V_outdoor_move_0002.mp4;False;1.0;1.0;1.0
True_NATIVE;true_kdenlive;D22_V_indoor_move_0002.mp4;False;1.0;1.0;1.0
True_NATIVE;true_kdenlive;D22_V_outdoor_move_0002.mp4;False;1.0;1.0;1.0
True_NATIVE;true_kdenlive;D23_V_indoor_move_0002.mp4;False;1.0;1.0;1.0
True_NATIVE;true_kdenlive;D23_V_outdoor_move_0002.mp4;False;1.0;1.0;1.0
True_NATIVE;true_kdenlive;D24_V_indoor_move_0002.mp4;False;1.0;1.0;1.0
True_NATIVE;true_kdenlive;D24_V_outdoor_move_0002.mp4;False;1.0;1.0;1.0
True_NATIVE;true_kdenlive;D25_V_indoor_move_0002.mp4;False;1.0;1.0;1.0
True_NATIVE;true_kdenlive;D25_V_outdoor_move_0002.mp4;False;1.0;1.0;1.0
True_NATIVE;true_kdenlive;D26_V_indoor_move_0002.mp4;False;1.0;1.0;1.0
True_NATIVE;true_kdenlive;D26_V_outdoor_move_0002.mp4;False;1.0;1.0;1.0
True_NATIVE;true_kdenlive;D27_V_indoor_move_0002.mp4;False;1.0;1.0;1.0
True_NATIVE;true_kdenlive;D27_V_outdoor_move_0002.mp4;False;1.0;1.0;1.0
True_NATIVE;true_kdenlive;D28_V_indoor_move_0002.mp4;False;1.0;1.0;1.0
True_NATIVE;true_kdenlive;D28_V_outdoor_move_0002.mp4;False;1.0;1.0;1.0
True_NATIVE;true_kdenlive;D29_V_indoor_move_0002.mp4;False;1.0;1.0;1.0
True_NATIVE;true_kdenlive;D29_V_outdoor_move_0002.mp4;False;1.0;1.0;1.0
True_NATIVE;true_kdenlive;D30_V_indoor_move_0002.mp4;False;1.0;1.0;1.0
True_NATIVE;true_kdenlive;D30_V_outdoor_move_0002.mp4;False;1.0;1.0;1.0
True_NATIVE;true_kdenlive;D31_V_indoor_move_0002.mp4;False;1.0;1.0;1.0
True_NATIVE;true_kdenlive;D31_V_outdoor_move_0002.mp4;False;1.0;1.0;1.0
True_NATIVE;true_kdenlive;D32_V_indoor_move_0002.mp4;False;1.0;1.0;1.0
True_NATIVE;true_kdenlive;D32_V_outdoor_move_0002.mp4;False;1.0;1.0;1.0
True_NATIVE;true_kdenlive;D33_V_indoor_move_0002.mp4;False;1.0;1.0;1.0
True_NATIVE;true_kdenlive;D33_V_outdoor_move_0002.mp4;False;1.0;1.0;1.0
True_NATIVE;true_kdenlive;D34_V_indoor_move_0002.mp4;False;1.0;1.0;1.0
True_NATIVE;true_kdenlive;D34_V_outdoor_move_0002.mp4;False;1.0;1.0;1.0
True_NATIVE;true_kdenlive;D35_V_outdoor_move_0002.mp4;False;1.0;1.0;1.0
True_NATIVE;true_kdenlive;D35_V_outdoor_panrot_0002.mp4;False;1.0;1.0;1.0
True_NATIVE;true_native;D01_V_indoor_move_0002.mp4;True;1.0;1.0;1.0
True_NATIVE;true_native;D01_V_outdoor_move_0002.mp4;True;1.0;1.0;1.0
True_NATIVE;true_native;D03_V_indoor_move_0002.mp4;True;1.0;1.0;1.0
True_NATIVE;true_native;D03_V_outdoor_move_0002.mp4;True;1.0;1.0;1.0
True_NATIVE;true_native;D04_V_indoor_move_0002.mp4;True;1.0;1.0;1.0
True_NATIVE;true_native;D04_V_outdoor_move_0002.mp4;True;1.0;1.0;1.0
True_NATIVE;true_native;D05_V_indoor_move_0002.mp4;True;1.0;1.0;1.0
True_NATIVE;true_native;D05_V_outdoor_move_0002.mp4;True;1.0;1.0;1.0
True_NATIVE;true_native;D06_V_indoor_move_0002.mp4;True;1.0;1.0;1.0
True_NATIVE;true_native;D06_V_outdoor_move_0002.mp4;True;1.0;1.0;1.0
True_NATIVE;true_native;D07_V_indoor_move_0002.mp4;True;1.0;1.0;1.0
True_NATIVE;true_native;D07_V_outdoor_move_0002.mp4;True;1.0;1.0;1.0
True_NATIVE;true_native;D08_V_indoor_move_0002.mp4;True;1.0;1.0;1.0
True_NATIVE;true_native;D08_V_outdoor_move_0002.mp4;True;1.0;1.0;1.0
True_NATIVE;true_native;D09_V_indoor_move_0002.mp4;True;1.0;1.0;1.0
True_NATIVE;true_native;D09_V_outdoor_move_0002.mp4;True;1.0;1.0;1.0
True_NATIVE;true_native;D10_V_indoor_move_0002.mp4;True;1.0;1.0;1.0
True_NATIVE;true_native;D11_V_indoor_move_0002.mp4;True;1.0;1.0;1.0
True_NATIVE;true_native;D11_V_outdoor_move_0002.mp4;True;1.0;1.0;1.0
True_NATIVE;true_native;D12_V_indoor_move_0002.mp4;True;1.0;1.0;1.0
True_NATIVE;true_native;D12_V_outdoor_move_0002.mp4;True;1.0;1.0;1.0
True_NATIVE;true_native;D13_V_indoor_move_0002.mp4;True;1.0;1.0;1.0
True_NATIVE;true_native;D13_V_outdoor_move_0002.mp4;True;1.0;1.0;1.0
True_NATIVE;true_native;D14_V_indoor_move_0002.mp4;True;1.0;1.0;1.0
True_NATIVE;true_native;D14_V_outdoor_move_0002.mp4;True;1.0;1.0;1.0
True_NATIVE;true_native;D15_V_indoor_move_0002.mp4;True;1.0;1.0;1.0
True_NATIVE;true_native;D15_V_outdoor_move_0002.mp4;True;1.0;1.0;1.0
True_NATIVE;true_native;D16_V_indoor_move_0002.mp4;True;1.0;1.0;1.0
True_NATIVE;true_native;D16_V_outdoor_move_0002.mp4;True;1.0;1.0;1.0
True_NATIVE;true_native;D19_V_indoor_move_0002.mp4;True;1.0;1.0;1.0
True_NATIVE;true_native;D19_V_outdoor_move_0002.mp4;True;1.0;1.0;1.0
True_NATIVE;true_native;D20_V_indoor_move_0002.mp4;True;1.0;1.0;1.0
True_NATIVE;true_native;D20_V_outdoor_move_0002.mp4;True;1.0;1.0;1.0
True_NATIVE;true_native;D22_V_indoor_move_0002.mp4;True;1.0;1.0;1.0
True_NATIVE;true_native;D22_V_outdoor_move_0002.mp4;True;1.0;1.0;1.0
True_NATIVE;true_native;D23_V_indoor_move_0002.mp4;True;1.0;1.0;1.0
True_NATIVE;true_native;D23_V_outdoor_move_0002.mp4;True;1.0;1.0;1.0
True_NATIVE;true_native;D24_V_indoor_move_0002.mp4;True;1.0;1.0;1.0
True_NATIVE;true_native;D24_V_outdoor_move_0002.mp4;True;1.0;1.0;1.0
True_NATIVE;true_native;D25_V_indoor_move_0002.mp4;True;1.0;1.0;1.0
True_NATIVE;true_native;D25_V_outdoor_move_0002.mp4;True;1.0;1.0;1.0
True_NATIVE;true_native;D26_V_indoor_move_0002.mp4;True;1.0;1.0;1.0
True_NATIVE;true_native;D26_V_outdoor_move_0002.mp4;True;1.0;1.0;1.0
True_NATIVE;true_native;D27_V_indoor_move_0002.mp4;True;1.0;1.0;1.0
True_NATIVE;true_native;D27_V_outdoor_move_0002.mp4;True;1.0;1.0;1.0
True_NATIVE;true_native;D28_V_indoor_move_0002.mp4;True;1.0;1.0;1.0
True_NATIVE;true_native;D28_V_outdoor_move_0002.mp4;True;1.0;1.0;1.0
True_NATIVE;true_native;D29_V_indoor_move_0002.mp4;True;1.0;1.0;1.0
True_NATIVE;true_native;D29_V_outdoor_move_0002.mp4;True;1.0;1.0;1.0
True_NATIVE;true_native;D30_V_indoor_move_0002.mp4;True;1.0;1.0;1.0
True_NATIVE;true_native;D30_V_outdoor_move_0002.mp4;True;1.0;1.0;1.0
True_NATIVE;true_native;D31_V_indoor_move_0002.mp4;True;1.0;1.0;1.0
True_NATIVE;true_native;D31_V_outdoor_move_0002.mp4;True;1.0;1.0;1.0
True_NATIVE;true_native;D32_V_indoor_move_0002.mp4;True;1.0;1.0;1.0
True_NATIVE;true_native;D32_V_outdoor_move_0002.mp4;True;1.0;1.0;1.0
True_NATIVE;true_native;D33_V_indoor_move_0002.mp4;True;1.0;1.0;1.0
True_NATIVE;true_native;D33_V_outdoor_move_0002.mp4;True;1.0;1.0;1.0
True_NATIVE;true_native;D34_V_indoor_move_0002.mp4;True;1.0;1.0;1.0
True_NATIVE;true_native;D34_V_outdoor_move_0002.mp4;True;1.0;1.0;1.0
True_NATIVE;true_native;D35_V_outdoor_move_0002.mp4;True;1.0;1.0;1.0
True_NATIVE;true_native;D35_V_outdoor_panrot_0002.mp4;True;1.0;1.0;1.0
True_NATIVE;true_premiere;D01_V_indoor_move_0002.mp4;False;1.0;1.0;1.0
True_NATIVE;true_premiere;D01_V_outdoor_move_0002.mp4;False;1.0;1.0;1.0
True_NATIVE;true_premiere;D03_V_indoor_move_0002.mp4;False;1.0;1.0;1.0
True_NATIVE;true_premiere;D03_V_outdoor_move_0002.mp4;False;1.0;1.0;1.0
True_NATIVE;true_premiere;D04_V_indoor_move_0002.mp4;False;1.0;1.0;1.0
True_NATIVE;true_premiere;D04_V_outdoor_move_0002.mp4;False;1.0;1.0;1.0
True_NATIVE;true_premiere;D05_V_indoor_move_0002.mp4;False;1.0;1.0;1.0
True_NATIVE;true_premiere;D05_V_outdoor_move_0002.mp4;False;1.0;1.0;1.0
True_NATIVE;true_premiere;D06_V_indoor_move_0002.mp4;False;1.0;1.0;1.0
True_NATIVE;true_premiere;D06_V_outdoor_move_0002.mp4;False;1.0;1.0;1.0
True_NATIVE;true_premiere;D07_V_indoor_move_0002.mp4;False;1.0;1.0;1.0
True_NATIVE;true_premiere;D07_V_outdoor_move_0002.mp4;False;1.0;1.0;1.0
True_NATIVE;true_premiere;D08_V_indoor_move_0002.mp4;False;1.0;1.0;1.0
True_NATIVE;true_premiere;D08_V_outdoor_move_0002.mp4;False;1.0;1.0;1.0
True_NATIVE;true_premiere;D09_V_indoor_move_0002.mp4;False;1.0;1.0;1.0
True_NATIVE;true_premiere;D09_V_outdoor_move_0002.mp4;False;1.0;1.0;1.0
True_NATIVE;true_premiere;D10_V_indoor_move_0002.mp4;False;1.0;1.0;1.0
True_NATIVE;true_premiere;D11_V_indoor_move_0002.mp4;False;1.0;1.0;1.0
True_NATIVE;true_premiere;D11_V_outdoor_move_0002.mp4;False;1.0;1.0;1.0
True_NATIVE;true_premiere;D12_V_indoor_move_0002.mp4;False;1.0;1.0;1.0
True_NATIVE;true_premiere;D12_V_outdoor_move_0002.mp4;False;1.0;1.0;1.0
True_NATIVE;true_premiere;D13_V_indoor_move_0002.mp4;False;1.0;1.0;1.0
True_NATIVE;true_premiere;D13_V_outdoor_move_0002.mp4;False;1.0;1.0;1.0
True_NATIVE;true_premiere;D14_V_indoor_move_0002.mp4;False;1.0;1.0;1.0
True_NATIVE;true_premiere;D14_V_outdoor_move_0002.mp4;False;1.0;1.0;1.0
True_NATIVE;true_premiere;D15_V_indoor_move_0002.mp4;False;1.0;1.0;1.0
True_NATIVE;true_premiere;D15_V_outdoor_move_0002.mp4;False;1.0;1.0;1.0
True_NATIVE;true_premiere;D16_V_indoor_move_0002.mp4;False;1.0;1.0;1.0
True_NATIVE;true_premiere;D16_V_outdoor_move_0002.mp4;False;1.0;1.0;1.0
True_NATIVE;true_premiere;D19_V_indoor_move_0002.mp4;False;1.0;1.0;1.0
True_NATIVE;true_premiere;D19_V_outdoor_move_0002.mp4;False;1.0;1.0;1.0
True_NATIVE;true_premiere;D20_V_indoor_move_0002.mp4;False;1.0;1.0;1.0
True_NATIVE;true_premiere;D20_V_outdoor_move_0002.mp4;False;1.0;1.0;1.0
True_NATIVE;true_premiere;D22_V_indoor_move_0002.mp4;False;1.0;1.0;1.0
True_NATIVE;true_premiere;D22_V_outdoor_move_0002.mp4;False;1.0;1.0;1.0
True_NATIVE;true_premiere;D23_V_indoor_move_0002.mp4;False;1.0;1.0;1.0
True_NATIVE;true_premiere;D23_V_outdoor_move_0002.mp4;False;1.0;1.0;1.0
True_NATIVE;true_premiere;D24_V_indoor_move_0002.mp4;False;1.0;1.0;1.0
True_NATIVE;true_premiere;D24_V_outdoor_move_0002.mp4;False;1.0;1.0;1.0
True_NATIVE;true_premiere;D25_V_indoor_move_0002.mp4;False;1.0;1.0;1.0
True_NATIVE;true_premiere;D25_V_outdoor_move_0002.mp4;False;1.0;1.0;1.0
True_NATIVE;true_premiere;D26_V_indoor_move_0002.mp4;False;1.0;1.0;1.0
True_NATIVE;true_premiere;D26_V_outdoor_move_0002.mp4;False;1.0;1.0;1.0
True_NATIVE;true_premiere;D27_V_indoor_move_0002.mp4;False;1.0;1.0;1.0
True_NATIVE;true_premiere;D27_V_outdoor_move_0002.mp4;False;1.0;1.0;1.0
True_NATIVE;true_premiere;D28_V_indoor_move_0002.mp4;False;1.0;1.0;1.0
True_NATIVE;true_premiere;D28_V_outdoor_move_0002.mp4;False;1.0;1.0;1.0
True_NATIVE;true_premiere;D29_V_indoor_move_0002.mp4;False;1.0;1.0;1.0
True_NATIVE;true_premiere;D29_V_outdoor_move_0002.mp4;False;1.0;1.0;1.0
True_NATIVE;true_premiere;D30_V_indoor_move_0002.mp4;False;1.0;1.0;1.0
True_NATIVE;true_premiere;D30_V_outdoor_move_0002.mp4;False;1.0;1.0;1.0
True_NATIVE;true_premiere;D31_V_indoor_move_0002.mp4;False;1.0;1.0;1.0
True_NATIVE;true_premiere;D31_V_outdoor_move_0002.mp4;False;1.0;1.0;1.0
True_NATIVE;true_premiere;D32_V_indoor_move_0002.mp4;False;1.0;1.0;1.0
True_NATIVE;true_premiere;D32_V_outdoor_move_0002.mp4;False;1.0;1.0;1.0
True_NATIVE;true_premiere;D33_V_indoor_move_0002.mp4;False;1.0;1.0;1.0
True_NATIVE;true_premiere;D33_V_outdoor_move_0002.mp4;False;1.0;1.0;1.0
True_NATIVE;true_premiere;D34_V_indoor_move_0002.mp4;False;1.0;1.0;1.0
True_NATIVE;true_premiere;D34_V_outdoor_move_0002.mp4;False;1.0;1.0;1.0
True_NATIVE;true_premiere;D35_V_outdoor_move_0002.mp4;False;1.0;1.0;1.0
True_NATIVE;true_premiere;D35_V_outdoor_panrot_0002.mp4;False;1.0;1.0;1.0
True_NATIVE;true_avidemux;D01_V_indoor_move_0002.mp4;False;1.0;1.0;1.0
True_NATIVE;true_avidemux;D01_V_outdoor_move_0002.mp4;False;1.0;1.0;1.0
True_NATIVE;true_avidemux;D03_V_indoor_move_0002.mp4;False;1.0;1.0;1.0
True_NATIVE;true_avidemux;D03_V_outdoor_move_0002.mp4;False;1.0;1.0;1.0
True_NATIVE;true_avidemux;D04_V_indoor_move_0002.mp4;False;1.0;1.0;1.0
True_NATIVE;true_avidemux;D04_V_outdoor_move_0002.mp4;False;1.0;1.0;1.0
True_NATIVE;true_avidemux;D05_V_indoor_move_0002.mp4;False;1.0;1.0;1.0
True_NATIVE;true_avidemux;D05_V_outdoor_move_0002.mp4;False;1.0;1.0;1.0
True_NATIVE;true_avidemux;D06_V_indoor_move_0002.mp4;False;1.0;1.0;1.0
True_NATIVE;true_avidemux;D06_V_outdoor_move_0002.mp4;False;1.0;1.0;1.0
True_NATIVE;true_avidemux;D07_V_indoor_move_0002.mp4;False;1.0;1.0;1.0
True_NATIVE;true_avidemux;D07_V_outdoor_move_0002.mp4;False;1.0;1.0;1.0
True_NATIVE;true_avidemux;D08_V_indoor_move_0002.mp4;False;1.0;1.0;1.0
True_NATIVE;true_avidemux;D08_V_outdoor_move_0002.mp4;False;1.0;1.0;1.0
True_NATIVE;true_avidemux;D09_V_indoor_move_0002.mp4;False;1.0;1.0;1.0
True_NATIVE;true_avidemux;D09_V_outdoor_move_0002.mp4;False;1.0;1.0;1.0
True_NATIVE;true_avidemux;D10_V_indoor_move_0002.mp4;False;1.0;1.0;1.0
True_NATIVE;true_avidemux;D11_V_indoor_move_0002.mp4;False;1.0;1.0;1.0
True_NATIVE;true_avidemux;D11_V_outdoor_move_0002.mp4;False;1.0;1.0;1.0
True_NATIVE;true_avidemux;D12_V_indoor_move_0002.mp4;False;1.0;1.0;1.0
True_NATIVE;true_avidemux;D12_V_outdoor_move_0002.mp4;False;1.0;1.0;1.0
True_NATIVE;true_avidemux;D13_V_indoor_move_0002.mp4;False;1.0;1.0;1.0
True_NATIVE;true_avidemux;D13_V_outdoor_move_0002.mp4;False;1.0;1.0;1.0
True_NATIVE;true_avidemux;D14_V_indoor_move_0002.mp4;False;1.0;1.0;1.0
True_NATIVE;true_avidemux;D14_V_outdoor_move_0002.mp4;False;1.0;1.0;1.0
True_NATIVE;true_avidemux;D15_V_indoor_move_0002.mp4;False;1.0;1.0;1.0
True_NATIVE;true_avidemux;D15_V_outdoor_move_0002.mp4;False;1.0;1.0;1.0
True_NATIVE;true_avidemux;D16_V_indoor_move_0002.mp4;False;1.0;1.0;1.0
True_NATIVE;true_avidemux;D16_V_outdoor_move_0002.mp4;False;1.0;1.0;1.0
True_NATIVE;true_avidemux;D19_V_indoor_move_0002.mp4;False;1.0;1.0;1.0
True_NATIVE;true_avidemux;D19_V_outdoor_move_0002.mp4;False;1.0;1.0;1.0
True_NATIVE;true_avidemux;D20_V_indoor_move_0002.mp4;False;1.0;1.0;1.0
True_NATIVE;true_avidemux;D20_V_outdoor_move_0002.mp4;False;1.0;1.0;1.0
True_NATIVE;true_avidemux;D22_V_indoor_move_0002.mp4;False;1.0;1.0;1.0
True_NATIVE;true_avidemux;D22_V_outdoor_move_0002.mp4;False;1.0;1.0;1.0
True_NATIVE;true_avidemux;D23_V_indoor_move_0002.mp4;False;1.0;1.0;1.0
True_NATIVE;true_avidemux;D23_V_outdoor_move_0002.mp4;False;1.0;1.0;1.0
True_NATIVE;true_avidemux;D24_V_indoor_move_0002.mp4;False;1.0;1.0;1.0
True_NATIVE;true_avidemux;D24_V_outdoor_move_0002.mp4;False;1.0;1.0;1.0
True_NATIVE;true_avidemux;D25_V_indoor_move_0002.mp4;False;1.0;1.0;1.0
True_NATIVE;true_avidemux;D25_V_outdoor_move_0002.mp4;False;1.0;1.0;1.0
True_NATIVE;true_avidemux;D26_V_indoor_move_0002.mp4;False;1.0;1.0;1.0
True_NATIVE;true_avidemux;D26_V_outdoor_move_0002.mp4;False;1.0;1.0;1.0
True_NATIVE;true_avidemux;D27_V_indoor_move_0002.mp4;False;1.0;1.0;1.0
True_NATIVE;true_avidemux;D27_V_outdoor_move_0002.mp4;False;1.0;1.0;1.0
True_NATIVE;true_avidemux;D28_V_indoor_move_0002.mp4;False;1.0;1.0;1.0
True_NATIVE;true_avidemux;D28_V_outdoor_move_0002.mp4;False;1.0;1.0;1.0
True_NATIVE;true_avidemux;D29_V_indoor_move_0002.mp4;False;1.0;1.0;1.0
True_NATIVE;true_avidemux;D29_V_outdoor_move_0002.mp4;False;1.0;1.0;1.0
True_NATIVE;true_avidemux;D30_V_indoor_move_0002.mp4;False;1.0;1.0;1.0
True_NATIVE;true_avidemux;D30_V_outdoor_move_0002.mp4;False;1.0;1.0;1.0
True_NATIVE;true_avidemux;D31_V_indoor_move_0002.mp4;False;1.0;1.0;1.0
True_NATIVE;true_avidemux;D31_V_outdoor_move_0002.mp4;False;1.0;1.0;1.0
True_NATIVE;true_avidemux;D32_V_indoor_move_0002.mp4;False;1.0;1.0;1.0
True_NATIVE;true_avidemux;D32_V_outdoor_move_0002.mp4;False;1.0;1.0;1.0
True_NATIVE;true_avidemux;D33_V_indoor_move_0002.mp4;False;1.0;1.0;1.0
True_NATIVE;true_avidemux;D33_V_outdoor_move_0002.mp4;False;1.0;1.0;1.0
True_NATIVE;true_avidemux;D34_V_indoor_move_0002.mp4;False;1.0;1.0;1.0
True_NATIVE;true_avidemux;D34_V_outdoor_move_0002.mp4;False;1.0;1.0;1.0
True_NATIVE;true_avidemux;D35_V_outdoor_move_0002.mp4;False;1.0;1.0;1.0
True_NATIVE;true_avidemux;D35_V_outdoor_panrot_0002.mp4;False;1.0;1.0;1.0
True_NATIVE;true_exiftool;D01_V_indoor_move_0002.mp4;False;1.0;1.0;1.0
True_NATIVE;true_exiftool;D01_V_outdoor_move_0002.mp4;False;1.0;1.0;1.0
True_NATIVE;true_exiftool;D03_V_indoor_move_0002.mp4;False;1.0;1.0;1.0
True_NATIVE;true_exiftool;D03_V_outdoor_move_0002.mp4;False;1.0;1.0;1.0
True_NATIVE;true_exiftool;D04_V_indoor_move_0002.mp4;False;1.0;1.0;1.0
True_NATIVE;true_exiftool;D04_V_outdoor_move_0002.mp4;False;1.0;1.0;1.0
True_NATIVE;true_exiftool;D05_V_indoor_move_0002.mp4;False;1.0;1.0;1.0
True_NATIVE;true_exiftool;D05_V_outdoor_move_0002.mp4;False;1.0;1.0;1.0
True_NATIVE;true_exiftool;D06_V_indoor_move_0002.mp4;False;1.0;1.0;1.0
True_NATIVE;true_exiftool;D06_V_outdoor_move_0002.mp4;False;1.0;1.0;1.0
True_NATIVE;true_exiftool;D07_V_indoor_move_0002.mp4;False;1.0;1.0;1.0
True_NATIVE;true_exiftool;D07_V_outdoor_move_0002.mp4;False;1.0;1.0;1.0
True_NATIVE;true_exiftool;D08_V_indoor_move_0002.mp4;False;1.0;1.0;1.0
True_NATIVE;true_exiftool;D08_V_outdoor_move_0002.mp4;False;1.0;1.0;1.0
True_NATIVE;true_exiftool;D09_V_indoor_move_0002.mp4;False;1.0;1.0;1.0
True_NATIVE;true_exiftool;D09_V_outdoor_move_0002.mp4;False;1.0;1.0;1.0
True_NATIVE;true_exiftool;D10_V_indoor_move_0002.mp4;False;1.0;1.0;1.0
True_NATIVE;true_exiftool;D11_V_indoor_move_0002.mp4;False;1.0;1.0;1.0
True_NATIVE;true_exiftool;D11_V_outdoor_move_0002.mp4;False;1.0;1.0;1.0
True_NATIVE;true_exiftool;D12_V_indoor_move_0002.mp4;False;1.0;1.0;1.0
True_NATIVE;true_exiftool;D12_V_outdoor_move_0002.mp4;False;1.0;1.0;1.0
True_NATIVE;true_exiftool;D13_V_indoor_move_0002.mp4;False;1.0;1.0;1.0
True_NATIVE;true_exiftool;D13_V_outdoor_move_0002.mp4;False;1.0;1.0;1.0
True_NATIVE;true_exiftool;D14_V_indoor_move_0002.mp4;False;1.0;1.0;1.0
True_NATIVE;true_exiftool;D14_V_outdoor_move_0002.mp4;False;1.0;1.0;1.0
True_NATIVE;true_exiftool;D15_V_indoor_move_0002.mp4;False;1.0;1.0;1.0
True_NATIVE;true_exiftool;D15_V_outdoor_move_0002.mp4;False;1.0;1.0;1.0
True_NATIVE;true_exiftool;D16_V_indoor_move_0002.mp4;False;1.0;1.0;1.0
True_NATIVE;true_exiftool;D16_V_outdoor_move_0002.mp4;False;1.0;1.0;1.0
True_NATIVE;true_exiftool;D19_V_indoor_move_0002.mp4;False;1.0;1.0;1.0
True_NATIVE;true_exiftool;D19_V_outdoor_move_0002.mp4;False;1.0;1.0;1.0
True_NATIVE;true_exiftool;D20_V_indoor_move_0002.mp4;False;1.0;1.0;1.0
True_NATIVE;true_exiftool;D20_V_outdoor_move_0002.mp4;False;1.0;1.0;1.0
True_NATIVE;true_exiftool;D22_V_indoor_move_0002.mp4;False;1.0;1.0;1.0
True_NATIVE;true_exiftool;D22_V_outdoor_move_0002.mp4;False;1.0;1.0;1.0
True_NATIVE;true_exiftool;D23_V_indoor_move_0002.mp4;False;1.0;1.0;1.0
True_NATIVE;true_exiftool;D23_V_outdoor_move_0002.mp4;False;1.0;1.0;1.0
True_NATIVE;true_exiftool;D24_V_indoor_move_0002.mp4;False;1.0;1.0;1.0
True_NATIVE;true_exiftool;D24_V_outdoor_move_0002.mp4;False;1.0;1.0;1.0
True_NATIVE;true_exiftool;D25_V_indoor_move_0002.mp4;False;1.0;1.0;1.0
True_NATIVE;true_exiftool;D25_V_outdoor_move_0002.mp4;False;1.0;1.0;1.0
True_NATIVE;true_exiftool;D26_V_indoor_move_0002.mp4;False;1.0;1.0;1.0
True_NATIVE;true_exiftool;D26_V_outdoor_move_0002.mp4;False;1.0;1.0;1.0
True_NATIVE;true_exiftool;D27_V_indoor_move_0002.mp4;False;1.0;1.0;1.0
True_NATIVE;true_exiftool;D27_V_outdoor_move_0002.mp4;False;1.0;1.0;1.0
True_NATIVE;true_exiftool;D28_V_indoor_move_0002.mp4;False;1.0;1.0;1.0
True_NATIVE;true_exiftool;D28_V_outdoor_move_0002.mp4;False;1.0;1.0;1.0
True_NATIVE;true_exiftool;D29_V_indoor_move_0002.mp4;False;1.0;1.0;1.0
True_NATIVE;true_exiftool;D29_V_outdoor_move_0002.mp4;False;1.0;1.0;1.0
True_NATIVE;true_exiftool;D30_V_indoor_move_0002.mp4;False;1.0;1.0;1.0
True_NATIVE;true_exiftool;D30_V_outdoor_move_0002.mp4;False;1.0;1.0;1.0
True_NATIVE;true_exiftool;D31_V_indoor_move_0002.mp4;False;1.0;1.0;1.0
True_NATIVE;true_exiftool;D31_V_outdoor_move_0002.mp4;False;1.0;1.0;1.0
True_NATIVE;true_exiftool;D32_V_indoor_move_0002.mp4;False;1.0;1.0;1.0
True_NATIVE;true_exiftool;D32_V_outdoor_move_0002.mp4;False;1.0;1.0;1.0
True_NATIVE;true_exiftool;D33_V_indoor_move_0002.mp4;False;1.0;1.0;1.0
True_NATIVE;true_exiftool;D33_V_outdoor_move_0002.mp4;False;1.0;1.0;1.0
True_NATIVE;true_exiftool;D34_V_indoor_move_0002.mp4;False;1.0;1.0;1.0
True_NATIVE;true_exiftool;D34_V_outdoor_move_0002.mp4;False;1.0;1.0;1.0
True_NATIVE;true_exiftool;D35_V_outdoor_move_0002.mp4;False;1.0;1.0;1.0
True_NATIVE;true_exiftool;D35_V_outdoor_panrot_0002.mp4;False;1.0;1.0;1.0
True_NATIVE;true_ffmpeg1;D01_V_indoor_move_0002.mp4;False;1.0;1.0;1.0
True_NATIVE;true_ffmpeg1;D01_V_outdoor_move_0002.mp4;False;1.0;1.0;1.0
True_NATIVE;true_ffmpeg1;D03_V_indoor_move_0002.mp4;False;1.0;1.0;1.0
True_NATIVE;true_ffmpeg1;D03_V_outdoor_move_0002.mp4;False;1.0;1.0;1.0
True_NATIVE;true_ffmpeg1;D04_V_indoor_move_0002.mp4;False;1.0;1.0;1.0
True_NATIVE;true_ffmpeg1;D04_V_outdoor_move_0002.mp4;False;1.0;1.0;1.0
True_NATIVE;true_ffmpeg1;D05_V_indoor_move_0002.mp4;False;1.0;1.0;1.0
True_NATIVE;true_ffmpeg1;D05_V_outdoor_move_0002.mp4;False;1.0;1.0;1.0
True_NATIVE;true_ffmpeg1;D06_V_indoor_move_0002.mp4;False;1.0;1.0;1.0
True_NATIVE;true_ffmpeg1;D06_V_outdoor_move_0002.mp4;False;1.0;1.0;1.0
True_NATIVE;true_ffmpeg1;D07_V_indoor_move_0002.mp4;False;1.0;1.0;1.0
True_NATIVE;true_ffmpeg1;D07_V_outdoor_move_0002.mp4;False;1.0;1.0;1.0
True_NATIVE;true_ffmpeg1;D08_V_indoor_move_0002.mp4;False;1.0;1.0;1.0
True_NATIVE;true_ffmpeg1;D08_V_outdoor_move_0002.mp4;False;1.0;1.0;1.0
True_NATIVE;true_ffmpeg1;D09_V_indoor_move_0002.mp4;False;1.0;1.0;1.0
True_NATIVE;true_ffmpeg1;D09_V_outdoor_move_0002.mp4;False;1.0;1.0;1.0
True_NATIVE;true_ffmpeg1;D10_V_indoor_move_0002.mp4;False;1.0;1.0;1.0
True_NATIVE;true_ffmpeg1;D11_V_indoor_move_0002.mp4;False;1.0;1.0;1.0
True_NATIVE;true_ffmpeg1;D11_V_outdoor_move_0002.mp4;False;1.0;1.0;1.0
True_NATIVE;true_ffmpeg1;D12_V_indoor_move_0002.mp4;False;1.0;1.0;1.0
True_NATIVE;true_ffmpeg1;D12_V_outdoor_move_0002.mp4;False;1.0;1.0;1.0
True_NATIVE;true_ffmpeg1;D13_V_indoor_move_0002.mp4;False;1.0;1.0;1.0
True_NATIVE;true_ffmpeg1;D13_V_outdoor_move_0002.mp4;False;1.0;1.0;1.0
True_NATIVE;true_ffmpeg1;D14_V_indoor_move_0002.mp4;False;1.0;1.0;1.0
True_NATIVE;true_ffmpeg1;D14_V_outdoor_move_0002.mp4;False;1.0;1.0;1.0
True_NATIVE;true_ffmpeg1;D15_V_indoor_move_0002.mp4;False;1.0;1.0;1.0
True_NATIVE;true_ffmpeg1;D15_V_outdoor_move_0002.mp4;False;1.0;1.0;1.0
True_NATIVE;true_ffmpeg1;D16_V_indoor_move_0002.mp4;False;1.0;1.0;1.0
True_NATIVE;true_ffmpeg1;D16_V_outdoor_move_0002.mp4;False;1.0;1.0;1.0
True_NATIVE;true_ffmpeg1;D19_V_indoor_move_0002.mp4;False;1.0;1.0;1.0
True_NATIVE;true_ffmpeg1;D19_V_outdoor_move_0002.mp4;False;1.0;1.0;1.0
True_NATIVE;true_ffmpeg1;D20_V_indoor_move_0002.mp4;False;1.0;1.0;1.0
True_NATIVE;true_ffmpeg1;D20_V_outdoor_move_0002.mp4;False;1.0;1.0;1.0
True_NATIVE;true_ffmpeg1;D22_V_indoor_move_0002.mp4;False;1.0;1.0;1.0
True_NATIVE;true_ffmpeg1;D22_V_outdoor_move_0002.mp4;False;1.0;1.0;1.0
True_NATIVE;true_ffmpeg1;D23_V_indoor_move_0002.mp4;False;1.0;1.0;1.0
True_NATIVE;true_ffmpeg1;D23_V_outdoor_move_0002.mp4;False;1.0;1.0;1.0
True_NATIVE;true_ffmpeg1;D24_V_indoor_move_0002.mp4;False;1.0;1.0;1.0
True_NATIVE;true_ffmpeg1;D24_V_outdoor_move_0002.mp4;False;1.0;1.0;1.0
True_NATIVE;true_ffmpeg1;D25_V_indoor_move_0002.mp4;False;1.0;1.0;1.0
True_NATIVE;true_ffmpeg1;D25_V_outdoor_move_0002.mp4;False;1.0;1.0;1.0
True_NATIVE;true_ffmpeg1;D26_V_indoor_move_0002.mp4;False;1.0;1.0;1.0
True_NATIVE;true_ffmpeg1;D26_V_outdoor_move_0002.mp4;False;1.0;1.0;1.0
True_NATIVE;true_ffmpeg1;D27_V_indoor_move_0002.mp4;False;1.0;1.0;1.0
True_NATIVE;true_ffmpeg1;D27_V_outdoor_move_0002.mp4;False;1.0;1.0;1.0
True_NATIVE;true_ffmpeg1;D28_V_indoor_move_0002.mp4;False;1.0;1.0;1.0
True_NATIVE;true_ffmpeg1;D28_V_outdoor_move_0002.mp4;False;1.0;1.0;1.0
True_NATIVE;true_ffmpeg1;D29_V_indoor_move_0002.mp4;False;1.0;1.0;1.0
True_NATIVE;true_ffmpeg1;D29_V_outdoor_move_0002.mp4;False;1.0;1.0;1.0
True_NATIVE;true_ffmpeg1;D30_V_indoor_move_0002.mp4;False;1.0;1.0;1.0
True_NATIVE;true_ffmpeg1;D30_V_outdoor_move_0002.mp4;False;1.0;1.0;1.0
True_NATIVE;true_ffmpeg1;D31_V_indoor_move_0002.mp4;False;1.0;1.0;1.0
True_NATIVE;true_ffmpeg1;D31_V_outdoor_move_0002.mp4;False;1.0;1.0;1.0
True_NATIVE;true_ffmpeg1;D32_V_indoor_move_0002.mp4;False;1.0;1.0;1.0
True_NATIVE;true_ffmpeg1;D32_V_outdoor_move_0002.mp4;False;1.0;1.0;1.0
True_NATIVE;true_ffmpeg1;D33_V_indoor_move_0002.mp4;False;1.0;1.0;1.0
True_NATIVE;true_ffmpeg1;D33_V_outdoor_move_0002.mp4;False;1.0;1.0;1.0
True_NATIVE;true_ffmpeg1;D34_V_indoor_move_0002.mp4;False;1.0;1.0;1.0
True_NATIVE;true_ffmpeg1;D34_V_outdoor_move_0002.mp4;False;1.0;1.0;1.0
True_NATIVE;true_ffmpeg1;D35_V_outdoor_move_0002.mp4;False;1.0;1.0;1.0
True_NATIVE;true_ffmpeg1;D35_V_outdoor_panrot_0002.mp4;False;1.0;1.0;1.0
True_NATIVE;true_ffmpeg2;D01_V_indoor_move_0002.mp4;False;1.0;1.0;1.0
True_NATIVE;true_ffmpeg2;D01_V_outdoor_move_0002.mp4;False;1.0;1.0;1.0
True_NATIVE;true_ffmpeg2;D03_V_indoor_move_0002.mp4;False;1.0;1.0;1.0
True_NATIVE;true_ffmpeg2;D03_V_outdoor_move_0002.mp4;False;1.0;1.0;1.0
True_NATIVE;true_ffmpeg2;D04_V_indoor_move_0002.mp4;False;1.0;1.0;1.0
True_NATIVE;true_ffmpeg2;D04_V_outdoor_move_0002.mp4;False;1.0;1.0;1.0
True_NATIVE;true_ffmpeg2;D05_V_indoor_move_0002.mp4;False;1.0;1.0;1.0
True_NATIVE;true_ffmpeg2;D05_V_outdoor_move_0002.mp4;False;1.0;1.0;1.0
True_NATIVE;true_ffmpeg2;D06_V_indoor_move_0002.mp4;False;1.0;1.0;1.0
True_NATIVE;true_ffmpeg2;D06_V_outdoor_move_0002.mp4;False;1.0;1.0;1.0
True_NATIVE;true_ffmpeg2;D07_V_indoor_move_0002.mp4;False;1.0;1.0;1.0
True_NATIVE;true_ffmpeg2;D07_V_outdoor_move_0002.mp4;False;1.0;1.0;1.0
True_NATIVE;true_ffmpeg2;D08_V_indoor_move_0002.mp4;False;1.0;1.0;1.0
True_NATIVE;true_ffmpeg2;D08_V_outdoor_move_0002.mp4;False;1.0;1.0;1.0
True_NATIVE;true_ffmpeg2;D09_V_indoor_move_0002.mp4;False;1.0;1.0;1.0
True_NATIVE;true_ffmpeg2;D09_V_outdoor_move_0002.mp4;False;1.0;1.0;1.0
True_NATIVE;true_ffmpeg2;D10_V_indoor_move_0002.mp4;False;1.0;1.0;1.0
True_NATIVE;true_ffmpeg2;D11_V_indoor_move_0002.mp4;False;1.0;1.0;1.0
True_NATIVE;true_ffmpeg2;D11_V_outdoor_move_0002.mp4;False;1.0;1.0;1.0
True_NATIVE;true_ffmpeg2;D12_V_indoor_move_0002.mp4;False;1.0;1.0;1.0
True_NATIVE;true_ffmpeg2;D12_V_outdoor_move_0002.mp4;False;1.0;1.0;1.0
True_NATIVE;true_ffmpeg2;D13_V_indoor_move_0002.mp4;False;1.0;1.0;1.0
True_NATIVE;true_ffmpeg2;D13_V_outdoor_move_0002.mp4;False;1.0;1.0;1.0
True_NATIVE;true_ffmpeg2;D14_V_indoor_move_0002.mp4;False;1.0;1.0;1.0
True_NATIVE;true_ffmpeg2;D14_V_outdoor_move_0002.mp4;False;1.0;1.0;1.0
True_NATIVE;true_ffmpeg2;D15_V_indoor_move_0002.mp4;False;1.0;1.0;1.0
True_NATIVE;true_ffmpeg2;D15_V_outdoor_move_0002.mp4;False;1.0;1.0;1.0
True_NATIVE;true_ffmpeg2;D16_V_indoor_move_0002.mp4;False;1.0;1.0;1.0
True_NATIVE;true_ffmpeg2;D16_V_outdoor_move_0002.mp4;False;1.0;1.0;1.0
True_NATIVE;true_ffmpeg2;D19_V_indoor_move_0002.mp4;False;1.0;1.0;1.0
True_NATIVE;true_ffmpeg2;D19_V_outdoor_move_0002.mp4;False;1.0;1.0;1.0
True_NATIVE;true_ffmpeg2;D20_V_indoor_move_0002.mp4;False;1.0;1.0;1.0
True_NATIVE;true_ffmpeg2;D20_V_outdoor_move_0002.mp4;False;1.0;1.0;1.0
True_NATIVE;true_ffmpeg2;D22_V_indoor_move_0002.mp4;False;1.0;1.0;1.0
True_NATIVE;true_ffmpeg2;D22_V_outdoor_move_0002.mp4;False;1.0;1.0;1.0
True_NATIVE;true_ffmpeg2;D23_V_indoor_move_0002.mp4;False;1.0;1.0;1.0
True_NATIVE;true_ffmpeg2;D23_V_outdoor_move_0002.mp4;False;1.0;1.0;1.0
True_NATIVE;true_ffmpeg2;D24_V_indoor_move_0002.mp4;False;1.0;1.0;1.0
True_NATIVE;true_ffmpeg2;D24_V_outdoor_move_0002.mp4;False;1.0;1.0;1.0
True_NATIVE;true_ffmpeg2;D25_V_indoor_move_0002.mp4;False;1.0;1.0;1.0
True_NATIVE;true_ffmpeg2;D25_V_outdoor_move_0002.mp4;False;1.0;1.0;1.0
True_NATIVE;true_ffmpeg2;D26_V_indoor_move_0002.mp4;False;1.0;1.0;1.0
True_NATIVE;true_ffmpeg2;D26_V_outdoor_move_0002.mp4;False;1.0;1.0;1.0
True_NATIVE;true_ffmpeg2;D27_V_indoor_move_0002.mp4;False;1.0;1.0;1.0
True_NATIVE;true_ffmpeg2;D27_V_outdoor_move_0002.mp4;False;1.0;1.0;1.0
True_NATIVE;true_ffmpeg2;D28_V_indoor_move_0002.mp4;False;1.0;1.0;1.0
True_NATIVE;true_ffmpeg2;D28_V_outdoor_move_0002.mp4;False;1.0;1.0;1.0
True_NATIVE;true_ffmpeg2;D29_V_indoor_move_0002.mp4;False;1.0;1.0;1.0
True_NATIVE;true_ffmpeg2;D29_V_outdoor_move_0002.mp4;False;1.0;1.0;1.0
True_NATIVE;true_ffmpeg2;D30_V_indoor_move_0002.mp4;False;1.0;1.0;1.0
True_NATIVE;true_ffmpeg2;D30_V_outdoor_move_0002.mp4;False;1.0;1.0;1.0
True_NATIVE;true_ffmpeg2;D31_V_indoor_move_0002.mp4;False;1.0;1.0;1.0
True_NATIVE;true_ffmpeg2;D31_V_outdoor_move_0002.mp4;False;1.0;1.0;1.0
True_NATIVE;true_ffmpeg2;D32_V_indoor_move_0002.mp4;False;1.0;1.0;1.0
True_NATIVE;true_ffmpeg2;D32_V_outdoor_move_0002.mp4;False;1.0;1.0;1.0
True_NATIVE;true_ffmpeg2;D33_V_indoor_move_0002.mp4;False;1.0;1.0;1.0
True_NATIVE;true_ffmpeg2;D33_V_outdoor_move_0002.mp4;False;1.0;1.0;1.0
True_NATIVE;true_ffmpeg2;D34_V_indoor_move_0002.mp4;False;1.0;1.0;1.0
True_NATIVE;true_ffmpeg2;D34_V_outdoor_move_0002.mp4;False;1.0;1.0;1.0
True_NATIVE;true_ffmpeg2;D35_V_outdoor_move_0002.mp4;False;1.0;1.0;1.0
True_NATIVE;true_ffmpeg2;D35_V_outdoor_panrot_0002.mp4;False;1.0;1.0;1.0
True_NATIVE;true_ffmpeg3;D01_V_indoor_move_0002.mp4;False;1.0;1.0;1.0
True_NATIVE;true_ffmpeg3;D01_V_outdoor_move_0002.mp4;False;1.0;1.0;1.0
True_NATIVE;true_ffmpeg3;D03_V_indoor_move_0002.mp4;False;1.0;1.0;1.0
True_NATIVE;true_ffmpeg3;D03_V_outdoor_move_0002.mp4;False;1.0;1.0;1.0
True_NATIVE;true_ffmpeg3;D04_V_indoor_move_0002.mp4;False;1.0;1.0;1.0
True_NATIVE;true_ffmpeg3;D04_V_outdoor_move_0002.mp4;False;1.0;1.0;1.0
True_NATIVE;true_ffmpeg3;D05_V_indoor_move_0002.mp4;False;1.0;1.0;1.0
True_NATIVE;true_ffmpeg3;D05_V_outdoor_move_0002.mp4;False;1.0;1.0;1.0
True_NATIVE;true_ffmpeg3;D06_V_indoor_move_0002.mp4;False;1.0;1.0;1.0
True_NATIVE;true_ffmpeg3;D06_V_outdoor_move_0002.mp4;False;1.0;1.0;1.0
True_NATIVE;true_ffmpeg3;D07_V_indoor_move_0002.mp4;False;1.0;1.0;1.0
True_NATIVE;true_ffmpeg3;D07_V_outdoor_move_0002.mp4;False;1.0;1.0;1.0
True_NATIVE;true_ffmpeg3;D08_V_indoor_move_0002.mp4;False;1.0;1.0;1.0
True_NATIVE;true_ffmpeg3;D08_V_outdoor_move_0002.mp4;False;1.0;1.0;1.0
True_NATIVE;true_ffmpeg3;D09_V_indoor_move_0002.mp4;False;1.0;1.0;1.0
True_NATIVE;true_ffmpeg3;D09_V_outdoor_move_0002.mp4;False;1.0;1.0;1.0
True_NATIVE;true_ffmpeg3;D10_V_indoor_move_0002.mp4;False;1.0;1.0;1.0
True_NATIVE;true_ffmpeg3;D11_V_indoor_move_0002.mp4;False;1.0;1.0;1.0
True_NATIVE;true_ffmpeg3;D11_V_outdoor_move_0002.mp4;False;1.0;1.0;1.0
True_NATIVE;true_ffmpeg3;D12_V_indoor_move_0002.mp4;False;1.0;1.0;1.0
True_NATIVE;true_ffmpeg3;D12_V_outdoor_move_0002.mp4;False;1.0;1.0;1.0
True_NATIVE;true_ffmpeg3;D13_V_indoor_move_0002.mp4;False;1.0;1.0;1.0
True_NATIVE;true_ffmpeg3;D13_V_outdoor_move_0002.mp4;False;1.0;1.0;1.0
True_NATIVE;true_ffmpeg3;D14_V_indoor_move_0002.mp4;False;1.0;1.0;1.0
True_NATIVE;true_ffmpeg3;D14_V_outdoor_move_0002.mp4;False;1.0;1.0;1.0
True_NATIVE;true_ffmpeg3;D15_V_indoor_move_0002.mp4;False;1.0;1.0;1.0
True_NATIVE;true_ffmpeg3;D15_V_outdoor_move_0002.mp4;False;1.0;1.0;1.0
True_NATIVE;true_ffmpeg3;D16_V_indoor_move_0002.mp4;False;1.0;1.0;1.0
True_NATIVE;true_ffmpeg3;D16_V_outdoor_move_0002.mp4;False;1.0;1.0;1.0
True_NATIVE;true_ffmpeg3;D19_V_indoor_move_0002.mp4;False;1.0;1.0;1.0
True_NATIVE;true_ffmpeg3;D19_V_outdoor_move_0002.mp4;False;1.0;1.0;1.0
True_NATIVE;true_ffmpeg3;D20_V_indoor_move_0002.mp4;False;1.0;1.0;1.0
True_NATIVE;true_ffmpeg3;D20_V_outdoor_move_0002.mp4;False;1.0;1.0;1.0
True_NATIVE;true_ffmpeg3;D22_V_indoor_move_0002.mp4;False;1.0;1.0;1.0
True_NATIVE;true_ffmpeg3;D22_V_outdoor_move_0002.mp4;False;1.0;1.0;1.0
True_NATIVE;true_ffmpeg3;D23_V_indoor_move_0002.mp4;False;1.0;1.0;1.0
True_NATIVE;true_ffmpeg3;D23_V_outdoor_move_0002.mp4;False;1.0;1.0;1.0
True_NATIVE;true_ffmpeg3;D24_V_indoor_move_0002.mp4;False;1.0;1.0;1.0
True_NATIVE;true_ffmpeg3;D24_V_outdoor_move_0002.mp4;False;1.0;1.0;1.0
True_NATIVE;true_ffmpeg3;D25_V_indoor_move_0002.mp4;False;1.0;1.0;1.0
True_NATIVE;true_ffmpeg3;D25_V_outdoor_move_0002.mp4;False;1.0;1.0;1.0
True_NATIVE;true_ffmpeg3;D26_V_indoor_move_0002.mp4;False;1.0;1.0;1.0
True_NATIVE;true_ffmpeg3;D26_V_outdoor_move_0002.mp4;False;1.0;1.0;1.0
True_NATIVE;true_ffmpeg3;D27_V_indoor_move_0002.mp4;False;1.0;1.0;1.0
True_NATIVE;true_ffmpeg3;D27_V_outdoor_move_0002.mp4;False;1.0;1.0;1.0
True_NATIVE;true_ffmpeg3;D28_V_indoor_move_0002.mp4;False;1.0;1.0;1.0
True_NATIVE;true_ffmpeg3;D28_V_outdoor_move_0002.mp4;False;1.0;1.0;1.0
True_NATIVE;true_ffmpeg3;D29_V_indoor_move_0002.mp4;False;1.0;1.0;1.0
True_NATIVE;true_ffmpeg3;D29_V_outdoor_move_0002.mp4;False;1.0;1.0;1.0
True_NATIVE;true_ffmpeg3;D30_V_indoor_move_0002.mp4;False;1.0;1.0;1.0
True_NATIVE;true_ffmpeg3;D30_V_outdoor_move_0002.mp4;False;1.0;1.0;1.0
True_NATIVE;true_ffmpeg3;D31_V_indoor_move_0002.mp4;False;1.0;1.0;1.0
True_NATIVE;true_ffmpeg3;D31_V_outdoor_move_0002.mp4;False;1.0;1.0;1.0
True_NATIVE;true_ffmpeg3;D32_V_indoor_move_0002.mp4;False;1.0;1.0;1.0
True_NATIVE;true_ffmpeg3;D32_V_outdoor_move_0002.mp4;False;1.0;1.0;1.0
True_NATIVE;true_ffmpeg3;D33_V_indoor_move_0002.mp4;False;1.0;1.0;1.0
True_NATIVE;true_ffmpeg3;D33_V_outdoor_move_0002.mp4;False;1.0;1.0;1.0
True_NATIVE;true_ffmpeg3;D34_V_indoor_move_0002.mp4;False;1.0;1.0;1.0
True_NATIVE;true_ffmpeg3;D34_V_outdoor_move_0002.mp4;False;1.0;1.0;1.0
True_NATIVE;true_ffmpeg3;D35_V_outdoor_move_0002.mp4;False;1.0;1.0;1.0
True_NATIVE;true_ffmpeg3;D35_V_outdoor_panrot_0002.mp4;False;1.0;1.0;1.0
True_NATIVE;true_ffmpeg4;D01_V_indoor_move_0002.mp4;False;1.0;1.0;1.0
True_NATIVE;true_ffmpeg4;D01_V_outdoor_move_0002.mp4;False;1.0;1.0;1.0
True_NATIVE;true_ffmpeg4;D03_V_indoor_move_0002.mp4;False;1.0;1.0;1.0
True_NATIVE;true_ffmpeg4;D03_V_outdoor_move_0002.mp4;False;1.0;1.0;1.0
True_NATIVE;true_ffmpeg4;D04_V_indoor_move_0002.mp4;False;1.0;1.0;1.0
True_NATIVE;true_ffmpeg4;D04_V_outdoor_move_0002.mp4;False;1.0;1.0;1.0
True_NATIVE;true_ffmpeg4;D05_V_indoor_move_0002.mp4;False;1.0;1.0;1.0
True_NATIVE;true_ffmpeg4;D05_V_outdoor_move_0002.mp4;False;1.0;1.0;1.0
True_NATIVE;true_ffmpeg4;D06_V_indoor_move_0002.mp4;False;1.0;1.0;1.0
True_NATIVE;true_ffmpeg4;D06_V_outdoor_move_0002.mp4;False;1.0;1.0;1.0
True_NATIVE;true_ffmpeg4;D07_V_indoor_move_0002.mp4;False;1.0;1.0;1.0
True_NATIVE;true_ffmpeg4;D07_V_outdoor_move_0002.mp4;False;1.0;1.0;1.0
True_NATIVE;true_ffmpeg4;D08_V_indoor_move_0002.mp4;False;1.0;1.0;1.0
True_NATIVE;true_ffmpeg4;D08_V_outdoor_move_0002.mp4;False;1.0;1.0;1.0
True_NATIVE;true_ffmpeg4;D09_V_indoor_move_0002.mp4;False;1.0;1.0;1.0
True_NATIVE;true_ffmpeg4;D09_V_outdoor_move_0002.mp4;False;1.0;1.0;1.0
True_NATIVE;true_ffmpeg4;D10_V_indoor_move_0002.mp4;False;1.0;1.0;1.0
True_NATIVE;true_ffmpeg4;D11_V_indoor_move_0002.mp4;False;1.0;1.0;1.0
True_NATIVE;true_ffmpeg4;D11_V_outdoor_move_0002.mp4;False;1.0;1.0;1.0
True_NATIVE;true_ffmpeg4;D12_V_indoor_move_0002.mp4;False;1.0;1.0;1.0
True_NATIVE;true_ffmpeg4;D12_V_outdoor_move_0002.mp4;False;1.0;1.0;1.0
True_NATIVE;true_ffmpeg4;D13_V_indoor_move_0002.mp4;False;1.0;1.0;1.0
True_NATIVE;true_ffmpeg4;D13_V_outdoor_move_0002.mp4;False;1.0;1.0;1.0
True_NATIVE;true_ffmpeg4;D14_V_indoor_move_0002.mp4;False;1.0;1.0;1.0
True_NATIVE;true_ffmpeg4;D14_V_outdoor_move_0002.mp4;False;1.0;1.0;1.0
True_NATIVE;true_ffmpeg4;D15_V_indoor_move_0002.mp4;False;1.0;1.0;1.0
True_NATIVE;true_ffmpeg4;D15_V_outdoor_move_0002.mp4;False;1.0;1.0;1.0
True_NATIVE;true_ffmpeg4;D16_V_indoor_move_0002.mp4;False;1.0;1.0;1.0
True_NATIVE;true_ffmpeg4;D16_V_outdoor_move_0002.mp4;False;1.0;1.0;1.0
True_NATIVE;true_ffmpeg4;D19_V_indoor_move_0002.mp4;False;1.0;1.0;1.0
True_NATIVE;true_ffmpeg4;D19_V_outdoor_move_0002.mp4;False;1.0;1.0;1.0
True_NATIVE;true_ffmpeg4;D20_V_indoor_move_0002.mp4;False;1.0;1.0;1.0
True_NATIVE;true_ffmpeg4;D20_V_outdoor_move_0002.mp4;False;1.0;1.0;1.0
True_NATIVE;true_ffmpeg4;D22_V_indoor_move_0002.mp4;False;1.0;1.0;1.0
True_NATIVE;true_ffmpeg4;D22_V_outdoor_move_0002.mp4;False;1.0;1.0;1.0
True_NATIVE;true_ffmpeg4;D23_V_indoor_move_0002.mp4;False;1.0;1.0;1.0
True_NATIVE;true_ffmpeg4;D23_V_outdoor_move_0002.mp4;False;1.0;1.0;1.0
True_NATIVE;true_ffmpeg4;D24_V_indoor_move_0002.mp4;False;1.0;1.0;1.0
True_NATIVE;true_ffmpeg4;D24_V_outdoor_move_0002.mp4;False;1.0;1.0;1.0
True_NATIVE;true_ffmpeg4;D25_V_indoor_move_0002.mp4;False;1.0;1.0;1.0
True_NATIVE;true_ffmpeg4;D25_V_outdoor_move_0002.mp4;False;1.0;1.0;1.0
True_NATIVE;true_ffmpeg4;D26_V_indoor_move_0002.mp4;False;1.0;1.0;1.0
True_NATIVE;true_ffmpeg4;D26_V_outdoor_move_0002.mp4;False;1.0;1.0;1.0
True_NATIVE;true_ffmpeg4;D27_V_indoor_move_0002.mp4;False;1.0;1.0;1.0
True_NATIVE;true_ffmpeg4;D27_V_outdoor_move_0002.mp4;False;1.0;1.0;1.0
True_NATIVE;true_ffmpeg4;D28_V_indoor_move_0002.mp4;False;1.0;1.0;1.0
True_NATIVE;true_ffmpeg4;D28_V_outdoor_move_0002.mp4;False;1.0;1.0;1.0
True_NATIVE;true_ffmpeg4;D29_V_indoor_move_0002.mp4;False;1.0;1.0;1.0
True_NATIVE;true_ffmpeg4;D29_V_outdoor_move_0002.mp4;False;1.0;1.0;1.0
True_NATIVE;true_ffmpeg4;D30_V_indoor_move_0002.mp4;False;1.0;1.0;1.0
True_NATIVE;true_ffmpeg4;D30_V_outdoor_move_0002.mp4;False;1.0;1.0;1.0
True_NATIVE;true_ffmpeg4;D31_V_indoor_move_0002.mp4;False;1.0;1.0;1.0
True_NATIVE;true_ffmpeg4;D31_V_outdoor_move_0002.mp4;False;1.0;1.0;1.0
True_NATIVE;true_ffmpeg4;D32_V_indoor_move_0002.mp4;False;1.0;1.0;1.0
True_NATIVE;true_ffmpeg4;D32_V_outdoor_move_0002.mp4;False;1.0;1.0;1.0
True_NATIVE;true_ffmpeg4;D33_V_indoor_move_0002.mp4;False;1.0;1.0;1.0
True_NATIVE;true_ffmpeg4;D33_V_outdoor_move_0002.mp4;False;1.0;1.0;1.0
True_NATIVE;true_ffmpeg4;D34_V_indoor_move_0002.mp4;False;1.0;1.0;1.0
True_NATIVE;true_ffmpeg4;D34_V_outdoor_move_0002.mp4;False;1.0;1.0;1.0
True_NATIVE;true_ffmpeg4;D35_V_outdoor_move_0002.mp4;False;1.0;1.0;1.0
True_NATIVE;true_ffmpeg4;D35_V_outdoor_panrot_0002.mp4;False;1.0;1.0;1.0
True_NATIVE;true_ffmpeg5;D01_V_indoor_move_0002.mp4;False;1.0;1.0;1.0
True_NATIVE;true_ffmpeg5;D01_V_outdoor_move_0002.mp4;False;1.0;1.0;1.0
True_NATIVE;true_ffmpeg5;D03_V_indoor_move_0002.mp4;False;1.0;1.0;1.0
True_NATIVE;true_ffmpeg5;D03_V_outdoor_move_0002.mp4;False;1.0;1.0;1.0
True_NATIVE;true_ffmpeg5;D04_V_indoor_move_0002.mp4;False;1.0;1.0;1.0
True_NATIVE;true_ffmpeg5;D04_V_outdoor_move_0002.mp4;False;1.0;1.0;1.0
True_NATIVE;true_ffmpeg5;D05_V_indoor_move_0002.mp4;False;1.0;1.0;1.0
True_NATIVE;true_ffmpeg5;D05_V_outdoor_move_0002.mp4;False;1.0;1.0;1.0
True_NATIVE;true_ffmpeg5;D06_V_indoor_move_0002.mp4;False;1.0;1.0;1.0
True_NATIVE;true_ffmpeg5;D06_V_outdoor_move_0002.mp4;False;1.0;1.0;1.0
True_NATIVE;true_ffmpeg5;D07_V_indoor_move_0002.mp4;False;1.0;1.0;1.0
True_NATIVE;true_ffmpeg5;D07_V_outdoor_move_0002.mp4;False;1.0;1.0;1.0
True_NATIVE;true_ffmpeg5;D08_V_indoor_move_0002.mp4;False;1.0;1.0;1.0
True_NATIVE;true_ffmpeg5;D08_V_outdoor_move_0002.mp4;False;1.0;1.0;1.0
True_NATIVE;true_ffmpeg5;D09_V_indoor_move_0002.mp4;False;1.0;1.0;1.0
True_NATIVE;true_ffmpeg5;D09_V_outdoor_move_0002.mp4;False;1.0;1.0;1.0
True_NATIVE;true_ffmpeg5;D10_V_indoor_move_0002.mp4;False;1.0;1.0;1.0
True_NATIVE;true_ffmpeg5;D11_V_indoor_move_0002.mp4;False;1.0;1.0;1.0
True_NATIVE;true_ffmpeg5;D11_V_outdoor_move_0002.mp4;False;1.0;1.0;1.0
True_NATIVE;true_ffmpeg5;D12_V_indoor_move_0002.mp4;False;1.0;1.0;1.0
True_NATIVE;true_ffmpeg5;D12_V_outdoor_move_0002.mp4;False;1.0;1.0;1.0
True_NATIVE;true_ffmpeg5;D13_V_indoor_move_0002.mp4;False;1.0;1.0;1.0
True_NATIVE;true_ffmpeg5;D13_V_outdoor_move_0002.mp4;False;1.0;1.0;1.0
True_NATIVE;true_ffmpeg5;D14_V_indoor_move_0002.mp4;False;1.0;1.0;1.0
True_NATIVE;true_ffmpeg5;D14_V_outdoor_move_0002.mp4;False;1.0;1.0;1.0
True_NATIVE;true_ffmpeg5;D15_V_indoor_move_0002.mp4;False;1.0;1.0;1.0
True_NATIVE;true_ffmpeg5;D15_V_outdoor_move_0002.mp4;False;1.0;1.0;1.0
True_NATIVE;true_ffmpeg5;D16_V_indoor_move_0002.mp4;False;1.0;1.0;1.0
True_NATIVE;true_ffmpeg5;D16_V_outdoor_move_0002.mp4;False;1.0;1.0;1.0
True_NATIVE;true_ffmpeg5;D19_V_indoor_move_0002.mp4;False;1.0;1.0;1.0
True_NATIVE;true_ffmpeg5;D19_V_outdoor_move_0002.mp4;False;1.0;1.0;1.0
True_NATIVE;true_ffmpeg5;D20_V_indoor_move_0002.mp4;False;1.0;1.0;1.0
True_NATIVE;true_ffmpeg5;D20_V_outdoor_move_0002.mp4;False;1.0;1.0;1.0
True_NATIVE;true_ffmpeg5;D22_V_indoor_move_0002.mp4;False;1.0;1.0;1.0
True_NATIVE;true_ffmpeg5;D22_V_outdoor_move_0002.mp4;False;1.0;1.0;1.0
True_NATIVE;true_ffmpeg5;D23_V_indoor_move_0002.mp4;False;1.0;1.0;1.0
True_NATIVE;true_ffmpeg5;D23_V_outdoor_move_0002.mp4;False;1.0;1.0;1.0
True_NATIVE;true_ffmpeg5;D24_V_indoor_move_0002.mp4;False;1.0;1.0;1.0
True_NATIVE;true_ffmpeg5;D24_V_outdoor_move_0002.mp4;False;1.0;1.0;1.0
True_NATIVE;true_ffmpeg5;D25_V_indoor_move_0002.mp4;False;1.0;1.0;1.0
True_NATIVE;true_ffmpeg5;D25_V_outdoor_move_0002.mp4;False;1.0;1.0;1.0
True_NATIVE;true_ffmpeg5;D26_V_indoor_move_0002.mp4;False;1.0;1.0;1.0
True_NATIVE;true_ffmpeg5;D26_V_outdoor_move_0002.mp4;False;1.0;1.0;1.0
True_NATIVE;true_ffmpeg5;D27_V_indoor_move_0002.mp4;False;1.0;1.0;1.0
True_NATIVE;true_ffmpeg5;D27_V_outdoor_move_0002.mp4;False;1.0;1.0;1.0
True_NATIVE;true_ffmpeg5;D28_V_indoor_move_0002.mp4;False;1.0;1.0;1.0
True_NATIVE;true_ffmpeg5;D28_V_outdoor_move_0002.mp4;False;1.0;1.0;1.0
True_NATIVE;true_ffmpeg5;D29_V_indoor_move_0002.mp4;False;1.0;1.0;1.0
True_NATIVE;true_ffmpeg5;D29_V_outdoor_move_0002.mp4;False;1.0;1.0;1.0
True_NATIVE;true_ffmpeg5;D30_V_indoor_move_0002.mp4;False;1.0;1.0;1.0
True_NATIVE;true_ffmpeg5;D30_V_outdoor_move_0002.mp4;False;1.0;1.0;1.0
True_NATIVE;true_ffmpeg5;D31_V_indoor_move_0002.mp4;False;1.0;1.0;1.0
True_NATIVE;true_ffmpeg5;D31_V_outdoor_move_0002.mp4;False;1.0;1.0;1.0
True_NATIVE;true_ffmpeg5;D32_V_indoor_move_0002.mp4;False;1.0;1.0;1.0
True_NATIVE;true_ffmpeg5;D32_V_outdoor_move_0002.mp4;False;1.0;1.0;1.0
True_NATIVE;true_ffmpeg5;D33_V_indoor_move_0002.mp4;False;1.0;1.0;1.0
True_NATIVE;true_ffmpeg5;D33_V_outdoor_move_0002.mp4;False;1.0;1.0;1.0
True_NATIVE;true_ffmpeg5;D34_V_indoor_move_0002.mp4;False;1.0;1.0;1.0
True_NATIVE;true_ffmpeg5;D34_V_outdoor_move_0002.mp4;False;1.0;1.0;1.0
True_NATIVE;true_ffmpeg5;D35_V_outdoor_move_0002.mp4;False;1.0;1.0;1.0
True_NATIVE;true_ffmpeg5;D35_V_outdoor_panrot_0002.mp4;False;1.0;1.0;1.0
True_NATIVE;true_kdenlive;D01_V_indoor_move_0002.mp4;False;1.0;1.0;1.0
True_NATIVE;true_kdenlive;D01_V_outdoor_move_0002.mp4;False;1.0;1.0;1.0
True_NATIVE;true_kdenlive;D03_V_indoor_move_0002.mp4;False;1.0;1.0;1.0
True_NATIVE;true_kdenlive;D03_V_outdoor_move_0002.mp4;False;1.0;1.0;1.0
True_NATIVE;true_kdenlive;D04_V_indoor_move_0002.mp4;False;1.0;1.0;1.0
True_NATIVE;true_kdenlive;D04_V_outdoor_move_0002.mp4;False;1.0;1.0;1.0
True_NATIVE;true_kdenlive;D05_V_indoor_move_0002.mp4;False;1.0;1.0;1.0
True_NATIVE;true_kdenlive;D05_V_outdoor_move_0002.mp4;False;1.0;1.0;1.0
True_NATIVE;true_kdenlive;D06_V_indoor_move_0002.mp4;False;1.0;1.0;1.0
True_NATIVE;true_kdenlive;D06_V_outdoor_move_0002.mp4;False;1.0;1.0;1.0
True_NATIVE;true_kdenlive;D07_V_indoor_move_0002.mp4;False;1.0;1.0;1.0
True_NATIVE;true_kdenlive;D07_V_outdoor_move_0002.mp4;False;1.0;1.0;1.0
True_NATIVE;true_kdenlive;D08_V_indoor_move_0002.mp4;False;1.0;1.0;1.0
True_NATIVE;true_kdenlive;D08_V_outdoor_move_0002.mp4;False;1.0;1.0;1.0
True_NATIVE;true_kdenlive;D09_V_indoor_move_0002.mp4;False;1.0;1.0;1.0
True_NATIVE;true_kdenlive;D09_V_outdoor_move_0002.mp4;False;1.0;1.0;1.0
True_NATIVE;true_kdenlive;D10_V_indoor_move_0002.mp4;False;1.0;1.0;1.0
True_NATIVE;true_kdenlive;D11_V_indoor_move_0002.mp4;False;1.0;1.0;1.0
True_NATIVE;true_kdenlive;D11_V_outdoor_move_0002.mp4;False;1.0;1.0;1.0
True_NATIVE;true_kdenlive;D12_V_indoor_move_0002.mp4;False;1.0;1.0;1.0
True_NATIVE;true_kdenlive;D12_V_outdoor_move_0002.mp4;False;1.0;1.0;1.0
True_NATIVE;true_kdenlive;D13_V_indoor_move_0002.mp4;False;1.0;1.0;1.0
True_NATIVE;true_kdenlive;D13_V_outdoor_move_0002.mp4;False;1.0;1.0;1.0
True_NATIVE;true_kdenlive;D14_V_indoor_move_0002.mp4;False;1.0;1.0;1.0
True_NATIVE;true_kdenlive;D14_V_outdoor_move_0002.mp4;False;1.0;1.0;1.0
True_NATIVE;true_kdenlive;D15_V_indoor_move_0002.mp4;False;1.0;1.0;1.0
True_NATIVE;true_kdenlive;D15_V_outdoor_move_0002.mp4;False;1.0;1.0;1.0
True_NATIVE;true_kdenlive;D16_V_indoor_move_0002.mp4;False;1.0;1.0;1.0
True_NATIVE;true_kdenlive;D16_V_outdoor_move_0002.mp4;False;1.0;1.0;1.0
True_NATIVE;true_kdenlive;D19_V_indoor_move_0002.mp4;False;1.0;1.0;1.0
True_NATIVE;true_kdenlive;D19_V_outdoor_move_0002.mp4;False;1.0;1.0;1.0
True_NATIVE;true_kdenlive;D20_V_indoor_move_0002.mp4;False;1.0;1.0;1.0
True_NATIVE;true_kdenlive;D20_V_outdoor_move_0002.mp4;False;1.0;1.0;1.0
True_NATIVE;true_kdenlive;D22_V_indoor_move_0002.mp4;False;1.0;1.0;1.0
True_NATIVE;true_kdenlive;D22_V_outdoor_move_0002.mp4;False;1.0;1.0;1.0
True_NATIVE;true_kdenlive;D23_V_indoor_move_0002.mp4;False;1.0;1.0;1.0
True_NATIVE;true_kdenlive;D23_V_outdoor_move_0002.mp4;False;1.0;1.0;1.0
True_NATIVE;true_kdenlive;D24_V_indoor_move_0002.mp4;False;1.0;1.0;1.0
True_NATIVE;true_kdenlive;D24_V_outdoor_move_0002.mp4;False;1.0;1.0;1.0
True_NATIVE;true_kdenlive;D25_V_indoor_move_0002.mp4;False;1.0;1.0;1.0
True_NATIVE;true_kdenlive;D25_V_outdoor_move_0002.mp4;False;1.0;1.0;1.0
True_NATIVE;true_kdenlive;D26_V_indoor_move_0002.mp4;False;1.0;1.0;1.0
True_NATIVE;true_kdenlive;D26_V_outdoor_move_0002.mp4;False;1.0;1.0;1.0
True_NATIVE;true_kdenlive;D27_V_indoor_move_0002.mp4;False;1.0;1.0;1.0
True_NATIVE;true_kdenlive;D27_V_outdoor_move_0002.mp4;False;1.0;1.0;1.0
True_NATIVE;true_kdenlive;D28_V_indoor_move_0002.mp4;False;1.0;1.0;1.0
True_NATIVE;true_kdenlive;D28_V_outdoor_move_0002.mp4;False;1.0;1.0;1.0
True_NATIVE;true_kdenlive;D29_V_indoor_move_0002.mp4;False;1.0;1.0;1.0
True_NATIVE;true_kdenlive;D29_V_outdoor_move_0002.mp4;False;1.0;1.0;1.0
True_NATIVE;true_kdenlive;D30_V_indoor_move_0002.mp4;False;1.0;1.0;1.0
True_NATIVE;true_kdenlive;D30_V_outdoor_move_0002.mp4;False;1.0;1.0;1.0
True_NATIVE;true_kdenlive;D31_V_indoor_move_0002.mp4;False;1.0;1.0;1.0
True_NATIVE;true_kdenlive;D31_V_outdoor_move_0002.mp4;False;1.0;1.0;1.0
True_NATIVE;true_kdenlive;D32_V_indoor_move_0002.mp4;False;1.0;1.0;1.0
True_NATIVE;true_kdenlive;D32_V_outdoor_move_0002.mp4;False;1.0;1.0;1.0
True_NATIVE;true_kdenlive;D33_V_indoor_move_0002.mp4;False;1.0;1.0;1.0
True_NATIVE;true_kdenlive;D33_V_outdoor_move_0002.mp4;False;1.0;1.0;1.0
True_NATIVE;true_kdenlive;D34_V_indoor_move_0002.mp4;False;1.0;1.0;1.0
True_NATIVE;true_kdenlive;D34_V_outdoor_move_0002.mp4;False;1.0;1.0;1.0
True_NATIVE;true_kdenlive;D35_V_outdoor_move_0002.mp4;False;1.0;1.0;1.0
True_NATIVE;true_kdenlive;D35_V_outdoor_panrot_0002.mp4;False;1.0;1.0;1.0
True_NATIVE;true_native;D01_V_indoor_move_0002.mp4;True;1.0;1.0;1.0
True_NATIVE;true_native;D01_V_outdoor_move_0002.mp4;True;1.0;1.0;1.0
True_NATIVE;true_native;D03_V_indoor_move_0002.mp4;True;1.0;1.0;1.0
True_NATIVE;true_native;D03_V_outdoor_move_0002.mp4;True;1.0;1.0;1.0
True_NATIVE;true_native;D04_V_indoor_move_0002.mp4;True;1.0;1.0;1.0
True_NATIVE;true_native;D04_V_outdoor_move_0002.mp4;True;1.0;1.0;1.0
True_NATIVE;true_native;D05_V_indoor_move_0002.mp4;True;1.0;1.0;1.0
True_NATIVE;true_native;D05_V_outdoor_move_0002.mp4;True;1.0;1.0;1.0
True_NATIVE;true_native;D06_V_indoor_move_0002.mp4;True;1.0;1.0;1.0
True_NATIVE;true_native;D06_V_outdoor_move_0002.mp4;True;1.0;1.0;1.0
True_NATIVE;true_native;D07_V_indoor_move_0002.mp4;True;1.0;1.0;1.0
True_NATIVE;true_native;D07_V_outdoor_move_0002.mp4;True;1.0;1.0;1.0
True_NATIVE;true_native;D08_V_indoor_move_0002.mp4;True;1.0;1.0;1.0
True_NATIVE;true_native;D08_V_outdoor_move_0002.mp4;True;1.0;1.0;1.0
True_NATIVE;true_native;D09_V_indoor_move_0002.mp4;True;1.0;1.0;1.0
True_NATIVE;true_native;D09_V_outdoor_move_0002.mp4;True;1.0;1.0;1.0
True_NATIVE;true_native;D10_V_indoor_move_0002.mp4;True;1.0;1.0;1.0
True_NATIVE;true_native;D11_V_indoor_move_0002.mp4;True;1.0;1.0;1.0
True_NATIVE;true_native;D11_V_outdoor_move_0002.mp4;True;1.0;1.0;1.0
True_NATIVE;true_native;D12_V_indoor_move_0002.mp4;True;1.0;1.0;1.0
True_NATIVE;true_native;D12_V_outdoor_move_0002.mp4;True;1.0;1.0;1.0
True_NATIVE;true_native;D13_V_indoor_move_0002.mp4;True;1.0;1.0;1.0
True_NATIVE;true_native;D13_V_outdoor_move_0002.mp4;True;1.0;1.0;1.0
True_NATIVE;true_native;D14_V_indoor_move_0002.mp4;True;1.0;1.0;1.0
True_NATIVE;true_native;D14_V_outdoor_move_0002.mp4;True;1.0;1.0;1.0
True_NATIVE;true_native;D15_V_indoor_move_0002.mp4;True;1.0;1.0;1.0
True_NATIVE;true_native;D15_V_outdoor_move_0002.mp4;True;1.0;1.0;1.0
True_NATIVE;true_native;D16_V_indoor_move_0002.mp4;True;1.0;1.0;1.0
True_NATIVE;true_native;D16_V_outdoor_move_0002.mp4;True;1.0;1.0;1.0
True_NATIVE;true_native;D19_V_indoor_move_0002.mp4;True;1.0;1.0;1.0
True_NATIVE;true_native;D19_V_outdoor_move_0002.mp4;True;1.0;1.0;1.0
True_NATIVE;true_native;D20_V_indoor_move_0002.mp4;True;1.0;1.0;1.0
True_NATIVE;true_native;D20_V_outdoor_move_0002.mp4;True;1.0;1.0;1.0
True_NATIVE;true_native;D22_V_indoor_move_0002.mp4;True;1.0;1.0;1.0
True_NATIVE;true_native;D22_V_outdoor_move_0002.mp4;True;1.0;1.0;1.0
True_NATIVE;true_native;D23_V_indoor_move_0002.mp4;True;1.0;1.0;1.0
True_NATIVE;true_native;D23_V_outdoor_move_0002.mp4;True;1.0;1.0;1.0
True_NATIVE;true_native;D24_V_indoor_move_0002.mp4;True;1.0;1.0;1.0
True_NATIVE;true_native;D24_V_outdoor_move_0002.mp4;True;1.0;1.0;1.0
True_NATIVE;true_native;D25_V_indoor_move_0002.mp4;True;1.0;1.0;1.0
True_NATIVE;true_native;D25_V_outdoor_move_0002.mp4;True;1.0;1.0;1.0
True_NATIVE;true_native;D26_V_indoor_move_0002.mp4;True;1.0;1.0;1.0
True_NATIVE;true_native;D26_V_outdoor_move_0002.mp4;True;1.0;1.0;1.0
True_NATIVE;true_native;D27_V_indoor_move_0002.mp4;True;1.0;1.0;1.0
True_NATIVE;true_native;D27_V_outdoor_move_0002.mp4;True;1.0;1.0;1.0
True_NATIVE;true_native;D28_V_indoor_move_0002.mp4;True;1.0;1.0;1.0
True_NATIVE;true_native;D28_V_outdoor_move_0002.mp4;True;1.0;1.0;1.0
True_NATIVE;true_native;D29_V_indoor_move_0002.mp4;True;1.0;1.0;1.0
True_NATIVE;true_native;D29_V_outdoor_move_0002.mp4;True;1.0;1.0;1.0
True_NATIVE;true_native;D30_V_indoor_move_0002.mp4;True;1.0;1.0;1.0
True_NATIVE;true_native;D30_V_outdoor_move_0002.mp4;True;1.0;1.0;1.0
True_NATIVE;true_native;D31_V_indoor_move_0002.mp4;True;1.0;1.0;1.0
True_NATIVE;true_native;D31_V_outdoor_move_0002.mp4;True;1.0;1.0;1.0
True_NATIVE;true_native;D32_V_indoor_move_0002.mp4;True;1.0;1.0;1.0
True_NATIVE;true_native;D32_V_outdoor_move_0002.mp4;True;1.0;1.0;1.0
True_NATIVE;true_native;D33_V_indoor_move_0002.mp4;True;1.0;1.0;1.0
True_NATIVE;true_native;D33_V_outdoor_move_0002.mp4;True;1.0;1.0;1.0
True_NATIVE;true_native;D34_V_indoor_move_0002.mp4;True;1.0;1.0;1.0
True_NATIVE;true_native;D34_V_outdoor_move_0002.mp4;True;1.0;1.0;1.0
True_NATIVE;true_native;D35_V_outdoor_move_0002.mp4;True;1.0;1.0;1.0
True_NATIVE;true_native;D35_V_outdoor_panrot_0002.mp4;True;1.0;1.0;1.0
True_NATIVE;true_premiere;D01_V_indoor_move_0002.mp4;False;1.0;1.0;1.0
True_NATIVE;true_premiere;D01_V_outdoor_move_0002.mp4;False;1.0;1.0;1.0
True_NATIVE;true_premiere;D03_V_indoor_move_0002.mp4;False;1.0;1.0;1.0
True_NATIVE;true_premiere;D03_V_outdoor_move_0002.mp4;False;1.0;1.0;1.0
True_NATIVE;true_premiere;D04_V_indoor_move_0002.mp4;False;1.0;1.0;1.0
True_NATIVE;true_premiere;D04_V_outdoor_move_0002.mp4;False;1.0;1.0;1.0
True_NATIVE;true_premiere;D05_V_indoor_move_0002.mp4;False;1.0;1.0;1.0
True_NATIVE;true_premiere;D05_V_outdoor_move_0002.mp4;False;1.0;1.0;1.0
True_NATIVE;true_premiere;D06_V_indoor_move_0002.mp4;False;1.0;1.0;1.0
True_NATIVE;true_premiere;D06_V_outdoor_move_0002.mp4;False;1.0;1.0;1.0
True_NATIVE;true_premiere;D07_V_indoor_move_0002.mp4;False;1.0;1.0;1.0
True_NATIVE;true_premiere;D07_V_outdoor_move_0002.mp4;False;1.0;1.0;1.0
True_NATIVE;true_premiere;D08_V_indoor_move_0002.mp4;False;1.0;1.0;1.0
True_NATIVE;true_premiere;D08_V_outdoor_move_0002.mp4;False;1.0;1.0;1.0
True_NATIVE;true_premiere;D09_V_indoor_move_0002.mp4;False;1.0;1.0;1.0
True_NATIVE;true_premiere;D09_V_outdoor_move_0002.mp4;False;1.0;1.0;1.0
True_NATIVE;true_premiere;D10_V_indoor_move_0002.mp4;False;1.0;1.0;1.0
True_NATIVE;true_premiere;D11_V_indoor_move_0002.mp4;False;1.0;1.0;1.0
True_NATIVE;true_premiere;D11_V_outdoor_move_0002.mp4;False;1.0;1.0;1.0
True_NATIVE;true_premiere;D12_V_indoor_move_0002.mp4;False;1.0;1.0;1.0
True_NATIVE;true_premiere;D12_V_outdoor_move_0002.mp4;False;1.0;1.0;1.0
True_NATIVE;true_premiere;D13_V_indoor_move_0002.mp4;False;1.0;1.0;1.0
True_NATIVE;true_premiere;D13_V_outdoor_move_0002.mp4;False;1.0;1.0;1.0
True_NATIVE;true_premiere;D14_V_indoor_move_0002.mp4;False;1.0;1.0;1.0
True_NATIVE;true_premiere;D14_V_outdoor_move_0002.mp4;False;1.0;1.0;1.0
True_NATIVE;true_premiere;D15_V_indoor_move_0002.mp4;False;1.0;1.0;1.0
True_NATIVE;true_premiere;D15_V_outdoor_move_0002.mp4;False;1.0;1.0;1.0
True_NATIVE;true_premiere;D16_V_indoor_move_0002.mp4;False;1.0;1.0;1.0
True_NATIVE;true_premiere;D16_V_outdoor_move_0002.mp4;False;1.0;1.0;1.0
True_NATIVE;true_premiere;D19_V_indoor_move_0002.mp4;False;1.0;1.0;1.0
True_NATIVE;true_premiere;D19_V_outdoor_move_0002.mp4;False;1.0;1.0;1.0
True_NATIVE;true_premiere;D20_V_indoor_move_0002.mp4;False;1.0;1.0;1.0
True_NATIVE;true_premiere;D20_V_outdoor_move_0002.mp4;False;1.0;1.0;1.0
True_NATIVE;true_premiere;D22_V_indoor_move_0002.mp4;False;1.0;1.0;1.0
True_NATIVE;true_premiere;D22_V_outdoor_move_0002.mp4;False;1.0;1.0;1.0
True_NATIVE;true_premiere;D23_V_indoor_move_0002.mp4;False;1.0;1.0;1.0
True_NATIVE;true_premiere;D23_V_outdoor_move_0002.mp4;False;1.0;1.0;1.0
True_NATIVE;true_premiere;D24_V_indoor_move_0002.mp4;False;1.0;1.0;1.0
True_NATIVE;true_premiere;D24_V_outdoor_move_0002.mp4;False;1.0;1.0;1.0
True_NATIVE;true_premiere;D25_V_indoor_move_0002.mp4;False;1.0;1.0;1.0
True_NATIVE;true_premiere;D25_V_outdoor_move_0002.mp4;False;1.0;1.0;1.0
True_NATIVE;true_premiere;D26_V_indoor_move_0002.mp4;False;1.0;1.0;1.0
True_NATIVE;true_premiere;D26_V_outdoor_move_0002.mp4;False;1.0;1.0;1.0
True_NATIVE;true_premiere;D27_V_indoor_move_0002.mp4;False;1.0;1.0;1.0
True_NATIVE;true_premiere;D27_V_outdoor_move_0002.mp4;False;1.0;1.0;1.0
True_NATIVE;true_premiere;D28_V_indoor_move_0002.mp4;False;1.0;1.0;1.0
True_NATIVE;true_premiere;D28_V_outdoor_move_0002.mp4;False;1.0;1.0;1.0
True_NATIVE;true_premiere;D29_V_indoor_move_0002.mp4;False;1.0;1.0;1.0
True_NATIVE;true_premiere;D29_V_outdoor_move_0002.mp4;False;1.0;1.0;1.0
True_NATIVE;true_premiere;D30_V_indoor_move_0002.mp4;False;1.0;1.0;1.0
True_NATIVE;true_premiere;D30_V_outdoor_move_0002.mp4;False;1.0;1.0;1.0
True_NATIVE;true_premiere;D31_V_indoor_move_0002.mp4;False;1.0;1.0;1.0
True_NATIVE;true_premiere;D31_V_outdoor_move_0002.mp4;False;1.0;1.0;1.0
True_NATIVE;true_premiere;D32_V_indoor_move_0002.mp4;False;1.0;1.0;1.0
True_NATIVE;true_premiere;D32_V_outdoor_move_0002.mp4;False;1.0;1.0;1.0
True_NATIVE;true_premiere;D33_V_indoor_move_0002.mp4;False;1.0;1.0;1.0
True_NATIVE;true_premiere;D33_V_outdoor_move_0002.mp4;False;1.0;1.0;1.0
True_NATIVE;true_premiere;D34_V_indoor_move_0002.mp4;False;1.0;1.0;1.0
True_NATIVE;true_premiere;D34_V_outdoor_move_0002.mp4;False;1.0;1.0;1.0
True_NATIVE;true_premiere;D35_V_outdoor_move_0002.mp4;False;1.0;1.0;1.0
True_NATIVE;true_premiere;D35_V_outdoor_panrot_0002.mp4;False;1.0;1.0;1.0
True_NATIVE;true_avidemux;D01_V_indoor_move_0002.mp4;False;1.0;1.0;1.0
True_NATIVE;true_avidemux;D01_V_outdoor_move_0002.mp4;False;1.0;1.0;1.0
True_NATIVE;true_avidemux;D03_V_indoor_move_0002.mp4;False;1.0;1.0;1.0
True_NATIVE;true_avidemux;D03_V_outdoor_move_0002.mp4;False;1.0;1.0;1.0
True_NATIVE;true_avidemux;D04_V_indoor_move_0002.mp4;False;1.0;1.0;1.0
True_NATIVE;true_avidemux;D04_V_outdoor_move_0002.mp4;False;1.0;1.0;1.0
True_NATIVE;true_avidemux;D05_V_indoor_move_0002.mp4;False;1.0;1.0;1.0
True_NATIVE;true_avidemux;D05_V_outdoor_move_0002.mp4;False;1.0;1.0;1.0
True_NATIVE;true_avidemux;D06_V_indoor_move_0002.mp4;False;1.0;1.0;1.0
True_NATIVE;true_avidemux;D06_V_outdoor_move_0002.mp4;False;1.0;1.0;1.0
True_NATIVE;true_avidemux;D07_V_indoor_move_0002.mp4;False;1.0;1.0;1.0
True_NATIVE;true_avidemux;D07_V_outdoor_move_0002.mp4;False;1.0;1.0;1.0
True_NATIVE;true_avidemux;D08_V_indoor_move_0002.mp4;False;1.0;1.0;1.0
True_NATIVE;true_avidemux;D08_V_outdoor_move_0002.mp4;False;1.0;1.0;1.0
True_NATIVE;true_avidemux;D09_V_indoor_move_0002.mp4;False;1.0;1.0;1.0
True_NATIVE;true_avidemux;D09_V_outdoor_move_0002.mp4;False;1.0;1.0;1.0
True_NATIVE;true_avidemux;D10_V_indoor_move_0002.mp4;False;1.0;1.0;1.0
True_NATIVE;true_avidemux;D11_V_indoor_move_0002.mp4;False;1.0;1.0;1.0
True_NATIVE;true_avidemux;D11_V_outdoor_move_0002.mp4;False;1.0;1.0;1.0
True_NATIVE;true_avidemux;D12_V_indoor_move_0002.mp4;False;1.0;1.0;1.0
True_NATIVE;true_avidemux;D12_V_outdoor_move_0002.mp4;False;1.0;1.0;1.0
True_NATIVE;true_avidemux;D13_V_indoor_move_0002.mp4;False;1.0;1.0;1.0
True_NATIVE;true_avidemux;D13_V_outdoor_move_0002.mp4;False;1.0;1.0;1.0
True_NATIVE;true_avidemux;D14_V_indoor_move_0002.mp4;False;1.0;1.0;1.0
True_NATIVE;true_avidemux;D14_V_outdoor_move_0002.mp4;False;1.0;1.0;1.0
True_NATIVE;true_avidemux;D15_V_indoor_move_0002.mp4;False;1.0;1.0;1.0
True_NATIVE;true_avidemux;D15_V_outdoor_move_0002.mp4;False;1.0;1.0;1.0
True_NATIVE;true_avidemux;D16_V_indoor_move_0002.mp4;False;1.0;1.0;1.0
True_NATIVE;true_avidemux;D16_V_outdoor_move_0002.mp4;False;1.0;1.0;1.0
True_NATIVE;true_avidemux;D19_V_indoor_move_0002.mp4;False;1.0;1.0;1.0
True_NATIVE;true_avidemux;D19_V_outdoor_move_0002.mp4;False;1.0;1.0;1.0
True_NATIVE;true_avidemux;D20_V_indoor_move_0002.mp4;False;1.0;1.0;1.0
True_NATIVE;true_avidemux;D20_V_outdoor_move_0002.mp4;False;1.0;1.0;1.0
True_NATIVE;true_avidemux;D22_V_indoor_move_0002.mp4;False;1.0;1.0;1.0
True_NATIVE;true_avidemux;D22_V_outdoor_move_0002.mp4;False;1.0;1.0;1.0
True_NATIVE;true_avidemux;D23_V_indoor_move_0002.mp4;False;1.0;1.0;1.0
True_NATIVE;true_avidemux;D23_V_outdoor_move_0002.mp4;False;1.0;1.0;1.0
True_NATIVE;true_avidemux;D24_V_indoor_move_0002.mp4;False;1.0;1.0;1.0
True_NATIVE;true_avidemux;D24_V_outdoor_move_0002.mp4;False;1.0;1.0;1.0
True_NATIVE;true_avidemux;D25_V_indoor_move_0002.mp4;False;1.0;1.0;1.0
True_NATIVE;true_avidemux;D25_V_outdoor_move_0002.mp4;False;1.0;1.0;1.0
True_NATIVE;true_avidemux;D26_V_indoor_move_0002.mp4;False;1.0;1.0;1.0
True_NATIVE;true_avidemux;D26_V_outdoor_move_0002.mp4;False;1.0;1.0;1.0
True_NATIVE;true_avidemux;D27_V_indoor_move_0002.mp4;False;1.0;1.0;1.0
True_NATIVE;true_avidemux;D27_V_outdoor_move_0002.mp4;False;1.0;1.0;1.0
True_NATIVE;true_avidemux;D28_V_indoor_move_0002.mp4;False;1.0;1.0;1.0
True_NATIVE;true_avidemux;D28_V_outdoor_move_0002.mp4;False;1.0;1.0;1.0
True_NATIVE;true_avidemux;D29_V_indoor_move_0002.mp4;False;1.0;1.0;1.0
True_NATIVE;true_avidemux;D29_V_outdoor_move_0002.mp4;False;1.0;1.0;1.0
True_NATIVE;true_avidemux;D30_V_indoor_move_0002.mp4;False;1.0;1.0;1.0
True_NATIVE;true_avidemux;D30_V_outdoor_move_0002.mp4;False;1.0;1.0;1.0
True_NATIVE;true_avidemux;D31_V_indoor_move_0002.mp4;False;1.0;1.0;1.0
True_NATIVE;true_avidemux;D31_V_outdoor_move_0002.mp4;False;1.0;1.0;1.0
True_NATIVE;true_avidemux;D32_V_indoor_move_0002.mp4;False;1.0;1.0;1.0
True_NATIVE;true_avidemux;D32_V_outdoor_move_0002.mp4;False;1.0;1.0;1.0
True_NATIVE;true_avidemux;D33_V_indoor_move_0002.mp4;False;1.0;1.0;1.0
True_NATIVE;true_avidemux;D33_V_outdoor_move_0002.mp4;False;1.0;1.0;1.0
True_NATIVE;true_avidemux;D34_V_indoor_move_0002.mp4;False;1.0;1.0;1.0
True_NATIVE;true_avidemux;D34_V_outdoor_move_0002.mp4;False;1.0;1.0;1.0
True_NATIVE;true_avidemux;D35_V_outdoor_move_0002.mp4;False;1.0;1.0;1.0
True_NATIVE;true_avidemux;D35_V_outdoor_panrot_0002.mp4;False;1.0;1.0;1.0
True_NATIVE;true_exiftool;D01_V_indoor_move_0002.mp4;False;1.0;1.0;1.0
True_NATIVE;true_exiftool;D01_V_outdoor_move_0002.mp4;False;1.0;1.0;1.0
True_NATIVE;true_exiftool;D03_V_indoor_move_0002.mp4;False;1.0;1.0;1.0
True_NATIVE;true_exiftool;D03_V_outdoor_move_0002.mp4;False;1.0;1.0;1.0
True_NATIVE;true_exiftool;D04_V_indoor_move_0002.mp4;False;1.0;1.0;1.0
True_NATIVE;true_exiftool;D04_V_outdoor_move_0002.mp4;False;1.0;1.0;1.0
True_NATIVE;true_exiftool;D05_V_indoor_move_0002.mp4;False;1.0;1.0;1.0
True_NATIVE;true_exiftool;D05_V_outdoor_move_0002.mp4;False;1.0;1.0;1.0
True_NATIVE;true_exiftool;D06_V_indoor_move_0002.mp4;False;1.0;1.0;1.0
True_NATIVE;true_exiftool;D06_V_outdoor_move_0002.mp4;False;1.0;1.0;1.0
True_NATIVE;true_exiftool;D07_V_indoor_move_0002.mp4;False;1.0;1.0;1.0
True_NATIVE;true_exiftool;D07_V_outdoor_move_0002.mp4;False;1.0;1.0;1.0
True_NATIVE;true_exiftool;D08_V_indoor_move_0002.mp4;False;1.0;1.0;1.0
True_NATIVE;true_exiftool;D08_V_outdoor_move_0002.mp4;False;1.0;1.0;1.0
True_NATIVE;true_exiftool;D09_V_indoor_move_0002.mp4;False;1.0;1.0;1.0
True_NATIVE;true_exiftool;D09_V_outdoor_move_0002.mp4;False;1.0;1.0;1.0
True_NATIVE;true_exiftool;D10_V_indoor_move_0002.mp4;False;1.0;1.0;1.0
True_NATIVE;true_exiftool;D11_V_indoor_move_0002.mp4;False;1.0;1.0;1.0
True_NATIVE;true_exiftool;D11_V_outdoor_move_0002.mp4;False;1.0;1.0;1.0
True_NATIVE;true_exiftool;D12_V_indoor_move_0002.mp4;False;1.0;1.0;1.0
True_NATIVE;true_exiftool;D12_V_outdoor_move_0002.mp4;False;1.0;1.0;1.0
True_NATIVE;true_exiftool;D13_V_indoor_move_0002.mp4;False;1.0;1.0;1.0
True_NATIVE;true_exiftool;D13_V_outdoor_move_0002.mp4;False;1.0;1.0;1.0
True_NATIVE;true_exiftool;D14_V_indoor_move_0002.mp4;False;1.0;1.0;1.0
True_NATIVE;true_exiftool;D14_V_outdoor_move_0002.mp4;False;1.0;1.0;1.0
True_NATIVE;true_exiftool;D15_V_indoor_move_0002.mp4;False;1.0;1.0;1.0
True_NATIVE;true_exiftool;D15_V_outdoor_move_0002.mp4;False;1.0;1.0;1.0
True_NATIVE;true_exiftool;D16_V_indoor_move_0002.mp4;False;1.0;1.0;1.0
True_NATIVE;true_exiftool;D16_V_outdoor_move_0002.mp4;False;1.0;1.0;1.0
True_NATIVE;true_exiftool;D19_V_indoor_move_0002.mp4;False;1.0;1.0;1.0
True_NATIVE;true_exiftool;D19_V_outdoor_move_0002.mp4;False;1.0;1.0;1.0
True_NATIVE;true_exiftool;D20_V_indoor_move_0002.mp4;False;1.0;1.0;1.0
True_NATIVE;true_exiftool;D20_V_outdoor_move_0002.mp4;False;1.0;1.0;1.0
True_NATIVE;true_exiftool;D22_V_indoor_move_0002.mp4;False;1.0;1.0;1.0
True_NATIVE;true_exiftool;D22_V_outdoor_move_0002.mp4;False;1.0;1.0;1.0
True_NATIVE;true_exiftool;D23_V_indoor_move_0002.mp4;False;1.0;1.0;1.0
True_NATIVE;true_exiftool;D23_V_outdoor_move_0002.mp4;False;1.0;1.0;1.0
True_NATIVE;true_exiftool;D24_V_indoor_move_0002.mp4;False;1.0;1.0;1.0
True_NATIVE;true_exiftool;D24_V_outdoor_move_0002.mp4;False;1.0;1.0;1.0
True_NATIVE;true_exiftool;D25_V_indoor_move_0002.mp4;False;1.0;1.0;1.0
True_NATIVE;true_exiftool;D25_V_outdoor_move_0002.mp4;False;1.0;1.0;1.0
True_NATIVE;true_exiftool;D26_V_indoor_move_0002.mp4;False;1.0;1.0;1.0
True_NATIVE;true_exiftool;D26_V_outdoor_move_0002.mp4;False;1.0;1.0;1.0
True_NATIVE;true_exiftool;D27_V_indoor_move_0002.mp4;False;1.0;1.0;1.0
True_NATIVE;true_exiftool;D27_V_outdoor_move_0002.mp4;False;1.0;1.0;1.0
True_NATIVE;true_exiftool;D28_V_indoor_move_0002.mp4;False;1.0;1.0;1.0
True_NATIVE;true_exiftool;D28_V_outdoor_move_0002.mp4;False;1.0;1.0;1.0
True_NATIVE;true_exiftool;D29_V_indoor_move_0002.mp4;False;1.0;1.0;1.0
True_NATIVE;true_exiftool;D29_V_outdoor_move_0002.mp4;False;1.0;1.0;1.0
True_NATIVE;true_exiftool;D30_V_indoor_move_0002.mp4;False;1.0;1.0;1.0
True_NATIVE;true_exiftool;D30_V_outdoor_move_0002.mp4;False;1.0;1.0;1.0
True_NATIVE;true_exiftool;D31_V_indoor_move_0002.mp4;False;1.0;1.0;1.0
True_NATIVE;true_exiftool;D31_V_outdoor_move_0002.mp4;False;1.0;1.0;1.0
True_NATIVE;true_exiftool;D32_V_indoor_move_0002.mp4;False;1.0;1.0;1.0
True_NATIVE;true_exiftool;D32_V_outdoor_move_0002.mp4;False;1.0;1.0;1.0
True_NATIVE;true_exiftool;D33_V_indoor_move_0002.mp4;False;1.0;1.0;1.0
True_NATIVE;true_exiftool;D33_V_outdoor_move_0002.mp4;False;1.0;1.0;1.0
True_NATIVE;true_exiftool;D34_V_indoor_move_0002.mp4;False;1.0;1.0;1.0
True_NATIVE;true_exiftool;D34_V_outdoor_move_0002.mp4;False;1.0;1.0;1.0
True_NATIVE;true_exiftool;D35_V_outdoor_move_0002.mp4;False;1.0;1.0;1.0
True_NATIVE;true_exiftool;D35_V_outdoor_panrot_0002.mp4;False;1.0;1.0;1.0
True_NATIVE;true_ffmpeg1;D01_V_indoor_move_0002.mp4;False;1.0;1.0;1.0
True_NATIVE;true_ffmpeg1;D01_V_outdoor_move_0002.mp4;False;1.0;1.0;1.0
True_NATIVE;true_ffmpeg1;D03_V_indoor_move_0002.mp4;False;1.0;1.0;1.0
True_NATIVE;true_ffmpeg1;D03_V_outdoor_move_0002.mp4;False;1.0;1.0;1.0
True_NATIVE;true_ffmpeg1;D04_V_indoor_move_0002.mp4;False;1.0;1.0;1.0
True_NATIVE;true_ffmpeg1;D04_V_outdoor_move_0002.mp4;False;1.0;1.0;1.0
True_NATIVE;true_ffmpeg1;D05_V_indoor_move_0002.mp4;False;1.0;1.0;1.0
True_NATIVE;true_ffmpeg1;D05_V_outdoor_move_0002.mp4;False;1.0;1.0;1.0
True_NATIVE;true_ffmpeg1;D06_V_indoor_move_0002.mp4;False;1.0;1.0;1.0
True_NATIVE;true_ffmpeg1;D06_V_outdoor_move_0002.mp4;False;1.0;1.0;1.0
True_NATIVE;true_ffmpeg1;D07_V_indoor_move_0002.mp4;False;1.0;1.0;1.0
True_NATIVE;true_ffmpeg1;D07_V_outdoor_move_0002.mp4;False;1.0;1.0;1.0
True_NATIVE;true_ffmpeg1;D08_V_indoor_move_0002.mp4;False;1.0;1.0;1.0
True_NATIVE;true_ffmpeg1;D08_V_outdoor_move_0002.mp4;False;1.0;1.0;1.0
True_NATIVE;true_ffmpeg1;D09_V_indoor_move_0002.mp4;False;1.0;1.0;1.0
True_NATIVE;true_ffmpeg1;D09_V_outdoor_move_0002.mp4;False;1.0;1.0;1.0
True_NATIVE;true_ffmpeg1;D10_V_indoor_move_0002.mp4;False;1.0;1.0;1.0
True_NATIVE;true_ffmpeg1;D11_V_indoor_move_0002.mp4;False;1.0;1.0;1.0
True_NATIVE;true_ffmpeg1;D11_V_outdoor_move_0002.mp4;False;1.0;1.0;1.0
True_NATIVE;true_ffmpeg1;D12_V_indoor_move_0002.mp4;False;1.0;1.0;1.0
True_NATIVE;true_ffmpeg1;D12_V_outdoor_move_0002.mp4;False;1.0;1.0;1.0
True_NATIVE;true_ffmpeg1;D13_V_indoor_move_0002.mp4;False;1.0;1.0;1.0
True_NATIVE;true_ffmpeg1;D13_V_outdoor_move_0002.mp4;False;1.0;1.0;1.0
True_NATIVE;true_ffmpeg1;D14_V_indoor_move_0002.mp4;False;1.0;1.0;1.0
True_NATIVE;true_ffmpeg1;D14_V_outdoor_move_0002.mp4;False;1.0;1.0;1.0
True_NATIVE;true_ffmpeg1;D15_V_indoor_move_0002.mp4;False;1.0;1.0;1.0
True_NATIVE;true_ffmpeg1;D15_V_outdoor_move_0002.mp4;False;1.0;1.0;1.0
True_NATIVE;true_ffmpeg1;D16_V_indoor_move_0002.mp4;False;1.0;1.0;1.0
True_NATIVE;true_ffmpeg1;D16_V_outdoor_move_0002.mp4;False;1.0;1.0;1.0
True_NATIVE;true_ffmpeg1;D19_V_indoor_move_0002.mp4;False;1.0;1.0;1.0
True_NATIVE;true_ffmpeg1;D19_V_outdoor_move_0002.mp4;False;1.0;1.0;1.0
True_NATIVE;true_ffmpeg1;D20_V_indoor_move_0002.mp4;False;1.0;1.0;1.0
True_NATIVE;true_ffmpeg1;D20_V_outdoor_move_0002.mp4;False;1.0;1.0;1.0
True_NATIVE;true_ffmpeg1;D22_V_indoor_move_0002.mp4;False;1.0;1.0;1.0
True_NATIVE;true_ffmpeg1;D22_V_outdoor_move_0002.mp4;False;1.0;1.0;1.0
True_NATIVE;true_ffmpeg1;D23_V_indoor_move_0002.mp4;False;1.0;1.0;1.0
True_NATIVE;true_ffmpeg1;D23_V_outdoor_move_0002.mp4;False;1.0;1.0;1.0
True_NATIVE;true_ffmpeg1;D24_V_indoor_move_0002.mp4;False;1.0;1.0;1.0
True_NATIVE;true_ffmpeg1;D24_V_outdoor_move_0002.mp4;False;1.0;1.0;1.0
True_NATIVE;true_ffmpeg1;D25_V_indoor_move_0002.mp4;False;1.0;1.0;1.0
True_NATIVE;true_ffmpeg1;D25_V_outdoor_move_0002.mp4;False;1.0;1.0;1.0
True_NATIVE;true_ffmpeg1;D26_V_indoor_move_0002.mp4;False;1.0;1.0;1.0
True_NATIVE;true_ffmpeg1;D26_V_outdoor_move_0002.mp4;False;1.0;1.0;1.0
True_NATIVE;true_ffmpeg1;D27_V_indoor_move_0002.mp4;False;1.0;1.0;1.0
True_NATIVE;true_ffmpeg1;D27_V_outdoor_move_0002.mp4;False;1.0;1.0;1.0
True_NATIVE;true_ffmpeg1;D28_V_indoor_move_0002.mp4;False;1.0;1.0;1.0
True_NATIVE;true_ffmpeg1;D28_V_outdoor_move_0002.mp4;False;1.0;1.0;1.0
True_NATIVE;true_ffmpeg1;D29_V_indoor_move_0002.mp4;False;1.0;1.0;1.0
True_NATIVE;true_ffmpeg1;D29_V_outdoor_move_0002.mp4;False;1.0;1.0;1.0
True_NATIVE;true_ffmpeg1;D30_V_indoor_move_0002.mp4;False;1.0;1.0;1.0
True_NATIVE;true_ffmpeg1;D30_V_outdoor_move_0002.mp4;False;1.0;1.0;1.0
True_NATIVE;true_ffmpeg1;D31_V_indoor_move_0002.mp4;False;1.0;1.0;1.0
True_NATIVE;true_ffmpeg1;D31_V_outdoor_move_0002.mp4;False;1.0;1.0;1.0
True_NATIVE;true_ffmpeg1;D32_V_indoor_move_0002.mp4;False;1.0;1.0;1.0
True_NATIVE;true_ffmpeg1;D32_V_outdoor_move_0002.mp4;False;1.0;1.0;1.0
True_NATIVE;true_ffmpeg1;D33_V_indoor_move_0002.mp4;False;1.0;1.0;1.0
True_NATIVE;true_ffmpeg1;D33_V_outdoor_move_0002.mp4;False;1.0;1.0;1.0
True_NATIVE;true_ffmpeg1;D34_V_indoor_move_0002.mp4;False;1.0;1.0;1.0
True_NATIVE;true_ffmpeg1;D34_V_outdoor_move_0002.mp4;False;1.0;1.0;1.0
True_NATIVE;true_ffmpeg1;D35_V_outdoor_move_0002.mp4;False;1.0;1.0;1.0
True_NATIVE;true_ffmpeg1;D35_V_outdoor_panrot_0002.mp4;False;1.0;1.0;1.0
True_NATIVE;true_ffmpeg2;D01_V_indoor_move_0002.mp4;False;1.0;1.0;1.0
True_NATIVE;true_ffmpeg2;D01_V_outdoor_move_0002.mp4;False;1.0;1.0;1.0
True_NATIVE;true_ffmpeg2;D03_V_indoor_move_0002.mp4;False;1.0;1.0;1.0
True_NATIVE;true_ffmpeg2;D03_V_outdoor_move_0002.mp4;False;1.0;1.0;1.0
True_NATIVE;true_ffmpeg2;D04_V_indoor_move_0002.mp4;False;1.0;1.0;1.0
True_NATIVE;true_ffmpeg2;D04_V_outdoor_move_0002.mp4;False;1.0;1.0;1.0
True_NATIVE;true_ffmpeg2;D05_V_indoor_move_0002.mp4;False;1.0;1.0;1.0
True_NATIVE;true_ffmpeg2;D05_V_outdoor_move_0002.mp4;False;1.0;1.0;1.0
True_NATIVE;true_ffmpeg2;D06_V_indoor_move_0002.mp4;False;1.0;1.0;1.0
True_NATIVE;true_ffmpeg2;D06_V_outdoor_move_0002.mp4;False;1.0;1.0;1.0
True_NATIVE;true_ffmpeg2;D07_V_indoor_move_0002.mp4;False;1.0;1.0;1.0
True_NATIVE;true_ffmpeg2;D07_V_outdoor_move_0002.mp4;False;1.0;1.0;1.0
True_NATIVE;true_ffmpeg2;D08_V_indoor_move_0002.mp4;False;1.0;1.0;1.0
True_NATIVE;true_ffmpeg2;D08_V_outdoor_move_0002.mp4;False;1.0;1.0;1.0
True_NATIVE;true_ffmpeg2;D09_V_indoor_move_0002.mp4;False;1.0;1.0;1.0
True_NATIVE;true_ffmpeg2;D09_V_outdoor_move_0002.mp4;False;1.0;1.0;1.0
True_NATIVE;true_ffmpeg2;D10_V_indoor_move_0002.mp4;False;1.0;1.0;1.0
True_NATIVE;true_ffmpeg2;D11_V_indoor_move_0002.mp4;False;1.0;1.0;1.0
True_NATIVE;true_ffmpeg2;D11_V_outdoor_move_0002.mp4;False;1.0;1.0;1.0
True_NATIVE;true_ffmpeg2;D12_V_indoor_move_0002.mp4;False;1.0;1.0;1.0
True_NATIVE;true_ffmpeg2;D12_V_outdoor_move_0002.mp4;False;1.0;1.0;1.0
True_NATIVE;true_ffmpeg2;D13_V_indoor_move_0002.mp4;False;1.0;1.0;1.0
True_NATIVE;true_ffmpeg2;D13_V_outdoor_move_0002.mp4;False;1.0;1.0;1.0
True_NATIVE;true_ffmpeg2;D14_V_indoor_move_0002.mp4;False;1.0;1.0;1.0
True_NATIVE;true_ffmpeg2;D14_V_outdoor_move_0002.mp4;False;1.0;1.0;1.0
True_NATIVE;true_ffmpeg2;D15_V_indoor_move_0002.mp4;False;1.0;1.0;1.0
True_NATIVE;true_ffmpeg2;D15_V_outdoor_move_0002.mp4;False;1.0;1.0;1.0
True_NATIVE;true_ffmpeg2;D16_V_indoor_move_0002.mp4;False;1.0;1.0;1.0
True_NATIVE;true_ffmpeg2;D16_V_outdoor_move_0002.mp4;False;1.0;1.0;1.0
True_NATIVE;true_ffmpeg2;D19_V_indoor_move_0002.mp4;False;1.0;1.0;1.0
True_NATIVE;true_ffmpeg2;D19_V_outdoor_move_0002.mp4;False;1.0;1.0;1.0
True_NATIVE;true_ffmpeg2;D20_V_indoor_move_0002.mp4;False;1.0;1.0;1.0
True_NATIVE;true_ffmpeg2;D20_V_outdoor_move_0002.mp4;False;1.0;1.0;1.0
True_NATIVE;true_ffmpeg2;D22_V_indoor_move_0002.mp4;False;1.0;1.0;1.0
True_NATIVE;true_ffmpeg2;D22_V_outdoor_move_0002.mp4;False;1.0;1.0;1.0
True_NATIVE;true_ffmpeg2;D23_V_indoor_move_0002.mp4;False;1.0;1.0;1.0
True_NATIVE;true_ffmpeg2;D23_V_outdoor_move_0002.mp4;False;1.0;1.0;1.0
True_NATIVE;true_ffmpeg2;D24_V_indoor_move_0002.mp4;False;1.0;1.0;1.0
True_NATIVE;true_ffmpeg2;D24_V_outdoor_move_0002.mp4;False;1.0;1.0;1.0
True_NATIVE;true_ffmpeg2;D25_V_indoor_move_0002.mp4;False;1.0;1.0;1.0
True_NATIVE;true_ffmpeg2;D25_V_outdoor_move_0002.mp4;False;1.0;1.0;1.0
True_NATIVE;true_ffmpeg2;D26_V_indoor_move_0002.mp4;False;1.0;1.0;1.0
True_NATIVE;true_ffmpeg2;D26_V_outdoor_move_0002.mp4;False;1.0;1.0;1.0
True_NATIVE;true_ffmpeg2;D27_V_indoor_move_0002.mp4;False;1.0;1.0;1.0
True_NATIVE;true_ffmpeg2;D27_V_outdoor_move_0002.mp4;False;1.0;1.0;1.0
True_NATIVE;true_ffmpeg2;D28_V_indoor_move_0002.mp4;False;1.0;1.0;1.0
True_NATIVE;true_ffmpeg2;D28_V_outdoor_move_0002.mp4;False;1.0;1.0;1.0
True_NATIVE;true_ffmpeg2;D29_V_indoor_move_0002.mp4;False;1.0;1.0;1.0
True_NATIVE;true_ffmpeg2;D29_V_outdoor_move_0002.mp4;False;1.0;1.0;1.0
True_NATIVE;true_ffmpeg2;D30_V_indoor_move_0002.mp4;False;1.0;1.0;1.0
True_NATIVE;true_ffmpeg2;D30_V_outdoor_move_0002.mp4;False;1.0;1.0;1.0
True_NATIVE;true_ffmpeg2;D31_V_indoor_move_0002.mp4;False;1.0;1.0;1.0
True_NATIVE;true_ffmpeg2;D31_V_outdoor_move_0002.mp4;False;1.0;1.0;1.0
True_NATIVE;true_ffmpeg2;D32_V_indoor_move_0002.mp4;False;1.0;1.0;1.0
True_NATIVE;true_ffmpeg2;D32_V_outdoor_move_0002.mp4;False;1.0;1.0;1.0
True_NATIVE;true_ffmpeg2;D33_V_indoor_move_0002.mp4;False;1.0;1.0;1.0
True_NATIVE;true_ffmpeg2;D33_V_outdoor_move_0002.mp4;False;1.0;1.0;1.0
True_NATIVE;true_ffmpeg2;D34_V_indoor_move_0002.mp4;False;1.0;1.0;1.0
True_NATIVE;true_ffmpeg2;D34_V_outdoor_move_0002.mp4;False;1.0;1.0;1.0
True_NATIVE;true_ffmpeg2;D35_V_outdoor_move_0002.mp4;False;1.0;1.0;1.0
True_NATIVE;true_ffmpeg2;D35_V_outdoor_panrot_0002.mp4;False;1.0;1.0;1.0
True_NATIVE;true_ffmpeg3;D01_V_indoor_move_0002.mp4;False;1.0;1.0;1.0
True_NATIVE;true_ffmpeg3;D01_V_outdoor_move_0002.mp4;False;1.0;1.0;1.0
True_NATIVE;true_ffmpeg3;D03_V_indoor_move_0002.mp4;False;1.0;1.0;1.0
True_NATIVE;true_ffmpeg3;D03_V_outdoor_move_0002.mp4;False;1.0;1.0;1.0
True_NATIVE;true_ffmpeg3;D04_V_indoor_move_0002.mp4;False;1.0;1.0;1.0
True_NATIVE;true_ffmpeg3;D04_V_outdoor_move_0002.mp4;False;1.0;1.0;1.0
True_NATIVE;true_ffmpeg3;D05_V_indoor_move_0002.mp4;False;1.0;1.0;1.0
True_NATIVE;true_ffmpeg3;D05_V_outdoor_move_0002.mp4;False;1.0;1.0;1.0
True_NATIVE;true_ffmpeg3;D06_V_indoor_move_0002.mp4;False;1.0;1.0;1.0
True_NATIVE;true_ffmpeg3;D06_V_outdoor_move_0002.mp4;False;1.0;1.0;1.0
True_NATIVE;true_ffmpeg3;D07_V_indoor_move_0002.mp4;False;1.0;1.0;1.0
True_NATIVE;true_ffmpeg3;D07_V_outdoor_move_0002.mp4;False;1.0;1.0;1.0
True_NATIVE;true_ffmpeg3;D08_V_indoor_move_0002.mp4;False;1.0;1.0;1.0
True_NATIVE;true_ffmpeg3;D08_V_outdoor_move_0002.mp4;False;1.0;1.0;1.0
True_NATIVE;true_ffmpeg3;D09_V_indoor_move_0002.mp4;False;1.0;1.0;1.0
True_NATIVE;true_ffmpeg3;D09_V_outdoor_move_0002.mp4;False;1.0;1.0;1.0
True_NATIVE;true_ffmpeg3;D10_V_indoor_move_0002.mp4;False;1.0;1.0;1.0
True_NATIVE;true_ffmpeg3;D11_V_indoor_move_0002.mp4;False;1.0;1.0;1.0
True_NATIVE;true_ffmpeg3;D11_V_outdoor_move_0002.mp4;False;1.0;1.0;1.0
True_NATIVE;true_ffmpeg3;D12_V_indoor_move_0002.mp4;False;1.0;1.0;1.0
True_NATIVE;true_ffmpeg3;D12_V_outdoor_move_0002.mp4;False;1.0;1.0;1.0
True_NATIVE;true_ffmpeg3;D13_V_indoor_move_0002.mp4;False;1.0;1.0;1.0
True_NATIVE;true_ffmpeg3;D13_V_outdoor_move_0002.mp4;False;1.0;1.0;1.0
True_NATIVE;true_ffmpeg3;D14_V_indoor_move_0002.mp4;False;1.0;1.0;1.0
True_NATIVE;true_ffmpeg3;D14_V_outdoor_move_0002.mp4;False;1.0;1.0;1.0
True_NATIVE;true_ffmpeg3;D15_V_indoor_move_0002.mp4;False;1.0;1.0;1.0
True_NATIVE;true_ffmpeg3;D15_V_outdoor_move_0002.mp4;False;1.0;1.0;1.0
True_NATIVE;true_ffmpeg3;D16_V_indoor_move_0002.mp4;False;1.0;1.0;1.0
True_NATIVE;true_ffmpeg3;D16_V_outdoor_move_0002.mp4;False;1.0;1.0;1.0
True_NATIVE;true_ffmpeg3;D19_V_indoor_move_0002.mp4;False;1.0;1.0;1.0
True_NATIVE;true_ffmpeg3;D19_V_outdoor_move_0002.mp4;False;1.0;1.0;1.0
True_NATIVE;true_ffmpeg3;D20_V_indoor_move_0002.mp4;False;1.0;1.0;1.0
True_NATIVE;true_ffmpeg3;D20_V_outdoor_move_0002.mp4;False;1.0;1.0;1.0
True_NATIVE;true_ffmpeg3;D22_V_indoor_move_0002.mp4;False;1.0;1.0;1.0
True_NATIVE;true_ffmpeg3;D22_V_outdoor_move_0002.mp4;False;1.0;1.0;1.0
True_NATIVE;true_ffmpeg3;D23_V_indoor_move_0002.mp4;False;1.0;1.0;1.0
True_NATIVE;true_ffmpeg3;D23_V_outdoor_move_0002.mp4;False;1.0;1.0;1.0
True_NATIVE;true_ffmpeg3;D24_V_indoor_move_0002.mp4;False;1.0;1.0;1.0
True_NATIVE;true_ffmpeg3;D24_V_outdoor_move_0002.mp4;False;1.0;1.0;1.0
True_NATIVE;true_ffmpeg3;D25_V_indoor_move_0002.mp4;False;1.0;1.0;1.0
True_NATIVE;true_ffmpeg3;D25_V_outdoor_move_0002.mp4;False;1.0;1.0;1.0
True_NATIVE;true_ffmpeg3;D26_V_indoor_move_0002.mp4;False;1.0;1.0;1.0
True_NATIVE;true_ffmpeg3;D26_V_outdoor_move_0002.mp4;False;1.0;1.0;1.0
True_NATIVE;true_ffmpeg3;D27_V_indoor_move_0002.mp4;False;1.0;1.0;1.0
True_NATIVE;true_ffmpeg3;D27_V_outdoor_move_0002.mp4;False;1.0;1.0;1.0
True_NATIVE;true_ffmpeg3;D28_V_indoor_move_0002.mp4;False;1.0;1.0;1.0
True_NATIVE;true_ffmpeg3;D28_V_outdoor_move_0002.mp4;False;1.0;1.0;1.0
True_NATIVE;true_ffmpeg3;D29_V_indoor_move_0002.mp4;False;1.0;1.0;1.0
True_NATIVE;true_ffmpeg3;D29_V_outdoor_move_0002.mp4;False;1.0;1.0;1.0
True_NATIVE;true_ffmpeg3;D30_V_indoor_move_0002.mp4;False;1.0;1.0;1.0
True_NATIVE;true_ffmpeg3;D30_V_outdoor_move_0002.mp4;False;1.0;1.0;1.0
True_NATIVE;true_ffmpeg3;D31_V_indoor_move_0002.mp4;False;1.0;1.0;1.0
True_NATIVE;true_ffmpeg3;D31_V_outdoor_move_0002.mp4;False;1.0;1.0;1.0
True_NATIVE;true_ffmpeg3;D32_V_indoor_move_0002.mp4;False;1.0;1.0;1.0
True_NATIVE;true_ffmpeg3;D32_V_outdoor_move_0002.mp4;False;1.0;1.0;1.0
True_NATIVE;true_ffmpeg3;D33_V_indoor_move_0002.mp4;False;1.0;1.0;1.0
True_NATIVE;true_ffmpeg3;D33_V_outdoor_move_0002.mp4;False;1.0;1.0;1.0
True_NATIVE;true_ffmpeg3;D34_V_indoor_move_0002.mp4;False;1.0;1.0;1.0
True_NATIVE;true_ffmpeg3;D34_V_outdoor_move_0002.mp4;False;1.0;1.0;1.0
True_NATIVE;true_ffmpeg3;D35_V_outdoor_move_0002.mp4;False;1.0;1.0;1.0
True_NATIVE;true_ffmpeg3;D35_V_outdoor_panrot_0002.mp4;False;1.0;1.0;1.0
True_NATIVE;true_ffmpeg4;D01_V_indoor_move_0002.mp4;False;1.0;1.0;1.0
True_NATIVE;true_ffmpeg4;D01_V_outdoor_move_0002.mp4;False;1.0;1.0;1.0
True_NATIVE;true_ffmpeg4;D03_V_indoor_move_0002.mp4;False;1.0;1.0;1.0
True_NATIVE;true_ffmpeg4;D03_V_outdoor_move_0002.mp4;False;1.0;1.0;1.0
True_NATIVE;true_ffmpeg4;D04_V_indoor_move_0002.mp4;False;1.0;1.0;1.0
True_NATIVE;true_ffmpeg4;D04_V_outdoor_move_0002.mp4;False;1.0;1.0;1.0
True_NATIVE;true_ffmpeg4;D05_V_indoor_move_0002.mp4;False;1.0;1.0;1.0
True_NATIVE;true_ffmpeg4;D05_V_outdoor_move_0002.mp4;False;1.0;1.0;1.0
True_NATIVE;true_ffmpeg4;D06_V_indoor_move_0002.mp4;False;1.0;1.0;1.0
True_NATIVE;true_ffmpeg4;D06_V_outdoor_move_0002.mp4;False;1.0;1.0;1.0
True_NATIVE;true_ffmpeg4;D07_V_indoor_move_0002.mp4;False;1.0;1.0;1.0
True_NATIVE;true_ffmpeg4;D07_V_outdoor_move_0002.mp4;False;1.0;1.0;1.0
True_NATIVE;true_ffmpeg4;D08_V_indoor_move_0002.mp4;False;1.0;1.0;1.0
True_NATIVE;true_ffmpeg4;D08_V_outdoor_move_0002.mp4;False;1.0;1.0;1.0
True_NATIVE;true_ffmpeg4;D09_V_indoor_move_0002.mp4;False;1.0;1.0;1.0
True_NATIVE;true_ffmpeg4;D09_V_outdoor_move_0002.mp4;False;1.0;1.0;1.0
True_NATIVE;true_ffmpeg4;D10_V_indoor_move_0002.mp4;False;1.0;1.0;1.0
True_NATIVE;true_ffmpeg4;D11_V_indoor_move_0002.mp4;False;1.0;1.0;1.0
True_NATIVE;true_ffmpeg4;D11_V_outdoor_move_0002.mp4;False;1.0;1.0;1.0
True_NATIVE;true_ffmpeg4;D12_V_indoor_move_0002.mp4;False;1.0;1.0;1.0
True_NATIVE;true_ffmpeg4;D12_V_outdoor_move_0002.mp4;False;1.0;1.0;1.0
True_NATIVE;true_ffmpeg4;D13_V_indoor_move_0002.mp4;False;1.0;1.0;1.0
True_NATIVE;true_ffmpeg4;D13_V_outdoor_move_0002.mp4;False;1.0;1.0;1.0
True_NATIVE;true_ffmpeg4;D14_V_indoor_move_0002.mp4;False;1.0;1.0;1.0
True_NATIVE;true_ffmpeg4;D14_V_outdoor_move_0002.mp4;False;1.0;1.0;1.0
True_NATIVE;true_ffmpeg4;D15_V_indoor_move_0002.mp4;False;1.0;1.0;1.0
True_NATIVE;true_ffmpeg4;D15_V_outdoor_move_0002.mp4;False;1.0;1.0;1.0
True_NATIVE;true_ffmpeg4;D16_V_indoor_move_0002.mp4;False;1.0;1.0;1.0
True_NATIVE;true_ffmpeg4;D16_V_outdoor_move_0002.mp4;False;1.0;1.0;1.0
True_NATIVE;true_ffmpeg4;D19_V_indoor_move_0002.mp4;False;1.0;1.0;1.0
True_NATIVE;true_ffmpeg4;D19_V_outdoor_move_0002.mp4;False;1.0;1.0;1.0
True_NATIVE;true_ffmpeg4;D20_V_indoor_move_0002.mp4;False;1.0;1.0;1.0
True_NATIVE;true_ffmpeg4;D20_V_outdoor_move_0002.mp4;False;1.0;1.0;1.0
True_NATIVE;true_ffmpeg4;D22_V_indoor_move_0002.mp4;False;1.0;1.0;1.0
True_NATIVE;true_ffmpeg4;D22_V_outdoor_move_0002.mp4;False;1.0;1.0;1.0
True_NATIVE;true_ffmpeg4;D23_V_indoor_move_0002.mp4;False;1.0;1.0;1.0
True_NATIVE;true_ffmpeg4;D23_V_outdoor_move_0002.mp4;False;1.0;1.0;1.0
True_NATIVE;true_ffmpeg4;D24_V_indoor_move_0002.mp4;False;1.0;1.0;1.0
True_NATIVE;true_ffmpeg4;D24_V_outdoor_move_0002.mp4;False;1.0;1.0;1.0
True_NATIVE;true_ffmpeg4;D25_V_indoor_move_0002.mp4;False;1.0;1.0;1.0
True_NATIVE;true_ffmpeg4;D25_V_outdoor_move_0002.mp4;False;1.0;1.0;1.0
True_NATIVE;true_ffmpeg4;D26_V_indoor_move_0002.mp4;False;1.0;1.0;1.0
True_NATIVE;true_ffmpeg4;D26_V_outdoor_move_0002.mp4;False;1.0;1.0;1.0
True_NATIVE;true_ffmpeg4;D27_V_indoor_move_0002.mp4;False;1.0;1.0;1.0
True_NATIVE;true_ffmpeg4;D27_V_outdoor_move_0002.mp4;False;1.0;1.0;1.0
True_NATIVE;true_ffmpeg4;D28_V_indoor_move_0002.mp4;False;1.0;1.0;1.0
True_NATIVE;true_ffmpeg4;D28_V_outdoor_move_0002.mp4;False;1.0;1.0;1.0
True_NATIVE;true_ffmpeg4;D29_V_indoor_move_0002.mp4;False;1.0;1.0;1.0
True_NATIVE;true_ffmpeg4;D29_V_outdoor_move_0002.mp4;False;1.0;1.0;1.0
True_NATIVE;true_ffmpeg4;D30_V_indoor_move_0002.mp4;False;1.0;1.0;1.0
True_NATIVE;true_ffmpeg4;D30_V_outdoor_move_0002.mp4;False;1.0;1.0;1.0
True_NATIVE;true_ffmpeg4;D31_V_indoor_move_0002.mp4;False;1.0;1.0;1.0
True_NATIVE;true_ffmpeg4;D31_V_outdoor_move_0002.mp4;False;1.0;1.0;1.0
True_NATIVE;true_ffmpeg4;D32_V_indoor_move_0002.mp4;False;1.0;1.0;1.0
True_NATIVE;true_ffmpeg4;D32_V_outdoor_move_0002.mp4;False;1.0;1.0;1.0
True_NATIVE;true_ffmpeg4;D33_V_indoor_move_0002.mp4;False;1.0;1.0;1.0
True_NATIVE;true_ffmpeg4;D33_V_outdoor_move_0002.mp4;False;1.0;1.0;1.0
True_NATIVE;true_ffmpeg4;D34_V_indoor_move_0002.mp4;False;1.0;1.0;1.0
True_NATIVE;true_ffmpeg4;D34_V_outdoor_move_0002.mp4;False;1.0;1.0;1.0
True_NATIVE;true_ffmpeg4;D35_V_outdoor_move_0002.mp4;False;1.0;1.0;1.0
True_NATIVE;true_ffmpeg4;D35_V_outdoor_panrot_0002.mp4;False;1.0;1.0;1.0
True_NATIVE;true_ffmpeg5;D01_V_indoor_move_0002.mp4;False;1.0;1.0;1.0
True_NATIVE;true_ffmpeg5;D01_V_outdoor_move_0002.mp4;False;1.0;1.0;1.0
True_NATIVE;true_ffmpeg5;D03_V_indoor_move_0002.mp4;False;1.0;1.0;1.0
True_NATIVE;true_ffmpeg5;D03_V_outdoor_move_0002.mp4;False;1.0;1.0;1.0
True_NATIVE;true_ffmpeg5;D04_V_indoor_move_0002.mp4;False;1.0;1.0;1.0
True_NATIVE;true_ffmpeg5;D04_V_outdoor_move_0002.mp4;False;1.0;1.0;1.0
True_NATIVE;true_ffmpeg5;D05_V_indoor_move_0002.mp4;False;1.0;1.0;1.0
True_NATIVE;true_ffmpeg5;D05_V_outdoor_move_0002.mp4;False;1.0;1.0;1.0
True_NATIVE;true_ffmpeg5;D06_V_indoor_move_0002.mp4;False;1.0;1.0;1.0
True_NATIVE;true_ffmpeg5;D06_V_outdoor_move_0002.mp4;False;1.0;1.0;1.0
True_NATIVE;true_ffmpeg5;D07_V_indoor_move_0002.mp4;False;1.0;1.0;1.0
True_NATIVE;true_ffmpeg5;D07_V_outdoor_move_0002.mp4;False;1.0;1.0;1.0
True_NATIVE;true_ffmpeg5;D08_V_indoor_move_0002.mp4;False;1.0;1.0;1.0
True_NATIVE;true_ffmpeg5;D08_V_outdoor_move_0002.mp4;False;1.0;1.0;1.0
True_NATIVE;true_ffmpeg5;D09_V_indoor_move_0002.mp4;False;1.0;1.0;1.0
True_NATIVE;true_ffmpeg5;D09_V_outdoor_move_0002.mp4;False;1.0;1.0;1.0
True_NATIVE;true_ffmpeg5;D10_V_indoor_move_0002.mp4;False;1.0;1.0;1.0
True_NATIVE;true_ffmpeg5;D11_V_indoor_move_0002.mp4;False;1.0;1.0;1.0
True_NATIVE;true_ffmpeg5;D11_V_outdoor_move_0002.mp4;False;1.0;1.0;1.0
True_NATIVE;true_ffmpeg5;D12_V_indoor_move_0002.mp4;False;1.0;1.0;1.0
True_NATIVE;true_ffmpeg5;D12_V_outdoor_move_0002.mp4;False;1.0;1.0;1.0
True_NATIVE;true_ffmpeg5;D13_V_indoor_move_0002.mp4;False;1.0;1.0;1.0
True_NATIVE;true_ffmpeg5;D13_V_outdoor_move_0002.mp4;False;1.0;1.0;1.0
True_NATIVE;true_ffmpeg5;D14_V_indoor_move_0002.mp4;False;1.0;1.0;1.0
True_NATIVE;true_ffmpeg5;D14_V_outdoor_move_0002.mp4;False;1.0;1.0;1.0
True_NATIVE;true_ffmpeg5;D15_V_indoor_move_0002.mp4;False;1.0;1.0;1.0
True_NATIVE;true_ffmpeg5;D15_V_outdoor_move_0002.mp4;False;1.0;1.0;1.0
True_NATIVE;true_ffmpeg5;D16_V_indoor_move_0002.mp4;False;1.0;1.0;1.0
True_NATIVE;true_ffmpeg5;D16_V_outdoor_move_0002.mp4;False;1.0;1.0;1.0
True_NATIVE;true_ffmpeg5;D19_V_indoor_move_0002.mp4;False;1.0;1.0;1.0
True_NATIVE;true_ffmpeg5;D19_V_outdoor_move_0002.mp4;False;1.0;1.0;1.0
True_NATIVE;true_ffmpeg5;D20_V_indoor_move_0002.mp4;False;1.0;1.0;1.0
True_NATIVE;true_ffmpeg5;D20_V_outdoor_move_0002.mp4;False;1.0;1.0;1.0
True_NATIVE;true_ffmpeg5;D22_V_indoor_move_0002.mp4;False;1.0;1.0;1.0
True_NATIVE;true_ffmpeg5;D22_V_outdoor_move_0002.mp4;False;1.0;1.0;1.0
True_NATIVE;true_ffmpeg5;D23_V_indoor_move_0002.mp4;False;1.0;1.0;1.0
True_NATIVE;true_ffmpeg5;D23_V_outdoor_move_0002.mp4;False;1.0;1.0;1.0
True_NATIVE;true_ffmpeg5;D24_V_indoor_move_0002.mp4;False;1.0;1.0;1.0
True_NATIVE;true_ffmpeg5;D24_V_outdoor_move_0002.mp4;False;1.0;1.0;1.0
True_NATIVE;true_ffmpeg5;D25_V_indoor_move_0002.mp4;False;1.0;1.0;1.0
True_NATIVE;true_ffmpeg5;D25_V_outdoor_move_0002.mp4;False;1.0;1.0;1.0
True_NATIVE;true_ffmpeg5;D26_V_indoor_move_0002.mp4;False;1.0;1.0;1.0
True_NATIVE;true_ffmpeg5;D26_V_outdoor_move_0002.mp4;False;1.0;1.0;1.0
True_NATIVE;true_ffmpeg5;D27_V_indoor_move_0002.mp4;False;1.0;1.0;1.0
True_NATIVE;true_ffmpeg5;D27_V_outdoor_move_0002.mp4;False;1.0;1.0;1.0
True_NATIVE;true_ffmpeg5;D28_V_indoor_move_0002.mp4;False;1.0;1.0;1.0
True_NATIVE;true_ffmpeg5;D28_V_outdoor_move_0002.mp4;False;1.0;1.0;1.0
True_NATIVE;true_ffmpeg5;D29_V_indoor_move_0002.mp4;False;1.0;1.0;1.0
True_NATIVE;true_ffmpeg5;D29_V_outdoor_move_0002.mp4;False;1.0;1.0;1.0
True_NATIVE;true_ffmpeg5;D30_V_indoor_move_0002.mp4;False;1.0;1.0;1.0
True_NATIVE;true_ffmpeg5;D30_V_outdoor_move_0002.mp4;False;1.0;1.0;1.0
True_NATIVE;true_ffmpeg5;D31_V_indoor_move_0002.mp4;False;1.0;1.0;1.0
True_NATIVE;true_ffmpeg5;D31_V_outdoor_move_0002.mp4;False;1.0;1.0;1.0
True_NATIVE;true_ffmpeg5;D32_V_indoor_move_0002.mp4;False;1.0;1.0;1.0
True_NATIVE;true_ffmpeg5;D32_V_outdoor_move_0002.mp4;False;1.0;1.0;1.0
True_NATIVE;true_ffmpeg5;D33_V_indoor_move_0002.mp4;False;1.0;1.0;1.0
True_NATIVE;true_ffmpeg5;D33_V_outdoor_move_0002.mp4;False;1.0;1.0;1.0
True_NATIVE;true_ffmpeg5;D34_V_indoor_move_0002.mp4;False;1.0;1.0;1.0
True_NATIVE;true_ffmpeg5;D34_V_outdoor_move_0002.mp4;False;1.0;1.0;1.0
True_NATIVE;true_ffmpeg5;D35_V_outdoor_move_0002.mp4;False;1.0;1.0;1.0
True_NATIVE;true_ffmpeg5;D35_V_outdoor_panrot_0002.mp4;False;1.0;1.0;1.0
True_NATIVE;true_kdenlive;D01_V_indoor_move_0002.mp4;False;1.0;1.0;1.0
True_NATIVE;true_kdenlive;D01_V_outdoor_move_0002.mp4;False;1.0;1.0;1.0
True_NATIVE;true_kdenlive;D03_V_indoor_move_0002.mp4;False;1.0;1.0;1.0
True_NATIVE;true_kdenlive;D03_V_outdoor_move_0002.mp4;False;1.0;1.0;1.0
True_NATIVE;true_kdenlive;D04_V_indoor_move_0002.mp4;False;1.0;1.0;1.0
True_NATIVE;true_kdenlive;D04_V_outdoor_move_0002.mp4;False;1.0;1.0;1.0
True_NATIVE;true_kdenlive;D05_V_indoor_move_0002.mp4;False;1.0;1.0;1.0
True_NATIVE;true_kdenlive;D05_V_outdoor_move_0002.mp4;False;1.0;1.0;1.0
True_NATIVE;true_kdenlive;D06_V_indoor_move_0002.mp4;False;1.0;1.0;1.0
True_NATIVE;true_kdenlive;D06_V_outdoor_move_0002.mp4;False;1.0;1.0;1.0
True_NATIVE;true_kdenlive;D07_V_indoor_move_0002.mp4;False;1.0;1.0;1.0
True_NATIVE;true_kdenlive;D07_V_outdoor_move_0002.mp4;False;1.0;1.0;1.0
True_NATIVE;true_kdenlive;D08_V_indoor_move_0002.mp4;False;1.0;1.0;1.0
True_NATIVE;true_kdenlive;D08_V_outdoor_move_0002.mp4;False;1.0;1.0;1.0
True_NATIVE;true_kdenlive;D09_V_indoor_move_0002.mp4;False;1.0;1.0;1.0
True_NATIVE;true_kdenlive;D09_V_outdoor_move_0002.mp4;False;1.0;1.0;1.0
True_NATIVE;true_kdenlive;D10_V_indoor_move_0002.mp4;False;1.0;1.0;1.0
True_NATIVE;true_kdenlive;D11_V_indoor_move_0002.mp4;False;1.0;1.0;1.0
True_NATIVE;true_kdenlive;D11_V_outdoor_move_0002.mp4;False;1.0;1.0;1.0
True_NATIVE;true_kdenlive;D12_V_indoor_move_0002.mp4;False;1.0;1.0;1.0
True_NATIVE;true_kdenlive;D12_V_outdoor_move_0002.mp4;False;1.0;1.0;1.0
True_NATIVE;true_kdenlive;D13_V_indoor_move_0002.mp4;False;1.0;1.0;1.0
True_NATIVE;true_kdenlive;D13_V_outdoor_move_0002.mp4;False;1.0;1.0;1.0
True_NATIVE;true_kdenlive;D14_V_indoor_move_0002.mp4;False;1.0;1.0;1.0
True_NATIVE;true_kdenlive;D14_V_outdoor_move_0002.mp4;False;1.0;1.0;1.0
True_NATIVE;true_kdenlive;D15_V_indoor_move_0002.mp4;False;1.0;1.0;1.0
True_NATIVE;true_kdenlive;D15_V_outdoor_move_0002.mp4;False;1.0;1.0;1.0
True_NATIVE;true_kdenlive;D16_V_indoor_move_0002.mp4;False;1.0;1.0;1.0
True_NATIVE;true_kdenlive;D16_V_outdoor_move_0002.mp4;False;1.0;1.0;1.0
True_NATIVE;true_kdenlive;D17_V_indoor_move_0002.mp4;False;1.0;1.0;1.0
True_NATIVE;true_kdenlive;D19_V_indoor_move_0002.mp4;False;1.0;1.0;1.0
True_NATIVE;true_kdenlive;D19_V_outdoor_move_0002.mp4;False;1.0;1.0;1.0
True_NATIVE;true_kdenlive;D20_V_indoor_move_0002.mp4;False;1.0;1.0;1.0
True_NATIVE;true_kdenlive;D20_V_outdoor_move_0002.mp4;False;1.0;1.0;1.0
True_NATIVE;true_kdenlive;D22_V_indoor_move_0002.mp4;False;1.0;1.0;1.0
True_NATIVE;true_kdenlive;D22_V_outdoor_move_0002.mp4;False;1.0;1.0;1.0
True_NATIVE;true_kdenlive;D23_V_indoor_move_0002.mp4;False;1.0;1.0;1.0
True_NATIVE;true_kdenlive;D23_V_outdoor_move_0002.mp4;False;1.0;1.0;1.0
True_NATIVE;true_kdenlive;D24_V_indoor_move_0002.mp4;False;1.0;1.0;1.0
True_NATIVE;true_kdenlive;D24_V_outdoor_move_0002.mp4;False;1.0;1.0;1.0
True_NATIVE;true_kdenlive;D25_V_indoor_move_0002.mp4;False;1.0;1.0;1.0
True_NATIVE;true_kdenlive;D25_V_outdoor_move_0002.mp4;False;1.0;1.0;1.0
True_NATIVE;true_kdenlive;D26_V_indoor_move_0002.mp4;False;1.0;1.0;1.0
True_NATIVE;true_kdenlive;D26_V_outdoor_move_0002.mp4;False;1.0;1.0;1.0
True_NATIVE;true_kdenlive;D27_V_indoor_move_0002.mp4;False;1.0;1.0;1.0
True_NATIVE;true_kdenlive;D27_V_outdoor_move_0002.mp4;False;1.0;1.0;1.0
True_NATIVE;true_kdenlive;D28_V_indoor_move_0002.mp4;False;1.0;1.0;1.0
True_NATIVE;true_kdenlive;D28_V_outdoor_move_0002.mp4;False;1.0;1.0;1.0
True_NATIVE;true_kdenlive;D29_V_indoor_move_0002.mp4;False;1.0;1.0;1.0
True_NATIVE;true_kdenlive;D29_V_outdoor_move_0002.mp4;False;1.0;1.0;1.0
True_NATIVE;true_kdenlive;D30_V_indoor_move_0002.mp4;False;1.0;1.0;1.0
True_NATIVE;true_kdenlive;D30_V_outdoor_move_0002.mp4;False;1.0;1.0;1.0
True_NATIVE;true_kdenlive;D31_V_indoor_move_0002.mp4;False;1.0;1.0;1.0
True_NATIVE;true_kdenlive;D31_V_outdoor_move_0002.mp4;False;1.0;1.0;1.0
True_NATIVE;true_kdenlive;D32_V_indoor_move_0002.mp4;False;1.0;1.0;1.0
True_NATIVE;true_kdenlive;D32_V_outdoor_move_0002.mp4;False;1.0;1.0;1.0
True_NATIVE;true_kdenlive;D33_V_indoor_move_0002.mp4;False;1.0;1.0;1.0
True_NATIVE;true_kdenlive;D33_V_outdoor_move_0002.mp4;False;1.0;1.0;1.0
True_NATIVE;true_kdenlive;D34_V_indoor_move_0002.mp4;False;1.0;1.0;1.0
True_NATIVE;true_kdenlive;D34_V_outdoor_move_0002.mp4;False;1.0;1.0;1.0
True_NATIVE;true_kdenlive;D35_V_outdoor_move_0002.mp4;False;1.0;1.0;1.0
True_NATIVE;true_kdenlive;D35_V_outdoor_panrot_0002.mp4;False;1.0;1.0;1.0
True_NATIVE;true_native;D01_V_indoor_move_0002.mp4;True;1.0;1.0;1.0
True_NATIVE;true_native;D01_V_outdoor_move_0002.mp4;True;1.0;1.0;1.0
True_NATIVE;true_native;D03_V_indoor_move_0002.mp4;True;1.0;1.0;1.0
True_NATIVE;true_native;D03_V_outdoor_move_0002.mp4;True;1.0;1.0;1.0
True_NATIVE;true_native;D04_V_indoor_move_0002.mp4;True;1.0;1.0;1.0
True_NATIVE;true_native;D04_V_outdoor_move_0002.mp4;True;1.0;1.0;1.0
True_NATIVE;true_native;D05_V_indoor_move_0002.mp4;True;1.0;1.0;1.0
True_NATIVE;true_native;D05_V_outdoor_move_0002.mp4;True;1.0;1.0;1.0
True_NATIVE;true_native;D06_V_indoor_move_0002.mp4;True;1.0;1.0;1.0
True_NATIVE;true_native;D06_V_outdoor_move_0002.mp4;True;1.0;1.0;1.0
True_NATIVE;true_native;D07_V_indoor_move_0002.mp4;True;1.0;1.0;1.0
True_NATIVE;true_native;D07_V_outdoor_move_0002.mp4;True;1.0;1.0;1.0
True_NATIVE;true_native;D08_V_indoor_move_0002.mp4;True;1.0;1.0;1.0
True_NATIVE;true_native;D08_V_outdoor_move_0002.mp4;True;1.0;1.0;1.0
True_NATIVE;true_native;D09_V_indoor_move_0002.mp4;True;1.0;1.0;1.0
True_NATIVE;true_native;D09_V_outdoor_move_0002.mp4;True;1.0;1.0;1.0
True_NATIVE;true_native;D10_V_indoor_move_0002.mp4;True;1.0;1.0;1.0
True_NATIVE;true_native;D11_V_indoor_move_0002.mp4;True;1.0;1.0;1.0
True_NATIVE;true_native;D11_V_outdoor_move_0002.mp4;True;1.0;1.0;1.0
True_NATIVE;true_native;D12_V_indoor_move_0002.mp4;True;1.0;1.0;1.0
True_NATIVE;true_native;D12_V_outdoor_move_0002.mp4;True;1.0;1.0;1.0
True_NATIVE;true_native;D13_V_indoor_move_0002.mp4;True;1.0;1.0;1.0
True_NATIVE;true_native;D13_V_outdoor_move_0002.mp4;True;1.0;1.0;1.0
True_NATIVE;true_native;D14_V_indoor_move_0002.mp4;True;1.0;1.0;1.0
True_NATIVE;true_native;D14_V_outdoor_move_0002.mp4;True;1.0;1.0;1.0
True_NATIVE;true_native;D15_V_indoor_move_0002.mp4;True;1.0;1.0;1.0
True_NATIVE;true_native;D15_V_outdoor_move_0002.mp4;True;1.0;1.0;1.0
True_NATIVE;true_native;D16_V_indoor_move_0002.mp4;True;1.0;1.0;1.0
True_NATIVE;true_native;D16_V_outdoor_move_0002.mp4;True;1.0;1.0;1.0
True_NATIVE;true_native;D19_V_indoor_move_0002.mp4;True;1.0;1.0;1.0
True_NATIVE;true_native;D19_V_outdoor_move_0002.mp4;True;1.0;1.0;1.0
True_NATIVE;true_native;D20_V_indoor_move_0002.mp4;True;1.0;1.0;1.0
True_NATIVE;true_native;D20_V_outdoor_move_0002.mp4;True;1.0;1.0;1.0
True_NATIVE;true_native;D22_V_indoor_move_0002.mp4;True;1.0;1.0;1.0
True_NATIVE;true_native;D22_V_outdoor_move_0002.mp4;True;1.0;1.0;1.0
True_NATIVE;true_native;D23_V_indoor_move_0002.mp4;True;1.0;1.0;1.0
True_NATIVE;true_native;D23_V_outdoor_move_0002.mp4;True;1.0;1.0;1.0
True_NATIVE;true_native;D24_V_indoor_move_0002.mp4;True;1.0;1.0;1.0
True_NATIVE;true_native;D24_V_outdoor_move_0002.mp4;True;1.0;1.0;1.0
True_NATIVE;true_native;D25_V_indoor_move_0002.mp4;True;1.0;1.0;1.0
True_NATIVE;true_native;D25_V_outdoor_move_0002.mp4;True;1.0;1.0;1.0
True_NATIVE;true_native;D26_V_indoor_move_0002.mp4;True;1.0;1.0;1.0
True_NATIVE;true_native;D26_V_outdoor_move_0002.mp4;True;1.0;1.0;1.0
True_NATIVE;true_native;D27_V_indoor_move_0002.mp4;True;1.0;1.0;1.0
True_NATIVE;true_native;D27_V_outdoor_move_0002.mp4;True;1.0;1.0;1.0
True_NATIVE;true_native;D28_V_indoor_move_0002.mp4;True;1.0;1.0;1.0
True_NATIVE;true_native;D28_V_outdoor_move_0002.mp4;True;1.0;1.0;1.0
True_NATIVE;true_native;D29_V_indoor_move_0002.mp4;True;1.0;1.0;1.0
True_NATIVE;true_native;D29_V_outdoor_move_0002.mp4;True;1.0;1.0;1.0
True_NATIVE;true_native;D30_V_indoor_move_0002.mp4;True;1.0;1.0;1.0
True_NATIVE;true_native;D30_V_outdoor_move_0002.mp4;True;1.0;1.0;1.0
True_NATIVE;true_native;D31_V_indoor_move_0002.mp4;True;1.0;1.0;1.0
True_NATIVE;true_native;D31_V_outdoor_move_0002.mp4;True;1.0;1.0;1.0
True_NATIVE;true_native;D32_V_indoor_move_0002.mp4;True;1.0;1.0;1.0
True_NATIVE;true_native;D32_V_outdoor_move_0002.mp4;True;1.0;1.0;1.0
True_NATIVE;true_native;D33_V_indoor_move_0002.mp4;True;1.0;1.0;1.0
True_NATIVE;true_native;D33_V_outdoor_move_0002.mp4;True;1.0;1.0;1.0
True_NATIVE;true_native;D34_V_indoor_move_0002.mp4;True;1.0;1.0;1.0
True_NATIVE;true_native;D34_V_outdoor_move_0002.mp4;True;1.0;1.0;1.0
True_NATIVE;true_native;D35_V_outdoor_move_0002.mp4;True;1.0;1.0;1.0
True_NATIVE;true_native;D35_V_outdoor_panrot_0002.mp4;True;1.0;1.0;1.0
True_NATIVE;true_premiere;D01_V_indoor_move_0002.mp4;False;1.0;1.0;1.0
True_NATIVE;true_premiere;D01_V_outdoor_move_0002.mp4;False;1.0;1.0;1.0
True_NATIVE;true_premiere;D03_V_indoor_move_0002.mp4;False;1.0;1.0;1.0
True_NATIVE;true_premiere;D03_V_outdoor_move_0002.mp4;False;1.0;1.0;1.0
True_NATIVE;true_premiere;D04_V_indoor_move_0002.mp4;False;1.0;1.0;1.0
True_NATIVE;true_premiere;D04_V_outdoor_move_0002.mp4;False;1.0;1.0;1.0
True_NATIVE;true_premiere;D05_V_indoor_move_0002.mp4;False;1.0;1.0;1.0
True_NATIVE;true_premiere;D05_V_outdoor_move_0002.mp4;False;1.0;1.0;1.0
True_NATIVE;true_premiere;D06_V_indoor_move_0002.mp4;False;1.0;1.0;1.0
True_NATIVE;true_premiere;D06_V_outdoor_move_0002.mp4;False;1.0;1.0;1.0
True_NATIVE;true_premiere;D07_V_indoor_move_0002.mp4;False;1.0;1.0;1.0
True_NATIVE;true_premiere;D07_V_outdoor_move_0002.mp4;False;1.0;1.0;1.0
True_NATIVE;true_premiere;D08_V_indoor_move_0002.mp4;False;1.0;1.0;1.0
True_NATIVE;true_premiere;D08_V_outdoor_move_0002.mp4;False;1.0;1.0;1.0
True_NATIVE;true_premiere;D09_V_indoor_move_0002.mp4;False;1.0;1.0;1.0
True_NATIVE;true_premiere;D09_V_outdoor_move_0002.mp4;False;1.0;1.0;1.0
True_NATIVE;true_premiere;D10_V_indoor_move_0002.mp4;False;1.0;1.0;1.0
True_NATIVE;true_premiere;D11_V_indoor_move_0002.mp4;False;1.0;1.0;1.0
True_NATIVE;true_premiere;D11_V_outdoor_move_0002.mp4;False;1.0;1.0;1.0
True_NATIVE;true_premiere;D12_V_indoor_move_0002.mp4;False;1.0;1.0;1.0
True_NATIVE;true_premiere;D12_V_outdoor_move_0002.mp4;False;1.0;1.0;1.0
True_NATIVE;true_premiere;D13_V_indoor_move_0002.mp4;False;1.0;1.0;1.0
True_NATIVE;true_premiere;D13_V_outdoor_move_0002.mp4;False;1.0;1.0;1.0
True_NATIVE;true_premiere;D14_V_indoor_move_0002.mp4;False;1.0;1.0;1.0
True_NATIVE;true_premiere;D14_V_outdoor_move_0002.mp4;False;1.0;1.0;1.0
True_NATIVE;true_premiere;D15_V_indoor_move_0002.mp4;False;1.0;1.0;1.0
True_NATIVE;true_premiere;D15_V_outdoor_move_0002.mp4;False;1.0;1.0;1.0
True_NATIVE;true_premiere;D16_V_indoor_move_0002.mp4;False;1.0;1.0;1.0
True_NATIVE;true_premiere;D16_V_outdoor_move_0002.mp4;False;1.0;1.0;1.0
True_NATIVE;true_premiere;D19_V_indoor_move_0002.mp4;False;1.0;1.0;1.0
True_NATIVE;true_premiere;D19_V_outdoor_move_0002.mp4;False;1.0;1.0;1.0
True_NATIVE;true_premiere;D20_V_indoor_move_0002.mp4;False;1.0;1.0;1.0
True_NATIVE;true_premiere;D20_V_outdoor_move_0002.mp4;False;1.0;1.0;1.0
True_NATIVE;true_premiere;D22_V_indoor_move_0002.mp4;False;1.0;1.0;1.0
True_NATIVE;true_premiere;D22_V_outdoor_move_0002.mp4;False;1.0;1.0;1.0
True_NATIVE;true_premiere;D23_V_indoor_move_0002.mp4;False;1.0;1.0;1.0
True_NATIVE;true_premiere;D23_V_outdoor_move_0002.mp4;False;1.0;1.0;1.0
True_NATIVE;true_premiere;D24_V_indoor_move_0002.mp4;False;1.0;1.0;1.0
True_NATIVE;true_premiere;D24_V_outdoor_move_0002.mp4;False;1.0;1.0;1.0
True_NATIVE;true_premiere;D25_V_indoor_move_0002.mp4;False;1.0;1.0;1.0
True_NATIVE;true_premiere;D25_V_outdoor_move_0002.mp4;False;1.0;1.0;1.0
True_NATIVE;true_premiere;D26_V_indoor_move_0002.mp4;False;1.0;1.0;1.0
True_NATIVE;true_premiere;D26_V_outdoor_move_0002.mp4;False;1.0;1.0;1.0
True_NATIVE;true_premiere;D27_V_indoor_move_0002.mp4;False;1.0;1.0;1.0
True_NATIVE;true_premiere;D27_V_outdoor_move_0002.mp4;False;1.0;1.0;1.0
True_NATIVE;true_premiere;D28_V_indoor_move_0002.mp4;False;1.0;1.0;1.0
True_NATIVE;true_premiere;D28_V_outdoor_move_0002.mp4;False;1.0;1.0;1.0
True_NATIVE;true_premiere;D29_V_indoor_move_0002.mp4;False;1.0;1.0;1.0
True_NATIVE;true_premiere;D29_V_outdoor_move_0002.mp4;False;1.0;1.0;1.0
True_NATIVE;true_premiere;D30_V_indoor_move_0002.mp4;False;1.0;1.0;1.0
True_NATIVE;true_premiere;D30_V_outdoor_move_0002.mp4;False;1.0;1.0;1.0
True_NATIVE;true_premiere;D31_V_indoor_move_0002.mp4;False;1.0;1.0;1.0
True_NATIVE;true_premiere;D31_V_outdoor_move_0002.mp4;False;1.0;1.0;1.0
True_NATIVE;true_premiere;D32_V_indoor_move_0002.mp4;False;1.0;1.0;1.0
True_NATIVE;true_premiere;D32_V_outdoor_move_0002.mp4;False;1.0;1.0;1.0
True_NATIVE;true_premiere;D33_V_indoor_move_0002.mp4;False;1.0;1.0;1.0
True_NATIVE;true_premiere;D33_V_outdoor_move_0002.mp4;False;1.0;1.0;1.0
True_NATIVE;true_premiere;D34_V_indoor_move_0002.mp4;False;1.0;1.0;1.0
True_NATIVE;true_premiere;D34_V_outdoor_move_0002.mp4;False;1.0;1.0;1.0
True_NATIVE;true_premiere;D35_V_outdoor_move_0002.mp4;False;1.0;1.0;1.0
True_NATIVE;true_premiere;D35_V_outdoor_panrot_0002.mp4;False;1.0;1.0;1.0
