ground_truth_source;ground_truth_mp4;filename;true_positive;similarity_2;similarity_3;similarity_4
DIGITAL_CAMERA_native;digital_camera_native;D01_V_flat_move_0002.mp4;True;1.0;1.0;1.0
DIGITAL_CAMERA_native;digital_camera_native;D01_V_flat_panrot_0001.mp4;True;1.0;1.0;1.0
DIGITAL_CAMERA_native;digital_camera_native;D01_V_flat_still_0001.mp4;True;1.0;1.0;1.0
DIGITAL_CAMERA_native;digital_camera_native;D01_V_flatWA_move_0002.mp4;True;1.0;1.0;1.0
DIGITAL_CAMERA_native;digital_camera_native;D01_V_flatWA_panrot_0001.mp4;True;1.0;1.0;1.0
DIGITAL_CAMERA_native;digital_camera_native;D01_V_flatWA_still_0001.mp4;True;1.0;1.0;1.0
DIGITAL_CAMERA_native;digital_camera_native;D01_V_flatYT_move_0002.mp4;True;1.0;1.0;1.0
DIGITAL_CAMERA_native;digital_camera_native;D01_V_flatYT_panrot_0001.mp4;True;1.0;1.0;1.0
DIGITAL_CAMERA_native;digital_camera_native;D01_V_flatYT_still_0001.mp4;True;1.0;1.0;1.0
DIGITAL_CAMERA_native;digital_camera_native;D01_V_indoor_move_0002.mp4;True;1.0;1.0;1.0
DIGITAL_CAMERA_native;digital_camera_native;D01_V_indoor_panrot_0001.mp4;True;1.0;1.0;1.0
DIGITAL_CAMERA_native;digital_camera_native;D01_V_indoor_panrot_0002.mp4;True;1.0;1.0;1.0
DIGITAL_CAMERA_native;digital_camera_native;D01_V_indoor_still_0001.mp4;True;1.0;1.0;1.0
DIGITAL_CAMERA_native;digital_camera_native;D01_V_indoor_still_0002.mp4;True;1.0;1.0;1.0
DIGITAL_CAMERA_native;digital_camera_native;D01_V_indoorWA_move_0002.mp4;True;1.0;1.0;1.0
DIGITAL_CAMERA_native;digital_camera_native;D01_V_indoorWA_panrot_0001.mp4;True;1.0;1.0;1.0
DIGITAL_CAMERA_native;digital_camera_native;D01_V_indoorWA_panrot_0002.mp4;True;1.0;1.0;1.0
DIGITAL_CAMERA_native;digital_camera_native;D01_V_indoorWA_still_0001.mp4;True;1.0;1.0;1.0
DIGITAL_CAMERA_native;digital_camera_native;D01_V_indoorWA_still_0002.mp4;True;1.0;1.0;1.0
DIGITAL_CAMERA_native;digital_camera_native;D01_V_indoorYT_move_0002.mp4;True;1.0;1.0;1.0
DIGITAL_CAMERA_native;digital_camera_native;D01_V_indoorYT_panrot_0001.mp4;True;1.0;1.0;1.0
DIGITAL_CAMERA_native;digital_camera_native;D01_V_indoorYT_panrot_0002.mp4;True;1.0;1.0;1.0
DIGITAL_CAMERA_native;digital_camera_native;D01_V_indoorYT_still_0001.mp4;True;1.0;1.0;1.0
DIGITAL_CAMERA_native;digital_camera_native;D01_V_indoorYT_still_0002.mp4;True;1.0;1.0;1.0
DIGITAL_CAMERA_native;digital_camera_native;D01_V_outdoor_move_0002.mp4;True;1.0;1.0;1.0
DIGITAL_CAMERA_native;digital_camera_native;D01_V_outdoor_move_0003.mp4;True;1.0;1.0;1.0
DIGITAL_CAMERA_native;digital_camera_native;D01_V_outdoor_move_0004.mp4;True;1.0;1.0;1.0
DIGITAL_CAMERA_native;digital_camera_native;D01_V_outdoor_panrot_0001.mp4;True;1.0;1.0;1.0
DIGITAL_CAMERA_native;digital_camera_native;D01_V_outdoor_panrot_0002.mp4;True;1.0;1.0;1.0
DIGITAL_CAMERA_native;digital_camera_native;D01_V_outdoor_panrot_0003.mp4;True;1.0;1.0;1.0
DIGITAL_CAMERA_native;digital_camera_native;D01_V_outdoor_panrot_0004.mp4;True;1.0;1.0;1.0
DIGITAL_CAMERA_native;digital_camera_native;D01_V_outdoor_still_0001.mp4;True;1.0;1.0;1.0
DIGITAL_CAMERA_native;digital_camera_native;D01_V_outdoor_still_0002.mp4;True;1.0;1.0;1.0
DIGITAL_CAMERA_native;digital_camera_native;D01_V_outdoor_still_0003.mp4;True;1.0;1.0;1.0
DIGITAL_CAMERA_native;digital_camera_native;D01_V_outdoor_still_0004.mp4;True;1.0;1.0;1.0
DIGITAL_CAMERA_native;digital_camera_native;D01_V_outdoorWA_move_0002.mp4;True;1.0;1.0;1.0
DIGITAL_CAMERA_native;digital_camera_native;D01_V_outdoorWA_move_0003.mp4;True;1.0;1.0;1.0
DIGITAL_CAMERA_native;digital_camera_native;D01_V_outdoorWA_move_0004.mp4;True;1.0;1.0;1.0
DIGITAL_CAMERA_native;digital_camera_native;D01_V_outdoorWA_panrot_0001.mp4;True;1.0;1.0;1.0
DIGITAL_CAMERA_native;digital_camera_native;D01_V_outdoorWA_panrot_0002.mp4;True;1.0;1.0;1.0
DIGITAL_CAMERA_native;digital_camera_native;D01_V_outdoorWA_panrot_0003.mp4;True;1.0;1.0;1.0
DIGITAL_CAMERA_native;digital_camera_native;D01_V_outdoorWA_panrot_0004.mp4;True;1.0;1.0;1.0
DIGITAL_CAMERA_native;digital_camera_native;D01_V_outdoorWA_still_0001.mp4;True;1.0;1.0;1.0
DIGITAL_CAMERA_native;digital_camera_native;D01_V_outdoorWA_still_0002.mp4;True;1.0;1.0;1.0
DIGITAL_CAMERA_native;digital_camera_native;D01_V_outdoorWA_still_0003.mp4;True;1.0;1.0;1.0
DIGITAL_CAMERA_native;digital_camera_native;D01_V_outdoorWA_still_0004.mp4;True;1.0;1.0;1.0
DIGITAL_CAMERA_native;digital_camera_native;D01_V_outdoorYT_panrot_0002.mp4;True;1.0;1.0;1.0
DIGITAL_CAMERA_native;digital_camera_native;D01_V_outdoorYT_panrot_0003.mp4;True;1.0;1.0;1.0
DIGITAL_CAMERA_native;digital_camera_native;D01_V_outdoorYT_still_0001.mp4;True;1.0;1.0;1.0
DIGITAL_CAMERA_native;digital_camera_native;D01_V_outdoorYT_still_0002.mp4;True;1.0;1.0;1.0
DIGITAL_CAMERA_native;digital_camera_native;D01_V_outdoorYT_still_0003.mp4;True;1.0;1.0;1.0
DIGITAL_CAMERA_native;digital_camera_native;D02_V_flat_move_0002.mov;True;1.0;1.0;1.0
DIGITAL_CAMERA_native;digital_camera_native;D02_V_flat_panrot_0001.mov;True;1.0;1.0;1.0
DIGITAL_CAMERA_native;digital_camera_native;D02_V_flat_still_0001.mov;True;1.0;1.0;1.0
DIGITAL_CAMERA_native;digital_camera_native;D02_V_flatWA_move_0002.mp4;True;1.0;1.0;1.0
DIGITAL_CAMERA_native;digital_camera_native;D02_V_flatWA_panrot_0001.mp4;True;1.0;1.0;1.0
DIGITAL_CAMERA_native;digital_camera_native;D02_V_flatWA_still_0001.mp4;True;1.0;1.0;1.0
DIGITAL_CAMERA_native;digital_camera_native;D02_V_flatYT_move_0002.mp4;True;1.0;1.0;1.0
DIGITAL_CAMERA_native;digital_camera_native;D02_V_flatYT_panrot_0001.mp4;True;1.0;1.0;1.0
DIGITAL_CAMERA_native;digital_camera_native;D02_V_flatYT_still_0001.mp4;True;1.0;1.0;1.0
DIGITAL_CAMERA_native;digital_camera_native;D02_V_indoor_panrot_0001.mov;True;1.0;1.0;1.0
DIGITAL_CAMERA_native;digital_camera_native;D02_V_indoor_still_0001.mov;True;1.0;1.0;1.0
DIGITAL_CAMERA_native;digital_camera_native;D02_V_indoorWA_panrot_0001.mp4;True;1.0;1.0;1.0
DIGITAL_CAMERA_native;digital_camera_native;D02_V_indoorWA_still_0001.mp4;True;1.0;1.0;1.0
DIGITAL_CAMERA_native;digital_camera_native;D02_V_indoorYT_panrot_0001.mp4;True;1.0;1.0;1.0
DIGITAL_CAMERA_native;digital_camera_native;D02_V_indoorYT_still_0001.mp4;True;1.0;1.0;1.0
DIGITAL_CAMERA_native;digital_camera_native;D02_V_outdoor_panrot_0001.mov;True;1.0;1.0;1.0
DIGITAL_CAMERA_native;digital_camera_native;D02_V_outdoor_panrot_0002.mov;True;1.0;1.0;1.0
DIGITAL_CAMERA_native;digital_camera_native;D02_V_outdoor_still_0001.mov;True;1.0;1.0;1.0
DIGITAL_CAMERA_native;digital_camera_native;D02_V_outdoor_still_0002.mov;True;1.0;1.0;1.0
DIGITAL_CAMERA_native;digital_camera_native;D02_V_outdoor_still_0003.mov;True;1.0;1.0;1.0
DIGITAL_CAMERA_native;digital_camera_native;D02_V_outdoorWA_panrot_0001.mp4;True;1.0;1.0;1.0
DIGITAL_CAMERA_native;digital_camera_native;D02_V_outdoorWA_panrot_0002.mp4;True;1.0;1.0;1.0
DIGITAL_CAMERA_native;digital_camera_native;D02_V_outdoorWA_still_0001.mp4;True;1.0;1.0;1.0
DIGITAL_CAMERA_native;digital_camera_native;D02_V_outdoorWA_still_0002.mp4;True;1.0;1.0;1.0
DIGITAL_CAMERA_native;digital_camera_native;D02_V_outdoorWA_still_0003.mp4;True;1.0;1.0;1.0
DIGITAL_CAMERA_native;digital_camera_native;D02_V_outdoorYT_panrot_0001.mp4;True;1.0;1.0;1.0
DIGITAL_CAMERA_native;digital_camera_native;D02_V_outdoorYT_panrot_0002.mp4;True;1.0;1.0;1.0
DIGITAL_CAMERA_native;digital_camera_native;D02_V_outdoorYT_still_0001.mp4;True;1.0;1.0;1.0
DIGITAL_CAMERA_native;digital_camera_native;D02_V_outdoorYT_still_0002.mp4;True;1.0;1.0;1.0
DIGITAL_CAMERA_native;digital_camera_native;D02_V_outdoorYT_still_0003.mp4;True;1.0;1.0;1.0
DIGITAL_CAMERA_native;digital_camera_native;D03_V_flat_move_0002.mp4;True;1.0;1.0;1.0
DIGITAL_CAMERA_native;digital_camera_native;D03_V_flat_move_0003.mp4;True;1.0;1.0;1.0
DIGITAL_CAMERA_native;digital_camera_native;D03_V_flat_panrot_0001.mp4;True;1.0;1.0;1.0
DIGITAL_CAMERA_native;digital_camera_native;D03_V_flat_panrot_0002.mp4;True;1.0;1.0;1.0
DIGITAL_CAMERA_native;digital_camera_native;D03_V_flat_still_0001.mp4;True;1.0;1.0;1.0
DIGITAL_CAMERA_native;digital_camera_native;D03_V_flatWA_move_0002.mp4;True;1.0;1.0;1.0
DIGITAL_CAMERA_native;digital_camera_native;D03_V_flatWA_move_0003.mp4;True;1.0;1.0;1.0
DIGITAL_CAMERA_native;digital_camera_native;D03_V_flatWA_panrot_0001.mp4;True;1.0;1.0;1.0
DIGITAL_CAMERA_native;digital_camera_native;D03_V_flatWA_panrot_0002.mp4;True;1.0;1.0;1.0
DIGITAL_CAMERA_native;digital_camera_native;D03_V_flatWA_still_0001.mp4;True;1.0;1.0;1.0
DIGITAL_CAMERA_native;digital_camera_native;D03_V_flatYT_move_0002.mp4;True;1.0;1.0;1.0
DIGITAL_CAMERA_native;digital_camera_native;D03_V_flatYT_move_0003.mp4;True;1.0;1.0;1.0
DIGITAL_CAMERA_native;digital_camera_native;D03_V_flatYT_panrot_0001.mp4;True;1.0;1.0;1.0
DIGITAL_CAMERA_native;digital_camera_native;D03_V_flatYT_panrot_0002.mp4;True;1.0;1.0;1.0
DIGITAL_CAMERA_native;digital_camera_native;D03_V_flatYT_still_0001.mp4;True;1.0;1.0;1.0
DIGITAL_CAMERA_native;digital_camera_native;D03_V_indoor_move_0002.mp4;True;1.0;1.0;1.0
DIGITAL_CAMERA_native;digital_camera_native;D03_V_indoor_panrot_0001.mp4;True;1.0;1.0;1.0
DIGITAL_CAMERA_native;digital_camera_native;D03_V_indoor_panrot_0002.mp4;True;1.0;1.0;1.0
DIGITAL_CAMERA_native;digital_camera_native;D03_V_indoor_still_0001.mp4;True;1.0;1.0;1.0
DIGITAL_CAMERA_native;digital_camera_native;D03_V_indoor_still_0002.mp4;True;1.0;1.0;1.0
DIGITAL_CAMERA_native;digital_camera_native;D03_V_indoorWA_move_0002.mp4;True;1.0;1.0;1.0
DIGITAL_CAMERA_native;digital_camera_native;D03_V_indoorWA_panrot_0001.mp4;True;1.0;1.0;1.0
DIGITAL_CAMERA_native;digital_camera_native;D03_V_indoorWA_panrot_0002.mp4;True;1.0;1.0;1.0
DIGITAL_CAMERA_native;digital_camera_native;D03_V_indoorWA_still_0001.mp4;True;1.0;1.0;1.0
DIGITAL_CAMERA_native;digital_camera_native;D03_V_indoorWA_still_0002.mp4;True;1.0;1.0;1.0
DIGITAL_CAMERA_native;digital_camera_native;D03_V_indoorYT_move_0002.mp4;True;1.0;1.0;1.0
DIGITAL_CAMERA_native;digital_camera_native;D03_V_indoorYT_panrot_0001.mp4;True;1.0;1.0;1.0
DIGITAL_CAMERA_native;digital_camera_native;D03_V_indoorYT_panrot_0002.mp4;True;1.0;1.0;1.0
DIGITAL_CAMERA_native;digital_camera_native;D03_V_indoorYT_still_0001.mp4;True;1.0;1.0;1.0
DIGITAL_CAMERA_native;digital_camera_native;D03_V_indoorYT_still_0002.mp4;True;1.0;1.0;1.0
DIGITAL_CAMERA_native;digital_camera_native;D03_V_outdoor_move_0002.mp4;True;1.0;1.0;1.0
DIGITAL_CAMERA_native;digital_camera_native;D03_V_outdoor_panrot_0001.mp4;True;1.0;1.0;1.0
DIGITAL_CAMERA_native;digital_camera_native;D03_V_outdoor_panrot_0002.mp4;True;1.0;1.0;1.0
DIGITAL_CAMERA_native;digital_camera_native;D03_V_outdoor_still_0001.mp4;True;1.0;1.0;1.0
DIGITAL_CAMERA_native;digital_camera_native;D03_V_outdoor_still_0002.mp4;True;1.0;1.0;1.0
DIGITAL_CAMERA_native;digital_camera_native;D03_V_outdoorWA_move_0002.mp4;True;1.0;1.0;1.0
DIGITAL_CAMERA_native;digital_camera_native;D03_V_outdoorWA_panrot_0001.mp4;True;1.0;1.0;1.0
DIGITAL_CAMERA_native;digital_camera_native;D03_V_outdoorWA_panrot_0002.mp4;True;1.0;1.0;1.0
DIGITAL_CAMERA_native;digital_camera_native;D03_V_outdoorWA_still_0001.mp4;True;1.0;1.0;1.0
DIGITAL_CAMERA_native;digital_camera_native;D03_V_outdoorWA_still_0002.mp4;True;1.0;1.0;1.0
DIGITAL_CAMERA_native;digital_camera_native;D03_V_outdoorYT_move_0002.mp4;True;1.0;1.0;1.0
DIGITAL_CAMERA_native;digital_camera_native;D03_V_outdoorYT_panrot_0001.mp4;True;1.0;1.0;1.0
DIGITAL_CAMERA_native;digital_camera_native;D03_V_outdoorYT_panrot_0002.mp4;True;1.0;1.0;1.0
DIGITAL_CAMERA_native;digital_camera_native;D03_V_outdoorYT_still_0001.mp4;True;1.0;1.0;1.0
DIGITAL_CAMERA_native;digital_camera_native;D03_V_outdoorYT_still_0002.mp4;True;1.0;1.0;1.0
DIGITAL_CAMERA_native;digital_camera_native;D04_V_flat_move_0002.mp4;True;1.0;1.0;1.0
DIGITAL_CAMERA_native;digital_camera_native;D04_V_flat_move_0003.mp4;True;1.0;1.0;1.0
DIGITAL_CAMERA_native;digital_camera_native;D04_V_flat_panrot_0001.mp4;True;1.0;1.0;1.0
DIGITAL_CAMERA_native;digital_camera_native;D04_V_flat_panrot_0002.mp4;True;1.0;1.0;1.0
DIGITAL_CAMERA_native;digital_camera_native;D04_V_flat_still_0001.mp4;True;1.0;1.0;1.0
DIGITAL_CAMERA_native;digital_camera_native;D04_V_flat_still_0002.mp4;True;1.0;1.0;1.0
DIGITAL_CAMERA_native;digital_camera_native;D04_V_flatWA_move_0002.mp4;True;1.0;1.0;1.0
DIGITAL_CAMERA_native;digital_camera_native;D04_V_flatWA_move_0003.mp4;True;1.0;1.0;1.0
DIGITAL_CAMERA_native;digital_camera_native;D04_V_flatWA_panrot_0001.mp4;True;1.0;1.0;1.0
DIGITAL_CAMERA_native;digital_camera_native;D04_V_flatWA_panrot_0002.mp4;True;1.0;1.0;1.0
DIGITAL_CAMERA_native;digital_camera_native;D04_V_flatWA_still_0001.mp4;True;1.0;1.0;1.0
DIGITAL_CAMERA_native;digital_camera_native;D04_V_flatWA_still_0002.mp4;True;1.0;1.0;1.0
DIGITAL_CAMERA_native;digital_camera_native;D04_V_flatYT_move_0002.mp4;True;1.0;1.0;1.0
DIGITAL_CAMERA_native;digital_camera_native;D04_V_flatYT_move_0003.mp4;True;1.0;1.0;1.0
DIGITAL_CAMERA_native;digital_camera_native;D04_V_flatYT_panrot_0001.mp4;True;1.0;1.0;1.0
DIGITAL_CAMERA_native;digital_camera_native;D04_V_flatYT_panrot_0002.mp4;True;1.0;1.0;1.0
DIGITAL_CAMERA_native;digital_camera_native;D04_V_flatYT_still_0001.mp4;True;1.0;1.0;1.0
DIGITAL_CAMERA_native;digital_camera_native;D04_V_flatYT_still_0002.mp4;True;1.0;1.0;1.0
DIGITAL_CAMERA_native;digital_camera_native;D04_V_indoor_move_0002.mp4;True;1.0;1.0;1.0
DIGITAL_CAMERA_native;digital_camera_native;D04_V_indoor_panrot_0001.mp4;True;1.0;1.0;1.0
DIGITAL_CAMERA_native;digital_camera_native;D04_V_indoor_panrot_0002.mp4;True;1.0;1.0;1.0
DIGITAL_CAMERA_native;digital_camera_native;D04_V_indoor_still_0001.mp4;True;1.0;1.0;1.0
DIGITAL_CAMERA_native;digital_camera_native;D04_V_indoor_still_0002.mp4;True;1.0;1.0;1.0
DIGITAL_CAMERA_native;digital_camera_native;D04_V_indoorWA_panrot_0001.mp4;True;1.0;1.0;1.0
DIGITAL_CAMERA_native;digital_camera_native;D04_V_indoorWA_panrot_0002.mp4;True;1.0;1.0;1.0
DIGITAL_CAMERA_native;digital_camera_native;D04_V_indoorWA_still_0001.mp4;True;1.0;1.0;1.0
DIGITAL_CAMERA_native;digital_camera_native;D04_V_indoorWA_still_0002.mp4;True;1.0;1.0;1.0
DIGITAL_CAMERA_native;digital_camera_native;D04_V_indoorYT_move_0002.mp4;True;1.0;1.0;1.0
DIGITAL_CAMERA_native;digital_camera_native;D04_V_indoorYT_panrot_0001.mp4;True;1.0;1.0;1.0
DIGITAL_CAMERA_native;digital_camera_native;D04_V_indoorYT_panrot_0002.mp4;True;1.0;1.0;1.0
DIGITAL_CAMERA_native;digital_camera_native;D04_V_indoorYT_still_0001.mp4;True;1.0;1.0;1.0
DIGITAL_CAMERA_native;digital_camera_native;D04_V_indoorYT_still_0002.mp4;True;1.0;1.0;1.0
DIGITAL_CAMERA_native;digital_camera_native;D04_V_outdoor_move_0002.mp4;True;1.0;1.0;1.0
DIGITAL_CAMERA_native;digital_camera_native;D04_V_outdoor_panrot_0001.mp4;True;1.0;1.0;1.0
DIGITAL_CAMERA_native;digital_camera_native;D04_V_outdoor_panrot_0002.mp4;True;1.0;1.0;1.0
DIGITAL_CAMERA_native;digital_camera_native;D04_V_outdoor_still_0001.mp4;True;1.0;1.0;1.0
DIGITAL_CAMERA_native;digital_camera_native;D04_V_outdoor_still_0002.mp4;True;1.0;1.0;1.0
DIGITAL_CAMERA_native;digital_camera_native;D04_V_outdoorWA_move_0002.mp4;True;1.0;1.0;1.0
DIGITAL_CAMERA_native;digital_camera_native;D04_V_outdoorWA_panrot_0001.mp4;True;1.0;1.0;1.0
DIGITAL_CAMERA_native;digital_camera_native;D04_V_outdoorWA_panrot_0002.mp4;True;1.0;1.0;1.0
DIGITAL_CAMERA_native;digital_camera_native;D04_V_outdoorWA_still_0001.mp4;True;1.0;1.0;1.0
DIGITAL_CAMERA_native;digital_camera_native;D04_V_outdoorWA_still_0002.mp4;True;1.0;1.0;1.0
DIGITAL_CAMERA_native;digital_camera_native;D04_V_outdoorYT_move_0002.mp4;True;1.0;1.0;1.0
DIGITAL_CAMERA_native;digital_camera_native;D04_V_outdoorYT_panrot_0001.mp4;True;1.0;1.0;1.0
DIGITAL_CAMERA_native;digital_camera_native;D04_V_outdoorYT_panrot_0002.mp4;True;1.0;1.0;1.0
DIGITAL_CAMERA_native;digital_camera_native;D04_V_outdoorYT_still_0001.mp4;True;1.0;1.0;1.0
DIGITAL_CAMERA_native;digital_camera_native;D04_V_outdoorYT_still_0002.mp4;True;1.0;1.0;1.0
DIGITAL_CAMERA_native;digital_camera_native;D05_V_flat_move_0002.mov;True;1.0;1.0;1.0
DIGITAL_CAMERA_native;digital_camera_native;D05_V_flat_move_0003.mov;True;1.0;1.0;1.0
DIGITAL_CAMERA_native;digital_camera_native;D05_V_flat_panrot_0001.mov;True;1.0;1.0;1.0
DIGITAL_CAMERA_native;digital_camera_native;D05_V_flat_panrot_0002.mov;True;1.0;1.0;1.0
DIGITAL_CAMERA_native;digital_camera_native;D05_V_flat_still_0001.mov;True;1.0;1.0;1.0
DIGITAL_CAMERA_native;digital_camera_native;D05_V_flat_still_0002.mov;True;1.0;1.0;1.0
DIGITAL_CAMERA_native;digital_camera_native;D05_V_flatWA_move_0002.mp4;True;1.0;1.0;1.0
DIGITAL_CAMERA_native;digital_camera_native;D05_V_flatWA_move_0003.mp4;True;1.0;1.0;1.0
DIGITAL_CAMERA_native;digital_camera_native;D05_V_flatWA_panrot_0001.mp4;True;1.0;1.0;1.0
DIGITAL_CAMERA_native;digital_camera_native;D05_V_flatWA_panrot_0002.mp4;True;1.0;1.0;1.0
DIGITAL_CAMERA_native;digital_camera_native;D05_V_flatWA_still_0001.mp4;True;1.0;1.0;1.0
DIGITAL_CAMERA_native;digital_camera_native;D05_V_flatWA_still_0002.mp4;True;1.0;1.0;1.0
DIGITAL_CAMERA_native;digital_camera_native;D05_V_flatYT_move_0002.mp4;True;1.0;1.0;1.0
DIGITAL_CAMERA_native;digital_camera_native;D05_V_flatYT_move_0003.mp4;True;1.0;1.0;1.0
DIGITAL_CAMERA_native;digital_camera_native;D05_V_flatYT_panrot_0001.mp4;True;1.0;1.0;1.0
DIGITAL_CAMERA_native;digital_camera_native;D05_V_flatYT_panrot_0002.mp4;True;1.0;1.0;1.0
DIGITAL_CAMERA_native;digital_camera_native;D05_V_flatYT_still_0001.mp4;True;1.0;1.0;1.0
DIGITAL_CAMERA_native;digital_camera_native;D05_V_flatYT_still_0002.mp4;True;1.0;1.0;1.0
DIGITAL_CAMERA_native;digital_camera_native;D05_V_indoor_move_0002.mov;True;1.0;1.0;1.0
DIGITAL_CAMERA_native;digital_camera_native;D05_V_indoor_panrot_0001.mov;True;1.0;1.0;1.0
DIGITAL_CAMERA_native;digital_camera_native;D05_V_indoor_panrot_0002.mov;True;1.0;1.0;1.0
DIGITAL_CAMERA_native;digital_camera_native;D05_V_indoor_still_0001.mov;True;1.0;1.0;1.0
DIGITAL_CAMERA_native;digital_camera_native;D05_V_indoor_still_0002.mov;True;1.0;1.0;1.0
DIGITAL_CAMERA_native;digital_camera_native;D05_V_indoorWA_move_0002.mp4;True;1.0;1.0;1.0
DIGITAL_CAMERA_native;digital_camera_native;D05_V_indoorWA_panrot_0001.mp4;True;1.0;1.0;1.0
DIGITAL_CAMERA_native;digital_camera_native;D05_V_indoorWA_panrot_0002.mp4;True;1.0;1.0;1.0
DIGITAL_CAMERA_native;digital_camera_native;D05_V_indoorWA_still_0001.mp4;True;1.0;1.0;1.0
DIGITAL_CAMERA_native;digital_camera_native;D05_V_indoorWA_still_0002.mp4;True;1.0;1.0;1.0
DIGITAL_CAMERA_native;digital_camera_native;D05_V_indoorYT_move_0002.mp4;True;1.0;1.0;1.0
DIGITAL_CAMERA_native;digital_camera_native;D05_V_indoorYT_panrot_0001.mp4;True;1.0;1.0;1.0
DIGITAL_CAMERA_native;digital_camera_native;D05_V_indoorYT_panrot_0002.mp4;True;1.0;1.0;1.0
DIGITAL_CAMERA_native;digital_camera_native;D05_V_indoorYT_still_0001.mp4;True;1.0;1.0;1.0
DIGITAL_CAMERA_native;digital_camera_native;D05_V_indoorYT_still_0002.mp4;True;1.0;1.0;1.0
DIGITAL_CAMERA_native;digital_camera_native;D05_V_outdoor_move_0002.mov;True;1.0;1.0;1.0
DIGITAL_CAMERA_native;digital_camera_native;D05_V_outdoor_panrot_0001.mov;True;1.0;1.0;1.0
DIGITAL_CAMERA_native;digital_camera_native;D05_V_outdoor_panrot_0002.mov;True;1.0;1.0;1.0
DIGITAL_CAMERA_native;digital_camera_native;D05_V_outdoor_still_0001.mov;True;1.0;1.0;1.0
DIGITAL_CAMERA_native;digital_camera_native;D05_V_outdoor_still_0002.mov;True;1.0;1.0;1.0
DIGITAL_CAMERA_native;digital_camera_native;D05_V_outdoorWA_move_0002.mp4;True;1.0;1.0;1.0
DIGITAL_CAMERA_native;digital_camera_native;D05_V_outdoorWA_panrot_0001.mp4;True;1.0;1.0;1.0
DIGITAL_CAMERA_native;digital_camera_native;D05_V_outdoorWA_panrot_0002.mp4;True;1.0;1.0;1.0
DIGITAL_CAMERA_native;digital_camera_native;D05_V_outdoorWA_still_0001.mp4;True;1.0;1.0;1.0
DIGITAL_CAMERA_native;digital_camera_native;D05_V_outdoorWA_still_0002.mp4;True;1.0;1.0;1.0
DIGITAL_CAMERA_native;digital_camera_native;D05_V_outdoorYT_move_0002.mp4;True;1.0;1.0;1.0
DIGITAL_CAMERA_native;digital_camera_native;D05_V_outdoorYT_panrot_0001.mp4;True;1.0;1.0;1.0
DIGITAL_CAMERA_native;digital_camera_native;D05_V_outdoorYT_panrot_0002.mp4;True;1.0;1.0;1.0
DIGITAL_CAMERA_native;digital_camera_native;D05_V_outdoorYT_still_0001.mp4;True;1.0;1.0;1.0
DIGITAL_CAMERA_native;digital_camera_native;D05_V_outdoorYT_still_0002.mp4;True;1.0;1.0;1.0
DIGITAL_CAMERA_native;digital_camera_native;D06_V_flat_move_0002.mov;True;1.0;1.0;1.0
DIGITAL_CAMERA_native;digital_camera_native;D06_V_flat_panrot_0001.mov;True;1.0;1.0;1.0
DIGITAL_CAMERA_native;digital_camera_native;D06_V_flat_panrot_0002.mov;True;1.0;1.0;1.0
DIGITAL_CAMERA_native;digital_camera_native;D06_V_flat_still_0001.mov;True;1.0;1.0;1.0
DIGITAL_CAMERA_native;digital_camera_native;D06_V_flatWA_move_0002.mp4;True;1.0;1.0;1.0
DIGITAL_CAMERA_native;digital_camera_native;D06_V_flatWA_panrot_0001.mp4;True;1.0;1.0;1.0
DIGITAL_CAMERA_native;digital_camera_native;D06_V_flatWA_panrot_0002.mp4;True;1.0;1.0;1.0
DIGITAL_CAMERA_native;digital_camera_native;D06_V_flatWA_still_0001.mp4;True;1.0;1.0;1.0
DIGITAL_CAMERA_native;digital_camera_native;D06_V_flatYT_panrot_0001.mp4;True;1.0;1.0;1.0
DIGITAL_CAMERA_native;digital_camera_native;D06_V_flatYT_panrot_0002.mp4;True;1.0;1.0;1.0
DIGITAL_CAMERA_native;digital_camera_native;D06_V_flatYT_still_0001.mp4;True;1.0;1.0;1.0
DIGITAL_CAMERA_native;digital_camera_native;D06_V_indoor_move_0002.mov;True;1.0;1.0;1.0
DIGITAL_CAMERA_native;digital_camera_native;D06_V_indoor_panrot_0001.mov;True;1.0;1.0;1.0
DIGITAL_CAMERA_native;digital_camera_native;D06_V_indoor_panrot_0002.mov;True;1.0;1.0;1.0
DIGITAL_CAMERA_native;digital_camera_native;D06_V_indoor_still_0001.mov;True;1.0;1.0;1.0
DIGITAL_CAMERA_native;digital_camera_native;D06_V_indoor_still_0002.mov;True;1.0;1.0;1.0
DIGITAL_CAMERA_native;digital_camera_native;D06_V_indoorWA_move_0002.mov.mp4;True;1.0;1.0;1.0
DIGITAL_CAMERA_native;digital_camera_native;D06_V_indoorWA_panrot_0001.mp4;True;1.0;1.0;1.0
DIGITAL_CAMERA_native;digital_camera_native;D06_V_indoorWA_panrot_0002.mp4;True;1.0;1.0;1.0
DIGITAL_CAMERA_native;digital_camera_native;D06_V_indoorWA_still_0001.mp4;True;1.0;1.0;1.0
DIGITAL_CAMERA_native;digital_camera_native;D06_V_indoorWA_still_0002.mp4;True;1.0;1.0;1.0
DIGITAL_CAMERA_native;digital_camera_native;D06_V_indoorYT_panrot_0001.mp4;True;1.0;1.0;1.0
DIGITAL_CAMERA_native;digital_camera_native;D06_V_indoorYT_panrot_0002.mp4;True;1.0;1.0;1.0
DIGITAL_CAMERA_native;digital_camera_native;D06_V_indoorYT_still_0001.mp4;True;1.0;1.0;1.0
DIGITAL_CAMERA_native;digital_camera_native;D06_V_indoorYT_still_0002.mp4;True;1.0;1.0;1.0
DIGITAL_CAMERA_native;digital_camera_native;D06_V_outdoor_move_0002.mov;True;1.0;1.0;1.0
DIGITAL_CAMERA_native;digital_camera_native;D06_V_outdoor_panrot_0001.mov;True;1.0;1.0;1.0
DIGITAL_CAMERA_native;digital_camera_native;D06_V_outdoor_panrot_0002.mov;True;1.0;1.0;1.0
DIGITAL_CAMERA_native;digital_camera_native;D06_V_outdoor_still_0001.mov;True;1.0;1.0;1.0
DIGITAL_CAMERA_native;digital_camera_native;D06_V_outdoor_still_0002.mov;True;1.0;1.0;1.0
DIGITAL_CAMERA_native;digital_camera_native;D06_V_outdoorWA_move_0002.mp4;True;1.0;1.0;1.0
DIGITAL_CAMERA_native;digital_camera_native;D06_V_outdoorWA_panrot_0001.mp4;True;1.0;1.0;1.0
DIGITAL_CAMERA_native;digital_camera_native;D06_V_outdoorWA_panrot_0002.mov.mp4;True;1.0;1.0;1.0
DIGITAL_CAMERA_native;digital_camera_native;D06_V_outdoorWA_still_0001.mp4;True;1.0;1.0;1.0
DIGITAL_CAMERA_native;digital_camera_native;D06_V_outdoorWA_still_0002.mp4;True;1.0;1.0;1.0
DIGITAL_CAMERA_native;digital_camera_native;D06_V_outdoorYT_move_0002.mp4;True;1.0;1.0;1.0
DIGITAL_CAMERA_native;digital_camera_native;D06_V_outdoorYT_panrot_0001.mp4;True;1.0;1.0;1.0
DIGITAL_CAMERA_native;digital_camera_native;D06_V_outdoorYT_panrot_0002.mp4;True;1.0;1.0;1.0
DIGITAL_CAMERA_native;digital_camera_native;D06_V_outdoorYT_still_0001.mp4;True;1.0;1.0;1.0
DIGITAL_CAMERA_native;digital_camera_native;D06_V_outdoorYT_still_0002.mp4;True;1.0;1.0;1.0
DIGITAL_CAMERA_native;digital_camera_native;D07_V_flatWA_move_0002.mp4;True;1.0;1.0;1.0
DIGITAL_CAMERA_native;digital_camera_native;D07_V_flatWA_move_0003.mp4;True;1.0;1.0;1.0
DIGITAL_CAMERA_native;digital_camera_native;D07_V_flatWA_panrot_0001.mp4;True;1.0;1.0;1.0
DIGITAL_CAMERA_native;digital_camera_native;D07_V_flatWA_panrot_0002.mp4;True;1.0;1.0;1.0
DIGITAL_CAMERA_native;digital_camera_native;D07_V_flatWA_still_0001.mp4;True;1.0;1.0;1.0
DIGITAL_CAMERA_native;digital_camera_native;D07_V_flatWA_still_0002.mp4;True;1.0;1.0;1.0
DIGITAL_CAMERA_native;digital_camera_native;D07_V_flatYT_move_0002.mp4;True;1.0;1.0;1.0
DIGITAL_CAMERA_native;digital_camera_native;D07_V_flatYT_move_0003.mp4;True;1.0;1.0;1.0
DIGITAL_CAMERA_native;digital_camera_native;D07_V_flatYT_panrot_0001.mp4;True;1.0;1.0;1.0
DIGITAL_CAMERA_native;digital_camera_native;D07_V_flatYT_panrot_0002.mp4;True;1.0;1.0;1.0
DIGITAL_CAMERA_native;digital_camera_native;D07_V_flatYT_still_0001.mp4;True;1.0;1.0;1.0
DIGITAL_CAMERA_native;digital_camera_native;D07_V_flatYT_still_0002.mp4;True;1.0;1.0;1.0
DIGITAL_CAMERA_native;digital_camera_native;D07_V_indoorWA_move_0002.mp4;True;1.0;1.0;1.0
DIGITAL_CAMERA_native;digital_camera_native;D07_V_indoorWA_panrot_0001.mp4;True;1.0;1.0;1.0
DIGITAL_CAMERA_native;digital_camera_native;D07_V_indoorWA_panrot_0002.mp4;True;1.0;1.0;1.0
DIGITAL_CAMERA_native;digital_camera_native;D07_V_indoorWA_still_0001.mp4;True;1.0;1.0;1.0
DIGITAL_CAMERA_native;digital_camera_native;D07_V_indoorWA_still_0002.mp4;True;1.0;1.0;1.0
DIGITAL_CAMERA_native;digital_camera_native;D07_V_indoorYT_move_0002.mp4;True;1.0;1.0;1.0
DIGITAL_CAMERA_native;digital_camera_native;D07_V_indoorYT_panrot_0001.mp4;True;1.0;1.0;1.0
DIGITAL_CAMERA_native;digital_camera_native;D07_V_indoorYT_panrot_0002.mp4;True;1.0;1.0;1.0
DIGITAL_CAMERA_native;digital_camera_native;D07_V_indoorYT_still_0001.mp4;True;1.0;1.0;1.0
DIGITAL_CAMERA_native;digital_camera_native;D07_V_indoorYT_still_0002.mp4;True;1.0;1.0;1.0
DIGITAL_CAMERA_native;digital_camera_native;D07_V_outdoorWA_move_0002.mp4;True;1.0;1.0;1.0
DIGITAL_CAMERA_native;digital_camera_native;D07_V_outdoorWA_panrot_0001.mp4;True;1.0;1.0;1.0
DIGITAL_CAMERA_native;digital_camera_native;D07_V_outdoorWA_panrot_0002.mp4;True;1.0;1.0;1.0
DIGITAL_CAMERA_native;digital_camera_native;D07_V_outdoorWA_still_0001.mp4;True;1.0;1.0;1.0
DIGITAL_CAMERA_native;digital_camera_native;D07_V_outdoorWA_still_0002.mp4;True;1.0;1.0;1.0
DIGITAL_CAMERA_native;digital_camera_native;D07_V_outdoorYT_move_0002.mp4;True;1.0;1.0;1.0
DIGITAL_CAMERA_native;digital_camera_native;D07_V_outdoorYT_panrot_0001.mp4;True;1.0;1.0;1.0
DIGITAL_CAMERA_native;digital_camera_native;D07_V_outdoorYT_panrot_0002.mp4;True;1.0;1.0;1.0
DIGITAL_CAMERA_native;digital_camera_native;D07_V_outdoorYT_still_0001.mp4;True;1.0;1.0;1.0
DIGITAL_CAMERA_native;digital_camera_native;D07_V_outdoorYT_still_0002.mp4;True;1.0;1.0;1.0
DIGITAL_CAMERA_native;digital_camera_native;D08_V_flat_move_0002.mp4;True;1.0;1.0;1.0
DIGITAL_CAMERA_native;digital_camera_native;D08_V_flat_move_0003.mp4;True;1.0;1.0;1.0
DIGITAL_CAMERA_native;digital_camera_native;D08_V_flat_move_0004.mp4;True;1.0;1.0;1.0
DIGITAL_CAMERA_native;digital_camera_native;D08_V_flat_panrot_0001.mp4;True;1.0;1.0;1.0
DIGITAL_CAMERA_native;digital_camera_native;D08_V_flat_panrot_0002.mp4;True;1.0;1.0;1.0
DIGITAL_CAMERA_native;digital_camera_native;D08_V_flat_panrot_0003.mp4;True;1.0;1.0;1.0
DIGITAL_CAMERA_native;digital_camera_native;D08_V_flat_panrot_0004.mp4;True;1.0;1.0;1.0
DIGITAL_CAMERA_native;digital_camera_native;D08_V_flat_still_0001.mp4;True;1.0;1.0;1.0
DIGITAL_CAMERA_native;digital_camera_native;D08_V_flat_still_0002.mp4;True;1.0;1.0;1.0
DIGITAL_CAMERA_native;digital_camera_native;D08_V_flat_still_0003.mp4;True;1.0;1.0;1.0
DIGITAL_CAMERA_native;digital_camera_native;D08_V_flat_still_0004.mp4;True;1.0;1.0;1.0
DIGITAL_CAMERA_native;digital_camera_native;D08_V_flat_still_0005.mp4;True;1.0;1.0;1.0
DIGITAL_CAMERA_native;digital_camera_native;D08_V_flatWA_move_0002.mp4;True;1.0;1.0;1.0
DIGITAL_CAMERA_native;digital_camera_native;D08_V_flatWA_move_0003.mp4;True;1.0;1.0;1.0
DIGITAL_CAMERA_native;digital_camera_native;D08_V_flatWA_move_0004.mp4;True;1.0;1.0;1.0
DIGITAL_CAMERA_native;digital_camera_native;D08_V_flatWA_panrot_0001.mp4;True;1.0;1.0;1.0
DIGITAL_CAMERA_native;digital_camera_native;D08_V_flatWA_panrot_0003.mp4;True;1.0;1.0;1.0
DIGITAL_CAMERA_native;digital_camera_native;D08_V_flatWA_panrot_0004.mp4;True;1.0;1.0;1.0
DIGITAL_CAMERA_native;digital_camera_native;D08_V_flatWA_still_0001.mp4;True;1.0;1.0;1.0
DIGITAL_CAMERA_native;digital_camera_native;D08_V_flatWA_still_0002.mp4;True;1.0;1.0;1.0
DIGITAL_CAMERA_native;digital_camera_native;D08_V_flatWA_still_0003.mp4;True;1.0;1.0;1.0
DIGITAL_CAMERA_native;digital_camera_native;D08_V_flatWA_still_0004.mp4;True;1.0;1.0;1.0
DIGITAL_CAMERA_native;digital_camera_native;D08_V_flatWA_still_0005.mp4;True;1.0;1.0;1.0
DIGITAL_CAMERA_native;digital_camera_native;D08_V_flatYT_move_0002.mp4;True;1.0;1.0;1.0
DIGITAL_CAMERA_native;digital_camera_native;D08_V_flatYT_move_0003.mp4;True;1.0;1.0;1.0
DIGITAL_CAMERA_native;digital_camera_native;D08_V_flatYT_move_0004.mp4;True;1.0;1.0;1.0
DIGITAL_CAMERA_native;digital_camera_native;D08_V_flatYT_panrot_0001.mp4;True;1.0;1.0;1.0
DIGITAL_CAMERA_native;digital_camera_native;D08_V_flatYT_panrot_0002.mp4;True;1.0;1.0;1.0
DIGITAL_CAMERA_native;digital_camera_native;D08_V_flatYT_panrot_0003.mp4;True;1.0;1.0;1.0
DIGITAL_CAMERA_native;digital_camera_native;D08_V_flatYT_panrot_0004.mp4;True;1.0;1.0;1.0
DIGITAL_CAMERA_native;digital_camera_native;D08_V_flatYT_still_0001.mp4;True;1.0;1.0;1.0
DIGITAL_CAMERA_native;digital_camera_native;D08_V_flatYT_still_0002.mp4;True;1.0;1.0;1.0
DIGITAL_CAMERA_native;digital_camera_native;D08_V_flatYT_still_0003.mp4;True;1.0;1.0;1.0
DIGITAL_CAMERA_native;digital_camera_native;D08_V_flatYT_still_0004.mp4;True;1.0;1.0;1.0
DIGITAL_CAMERA_native;digital_camera_native;D08_V_flatYT_still_0005.mp4;True;1.0;1.0;1.0
DIGITAL_CAMERA_native;digital_camera_native;D08_V_indoor_move_0002.mp4;True;1.0;1.0;1.0
DIGITAL_CAMERA_native;digital_camera_native;D08_V_indoor_move_0003.mp4;True;1.0;1.0;1.0
DIGITAL_CAMERA_native;digital_camera_native;D08_V_indoor_move_0004.mp4;True;1.0;1.0;1.0
DIGITAL_CAMERA_native;digital_camera_native;D08_V_indoor_panrot_0001.mp4;True;1.0;1.0;1.0
DIGITAL_CAMERA_native;digital_camera_native;D08_V_indoor_panrot_0002.mp4;True;1.0;1.0;1.0
DIGITAL_CAMERA_native;digital_camera_native;D08_V_indoor_panrot_0003.mp4;True;1.0;1.0;1.0
DIGITAL_CAMERA_native;digital_camera_native;D08_V_indoor_panrot_0004.mp4;True;1.0;1.0;1.0
DIGITAL_CAMERA_native;digital_camera_native;D08_V_indoor_still_0001.mp4;True;1.0;1.0;1.0
DIGITAL_CAMERA_native;digital_camera_native;D08_V_indoor_still_0002.mp4;True;1.0;1.0;1.0
DIGITAL_CAMERA_native;digital_camera_native;D08_V_indoor_still_0003.mp4;True;1.0;1.0;1.0
DIGITAL_CAMERA_native;digital_camera_native;D08_V_indoor_still_0004.mp4;True;1.0;1.0;1.0
DIGITAL_CAMERA_native;digital_camera_native;D08_V_indoorWA_move_0002.mp4;True;1.0;1.0;1.0
DIGITAL_CAMERA_native;digital_camera_native;D08_V_indoorWA_move_0003.mp4;True;1.0;1.0;1.0
DIGITAL_CAMERA_native;digital_camera_native;D08_V_indoorWA_move_0004.mp4;True;1.0;1.0;1.0
DIGITAL_CAMERA_native;digital_camera_native;D08_V_indoorWA_panrot_0001.mp4;True;1.0;1.0;1.0
DIGITAL_CAMERA_native;digital_camera_native;D08_V_indoorWA_panrot_0002.mp4;True;1.0;1.0;1.0
DIGITAL_CAMERA_native;digital_camera_native;D08_V_indoorWA_panrot_0003.mp4;True;1.0;1.0;1.0
DIGITAL_CAMERA_native;digital_camera_native;D08_V_indoorWA_panrot_0004.mp4;True;1.0;1.0;1.0
DIGITAL_CAMERA_native;digital_camera_native;D08_V_indoorWA_still_0001.mp4;True;1.0;1.0;1.0
DIGITAL_CAMERA_native;digital_camera_native;D08_V_indoorWA_still_0002.mp4;True;1.0;1.0;1.0
DIGITAL_CAMERA_native;digital_camera_native;D08_V_indoorWA_still_0003.mp4;True;1.0;1.0;1.0
DIGITAL_CAMERA_native;digital_camera_native;D08_V_indoorWA_still_0004.mp4;True;1.0;1.0;1.0
DIGITAL_CAMERA_native;digital_camera_native;D08_V_indoorYT_move_0002.mp4;True;1.0;1.0;1.0
DIGITAL_CAMERA_native;digital_camera_native;D08_V_indoorYT_move_0003.mp4;True;1.0;1.0;1.0
DIGITAL_CAMERA_native;digital_camera_native;D08_V_indoorYT_move_0004.mp4;True;1.0;1.0;1.0
DIGITAL_CAMERA_native;digital_camera_native;D08_V_indoorYT_panrot_0001.mp4;True;1.0;1.0;1.0
DIGITAL_CAMERA_native;digital_camera_native;D08_V_indoorYT_panrot_0002.mp4;True;1.0;1.0;1.0
DIGITAL_CAMERA_native;digital_camera_native;D08_V_indoorYT_still_0001.mp4;True;1.0;1.0;1.0
DIGITAL_CAMERA_native;digital_camera_native;D08_V_indoorYT_still_0002.mp4;True;1.0;1.0;1.0
DIGITAL_CAMERA_native;digital_camera_native;D08_V_indoorYT_still_0003.mp4;True;1.0;1.0;1.0
DIGITAL_CAMERA_native;digital_camera_native;D08_V_outdoor_move_0002.mp4;True;1.0;1.0;1.0
DIGITAL_CAMERA_native;digital_camera_native;D08_V_outdoor_move_0003.mp4;True;1.0;1.0;1.0
DIGITAL_CAMERA_native;digital_camera_native;D08_V_outdoor_move_0004.mp4;True;1.0;1.0;1.0
DIGITAL_CAMERA_native;digital_camera_native;D08_V_outdoor_panrot_0001.mp4;True;1.0;1.0;1.0
DIGITAL_CAMERA_native;digital_camera_native;D08_V_outdoor_panrot_0002.mp4;True;1.0;1.0;1.0
DIGITAL_CAMERA_native;digital_camera_native;D08_V_outdoor_panrot_0003.mp4;True;1.0;1.0;1.0
DIGITAL_CAMERA_native;digital_camera_native;D08_V_outdoor_panrot_0004.mp4;True;1.0;1.0;1.0
DIGITAL_CAMERA_native;digital_camera_native;D08_V_outdoor_still_0001.mp4;True;1.0;1.0;1.0
DIGITAL_CAMERA_native;digital_camera_native;D08_V_outdoor_still_0002.mp4;True;1.0;1.0;1.0
DIGITAL_CAMERA_native;digital_camera_native;D08_V_outdoor_still_0003.mp4;True;1.0;1.0;1.0
DIGITAL_CAMERA_native;digital_camera_native;D08_V_outdoor_still_0004.mp4;True;1.0;1.0;1.0
DIGITAL_CAMERA_native;digital_camera_native;D08_V_outdoorWA_move_0002.mp4;True;1.0;1.0;1.0
DIGITAL_CAMERA_native;digital_camera_native;D08_V_outdoorWA_move_0003.mp4;True;1.0;1.0;1.0
DIGITAL_CAMERA_native;digital_camera_native;D08_V_outdoorWA_move_0004.mp4;True;1.0;1.0;1.0
DIGITAL_CAMERA_native;digital_camera_native;D08_V_outdoorWA_panrot_0001.mp4;True;1.0;1.0;1.0
DIGITAL_CAMERA_native;digital_camera_native;D08_V_outdoorWA_panrot_0002.mp4;True;1.0;1.0;1.0
DIGITAL_CAMERA_native;digital_camera_native;D08_V_outdoorWA_panrot_0003.mp4;True;1.0;1.0;1.0
DIGITAL_CAMERA_native;digital_camera_native;D08_V_outdoorWA_panrot_0004.mp4;True;1.0;1.0;1.0
DIGITAL_CAMERA_native;digital_camera_native;D08_V_outdoorWA_still_0001.mp4;True;1.0;1.0;1.0
DIGITAL_CAMERA_native;digital_camera_native;D08_V_outdoorWA_still_0002.mp4;True;1.0;1.0;1.0
DIGITAL_CAMERA_native;digital_camera_native;D08_V_outdoorWA_still_0003.mp4;True;1.0;1.0;1.0
DIGITAL_CAMERA_native;digital_camera_native;D08_V_outdoorWA_still_0004.mp4;True;1.0;1.0;1.0
DIGITAL_CAMERA_native;digital_camera_native;D08_V_outdoorYT_move_0002.mp4;True;1.0;1.0;1.0
DIGITAL_CAMERA_native;digital_camera_native;D08_V_outdoorYT_move_0003.mp4;True;1.0;1.0;1.0
DIGITAL_CAMERA_native;digital_camera_native;D08_V_outdoorYT_move_0004.mp4;True;1.0;1.0;1.0
DIGITAL_CAMERA_native;digital_camera_native;D08_V_outdoorYT_panrot_0001.mp4;True;1.0;1.0;1.0
DIGITAL_CAMERA_native;digital_camera_native;D08_V_outdoorYT_panrot_0002.mp4;True;1.0;1.0;1.0
DIGITAL_CAMERA_native;digital_camera_native;D08_V_outdoorYT_panrot_0003.mp4;True;1.0;1.0;1.0
DIGITAL_CAMERA_native;digital_camera_native;D08_V_outdoorYT_panrot_0004.mp4;True;1.0;1.0;1.0
DIGITAL_CAMERA_native;digital_camera_native;D08_V_outdoorYT_still_0001.mp4;True;1.0;1.0;1.0
DIGITAL_CAMERA_native;digital_camera_native;D08_V_outdoorYT_still_0002.mp4;True;1.0;1.0;1.0
DIGITAL_CAMERA_native;digital_camera_native;D08_V_outdoorYT_still_0003.mp4;True;1.0;1.0;1.0
DIGITAL_CAMERA_native;digital_camera_native;D08_V_outdoorYT_still_0004.mp4;True;1.0;1.0;1.0
DIGITAL_CAMERA_native;digital_camera_native;D09_V_flat_move_0002.mov;True;1.0;1.0;1.0
DIGITAL_CAMERA_native;digital_camera_native;D09_V_flat_move_0003.mov;True;1.0;1.0;1.0
DIGITAL_CAMERA_native;digital_camera_native;D09_V_flat_panrot_0001.mov;True;1.0;1.0;1.0
DIGITAL_CAMERA_native;digital_camera_native;D09_V_flat_panrot_0002.mov;True;1.0;1.0;1.0
DIGITAL_CAMERA_native;digital_camera_native;D09_V_flat_still_0001.mov;True;1.0;1.0;1.0
DIGITAL_CAMERA_native;digital_camera_native;D09_V_flat_still_0002.mov;True;1.0;1.0;1.0
DIGITAL_CAMERA_native;digital_camera_native;D09_V_flatWA_move_0002.mp4;True;1.0;1.0;1.0
DIGITAL_CAMERA_native;digital_camera_native;D09_V_flatWA_move_0003.mp4;True;1.0;1.0;1.0
DIGITAL_CAMERA_native;digital_camera_native;D09_V_flatWA_panrot_0001.mp4;True;1.0;1.0;1.0
DIGITAL_CAMERA_native;digital_camera_native;D09_V_flatWA_panrot_0002.mp4;True;1.0;1.0;1.0
DIGITAL_CAMERA_native;digital_camera_native;D09_V_flatWA_still_0001.mp4;True;1.0;1.0;1.0
DIGITAL_CAMERA_native;digital_camera_native;D09_V_flatWA_still_0002.mp4;True;1.0;1.0;1.0
DIGITAL_CAMERA_native;digital_camera_native;D09_V_flatYT_move_0002.mp4;True;1.0;1.0;1.0
DIGITAL_CAMERA_native;digital_camera_native;D09_V_flatYT_move_0003.mp4;True;1.0;1.0;1.0
DIGITAL_CAMERA_native;digital_camera_native;D09_V_flatYT_panrot_0001.mp4;True;1.0;1.0;1.0
DIGITAL_CAMERA_native;digital_camera_native;D09_V_flatYT_panrot_0002.mp4;True;1.0;1.0;1.0
DIGITAL_CAMERA_native;digital_camera_native;D09_V_flatYT_still_0001.mp4;True;1.0;1.0;1.0
DIGITAL_CAMERA_native;digital_camera_native;D09_V_flatYT_still_0002.mp4;True;1.0;1.0;1.0
DIGITAL_CAMERA_native;digital_camera_native;D09_V_indoor_move_0002.mov;True;1.0;1.0;1.0
DIGITAL_CAMERA_native;digital_camera_native;D09_V_indoor_panrot_0001.mov;True;1.0;1.0;1.0
DIGITAL_CAMERA_native;digital_camera_native;D09_V_indoor_panrot_0002.mov;True;1.0;1.0;1.0
DIGITAL_CAMERA_native;digital_camera_native;D09_V_indoor_still_0001.mov;True;1.0;1.0;1.0
DIGITAL_CAMERA_native;digital_camera_native;D09_V_indoor_still_0002.mov;True;1.0;1.0;1.0
DIGITAL_CAMERA_native;digital_camera_native;D09_V_indoorWA_move_0002.mp4;True;1.0;1.0;1.0
DIGITAL_CAMERA_native;digital_camera_native;D09_V_indoorWA_panrot_0001.mp4;True;1.0;1.0;1.0
DIGITAL_CAMERA_native;digital_camera_native;D09_V_indoorWA_panrot_0002.mp4;True;1.0;1.0;1.0
DIGITAL_CAMERA_native;digital_camera_native;D09_V_indoorWA_still_0001.mp4;True;1.0;1.0;1.0
DIGITAL_CAMERA_native;digital_camera_native;D09_V_indoorWA_still_0002.mp4;True;1.0;1.0;1.0
DIGITAL_CAMERA_native;digital_camera_native;D09_V_indoorYT_move_0002.mp4;True;1.0;1.0;1.0
DIGITAL_CAMERA_native;digital_camera_native;D09_V_indoorYT_panrot_0001.mp4;True;1.0;1.0;1.0
DIGITAL_CAMERA_native;digital_camera_native;D09_V_indoorYT_panrot_0002.mp4;True;1.0;1.0;1.0
DIGITAL_CAMERA_native;digital_camera_native;D09_V_indoorYT_still_0001.mp4;True;1.0;1.0;1.0
DIGITAL_CAMERA_native;digital_camera_native;D09_V_indoorYT_still_0002.mp4;True;1.0;1.0;1.0
DIGITAL_CAMERA_native;digital_camera_native;D09_V_outdoor_move_0002.mov;True;1.0;1.0;1.0
DIGITAL_CAMERA_native;digital_camera_native;D09_V_outdoor_panrot_0001.mov;True;1.0;1.0;1.0
DIGITAL_CAMERA_native;digital_camera_native;D09_V_outdoor_panrot_0002.mov;True;1.0;1.0;1.0
DIGITAL_CAMERA_native;digital_camera_native;D09_V_outdoor_still_0001.mov;True;1.0;1.0;1.0
DIGITAL_CAMERA_native;digital_camera_native;D09_V_outdoor_still_0002.mov;True;1.0;1.0;1.0
DIGITAL_CAMERA_native;digital_camera_native;D09_V_outdoorWA_move_0002.mp4;True;1.0;1.0;1.0
DIGITAL_CAMERA_native;digital_camera_native;D09_V_outdoorWA_panrot_0001.mp4;True;1.0;1.0;1.0
DIGITAL_CAMERA_native;digital_camera_native;D09_V_outdoorWA_panrot_0002.mp4;True;1.0;1.0;1.0
DIGITAL_CAMERA_native;digital_camera_native;D09_V_outdoorWA_still_0001.mp4;True;1.0;1.0;1.0
DIGITAL_CAMERA_native;digital_camera_native;D09_V_outdoorWA_still_0002.mp4;True;1.0;1.0;1.0
DIGITAL_CAMERA_native;digital_camera_native;D09_V_outdoorYT_move_0002.mp4;True;1.0;1.0;1.0
DIGITAL_CAMERA_native;digital_camera_native;D09_V_outdoorYT_panrot_0001.mp4;True;1.0;1.0;1.0
DIGITAL_CAMERA_native;digital_camera_native;D09_V_outdoorYT_panrot_0002.mp4;True;1.0;1.0;1.0
DIGITAL_CAMERA_native;digital_camera_native;D09_V_outdoorYT_still_0001.mp4;True;1.0;1.0;1.0
DIGITAL_CAMERA_native;digital_camera_native;D09_V_outdoorYT_still_0002.mp4;True;1.0;1.0;1.0
DIGITAL_CAMERA_native;digital_camera_native;D10_V_flat_move_0002.mov;True;1.0;1.0;1.0
DIGITAL_CAMERA_native;digital_camera_native;D10_V_flat_panrot_0001.mov;True;1.0;1.0;1.0
DIGITAL_CAMERA_native;digital_camera_native;D10_V_flat_still_0001.mov;True;1.0;1.0;1.0
DIGITAL_CAMERA_native;digital_camera_native;D10_V_flatWA_move_0002.mp4;True;1.0;1.0;1.0
DIGITAL_CAMERA_native;digital_camera_native;D10_V_flatWA_panrot_0001.mp4;True;1.0;1.0;1.0
DIGITAL_CAMERA_native;digital_camera_native;D10_V_flatWA_still_0001.mp4;True;1.0;1.0;1.0
DIGITAL_CAMERA_native;digital_camera_native;D10_V_flatYT_move_0002.mp4;True;1.0;1.0;1.0
DIGITAL_CAMERA_native;digital_camera_native;D10_V_flatYT_panrot_0001.mp4;True;1.0;1.0;1.0
DIGITAL_CAMERA_native;digital_camera_native;D10_V_flatYT_still_0001.mp4;True;1.0;1.0;1.0
DIGITAL_CAMERA_native;digital_camera_native;D10_V_indoor_move_0002.mov;True;1.0;1.0;1.0
DIGITAL_CAMERA_native;digital_camera_native;D10_V_indoor_panrot_0001.mov;True;1.0;1.0;1.0
DIGITAL_CAMERA_native;digital_camera_native;D10_V_indoor_panrot_0002.mov;True;1.0;1.0;1.0
DIGITAL_CAMERA_native;digital_camera_native;D10_V_indoor_still_0001.mov;True;1.0;1.0;1.0
DIGITAL_CAMERA_native;digital_camera_native;D10_V_indoor_still_0002.mov;True;1.0;1.0;1.0
DIGITAL_CAMERA_native;digital_camera_native;D10_V_indoorWA_move_0002.mp4;True;1.0;1.0;1.0
DIGITAL_CAMERA_native;digital_camera_native;D10_V_indoorWA_panrot_0001.mp4;True;1.0;1.0;1.0
DIGITAL_CAMERA_native;digital_camera_native;D10_V_indoorWA_panrot_0002.mp4;True;1.0;1.0;1.0
DIGITAL_CAMERA_native;digital_camera_native;D10_V_indoorWA_still_0001.mp4;True;1.0;1.0;1.0
DIGITAL_CAMERA_native;digital_camera_native;D10_V_indoorWA_still_0002.mp4;True;1.0;1.0;1.0
DIGITAL_CAMERA_native;digital_camera_native;D10_V_indoorYT_move_0002.mp4;True;1.0;1.0;1.0
DIGITAL_CAMERA_native;digital_camera_native;D10_V_indoorYT_panrot_0001.mp4;True;1.0;1.0;1.0
DIGITAL_CAMERA_native;digital_camera_native;D10_V_indoorYT_panrot_0002.mp4;True;1.0;1.0;1.0
DIGITAL_CAMERA_native;digital_camera_native;D10_V_indoorYT_still_0001.mp4;True;1.0;1.0;1.0
DIGITAL_CAMERA_native;digital_camera_native;D10_V_indoorYT_still_0002.mp4;True;1.0;1.0;1.0
DIGITAL_CAMERA_native;digital_camera_native;D10_V_outdoor_panrot_0001.mov;True;1.0;1.0;1.0
DIGITAL_CAMERA_native;digital_camera_native;D10_V_outdoor_panrot_0002.mov;True;1.0;1.0;1.0
DIGITAL_CAMERA_native;digital_camera_native;D10_V_outdoor_still_0001.mov;True;1.0;1.0;1.0
DIGITAL_CAMERA_native;digital_camera_native;D10_V_outdoor_still_0002.mov;True;1.0;1.0;1.0
DIGITAL_CAMERA_native;digital_camera_native;D10_V_outdoorWA_panrot_0001.mp4;True;1.0;1.0;1.0
DIGITAL_CAMERA_native;digital_camera_native;D10_V_outdoorWA_panrot_0002.mp4;True;1.0;1.0;1.0
DIGITAL_CAMERA_native;digital_camera_native;D10_V_outdoorWA_still_0001.mp4;True;1.0;1.0;1.0
DIGITAL_CAMERA_native;digital_camera_native;D10_V_outdoorWA_still_0002.mp4;True;1.0;1.0;1.0
DIGITAL_CAMERA_native;digital_camera_native;D10_V_outdoorYT_panrot_0001.mp4;True;1.0;1.0;1.0
DIGITAL_CAMERA_native;digital_camera_native;D10_V_outdoorYT_panrot_0002.mp4;True;1.0;1.0;1.0
DIGITAL_CAMERA_native;digital_camera_native;D10_V_outdoorYT_still_0001.mp4;True;1.0;1.0;1.0
DIGITAL_CAMERA_native;digital_camera_native;D10_V_outdoorYT_still_0002.mp4;True;1.0;1.0;1.0
DIGITAL_CAMERA_native;digital_camera_native;D11_V_flat_move_0002.mp4;True;1.0;1.0;1.0
DIGITAL_CAMERA_native;digital_camera_native;D11_V_flat_move_0003.mp4;True;1.0;1.0;1.0
DIGITAL_CAMERA_native;digital_camera_native;D11_V_flat_panrot_0001.mp4;True;1.0;1.0;1.0
DIGITAL_CAMERA_native;digital_camera_native;D11_V_flat_panrot_0002.mp4;True;1.0;1.0;1.0
DIGITAL_CAMERA_native;digital_camera_native;D11_V_flat_still_0001.mp4;True;1.0;1.0;1.0
DIGITAL_CAMERA_native;digital_camera_native;D11_V_flat_still_0002.mp4;True;1.0;1.0;1.0
DIGITAL_CAMERA_native;digital_camera_native;D11_V_flatWA_move_0002.mp4;True;1.0;1.0;1.0
DIGITAL_CAMERA_native;digital_camera_native;D11_V_flatWA_move_0003.mp4;True;1.0;1.0;1.0
DIGITAL_CAMERA_native;digital_camera_native;D11_V_flatWA_panrot_0001.mp4;True;1.0;1.0;1.0
DIGITAL_CAMERA_native;digital_camera_native;D11_V_flatWA_panrot_0002.mp4;True;1.0;1.0;1.0
DIGITAL_CAMERA_native;digital_camera_native;D11_V_flatWA_still_0001.mp4;True;1.0;1.0;1.0
DIGITAL_CAMERA_native;digital_camera_native;D11_V_flatWA_still_0002.mp4;True;1.0;1.0;1.0
DIGITAL_CAMERA_native;digital_camera_native;D11_V_flatYT_move_0002.mp4;True;1.0;1.0;1.0
DIGITAL_CAMERA_native;digital_camera_native;D11_V_flatYT_move_0003.mp4;True;1.0;1.0;1.0
DIGITAL_CAMERA_native;digital_camera_native;D11_V_flatYT_panrot_0001.mp4;True;1.0;1.0;1.0
DIGITAL_CAMERA_native;digital_camera_native;D11_V_flatYT_panrot_0002.mp4;True;1.0;1.0;1.0
DIGITAL_CAMERA_native;digital_camera_native;D11_V_flatYT_still_0001.mp4;True;1.0;1.0;1.0
DIGITAL_CAMERA_native;digital_camera_native;D11_V_flatYT_still_0002.mp4;True;1.0;1.0;1.0
DIGITAL_CAMERA_native;digital_camera_native;D11_V_indoor_move_0002.mp4;True;1.0;1.0;1.0
DIGITAL_CAMERA_native;digital_camera_native;D11_V_indoor_panrot_0001.mp4;True;1.0;1.0;1.0
DIGITAL_CAMERA_native;digital_camera_native;D11_V_indoor_panrot_0002.mp4;True;1.0;1.0;1.0
DIGITAL_CAMERA_native;digital_camera_native;D11_V_indoor_still_0001.mp4;True;1.0;1.0;1.0
DIGITAL_CAMERA_native;digital_camera_native;D11_V_indoor_still_0002.mp4;True;1.0;1.0;1.0
DIGITAL_CAMERA_native;digital_camera_native;D11_V_indoorWA_move_0002.mp4;True;1.0;1.0;1.0
DIGITAL_CAMERA_native;digital_camera_native;D11_V_indoorWA_panrot_0001.mp4;True;1.0;1.0;1.0
DIGITAL_CAMERA_native;digital_camera_native;D11_V_indoorWA_panrot_0002.mp4;True;1.0;1.0;1.0
DIGITAL_CAMERA_native;digital_camera_native;D11_V_indoorWA_still_0001.mp4;True;1.0;1.0;1.0
DIGITAL_CAMERA_native;digital_camera_native;D11_V_indoorWA_still_0002.mp4;True;1.0;1.0;1.0
DIGITAL_CAMERA_native;digital_camera_native;D11_V_indoorYT_move_0002.mp4;True;1.0;1.0;1.0
DIGITAL_CAMERA_native;digital_camera_native;D11_V_indoorYT_panrot_0001.mp4;True;1.0;1.0;1.0
DIGITAL_CAMERA_native;digital_camera_native;D11_V_indoorYT_panrot_0002.mp4;True;1.0;1.0;1.0
DIGITAL_CAMERA_native;digital_camera_native;D11_V_indoorYT_still_0001.mp4;True;1.0;1.0;1.0
DIGITAL_CAMERA_native;digital_camera_native;D11_V_indoorYT_still_0002.mp4;True;1.0;1.0;1.0
DIGITAL_CAMERA_native;digital_camera_native;D11_V_outdoor_move_0002.mp4;True;1.0;1.0;1.0
DIGITAL_CAMERA_native;digital_camera_native;D11_V_outdoor_panrot_0001.mp4;True;1.0;1.0;1.0
DIGITAL_CAMERA_native;digital_camera_native;D11_V_outdoor_panrot_0002.mp4;True;1.0;1.0;1.0
DIGITAL_CAMERA_native;digital_camera_native;D11_V_outdoor_still_0001.mp4;True;1.0;1.0;1.0
DIGITAL_CAMERA_native;digital_camera_native;D11_V_outdoor_still_0002.mp4;True;1.0;1.0;1.0
DIGITAL_CAMERA_native;digital_camera_native;D11_V_outdoorWA_move_0002.mp4;True;1.0;1.0;1.0
DIGITAL_CAMERA_native;digital_camera_native;D11_V_outdoorWA_panrot_0001.mp4;True;1.0;1.0;1.0
DIGITAL_CAMERA_native;digital_camera_native;D11_V_outdoorWA_panrot_0002.mp4;True;1.0;1.0;1.0
DIGITAL_CAMERA_native;digital_camera_native;D11_V_outdoorWA_still_0001.mp4;True;1.0;1.0;1.0
DIGITAL_CAMERA_native;digital_camera_native;D11_V_outdoorWA_still_0002.mp4;True;1.0;1.0;1.0
DIGITAL_CAMERA_native;digital_camera_native;D11_V_outdoorYT_move_0002.mp4;True;1.0;1.0;1.0
DIGITAL_CAMERA_native;digital_camera_native;D11_V_outdoorYT_panrot_0001.mp4;True;1.0;1.0;1.0
DIGITAL_CAMERA_native;digital_camera_native;D11_V_outdoorYT_panrot_0002.mp4;True;1.0;1.0;1.0
DIGITAL_CAMERA_native;digital_camera_native;D11_V_outdoorYT_still_0001.mp4;True;1.0;1.0;1.0
DIGITAL_CAMERA_native;digital_camera_native;D11_V_outdoorYT_still_0002.mp4;True;1.0;1.0;1.0
DIGITAL_CAMERA_native;digital_camera_native;D12_V_flat_move_0002.mp4;True;1.0;1.0;1.0
DIGITAL_CAMERA_native;digital_camera_native;D12_V_flat_move_0003.mp4;True;1.0;1.0;1.0
DIGITAL_CAMERA_native;digital_camera_native;D12_V_flat_panrot_0001.mp4;True;1.0;1.0;1.0
DIGITAL_CAMERA_native;digital_camera_native;D12_V_flat_panrot_0002.mp4;True;1.0;1.0;1.0
DIGITAL_CAMERA_native;digital_camera_native;D12_V_flat_still_0001.mp4;True;1.0;1.0;1.0
DIGITAL_CAMERA_native;digital_camera_native;D12_V_flat_still_0002.mp4;True;1.0;1.0;1.0
DIGITAL_CAMERA_native;digital_camera_native;D12_V_flatWA_move_0002.mp4;True;1.0;1.0;1.0
DIGITAL_CAMERA_native;digital_camera_native;D12_V_flatWA_move_0003.mp4;True;1.0;1.0;1.0
DIGITAL_CAMERA_native;digital_camera_native;D12_V_flatWA_panrot_0001.mp4;True;1.0;1.0;1.0
DIGITAL_CAMERA_native;digital_camera_native;D12_V_flatWA_panrot_0002.mp4;True;1.0;1.0;1.0
DIGITAL_CAMERA_native;digital_camera_native;D12_V_flatWA_still_0001.mp4;True;1.0;1.0;1.0
DIGITAL_CAMERA_native;digital_camera_native;D12_V_flatWA_still_0002.mp4;True;1.0;1.0;1.0
DIGITAL_CAMERA_native;digital_camera_native;D12_V_flatYT_move_0002.mp4;True;1.0;1.0;1.0
DIGITAL_CAMERA_native;digital_camera_native;D12_V_flatYT_move_0003.mp4;True;1.0;1.0;1.0
DIGITAL_CAMERA_native;digital_camera_native;D12_V_flatYT_panrot_0001.mp4;True;1.0;1.0;1.0
DIGITAL_CAMERA_native;digital_camera_native;D12_V_flatYT_panrot_0002.mp4;True;1.0;1.0;1.0
DIGITAL_CAMERA_native;digital_camera_native;D12_V_flatYT_still_0001.mp4;True;1.0;1.0;1.0
DIGITAL_CAMERA_native;digital_camera_native;D12_V_flatYT_still_0002.mp4;True;1.0;1.0;1.0
DIGITAL_CAMERA_native;digital_camera_native;D12_V_indoor_move_0002.mp4;True;1.0;1.0;1.0
DIGITAL_CAMERA_native;digital_camera_native;D12_V_indoor_panrot_0001.mp4;True;1.0;1.0;1.0
DIGITAL_CAMERA_native;digital_camera_native;D12_V_indoor_panrot_0002.mp4;True;1.0;1.0;1.0
DIGITAL_CAMERA_native;digital_camera_native;D12_V_indoor_still_0001.mp4;True;1.0;1.0;1.0
DIGITAL_CAMERA_native;digital_camera_native;D12_V_indoor_still_0002.mp4;True;1.0;1.0;1.0
DIGITAL_CAMERA_native;digital_camera_native;D12_V_indoorWA_move_0002.mp4;True;1.0;1.0;1.0
DIGITAL_CAMERA_native;digital_camera_native;D12_V_indoorWA_panrot_0001.mp4;True;1.0;1.0;1.0
DIGITAL_CAMERA_native;digital_camera_native;D12_V_indoorWA_panrot_0002.mp4;True;1.0;1.0;1.0
DIGITAL_CAMERA_native;digital_camera_native;D12_V_indoorWA_still_0001.mp4;True;1.0;1.0;1.0
DIGITAL_CAMERA_native;digital_camera_native;D12_V_indoorWA_still_0002.mp4;True;1.0;1.0;1.0
DIGITAL_CAMERA_native;digital_camera_native;D12_V_indoorYT_move_0002.mp4;True;1.0;1.0;1.0
DIGITAL_CAMERA_native;digital_camera_native;D12_V_indoorYT_panrot_0001.mp4;True;1.0;1.0;1.0
DIGITAL_CAMERA_native;digital_camera_native;D12_V_indoorYT_panrot_0002.mp4;True;1.0;1.0;1.0
DIGITAL_CAMERA_native;digital_camera_native;D12_V_indoorYT_still_0001.mp4;True;1.0;1.0;1.0
DIGITAL_CAMERA_native;digital_camera_native;D12_V_indoorYT_still_0002.mp4;True;1.0;1.0;1.0
DIGITAL_CAMERA_native;digital_camera_native;D12_V_outdoor_move_0002.mp4;True;1.0;1.0;1.0
DIGITAL_CAMERA_native;digital_camera_native;D12_V_outdoor_panrot_0001.mp4;True;1.0;1.0;1.0
DIGITAL_CAMERA_native;digital_camera_native;D12_V_outdoor_panrot_0002.mp4;True;1.0;1.0;1.0
DIGITAL_CAMERA_native;digital_camera_native;D12_V_outdoor_still_0001.mp4;True;1.0;1.0;1.0
DIGITAL_CAMERA_native;digital_camera_native;D12_V_outdoor_still_0002.mp4;True;1.0;1.0;1.0
DIGITAL_CAMERA_native;digital_camera_native;D12_V_outdoorWA_move_0002.mp4;True;1.0;1.0;1.0
DIGITAL_CAMERA_native;digital_camera_native;D12_V_outdoorWA_panrot_0001.mp4;True;1.0;1.0;1.0
DIGITAL_CAMERA_native;digital_camera_native;D12_V_outdoorWA_panrot_0002.mp4;True;1.0;1.0;1.0
DIGITAL_CAMERA_native;digital_camera_native;D12_V_outdoorWA_still_0001.mp4;True;1.0;1.0;1.0
DIGITAL_CAMERA_native;digital_camera_native;D12_V_outdoorWA_still_0002.mp4;True;1.0;1.0;1.0
DIGITAL_CAMERA_native;digital_camera_native;D12_V_outdoorYT_move_0002.mp4;True;1.0;1.0;1.0
DIGITAL_CAMERA_native;digital_camera_native;D12_V_outdoorYT_panrot_0001.mp4;True;1.0;1.0;1.0
DIGITAL_CAMERA_native;digital_camera_native;D12_V_outdoorYT_panrot_0002.mp4;True;1.0;1.0;1.0
DIGITAL_CAMERA_native;digital_camera_native;D12_V_outdoorYT_still_0001.mp4;True;1.0;1.0;1.0
DIGITAL_CAMERA_native;digital_camera_native;D12_V_outdoorYT_still_0002.mp4;True;1.0;1.0;1.0
DIGITAL_CAMERA_native;digital_camera_native;D13_V_flat_move_0002.mov;True;1.0;1.0;1.0
DIGITAL_CAMERA_native;digital_camera_native;D13_V_flat_panrot_0001.mov;True;1.0;1.0;1.0
DIGITAL_CAMERA_native;digital_camera_native;D13_V_flat_still_0001.mov;True;1.0;1.0;1.0
DIGITAL_CAMERA_native;digital_camera_native;D13_V_flatWA_move_0002.mp4;True;1.0;1.0;1.0
DIGITAL_CAMERA_native;digital_camera_native;D13_V_flatWA_panrot_0001.mp4;True;1.0;1.0;1.0
DIGITAL_CAMERA_native;digital_camera_native;D13_V_flatWA_still_0001.mp4;True;1.0;1.0;1.0
DIGITAL_CAMERA_native;digital_camera_native;D13_V_flatYT_move_0002.mp4;True;1.0;1.0;1.0
DIGITAL_CAMERA_native;digital_camera_native;D13_V_flatYT_panrot_0001.mp4;True;1.0;1.0;1.0
DIGITAL_CAMERA_native;digital_camera_native;D13_V_flatYT_still_0001.mp4;True;1.0;1.0;1.0
DIGITAL_CAMERA_native;digital_camera_native;D13_V_indoor_move_0002.mov;True;1.0;1.0;1.0
DIGITAL_CAMERA_native;digital_camera_native;D13_V_indoor_panrot_0001.mov;True;1.0;1.0;1.0
DIGITAL_CAMERA_native;digital_camera_native;D13_V_indoor_panrot_0002.mov;True;1.0;1.0;1.0
DIGITAL_CAMERA_native;digital_camera_native;D13_V_indoor_still_0001.mov;True;1.0;1.0;1.0
DIGITAL_CAMERA_native;digital_camera_native;D13_V_indoor_still_0002.mov;True;1.0;1.0;1.0
DIGITAL_CAMERA_native;digital_camera_native;D13_V_indoorWA_move_0002.mp4;True;1.0;1.0;1.0
DIGITAL_CAMERA_native;digital_camera_native;D13_V_indoorWA_panrot_0001.mp4;True;1.0;1.0;1.0
DIGITAL_CAMERA_native;digital_camera_native;D13_V_indoorWA_panrot_0002.mp4;True;1.0;1.0;1.0
DIGITAL_CAMERA_native;digital_camera_native;D13_V_indoorWA_still_0001.mp4;True;1.0;1.0;1.0
DIGITAL_CAMERA_native;digital_camera_native;D13_V_indoorWA_still_0002.mp4;True;1.0;1.0;1.0
DIGITAL_CAMERA_native;digital_camera_native;D13_V_indoorYT_move_0002.mp4;True;1.0;1.0;1.0
DIGITAL_CAMERA_native;digital_camera_native;D13_V_indoorYT_panrot_0001.mp4;True;1.0;1.0;1.0
DIGITAL_CAMERA_native;digital_camera_native;D13_V_indoorYT_panrot_0002.mp4;True;1.0;1.0;1.0
DIGITAL_CAMERA_native;digital_camera_native;D13_V_indoorYT_still_0001.mp4;True;1.0;1.0;1.0
DIGITAL_CAMERA_native;digital_camera_native;D13_V_indoorYT_still_0002.mp4;True;1.0;1.0;1.0
DIGITAL_CAMERA_native;digital_camera_native;D13_V_outdoor_move_0002.mov;True;1.0;1.0;1.0
DIGITAL_CAMERA_native;digital_camera_native;D13_V_outdoor_panrot_0001.mov;True;1.0;1.0;1.0
DIGITAL_CAMERA_native;digital_camera_native;D13_V_outdoor_panrot_0002.mov;True;1.0;1.0;1.0
DIGITAL_CAMERA_native;digital_camera_native;D13_V_outdoor_still_0001.mov;True;1.0;1.0;1.0
DIGITAL_CAMERA_native;digital_camera_native;D13_V_outdoor_still_0002.mov;True;1.0;1.0;1.0
DIGITAL_CAMERA_native;digital_camera_native;D13_V_outdoorWA_move_0002.mp4;True;1.0;1.0;1.0
DIGITAL_CAMERA_native;digital_camera_native;D13_V_outdoorWA_panrot_0001.mp4;True;1.0;1.0;1.0
DIGITAL_CAMERA_native;digital_camera_native;D13_V_outdoorWA_panrot_0002.mp4;True;1.0;1.0;1.0
DIGITAL_CAMERA_native;digital_camera_native;D13_V_outdoorWA_still_0001.mp4;True;1.0;1.0;1.0
DIGITAL_CAMERA_native;digital_camera_native;D13_V_outdoorWA_still_0002.mp4;True;1.0;1.0;1.0
DIGITAL_CAMERA_native;digital_camera_native;D13_V_outdoorYT_move_0002.mp4;True;1.0;1.0;1.0
DIGITAL_CAMERA_native;digital_camera_native;D13_V_outdoorYT_panrot_0001.mp4;True;1.0;1.0;1.0
DIGITAL_CAMERA_native;digital_camera_native;D13_V_outdoorYT_panrot_0002.mp4;True;1.0;1.0;1.0
DIGITAL_CAMERA_native;digital_camera_native;D13_V_outdoorYT_still_0001.mp4;True;1.0;1.0;1.0
DIGITAL_CAMERA_native;digital_camera_native;D13_V_outdoorYT_still_0002.mp4;True;1.0;1.0;1.0
DIGITAL_CAMERA_native;digital_camera_native;D14_V_flat_move_0002.mov;True;1.0;1.0;1.0
DIGITAL_CAMERA_native;digital_camera_native;D14_V_flat_move_0003.mov;True;1.0;1.0;1.0
DIGITAL_CAMERA_native;digital_camera_native;D14_V_flat_panrot_0001.mov;True;1.0;1.0;1.0
DIGITAL_CAMERA_native;digital_camera_native;D14_V_flat_panrot_0002.mov;True;1.0;1.0;1.0
DIGITAL_CAMERA_native;digital_camera_native;D14_V_flat_still_0001.mov;True;1.0;1.0;1.0
DIGITAL_CAMERA_native;digital_camera_native;D14_V_flat_still_0002.mov;True;1.0;1.0;1.0
DIGITAL_CAMERA_native;digital_camera_native;D14_V_flatWA_move_0002.mp4;True;1.0;1.0;1.0
DIGITAL_CAMERA_native;digital_camera_native;D14_V_flatWA_move_0003.mp4;True;1.0;1.0;1.0
DIGITAL_CAMERA_native;digital_camera_native;D14_V_flatWA_panrot_0001.mp4;True;1.0;1.0;1.0
DIGITAL_CAMERA_native;digital_camera_native;D14_V_flatWA_panrot_0002.mp4;True;1.0;1.0;1.0
DIGITAL_CAMERA_native;digital_camera_native;D14_V_flatWA_still_0001.mp4;True;1.0;1.0;1.0
DIGITAL_CAMERA_native;digital_camera_native;D14_V_flatWA_still_0002.mp4;True;1.0;1.0;1.0
DIGITAL_CAMERA_native;digital_camera_native;D14_V_flatYT_move_0002.mp4;True;1.0;1.0;1.0
DIGITAL_CAMERA_native;digital_camera_native;D14_V_flatYT_move_0003.mp4;True;1.0;1.0;1.0
DIGITAL_CAMERA_native;digital_camera_native;D14_V_flatYT_panrot_0001.mp4;True;1.0;1.0;1.0
DIGITAL_CAMERA_native;digital_camera_native;D14_V_flatYT_panrot_0002.mp4;True;1.0;1.0;1.0
DIGITAL_CAMERA_native;digital_camera_native;D14_V_flatYT_still_0001.mp4;True;1.0;1.0;1.0
DIGITAL_CAMERA_native;digital_camera_native;D14_V_flatYT_still_0002.mp4;True;1.0;1.0;1.0
DIGITAL_CAMERA_native;digital_camera_native;D14_V_indoor_move_0002.mov;True;1.0;1.0;1.0
DIGITAL_CAMERA_native;digital_camera_native;D14_V_indoor_panrot_0001.mov;True;1.0;1.0;1.0
DIGITAL_CAMERA_native;digital_camera_native;D14_V_indoor_panrot_0002.mov;True;1.0;1.0;1.0
DIGITAL_CAMERA_native;digital_camera_native;D14_V_indoor_still_0001.mov;True;1.0;1.0;1.0
DIGITAL_CAMERA_native;digital_camera_native;D14_V_indoor_still_0002.mov;True;1.0;1.0;1.0
DIGITAL_CAMERA_native;digital_camera_native;D14_V_indoorWA_move_0002.mp4;True;1.0;1.0;1.0
DIGITAL_CAMERA_native;digital_camera_native;D14_V_indoorWA_panrot_0001.mp4;True;1.0;1.0;1.0
DIGITAL_CAMERA_native;digital_camera_native;D14_V_indoorWA_panrot_0002.mp4;True;1.0;1.0;1.0
DIGITAL_CAMERA_native;digital_camera_native;D14_V_indoorWA_still_0001.mp4;True;1.0;1.0;1.0
DIGITAL_CAMERA_native;digital_camera_native;D14_V_indoorWA_still_0002.mp4;True;1.0;1.0;1.0
DIGITAL_CAMERA_native;digital_camera_native;D14_V_indoorYT_move_0002.mp4;True;1.0;1.0;1.0
DIGITAL_CAMERA_native;digital_camera_native;D14_V_indoorYT_panrot_0001.mp4;True;1.0;1.0;1.0
DIGITAL_CAMERA_native;digital_camera_native;D14_V_indoorYT_panrot_0002.mp4;True;1.0;1.0;1.0
DIGITAL_CAMERA_native;digital_camera_native;D14_V_indoorYT_still_0001.mp4;True;1.0;1.0;1.0
DIGITAL_CAMERA_native;digital_camera_native;D14_V_indoorYT_still_0002.mp4;True;1.0;1.0;1.0
DIGITAL_CAMERA_native;digital_camera_native;D14_V_outdoor_move_0002.mov;True;1.0;1.0;1.0
DIGITAL_CAMERA_native;digital_camera_native;D14_V_outdoor_panrot_0001.mov;True;1.0;1.0;1.0
DIGITAL_CAMERA_native;digital_camera_native;D14_V_outdoor_panrot_0002.mov;True;1.0;1.0;1.0
DIGITAL_CAMERA_native;digital_camera_native;D14_V_outdoor_still_0001.mov;True;1.0;1.0;1.0
DIGITAL_CAMERA_native;digital_camera_native;D14_V_outdoor_still_0002.mov;True;1.0;1.0;1.0
DIGITAL_CAMERA_native;digital_camera_native;D14_V_outdoorWA_move_0002.mp4;True;1.0;1.0;1.0
DIGITAL_CAMERA_native;digital_camera_native;D14_V_outdoorWA_panrot_0001.mp4;True;1.0;1.0;1.0
DIGITAL_CAMERA_native;digital_camera_native;D14_V_outdoorWA_panrot_0002.mp4;True;1.0;1.0;1.0
DIGITAL_CAMERA_native;digital_camera_native;D14_V_outdoorWA_still_0001.mp4;True;1.0;1.0;1.0
DIGITAL_CAMERA_native;digital_camera_native;D14_V_outdoorWA_still_0002.mp4;True;1.0;1.0;1.0
DIGITAL_CAMERA_native;digital_camera_native;D14_V_outdoorYT_move_0002.mp4;True;1.0;1.0;1.0
DIGITAL_CAMERA_native;digital_camera_native;D14_V_outdoorYT_panrot_0001.mp4;True;1.0;1.0;1.0
DIGITAL_CAMERA_native;digital_camera_native;D14_V_outdoorYT_panrot_0002.mp4;True;1.0;1.0;1.0
DIGITAL_CAMERA_native;digital_camera_native;D14_V_outdoorYT_still_0001.mp4;True;1.0;1.0;1.0
DIGITAL_CAMERA_native;digital_camera_native;D14_V_outdoorYT_still_0002.mp4;True;1.0;1.0;1.0
DIGITAL_CAMERA_native;digital_camera_native;D15_V_flat_move_0002.mov;True;1.0;1.0;1.0
DIGITAL_CAMERA_native;digital_camera_native;D15_V_flat_move_0003.mov;True;1.0;1.0;1.0
DIGITAL_CAMERA_native;digital_camera_native;D15_V_flat_panrot_0001.mov;True;1.0;1.0;1.0
DIGITAL_CAMERA_native;digital_camera_native;D15_V_flat_panrot_0002.mov;True;1.0;1.0;1.0
DIGITAL_CAMERA_native;digital_camera_native;D15_V_flat_still_0001.mov;True;1.0;1.0;1.0
DIGITAL_CAMERA_native;digital_camera_native;D15_V_flat_still_0002.mov;True;1.0;1.0;1.0
DIGITAL_CAMERA_native;digital_camera_native;D15_V_flatWA_move_0002.mp4;True;1.0;1.0;1.0
DIGITAL_CAMERA_native;digital_camera_native;D15_V_flatWA_move_0003.mp4;True;1.0;1.0;1.0
DIGITAL_CAMERA_native;digital_camera_native;D15_V_flatWA_panrot_0001.mp4;True;1.0;1.0;1.0
DIGITAL_CAMERA_native;digital_camera_native;D15_V_flatWA_panrot_0002.mp4;True;1.0;1.0;1.0
DIGITAL_CAMERA_native;digital_camera_native;D15_V_flatWA_still_0001.mp4;True;1.0;1.0;1.0
DIGITAL_CAMERA_native;digital_camera_native;D15_V_flatWA_still_0002.mp4;True;1.0;1.0;1.0
DIGITAL_CAMERA_native;digital_camera_native;D15_V_flatYT_move_0002.mp4;True;1.0;1.0;1.0
DIGITAL_CAMERA_native;digital_camera_native;D15_V_flatYT_move_0003.mp4;True;1.0;1.0;1.0
DIGITAL_CAMERA_native;digital_camera_native;D15_V_flatYT_panrot_0001.mp4;True;1.0;1.0;1.0
DIGITAL_CAMERA_native;digital_camera_native;D15_V_flatYT_panrot_0002.mp4;True;1.0;1.0;1.0
DIGITAL_CAMERA_native;digital_camera_native;D15_V_flatYT_still_0001.mp4;True;1.0;1.0;1.0
DIGITAL_CAMERA_native;digital_camera_native;D15_V_flatYT_still_0002.mp4;True;1.0;1.0;1.0
DIGITAL_CAMERA_native;digital_camera_native;D15_V_indoor_move_0002.mov;True;1.0;1.0;1.0
DIGITAL_CAMERA_native;digital_camera_native;D15_V_indoor_panrot_0001.mov;True;1.0;1.0;1.0
DIGITAL_CAMERA_native;digital_camera_native;D15_V_indoor_panrot_0002.mov;True;1.0;1.0;1.0
DIGITAL_CAMERA_native;digital_camera_native;D15_V_indoor_still_0001.mov;True;1.0;1.0;1.0
DIGITAL_CAMERA_native;digital_camera_native;D15_V_indoor_still_0002.mov;True;1.0;1.0;1.0
DIGITAL_CAMERA_native;digital_camera_native;D15_V_indoorWA_move_0002.mp4;True;1.0;1.0;1.0
DIGITAL_CAMERA_native;digital_camera_native;D15_V_indoorWA_panrot_0001.mp4;True;1.0;1.0;1.0
DIGITAL_CAMERA_native;digital_camera_native;D15_V_indoorWA_panrot_0002.mp4;True;1.0;1.0;1.0
DIGITAL_CAMERA_native;digital_camera_native;D15_V_indoorWA_still_0001.mp4;True;1.0;1.0;1.0
DIGITAL_CAMERA_native;digital_camera_native;D15_V_indoorWA_still_0002.mp4;True;1.0;1.0;1.0
DIGITAL_CAMERA_native;digital_camera_native;D15_V_indoorYT_move_0002.mp4;True;1.0;1.0;1.0
DIGITAL_CAMERA_native;digital_camera_native;D15_V_indoorYT_panrot_0001.mp4;True;1.0;1.0;1.0
DIGITAL_CAMERA_native;digital_camera_native;D15_V_indoorYT_panrot_0002.mp4;True;1.0;1.0;1.0
DIGITAL_CAMERA_native;digital_camera_native;D15_V_indoorYT_still_0001.mp4;True;1.0;1.0;1.0
DIGITAL_CAMERA_native;digital_camera_native;D15_V_indoorYT_still_0002.mp4;True;1.0;1.0;1.0
DIGITAL_CAMERA_native;digital_camera_native;D15_V_outdoor_move_0002.mov;True;1.0;1.0;1.0
DIGITAL_CAMERA_native;digital_camera_native;D15_V_outdoor_panrot_0001.mov;True;1.0;1.0;1.0
DIGITAL_CAMERA_native;digital_camera_native;D15_V_outdoor_panrot_0002.mov;True;1.0;1.0;1.0
DIGITAL_CAMERA_native;digital_camera_native;D15_V_outdoor_still_0001.mov;True;1.0;1.0;1.0
DIGITAL_CAMERA_native;digital_camera_native;D15_V_outdoorWA_move_0002.mp4;True;1.0;1.0;1.0
DIGITAL_CAMERA_native;digital_camera_native;D15_V_outdoorWA_panrot_0001.mp4;True;1.0;1.0;1.0
DIGITAL_CAMERA_native;digital_camera_native;D15_V_outdoorWA_panrot_0002.mp4;True;1.0;1.0;1.0
DIGITAL_CAMERA_native;digital_camera_native;D15_V_outdoorWA_still_0001.mp4;True;1.0;1.0;1.0
DIGITAL_CAMERA_native;digital_camera_native;D15_V_outdoorYT_move_0002.mp4;True;1.0;1.0;1.0
DIGITAL_CAMERA_native;digital_camera_native;D15_V_outdoorYT_panrot_0001.mp4;True;1.0;1.0;1.0
DIGITAL_CAMERA_native;digital_camera_native;D15_V_outdoorYT_panrot_0002.mp4;True;1.0;1.0;1.0
DIGITAL_CAMERA_native;digital_camera_native;D15_V_outdoorYT_still_0001.mp4;True;1.0;1.0;1.0
DIGITAL_CAMERA_native;digital_camera_native;D16_V_flat_move_0002.mp4;True;1.0;1.0;1.0
DIGITAL_CAMERA_native;digital_camera_native;D16_V_flat_move_0003.mp4;True;1.0;1.0;1.0
DIGITAL_CAMERA_native;digital_camera_native;D16_V_flat_panrot_0001.mp4;True;1.0;1.0;1.0
DIGITAL_CAMERA_native;digital_camera_native;D16_V_flat_panrot_0002.mp4;True;1.0;1.0;1.0
DIGITAL_CAMERA_native;digital_camera_native;D16_V_flat_still_0001.mp4;True;1.0;1.0;1.0
DIGITAL_CAMERA_native;digital_camera_native;D16_V_flat_still_0002.mp4;True;1.0;1.0;1.0
DIGITAL_CAMERA_native;digital_camera_native;D16_V_flatWA_move_0002.mp4;True;1.0;1.0;1.0
DIGITAL_CAMERA_native;digital_camera_native;D16_V_flatWA_move_0003.mp4;True;1.0;1.0;1.0
DIGITAL_CAMERA_native;digital_camera_native;D16_V_flatWA_panrot_0001.mp4;True;1.0;1.0;1.0
DIGITAL_CAMERA_native;digital_camera_native;D16_V_flatWA_panrot_0002.mp4;True;1.0;1.0;1.0
DIGITAL_CAMERA_native;digital_camera_native;D16_V_flatWA_still_0001.mp4;True;1.0;1.0;1.0
DIGITAL_CAMERA_native;digital_camera_native;D16_V_flatWA_still_0002.mp4;True;1.0;1.0;1.0
DIGITAL_CAMERA_native;digital_camera_native;D16_V_flatYT_move_0002.mp4;True;1.0;1.0;1.0
DIGITAL_CAMERA_native;digital_camera_native;D16_V_flatYT_move_0003.mp4;True;1.0;1.0;1.0
DIGITAL_CAMERA_native;digital_camera_native;D16_V_flatYT_panrot_0001.mp4;True;1.0;1.0;1.0
DIGITAL_CAMERA_native;digital_camera_native;D16_V_flatYT_panrot_0002.mp4;True;1.0;1.0;1.0
DIGITAL_CAMERA_native;digital_camera_native;D16_V_flatYT_still_0001.mp4;True;1.0;1.0;1.0
DIGITAL_CAMERA_native;digital_camera_native;D16_V_flatYT_still_0002.mp4;True;1.0;1.0;1.0
DIGITAL_CAMERA_native;digital_camera_native;D16_V_indoor_move_0002.mp4;True;1.0;1.0;1.0
DIGITAL_CAMERA_native;digital_camera_native;D16_V_indoor_panrot_0001.mp4;True;1.0;1.0;1.0
DIGITAL_CAMERA_native;digital_camera_native;D16_V_indoor_panrot_0002.mp4;True;1.0;1.0;1.0
DIGITAL_CAMERA_native;digital_camera_native;D16_V_indoor_still_0001.mp4;True;1.0;1.0;1.0
DIGITAL_CAMERA_native;digital_camera_native;D16_V_indoor_still_0002.mp4;True;1.0;1.0;1.0
DIGITAL_CAMERA_native;digital_camera_native;D16_V_indoorWA_move_0002.mp4;True;1.0;1.0;1.0
DIGITAL_CAMERA_native;digital_camera_native;D16_V_indoorWA_panrot_0001.mp4;True;1.0;1.0;1.0
DIGITAL_CAMERA_native;digital_camera_native;D16_V_indoorWA_panrot_0002.mp4;True;1.0;1.0;1.0
DIGITAL_CAMERA_native;digital_camera_native;D16_V_indoorWA_still_0001.mp4;True;1.0;1.0;1.0
DIGITAL_CAMERA_native;digital_camera_native;D16_V_indoorWA_still_0002.mp4;True;1.0;1.0;1.0
DIGITAL_CAMERA_native;digital_camera_native;D16_V_indoorYT_move_0002.mp4;True;1.0;1.0;1.0
DIGITAL_CAMERA_native;digital_camera_native;D16_V_indoorYT_panrot_0001.mp4;True;1.0;1.0;1.0
DIGITAL_CAMERA_native;digital_camera_native;D16_V_indoorYT_panrot_0002.mp4;True;1.0;1.0;1.0
DIGITAL_CAMERA_native;digital_camera_native;D16_V_indoorYT_still_0001.mp4;True;1.0;1.0;1.0
DIGITAL_CAMERA_native;digital_camera_native;D16_V_indoorYT_still_0002.mp4;True;1.0;1.0;1.0
DIGITAL_CAMERA_native;digital_camera_native;D16_V_outdoor_move_0002.mp4;True;1.0;1.0;1.0
DIGITAL_CAMERA_native;digital_camera_native;D16_V_outdoor_panrot_0001.mp4;True;1.0;1.0;1.0
DIGITAL_CAMERA_native;digital_camera_native;D16_V_outdoor_panrot_0002.mp4;True;1.0;1.0;1.0
DIGITAL_CAMERA_native;digital_camera_native;D16_V_outdoor_still_0001.mp4;True;1.0;1.0;1.0
DIGITAL_CAMERA_native;digital_camera_native;D16_V_outdoor_still_0002.mp4;True;1.0;1.0;1.0
DIGITAL_CAMERA_native;digital_camera_native;D16_V_outdoorWA_move_0002.mp4;True;1.0;1.0;1.0
DIGITAL_CAMERA_native;digital_camera_native;D16_V_outdoorWA_panrot_0001.mp4;True;1.0;1.0;1.0
DIGITAL_CAMERA_native;digital_camera_native;D16_V_outdoorWA_panrot_0002.mp4;True;1.0;1.0;1.0
DIGITAL_CAMERA_native;digital_camera_native;D16_V_outdoorWA_still_0001.mp4;True;1.0;1.0;1.0
DIGITAL_CAMERA_native;digital_camera_native;D16_V_outdoorWA_still_0002.mp4;True;1.0;1.0;1.0
DIGITAL_CAMERA_native;digital_camera_native;D16_V_outdoorYT_move_0002.mp4;True;1.0;1.0;1.0
DIGITAL_CAMERA_native;digital_camera_native;D16_V_outdoorYT_panrot_0001.mp4;True;1.0;1.0;1.0
DIGITAL_CAMERA_native;digital_camera_native;D16_V_outdoorYT_panrot_0002.mp4;True;1.0;1.0;1.0
DIGITAL_CAMERA_native;digital_camera_native;D16_V_outdoorYT_still_0001.mp4;True;1.0;1.0;1.0
DIGITAL_CAMERA_native;digital_camera_native;D16_V_outdoorYT_still_0002.mp4;True;1.0;1.0;1.0
DIGITAL_CAMERA_native;digital_camera_native;D17_V_flat_move_0002.mp4;True;1.0;1.0;1.0
DIGITAL_CAMERA_native;digital_camera_native;D17_V_flat_panrot_0001.mp4;True;1.0;1.0;1.0
DIGITAL_CAMERA_native;digital_camera_native;D17_V_flat_still_0001.mp4;True;1.0;1.0;1.0
DIGITAL_CAMERA_native;digital_camera_native;D17_V_flatWA_move_0002.mp4;True;1.0;1.0;1.0
DIGITAL_CAMERA_native;digital_camera_native;D17_V_flatWA_panrot_0001.mp4;True;1.0;1.0;1.0
DIGITAL_CAMERA_native;digital_camera_native;D17_V_flatWA_still_0001.mp4;True;1.0;1.0;1.0
DIGITAL_CAMERA_native;digital_camera_native;D17_V_flatYT_move_0002.mp4;True;1.0;1.0;1.0
DIGITAL_CAMERA_native;digital_camera_native;D17_V_flatYT_panrot_0001.mp4;True;1.0;1.0;1.0
DIGITAL_CAMERA_native;digital_camera_native;D17_V_flatYT_still_0001.mp4;True;1.0;1.0;1.0
DIGITAL_CAMERA_native;digital_camera_native;D17_V_indoor_panrot_0001.mp4;True;1.0;1.0;1.0
DIGITAL_CAMERA_native;digital_camera_native;D17_V_indoor_still_0001.mp4;True;1.0;1.0;1.0
DIGITAL_CAMERA_native;digital_camera_native;D17_V_indoorWA_panrot_0001.mp4;True;1.0;1.0;1.0
DIGITAL_CAMERA_native;digital_camera_native;D17_V_indoorWA_still_0001.mp4;True;1.0;1.0;1.0
DIGITAL_CAMERA_native;digital_camera_native;D17_V_indoorYT_panrot_0001.mp4;True;1.0;1.0;1.0
DIGITAL_CAMERA_native;digital_camera_native;D17_V_indoorYT_still_0001.mp4;True;1.0;1.0;1.0
DIGITAL_CAMERA_native;digital_camera_native;D17_V_outdoor_panrot_0001.mp4;True;1.0;1.0;1.0
DIGITAL_CAMERA_native;digital_camera_native;D17_V_outdoor_still_0001.mp4;True;1.0;1.0;1.0
DIGITAL_CAMERA_native;digital_camera_native;D17_V_outdoorWA_panrot_0001.mp4;True;1.0;1.0;1.0
DIGITAL_CAMERA_native;digital_camera_native;D17_V_outdoorWA_still_0001.mp4;True;1.0;1.0;1.0
DIGITAL_CAMERA_native;digital_camera_native;D17_V_outdoorYT_panrot_0001.mp4;True;1.0;1.0;1.0
DIGITAL_CAMERA_native;digital_camera_native;D17_V_outdoorYT_still_0001.mp4;True;1.0;1.0;1.0
DIGITAL_CAMERA_native;digital_camera_native;D18_V_flat_move_0002.mov;True;1.0;1.0;1.0
DIGITAL_CAMERA_native;digital_camera_native;D18_V_flat_panrot_0001.mov;True;1.0;1.0;1.0
DIGITAL_CAMERA_native;digital_camera_native;D18_V_flat_still_0001.mov;True;1.0;1.0;1.0
DIGITAL_CAMERA_native;digital_camera_native;D18_V_flat_still_0002.mov;True;1.0;1.0;1.0
DIGITAL_CAMERA_native;digital_camera_native;D18_V_flatWA_move_0002.mp4;True;1.0;1.0;1.0
DIGITAL_CAMERA_native;digital_camera_native;D18_V_flatWA_panrot_0001.mp4;True;1.0;1.0;1.0
DIGITAL_CAMERA_native;digital_camera_native;D18_V_flatWA_still_0001.mp4;True;1.0;1.0;1.0
DIGITAL_CAMERA_native;digital_camera_native;D18_V_flatWA_still_0002.mp4;True;1.0;1.0;1.0
DIGITAL_CAMERA_native;digital_camera_native;D18_V_flatYT_move_0002.mp4;True;1.0;1.0;1.0
DIGITAL_CAMERA_native;digital_camera_native;D18_V_flatYT_panrot_0001.mp4;True;1.0;1.0;1.0
DIGITAL_CAMERA_native;digital_camera_native;D18_V_flatYT_still_0001.mp4;True;1.0;1.0;1.0
DIGITAL_CAMERA_native;digital_camera_native;D18_V_flatYT_still_0002.mp4;True;1.0;1.0;1.0
DIGITAL_CAMERA_native;digital_camera_native;D18_V_indoor_panrot_0001.mov;True;1.0;1.0;1.0
DIGITAL_CAMERA_native;digital_camera_native;D18_V_indoor_still_0001.mov;True;1.0;1.0;1.0
DIGITAL_CAMERA_native;digital_camera_native;D18_V_indoor_still_0002.mov;True;1.0;1.0;1.0
DIGITAL_CAMERA_native;digital_camera_native;D18_V_indoorWA_panrot_0001.mp4;True;1.0;1.0;1.0
DIGITAL_CAMERA_native;digital_camera_native;D18_V_indoorWA_still_0001.mp4;True;1.0;1.0;1.0
DIGITAL_CAMERA_native;digital_camera_native;D18_V_indoorWA_still_0002.mp4;True;1.0;1.0;1.0
DIGITAL_CAMERA_native;digital_camera_native;D18_V_indoorYT_panrot_0001.mp4;True;1.0;1.0;1.0
DIGITAL_CAMERA_native;digital_camera_native;D18_V_indoorYT_still_0001.mp4;True;1.0;1.0;1.0
DIGITAL_CAMERA_native;digital_camera_native;D18_V_indoorYT_still_0002.mp4;True;1.0;1.0;1.0
DIGITAL_CAMERA_native;digital_camera_native;D18_V_outdoor_panrot_0001.mov;True;1.0;1.0;1.0
DIGITAL_CAMERA_native;digital_camera_native;D18_V_outdoor_still_0001.mov;True;1.0;1.0;1.0
DIGITAL_CAMERA_native;digital_camera_native;D18_V_outdoor_still_0002.mov;True;1.0;1.0;1.0
DIGITAL_CAMERA_native;digital_camera_native;D18_V_outdoorWA_panrot_0001.mp4;True;1.0;1.0;1.0
DIGITAL_CAMERA_native;digital_camera_native;D18_V_outdoorWA_still_0001.mp4;True;1.0;1.0;1.0
DIGITAL_CAMERA_native;digital_camera_native;D18_V_outdoorWA_still_0002.mp4;True;1.0;1.0;1.0
DIGITAL_CAMERA_native;digital_camera_native;D18_V_outdoorYT_panrot_0001.mp4;True;1.0;1.0;1.0
DIGITAL_CAMERA_native;digital_camera_native;D18_V_outdoorYT_still_0001.mp4;True;1.0;1.0;1.0
DIGITAL_CAMERA_native;digital_camera_native;D18_V_outdoorYT_still_0002.mp4;True;1.0;1.0;1.0
DIGITAL_CAMERA_native;digital_camera_native;D19_V_flat_move_0003.mov;True;1.0;1.0;1.0
DIGITAL_CAMERA_native;digital_camera_native;D19_V_flat_panrot_0001.mov;True;1.0;1.0;1.0
DIGITAL_CAMERA_native;digital_camera_native;D19_V_flat_panrot_0002.mov;True;1.0;1.0;1.0
DIGITAL_CAMERA_native;digital_camera_native;D19_V_flat_still_0001.mov;True;1.0;1.0;1.0
DIGITAL_CAMERA_native;digital_camera_native;D19_V_flat_still_0002.mov;True;1.0;1.0;1.0
DIGITAL_CAMERA_native;digital_camera_native;D19_V_flatWA_move_0003.mp4;True;1.0;1.0;1.0
DIGITAL_CAMERA_native;digital_camera_native;D19_V_flatWA_panrot_0001.mp4;True;1.0;1.0;1.0
DIGITAL_CAMERA_native;digital_camera_native;D19_V_flatWA_panrot_0002.mp4;True;1.0;1.0;1.0
DIGITAL_CAMERA_native;digital_camera_native;D19_V_flatWA_still_0001.mp4;True;1.0;1.0;1.0
DIGITAL_CAMERA_native;digital_camera_native;D19_V_flatWA_still_0002.mp4;True;1.0;1.0;1.0
DIGITAL_CAMERA_native;digital_camera_native;D19_V_flatYT_move_0003.mp4;True;1.0;1.0;1.0
DIGITAL_CAMERA_native;digital_camera_native;D19_V_flatYT_panrot_0001.mp4;True;1.0;1.0;1.0
DIGITAL_CAMERA_native;digital_camera_native;D19_V_flatYT_panrot_0002.mp4;True;1.0;1.0;1.0
DIGITAL_CAMERA_native;digital_camera_native;D19_V_flatYT_still_0001.mp4;True;1.0;1.0;1.0
DIGITAL_CAMERA_native;digital_camera_native;D19_V_flatYT_still_0002.mp4;True;1.0;1.0;1.0
DIGITAL_CAMERA_native;digital_camera_native;D19_V_indoor_move_0002.mov;True;1.0;1.0;1.0
DIGITAL_CAMERA_native;digital_camera_native;D19_V_indoor_panrot_0001.mov;True;1.0;1.0;1.0
DIGITAL_CAMERA_native;digital_camera_native;D19_V_indoor_panrot_0002.mov;True;1.0;1.0;1.0
DIGITAL_CAMERA_native;digital_camera_native;D19_V_indoor_still_0001.mov;True;1.0;1.0;1.0
DIGITAL_CAMERA_native;digital_camera_native;D19_V_indoor_still_0002.mov;True;1.0;1.0;1.0
DIGITAL_CAMERA_native;digital_camera_native;D19_V_indoorWA_move_0002.mp4;True;1.0;1.0;1.0
DIGITAL_CAMERA_native;digital_camera_native;D19_V_indoorWA_panrot_0001.mp4;True;1.0;1.0;1.0
DIGITAL_CAMERA_native;digital_camera_native;D19_V_indoorWA_panrot_0002.mp4;True;1.0;1.0;1.0
DIGITAL_CAMERA_native;digital_camera_native;D19_V_indoorWA_still_0001.mp4;True;1.0;1.0;1.0
DIGITAL_CAMERA_native;digital_camera_native;D19_V_indoorWA_still_0002.mp4;True;1.0;1.0;1.0
DIGITAL_CAMERA_native;digital_camera_native;D19_V_indoorYT_move_0002.mp4;True;1.0;1.0;1.0
DIGITAL_CAMERA_native;digital_camera_native;D19_V_indoorYT_panrot_0001.mp4;True;1.0;1.0;1.0
DIGITAL_CAMERA_native;digital_camera_native;D19_V_indoorYT_panrot_0002.mp4;True;1.0;1.0;1.0
DIGITAL_CAMERA_native;digital_camera_native;D19_V_indoorYT_still_0001.mp4;True;1.0;1.0;1.0
DIGITAL_CAMERA_native;digital_camera_native;D19_V_indoorYT_still_0002.mp4;True;1.0;1.0;1.0
DIGITAL_CAMERA_native;digital_camera_native;D19_V_outdoor_move_0002.mov;True;1.0;1.0;1.0
DIGITAL_CAMERA_native;digital_camera_native;D19_V_outdoor_panrot_0001.mov;True;1.0;1.0;1.0
DIGITAL_CAMERA_native;digital_camera_native;D19_V_outdoor_panrot_0002.mov;True;1.0;1.0;1.0
DIGITAL_CAMERA_native;digital_camera_native;D19_V_outdoor_still_0001.mov;True;1.0;1.0;1.0
DIGITAL_CAMERA_native;digital_camera_native;D19_V_outdoor_still_0002.mov;True;1.0;1.0;1.0
DIGITAL_CAMERA_native;digital_camera_native;D19_V_outdoorWA_move_0002.mp4;True;1.0;1.0;1.0
DIGITAL_CAMERA_native;digital_camera_native;D19_V_outdoorWA_panrot_0001.mp4;True;1.0;1.0;1.0
DIGITAL_CAMERA_native;digital_camera_native;D19_V_outdoorWA_panrot_0002.mp4;True;1.0;1.0;1.0
DIGITAL_CAMERA_native;digital_camera_native;D19_V_outdoorWA_still_0001.mp4;True;1.0;1.0;1.0
DIGITAL_CAMERA_native;digital_camera_native;D19_V_outdoorWA_still_0002.mp4;True;1.0;1.0;1.0
DIGITAL_CAMERA_native;digital_camera_native;D19_V_outdoorYT_move_0002.mp4;True;1.0;1.0;1.0
DIGITAL_CAMERA_native;digital_camera_native;D19_V_outdoorYT_panrot_0001.mp4;True;1.0;1.0;1.0
DIGITAL_CAMERA_native;digital_camera_native;D19_V_outdoorYT_panrot_0002.mp4;True;1.0;1.0;1.0
DIGITAL_CAMERA_native;digital_camera_native;D19_V_outdoorYT_still_0001.mp4;True;1.0;1.0;1.0
DIGITAL_CAMERA_native;digital_camera_native;D19_V_outdoorYT_still_0002.mp4;True;1.0;1.0;1.0
DIGITAL_CAMERA_native;digital_camera_native;D20_V_flat_move_0002.mov;True;1.0;1.0;1.0
DIGITAL_CAMERA_native;digital_camera_native;D20_V_flat_panrot_0001.mov;True;1.0;1.0;1.0
DIGITAL_CAMERA_native;digital_camera_native;D20_V_flat_still_0001.mov;True;1.0;1.0;1.0
DIGITAL_CAMERA_native;digital_camera_native;D20_V_flatWA_move_0002.mp4;True;1.0;1.0;1.0
DIGITAL_CAMERA_native;digital_camera_native;D20_V_flatWA_panrot_0001.mp4;True;1.0;1.0;1.0
DIGITAL_CAMERA_native;digital_camera_native;D20_V_flatWA_still_0001.mp4;True;1.0;1.0;1.0
DIGITAL_CAMERA_native;digital_camera_native;D20_V_flatYT_move_0002.mp4;True;1.0;1.0;1.0
DIGITAL_CAMERA_native;digital_camera_native;D20_V_flatYT_panrot_0001.mp4;True;1.0;1.0;1.0
DIGITAL_CAMERA_native;digital_camera_native;D20_V_flatYT_still_0001.mp4;True;1.0;1.0;1.0
DIGITAL_CAMERA_native;digital_camera_native;D20_V_indoor_move_0002.mov;True;1.0;1.0;1.0
DIGITAL_CAMERA_native;digital_camera_native;D20_V_indoor_panrot_0001.mov;True;1.0;1.0;1.0
DIGITAL_CAMERA_native;digital_camera_native;D20_V_indoor_panrot_0002.mov;True;1.0;1.0;1.0
DIGITAL_CAMERA_native;digital_camera_native;D20_V_indoor_still_0001.mov;True;1.0;1.0;1.0
DIGITAL_CAMERA_native;digital_camera_native;D20_V_indoor_still_0002.mov;True;1.0;1.0;1.0
DIGITAL_CAMERA_native;digital_camera_native;D20_V_indoorWA_move_0002.mp4;True;1.0;1.0;1.0
DIGITAL_CAMERA_native;digital_camera_native;D20_V_indoorWA_panrot_0001.mp4;True;1.0;1.0;1.0
DIGITAL_CAMERA_native;digital_camera_native;D20_V_indoorWA_panrot_0002.mp4;True;1.0;1.0;1.0
DIGITAL_CAMERA_native;digital_camera_native;D20_V_indoorWA_still_0001.mp4;True;1.0;1.0;1.0
DIGITAL_CAMERA_native;digital_camera_native;D20_V_indoorWA_still_0002.mp4;True;1.0;1.0;1.0
DIGITAL_CAMERA_native;digital_camera_native;D20_V_indoorYT_move_0002.mp4;True;1.0;1.0;1.0
DIGITAL_CAMERA_native;digital_camera_native;D20_V_indoorYT_panrot_0001.mp4;True;1.0;1.0;1.0
DIGITAL_CAMERA_native;digital_camera_native;D20_V_indoorYT_panrot_0002.mp4;True;1.0;1.0;1.0
DIGITAL_CAMERA_native;digital_camera_native;D20_V_indoorYT_still_0001.mp4;True;1.0;1.0;1.0
DIGITAL_CAMERA_native;digital_camera_native;D20_V_indoorYT_still_0002.mp4;True;1.0;1.0;1.0
DIGITAL_CAMERA_native;digital_camera_native;D20_V_outdoor_move_0002.mov;True;1.0;1.0;1.0
DIGITAL_CAMERA_native;digital_camera_native;D20_V_outdoor_panrot_0001.mov;True;1.0;1.0;1.0
DIGITAL_CAMERA_native;digital_camera_native;D20_V_outdoor_panrot_0002.mov;True;1.0;1.0;1.0
DIGITAL_CAMERA_native;digital_camera_native;D20_V_outdoor_still_0001.mov;True;1.0;1.0;1.0
DIGITAL_CAMERA_native;digital_camera_native;D20_V_outdoor_still_0002.mov;True;1.0;1.0;1.0
DIGITAL_CAMERA_native;digital_camera_native;D20_V_outdoorWA_move_0002.mp4;True;1.0;1.0;1.0
DIGITAL_CAMERA_native;digital_camera_native;D20_V_outdoorWA_panrot_0001.mp4;True;1.0;1.0;1.0
DIGITAL_CAMERA_native;digital_camera_native;D20_V_outdoorWA_panrot_0002.mp4;True;1.0;1.0;1.0
DIGITAL_CAMERA_native;digital_camera_native;D20_V_outdoorWA_still_0001.mp4;True;1.0;1.0;1.0
DIGITAL_CAMERA_native;digital_camera_native;D20_V_outdoorWA_still_0002.mp4;True;1.0;1.0;1.0
DIGITAL_CAMERA_native;digital_camera_native;D20_V_outdoorYT_move_0002.mp4;True;1.0;1.0;1.0
DIGITAL_CAMERA_native;digital_camera_native;D20_V_outdoorYT_panrot_0001.mp4;True;1.0;1.0;1.0
DIGITAL_CAMERA_native;digital_camera_native;D20_V_outdoorYT_panrot_0002.mp4;True;1.0;1.0;1.0
DIGITAL_CAMERA_native;digital_camera_native;D20_V_outdoorYT_still_0001.mp4;True;1.0;1.0;1.0
DIGITAL_CAMERA_native;digital_camera_native;D20_V_outdoorYT_still_0002.mp4;True;1.0;1.0;1.0
DIGITAL_CAMERA_native;digital_camera_native;D21_V_flat_move_0002.mp4;True;1.0;1.0;1.0
DIGITAL_CAMERA_native;digital_camera_native;D21_V_flat_panrot_0001.mp4;True;1.0;1.0;1.0
DIGITAL_CAMERA_native;digital_camera_native;D21_V_flat_still_0001.mp4;True;1.0;1.0;1.0
DIGITAL_CAMERA_native;digital_camera_native;D21_V_flatWA_move_0002.mp4;True;1.0;1.0;1.0
DIGITAL_CAMERA_native;digital_camera_native;D21_V_flatWA_still_0001.mp4;True;1.0;1.0;1.0
DIGITAL_CAMERA_native;digital_camera_native;D21_V_flatYT_move_0002.mp4;True;1.0;1.0;1.0
DIGITAL_CAMERA_native;digital_camera_native;D21_V_flatYT_panrot_0001.mp4;True;1.0;1.0;1.0
DIGITAL_CAMERA_native;digital_camera_native;D21_V_flatYT_still_0001.mp4;True;1.0;1.0;1.0
DIGITAL_CAMERA_native;digital_camera_native;D21_V_indoor_panrot_0001.mp4;True;1.0;1.0;1.0
DIGITAL_CAMERA_native;digital_camera_native;D21_V_indoor_still_0001.mp4;True;1.0;1.0;1.0
DIGITAL_CAMERA_native;digital_camera_native;D21_V_indoorWA_panrot_0001.mp4;True;1.0;1.0;1.0
DIGITAL_CAMERA_native;digital_camera_native;D21_V_indoorWA_still_0001.mp4;True;1.0;1.0;1.0
DIGITAL_CAMERA_native;digital_camera_native;D21_V_indoorYT_panrot_0001.mp4;True;1.0;1.0;1.0
DIGITAL_CAMERA_native;digital_camera_native;D21_V_indoorYT_still_0001.mp4;True;1.0;1.0;1.0
DIGITAL_CAMERA_native;digital_camera_native;D21_V_outdoor_panrot_0001.mp4;True;1.0;1.0;1.0
DIGITAL_CAMERA_native;digital_camera_native;D21_V_outdoor_still_0001.mp4;True;1.0;1.0;1.0
DIGITAL_CAMERA_native;digital_camera_native;D21_V_outdoor_still_0002.mp4;True;1.0;1.0;1.0
DIGITAL_CAMERA_native;digital_camera_native;D21_V_outdoorWA_panrot_0001.mp4;True;1.0;1.0;1.0
DIGITAL_CAMERA_native;digital_camera_native;D21_V_outdoorWA_still_0001.mp4;True;1.0;1.0;1.0
DIGITAL_CAMERA_native;digital_camera_native;D21_V_outdoorWA_still_0002.mp4;True;1.0;1.0;1.0
DIGITAL_CAMERA_native;digital_camera_native;D21_V_outdoorYT_panrot_0001.mp4;True;1.0;1.0;1.0
DIGITAL_CAMERA_native;digital_camera_native;D21_V_outdoorYT_still_0001.mp4;True;1.0;1.0;1.0
DIGITAL_CAMERA_native;digital_camera_native;D21_V_outdoorYT_still_0002.mp4;True;1.0;1.0;1.0
DIGITAL_CAMERA_native;digital_camera_native;D22_V_flat_move_0002.mp4;True;1.0;1.0;1.0
DIGITAL_CAMERA_native;digital_camera_native;D22_V_flat_panrot_0001.mp4;True;1.0;1.0;1.0
DIGITAL_CAMERA_native;digital_camera_native;D22_V_flat_still_0001.mp4;True;1.0;1.0;1.0
DIGITAL_CAMERA_native;digital_camera_native;D22_V_flatWA_move_0002.mp4;True;1.0;1.0;1.0
DIGITAL_CAMERA_native;digital_camera_native;D22_V_flatWA_panrot_0001.mp4;True;1.0;1.0;1.0
DIGITAL_CAMERA_native;digital_camera_native;D22_V_flatWA_still_0001.mp4;True;1.0;1.0;1.0
DIGITAL_CAMERA_native;digital_camera_native;D22_V_flatYT_move_0002.mp4;True;1.0;1.0;1.0
DIGITAL_CAMERA_native;digital_camera_native;D22_V_flatYT_panrot_0001.mp4;True;1.0;1.0;1.0
DIGITAL_CAMERA_native;digital_camera_native;D22_V_flatYT_still_0001.mp4;True;1.0;1.0;1.0
DIGITAL_CAMERA_native;digital_camera_native;D22_V_indoor_move_0002.mp4;True;1.0;1.0;1.0
DIGITAL_CAMERA_native;digital_camera_native;D22_V_indoor_panrot_0001.mp4;True;1.0;1.0;1.0
DIGITAL_CAMERA_native;digital_camera_native;D22_V_indoor_panrot_0002.mp4;True;1.0;1.0;1.0
DIGITAL_CAMERA_native;digital_camera_native;D22_V_indoor_still_0001.mp4;True;1.0;1.0;1.0
DIGITAL_CAMERA_native;digital_camera_native;D22_V_indoor_still_0002.mp4;True;1.0;1.0;1.0
DIGITAL_CAMERA_native;digital_camera_native;D22_V_indoorWA_panrot_0001.mp4;True;1.0;1.0;1.0
DIGITAL_CAMERA_native;digital_camera_native;D22_V_indoorWA_panrot_0002.mp4;True;1.0;1.0;1.0
DIGITAL_CAMERA_native;digital_camera_native;D22_V_indoorWA_still_0001.mp4;True;1.0;1.0;1.0
DIGITAL_CAMERA_native;digital_camera_native;D22_V_indoorWA_still_0002.mp4;True;1.0;1.0;1.0
DIGITAL_CAMERA_native;digital_camera_native;D22_V_indoorYT_move_0002.mp4;True;1.0;1.0;1.0
DIGITAL_CAMERA_native;digital_camera_native;D22_V_indoorYT_panrot_0001.mp4;True;1.0;1.0;1.0
DIGITAL_CAMERA_native;digital_camera_native;D22_V_indoorYT_panrot_0002.mp4;True;1.0;1.0;1.0
DIGITAL_CAMERA_native;digital_camera_native;D22_V_indoorYT_still_0001.mp4;True;1.0;1.0;1.0
DIGITAL_CAMERA_native;digital_camera_native;D22_V_indoorYT_still_0002.mp4;True;1.0;1.0;1.0
DIGITAL_CAMERA_native;digital_camera_native;D22_V_outdoor_move_0002.mp4;True;1.0;1.0;1.0
DIGITAL_CAMERA_native;digital_camera_native;D22_V_outdoor_panrot_0001.mp4;True;1.0;1.0;1.0
DIGITAL_CAMERA_native;digital_camera_native;D22_V_outdoor_panrot_0002.mp4;True;1.0;1.0;1.0
DIGITAL_CAMERA_native;digital_camera_native;D22_V_outdoor_still_0001.mp4;True;1.0;1.0;1.0
DIGITAL_CAMERA_native;digital_camera_native;D22_V_outdoor_still_0002.mp4;True;1.0;1.0;1.0
DIGITAL_CAMERA_native;digital_camera_native;D22_V_outdoorWA_move_0002.mp4;True;1.0;1.0;1.0
DIGITAL_CAMERA_native;digital_camera_native;D22_V_outdoorWA_panrot_0001.mp4;True;1.0;1.0;1.0
DIGITAL_CAMERA_native;digital_camera_native;D22_V_outdoorWA_panrot_0002.mp4;True;1.0;1.0;1.0
DIGITAL_CAMERA_native;digital_camera_native;D22_V_outdoorWA_still_0001.mp4;True;1.0;1.0;1.0
DIGITAL_CAMERA_native;digital_camera_native;D22_V_outdoorWA_still_0002.mp4;True;1.0;1.0;1.0
DIGITAL_CAMERA_native;digital_camera_native;D22_V_outdoorYT_move_0002.mp4;True;1.0;1.0;1.0
DIGITAL_CAMERA_native;digital_camera_native;D22_V_outdoorYT_panrot_0001.mp4;True;1.0;1.0;1.0
DIGITAL_CAMERA_native;digital_camera_native;D22_V_outdoorYT_panrot_0002.mp4;True;1.0;1.0;1.0
DIGITAL_CAMERA_native;digital_camera_native;D22_V_outdoorYT_still_0001.mp4;True;1.0;1.0;1.0
DIGITAL_CAMERA_native;digital_camera_native;D22_V_outdoorYT_still_0002.mp4;True;1.0;1.0;1.0
DIGITAL_CAMERA_native;digital_camera_native;D23_V_flat_move_0002.mp4;True;1.0;1.0;1.0
DIGITAL_CAMERA_native;digital_camera_native;D23_V_flat_move_0003.mp4;True;1.0;1.0;1.0
DIGITAL_CAMERA_native;digital_camera_native;D23_V_flat_panrot_0001.mp4;True;1.0;1.0;1.0
DIGITAL_CAMERA_native;digital_camera_native;D23_V_flat_panrot_0002.mp4;True;1.0;1.0;1.0
DIGITAL_CAMERA_native;digital_camera_native;D23_V_flat_still_0001.mp4;True;1.0;1.0;1.0
DIGITAL_CAMERA_native;digital_camera_native;D23_V_flat_still_0002.mp4;True;1.0;1.0;1.0
DIGITAL_CAMERA_native;digital_camera_native;D23_V_flatWA_move_0002.mp4;True;1.0;1.0;1.0
DIGITAL_CAMERA_native;digital_camera_native;D23_V_flatWA_move_0003.mp4;True;1.0;1.0;1.0
DIGITAL_CAMERA_native;digital_camera_native;D23_V_flatWA_panrot_0001.mp4;True;1.0;1.0;1.0
DIGITAL_CAMERA_native;digital_camera_native;D23_V_flatWA_panrot_0002.mp4;True;1.0;1.0;1.0
DIGITAL_CAMERA_native;digital_camera_native;D23_V_flatWA_still_0001.mp4;True;1.0;1.0;1.0
DIGITAL_CAMERA_native;digital_camera_native;D23_V_flatWA_still_0002.mp4;True;1.0;1.0;1.0
DIGITAL_CAMERA_native;digital_camera_native;D23_V_flatYT_move_0002.mp4;True;1.0;1.0;1.0
DIGITAL_CAMERA_native;digital_camera_native;D23_V_flatYT_move_0003.mp4;True;1.0;1.0;1.0
DIGITAL_CAMERA_native;digital_camera_native;D23_V_flatYT_panrot_0001.mp4;True;1.0;1.0;1.0
DIGITAL_CAMERA_native;digital_camera_native;D23_V_flatYT_panrot_0002.mp4;True;1.0;1.0;1.0
DIGITAL_CAMERA_native;digital_camera_native;D23_V_flatYT_still_0001.mp4;True;1.0;1.0;1.0
DIGITAL_CAMERA_native;digital_camera_native;D23_V_flatYT_still_0002.mp4;True;1.0;1.0;1.0
DIGITAL_CAMERA_native;digital_camera_native;D23_V_indoor_move_0002.mp4;True;1.0;1.0;1.0
DIGITAL_CAMERA_native;digital_camera_native;D23_V_indoor_panrot_0001.mp4;True;1.0;1.0;1.0
DIGITAL_CAMERA_native;digital_camera_native;D23_V_indoor_panrot_0002.mp4;True;1.0;1.0;1.0
DIGITAL_CAMERA_native;digital_camera_native;D23_V_indoor_still_0001.mp4;True;1.0;1.0;1.0
DIGITAL_CAMERA_native;digital_camera_native;D23_V_indoor_still_0002.mp4;True;1.0;1.0;1.0
DIGITAL_CAMERA_native;digital_camera_native;D23_V_indoorWA_move_0002.mp4;True;1.0;1.0;1.0
DIGITAL_CAMERA_native;digital_camera_native;D23_V_indoorWA_panrot_0001.mp4;True;1.0;1.0;1.0
DIGITAL_CAMERA_native;digital_camera_native;D23_V_indoorWA_panrot_0002.mp4;True;1.0;1.0;1.0
DIGITAL_CAMERA_native;digital_camera_native;D23_V_indoorWA_still_0001.mp4;True;1.0;1.0;1.0
DIGITAL_CAMERA_native;digital_camera_native;D23_V_indoorWA_still_0002.mp4;True;1.0;1.0;1.0
DIGITAL_CAMERA_native;digital_camera_native;D23_V_indoorYT_move_0002.mp4;True;1.0;1.0;1.0
DIGITAL_CAMERA_native;digital_camera_native;D23_V_indoorYT_panrot_0001.mp4;True;1.0;1.0;1.0
DIGITAL_CAMERA_native;digital_camera_native;D23_V_indoorYT_panrot_0002.mp4;True;1.0;1.0;1.0
DIGITAL_CAMERA_native;digital_camera_native;D23_V_indoorYT_still_0001.mp4;True;1.0;1.0;1.0
DIGITAL_CAMERA_native;digital_camera_native;D23_V_indoorYT_still_0002.mp4;True;1.0;1.0;1.0
DIGITAL_CAMERA_native;digital_camera_native;D23_V_outdoor_move_0002.mp4;True;1.0;1.0;1.0
DIGITAL_CAMERA_native;digital_camera_native;D23_V_outdoor_panrot_0001.mp4;True;1.0;1.0;1.0
DIGITAL_CAMERA_native;digital_camera_native;D23_V_outdoor_panrot_0002.mp4;True;1.0;1.0;1.0
DIGITAL_CAMERA_native;digital_camera_native;D23_V_outdoor_still_0001.mp4;True;1.0;1.0;1.0
DIGITAL_CAMERA_native;digital_camera_native;D23_V_outdoor_still_0002.mp4;True;1.0;1.0;1.0
DIGITAL_CAMERA_native;digital_camera_native;D23_V_outdoorWA_move_0002.mp4;True;1.0;1.0;1.0
DIGITAL_CAMERA_native;digital_camera_native;D23_V_outdoorWA_panrot_0001.mp4;True;1.0;1.0;1.0
DIGITAL_CAMERA_native;digital_camera_native;D23_V_outdoorWA_panrot_0002.mp4;True;1.0;1.0;1.0
DIGITAL_CAMERA_native;digital_camera_native;D23_V_outdoorWA_still_0001.mp4;True;1.0;1.0;1.0
DIGITAL_CAMERA_native;digital_camera_native;D23_V_outdoorWA_still_0002.mp4;True;1.0;1.0;1.0
DIGITAL_CAMERA_native;digital_camera_native;D23_V_outdoorYT_move_0002.mp4;True;1.0;1.0;1.0
DIGITAL_CAMERA_native;digital_camera_native;D23_V_outdoorYT_panrot_0001.mp4;True;1.0;1.0;1.0
DIGITAL_CAMERA_native;digital_camera_native;D23_V_outdoorYT_panrot_0002.mp4;True;1.0;1.0;1.0
DIGITAL_CAMERA_native;digital_camera_native;D23_V_outdoorYT_still_0001.mp4;True;1.0;1.0;1.0
DIGITAL_CAMERA_native;digital_camera_native;D23_V_outdoorYT_still_0002.mp4;True;1.0;1.0;1.0
DIGITAL_CAMERA_native;digital_camera_native;D24_V_flat_move_0002.mp4;True;1.0;1.0;1.0
DIGITAL_CAMERA_native;digital_camera_native;D24_V_flat_move_0003.mp4;True;1.0;1.0;1.0
DIGITAL_CAMERA_native;digital_camera_native;D24_V_flat_panrot_0001.mp4;True;1.0;1.0;1.0
DIGITAL_CAMERA_native;digital_camera_native;D24_V_flat_panrot_0002.mp4;True;1.0;1.0;1.0
DIGITAL_CAMERA_native;digital_camera_native;D24_V_flat_still_0001.mp4;True;1.0;1.0;1.0
DIGITAL_CAMERA_native;digital_camera_native;D24_V_flat_still_0002.mp4;True;1.0;1.0;1.0
DIGITAL_CAMERA_native;digital_camera_native;D24_V_flatWA_move_0002.mp4;True;1.0;1.0;1.0
DIGITAL_CAMERA_native;digital_camera_native;D24_V_flatWA_move_0003.mp4;True;1.0;1.0;1.0
DIGITAL_CAMERA_native;digital_camera_native;D24_V_flatWA_panrot_0001.mp4;True;1.0;1.0;1.0
DIGITAL_CAMERA_native;digital_camera_native;D24_V_flatWA_panrot_0002.mp4;True;1.0;1.0;1.0
DIGITAL_CAMERA_native;digital_camera_native;D24_V_flatWA_still_0001.mp4;True;1.0;1.0;1.0
DIGITAL_CAMERA_native;digital_camera_native;D24_V_flatWA_still_0002.mp4;True;1.0;1.0;1.0
DIGITAL_CAMERA_native;digital_camera_native;D24_V_flatYT_move_0002.mp4;True;1.0;1.0;1.0
DIGITAL_CAMERA_native;digital_camera_native;D24_V_flatYT_move_0003.mp4;True;1.0;1.0;1.0
DIGITAL_CAMERA_native;digital_camera_native;D24_V_flatYT_panrot_0001.mp4;True;1.0;1.0;1.0
DIGITAL_CAMERA_native;digital_camera_native;D24_V_flatYT_panrot_0002.mp4;True;1.0;1.0;1.0
DIGITAL_CAMERA_native;digital_camera_native;D24_V_flatYT_still_0001.mp4;True;1.0;1.0;1.0
DIGITAL_CAMERA_native;digital_camera_native;D24_V_flatYT_still_0002.mp4;True;1.0;1.0;1.0
DIGITAL_CAMERA_native;digital_camera_native;D24_V_indoor_move_0002.mp4;True;1.0;1.0;1.0
DIGITAL_CAMERA_native;digital_camera_native;D24_V_indoor_panrot_0001.mp4;True;1.0;1.0;1.0
DIGITAL_CAMERA_native;digital_camera_native;D24_V_indoor_panrot_0002.mp4;True;1.0;1.0;1.0
DIGITAL_CAMERA_native;digital_camera_native;D24_V_indoor_still_0001.mp4;True;1.0;1.0;1.0
DIGITAL_CAMERA_native;digital_camera_native;D24_V_indoor_still_0002.mp4;True;1.0;1.0;1.0
DIGITAL_CAMERA_native;digital_camera_native;D24_V_indoorWA_move_0002.mp4;True;1.0;1.0;1.0
DIGITAL_CAMERA_native;digital_camera_native;D24_V_indoorWA_panrot_0001.mp4;True;1.0;1.0;1.0
DIGITAL_CAMERA_native;digital_camera_native;D24_V_indoorWA_panrot_0002.mp4;True;1.0;1.0;1.0
DIGITAL_CAMERA_native;digital_camera_native;D24_V_indoorWA_still_0001.mp4;True;1.0;1.0;1.0
DIGITAL_CAMERA_native;digital_camera_native;D24_V_indoorWA_still_0002.mp4;True;1.0;1.0;1.0
DIGITAL_CAMERA_native;digital_camera_native;D24_V_indoorYT_move_0002.mp4;True;1.0;1.0;1.0
DIGITAL_CAMERA_native;digital_camera_native;D24_V_indoorYT_panrot_0001.mp4;True;1.0;1.0;1.0
DIGITAL_CAMERA_native;digital_camera_native;D24_V_indoorYT_panrot_0002.mp4;True;1.0;1.0;1.0
DIGITAL_CAMERA_native;digital_camera_native;D24_V_indoorYT_still_0001.mp4;True;1.0;1.0;1.0
DIGITAL_CAMERA_native;digital_camera_native;D24_V_indoorYT_still_0002.mp4;True;1.0;1.0;1.0
DIGITAL_CAMERA_native;digital_camera_native;D24_V_outdoor_move_0002.mp4;True;1.0;1.0;1.0
DIGITAL_CAMERA_native;digital_camera_native;D24_V_outdoor_panrot_0001.mp4;True;1.0;1.0;1.0
DIGITAL_CAMERA_native;digital_camera_native;D24_V_outdoor_panrot_0002.mp4;True;1.0;1.0;1.0
DIGITAL_CAMERA_native;digital_camera_native;D24_V_outdoor_still_0001.mp4;True;1.0;1.0;1.0
DIGITAL_CAMERA_native;digital_camera_native;D24_V_outdoor_still_0002.mp4;True;1.0;1.0;1.0
DIGITAL_CAMERA_native;digital_camera_native;D24_V_outdoorWA_move_0002.mp4;True;1.0;1.0;1.0
DIGITAL_CAMERA_native;digital_camera_native;D24_V_outdoorWA_panrot_0001.mp4;True;1.0;1.0;1.0
DIGITAL_CAMERA_native;digital_camera_native;D24_V_outdoorWA_panrot_0002.mp4;True;1.0;1.0;1.0
DIGITAL_CAMERA_native;digital_camera_native;D24_V_outdoorWA_still_0001.mp4;True;1.0;1.0;1.0
DIGITAL_CAMERA_native;digital_camera_native;D24_V_outdoorWA_still_0002.mp4;True;1.0;1.0;1.0
DIGITAL_CAMERA_native;digital_camera_native;D24_V_outdoorYT_move_0002.mp4;True;1.0;1.0;1.0
DIGITAL_CAMERA_native;digital_camera_native;D24_V_outdoorYT_panrot_0001.mp4;True;1.0;1.0;1.0
DIGITAL_CAMERA_native;digital_camera_native;D24_V_outdoorYT_panrot_0002.mp4;True;1.0;1.0;1.0
DIGITAL_CAMERA_native;digital_camera_native;D24_V_outdoorYT_still_0001.mp4;True;1.0;1.0;1.0
DIGITAL_CAMERA_native;digital_camera_native;D24_V_outdoorYT_still_0002.mp4;True;1.0;1.0;1.0
DIGITAL_CAMERA_native;digital_camera_native;D25_V_flat_move_0002.mp4;True;1.0;1.0;1.0
DIGITAL_CAMERA_native;digital_camera_native;D25_V_flat_move_0003.mp4;True;1.0;1.0;1.0
DIGITAL_CAMERA_native;digital_camera_native;D25_V_flat_panrot_0001.mp4;True;1.0;1.0;1.0
DIGITAL_CAMERA_native;digital_camera_native;D25_V_flat_panrot_0002.mp4;True;1.0;1.0;1.0
DIGITAL_CAMERA_native;digital_camera_native;D25_V_flat_still_0001.mp4;True;1.0;1.0;1.0
DIGITAL_CAMERA_native;digital_camera_native;D25_V_flat_still_0002.mp4;True;1.0;1.0;1.0
DIGITAL_CAMERA_native;digital_camera_native;D25_V_flatWA_move_0002.mp4;True;1.0;1.0;1.0
DIGITAL_CAMERA_native;digital_camera_native;D25_V_flatWA_move_0003.mp4;True;1.0;1.0;1.0
DIGITAL_CAMERA_native;digital_camera_native;D25_V_flatWA_panrot_0001.mp4;True;1.0;1.0;1.0
DIGITAL_CAMERA_native;digital_camera_native;D25_V_flatWA_panrot_0002.mp4;True;1.0;1.0;1.0
DIGITAL_CAMERA_native;digital_camera_native;D25_V_flatWA_still_0001.mp4;True;1.0;1.0;1.0
DIGITAL_CAMERA_native;digital_camera_native;D25_V_flatWA_still_0002.mp4;True;1.0;1.0;1.0
DIGITAL_CAMERA_native;digital_camera_native;D25_V_flatYT_move_0002.mp4;True;1.0;1.0;1.0
DIGITAL_CAMERA_native;digital_camera_native;D25_V_flatYT_move_0003.mp4;True;1.0;1.0;1.0
DIGITAL_CAMERA_native;digital_camera_native;D25_V_flatYT_panrot_0001.mp4;True;1.0;1.0;1.0
DIGITAL_CAMERA_native;digital_camera_native;D25_V_flatYT_panrot_0002.mp4;True;1.0;1.0;1.0
DIGITAL_CAMERA_native;digital_camera_native;D25_V_flatYT_still_0001.mp4;True;1.0;1.0;1.0
DIGITAL_CAMERA_native;digital_camera_native;D25_V_flatYT_still_0002.mp4;True;1.0;1.0;1.0
DIGITAL_CAMERA_native;digital_camera_native;D25_V_indoor_move_0002.mp4;True;1.0;1.0;1.0
DIGITAL_CAMERA_native;digital_camera_native;D25_V_indoor_panrot_0001.mp4;True;1.0;1.0;1.0
DIGITAL_CAMERA_native;digital_camera_native;D25_V_indoor_panrot_0002.mp4;True;1.0;1.0;1.0
DIGITAL_CAMERA_native;digital_camera_native;D25_V_indoor_still_0001.mp4;True;1.0;1.0;1.0
DIGITAL_CAMERA_native;digital_camera_native;D25_V_indoor_still_0002.mp4;True;1.0;1.0;1.0
DIGITAL_CAMERA_native;digital_camera_native;D25_V_indoorWA_move_0002.mp4;True;1.0;1.0;1.0
DIGITAL_CAMERA_native;digital_camera_native;D25_V_indoorWA_panrot_0001.mp4;True;1.0;1.0;1.0
DIGITAL_CAMERA_native;digital_camera_native;D25_V_indoorWA_panrot_0002.mp4;True;1.0;1.0;1.0
DIGITAL_CAMERA_native;digital_camera_native;D25_V_indoorWA_still_0001.mp4;True;1.0;1.0;1.0
DIGITAL_CAMERA_native;digital_camera_native;D25_V_indoorWA_still_0002.mp4;True;1.0;1.0;1.0
DIGITAL_CAMERA_native;digital_camera_native;D25_V_indoorYT_move_0002.mp4;True;1.0;1.0;1.0
DIGITAL_CAMERA_native;digital_camera_native;D25_V_indoorYT_panrot_0001.mp4;True;1.0;1.0;1.0
DIGITAL_CAMERA_native;digital_camera_native;D25_V_indoorYT_panrot_0002.mp4;True;1.0;1.0;1.0
DIGITAL_CAMERA_native;digital_camera_native;D25_V_indoorYT_still_0001.mp4;True;1.0;1.0;1.0
DIGITAL_CAMERA_native;digital_camera_native;D25_V_indoorYT_still_0002.mp4;True;1.0;1.0;1.0
DIGITAL_CAMERA_native;digital_camera_native;D25_V_outdoor_move_0002.mp4;True;1.0;1.0;1.0
DIGITAL_CAMERA_native;digital_camera_native;D25_V_outdoor_panrot_0001.mp4;True;1.0;1.0;1.0
DIGITAL_CAMERA_native;digital_camera_native;D25_V_outdoor_panrot_0002.mp4;True;1.0;1.0;1.0
DIGITAL_CAMERA_native;digital_camera_native;D25_V_outdoor_still_0001.mp4;True;1.0;1.0;1.0
DIGITAL_CAMERA_native;digital_camera_native;D25_V_outdoor_still_0002.mp4;True;1.0;1.0;1.0
DIGITAL_CAMERA_native;digital_camera_native;D25_V_outdoorWA_move_0002.mp4;True;1.0;1.0;1.0
DIGITAL_CAMERA_native;digital_camera_native;D25_V_outdoorWA_panrot_0001.mp4;True;1.0;1.0;1.0
DIGITAL_CAMERA_native;digital_camera_native;D25_V_outdoorWA_panrot_0002.mp4;True;1.0;1.0;1.0
DIGITAL_CAMERA_native;digital_camera_native;D25_V_outdoorWA_still_0001.mp4;True;1.0;1.0;1.0
DIGITAL_CAMERA_native;digital_camera_native;D25_V_outdoorWA_still_0002.mp4;True;1.0;1.0;1.0
DIGITAL_CAMERA_native;digital_camera_native;D25_V_outdoorYT_move_0002.mp4;True;1.0;1.0;1.0
DIGITAL_CAMERA_native;digital_camera_native;D25_V_outdoorYT_panrot_0001.mp4;True;1.0;1.0;1.0
DIGITAL_CAMERA_native;digital_camera_native;D25_V_outdoorYT_panrot_0002.mp4;True;1.0;1.0;1.0
DIGITAL_CAMERA_native;digital_camera_native;D25_V_outdoorYT_still_0001.mp4;True;1.0;1.0;1.0
DIGITAL_CAMERA_native;digital_camera_native;D25_V_outdoorYT_still_0002.mp4;True;1.0;1.0;1.0
DIGITAL_CAMERA_native;digital_camera_native;D26_V_flat_move_0002.mp4;True;1.0;1.0;1.0
DIGITAL_CAMERA_native;digital_camera_native;D26_V_flat_panrot_0001.mp4;True;1.0;1.0;1.0
DIGITAL_CAMERA_native;digital_camera_native;D26_V_flat_still_0001.mp4;True;1.0;1.0;1.0
DIGITAL_CAMERA_native;digital_camera_native;D26_V_flatWA_move_0002.mp4;True;1.0;1.0;1.0
DIGITAL_CAMERA_native;digital_camera_native;D26_V_flatWA_panrot_0001.mp4;True;1.0;1.0;1.0
DIGITAL_CAMERA_native;digital_camera_native;D26_V_flatWA_still_0001.mp4;True;1.0;1.0;1.0
DIGITAL_CAMERA_native;digital_camera_native;D26_V_flatYT_move_0002.mp4;True;1.0;1.0;1.0
DIGITAL_CAMERA_native;digital_camera_native;D26_V_flatYT_panrot_0001.mp4;True;1.0;1.0;1.0
DIGITAL_CAMERA_native;digital_camera_native;D26_V_flatYT_still_0001.mp4;True;1.0;1.0;1.0
DIGITAL_CAMERA_native;digital_camera_native;D26_V_indoor_move_0002.mp4;True;1.0;1.0;1.0
DIGITAL_CAMERA_native;digital_camera_native;D26_V_indoor_panrot_0001.mp4;True;1.0;1.0;1.0
DIGITAL_CAMERA_native;digital_camera_native;D26_V_indoor_panrot_0002.mp4;True;1.0;1.0;1.0
DIGITAL_CAMERA_native;digital_camera_native;D26_V_indoor_still_0001.mp4;True;1.0;1.0;1.0
DIGITAL_CAMERA_native;digital_camera_native;D26_V_indoor_still_0002.mp4;True;1.0;1.0;1.0
DIGITAL_CAMERA_native;digital_camera_native;D26_V_indoorWA_move_0002.mp4;True;1.0;1.0;1.0
DIGITAL_CAMERA_native;digital_camera_native;D26_V_indoorWA_panrot_0001.mp4;True;1.0;1.0;1.0
DIGITAL_CAMERA_native;digital_camera_native;D26_V_indoorWA_panrot_0002.mp4;True;1.0;1.0;1.0
DIGITAL_CAMERA_native;digital_camera_native;D26_V_indoorWA_still_0001.mp4;True;1.0;1.0;1.0
DIGITAL_CAMERA_native;digital_camera_native;D26_V_indoorWA_still_0002.mp4;True;1.0;1.0;1.0
DIGITAL_CAMERA_native;digital_camera_native;D26_V_indoorYT_move_0002.mp4;True;1.0;1.0;1.0
DIGITAL_CAMERA_native;digital_camera_native;D26_V_indoorYT_panrot_0001.mp4;True;1.0;1.0;1.0
DIGITAL_CAMERA_native;digital_camera_native;D26_V_indoorYT_panrot_0002.mp4;True;1.0;1.0;1.0
DIGITAL_CAMERA_native;digital_camera_native;D26_V_indoorYT_still_0001.mp4;True;1.0;1.0;1.0
DIGITAL_CAMERA_native;digital_camera_native;D26_V_indoorYT_still_0002.mp4;True;1.0;1.0;1.0
DIGITAL_CAMERA_native;digital_camera_native;D26_V_outdoor_move_0002.mp4;True;1.0;1.0;1.0
DIGITAL_CAMERA_native;digital_camera_native;D26_V_outdoor_panrot_0001.mp4;True;1.0;1.0;1.0
DIGITAL_CAMERA_native;digital_camera_native;D26_V_outdoor_panrot_0002.mp4;True;1.0;1.0;1.0
DIGITAL_CAMERA_native;digital_camera_native;D26_V_outdoor_still_0001.mp4;True;1.0;1.0;1.0
DIGITAL_CAMERA_native;digital_camera_native;D26_V_outdoor_still_0002.mp4;True;1.0;1.0;1.0
DIGITAL_CAMERA_native;digital_camera_native;D26_V_outdoorWA_move_0002.mp4;True;1.0;1.0;1.0
DIGITAL_CAMERA_native;digital_camera_native;D26_V_outdoorWA_panrot_0001.mp4;True;1.0;1.0;1.0
DIGITAL_CAMERA_native;digital_camera_native;D26_V_outdoorWA_panrot_0002.mp4;True;1.0;1.0;1.0
DIGITAL_CAMERA_native;digital_camera_native;D26_V_outdoorWA_still_0001.mp4;True;1.0;1.0;1.0
DIGITAL_CAMERA_native;digital_camera_native;D26_V_outdoorWA_still_0002.mp4;True;1.0;1.0;1.0
DIGITAL_CAMERA_native;digital_camera_native;D26_V_outdoorYT_move_0002.mp4;True;1.0;1.0;1.0
DIGITAL_CAMERA_native;digital_camera_native;D26_V_outdoorYT_panrot_0001.mp4;True;1.0;1.0;1.0
DIGITAL_CAMERA_native;digital_camera_native;D26_V_outdoorYT_panrot_0002.mp4;True;1.0;1.0;1.0
DIGITAL_CAMERA_native;digital_camera_native;D26_V_outdoorYT_still_0001.mp4;True;1.0;1.0;1.0
DIGITAL_CAMERA_native;digital_camera_native;D26_V_outdoorYT_still_0002.mp4;True;1.0;1.0;1.0
DIGITAL_CAMERA_native;digital_camera_native;D27_V_flat_move_0002.mp4;True;1.0;1.0;1.0
DIGITAL_CAMERA_native;digital_camera_native;D27_V_flat_move_0003.mp4;True;1.0;1.0;1.0
DIGITAL_CAMERA_native;digital_camera_native;D27_V_flat_panrot_0001.mp4;True;1.0;1.0;1.0
DIGITAL_CAMERA_native;digital_camera_native;D27_V_flat_panrot_0002.mp4;True;1.0;1.0;1.0
DIGITAL_CAMERA_native;digital_camera_native;D27_V_flat_still_0001.mp4;True;1.0;1.0;1.0
DIGITAL_CAMERA_native;digital_camera_native;D27_V_flat_still_0002.mp4;True;1.0;1.0;1.0
DIGITAL_CAMERA_native;digital_camera_native;D27_V_flatWA_move_0002.mp4;True;1.0;1.0;1.0
DIGITAL_CAMERA_native;digital_camera_native;D27_V_flatWA_move_0003.mp4;True;1.0;1.0;1.0
DIGITAL_CAMERA_native;digital_camera_native;D27_V_flatWA_panrot_0001.mp4;True;1.0;1.0;1.0
DIGITAL_CAMERA_native;digital_camera_native;D27_V_flatWA_panrot_0002.mp4;True;1.0;1.0;1.0
DIGITAL_CAMERA_native;digital_camera_native;D27_V_flatWA_still_0001.mp4;True;1.0;1.0;1.0
DIGITAL_CAMERA_native;digital_camera_native;D27_V_flatWA_still_0002.mp4;True;1.0;1.0;1.0
DIGITAL_CAMERA_native;digital_camera_native;D27_V_flatYT_move_0002.mp4;True;1.0;1.0;1.0
DIGITAL_CAMERA_native;digital_camera_native;D27_V_flatYT_move_0003.mp4;True;1.0;1.0;1.0
DIGITAL_CAMERA_native;digital_camera_native;D27_V_flatYT_panrot_0001.mp4;True;1.0;1.0;1.0
DIGITAL_CAMERA_native;digital_camera_native;D27_V_flatYT_panrot_0002.mp4;True;1.0;1.0;1.0
DIGITAL_CAMERA_native;digital_camera_native;D27_V_flatYT_still_0001.mp4;True;1.0;1.0;1.0
DIGITAL_CAMERA_native;digital_camera_native;D27_V_flatYT_still_0002.mp4;True;1.0;1.0;1.0
DIGITAL_CAMERA_native;digital_camera_native;D27_V_indoor_move_0002.mp4;True;1.0;1.0;1.0
DIGITAL_CAMERA_native;digital_camera_native;D27_V_indoor_panrot_0001.mp4;True;1.0;1.0;1.0
DIGITAL_CAMERA_native;digital_camera_native;D27_V_indoor_panrot_0002.mp4;True;1.0;1.0;1.0
DIGITAL_CAMERA_native;digital_camera_native;D27_V_indoor_still_0001.mp4;True;1.0;1.0;1.0
DIGITAL_CAMERA_native;digital_camera_native;D27_V_indoor_still_0002.mp4;True;1.0;1.0;1.0
DIGITAL_CAMERA_native;digital_camera_native;D27_V_indoorWA_move_0002.mp4;True;1.0;1.0;1.0
DIGITAL_CAMERA_native;digital_camera_native;D27_V_indoorWA_panrot_0001.mp4;True;1.0;1.0;1.0
DIGITAL_CAMERA_native;digital_camera_native;D27_V_indoorWA_panrot_0002.mp4;True;1.0;1.0;1.0
DIGITAL_CAMERA_native;digital_camera_native;D27_V_indoorWA_still_0001.mp4;True;1.0;1.0;1.0
DIGITAL_CAMERA_native;digital_camera_native;D27_V_indoorWA_still_0002.mp4;True;1.0;1.0;1.0
DIGITAL_CAMERA_native;digital_camera_native;D27_V_indoorYT_move_0002.mp4;True;1.0;1.0;1.0
DIGITAL_CAMERA_native;digital_camera_native;D27_V_indoorYT_panrot_0001.mp4;True;1.0;1.0;1.0
DIGITAL_CAMERA_native;digital_camera_native;D27_V_indoorYT_panrot_0002.mp4;True;1.0;1.0;1.0
DIGITAL_CAMERA_native;digital_camera_native;D27_V_indoorYT_still_0001.mp4;True;1.0;1.0;1.0
DIGITAL_CAMERA_native;digital_camera_native;D27_V_indoorYT_still_0002.mp4;True;1.0;1.0;1.0
DIGITAL_CAMERA_native;digital_camera_native;D27_V_outdoor_move_0002.mp4;True;1.0;1.0;1.0
DIGITAL_CAMERA_native;digital_camera_native;D27_V_outdoor_panrot_0001.mp4;True;1.0;1.0;1.0
DIGITAL_CAMERA_native;digital_camera_native;D27_V_outdoor_panrot_0002.mp4;True;1.0;1.0;1.0
DIGITAL_CAMERA_native;digital_camera_native;D27_V_outdoor_still_0001.mp4;True;1.0;1.0;1.0
DIGITAL_CAMERA_native;digital_camera_native;D27_V_outdoor_still_0002.mp4;True;1.0;1.0;1.0
DIGITAL_CAMERA_native;digital_camera_native;D27_V_outdoorWA_move_0002.mp4;True;1.0;1.0;1.0
DIGITAL_CAMERA_native;digital_camera_native;D27_V_outdoorWA_panrot_0001.mp4;True;1.0;1.0;1.0
DIGITAL_CAMERA_native;digital_camera_native;D27_V_outdoorWA_panrot_0002.mp4;True;1.0;1.0;1.0
DIGITAL_CAMERA_native;digital_camera_native;D27_V_outdoorWA_still_0001.mp4;True;1.0;1.0;1.0
DIGITAL_CAMERA_native;digital_camera_native;D27_V_outdoorWA_still_0002.mp4;True;1.0;1.0;1.0
DIGITAL_CAMERA_native;digital_camera_native;D27_V_outdoorYT_move_0002.mp4;True;1.0;1.0;1.0
DIGITAL_CAMERA_native;digital_camera_native;D27_V_outdoorYT_panrot_0001.mp4;True;1.0;1.0;1.0
DIGITAL_CAMERA_native;digital_camera_native;D27_V_outdoorYT_panrot_0002.mp4;True;1.0;1.0;1.0
DIGITAL_CAMERA_native;digital_camera_native;D27_V_outdoorYT_still_0001.mp4;True;1.0;1.0;1.0
DIGITAL_CAMERA_native;digital_camera_native;D27_V_outdoorYT_still_0002.mp4;True;1.0;1.0;1.0
DIGITAL_CAMERA_native;digital_camera_native;D28_V_flat_move_0002.mp4;True;1.0;1.0;1.0
DIGITAL_CAMERA_native;digital_camera_native;D28_V_flat_move_0003.mp4;True;1.0;1.0;1.0
DIGITAL_CAMERA_native;digital_camera_native;D28_V_flat_panrot_0001.mp4;True;1.0;1.0;1.0
DIGITAL_CAMERA_native;digital_camera_native;D28_V_flat_panrot_0002.mp4;True;1.0;1.0;1.0
DIGITAL_CAMERA_native;digital_camera_native;D28_V_flat_still_0001.mp4;True;1.0;1.0;1.0
DIGITAL_CAMERA_native;digital_camera_native;D28_V_flat_still_0002.mp4;True;1.0;1.0;1.0
DIGITAL_CAMERA_native;digital_camera_native;D28_V_flatWA_move_0002.mp4;True;1.0;1.0;1.0
DIGITAL_CAMERA_native;digital_camera_native;D28_V_flatWA_move_0003.mp4;True;1.0;1.0;1.0
DIGITAL_CAMERA_native;digital_camera_native;D28_V_flatWA_panrot_0001.mp4;True;1.0;1.0;1.0
DIGITAL_CAMERA_native;digital_camera_native;D28_V_flatWA_panrot_0002.mp4;True;1.0;1.0;1.0
DIGITAL_CAMERA_native;digital_camera_native;D28_V_flatWA_still_0001.mp4;True;1.0;1.0;1.0
DIGITAL_CAMERA_native;digital_camera_native;D28_V_flatWA_still_0002.mp4;True;1.0;1.0;1.0
DIGITAL_CAMERA_native;digital_camera_native;D28_V_flatYT_move_0002.mp4;True;1.0;1.0;1.0
DIGITAL_CAMERA_native;digital_camera_native;D28_V_flatYT_move_0003.mp4;True;1.0;1.0;1.0
DIGITAL_CAMERA_native;digital_camera_native;D28_V_flatYT_panrot_0001.mp4;True;1.0;1.0;1.0
DIGITAL_CAMERA_native;digital_camera_native;D28_V_flatYT_panrot_0002.mp4;True;1.0;1.0;1.0
DIGITAL_CAMERA_native;digital_camera_native;D28_V_flatYT_still_0001.mp4;True;1.0;1.0;1.0
DIGITAL_CAMERA_native;digital_camera_native;D28_V_flatYT_still_0002.mp4;True;1.0;1.0;1.0
DIGITAL_CAMERA_native;digital_camera_native;D28_V_indoor_move_0002.mp4;True;1.0;1.0;1.0
DIGITAL_CAMERA_native;digital_camera_native;D28_V_indoor_panrot_0001.mp4;True;1.0;1.0;1.0
DIGITAL_CAMERA_native;digital_camera_native;D28_V_indoor_panrot_0002.mp4;True;1.0;1.0;1.0
DIGITAL_CAMERA_native;digital_camera_native;D28_V_indoor_still_0001.mp4;True;1.0;1.0;1.0
DIGITAL_CAMERA_native;digital_camera_native;D28_V_indoor_still_0002.mp4;True;1.0;1.0;1.0
DIGITAL_CAMERA_native;digital_camera_native;D28_V_indoorWA_move_0002.mp4;True;1.0;1.0;1.0
DIGITAL_CAMERA_native;digital_camera_native;D28_V_indoorWA_panrot_0001.mp4;True;1.0;1.0;1.0
DIGITAL_CAMERA_native;digital_camera_native;D28_V_indoorWA_panrot_0002.mp4;True;1.0;1.0;1.0
DIGITAL_CAMERA_native;digital_camera_native;D28_V_indoorWA_still_0001.mp4;True;1.0;1.0;1.0
DIGITAL_CAMERA_native;digital_camera_native;D28_V_indoorWA_still_0002.mp4;True;1.0;1.0;1.0
DIGITAL_CAMERA_native;digital_camera_native;D28_V_indoorYT_move_0002.mp4;True;1.0;1.0;1.0
DIGITAL_CAMERA_native;digital_camera_native;D28_V_indoorYT_panrot_0001.mp4;True;1.0;1.0;1.0
DIGITAL_CAMERA_native;digital_camera_native;D28_V_indoorYT_panrot_0002.mp4;True;1.0;1.0;1.0
DIGITAL_CAMERA_native;digital_camera_native;D28_V_indoorYT_still_0001.mp4;True;1.0;1.0;1.0
DIGITAL_CAMERA_native;digital_camera_native;D28_V_indoorYT_still_0002.mp4;True;1.0;1.0;1.0
DIGITAL_CAMERA_native;digital_camera_native;D28_V_outdoor_move_0002.mp4;True;1.0;1.0;1.0
DIGITAL_CAMERA_native;digital_camera_native;D28_V_outdoor_panrot_0001.mp4;True;1.0;1.0;1.0
DIGITAL_CAMERA_native;digital_camera_native;D28_V_outdoor_panrot_0002.mp4;True;1.0;1.0;1.0
DIGITAL_CAMERA_native;digital_camera_native;D28_V_outdoor_still_0001.mp4;True;1.0;1.0;1.0
DIGITAL_CAMERA_native;digital_camera_native;D28_V_outdoor_still_0002.mp4;True;1.0;1.0;1.0
DIGITAL_CAMERA_native;digital_camera_native;D28_V_outdoorWA_move_0002.mp4;True;1.0;1.0;1.0
DIGITAL_CAMERA_native;digital_camera_native;D28_V_outdoorWA_panrot_0001.mp4;True;1.0;1.0;1.0
DIGITAL_CAMERA_native;digital_camera_native;D28_V_outdoorWA_panrot_0002.mp4;True;1.0;1.0;1.0
DIGITAL_CAMERA_native;digital_camera_native;D28_V_outdoorWA_still_0001.mp4;True;1.0;1.0;1.0
DIGITAL_CAMERA_native;digital_camera_native;D28_V_outdoorWA_still_0002.mp4;True;1.0;1.0;1.0
DIGITAL_CAMERA_native;digital_camera_native;D28_V_outdoorYT_move_0002.mp4;True;1.0;1.0;1.0
DIGITAL_CAMERA_native;digital_camera_native;D28_V_outdoorYT_panrot_0001.mp4;True;1.0;1.0;1.0
DIGITAL_CAMERA_native;digital_camera_native;D28_V_outdoorYT_panrot_0002.mp4;True;1.0;1.0;1.0
DIGITAL_CAMERA_native;digital_camera_native;D28_V_outdoorYT_still_0001.mp4;True;1.0;1.0;1.0
DIGITAL_CAMERA_native;digital_camera_native;D28_V_outdoorYT_still_0002.mp4;True;1.0;1.0;1.0
DIGITAL_CAMERA_native;digital_camera_native;D29_V_flat_move_0002.mov;True;1.0;1.0;1.0
DIGITAL_CAMERA_native;digital_camera_native;D29_V_flat_move_0003.mov;True;1.0;1.0;1.0
DIGITAL_CAMERA_native;digital_camera_native;D29_V_flat_panrot_0001.mov;True;1.0;1.0;1.0
DIGITAL_CAMERA_native;digital_camera_native;D29_V_flat_panrot_0002.mov;True;1.0;1.0;1.0
DIGITAL_CAMERA_native;digital_camera_native;D29_V_flat_still_0001.mov;True;1.0;1.0;1.0
DIGITAL_CAMERA_native;digital_camera_native;D29_V_flat_still_0002.mov;True;1.0;1.0;1.0
DIGITAL_CAMERA_native;digital_camera_native;D29_V_flatWA_move_0002.mp4;True;1.0;1.0;1.0
DIGITAL_CAMERA_native;digital_camera_native;D29_V_flatWA_move_0003.mp4;True;1.0;1.0;1.0
DIGITAL_CAMERA_native;digital_camera_native;D29_V_flatWA_panrot_0001.mp4;True;1.0;1.0;1.0
DIGITAL_CAMERA_native;digital_camera_native;D29_V_flatWA_panrot_0002.mp4;True;1.0;1.0;1.0
DIGITAL_CAMERA_native;digital_camera_native;D29_V_flatWA_still_0001.mp4;True;1.0;1.0;1.0
DIGITAL_CAMERA_native;digital_camera_native;D29_V_flatWA_still_0002.mp4;True;1.0;1.0;1.0
DIGITAL_CAMERA_native;digital_camera_native;D29_V_flatYT_move_0002.mp4;True;1.0;1.0;1.0
DIGITAL_CAMERA_native;digital_camera_native;D29_V_flatYT_move_0003.mp4;True;1.0;1.0;1.0
DIGITAL_CAMERA_native;digital_camera_native;D29_V_flatYT_panrot_0001.mp4;True;1.0;1.0;1.0
DIGITAL_CAMERA_native;digital_camera_native;D29_V_flatYT_panrot_0002.mp4;True;1.0;1.0;1.0
DIGITAL_CAMERA_native;digital_camera_native;D29_V_flatYT_still_0001.mp4;True;1.0;1.0;1.0
DIGITAL_CAMERA_native;digital_camera_native;D29_V_flatYT_still_0002.mp4;True;1.0;1.0;1.0
DIGITAL_CAMERA_native;digital_camera_native;D29_V_indoor_move_0002.mov;True;1.0;1.0;1.0
DIGITAL_CAMERA_native;digital_camera_native;D29_V_indoor_panrot_0001.mov;True;1.0;1.0;1.0
DIGITAL_CAMERA_native;digital_camera_native;D29_V_indoor_panrot_0002.mov;True;1.0;1.0;1.0
DIGITAL_CAMERA_native;digital_camera_native;D29_V_indoor_still_0001.mov;True;1.0;1.0;1.0
DIGITAL_CAMERA_native;digital_camera_native;D29_V_indoor_still_0002.mov;True;1.0;1.0;1.0
DIGITAL_CAMERA_native;digital_camera_native;D29_V_indoorWA_move_0002.mp4;True;1.0;1.0;1.0
DIGITAL_CAMERA_native;digital_camera_native;D29_V_indoorWA_panrot_0001.mp4;True;1.0;1.0;1.0
DIGITAL_CAMERA_native;digital_camera_native;D29_V_indoorWA_panrot_0002.mp4;True;1.0;1.0;1.0
DIGITAL_CAMERA_native;digital_camera_native;D29_V_indoorWA_still_0001.mp4;True;1.0;1.0;1.0
DIGITAL_CAMERA_native;digital_camera_native;D29_V_indoorWA_still_0002.mp4;True;1.0;1.0;1.0
DIGITAL_CAMERA_native;digital_camera_native;D29_V_indoorYT_move_0002.mp4;True;1.0;1.0;1.0
DIGITAL_CAMERA_native;digital_camera_native;D29_V_indoorYT_panrot_0001.mp4;True;1.0;1.0;1.0
DIGITAL_CAMERA_native;digital_camera_native;D29_V_indoorYT_panrot_0002.mp4;True;1.0;1.0;1.0
DIGITAL_CAMERA_native;digital_camera_native;D29_V_indoorYT_still_0001.mp4;True;1.0;1.0;1.0
DIGITAL_CAMERA_native;digital_camera_native;D29_V_indoorYT_still_0002.mp4;True;1.0;1.0;1.0
DIGITAL_CAMERA_native;digital_camera_native;D29_V_outdoor_move_0002.mov;True;1.0;1.0;1.0
DIGITAL_CAMERA_native;digital_camera_native;D29_V_outdoor_panrot_0001.mov;True;1.0;1.0;1.0
DIGITAL_CAMERA_native;digital_camera_native;D29_V_outdoor_panrot_0002.mov;True;1.0;1.0;1.0
DIGITAL_CAMERA_native;digital_camera_native;D29_V_outdoor_still_0001.mov;True;1.0;1.0;1.0
DIGITAL_CAMERA_native;digital_camera_native;D29_V_outdoor_still_0002.mov;True;1.0;1.0;1.0
DIGITAL_CAMERA_native;digital_camera_native;D29_V_outdoorWA_move_0002.mp4;True;1.0;1.0;1.0
DIGITAL_CAMERA_native;digital_camera_native;D29_V_outdoorWA_panrot_0001.mp4;True;1.0;1.0;1.0
DIGITAL_CAMERA_native;digital_camera_native;D29_V_outdoorWA_panrot_0002.mp4;True;1.0;1.0;1.0
DIGITAL_CAMERA_native;digital_camera_native;D29_V_outdoorWA_still_0001.mp4;True;1.0;1.0;1.0
DIGITAL_CAMERA_native;digital_camera_native;D29_V_outdoorWA_still_0002.mp4;True;1.0;1.0;1.0
DIGITAL_CAMERA_native;digital_camera_native;D29_V_outdoorYT_move_0002.mp4;True;1.0;1.0;1.0
DIGITAL_CAMERA_native;digital_camera_native;D29_V_outdoorYT_panrot_0001.mp4;True;1.0;1.0;1.0
DIGITAL_CAMERA_native;digital_camera_native;D29_V_outdoorYT_panrot_0002.mp4;True;1.0;1.0;1.0
DIGITAL_CAMERA_native;digital_camera_native;D29_V_outdoorYT_still_0001.mp4;True;1.0;1.0;1.0
DIGITAL_CAMERA_native;digital_camera_native;D29_V_outdoorYT_still_0002.mp4;True;1.0;1.0;1.0
DIGITAL_CAMERA_native;digital_camera_native;D30_V_flat_move_0002.mp4;True;1.0;1.0;1.0
DIGITAL_CAMERA_native;digital_camera_native;D30_V_flat_move_0003.mp4;True;1.0;1.0;1.0
DIGITAL_CAMERA_native;digital_camera_native;D30_V_flat_panrot_0001.mp4;True;1.0;1.0;1.0
DIGITAL_CAMERA_native;digital_camera_native;D30_V_flat_panrot_0002.mp4;True;1.0;1.0;1.0
DIGITAL_CAMERA_native;digital_camera_native;D30_V_flat_still_0001.mp4;True;1.0;1.0;1.0
DIGITAL_CAMERA_native;digital_camera_native;D30_V_flat_still_0002.mp4;True;1.0;1.0;1.0
DIGITAL_CAMERA_native;digital_camera_native;D30_V_flatWA_move_0002.mp4;True;1.0;1.0;1.0
DIGITAL_CAMERA_native;digital_camera_native;D30_V_flatWA_move_0003.mp4;True;1.0;1.0;1.0
DIGITAL_CAMERA_native;digital_camera_native;D30_V_flatWA_panrot_0001.mp4;True;1.0;1.0;1.0
DIGITAL_CAMERA_native;digital_camera_native;D30_V_flatWA_panrot_0002.mp4;True;1.0;1.0;1.0
DIGITAL_CAMERA_native;digital_camera_native;D30_V_flatWA_still_0001.mp4;True;1.0;1.0;1.0
DIGITAL_CAMERA_native;digital_camera_native;D30_V_flatWA_still_0002.mp4;True;1.0;1.0;1.0
DIGITAL_CAMERA_native;digital_camera_native;D30_V_flatYT_move_0002.mp4;True;1.0;1.0;1.0
DIGITAL_CAMERA_native;digital_camera_native;D30_V_flatYT_move_0003.mp4;True;1.0;1.0;1.0
DIGITAL_CAMERA_native;digital_camera_native;D30_V_flatYT_panrot_0001.mp4;True;1.0;1.0;1.0
DIGITAL_CAMERA_native;digital_camera_native;D30_V_flatYT_panrot_0002.mp4;True;1.0;1.0;1.0
DIGITAL_CAMERA_native;digital_camera_native;D30_V_flatYT_still_0001.mp4;True;1.0;1.0;1.0
DIGITAL_CAMERA_native;digital_camera_native;D30_V_flatYT_still_0002.mp4;True;1.0;1.0;1.0
DIGITAL_CAMERA_native;digital_camera_native;D30_V_indoor_move_0002.mp4;True;1.0;1.0;1.0
DIGITAL_CAMERA_native;digital_camera_native;D30_V_indoor_panrot_0001.mp4;True;1.0;1.0;1.0
DIGITAL_CAMERA_native;digital_camera_native;D30_V_indoor_panrot_0002.mp4;True;1.0;1.0;1.0
DIGITAL_CAMERA_native;digital_camera_native;D30_V_indoor_still_0001.mp4;True;1.0;1.0;1.0
DIGITAL_CAMERA_native;digital_camera_native;D30_V_indoor_still_0002.mp4;True;1.0;1.0;1.0
DIGITAL_CAMERA_native;digital_camera_native;D30_V_indoorWA_move_0002.mp4;True;1.0;1.0;1.0
DIGITAL_CAMERA_native;digital_camera_native;D30_V_indoorWA_panrot_0001.mp4;True;1.0;1.0;1.0
DIGITAL_CAMERA_native;digital_camera_native;D30_V_indoorWA_panrot_0002.mp4;True;1.0;1.0;1.0
DIGITAL_CAMERA_native;digital_camera_native;D30_V_indoorWA_still_0001.mp4;True;1.0;1.0;1.0
DIGITAL_CAMERA_native;digital_camera_native;D30_V_indoorWA_still_0002.mp4;True;1.0;1.0;1.0
DIGITAL_CAMERA_native;digital_camera_native;D30_V_indoorYT_move_0002.mp4;True;1.0;1.0;1.0
DIGITAL_CAMERA_native;digital_camera_native;D30_V_indoorYT_panrot_0001.mp4;True;1.0;1.0;1.0
DIGITAL_CAMERA_native;digital_camera_native;D30_V_indoorYT_panrot_0002.mp4;True;1.0;1.0;1.0
DIGITAL_CAMERA_native;digital_camera_native;D30_V_indoorYT_still_0001.mp4;True;1.0;1.0;1.0
DIGITAL_CAMERA_native;digital_camera_native;D30_V_indoorYT_still_0002.mp4;True;1.0;1.0;1.0
DIGITAL_CAMERA_native;digital_camera_native;D30_V_outdoor_move_0002.mp4;True;1.0;1.0;1.0
DIGITAL_CAMERA_native;digital_camera_native;D30_V_outdoor_panrot_0001.mp4;True;1.0;1.0;1.0
DIGITAL_CAMERA_native;digital_camera_native;D30_V_outdoor_panrot_0002.mp4;True;1.0;1.0;1.0
DIGITAL_CAMERA_native;digital_camera_native;D30_V_outdoor_still_0001.mp4;True;1.0;1.0;1.0
DIGITAL_CAMERA_native;digital_camera_native;D30_V_outdoor_still_0002.mp4;True;1.0;1.0;1.0
DIGITAL_CAMERA_native;digital_camera_native;D30_V_outdoorWA_move_0002.mp4;True;1.0;1.0;1.0
DIGITAL_CAMERA_native;digital_camera_native;D30_V_outdoorWA_panrot_0001.mp4;True;1.0;1.0;1.0
DIGITAL_CAMERA_native;digital_camera_native;D30_V_outdoorWA_panrot_0002.mp4;True;1.0;1.0;1.0
DIGITAL_CAMERA_native;digital_camera_native;D30_V_outdoorWA_still_0001.mp4;True;1.0;1.0;1.0
DIGITAL_CAMERA_native;digital_camera_native;D30_V_outdoorWA_still_0002.mp4;True;1.0;1.0;1.0
DIGITAL_CAMERA_native;digital_camera_native;D30_V_outdoorYT_move_0002.mp4;True;1.0;1.0;1.0
DIGITAL_CAMERA_native;digital_camera_native;D30_V_outdoorYT_panrot_0001.mp4;True;1.0;1.0;1.0
DIGITAL_CAMERA_native;digital_camera_native;D30_V_outdoorYT_panrot_0002.mp4;True;1.0;1.0;1.0
DIGITAL_CAMERA_native;digital_camera_native;D30_V_outdoorYT_still_0001.mp4;True;1.0;1.0;1.0
DIGITAL_CAMERA_native;digital_camera_native;D30_V_outdoorYT_still_0002.mp4;True;1.0;1.0;1.0
DIGITAL_CAMERA_native;digital_camera_native;D31_V_flat_move_0002.mp4;True;1.0;1.0;1.0
DIGITAL_CAMERA_native;digital_camera_native;D31_V_flat_move_0003.mp4;True;1.0;1.0;1.0
DIGITAL_CAMERA_native;digital_camera_native;D31_V_flat_panrot_0001.mp4;True;1.0;1.0;1.0
DIGITAL_CAMERA_native;digital_camera_native;D31_V_flat_panrot_0002.mp4;True;1.0;1.0;1.0
DIGITAL_CAMERA_native;digital_camera_native;D31_V_flat_still_0001.mp4;True;1.0;1.0;1.0
DIGITAL_CAMERA_native;digital_camera_native;D31_V_flat_still_0002.mp4;True;1.0;1.0;1.0
DIGITAL_CAMERA_native;digital_camera_native;D31_V_flatWA_move_0002.mp4;True;1.0;1.0;1.0
DIGITAL_CAMERA_native;digital_camera_native;D31_V_flatWA_move_0003.mp4;True;1.0;1.0;1.0
DIGITAL_CAMERA_native;digital_camera_native;D31_V_flatWA_panrot_0001.mp4;True;1.0;1.0;1.0
DIGITAL_CAMERA_native;digital_camera_native;D31_V_flatWA_panrot_0002.mp4;True;1.0;1.0;1.0
DIGITAL_CAMERA_native;digital_camera_native;D31_V_flatWA_still_0001.mp4;True;1.0;1.0;1.0
DIGITAL_CAMERA_native;digital_camera_native;D31_V_flatWA_still_0002.mp4;True;1.0;1.0;1.0
DIGITAL_CAMERA_native;digital_camera_native;D31_V_flatYT_move_0002.mp4;True;1.0;1.0;1.0
DIGITAL_CAMERA_native;digital_camera_native;D31_V_flatYT_move_0003.mp4;True;1.0;1.0;1.0
DIGITAL_CAMERA_native;digital_camera_native;D31_V_flatYT_panrot_0001.mp4;True;1.0;1.0;1.0
DIGITAL_CAMERA_native;digital_camera_native;D31_V_flatYT_panrot_0002.mp4;True;1.0;1.0;1.0
DIGITAL_CAMERA_native;digital_camera_native;D31_V_flatYT_still_0001.mp4;True;1.0;1.0;1.0
DIGITAL_CAMERA_native;digital_camera_native;D31_V_flatYT_still_0002.mp4;True;1.0;1.0;1.0
DIGITAL_CAMERA_native;digital_camera_native;D31_V_indoor_move_0002.mp4;True;1.0;1.0;1.0
DIGITAL_CAMERA_native;digital_camera_native;D31_V_indoor_panrot_0001.mp4;True;1.0;1.0;1.0
DIGITAL_CAMERA_native;digital_camera_native;D31_V_indoor_panrot_0002.mp4;True;1.0;1.0;1.0
DIGITAL_CAMERA_native;digital_camera_native;D31_V_indoor_still_0001.mp4;True;1.0;1.0;1.0
DIGITAL_CAMERA_native;digital_camera_native;D31_V_indoor_still_0002.mp4;True;1.0;1.0;1.0
DIGITAL_CAMERA_native;digital_camera_native;D31_V_indoorWA_move_0002.mp4;True;1.0;1.0;1.0
DIGITAL_CAMERA_native;digital_camera_native;D31_V_indoorWA_panrot_0001.mp4;True;1.0;1.0;1.0
DIGITAL_CAMERA_native;digital_camera_native;D31_V_indoorWA_panrot_0002.mp4;True;1.0;1.0;1.0
DIGITAL_CAMERA_native;digital_camera_native;D31_V_indoorWA_still_0001.mp4;True;1.0;1.0;1.0
DIGITAL_CAMERA_native;digital_camera_native;D31_V_indoorWA_still_0002.mp4;True;1.0;1.0;1.0
DIGITAL_CAMERA_native;digital_camera_native;D31_V_indoorYT_move_0002.mp4;True;1.0;1.0;1.0
DIGITAL_CAMERA_native;digital_camera_native;D31_V_indoorYT_panrot_0001.mp4;True;1.0;1.0;1.0
DIGITAL_CAMERA_native;digital_camera_native;D31_V_indoorYT_panrot_0002.mp4;True;1.0;1.0;1.0
DIGITAL_CAMERA_native;digital_camera_native;D31_V_indoorYT_still_0001.mp4;True;1.0;1.0;1.0
DIGITAL_CAMERA_native;digital_camera_native;D31_V_indoorYT_still_0002.mp4;True;1.0;1.0;1.0
DIGITAL_CAMERA_native;digital_camera_native;D31_V_outdoor_move_0002.mp4;True;1.0;1.0;1.0
DIGITAL_CAMERA_native;digital_camera_native;D31_V_outdoor_panrot_0001.mp4;True;1.0;1.0;1.0
DIGITAL_CAMERA_native;digital_camera_native;D31_V_outdoor_panrot_0002.mp4;True;1.0;1.0;1.0
DIGITAL_CAMERA_native;digital_camera_native;D31_V_outdoor_still_0001.mp4;True;1.0;1.0;1.0
DIGITAL_CAMERA_native;digital_camera_native;D31_V_outdoor_still_0002.mp4;True;1.0;1.0;1.0
DIGITAL_CAMERA_native;digital_camera_native;D31_V_outdoorWA_move_0002.mp4;True;1.0;1.0;1.0
DIGITAL_CAMERA_native;digital_camera_native;D31_V_outdoorWA_panrot_0001.mp4;True;1.0;1.0;1.0
DIGITAL_CAMERA_native;digital_camera_native;D31_V_outdoorWA_panrot_0002.mp4;True;1.0;1.0;1.0
DIGITAL_CAMERA_native;digital_camera_native;D31_V_outdoorWA_still_0001.mp4;True;1.0;1.0;1.0
DIGITAL_CAMERA_native;digital_camera_native;D31_V_outdoorWA_still_0002.mp4;True;1.0;1.0;1.0
DIGITAL_CAMERA_native;digital_camera_native;D31_V_outdoorYT_move_0002.mp4;True;1.0;1.0;1.0
DIGITAL_CAMERA_native;digital_camera_native;D31_V_outdoorYT_panrot_0001.mp4;True;1.0;1.0;1.0
DIGITAL_CAMERA_native;digital_camera_native;D31_V_outdoorYT_panrot_0002.mp4;True;1.0;1.0;1.0
DIGITAL_CAMERA_native;digital_camera_native;D31_V_outdoorYT_still_0001.mp4;True;1.0;1.0;1.0
DIGITAL_CAMERA_native;digital_camera_native;D31_V_outdoorYT_still_0002.mp4;True;1.0;1.0;1.0
DIGITAL_CAMERA_native;digital_camera_native;D32_V_flat_move_0002.mp4;True;1.0;1.0;1.0
DIGITAL_CAMERA_native;digital_camera_native;D32_V_flat_move_0003.mp4;True;1.0;1.0;1.0
DIGITAL_CAMERA_native;digital_camera_native;D32_V_flat_panrot_0001.mp4;True;1.0;1.0;1.0
DIGITAL_CAMERA_native;digital_camera_native;D32_V_flat_panrot_0002.mp4;True;1.0;1.0;1.0
DIGITAL_CAMERA_native;digital_camera_native;D32_V_flat_still_0001.mp4;True;1.0;1.0;1.0
DIGITAL_CAMERA_native;digital_camera_native;D32_V_flat_still_0002.mp4;True;1.0;1.0;1.0
DIGITAL_CAMERA_native;digital_camera_native;D32_V_flatWA_move_0002.mp4;True;1.0;1.0;1.0
DIGITAL_CAMERA_native;digital_camera_native;D32_V_flatWA_move_0003.mp4;True;1.0;1.0;1.0
DIGITAL_CAMERA_native;digital_camera_native;D32_V_flatWA_panrot_0001.mp4;True;1.0;1.0;1.0
DIGITAL_CAMERA_native;digital_camera_native;D32_V_flatWA_panrot_0002.mp4;True;1.0;1.0;1.0
DIGITAL_CAMERA_native;digital_camera_native;D32_V_flatWA_still_0001.mp4;True;1.0;1.0;1.0
DIGITAL_CAMERA_native;digital_camera_native;D32_V_flatWA_still_0002.mp4;True;1.0;1.0;1.0
DIGITAL_CAMERA_native;digital_camera_native;D32_V_flatYT_move_0002.mp4;True;1.0;1.0;1.0
DIGITAL_CAMERA_native;digital_camera_native;D32_V_flatYT_move_0003.mp4;True;1.0;1.0;1.0
DIGITAL_CAMERA_native;digital_camera_native;D32_V_flatYT_panrot_0001.mp4;True;1.0;1.0;1.0
DIGITAL_CAMERA_native;digital_camera_native;D32_V_flatYT_panrot_0002.mp4;True;1.0;1.0;1.0
DIGITAL_CAMERA_native;digital_camera_native;D32_V_flatYT_still_0001.mp4;True;1.0;1.0;1.0
DIGITAL_CAMERA_native;digital_camera_native;D32_V_flatYT_still_0002.mp4;True;1.0;1.0;1.0
DIGITAL_CAMERA_native;digital_camera_native;D32_V_indoor_move_0002.mp4;True;1.0;1.0;1.0
DIGITAL_CAMERA_native;digital_camera_native;D32_V_indoor_panrot_0001.mp4;True;1.0;1.0;1.0
DIGITAL_CAMERA_native;digital_camera_native;D32_V_indoor_panrot_0002.mp4;True;1.0;1.0;1.0
DIGITAL_CAMERA_native;digital_camera_native;D32_V_indoor_still_0001.mp4;True;1.0;1.0;1.0
DIGITAL_CAMERA_native;digital_camera_native;D32_V_indoor_still_0002.mp4;True;1.0;1.0;1.0
DIGITAL_CAMERA_native;digital_camera_native;D32_V_indoorWA_move_0002.mp4;True;1.0;1.0;1.0
DIGITAL_CAMERA_native;digital_camera_native;D32_V_indoorWA_panrot_0001.mp4;True;1.0;1.0;1.0
DIGITAL_CAMERA_native;digital_camera_native;D32_V_indoorWA_panrot_0002.mp4;True;1.0;1.0;1.0
DIGITAL_CAMERA_native;digital_camera_native;D32_V_indoorWA_still_0001.mp4;True;1.0;1.0;1.0
DIGITAL_CAMERA_native;digital_camera_native;D32_V_indoorWA_still_0002.mp4;True;1.0;1.0;1.0
DIGITAL_CAMERA_native;digital_camera_native;D32_V_indoorYT_move_0002.mp4;True;1.0;1.0;1.0
DIGITAL_CAMERA_native;digital_camera_native;D32_V_indoorYT_panrot_0001.mp4;True;1.0;1.0;1.0
DIGITAL_CAMERA_native;digital_camera_native;D32_V_indoorYT_panrot_0002.mp4;True;1.0;1.0;1.0
DIGITAL_CAMERA_native;digital_camera_native;D32_V_indoorYT_still_0001.mp4;True;1.0;1.0;1.0
DIGITAL_CAMERA_native;digital_camera_native;D32_V_indoorYT_still_0002.mp4;True;1.0;1.0;1.0
DIGITAL_CAMERA_native;digital_camera_native;D32_V_outdoor_move_0002.mp4;True;1.0;1.0;1.0
DIGITAL_CAMERA_native;digital_camera_native;D32_V_outdoor_panrot_0001.mp4;True;1.0;1.0;1.0
DIGITAL_CAMERA_native;digital_camera_native;D32_V_outdoor_panrot_0002.mp4;True;1.0;1.0;1.0
DIGITAL_CAMERA_native;digital_camera_native;D32_V_outdoor_still_0001.mp4;True;1.0;1.0;1.0
DIGITAL_CAMERA_native;digital_camera_native;D32_V_outdoor_still_0002.mp4;True;1.0;1.0;1.0
DIGITAL_CAMERA_native;digital_camera_native;D32_V_outdoorWA_move_0002.mp4;True;1.0;1.0;1.0
DIGITAL_CAMERA_native;digital_camera_native;D32_V_outdoorWA_panrot_0001.mp4;True;1.0;1.0;1.0
DIGITAL_CAMERA_native;digital_camera_native;D32_V_outdoorWA_panrot_0002.mp4;True;1.0;1.0;1.0
DIGITAL_CAMERA_native;digital_camera_native;D32_V_outdoorWA_still_0001.mp4;True;1.0;1.0;1.0
DIGITAL_CAMERA_native;digital_camera_native;D32_V_outdoorWA_still_0002.mp4;True;1.0;1.0;1.0
DIGITAL_CAMERA_native;digital_camera_native;D32_V_outdoorYT_move_0002.mp4;True;1.0;1.0;1.0
DIGITAL_CAMERA_native;digital_camera_native;D32_V_outdoorYT_panrot_0001.mp4;True;1.0;1.0;1.0
DIGITAL_CAMERA_native;digital_camera_native;D32_V_outdoorYT_panrot_0002.mp4;True;1.0;1.0;1.0
DIGITAL_CAMERA_native;digital_camera_native;D32_V_outdoorYT_still_0001.mp4;True;1.0;1.0;1.0
DIGITAL_CAMERA_native;digital_camera_native;D32_V_outdoorYT_still_0002.mp4;True;1.0;1.0;1.0
DIGITAL_CAMERA_native;digital_camera_native;D33_V_flat_move_0002.mp4;True;1.0;1.0;1.0
DIGITAL_CAMERA_native;digital_camera_native;D33_V_flat_move_0003.mp4;True;1.0;1.0;1.0
DIGITAL_CAMERA_native;digital_camera_native;D33_V_flat_panrot_0001.mp4;True;1.0;1.0;1.0
DIGITAL_CAMERA_native;digital_camera_native;D33_V_flat_panrot_0002.mp4;True;1.0;1.0;1.0
DIGITAL_CAMERA_native;digital_camera_native;D33_V_flat_still_0001.mp4;True;1.0;1.0;1.0
DIGITAL_CAMERA_native;digital_camera_native;D33_V_flat_still_0002.mp4;True;1.0;1.0;1.0
DIGITAL_CAMERA_native;digital_camera_native;D33_V_flatWA_move_0002.mp4;True;1.0;1.0;1.0
DIGITAL_CAMERA_native;digital_camera_native;D33_V_flatWA_move_0003.mp4;True;1.0;1.0;1.0
DIGITAL_CAMERA_native;digital_camera_native;D33_V_flatWA_panrot_0001.mp4;True;1.0;1.0;1.0
DIGITAL_CAMERA_native;digital_camera_native;D33_V_flatWA_panrot_0002.mp4;True;1.0;1.0;1.0
DIGITAL_CAMERA_native;digital_camera_native;D33_V_flatWA_still_0001.mp4;True;1.0;1.0;1.0
DIGITAL_CAMERA_native;digital_camera_native;D33_V_flatWA_still_0002.mp4;True;1.0;1.0;1.0
DIGITAL_CAMERA_native;digital_camera_native;D33_V_flatYT_move_0003.mp4;True;1.0;1.0;1.0
DIGITAL_CAMERA_native;digital_camera_native;D33_V_flatYT_panrot_0001.mp4;True;1.0;1.0;1.0
DIGITAL_CAMERA_native;digital_camera_native;D33_V_flatYT_panrot_0002.mp4;True;1.0;1.0;1.0
DIGITAL_CAMERA_native;digital_camera_native;D33_V_flatYT_still_0001.mp4;True;1.0;1.0;1.0
DIGITAL_CAMERA_native;digital_camera_native;D33_V_flatYT_still_0002.mp4;True;1.0;1.0;1.0
DIGITAL_CAMERA_native;digital_camera_native;D33_V_indoor_move_0002.mp4;True;1.0;1.0;1.0
DIGITAL_CAMERA_native;digital_camera_native;D33_V_indoor_panrot_0001.mp4;True;1.0;1.0;1.0
DIGITAL_CAMERA_native;digital_camera_native;D33_V_indoor_panrot_0002.mp4;True;1.0;1.0;1.0
DIGITAL_CAMERA_native;digital_camera_native;D33_V_indoor_still_0001.mp4;True;1.0;1.0;1.0
DIGITAL_CAMERA_native;digital_camera_native;D33_V_indoor_still_0002.mp4;True;1.0;1.0;1.0
DIGITAL_CAMERA_native;digital_camera_native;D33_V_indoorWA_move_0002.mp4;True;1.0;1.0;1.0
DIGITAL_CAMERA_native;digital_camera_native;D33_V_indoorWA_panrot_0001.mp4;True;1.0;1.0;1.0
DIGITAL_CAMERA_native;digital_camera_native;D33_V_indoorWA_panrot_0002.mp4;True;1.0;1.0;1.0
DIGITAL_CAMERA_native;digital_camera_native;D33_V_indoorWA_still_0001.mp4;True;1.0;1.0;1.0
DIGITAL_CAMERA_native;digital_camera_native;D33_V_indoorWA_still_0002.mp4;True;1.0;1.0;1.0
DIGITAL_CAMERA_native;digital_camera_native;D33_V_indoorYT_move_0002.mp4;True;1.0;1.0;1.0
DIGITAL_CAMERA_native;digital_camera_native;D33_V_indoorYT_panrot_0001.mp4;True;1.0;1.0;1.0
DIGITAL_CAMERA_native;digital_camera_native;D33_V_indoorYT_panrot_0002.mp4;True;1.0;1.0;1.0
DIGITAL_CAMERA_native;digital_camera_native;D33_V_indoorYT_still_0001.mp4;True;1.0;1.0;1.0
DIGITAL_CAMERA_native;digital_camera_native;D33_V_indoorYT_still_0002.mp4;True;1.0;1.0;1.0
DIGITAL_CAMERA_native;digital_camera_native;D33_V_outdoor_move_0002.mp4;True;1.0;1.0;1.0
DIGITAL_CAMERA_native;digital_camera_native;D33_V_outdoor_panrot_0001.mp4;True;1.0;1.0;1.0
DIGITAL_CAMERA_native;digital_camera_native;D33_V_outdoor_panrot_0002.mp4;True;1.0;1.0;1.0
DIGITAL_CAMERA_native;digital_camera_native;D33_V_outdoor_still_0001.mp4;True;1.0;1.0;1.0
DIGITAL_CAMERA_native;digital_camera_native;D33_V_outdoor_still_0002.mp4;True;1.0;1.0;1.0
DIGITAL_CAMERA_native;digital_camera_native;D33_V_outdoorWA_move_0002.mp4;True;1.0;1.0;1.0
DIGITAL_CAMERA_native;digital_camera_native;D33_V_outdoorWA_panrot_0001.mp4;True;1.0;1.0;1.0
DIGITAL_CAMERA_native;digital_camera_native;D33_V_outdoorWA_panrot_0002.mp4;True;1.0;1.0;1.0
DIGITAL_CAMERA_native;digital_camera_native;D33_V_outdoorWA_still_0001.mp4;True;1.0;1.0;1.0
DIGITAL_CAMERA_native;digital_camera_native;D33_V_outdoorWA_still_0002.mp4;True;1.0;1.0;1.0
DIGITAL_CAMERA_native;digital_camera_native;D33_V_outdoorYT_move_0002.mp4;True;1.0;1.0;1.0
DIGITAL_CAMERA_native;digital_camera_native;D33_V_outdoorYT_panrot_0001.mp4;True;1.0;1.0;1.0
DIGITAL_CAMERA_native;digital_camera_native;D33_V_outdoorYT_panrot_0002.mp4;True;1.0;1.0;1.0
DIGITAL_CAMERA_native;digital_camera_native;D33_V_outdoorYT_still_0001.mp4;True;1.0;1.0;1.0
DIGITAL_CAMERA_native;digital_camera_native;D33_V_outdoorYT_still_0002.mp4;True;1.0;1.0;1.0
DIGITAL_CAMERA_native;digital_camera_native;D34_V_flat_move_0002.mov;True;1.0;1.0;1.0
DIGITAL_CAMERA_native;digital_camera_native;D34_V_flat_move_0003.mov;True;1.0;1.0;1.0
DIGITAL_CAMERA_native;digital_camera_native;D34_V_flat_move_0004.mov;True;1.0;1.0;1.0
DIGITAL_CAMERA_native;digital_camera_native;D34_V_flat_move_0005.mov;True;1.0;1.0;1.0
DIGITAL_CAMERA_native;digital_camera_native;D34_V_flat_panrot_0001.mov;True;1.0;1.0;1.0
DIGITAL_CAMERA_native;digital_camera_native;D34_V_flat_panrot_0002.mov;True;1.0;1.0;1.0
DIGITAL_CAMERA_native;digital_camera_native;D34_V_flat_panrot_0003.mov;True;1.0;1.0;1.0
DIGITAL_CAMERA_native;digital_camera_native;D34_V_flat_panrot_0004.mov;True;1.0;1.0;1.0
DIGITAL_CAMERA_native;digital_camera_native;D34_V_flat_still_0001.mov;True;1.0;1.0;1.0
DIGITAL_CAMERA_native;digital_camera_native;D34_V_flat_still_0002.mov;True;1.0;1.0;1.0
DIGITAL_CAMERA_native;digital_camera_native;D34_V_flat_still_0003.mov;True;1.0;1.0;1.0
DIGITAL_CAMERA_native;digital_camera_native;D34_V_flat_still_0004.mov;True;1.0;1.0;1.0
DIGITAL_CAMERA_native;digital_camera_native;D34_V_flatWA_move_0002.mp4;True;1.0;1.0;1.0
DIGITAL_CAMERA_native;digital_camera_native;D34_V_flatWA_move_0003.mp4;True;1.0;1.0;1.0
DIGITAL_CAMERA_native;digital_camera_native;D34_V_flatWA_move_0004.mp4;True;1.0;1.0;1.0
DIGITAL_CAMERA_native;digital_camera_native;D34_V_flatWA_move_0005.mp4;True;1.0;1.0;1.0
DIGITAL_CAMERA_native;digital_camera_native;D34_V_flatWA_panrot_0001.mp4;True;1.0;1.0;1.0
DIGITAL_CAMERA_native;digital_camera_native;D34_V_flatWA_panrot_0002.mp4;True;1.0;1.0;1.0
DIGITAL_CAMERA_native;digital_camera_native;D34_V_flatWA_panrot_0003.mp4;True;1.0;1.0;1.0
DIGITAL_CAMERA_native;digital_camera_native;D34_V_flatWA_panrot_0004.mp4;True;1.0;1.0;1.0
DIGITAL_CAMERA_native;digital_camera_native;D34_V_flatWA_still_0001.mp4;True;1.0;1.0;1.0
DIGITAL_CAMERA_native;digital_camera_native;D34_V_flatWA_still_0002.mp4;True;1.0;1.0;1.0
DIGITAL_CAMERA_native;digital_camera_native;D34_V_flatWA_still_0003.mp4;True;1.0;1.0;1.0
DIGITAL_CAMERA_native;digital_camera_native;D34_V_flatWA_still_0004.mp4;True;1.0;1.0;1.0
DIGITAL_CAMERA_native;digital_camera_native;D34_V_flatYT_panrot_0004.mp4;True;1.0;1.0;1.0
DIGITAL_CAMERA_native;digital_camera_native;D34_V_indoor_move_0002.mov;True;1.0;1.0;1.0
DIGITAL_CAMERA_native;digital_camera_native;D34_V_indoor_move_0003.mov;True;1.0;1.0;1.0
DIGITAL_CAMERA_native;digital_camera_native;D34_V_indoor_move_0004.mov;True;1.0;1.0;1.0
DIGITAL_CAMERA_native;digital_camera_native;D34_V_indoor_panrot_0001.mov;True;1.0;1.0;1.0
DIGITAL_CAMERA_native;digital_camera_native;D34_V_indoor_panrot_0002.mov;True;1.0;1.0;1.0
DIGITAL_CAMERA_native;digital_camera_native;D34_V_indoor_panrot_0003.mov;True;1.0;1.0;1.0
DIGITAL_CAMERA_native;digital_camera_native;D34_V_indoor_panrot_0004.mov;True;1.0;1.0;1.0
DIGITAL_CAMERA_native;digital_camera_native;D34_V_indoor_still_0001.mov;True;1.0;1.0;1.0
DIGITAL_CAMERA_native;digital_camera_native;D34_V_indoor_still_0002.mov;True;1.0;1.0;1.0
DIGITAL_CAMERA_native;digital_camera_native;D34_V_indoor_still_0003.mov;True;1.0;1.0;1.0
DIGITAL_CAMERA_native;digital_camera_native;D34_V_indoor_still_0004.mov;True;1.0;1.0;1.0
DIGITAL_CAMERA_native;digital_camera_native;D34_V_indoorWA_move_0002.mp4;True;1.0;1.0;1.0
DIGITAL_CAMERA_native;digital_camera_native;D34_V_indoorWA_move_0003.mp4;True;1.0;1.0;1.0
DIGITAL_CAMERA_native;digital_camera_native;D34_V_indoorWA_move_0004.mp4;True;1.0;1.0;1.0
DIGITAL_CAMERA_native;digital_camera_native;D34_V_indoorWA_panrot_0001.mp4;True;1.0;1.0;1.0
DIGITAL_CAMERA_native;digital_camera_native;D34_V_indoorWA_panrot_0002.mp4;True;1.0;1.0;1.0
DIGITAL_CAMERA_native;digital_camera_native;D34_V_indoorWA_panrot_0003.mp4;True;1.0;1.0;1.0
DIGITAL_CAMERA_native;digital_camera_native;D34_V_indoorWA_panrot_0004.mp4;True;1.0;1.0;1.0
DIGITAL_CAMERA_native;digital_camera_native;D34_V_indoorWA_still_0001.mp4;True;1.0;1.0;1.0
DIGITAL_CAMERA_native;digital_camera_native;D34_V_indoorWA_still_0002.mp4;True;1.0;1.0;1.0
DIGITAL_CAMERA_native;digital_camera_native;D34_V_indoorWA_still_0003.mp4;True;1.0;1.0;1.0
DIGITAL_CAMERA_native;digital_camera_native;D34_V_indoorWA_still_0004.mp4;True;1.0;1.0;1.0
DIGITAL_CAMERA_native;digital_camera_native;D34_V_indoorYT_move_0002.mp4;True;1.0;1.0;1.0
DIGITAL_CAMERA_native;digital_camera_native;D34_V_indoorYT_move_0003.mp4;True;1.0;1.0;1.0
DIGITAL_CAMERA_native;digital_camera_native;D34_V_indoorYT_move_0004.mp4;True;1.0;1.0;1.0
DIGITAL_CAMERA_native;digital_camera_native;D34_V_indoorYT_panrot_0001.mp4;True;1.0;1.0;1.0
DIGITAL_CAMERA_native;digital_camera_native;D34_V_indoorYT_panrot_0002.mp4;True;1.0;1.0;1.0
DIGITAL_CAMERA_native;digital_camera_native;D34_V_indoorYT_panrot_0003.mp4;True;1.0;1.0;1.0
DIGITAL_CAMERA_native;digital_camera_native;D34_V_indoorYT_panrot_0004.mp4;True;1.0;1.0;1.0
DIGITAL_CAMERA_native;digital_camera_native;D34_V_indoorYT_still_0001.mp4;True;1.0;1.0;1.0
DIGITAL_CAMERA_native;digital_camera_native;D34_V_indoorYT_still_0002.mp4;True;1.0;1.0;1.0
DIGITAL_CAMERA_native;digital_camera_native;D34_V_outdoor_move_0002.mov;True;1.0;1.0;1.0
DIGITAL_CAMERA_native;digital_camera_native;D34_V_outdoor_move_0003.mov;True;1.0;1.0;1.0
DIGITAL_CAMERA_native;digital_camera_native;D34_V_outdoor_move_0004.mov;True;1.0;1.0;1.0
DIGITAL_CAMERA_native;digital_camera_native;D34_V_outdoor_panrot_0001.mov;True;1.0;1.0;1.0
DIGITAL_CAMERA_native;digital_camera_native;D34_V_outdoor_panrot_0002.mov;True;1.0;1.0;1.0
DIGITAL_CAMERA_native;digital_camera_native;D34_V_outdoor_still_0001.mov;True;1.0;1.0;1.0
DIGITAL_CAMERA_native;digital_camera_native;D34_V_outdoorWA_move_0002.mp4;True;1.0;1.0;1.0
DIGITAL_CAMERA_native;digital_camera_native;D34_V_outdoorWA_move_0003.mp4;True;1.0;1.0;1.0
DIGITAL_CAMERA_native;digital_camera_native;D34_V_outdoorWA_move_0004.mp4;True;1.0;1.0;1.0
DIGITAL_CAMERA_native;digital_camera_native;D34_V_outdoorWA_panrot_0001.mp4;True;1.0;1.0;1.0
DIGITAL_CAMERA_native;digital_camera_native;D34_V_outdoorWA_panrot_0002.mp4;True;1.0;1.0;1.0
DIGITAL_CAMERA_native;digital_camera_native;D34_V_outdoorWA_still_0001.mp4;True;1.0;1.0;1.0
DIGITAL_CAMERA_native;digital_camera_native;D34_V_outdoorYT_move_0002.mp4;True;1.0;1.0;1.0
DIGITAL_CAMERA_native;digital_camera_native;D34_V_outdoorYT_move_0003.mp4;True;1.0;1.0;1.0
DIGITAL_CAMERA_native;digital_camera_native;D34_V_outdoorYT_move_0004.mp4;True;1.0;1.0;1.0
DIGITAL_CAMERA_native;digital_camera_native;D34_V_outdoorYT_panrot_0001.mp4;True;1.0;1.0;1.0
DIGITAL_CAMERA_native;digital_camera_native;D34_V_outdoorYT_panrot_0002.mp4;True;1.0;1.0;1.0
DIGITAL_CAMERA_native;digital_camera_native;D35_V_flat_move_0002.mp4;True;1.0;1.0;1.0
DIGITAL_CAMERA_native;digital_camera_native;D35_V_flat_panrot_0001.mp4;True;1.0;1.0;1.0
DIGITAL_CAMERA_native;digital_camera_native;D35_V_flat_still_0001.mp4;True;1.0;1.0;1.0
DIGITAL_CAMERA_native;digital_camera_native;D35_V_flatWA_move_0002.mp4;True;1.0;1.0;1.0
DIGITAL_CAMERA_native;digital_camera_native;D35_V_flatWA_panrot_0001.mp4;True;1.0;1.0;1.0
DIGITAL_CAMERA_native;digital_camera_native;D35_V_flatWA_still_0001.mp4;True;1.0;1.0;1.0
DIGITAL_CAMERA_native;digital_camera_native;D35_V_flatYT_move_0002.mp4;True;1.0;1.0;1.0
DIGITAL_CAMERA_native;digital_camera_native;D35_V_flatYT_panrot_0001.mp4;True;1.0;1.0;1.0
DIGITAL_CAMERA_native;digital_camera_native;D35_V_flatYT_still_0001.mp4;True;1.0;1.0;1.0
DIGITAL_CAMERA_native;digital_camera_native;D35_V_indoor_move_0002.mp4;True;1.0;1.0;1.0
DIGITAL_CAMERA_native;digital_camera_native;D35_V_indoor_panrot_0001.mp4;True;1.0;1.0;1.0
DIGITAL_CAMERA_native;digital_camera_native;D35_V_indoor_panrot_0002.mp4;True;1.0;1.0;1.0
DIGITAL_CAMERA_native;digital_camera_native;D35_V_indoor_still_0001.mp4;True;1.0;1.0;1.0
DIGITAL_CAMERA_native;digital_camera_native;D35_V_indoor_still_0002.mp4;True;1.0;1.0;1.0
DIGITAL_CAMERA_native;digital_camera_native;D35_V_indoorWA_move_0002.mp4;True;1.0;1.0;1.0
DIGITAL_CAMERA_native;digital_camera_native;D35_V_indoorWA_panrot_0001.mp4;True;1.0;1.0;1.0
DIGITAL_CAMERA_native;digital_camera_native;D35_V_indoorWA_panrot_0002.mp4;True;1.0;1.0;1.0
DIGITAL_CAMERA_native;digital_camera_native;D35_V_indoorWA_still_0001.mp4;True;1.0;1.0;1.0
DIGITAL_CAMERA_native;digital_camera_native;D35_V_indoorWA_still_0002.mp4;True;1.0;1.0;1.0
DIGITAL_CAMERA_native;digital_camera_native;D35_V_indoorYT_move_0002.mp4;True;1.0;1.0;1.0
DIGITAL_CAMERA_native;digital_camera_native;D35_V_indoorYT_panrot_0001.mp4;True;1.0;1.0;1.0
DIGITAL_CAMERA_native;digital_camera_native;D35_V_indoorYT_panrot_0002.mp4;True;1.0;1.0;1.0
DIGITAL_CAMERA_native;digital_camera_native;D35_V_indoorYT_still_0001.mp4;True;1.0;1.0;1.0
DIGITAL_CAMERA_native;digital_camera_native;D35_V_indoorYT_still_0002.mp4;True;1.0;1.0;1.0
DIGITAL_CAMERA_native;digital_camera_native;D35_V_outdoor_move_0002.mp4;True;1.0;1.0;1.0
DIGITAL_CAMERA_native;digital_camera_native;D35_V_outdoor_panrot_0001.mp4;True;1.0;1.0;1.0
DIGITAL_CAMERA_native;digital_camera_native;D35_V_outdoor_panrot_0002.mp4;True;1.0;1.0;1.0
DIGITAL_CAMERA_native;digital_camera_native;D35_V_outdoor_still_0001.mp4;True;1.0;1.0;1.0
DIGITAL_CAMERA_native;digital_camera_native;D35_V_outdoor_still_0002.mp4;True;1.0;1.0;1.0
DIGITAL_CAMERA_native;digital_camera_native;D35_V_outdoorWA_move_0002.mp4;True;1.0;1.0;1.0
DIGITAL_CAMERA_native;digital_camera_native;D35_V_outdoorWA_panrot_0001.mp4;True;1.0;1.0;1.0
DIGITAL_CAMERA_native;digital_camera_native;D35_V_outdoorWA_panrot_0002.mp4;True;1.0;1.0;1.0
DIGITAL_CAMERA_native;digital_camera_native;D35_V_outdoorWA_still_0001.mp4;True;1.0;1.0;1.0
DIGITAL_CAMERA_native;digital_camera_native;D35_V_outdoorWA_still_0002.mp4;True;1.0;1.0;1.0
DIGITAL_CAMERA_native;digital_camera_native;D35_V_outdoorYT_move_0002.mp4;True;1.0;1.0;1.0
DIGITAL_CAMERA_native;digital_camera_native;D35_V_outdoorYT_panrot_0001.mp4;True;1.0;1.0;1.0
DIGITAL_CAMERA_native;digital_camera_native;D35_V_outdoorYT_panrot_0002.mp4;True;1.0;1.0;1.0
DIGITAL_CAMERA_native;digital_camera_native;D35_V_outdoorYT_still_0001.mp4;True;1.0;1.0;1.0
DIGITAL_CAMERA_native;digital_camera_native;D35_V_outdoorYT_still_0002.mp4;True;1.0;1.0;1.0
DIGITAL_CAMERA_native;digital_camera_avidemux;D01_V_indoor_move_0002.mp4;False;1.0;1.0;1.0
DIGITAL_CAMERA_native;digital_camera_avidemux;D01_V_outdoor_move_0002.mp4;False;1.0;1.0;1.0
DIGITAL_CAMERA_native;digital_camera_avidemux;D03_V_indoor_move_0002.mp4;False;1.0;1.0;1.0
DIGITAL_CAMERA_native;digital_camera_avidemux;D03_V_outdoor_move_0002.mp4;False;1.0;1.0;1.0
DIGITAL_CAMERA_native;digital_camera_avidemux;D04_V_indoor_move_0002.mp4;False;1.0;1.0;1.0
DIGITAL_CAMERA_native;digital_camera_avidemux;D04_V_outdoor_move_0002.mp4;False;1.0;1.0;1.0
DIGITAL_CAMERA_native;digital_camera_avidemux;D05_V_indoor_move_0002.mp4;False;1.0;1.0;1.0
DIGITAL_CAMERA_native;digital_camera_avidemux;D05_V_outdoor_move_0002.mp4;False;1.0;1.0;1.0
DIGITAL_CAMERA_native;digital_camera_avidemux;D06_V_indoor_move_0002.mp4;False;1.0;1.0;1.0
DIGITAL_CAMERA_native;digital_camera_avidemux;D06_V_outdoor_move_0002.mp4;False;1.0;1.0;1.0
DIGITAL_CAMERA_native;digital_camera_avidemux;D07_V_indoor_move_0002.mp4;False;1.0;1.0;1.0
DIGITAL_CAMERA_native;digital_camera_avidemux;D07_V_outdoor_move_0002.mp4;False;1.0;1.0;1.0
DIGITAL_CAMERA_native;digital_camera_avidemux;D08_V_indoor_move_0002.mp4;False;1.0;1.0;1.0
DIGITAL_CAMERA_native;digital_camera_avidemux;D08_V_outdoor_move_0002.mp4;False;1.0;1.0;1.0
DIGITAL_CAMERA_native;digital_camera_avidemux;D09_V_indoor_move_0002.mp4;False;1.0;1.0;1.0
DIGITAL_CAMERA_native;digital_camera_avidemux;D09_V_outdoor_move_0002.mp4;False;1.0;1.0;1.0
DIGITAL_CAMERA_native;digital_camera_avidemux;D10_V_indoor_move_0002.mp4;False;1.0;1.0;1.0
DIGITAL_CAMERA_native;digital_camera_avidemux;D11_V_indoor_move_0002.mp4;False;1.0;1.0;1.0
DIGITAL_CAMERA_native;digital_camera_avidemux;D11_V_outdoor_move_0002.mp4;False;1.0;1.0;1.0
DIGITAL_CAMERA_native;digital_camera_avidemux;D12_V_indoor_move_0002.mp4;False;1.0;1.0;1.0
DIGITAL_CAMERA_native;digital_camera_avidemux;D12_V_outdoor_move_0002.mp4;False;1.0;1.0;1.0
DIGITAL_CAMERA_native;digital_camera_avidemux;D13_V_indoor_move_0002.mp4;False;1.0;1.0;1.0
DIGITAL_CAMERA_native;digital_camera_avidemux;D13_V_outdoor_move_0002.mp4;False;1.0;1.0;1.0
DIGITAL_CAMERA_native;digital_camera_avidemux;D14_V_indoor_move_0002.mp4;False;1.0;1.0;1.0
DIGITAL_CAMERA_native;digital_camera_avidemux;D14_V_outdoor_move_0002.mp4;False;1.0;1.0;1.0
DIGITAL_CAMERA_native;digital_camera_avidemux;D15_V_indoor_move_0002.mp4;False;1.0;1.0;1.0
DIGITAL_CAMERA_native;digital_camera_avidemux;D15_V_outdoor_move_0002.mp4;False;1.0;1.0;1.0
DIGITAL_CAMERA_native;digital_camera_avidemux;D16_V_indoor_move_0002.mp4;False;1.0;1.0;1.0
DIGITAL_CAMERA_native;digital_camera_avidemux;D16_V_outdoor_move_0002.mp4;False;1.0;1.0;1.0
DIGITAL_CAMERA_native;digital_camera_avidemux;D19_V_indoor_move_0002.mp4;False;1.0;1.0;1.0
DIGITAL_CAMERA_native;digital_camera_avidemux;D19_V_outdoor_move_0002.mp4;False;1.0;1.0;1.0
DIGITAL_CAMERA_native;digital_camera_avidemux;D20_V_indoor_move_0002.mp4;False;1.0;1.0;1.0
DIGITAL_CAMERA_native;digital_camera_avidemux;D20_V_outdoor_move_0002.mp4;False;1.0;1.0;1.0
DIGITAL_CAMERA_native;digital_camera_avidemux;D22_V_indoor_move_0002.mp4;False;1.0;1.0;1.0
DIGITAL_CAMERA_native;digital_camera_avidemux;D22_V_outdoor_move_0002.mp4;False;1.0;1.0;1.0
DIGITAL_CAMERA_native;digital_camera_avidemux;D23_V_indoor_move_0002.mp4;False;1.0;1.0;1.0
DIGITAL_CAMERA_native;digital_camera_avidemux;D23_V_outdoor_move_0002.mp4;False;1.0;1.0;1.0
DIGITAL_CAMERA_native;digital_camera_avidemux;D24_V_indoor_move_0002.mp4;False;1.0;1.0;1.0
DIGITAL_CAMERA_native;digital_camera_avidemux;D24_V_outdoor_move_0002.mp4;False;1.0;1.0;1.0
DIGITAL_CAMERA_native;digital_camera_avidemux;D25_V_indoor_move_0002.mp4;False;1.0;1.0;1.0
DIGITAL_CAMERA_native;digital_camera_avidemux;D25_V_outdoor_move_0002.mp4;False;1.0;1.0;1.0
DIGITAL_CAMERA_native;digital_camera_avidemux;D26_V_indoor_move_0002.mp4;False;1.0;1.0;1.0
DIGITAL_CAMERA_native;digital_camera_avidemux;D26_V_outdoor_move_0002.mp4;False;1.0;1.0;1.0
DIGITAL_CAMERA_native;digital_camera_avidemux;D27_V_indoor_move_0002.mp4;False;1.0;1.0;1.0
DIGITAL_CAMERA_native;digital_camera_avidemux;D27_V_outdoor_move_0002.mp4;False;1.0;1.0;1.0
DIGITAL_CAMERA_native;digital_camera_avidemux;D28_V_indoor_move_0002.mp4;False;1.0;1.0;1.0
DIGITAL_CAMERA_native;digital_camera_avidemux;D28_V_outdoor_move_0002.mp4;False;1.0;1.0;1.0
DIGITAL_CAMERA_native;digital_camera_avidemux;D29_V_indoor_move_0002.mp4;False;1.0;1.0;1.0
DIGITAL_CAMERA_native;digital_camera_avidemux;D29_V_outdoor_move_0002.mp4;False;1.0;1.0;1.0
DIGITAL_CAMERA_native;digital_camera_avidemux;D30_V_indoor_move_0002.mp4;False;1.0;1.0;1.0
DIGITAL_CAMERA_native;digital_camera_avidemux;D30_V_outdoor_move_0002.mp4;False;1.0;1.0;1.0
DIGITAL_CAMERA_native;digital_camera_avidemux;D31_V_indoor_move_0002.mp4;False;1.0;1.0;1.0
DIGITAL_CAMERA_native;digital_camera_avidemux;D31_V_outdoor_move_0002.mp4;False;1.0;1.0;1.0
DIGITAL_CAMERA_native;digital_camera_avidemux;D32_V_indoor_move_0002.mp4;False;1.0;1.0;1.0
DIGITAL_CAMERA_native;digital_camera_avidemux;D32_V_outdoor_move_0002.mp4;False;1.0;1.0;1.0
DIGITAL_CAMERA_native;digital_camera_avidemux;D33_V_indoor_move_0002.mp4;False;1.0;1.0;1.0
DIGITAL_CAMERA_native;digital_camera_avidemux;D33_V_outdoor_move_0002.mp4;False;1.0;1.0;1.0
DIGITAL_CAMERA_native;digital_camera_avidemux;D34_V_indoor_move_0002.mp4;False;1.0;1.0;1.0
DIGITAL_CAMERA_native;digital_camera_avidemux;D34_V_outdoor_move_0002.mp4;False;1.0;1.0;1.0
DIGITAL_CAMERA_native;digital_camera_avidemux;D35_V_outdoor_move_0002.mp4;False;1.0;1.0;1.0
DIGITAL_CAMERA_native;digital_camera_avidemux;D35_V_outdoor_panrot_0002.mp4;False;1.0;1.0;1.0
DIGITAL_CAMERA_native;digital_camera_exiftool;D01_V_indoor_move_0002.mp4;False;1.0;1.0;1.0
DIGITAL_CAMERA_native;digital_camera_exiftool;D01_V_outdoor_move_0002.mp4;False;1.0;1.0;1.0
DIGITAL_CAMERA_native;digital_camera_exiftool;D03_V_indoor_move_0002.mp4;False;1.0;1.0;1.0
DIGITAL_CAMERA_native;digital_camera_exiftool;D03_V_outdoor_move_0002.mp4;False;1.0;1.0;1.0
DIGITAL_CAMERA_native;digital_camera_exiftool;D04_V_indoor_move_0002.mp4;False;1.0;1.0;1.0
DIGITAL_CAMERA_native;digital_camera_exiftool;D04_V_outdoor_move_0002.mp4;False;1.0;1.0;1.0
DIGITAL_CAMERA_native;digital_camera_exiftool;D05_V_indoor_move_0002.mp4;False;1.0;1.0;1.0
DIGITAL_CAMERA_native;digital_camera_exiftool;D05_V_outdoor_move_0002.mp4;False;1.0;1.0;1.0
DIGITAL_CAMERA_native;digital_camera_exiftool;D06_V_indoor_move_0002.mp4;False;1.0;1.0;1.0
DIGITAL_CAMERA_native;digital_camera_exiftool;D06_V_outdoor_move_0002.mp4;False;1.0;1.0;1.0
DIGITAL_CAMERA_native;digital_camera_exiftool;D07_V_indoor_move_0002.mp4;False;1.0;1.0;1.0
DIGITAL_CAMERA_native;digital_camera_exiftool;D07_V_outdoor_move_0002.mp4;False;1.0;1.0;1.0
DIGITAL_CAMERA_native;digital_camera_exiftool;D08_V_indoor_move_0002.mp4;False;1.0;1.0;1.0
DIGITAL_CAMERA_native;digital_camera_exiftool;D08_V_outdoor_move_0002.mp4;False;1.0;1.0;1.0
DIGITAL_CAMERA_native;digital_camera_exiftool;D09_V_indoor_move_0002.mp4;False;1.0;1.0;1.0
DIGITAL_CAMERA_native;digital_camera_exiftool;D09_V_outdoor_move_0002.mp4;False;1.0;1.0;1.0
DIGITAL_CAMERA_native;digital_camera_exiftool;D10_V_indoor_move_0002.mp4;False;1.0;1.0;1.0
DIGITAL_CAMERA_native;digital_camera_exiftool;D11_V_indoor_move_0002.mp4;False;1.0;1.0;1.0
DIGITAL_CAMERA_native;digital_camera_exiftool;D11_V_outdoor_move_0002.mp4;False;1.0;1.0;1.0
DIGITAL_CAMERA_native;digital_camera_exiftool;D12_V_indoor_move_0002.mp4;False;1.0;1.0;1.0
DIGITAL_CAMERA_native;digital_camera_exiftool;D12_V_outdoor_move_0002.mp4;False;1.0;1.0;1.0
DIGITAL_CAMERA_native;digital_camera_exiftool;D13_V_indoor_move_0002.mp4;False;1.0;1.0;1.0
DIGITAL_CAMERA_native;digital_camera_exiftool;D13_V_outdoor_move_0002.mp4;False;1.0;1.0;1.0
DIGITAL_CAMERA_native;digital_camera_exiftool;D14_V_indoor_move_0002.mp4;False;1.0;1.0;1.0
DIGITAL_CAMERA_native;digital_camera_exiftool;D14_V_outdoor_move_0002.mp4;False;1.0;1.0;1.0
DIGITAL_CAMERA_native;digital_camera_exiftool;D15_V_indoor_move_0002.mp4;False;1.0;1.0;1.0
DIGITAL_CAMERA_native;digital_camera_exiftool;D15_V_outdoor_move_0002.mp4;False;1.0;1.0;1.0
DIGITAL_CAMERA_native;digital_camera_exiftool;D16_V_indoor_move_0002.mp4;False;1.0;1.0;1.0
DIGITAL_CAMERA_native;digital_camera_exiftool;D16_V_outdoor_move_0002.mp4;False;1.0;1.0;1.0
DIGITAL_CAMERA_native;digital_camera_exiftool;D19_V_indoor_move_0002.mp4;False;1.0;1.0;1.0
DIGITAL_CAMERA_native;digital_camera_exiftool;D19_V_outdoor_move_0002.mp4;False;1.0;1.0;1.0
DIGITAL_CAMERA_native;digital_camera_exiftool;D20_V_indoor_move_0002.mp4;False;1.0;1.0;1.0
DIGITAL_CAMERA_native;digital_camera_exiftool;D20_V_outdoor_move_0002.mp4;False;1.0;1.0;1.0
DIGITAL_CAMERA_native;digital_camera_exiftool;D22_V_indoor_move_0002.mp4;False;1.0;1.0;1.0
DIGITAL_CAMERA_native;digital_camera_exiftool;D22_V_outdoor_move_0002.mp4;False;1.0;1.0;1.0
DIGITAL_CAMERA_native;digital_camera_exiftool;D23_V_indoor_move_0002.mp4;False;1.0;1.0;1.0
DIGITAL_CAMERA_native;digital_camera_exiftool;D23_V_outdoor_move_0002.mp4;False;1.0;1.0;1.0
DIGITAL_CAMERA_native;digital_camera_exiftool;D24_V_indoor_move_0002.mp4;False;1.0;1.0;1.0
DIGITAL_CAMERA_native;digital_camera_exiftool;D24_V_outdoor_move_0002.mp4;False;1.0;1.0;1.0
DIGITAL_CAMERA_native;digital_camera_exiftool;D25_V_indoor_move_0002.mp4;False;1.0;1.0;1.0
DIGITAL_CAMERA_native;digital_camera_exiftool;D25_V_outdoor_move_0002.mp4;False;1.0;1.0;1.0
DIGITAL_CAMERA_native;digital_camera_exiftool;D26_V_indoor_move_0002.mp4;False;1.0;1.0;1.0
DIGITAL_CAMERA_native;digital_camera_exiftool;D26_V_outdoor_move_0002.mp4;False;1.0;1.0;1.0
DIGITAL_CAMERA_native;digital_camera_exiftool;D27_V_indoor_move_0002.mp4;False;1.0;1.0;1.0
DIGITAL_CAMERA_native;digital_camera_exiftool;D27_V_outdoor_move_0002.mp4;False;1.0;1.0;1.0
DIGITAL_CAMERA_native;digital_camera_exiftool;D28_V_indoor_move_0002.mp4;False;1.0;1.0;1.0
DIGITAL_CAMERA_native;digital_camera_exiftool;D28_V_outdoor_move_0002.mp4;False;1.0;1.0;1.0
DIGITAL_CAMERA_native;digital_camera_exiftool;D29_V_indoor_move_0002.mp4;False;1.0;1.0;1.0
DIGITAL_CAMERA_native;digital_camera_exiftool;D29_V_outdoor_move_0002.mp4;False;1.0;1.0;1.0
DIGITAL_CAMERA_native;digital_camera_exiftool;D30_V_indoor_move_0002.mp4;False;1.0;1.0;1.0
DIGITAL_CAMERA_native;digital_camera_exiftool;D30_V_outdoor_move_0002.mp4;False;1.0;1.0;1.0
DIGITAL_CAMERA_native;digital_camera_exiftool;D31_V_indoor_move_0002.mp4;False;1.0;1.0;1.0
DIGITAL_CAMERA_native;digital_camera_exiftool;D31_V_outdoor_move_0002.mp4;False;1.0;1.0;1.0
DIGITAL_CAMERA_native;digital_camera_exiftool;D32_V_indoor_move_0002.mp4;False;1.0;1.0;1.0
DIGITAL_CAMERA_native;digital_camera_exiftool;D32_V_outdoor_move_0002.mp4;False;1.0;1.0;1.0
DIGITAL_CAMERA_native;digital_camera_exiftool;D33_V_indoor_move_0002.mp4;False;1.0;1.0;1.0
DIGITAL_CAMERA_native;digital_camera_exiftool;D33_V_outdoor_move_0002.mp4;False;1.0;1.0;1.0
DIGITAL_CAMERA_native;digital_camera_exiftool;D34_V_indoor_move_0002.mp4;False;1.0;1.0;1.0
DIGITAL_CAMERA_native;digital_camera_exiftool;D34_V_outdoor_move_0002.mp4;False;1.0;1.0;1.0
DIGITAL_CAMERA_native;digital_camera_exiftool;D35_V_outdoor_move_0002.mp4;False;1.0;1.0;1.0
DIGITAL_CAMERA_native;digital_camera_exiftool;D35_V_outdoor_panrot_0002.mp4;False;1.0;1.0;1.0
DIGITAL_CAMERA_native;digital_camera_ffmpeg1;D01_V_indoor_move_0002.mp4;False;1.0;1.0;1.0
DIGITAL_CAMERA_native;digital_camera_ffmpeg1;D01_V_outdoor_move_0002.mp4;False;1.0;1.0;1.0
DIGITAL_CAMERA_native;digital_camera_ffmpeg1;D03_V_indoor_move_0002.mp4;False;1.0;1.0;1.0
DIGITAL_CAMERA_native;digital_camera_ffmpeg1;D03_V_outdoor_move_0002.mp4;False;1.0;1.0;1.0
DIGITAL_CAMERA_native;digital_camera_ffmpeg1;D04_V_indoor_move_0002.mp4;False;1.0;1.0;1.0
DIGITAL_CAMERA_native;digital_camera_ffmpeg1;D04_V_outdoor_move_0002.mp4;False;1.0;1.0;1.0
DIGITAL_CAMERA_native;digital_camera_ffmpeg1;D05_V_indoor_move_0002.mp4;False;1.0;1.0;1.0
DIGITAL_CAMERA_native;digital_camera_ffmpeg1;D05_V_outdoor_move_0002.mp4;False;1.0;1.0;1.0
DIGITAL_CAMERA_native;digital_camera_ffmpeg1;D06_V_indoor_move_0002.mp4;False;1.0;1.0;1.0
DIGITAL_CAMERA_native;digital_camera_ffmpeg1;D06_V_outdoor_move_0002.mp4;False;1.0;1.0;1.0
DIGITAL_CAMERA_native;digital_camera_ffmpeg1;D07_V_indoor_move_0002.mp4;False;1.0;1.0;1.0
DIGITAL_CAMERA_native;digital_camera_ffmpeg1;D07_V_outdoor_move_0002.mp4;False;1.0;1.0;1.0
DIGITAL_CAMERA_native;digital_camera_ffmpeg1;D08_V_indoor_move_0002.mp4;False;1.0;1.0;1.0
DIGITAL_CAMERA_native;digital_camera_ffmpeg1;D08_V_outdoor_move_0002.mp4;False;1.0;1.0;1.0
DIGITAL_CAMERA_native;digital_camera_ffmpeg1;D09_V_indoor_move_0002.mp4;False;1.0;1.0;1.0
DIGITAL_CAMERA_native;digital_camera_ffmpeg1;D09_V_outdoor_move_0002.mp4;False;1.0;1.0;1.0
DIGITAL_CAMERA_native;digital_camera_ffmpeg1;D10_V_indoor_move_0002.mp4;False;1.0;1.0;1.0
DIGITAL_CAMERA_native;digital_camera_ffmpeg1;D11_V_indoor_move_0002.mp4;False;1.0;1.0;1.0
DIGITAL_CAMERA_native;digital_camera_ffmpeg1;D11_V_outdoor_move_0002.mp4;False;1.0;1.0;1.0
DIGITAL_CAMERA_native;digital_camera_ffmpeg1;D12_V_indoor_move_0002.mp4;False;1.0;1.0;1.0
DIGITAL_CAMERA_native;digital_camera_ffmpeg1;D12_V_outdoor_move_0002.mp4;False;1.0;1.0;1.0
DIGITAL_CAMERA_native;digital_camera_ffmpeg1;D13_V_indoor_move_0002.mp4;False;1.0;1.0;1.0
DIGITAL_CAMERA_native;digital_camera_ffmpeg1;D13_V_outdoor_move_0002.mp4;False;1.0;1.0;1.0
DIGITAL_CAMERA_native;digital_camera_ffmpeg1;D14_V_indoor_move_0002.mp4;False;1.0;1.0;1.0
DIGITAL_CAMERA_native;digital_camera_ffmpeg1;D14_V_outdoor_move_0002.mp4;False;1.0;1.0;1.0
DIGITAL_CAMERA_native;digital_camera_ffmpeg1;D15_V_indoor_move_0002.mp4;False;1.0;1.0;1.0
DIGITAL_CAMERA_native;digital_camera_ffmpeg1;D15_V_outdoor_move_0002.mp4;False;1.0;1.0;1.0
DIGITAL_CAMERA_native;digital_camera_ffmpeg1;D16_V_indoor_move_0002.mp4;False;1.0;1.0;1.0
DIGITAL_CAMERA_native;digital_camera_ffmpeg1;D16_V_outdoor_move_0002.mp4;False;1.0;1.0;1.0
DIGITAL_CAMERA_native;digital_camera_ffmpeg1;D19_V_indoor_move_0002.mp4;False;1.0;1.0;1.0
DIGITAL_CAMERA_native;digital_camera_ffmpeg1;D19_V_outdoor_move_0002.mp4;False;1.0;1.0;1.0
DIGITAL_CAMERA_native;digital_camera_ffmpeg1;D20_V_indoor_move_0002.mp4;False;1.0;1.0;1.0
DIGITAL_CAMERA_native;digital_camera_ffmpeg1;D20_V_outdoor_move_0002.mp4;False;1.0;1.0;1.0
DIGITAL_CAMERA_native;digital_camera_ffmpeg1;D22_V_indoor_move_0002.mp4;False;1.0;1.0;1.0
DIGITAL_CAMERA_native;digital_camera_ffmpeg1;D22_V_outdoor_move_0002.mp4;False;1.0;1.0;1.0
DIGITAL_CAMERA_native;digital_camera_ffmpeg1;D23_V_indoor_move_0002.mp4;False;1.0;1.0;1.0
DIGITAL_CAMERA_native;digital_camera_ffmpeg1;D23_V_outdoor_move_0002.mp4;False;1.0;1.0;1.0
DIGITAL_CAMERA_native;digital_camera_ffmpeg1;D24_V_indoor_move_0002.mp4;False;1.0;1.0;1.0
DIGITAL_CAMERA_native;digital_camera_ffmpeg1;D24_V_outdoor_move_0002.mp4;False;1.0;1.0;1.0
DIGITAL_CAMERA_native;digital_camera_ffmpeg1;D25_V_indoor_move_0002.mp4;False;1.0;1.0;1.0
DIGITAL_CAMERA_native;digital_camera_ffmpeg1;D25_V_outdoor_move_0002.mp4;False;1.0;1.0;1.0
DIGITAL_CAMERA_native;digital_camera_ffmpeg1;D26_V_indoor_move_0002.mp4;False;1.0;1.0;1.0
DIGITAL_CAMERA_native;digital_camera_ffmpeg1;D26_V_outdoor_move_0002.mp4;False;1.0;1.0;1.0
DIGITAL_CAMERA_native;digital_camera_ffmpeg1;D27_V_indoor_move_0002.mp4;False;1.0;1.0;1.0
DIGITAL_CAMERA_native;digital_camera_ffmpeg1;D27_V_outdoor_move_0002.mp4;False;1.0;1.0;1.0
DIGITAL_CAMERA_native;digital_camera_ffmpeg1;D28_V_indoor_move_0002.mp4;False;1.0;1.0;1.0
DIGITAL_CAMERA_native;digital_camera_ffmpeg1;D28_V_outdoor_move_0002.mp4;False;1.0;1.0;1.0
DIGITAL_CAMERA_native;digital_camera_ffmpeg1;D29_V_indoor_move_0002.mp4;False;1.0;1.0;1.0
DIGITAL_CAMERA_native;digital_camera_ffmpeg1;D29_V_outdoor_move_0002.mp4;False;1.0;1.0;1.0
DIGITAL_CAMERA_native;digital_camera_ffmpeg1;D30_V_indoor_move_0002.mp4;False;1.0;1.0;1.0
DIGITAL_CAMERA_native;digital_camera_ffmpeg1;D30_V_outdoor_move_0002.mp4;False;1.0;1.0;1.0
DIGITAL_CAMERA_native;digital_camera_ffmpeg1;D31_V_indoor_move_0002.mp4;False;1.0;1.0;1.0
DIGITAL_CAMERA_native;digital_camera_ffmpeg1;D31_V_outdoor_move_0002.mp4;False;1.0;1.0;1.0
DIGITAL_CAMERA_native;digital_camera_ffmpeg1;D32_V_indoor_move_0002.mp4;False;1.0;1.0;1.0
DIGITAL_CAMERA_native;digital_camera_ffmpeg1;D32_V_outdoor_move_0002.mp4;False;1.0;1.0;1.0
DIGITAL_CAMERA_native;digital_camera_ffmpeg1;D33_V_indoor_move_0002.mp4;False;1.0;1.0;1.0
DIGITAL_CAMERA_native;digital_camera_ffmpeg1;D33_V_outdoor_move_0002.mp4;False;1.0;1.0;1.0
DIGITAL_CAMERA_native;digital_camera_ffmpeg1;D34_V_indoor_move_0002.mp4;False;1.0;1.0;1.0
DIGITAL_CAMERA_native;digital_camera_ffmpeg1;D34_V_outdoor_move_0002.mp4;False;1.0;1.0;1.0
DIGITAL_CAMERA_native;digital_camera_ffmpeg1;D35_V_outdoor_move_0002.mp4;False;1.0;1.0;1.0
DIGITAL_CAMERA_native;digital_camera_ffmpeg1;D35_V_outdoor_panrot_0002.mp4;False;1.0;1.0;1.0
DIGITAL_CAMERA_native;digital_camera_ffmpeg2;D01_V_indoor_move_0002.mp4;False;1.0;1.0;1.0
DIGITAL_CAMERA_native;digital_camera_ffmpeg2;D01_V_outdoor_move_0002.mp4;False;1.0;1.0;1.0
DIGITAL_CAMERA_native;digital_camera_ffmpeg2;D03_V_indoor_move_0002.mp4;False;1.0;1.0;1.0
DIGITAL_CAMERA_native;digital_camera_ffmpeg2;D03_V_outdoor_move_0002.mp4;False;1.0;1.0;1.0
DIGITAL_CAMERA_native;digital_camera_ffmpeg2;D04_V_indoor_move_0002.mp4;False;1.0;1.0;1.0
DIGITAL_CAMERA_native;digital_camera_ffmpeg2;D04_V_outdoor_move_0002.mp4;False;1.0;1.0;1.0
DIGITAL_CAMERA_native;digital_camera_ffmpeg2;D05_V_indoor_move_0002.mp4;False;1.0;1.0;1.0
DIGITAL_CAMERA_native;digital_camera_ffmpeg2;D05_V_outdoor_move_0002.mp4;False;1.0;1.0;1.0
DIGITAL_CAMERA_native;digital_camera_ffmpeg2;D06_V_indoor_move_0002.mp4;False;1.0;1.0;1.0
DIGITAL_CAMERA_native;digital_camera_ffmpeg2;D06_V_outdoor_move_0002.mp4;False;1.0;1.0;1.0
DIGITAL_CAMERA_native;digital_camera_ffmpeg2;D07_V_indoor_move_0002.mp4;False;1.0;1.0;1.0
DIGITAL_CAMERA_native;digital_camera_ffmpeg2;D07_V_outdoor_move_0002.mp4;False;1.0;1.0;1.0
DIGITAL_CAMERA_native;digital_camera_ffmpeg2;D08_V_indoor_move_0002.mp4;False;1.0;1.0;1.0
DIGITAL_CAMERA_native;digital_camera_ffmpeg2;D08_V_outdoor_move_0002.mp4;False;1.0;1.0;1.0
DIGITAL_CAMERA_native;digital_camera_ffmpeg2;D09_V_indoor_move_0002.mp4;False;1.0;1.0;1.0
DIGITAL_CAMERA_native;digital_camera_ffmpeg2;D09_V_outdoor_move_0002.mp4;False;1.0;1.0;1.0
DIGITAL_CAMERA_native;digital_camera_ffmpeg2;D10_V_indoor_move_0002.mp4;False;1.0;1.0;1.0
DIGITAL_CAMERA_native;digital_camera_ffmpeg2;D11_V_indoor_move_0002.mp4;False;1.0;1.0;1.0
DIGITAL_CAMERA_native;digital_camera_ffmpeg2;D11_V_outdoor_move_0002.mp4;False;1.0;1.0;1.0
DIGITAL_CAMERA_native;digital_camera_ffmpeg2;D12_V_indoor_move_0002.mp4;False;1.0;1.0;1.0
DIGITAL_CAMERA_native;digital_camera_ffmpeg2;D12_V_outdoor_move_0002.mp4;False;1.0;1.0;1.0
DIGITAL_CAMERA_native;digital_camera_ffmpeg2;D13_V_indoor_move_0002.mp4;False;1.0;1.0;1.0
DIGITAL_CAMERA_native;digital_camera_ffmpeg2;D13_V_outdoor_move_0002.mp4;False;1.0;1.0;1.0
DIGITAL_CAMERA_native;digital_camera_ffmpeg2;D14_V_indoor_move_0002.mp4;False;1.0;1.0;1.0
DIGITAL_CAMERA_native;digital_camera_ffmpeg2;D14_V_outdoor_move_0002.mp4;False;1.0;1.0;1.0
DIGITAL_CAMERA_native;digital_camera_ffmpeg2;D15_V_indoor_move_0002.mp4;False;1.0;1.0;1.0
DIGITAL_CAMERA_native;digital_camera_ffmpeg2;D15_V_outdoor_move_0002.mp4;False;1.0;1.0;1.0
DIGITAL_CAMERA_native;digital_camera_ffmpeg2;D16_V_indoor_move_0002.mp4;False;1.0;1.0;1.0
DIGITAL_CAMERA_native;digital_camera_ffmpeg2;D16_V_outdoor_move_0002.mp4;False;1.0;1.0;1.0
DIGITAL_CAMERA_native;digital_camera_ffmpeg2;D19_V_indoor_move_0002.mp4;False;1.0;1.0;1.0
DIGITAL_CAMERA_native;digital_camera_ffmpeg2;D19_V_outdoor_move_0002.mp4;False;1.0;1.0;1.0
DIGITAL_CAMERA_native;digital_camera_ffmpeg2;D20_V_indoor_move_0002.mp4;False;1.0;1.0;1.0
DIGITAL_CAMERA_native;digital_camera_ffmpeg2;D20_V_outdoor_move_0002.mp4;False;1.0;1.0;1.0
DIGITAL_CAMERA_native;digital_camera_ffmpeg2;D22_V_indoor_move_0002.mp4;False;1.0;1.0;1.0
DIGITAL_CAMERA_native;digital_camera_ffmpeg2;D22_V_outdoor_move_0002.mp4;False;1.0;1.0;1.0
DIGITAL_CAMERA_native;digital_camera_ffmpeg2;D23_V_indoor_move_0002.mp4;False;1.0;1.0;1.0
DIGITAL_CAMERA_native;digital_camera_ffmpeg2;D23_V_outdoor_move_0002.mp4;False;1.0;1.0;1.0
DIGITAL_CAMERA_native;digital_camera_ffmpeg2;D24_V_indoor_move_0002.mp4;False;1.0;1.0;1.0
DIGITAL_CAMERA_native;digital_camera_ffmpeg2;D24_V_outdoor_move_0002.mp4;False;1.0;1.0;1.0
DIGITAL_CAMERA_native;digital_camera_ffmpeg2;D25_V_indoor_move_0002.mp4;False;1.0;1.0;1.0
DIGITAL_CAMERA_native;digital_camera_ffmpeg2;D25_V_outdoor_move_0002.mp4;False;1.0;1.0;1.0
DIGITAL_CAMERA_native;digital_camera_ffmpeg2;D26_V_indoor_move_0002.mp4;False;1.0;1.0;1.0
DIGITAL_CAMERA_native;digital_camera_ffmpeg2;D26_V_outdoor_move_0002.mp4;False;1.0;1.0;1.0
DIGITAL_CAMERA_native;digital_camera_ffmpeg2;D27_V_indoor_move_0002.mp4;False;1.0;1.0;1.0
DIGITAL_CAMERA_native;digital_camera_ffmpeg2;D27_V_outdoor_move_0002.mp4;False;1.0;1.0;1.0
DIGITAL_CAMERA_native;digital_camera_ffmpeg2;D28_V_indoor_move_0002.mp4;False;1.0;1.0;1.0
DIGITAL_CAMERA_native;digital_camera_ffmpeg2;D28_V_outdoor_move_0002.mp4;False;1.0;1.0;1.0
DIGITAL_CAMERA_native;digital_camera_ffmpeg2;D29_V_indoor_move_0002.mp4;False;1.0;1.0;1.0
DIGITAL_CAMERA_native;digital_camera_ffmpeg2;D29_V_outdoor_move_0002.mp4;False;1.0;1.0;1.0
DIGITAL_CAMERA_native;digital_camera_ffmpeg2;D30_V_indoor_move_0002.mp4;False;1.0;1.0;1.0
DIGITAL_CAMERA_native;digital_camera_ffmpeg2;D30_V_outdoor_move_0002.mp4;False;1.0;1.0;1.0
DIGITAL_CAMERA_native;digital_camera_ffmpeg2;D31_V_indoor_move_0002.mp4;False;1.0;1.0;1.0
DIGITAL_CAMERA_native;digital_camera_ffmpeg2;D31_V_outdoor_move_0002.mp4;False;1.0;1.0;1.0
DIGITAL_CAMERA_native;digital_camera_ffmpeg2;D32_V_indoor_move_0002.mp4;False;1.0;1.0;1.0
DIGITAL_CAMERA_native;digital_camera_ffmpeg2;D32_V_outdoor_move_0002.mp4;False;1.0;1.0;1.0
DIGITAL_CAMERA_native;digital_camera_ffmpeg2;D33_V_indoor_move_0002.mp4;False;1.0;1.0;1.0
DIGITAL_CAMERA_native;digital_camera_ffmpeg2;D33_V_outdoor_move_0002.mp4;False;1.0;1.0;1.0
DIGITAL_CAMERA_native;digital_camera_ffmpeg2;D34_V_indoor_move_0002.mp4;False;1.0;1.0;1.0
DIGITAL_CAMERA_native;digital_camera_ffmpeg2;D34_V_outdoor_move_0002.mp4;False;1.0;1.0;1.0
DIGITAL_CAMERA_native;digital_camera_ffmpeg2;D35_V_outdoor_move_0002.mp4;False;1.0;1.0;1.0
DIGITAL_CAMERA_native;digital_camera_ffmpeg2;D35_V_outdoor_panrot_0002.mp4;False;1.0;1.0;1.0
DIGITAL_CAMERA_native;digital_camera_ffmpeg3;D01_V_indoor_move_0002.mp4;False;1.0;1.0;1.0
DIGITAL_CAMERA_native;digital_camera_ffmpeg3;D01_V_outdoor_move_0002.mp4;False;1.0;1.0;1.0
DIGITAL_CAMERA_native;digital_camera_ffmpeg3;D03_V_indoor_move_0002.mp4;False;1.0;1.0;1.0
DIGITAL_CAMERA_native;digital_camera_ffmpeg3;D03_V_outdoor_move_0002.mp4;False;1.0;1.0;1.0
DIGITAL_CAMERA_native;digital_camera_ffmpeg3;D04_V_indoor_move_0002.mp4;False;1.0;1.0;1.0
DIGITAL_CAMERA_native;digital_camera_ffmpeg3;D04_V_outdoor_move_0002.mp4;False;1.0;1.0;1.0
DIGITAL_CAMERA_native;digital_camera_ffmpeg3;D05_V_indoor_move_0002.mp4;False;1.0;1.0;1.0
DIGITAL_CAMERA_native;digital_camera_ffmpeg3;D05_V_outdoor_move_0002.mp4;False;1.0;1.0;1.0
DIGITAL_CAMERA_native;digital_camera_ffmpeg3;D06_V_indoor_move_0002.mp4;False;1.0;1.0;1.0
DIGITAL_CAMERA_native;digital_camera_ffmpeg3;D06_V_outdoor_move_0002.mp4;False;1.0;1.0;1.0
DIGITAL_CAMERA_native;digital_camera_ffmpeg3;D07_V_indoor_move_0002.mp4;False;1.0;1.0;1.0
DIGITAL_CAMERA_native;digital_camera_ffmpeg3;D07_V_outdoor_move_0002.mp4;False;1.0;1.0;1.0
DIGITAL_CAMERA_native;digital_camera_ffmpeg3;D08_V_indoor_move_0002.mp4;False;1.0;1.0;1.0
DIGITAL_CAMERA_native;digital_camera_ffmpeg3;D08_V_outdoor_move_0002.mp4;False;1.0;1.0;1.0
DIGITAL_CAMERA_native;digital_camera_ffmpeg3;D09_V_indoor_move_0002.mp4;False;1.0;1.0;1.0
DIGITAL_CAMERA_native;digital_camera_ffmpeg3;D09_V_outdoor_move_0002.mp4;False;1.0;1.0;1.0
DIGITAL_CAMERA_native;digital_camera_ffmpeg3;D10_V_indoor_move_0002.mp4;False;1.0;1.0;1.0
DIGITAL_CAMERA_native;digital_camera_ffmpeg3;D11_V_indoor_move_0002.mp4;False;1.0;1.0;1.0
DIGITAL_CAMERA_native;digital_camera_ffmpeg3;D11_V_outdoor_move_0002.mp4;False;1.0;1.0;1.0
DIGITAL_CAMERA_native;digital_camera_ffmpeg3;D12_V_indoor_move_0002.mp4;False;1.0;1.0;1.0
DIGITAL_CAMERA_native;digital_camera_ffmpeg3;D12_V_outdoor_move_0002.mp4;False;1.0;1.0;1.0
DIGITAL_CAMERA_native;digital_camera_ffmpeg3;D13_V_indoor_move_0002.mp4;False;1.0;1.0;1.0
DIGITAL_CAMERA_native;digital_camera_ffmpeg3;D13_V_outdoor_move_0002.mp4;False;1.0;1.0;1.0
DIGITAL_CAMERA_native;digital_camera_ffmpeg3;D14_V_indoor_move_0002.mp4;False;1.0;1.0;1.0
DIGITAL_CAMERA_native;digital_camera_ffmpeg3;D14_V_outdoor_move_0002.mp4;False;1.0;1.0;1.0
DIGITAL_CAMERA_native;digital_camera_ffmpeg3;D15_V_indoor_move_0002.mp4;False;1.0;1.0;1.0
DIGITAL_CAMERA_native;digital_camera_ffmpeg3;D15_V_outdoor_move_0002.mp4;False;1.0;1.0;1.0
DIGITAL_CAMERA_native;digital_camera_ffmpeg3;D16_V_indoor_move_0002.mp4;False;1.0;1.0;1.0
DIGITAL_CAMERA_native;digital_camera_ffmpeg3;D16_V_outdoor_move_0002.mp4;False;1.0;1.0;1.0
DIGITAL_CAMERA_native;digital_camera_ffmpeg3;D19_V_indoor_move_0002.mp4;False;1.0;1.0;1.0
DIGITAL_CAMERA_native;digital_camera_ffmpeg3;D19_V_outdoor_move_0002.mp4;False;1.0;1.0;1.0
DIGITAL_CAMERA_native;digital_camera_ffmpeg3;D20_V_indoor_move_0002.mp4;False;1.0;1.0;1.0
DIGITAL_CAMERA_native;digital_camera_ffmpeg3;D20_V_outdoor_move_0002.mp4;False;1.0;1.0;1.0
DIGITAL_CAMERA_native;digital_camera_ffmpeg3;D22_V_indoor_move_0002.mp4;False;1.0;1.0;1.0
DIGITAL_CAMERA_native;digital_camera_ffmpeg3;D22_V_outdoor_move_0002.mp4;False;1.0;1.0;1.0
DIGITAL_CAMERA_native;digital_camera_ffmpeg3;D23_V_indoor_move_0002.mp4;False;1.0;1.0;1.0
DIGITAL_CAMERA_native;digital_camera_ffmpeg3;D23_V_outdoor_move_0002.mp4;False;1.0;1.0;1.0
DIGITAL_CAMERA_native;digital_camera_ffmpeg3;D24_V_indoor_move_0002.mp4;False;1.0;1.0;1.0
DIGITAL_CAMERA_native;digital_camera_ffmpeg3;D24_V_outdoor_move_0002.mp4;False;1.0;1.0;1.0
DIGITAL_CAMERA_native;digital_camera_ffmpeg3;D25_V_indoor_move_0002.mp4;False;1.0;1.0;1.0
DIGITAL_CAMERA_native;digital_camera_ffmpeg3;D25_V_outdoor_move_0002.mp4;False;1.0;1.0;1.0
DIGITAL_CAMERA_native;digital_camera_ffmpeg3;D26_V_indoor_move_0002.mp4;False;1.0;1.0;1.0
DIGITAL_CAMERA_native;digital_camera_ffmpeg3;D26_V_outdoor_move_0002.mp4;False;1.0;1.0;1.0
DIGITAL_CAMERA_native;digital_camera_ffmpeg3;D27_V_indoor_move_0002.mp4;False;1.0;1.0;1.0
DIGITAL_CAMERA_native;digital_camera_ffmpeg3;D27_V_outdoor_move_0002.mp4;False;1.0;1.0;1.0
DIGITAL_CAMERA_native;digital_camera_ffmpeg3;D28_V_indoor_move_0002.mp4;False;1.0;1.0;1.0
DIGITAL_CAMERA_native;digital_camera_ffmpeg3;D28_V_outdoor_move_0002.mp4;False;1.0;1.0;1.0
DIGITAL_CAMERA_native;digital_camera_ffmpeg3;D29_V_indoor_move_0002.mp4;False;1.0;1.0;1.0
DIGITAL_CAMERA_native;digital_camera_ffmpeg3;D29_V_outdoor_move_0002.mp4;False;1.0;1.0;1.0
DIGITAL_CAMERA_native;digital_camera_ffmpeg3;D30_V_indoor_move_0002.mp4;False;1.0;1.0;1.0
DIGITAL_CAMERA_native;digital_camera_ffmpeg3;D30_V_outdoor_move_0002.mp4;False;1.0;1.0;1.0
DIGITAL_CAMERA_native;digital_camera_ffmpeg3;D31_V_indoor_move_0002.mp4;False;1.0;1.0;1.0
DIGITAL_CAMERA_native;digital_camera_ffmpeg3;D31_V_outdoor_move_0002.mp4;False;1.0;1.0;1.0
DIGITAL_CAMERA_native;digital_camera_ffmpeg3;D32_V_indoor_move_0002.mp4;False;1.0;1.0;1.0
DIGITAL_CAMERA_native;digital_camera_ffmpeg3;D32_V_outdoor_move_0002.mp4;False;1.0;1.0;1.0
DIGITAL_CAMERA_native;digital_camera_ffmpeg3;D33_V_indoor_move_0002.mp4;False;1.0;1.0;1.0
DIGITAL_CAMERA_native;digital_camera_ffmpeg3;D33_V_outdoor_move_0002.mp4;False;1.0;1.0;1.0
DIGITAL_CAMERA_native;digital_camera_ffmpeg3;D34_V_indoor_move_0002.mp4;False;1.0;1.0;1.0
DIGITAL_CAMERA_native;digital_camera_ffmpeg3;D34_V_outdoor_move_0002.mp4;False;1.0;1.0;1.0
DIGITAL_CAMERA_native;digital_camera_ffmpeg3;D35_V_outdoor_move_0002.mp4;False;1.0;1.0;1.0
DIGITAL_CAMERA_native;digital_camera_ffmpeg3;D35_V_outdoor_panrot_0002.mp4;False;1.0;1.0;1.0
DIGITAL_CAMERA_native;digital_camera_ffmpeg4;D01_V_indoor_move_0002.mp4;False;1.0;1.0;1.0
DIGITAL_CAMERA_native;digital_camera_ffmpeg4;D01_V_outdoor_move_0002.mp4;False;1.0;1.0;1.0
DIGITAL_CAMERA_native;digital_camera_ffmpeg4;D03_V_indoor_move_0002.mp4;False;1.0;1.0;1.0
DIGITAL_CAMERA_native;digital_camera_ffmpeg4;D03_V_outdoor_move_0002.mp4;False;1.0;1.0;1.0
DIGITAL_CAMERA_native;digital_camera_ffmpeg4;D04_V_indoor_move_0002.mp4;False;1.0;1.0;1.0
DIGITAL_CAMERA_native;digital_camera_ffmpeg4;D04_V_outdoor_move_0002.mp4;False;1.0;1.0;1.0
DIGITAL_CAMERA_native;digital_camera_ffmpeg4;D05_V_indoor_move_0002.mp4;False;1.0;1.0;1.0
DIGITAL_CAMERA_native;digital_camera_ffmpeg4;D05_V_outdoor_move_0002.mp4;False;1.0;1.0;1.0
DIGITAL_CAMERA_native;digital_camera_ffmpeg4;D06_V_indoor_move_0002.mp4;False;1.0;1.0;1.0
DIGITAL_CAMERA_native;digital_camera_ffmpeg4;D06_V_outdoor_move_0002.mp4;False;1.0;1.0;1.0
DIGITAL_CAMERA_native;digital_camera_ffmpeg4;D07_V_indoor_move_0002.mp4;False;1.0;1.0;1.0
DIGITAL_CAMERA_native;digital_camera_ffmpeg4;D07_V_outdoor_move_0002.mp4;False;1.0;1.0;1.0
DIGITAL_CAMERA_native;digital_camera_ffmpeg4;D08_V_indoor_move_0002.mp4;False;1.0;1.0;1.0
DIGITAL_CAMERA_native;digital_camera_ffmpeg4;D08_V_outdoor_move_0002.mp4;False;1.0;1.0;1.0
DIGITAL_CAMERA_native;digital_camera_ffmpeg4;D09_V_indoor_move_0002.mp4;False;1.0;1.0;1.0
DIGITAL_CAMERA_native;digital_camera_ffmpeg4;D09_V_outdoor_move_0002.mp4;False;1.0;1.0;1.0
DIGITAL_CAMERA_native;digital_camera_ffmpeg4;D10_V_indoor_move_0002.mp4;False;1.0;1.0;1.0
DIGITAL_CAMERA_native;digital_camera_ffmpeg4;D11_V_indoor_move_0002.mp4;False;1.0;1.0;1.0
DIGITAL_CAMERA_native;digital_camera_ffmpeg4;D11_V_outdoor_move_0002.mp4;False;1.0;1.0;1.0
DIGITAL_CAMERA_native;digital_camera_ffmpeg4;D12_V_indoor_move_0002.mp4;False;1.0;1.0;1.0
DIGITAL_CAMERA_native;digital_camera_ffmpeg4;D12_V_outdoor_move_0002.mp4;False;1.0;1.0;1.0
DIGITAL_CAMERA_native;digital_camera_ffmpeg4;D13_V_indoor_move_0002.mp4;False;1.0;1.0;1.0
DIGITAL_CAMERA_native;digital_camera_ffmpeg4;D13_V_outdoor_move_0002.mp4;False;1.0;1.0;1.0
DIGITAL_CAMERA_native;digital_camera_ffmpeg4;D14_V_indoor_move_0002.mp4;False;1.0;1.0;1.0
DIGITAL_CAMERA_native;digital_camera_ffmpeg4;D14_V_outdoor_move_0002.mp4;False;1.0;1.0;1.0
DIGITAL_CAMERA_native;digital_camera_ffmpeg4;D15_V_indoor_move_0002.mp4;False;1.0;1.0;1.0
DIGITAL_CAMERA_native;digital_camera_ffmpeg4;D15_V_outdoor_move_0002.mp4;False;1.0;1.0;1.0
DIGITAL_CAMERA_native;digital_camera_ffmpeg4;D16_V_indoor_move_0002.mp4;False;1.0;1.0;1.0
DIGITAL_CAMERA_native;digital_camera_ffmpeg4;D16_V_outdoor_move_0002.mp4;False;1.0;1.0;1.0
DIGITAL_CAMERA_native;digital_camera_ffmpeg4;D19_V_indoor_move_0002.mp4;False;1.0;1.0;1.0
DIGITAL_CAMERA_native;digital_camera_ffmpeg4;D19_V_outdoor_move_0002.mp4;False;1.0;1.0;1.0
DIGITAL_CAMERA_native;digital_camera_ffmpeg4;D20_V_indoor_move_0002.mp4;False;1.0;1.0;1.0
DIGITAL_CAMERA_native;digital_camera_ffmpeg4;D20_V_outdoor_move_0002.mp4;False;1.0;1.0;1.0
DIGITAL_CAMERA_native;digital_camera_ffmpeg4;D22_V_indoor_move_0002.mp4;False;1.0;1.0;1.0
DIGITAL_CAMERA_native;digital_camera_ffmpeg4;D22_V_outdoor_move_0002.mp4;False;1.0;1.0;1.0
DIGITAL_CAMERA_native;digital_camera_ffmpeg4;D23_V_indoor_move_0002.mp4;False;1.0;1.0;1.0
DIGITAL_CAMERA_native;digital_camera_ffmpeg4;D23_V_outdoor_move_0002.mp4;False;1.0;1.0;1.0
DIGITAL_CAMERA_native;digital_camera_ffmpeg4;D24_V_indoor_move_0002.mp4;False;1.0;1.0;1.0
DIGITAL_CAMERA_native;digital_camera_ffmpeg4;D24_V_outdoor_move_0002.mp4;False;1.0;1.0;1.0
DIGITAL_CAMERA_native;digital_camera_ffmpeg4;D25_V_indoor_move_0002.mp4;False;1.0;1.0;1.0
DIGITAL_CAMERA_native;digital_camera_ffmpeg4;D25_V_outdoor_move_0002.mp4;False;1.0;1.0;1.0
DIGITAL_CAMERA_native;digital_camera_ffmpeg4;D26_V_indoor_move_0002.mp4;False;1.0;1.0;1.0
DIGITAL_CAMERA_native;digital_camera_ffmpeg4;D26_V_outdoor_move_0002.mp4;False;1.0;1.0;1.0
DIGITAL_CAMERA_native;digital_camera_ffmpeg4;D27_V_indoor_move_0002.mp4;False;1.0;1.0;1.0
DIGITAL_CAMERA_native;digital_camera_ffmpeg4;D27_V_outdoor_move_0002.mp4;False;1.0;1.0;1.0
DIGITAL_CAMERA_native;digital_camera_ffmpeg4;D28_V_indoor_move_0002.mp4;False;1.0;1.0;1.0
DIGITAL_CAMERA_native;digital_camera_ffmpeg4;D28_V_outdoor_move_0002.mp4;False;1.0;1.0;1.0
DIGITAL_CAMERA_native;digital_camera_ffmpeg4;D29_V_indoor_move_0002.mp4;False;1.0;1.0;1.0
DIGITAL_CAMERA_native;digital_camera_ffmpeg4;D29_V_outdoor_move_0002.mp4;False;1.0;1.0;1.0
DIGITAL_CAMERA_native;digital_camera_ffmpeg4;D30_V_indoor_move_0002.mp4;False;1.0;1.0;1.0
DIGITAL_CAMERA_native;digital_camera_ffmpeg4;D30_V_outdoor_move_0002.mp4;False;1.0;1.0;1.0
DIGITAL_CAMERA_native;digital_camera_ffmpeg4;D31_V_indoor_move_0002.mp4;False;1.0;1.0;1.0
DIGITAL_CAMERA_native;digital_camera_ffmpeg4;D31_V_outdoor_move_0002.mp4;False;1.0;1.0;1.0
DIGITAL_CAMERA_native;digital_camera_ffmpeg4;D32_V_indoor_move_0002.mp4;False;1.0;1.0;1.0
DIGITAL_CAMERA_native;digital_camera_ffmpeg4;D32_V_outdoor_move_0002.mp4;False;1.0;1.0;1.0
DIGITAL_CAMERA_native;digital_camera_ffmpeg4;D33_V_indoor_move_0002.mp4;False;1.0;1.0;1.0
DIGITAL_CAMERA_native;digital_camera_ffmpeg4;D33_V_outdoor_move_0002.mp4;False;1.0;1.0;1.0
DIGITAL_CAMERA_native;digital_camera_ffmpeg4;D34_V_indoor_move_0002.mp4;False;1.0;1.0;1.0
DIGITAL_CAMERA_native;digital_camera_ffmpeg4;D34_V_outdoor_move_0002.mp4;False;1.0;1.0;1.0
DIGITAL_CAMERA_native;digital_camera_ffmpeg4;D35_V_outdoor_move_0002.mp4;False;1.0;1.0;1.0
DIGITAL_CAMERA_native;digital_camera_ffmpeg4;D35_V_outdoor_panrot_0002.mp4;False;1.0;1.0;1.0
DIGITAL_CAMERA_native;digital_camera_ffmpeg5;D01_V_indoor_move_0002.mp4;False;1.0;1.0;1.0
DIGITAL_CAMERA_native;digital_camera_ffmpeg5;D01_V_outdoor_move_0002.mp4;False;1.0;1.0;1.0
DIGITAL_CAMERA_native;digital_camera_ffmpeg5;D03_V_indoor_move_0002.mp4;False;1.0;1.0;1.0
DIGITAL_CAMERA_native;digital_camera_ffmpeg5;D03_V_outdoor_move_0002.mp4;False;1.0;1.0;1.0
DIGITAL_CAMERA_native;digital_camera_ffmpeg5;D04_V_indoor_move_0002.mp4;False;1.0;1.0;1.0
DIGITAL_CAMERA_native;digital_camera_ffmpeg5;D04_V_outdoor_move_0002.mp4;False;1.0;1.0;1.0
DIGITAL_CAMERA_native;digital_camera_ffmpeg5;D05_V_indoor_move_0002.mp4;False;1.0;1.0;1.0
DIGITAL_CAMERA_native;digital_camera_ffmpeg5;D05_V_outdoor_move_0002.mp4;False;1.0;1.0;1.0
DIGITAL_CAMERA_native;digital_camera_ffmpeg5;D06_V_indoor_move_0002.mp4;False;1.0;1.0;1.0
DIGITAL_CAMERA_native;digital_camera_ffmpeg5;D06_V_outdoor_move_0002.mp4;False;1.0;1.0;1.0
DIGITAL_CAMERA_native;digital_camera_ffmpeg5;D07_V_indoor_move_0002.mp4;False;1.0;1.0;1.0
DIGITAL_CAMERA_native;digital_camera_ffmpeg5;D07_V_outdoor_move_0002.mp4;False;1.0;1.0;1.0
DIGITAL_CAMERA_native;digital_camera_ffmpeg5;D08_V_indoor_move_0002.mp4;False;1.0;1.0;1.0
DIGITAL_CAMERA_native;digital_camera_ffmpeg5;D08_V_outdoor_move_0002.mp4;False;1.0;1.0;1.0
DIGITAL_CAMERA_native;digital_camera_ffmpeg5;D09_V_indoor_move_0002.mp4;False;1.0;1.0;1.0
DIGITAL_CAMERA_native;digital_camera_ffmpeg5;D09_V_outdoor_move_0002.mp4;False;1.0;1.0;1.0
DIGITAL_CAMERA_native;digital_camera_ffmpeg5;D10_V_indoor_move_0002.mp4;False;1.0;1.0;1.0
DIGITAL_CAMERA_native;digital_camera_ffmpeg5;D11_V_indoor_move_0002.mp4;False;1.0;1.0;1.0
DIGITAL_CAMERA_native;digital_camera_ffmpeg5;D11_V_outdoor_move_0002.mp4;False;1.0;1.0;1.0
DIGITAL_CAMERA_native;digital_camera_ffmpeg5;D12_V_indoor_move_0002.mp4;False;1.0;1.0;1.0
DIGITAL_CAMERA_native;digital_camera_ffmpeg5;D12_V_outdoor_move_0002.mp4;False;1.0;1.0;1.0
DIGITAL_CAMERA_native;digital_camera_ffmpeg5;D13_V_indoor_move_0002.mp4;False;1.0;1.0;1.0
DIGITAL_CAMERA_native;digital_camera_ffmpeg5;D13_V_outdoor_move_0002.mp4;False;1.0;1.0;1.0
DIGITAL_CAMERA_native;digital_camera_ffmpeg5;D14_V_indoor_move_0002.mp4;False;1.0;1.0;1.0
DIGITAL_CAMERA_native;digital_camera_ffmpeg5;D14_V_outdoor_move_0002.mp4;False;1.0;1.0;1.0
DIGITAL_CAMERA_native;digital_camera_ffmpeg5;D15_V_indoor_move_0002.mp4;False;1.0;1.0;1.0
DIGITAL_CAMERA_native;digital_camera_ffmpeg5;D15_V_outdoor_move_0002.mp4;False;1.0;1.0;1.0
DIGITAL_CAMERA_native;digital_camera_ffmpeg5;D16_V_indoor_move_0002.mp4;False;1.0;1.0;1.0
DIGITAL_CAMERA_native;digital_camera_ffmpeg5;D16_V_outdoor_move_0002.mp4;False;1.0;1.0;1.0
DIGITAL_CAMERA_native;digital_camera_ffmpeg5;D19_V_indoor_move_0002.mp4;False;1.0;1.0;1.0
DIGITAL_CAMERA_native;digital_camera_ffmpeg5;D19_V_outdoor_move_0002.mp4;False;1.0;1.0;1.0
DIGITAL_CAMERA_native;digital_camera_ffmpeg5;D20_V_indoor_move_0002.mp4;False;1.0;1.0;1.0
DIGITAL_CAMERA_native;digital_camera_ffmpeg5;D20_V_outdoor_move_0002.mp4;False;1.0;1.0;1.0
DIGITAL_CAMERA_native;digital_camera_ffmpeg5;D22_V_indoor_move_0002.mp4;False;1.0;1.0;1.0
DIGITAL_CAMERA_native;digital_camera_ffmpeg5;D22_V_outdoor_move_0002.mp4;False;1.0;1.0;1.0
DIGITAL_CAMERA_native;digital_camera_ffmpeg5;D23_V_indoor_move_0002.mp4;False;1.0;1.0;1.0
DIGITAL_CAMERA_native;digital_camera_ffmpeg5;D23_V_outdoor_move_0002.mp4;False;1.0;1.0;1.0
DIGITAL_CAMERA_native;digital_camera_ffmpeg5;D24_V_indoor_move_0002.mp4;False;1.0;1.0;1.0
DIGITAL_CAMERA_native;digital_camera_ffmpeg5;D24_V_outdoor_move_0002.mp4;False;1.0;1.0;1.0
DIGITAL_CAMERA_native;digital_camera_ffmpeg5;D25_V_indoor_move_0002.mp4;False;1.0;1.0;1.0
DIGITAL_CAMERA_native;digital_camera_ffmpeg5;D25_V_outdoor_move_0002.mp4;False;1.0;1.0;1.0
DIGITAL_CAMERA_native;digital_camera_ffmpeg5;D26_V_indoor_move_0002.mp4;False;1.0;1.0;1.0
DIGITAL_CAMERA_native;digital_camera_ffmpeg5;D26_V_outdoor_move_0002.mp4;False;1.0;1.0;1.0
DIGITAL_CAMERA_native;digital_camera_ffmpeg5;D27_V_indoor_move_0002.mp4;False;1.0;1.0;1.0
DIGITAL_CAMERA_native;digital_camera_ffmpeg5;D27_V_outdoor_move_0002.mp4;False;1.0;1.0;1.0
DIGITAL_CAMERA_native;digital_camera_ffmpeg5;D28_V_indoor_move_0002.mp4;False;1.0;1.0;1.0
DIGITAL_CAMERA_native;digital_camera_ffmpeg5;D28_V_outdoor_move_0002.mp4;False;1.0;1.0;1.0
DIGITAL_CAMERA_native;digital_camera_ffmpeg5;D29_V_indoor_move_0002.mp4;False;1.0;1.0;1.0
DIGITAL_CAMERA_native;digital_camera_ffmpeg5;D29_V_outdoor_move_0002.mp4;False;1.0;1.0;1.0
DIGITAL_CAMERA_native;digital_camera_ffmpeg5;D30_V_indoor_move_0002.mp4;False;1.0;1.0;1.0
DIGITAL_CAMERA_native;digital_camera_ffmpeg5;D30_V_outdoor_move_0002.mp4;False;1.0;1.0;1.0
DIGITAL_CAMERA_native;digital_camera_ffmpeg5;D31_V_indoor_move_0002.mp4;False;1.0;1.0;1.0
DIGITAL_CAMERA_native;digital_camera_ffmpeg5;D31_V_outdoor_move_0002.mp4;False;1.0;1.0;1.0
DIGITAL_CAMERA_native;digital_camera_ffmpeg5;D32_V_indoor_move_0002.mp4;False;1.0;1.0;1.0
DIGITAL_CAMERA_native;digital_camera_ffmpeg5;D32_V_outdoor_move_0002.mp4;False;1.0;1.0;1.0
DIGITAL_CAMERA_native;digital_camera_ffmpeg5;D33_V_indoor_move_0002.mp4;False;1.0;1.0;1.0
DIGITAL_CAMERA_native;digital_camera_ffmpeg5;D33_V_outdoor_move_0002.mp4;False;1.0;1.0;1.0
DIGITAL_CAMERA_native;digital_camera_ffmpeg5;D34_V_indoor_move_0002.mp4;False;1.0;1.0;1.0
DIGITAL_CAMERA_native;digital_camera_ffmpeg5;D34_V_outdoor_move_0002.mp4;False;1.0;1.0;1.0
DIGITAL_CAMERA_native;digital_camera_ffmpeg5;D35_V_outdoor_move_0002.mp4;False;1.0;1.0;1.0
DIGITAL_CAMERA_native;digital_camera_ffmpeg5;D35_V_outdoor_panrot_0002.mp4;False;1.0;1.0;1.0
DIGITAL_CAMERA_native;digital_camera_kdenlive;D01_V_indoor_move_0002.mp4;False;1.0;1.0;1.0
DIGITAL_CAMERA_native;digital_camera_kdenlive;D01_V_outdoor_move_0002.mp4;False;1.0;1.0;1.0
DIGITAL_CAMERA_native;digital_camera_kdenlive;D03_V_indoor_move_0002.mp4;False;1.0;1.0;1.0
DIGITAL_CAMERA_native;digital_camera_kdenlive;D03_V_outdoor_move_0002.mp4;False;1.0;1.0;1.0
DIGITAL_CAMERA_native;digital_camera_kdenlive;D04_V_indoor_move_0002.mp4;False;1.0;1.0;1.0
DIGITAL_CAMERA_native;digital_camera_kdenlive;D04_V_outdoor_move_0002.mp4;False;1.0;1.0;1.0
DIGITAL_CAMERA_native;digital_camera_kdenlive;D05_V_indoor_move_0002.mp4;False;1.0;1.0;1.0
DIGITAL_CAMERA_native;digital_camera_kdenlive;D05_V_outdoor_move_0002.mp4;False;1.0;1.0;1.0
DIGITAL_CAMERA_native;digital_camera_kdenlive;D06_V_indoor_move_0002.mp4;False;1.0;1.0;1.0
DIGITAL_CAMERA_native;digital_camera_kdenlive;D06_V_outdoor_move_0002.mp4;False;1.0;1.0;1.0
DIGITAL_CAMERA_native;digital_camera_kdenlive;D07_V_indoor_move_0002.mp4;False;1.0;1.0;1.0
DIGITAL_CAMERA_native;digital_camera_kdenlive;D07_V_outdoor_move_0002.mp4;False;1.0;1.0;1.0
DIGITAL_CAMERA_native;digital_camera_kdenlive;D08_V_indoor_move_0002.mp4;False;1.0;1.0;1.0
DIGITAL_CAMERA_native;digital_camera_kdenlive;D08_V_outdoor_move_0002.mp4;False;1.0;1.0;1.0
DIGITAL_CAMERA_native;digital_camera_kdenlive;D09_V_indoor_move_0002.mp4;False;1.0;1.0;1.0
DIGITAL_CAMERA_native;digital_camera_kdenlive;D09_V_outdoor_move_0002.mp4;False;1.0;1.0;1.0
DIGITAL_CAMERA_native;digital_camera_kdenlive;D10_V_indoor_move_0002.mp4;False;1.0;1.0;1.0
DIGITAL_CAMERA_native;digital_camera_kdenlive;D11_V_indoor_move_0002.mp4;False;1.0;1.0;1.0
DIGITAL_CAMERA_native;digital_camera_kdenlive;D11_V_outdoor_move_0002.mp4;False;1.0;1.0;1.0
DIGITAL_CAMERA_native;digital_camera_kdenlive;D12_V_indoor_move_0002.mp4;False;1.0;1.0;1.0
DIGITAL_CAMERA_native;digital_camera_kdenlive;D12_V_outdoor_move_0002.mp4;False;1.0;1.0;1.0
DIGITAL_CAMERA_native;digital_camera_kdenlive;D13_V_indoor_move_0002.mp4;False;1.0;1.0;1.0
DIGITAL_CAMERA_native;digital_camera_kdenlive;D13_V_outdoor_move_0002.mp4;False;1.0;1.0;1.0
DIGITAL_CAMERA_native;digital_camera_kdenlive;D14_V_indoor_move_0002.mp4;False;1.0;1.0;1.0
DIGITAL_CAMERA_native;digital_camera_kdenlive;D14_V_outdoor_move_0002.mp4;False;1.0;1.0;1.0
DIGITAL_CAMERA_native;digital_camera_kdenlive;D15_V_indoor_move_0002.mp4;False;1.0;1.0;1.0
DIGITAL_CAMERA_native;digital_camera_kdenlive;D15_V_outdoor_move_0002.mp4;False;1.0;1.0;1.0
DIGITAL_CAMERA_native;digital_camera_kdenlive;D16_V_indoor_move_0002.mp4;False;1.0;1.0;1.0
DIGITAL_CAMERA_native;digital_camera_kdenlive;D16_V_outdoor_move_0002.mp4;False;1.0;1.0;1.0
DIGITAL_CAMERA_native;digital_camera_kdenlive;D19_V_indoor_move_0002.mp4;False;1.0;1.0;1.0
DIGITAL_CAMERA_native;digital_camera_kdenlive;D19_V_outdoor_move_0002.mp4;False;1.0;1.0;1.0
DIGITAL_CAMERA_native;digital_camera_kdenlive;D20_V_indoor_move_0002.mp4;False;1.0;1.0;1.0
DIGITAL_CAMERA_native;digital_camera_kdenlive;D20_V_outdoor_move_0002.mp4;False;1.0;1.0;1.0
DIGITAL_CAMERA_native;digital_camera_kdenlive;D22_V_indoor_move_0002.mp4;False;1.0;1.0;1.0
DIGITAL_CAMERA_native;digital_camera_kdenlive;D22_V_outdoor_move_0002.mp4;False;1.0;1.0;1.0
DIGITAL_CAMERA_native;digital_camera_kdenlive;D23_V_indoor_move_0002.mp4;False;1.0;1.0;1.0
DIGITAL_CAMERA_native;digital_camera_kdenlive;D23_V_outdoor_move_0002.mp4;False;1.0;1.0;1.0
DIGITAL_CAMERA_native;digital_camera_kdenlive;D24_V_indoor_move_0002.mp4;False;1.0;1.0;1.0
DIGITAL_CAMERA_native;digital_camera_kdenlive;D24_V_outdoor_move_0002.mp4;False;1.0;1.0;1.0
DIGITAL_CAMERA_native;digital_camera_kdenlive;D25_V_indoor_move_0002.mp4;False;1.0;1.0;1.0
DIGITAL_CAMERA_native;digital_camera_kdenlive;D25_V_outdoor_move_0002.mp4;False;1.0;1.0;1.0
DIGITAL_CAMERA_native;digital_camera_kdenlive;D26_V_indoor_move_0002.mp4;False;1.0;1.0;1.0
DIGITAL_CAMERA_native;digital_camera_kdenlive;D26_V_outdoor_move_0002.mp4;False;1.0;1.0;1.0
DIGITAL_CAMERA_native;digital_camera_kdenlive;D27_V_indoor_move_0002.mp4;False;1.0;1.0;1.0
DIGITAL_CAMERA_native;digital_camera_kdenlive;D27_V_outdoor_move_0002.mp4;False;1.0;1.0;1.0
DIGITAL_CAMERA_native;digital_camera_kdenlive;D28_V_indoor_move_0002.mp4;False;1.0;1.0;1.0
DIGITAL_CAMERA_native;digital_camera_kdenlive;D28_V_outdoor_move_0002.mp4;False;1.0;1.0;1.0
DIGITAL_CAMERA_native;digital_camera_kdenlive;D29_V_indoor_move_0002.mp4;False;1.0;1.0;1.0
DIGITAL_CAMERA_native;digital_camera_kdenlive;D29_V_outdoor_move_0002.mp4;False;1.0;1.0;1.0
DIGITAL_CAMERA_native;digital_camera_kdenlive;D30_V_indoor_move_0002.mp4;False;1.0;1.0;1.0
DIGITAL_CAMERA_native;digital_camera_kdenlive;D30_V_outdoor_move_0002.mp4;False;1.0;1.0;1.0
DIGITAL_CAMERA_native;digital_camera_kdenlive;D31_V_indoor_move_0002.mp4;False;1.0;1.0;1.0
DIGITAL_CAMERA_native;digital_camera_kdenlive;D31_V_outdoor_move_0002.mp4;False;1.0;1.0;1.0
DIGITAL_CAMERA_native;digital_camera_kdenlive;D32_V_indoor_move_0002.mp4;False;1.0;1.0;1.0
DIGITAL_CAMERA_native;digital_camera_kdenlive;D32_V_outdoor_move_0002.mp4;False;1.0;1.0;1.0
DIGITAL_CAMERA_native;digital_camera_kdenlive;D33_V_indoor_move_0002.mp4;False;1.0;1.0;1.0
DIGITAL_CAMERA_native;digital_camera_kdenlive;D33_V_outdoor_move_0002.mp4;False;1.0;1.0;1.0
DIGITAL_CAMERA_native;digital_camera_kdenlive;D34_V_indoor_move_0002.mp4;False;1.0;1.0;1.0
DIGITAL_CAMERA_native;digital_camera_kdenlive;D34_V_outdoor_move_0002.mp4;False;1.0;1.0;1.0
DIGITAL_CAMERA_native;digital_camera_kdenlive;D35_V_outdoor_move_0002.mp4;False;1.0;1.0;1.0
DIGITAL_CAMERA_native;digital_camera_kdenlive;D35_V_outdoor_panrot_0002.mp4;False;1.0;1.0;1.0
DIGITAL_CAMERA_native;digital_camera_native;D01_V_indoor_move_0002.mp4;True;1.0;1.0;1.0
DIGITAL_CAMERA_native;digital_camera_native;D01_V_outdoor_move_0002.mp4;True;1.0;1.0;1.0
DIGITAL_CAMERA_native;digital_camera_native;D03_V_indoor_move_0002.mp4;True;1.0;1.0;1.0
DIGITAL_CAMERA_native;digital_camera_native;D03_V_outdoor_move_0002.mp4;True;1.0;1.0;1.0
DIGITAL_CAMERA_native;digital_camera_native;D04_V_indoor_move_0002.mp4;True;1.0;1.0;1.0
DIGITAL_CAMERA_native;digital_camera_native;D04_V_outdoor_move_0002.mp4;True;1.0;1.0;1.0
DIGITAL_CAMERA_native;digital_camera_native;D05_V_indoor_move_0002.mp4;True;1.0;1.0;1.0
DIGITAL_CAMERA_native;digital_camera_native;D05_V_outdoor_move_0002.mp4;True;1.0;1.0;1.0
DIGITAL_CAMERA_native;digital_camera_native;D06_V_indoor_move_0002.mp4;True;1.0;1.0;1.0
DIGITAL_CAMERA_native;digital_camera_native;D06_V_outdoor_move_0002.mp4;True;1.0;1.0;1.0
DIGITAL_CAMERA_native;digital_camera_native;D07_V_indoor_move_0002.mp4;True;1.0;1.0;1.0
DIGITAL_CAMERA_native;digital_camera_native;D07_V_outdoor_move_0002.mp4;True;1.0;1.0;1.0
DIGITAL_CAMERA_native;digital_camera_native;D08_V_indoor_move_0002.mp4;True;1.0;1.0;1.0
DIGITAL_CAMERA_native;digital_camera_native;D08_V_outdoor_move_0002.mp4;True;1.0;1.0;1.0
DIGITAL_CAMERA_native;digital_camera_native;D09_V_indoor_move_0002.mp4;True;1.0;1.0;1.0
DIGITAL_CAMERA_native;digital_camera_native;D09_V_outdoor_move_0002.mp4;True;1.0;1.0;1.0
DIGITAL_CAMERA_native;digital_camera_native;D10_V_indoor_move_0002.mp4;True;1.0;1.0;1.0
DIGITAL_CAMERA_native;digital_camera_native;D11_V_indoor_move_0002.mp4;True;1.0;1.0;1.0
DIGITAL_CAMERA_native;digital_camera_native;D11_V_outdoor_move_0002.mp4;True;1.0;1.0;1.0
DIGITAL_CAMERA_native;digital_camera_native;D12_V_indoor_move_0002.mp4;True;1.0;1.0;1.0
DIGITAL_CAMERA_native;digital_camera_native;D12_V_outdoor_move_0002.mp4;True;1.0;1.0;1.0
DIGITAL_CAMERA_native;digital_camera_native;D13_V_indoor_move_0002.mp4;True;1.0;1.0;1.0
DIGITAL_CAMERA_native;digital_camera_native;D13_V_outdoor_move_0002.mp4;True;1.0;1.0;1.0
DIGITAL_CAMERA_native;digital_camera_native;D14_V_indoor_move_0002.mp4;True;1.0;1.0;1.0
DIGITAL_CAMERA_native;digital_camera_native;D14_V_outdoor_move_0002.mp4;True;1.0;1.0;1.0
DIGITAL_CAMERA_native;digital_camera_native;D15_V_indoor_move_0002.mp4;True;1.0;1.0;1.0
DIGITAL_CAMERA_native;digital_camera_native;D15_V_outdoor_move_0002.mp4;True;1.0;1.0;1.0
DIGITAL_CAMERA_native;digital_camera_native;D16_V_indoor_move_0002.mp4;True;1.0;1.0;1.0
DIGITAL_CAMERA_native;digital_camera_native;D16_V_outdoor_move_0002.mp4;True;1.0;1.0;1.0
DIGITAL_CAMERA_native;digital_camera_native;D19_V_indoor_move_0002.mp4;True;1.0;1.0;1.0
DIGITAL_CAMERA_native;digital_camera_native;D19_V_outdoor_move_0002.mp4;True;1.0;1.0;1.0
DIGITAL_CAMERA_native;digital_camera_native;D20_V_indoor_move_0002.mp4;True;1.0;1.0;1.0
DIGITAL_CAMERA_native;digital_camera_native;D20_V_outdoor_move_0002.mp4;True;1.0;1.0;1.0
DIGITAL_CAMERA_native;digital_camera_native;D22_V_indoor_move_0002.mp4;True;1.0;1.0;1.0
DIGITAL_CAMERA_native;digital_camera_native;D22_V_outdoor_move_0002.mp4;True;1.0;1.0;1.0
DIGITAL_CAMERA_native;digital_camera_native;D23_V_indoor_move_0002.mp4;True;1.0;1.0;1.0
DIGITAL_CAMERA_native;digital_camera_native;D23_V_outdoor_move_0002.mp4;True;1.0;1.0;1.0
DIGITAL_CAMERA_native;digital_camera_native;D24_V_indoor_move_0002.mp4;True;1.0;1.0;1.0
DIGITAL_CAMERA_native;digital_camera_native;D24_V_outdoor_move_0002.mp4;True;1.0;1.0;1.0
DIGITAL_CAMERA_native;digital_camera_native;D25_V_indoor_move_0002.mp4;True;1.0;1.0;1.0
DIGITAL_CAMERA_native;digital_camera_native;D25_V_outdoor_move_0002.mp4;True;1.0;1.0;1.0
DIGITAL_CAMERA_native;digital_camera_native;D26_V_indoor_move_0002.mp4;True;1.0;1.0;1.0
DIGITAL_CAMERA_native;digital_camera_native;D26_V_outdoor_move_0002.mp4;True;1.0;1.0;1.0
DIGITAL_CAMERA_native;digital_camera_native;D27_V_indoor_move_0002.mp4;True;1.0;1.0;1.0
DIGITAL_CAMERA_native;digital_camera_native;D27_V_outdoor_move_0002.mp4;True;1.0;1.0;1.0
DIGITAL_CAMERA_native;digital_camera_native;D28_V_indoor_move_0002.mp4;True;1.0;1.0;1.0
DIGITAL_CAMERA_native;digital_camera_native;D28_V_outdoor_move_0002.mp4;True;1.0;1.0;1.0
DIGITAL_CAMERA_native;digital_camera_native;D29_V_indoor_move_0002.mp4;True;1.0;1.0;1.0
DIGITAL_CAMERA_native;digital_camera_native;D29_V_outdoor_move_0002.mp4;True;1.0;1.0;1.0
DIGITAL_CAMERA_native;digital_camera_native;D30_V_indoor_move_0002.mp4;True;1.0;1.0;1.0
DIGITAL_CAMERA_native;digital_camera_native;D30_V_outdoor_move_0002.mp4;True;1.0;1.0;1.0
DIGITAL_CAMERA_native;digital_camera_native;D31_V_indoor_move_0002.mp4;True;1.0;1.0;1.0
DIGITAL_CAMERA_native;digital_camera_native;D31_V_outdoor_move_0002.mp4;True;1.0;1.0;1.0
DIGITAL_CAMERA_native;digital_camera_native;D32_V_indoor_move_0002.mp4;True;1.0;1.0;1.0
DIGITAL_CAMERA_native;digital_camera_native;D32_V_outdoor_move_0002.mp4;True;1.0;1.0;1.0
DIGITAL_CAMERA_native;digital_camera_native;D33_V_indoor_move_0002.mp4;True;1.0;1.0;1.0
DIGITAL_CAMERA_native;digital_camera_native;D33_V_outdoor_move_0002.mp4;True;1.0;1.0;1.0
DIGITAL_CAMERA_native;digital_camera_native;D34_V_indoor_move_0002.mp4;True;1.0;1.0;1.0
DIGITAL_CAMERA_native;digital_camera_native;D34_V_outdoor_move_0002.mp4;True;1.0;1.0;1.0
DIGITAL_CAMERA_native;digital_camera_native;D35_V_outdoor_move_0002.mp4;True;1.0;1.0;1.0
DIGITAL_CAMERA_native;digital_camera_native;D35_V_outdoor_panrot_0002.mp4;True;1.0;1.0;1.0
DIGITAL_CAMERA_native;digital_camera_premiere;D01_V_indoor_move_0002.mp4;False;1.0;1.0;1.0
DIGITAL_CAMERA_native;digital_camera_premiere;D01_V_outdoor_move_0002.mp4;False;1.0;1.0;1.0
DIGITAL_CAMERA_native;digital_camera_premiere;D03_V_indoor_move_0002.mp4;False;1.0;1.0;1.0
DIGITAL_CAMERA_native;digital_camera_premiere;D03_V_outdoor_move_0002.mp4;False;1.0;1.0;1.0
DIGITAL_CAMERA_native;digital_camera_premiere;D04_V_indoor_move_0002.mp4;False;1.0;1.0;1.0
DIGITAL_CAMERA_native;digital_camera_premiere;D04_V_outdoor_move_0002.mp4;False;1.0;1.0;1.0
DIGITAL_CAMERA_native;digital_camera_premiere;D05_V_indoor_move_0002.mp4;False;1.0;1.0;1.0
DIGITAL_CAMERA_native;digital_camera_premiere;D05_V_outdoor_move_0002.mp4;False;1.0;1.0;1.0
DIGITAL_CAMERA_native;digital_camera_premiere;D06_V_indoor_move_0002.mp4;False;1.0;1.0;1.0
DIGITAL_CAMERA_native;digital_camera_premiere;D06_V_outdoor_move_0002.mp4;False;1.0;1.0;1.0
DIGITAL_CAMERA_native;digital_camera_premiere;D07_V_indoor_move_0002.mp4;False;1.0;1.0;1.0
DIGITAL_CAMERA_native;digital_camera_premiere;D07_V_outdoor_move_0002.mp4;False;1.0;1.0;1.0
DIGITAL_CAMERA_native;digital_camera_premiere;D08_V_indoor_move_0002.mp4;False;1.0;1.0;1.0
DIGITAL_CAMERA_native;digital_camera_premiere;D08_V_outdoor_move_0002.mp4;False;1.0;1.0;1.0
DIGITAL_CAMERA_native;digital_camera_premiere;D09_V_indoor_move_0002.mp4;False;1.0;1.0;1.0
DIGITAL_CAMERA_native;digital_camera_premiere;D09_V_outdoor_move_0002.mp4;False;1.0;1.0;1.0
DIGITAL_CAMERA_native;digital_camera_premiere;D10_V_indoor_move_0002.mp4;False;1.0;1.0;1.0
DIGITAL_CAMERA_native;digital_camera_premiere;D11_V_indoor_move_0002.mp4;False;1.0;1.0;1.0
DIGITAL_CAMERA_native;digital_camera_premiere;D11_V_outdoor_move_0002.mp4;False;1.0;1.0;1.0
DIGITAL_CAMERA_native;digital_camera_premiere;D12_V_indoor_move_0002.mp4;False;1.0;1.0;1.0
DIGITAL_CAMERA_native;digital_camera_premiere;D12_V_outdoor_move_0002.mp4;False;1.0;1.0;1.0
DIGITAL_CAMERA_native;digital_camera_premiere;D13_V_indoor_move_0002.mp4;False;1.0;1.0;1.0
DIGITAL_CAMERA_native;digital_camera_premiere;D13_V_outdoor_move_0002.mp4;False;1.0;1.0;1.0
DIGITAL_CAMERA_native;digital_camera_premiere;D14_V_indoor_move_0002.mp4;False;1.0;1.0;1.0
DIGITAL_CAMERA_native;digital_camera_premiere;D14_V_outdoor_move_0002.mp4;False;1.0;1.0;1.0
DIGITAL_CAMERA_native;digital_camera_premiere;D15_V_indoor_move_0002.mp4;False;1.0;1.0;1.0
DIGITAL_CAMERA_native;digital_camera_premiere;D15_V_outdoor_move_0002.mp4;False;1.0;1.0;1.0
DIGITAL_CAMERA_native;digital_camera_premiere;D16_V_indoor_move_0002.mp4;False;1.0;1.0;1.0
DIGITAL_CAMERA_native;digital_camera_premiere;D16_V_outdoor_move_0002.mp4;False;1.0;1.0;1.0
DIGITAL_CAMERA_native;digital_camera_premiere;D19_V_indoor_move_0002.mp4;False;1.0;1.0;1.0
DIGITAL_CAMERA_native;digital_camera_premiere;D19_V_outdoor_move_0002.mp4;False;1.0;1.0;1.0
DIGITAL_CAMERA_native;digital_camera_premiere;D20_V_indoor_move_0002.mp4;False;1.0;1.0;1.0
DIGITAL_CAMERA_native;digital_camera_premiere;D20_V_outdoor_move_0002.mp4;False;1.0;1.0;1.0
DIGITAL_CAMERA_native;digital_camera_premiere;D22_V_indoor_move_0002.mp4;False;1.0;1.0;1.0
DIGITAL_CAMERA_native;digital_camera_premiere;D22_V_outdoor_move_0002.mp4;False;1.0;1.0;1.0
DIGITAL_CAMERA_native;digital_camera_premiere;D23_V_indoor_move_0002.mp4;False;1.0;1.0;1.0
DIGITAL_CAMERA_native;digital_camera_premiere;D23_V_outdoor_move_0002.mp4;False;1.0;1.0;1.0
DIGITAL_CAMERA_native;digital_camera_premiere;D24_V_indoor_move_0002.mp4;False;1.0;1.0;1.0
DIGITAL_CAMERA_native;digital_camera_premiere;D24_V_outdoor_move_0002.mp4;False;1.0;1.0;1.0
DIGITAL_CAMERA_native;digital_camera_premiere;D25_V_indoor_move_0002.mp4;False;1.0;1.0;1.0
DIGITAL_CAMERA_native;digital_camera_premiere;D25_V_outdoor_move_0002.mp4;False;1.0;1.0;1.0
DIGITAL_CAMERA_native;digital_camera_premiere;D26_V_indoor_move_0002.mp4;False;1.0;1.0;1.0
DIGITAL_CAMERA_native;digital_camera_premiere;D26_V_outdoor_move_0002.mp4;False;1.0;1.0;1.0
DIGITAL_CAMERA_native;digital_camera_premiere;D27_V_indoor_move_0002.mp4;False;1.0;1.0;1.0
DIGITAL_CAMERA_native;digital_camera_premiere;D27_V_outdoor_move_0002.mp4;False;1.0;1.0;1.0
DIGITAL_CAMERA_native;digital_camera_premiere;D28_V_indoor_move_0002.mp4;False;1.0;1.0;1.0
DIGITAL_CAMERA_native;digital_camera_premiere;D28_V_outdoor_move_0002.mp4;False;1.0;1.0;1.0
DIGITAL_CAMERA_native;digital_camera_premiere;D29_V_indoor_move_0002.mp4;False;1.0;1.0;1.0
DIGITAL_CAMERA_native;digital_camera_premiere;D29_V_outdoor_move_0002.mp4;False;1.0;1.0;1.0
DIGITAL_CAMERA_native;digital_camera_premiere;D30_V_indoor_move_0002.mp4;False;1.0;1.0;1.0
DIGITAL_CAMERA_native;digital_camera_premiere;D30_V_outdoor_move_0002.mp4;False;1.0;1.0;1.0
DIGITAL_CAMERA_native;digital_camera_premiere;D31_V_indoor_move_0002.mp4;False;1.0;1.0;1.0
DIGITAL_CAMERA_native;digital_camera_premiere;D31_V_outdoor_move_0002.mp4;False;1.0;1.0;1.0
DIGITAL_CAMERA_native;digital_camera_premiere;D32_V_indoor_move_0002.mp4;False;1.0;1.0;1.0
DIGITAL_CAMERA_native;digital_camera_premiere;D32_V_outdoor_move_0002.mp4;False;1.0;1.0;1.0
DIGITAL_CAMERA_native;digital_camera_premiere;D33_V_indoor_move_0002.mp4;False;1.0;1.0;1.0
DIGITAL_CAMERA_native;digital_camera_premiere;D33_V_outdoor_move_0002.mp4;False;1.0;1.0;1.0
DIGITAL_CAMERA_native;digital_camera_premiere;D34_V_indoor_move_0002.mp4;False;1.0;1.0;1.0
DIGITAL_CAMERA_native;digital_camera_premiere;D34_V_outdoor_move_0002.mp4;False;1.0;1.0;1.0
DIGITAL_CAMERA_native;digital_camera_premiere;D35_V_outdoor_move_0002.mp4;False;1.0;1.0;1.0
DIGITAL_CAMERA_native;digital_camera_premiere;D35_V_outdoor_panrot_0002.mp4;False;1.0;1.0;1.0
DIGITAL_CAMERA_native;digital_camera_avidemux;D01_V_indoor_move_0002.mp4;False;1.0;1.0;1.0
DIGITAL_CAMERA_native;digital_camera_avidemux;D01_V_outdoor_move_0002.mp4;False;1.0;1.0;1.0
DIGITAL_CAMERA_native;digital_camera_avidemux;D03_V_indoor_move_0002.mp4;False;1.0;1.0;1.0
DIGITAL_CAMERA_native;digital_camera_avidemux;D03_V_outdoor_move_0002.mp4;False;1.0;1.0;1.0
DIGITAL_CAMERA_native;digital_camera_avidemux;D04_V_indoor_move_0002.mp4;False;1.0;1.0;1.0
DIGITAL_CAMERA_native;digital_camera_avidemux;D04_V_outdoor_move_0002.mp4;False;1.0;1.0;1.0
DIGITAL_CAMERA_native;digital_camera_avidemux;D05_V_indoor_move_0002.mp4;False;1.0;1.0;1.0
DIGITAL_CAMERA_native;digital_camera_avidemux;D05_V_outdoor_move_0002.mp4;False;1.0;1.0;1.0
DIGITAL_CAMERA_native;digital_camera_avidemux;D06_V_indoor_move_0002.mp4;False;1.0;1.0;1.0
DIGITAL_CAMERA_native;digital_camera_avidemux;D06_V_outdoor_move_0002.mp4;False;1.0;1.0;1.0
DIGITAL_CAMERA_native;digital_camera_avidemux;D07_V_indoor_move_0002.mp4;False;1.0;1.0;1.0
DIGITAL_CAMERA_native;digital_camera_avidemux;D07_V_outdoor_move_0002.mp4;False;1.0;1.0;1.0
DIGITAL_CAMERA_native;digital_camera_avidemux;D08_V_indoor_move_0002.mp4;False;1.0;1.0;1.0
DIGITAL_CAMERA_native;digital_camera_avidemux;D08_V_outdoor_move_0002.mp4;False;1.0;1.0;1.0
DIGITAL_CAMERA_native;digital_camera_avidemux;D09_V_indoor_move_0002.mp4;False;1.0;1.0;1.0
DIGITAL_CAMERA_native;digital_camera_avidemux;D09_V_outdoor_move_0002.mp4;False;1.0;1.0;1.0
DIGITAL_CAMERA_native;digital_camera_avidemux;D10_V_indoor_move_0002.mp4;False;1.0;1.0;1.0
DIGITAL_CAMERA_native;digital_camera_avidemux;D11_V_indoor_move_0002.mp4;False;1.0;1.0;1.0
DIGITAL_CAMERA_native;digital_camera_avidemux;D11_V_outdoor_move_0002.mp4;False;1.0;1.0;1.0
DIGITAL_CAMERA_native;digital_camera_avidemux;D12_V_indoor_move_0002.mp4;False;1.0;1.0;1.0
DIGITAL_CAMERA_native;digital_camera_avidemux;D12_V_outdoor_move_0002.mp4;False;1.0;1.0;1.0
DIGITAL_CAMERA_native;digital_camera_avidemux;D13_V_indoor_move_0002.mp4;False;1.0;1.0;1.0
DIGITAL_CAMERA_native;digital_camera_avidemux;D13_V_outdoor_move_0002.mp4;False;1.0;1.0;1.0
DIGITAL_CAMERA_native;digital_camera_avidemux;D14_V_indoor_move_0002.mp4;False;1.0;1.0;1.0
DIGITAL_CAMERA_native;digital_camera_avidemux;D14_V_outdoor_move_0002.mp4;False;1.0;1.0;1.0
DIGITAL_CAMERA_native;digital_camera_avidemux;D15_V_indoor_move_0002.mp4;False;1.0;1.0;1.0
DIGITAL_CAMERA_native;digital_camera_avidemux;D15_V_outdoor_move_0002.mp4;False;1.0;1.0;1.0
DIGITAL_CAMERA_native;digital_camera_avidemux;D16_V_indoor_move_0002.mp4;False;1.0;1.0;1.0
DIGITAL_CAMERA_native;digital_camera_avidemux;D16_V_outdoor_move_0002.mp4;False;1.0;1.0;1.0
DIGITAL_CAMERA_native;digital_camera_avidemux;D19_V_indoor_move_0002.mp4;False;1.0;1.0;1.0
DIGITAL_CAMERA_native;digital_camera_avidemux;D19_V_outdoor_move_0002.mp4;False;1.0;1.0;1.0
DIGITAL_CAMERA_native;digital_camera_avidemux;D20_V_indoor_move_0002.mp4;False;1.0;1.0;1.0
DIGITAL_CAMERA_native;digital_camera_avidemux;D20_V_outdoor_move_0002.mp4;False;1.0;1.0;1.0
DIGITAL_CAMERA_native;digital_camera_avidemux;D22_V_indoor_move_0002.mp4;False;1.0;1.0;1.0
DIGITAL_CAMERA_native;digital_camera_avidemux;D22_V_outdoor_move_0002.mp4;False;1.0;1.0;1.0
DIGITAL_CAMERA_native;digital_camera_avidemux;D23_V_indoor_move_0002.mp4;False;1.0;1.0;1.0
DIGITAL_CAMERA_native;digital_camera_avidemux;D23_V_outdoor_move_0002.mp4;False;1.0;1.0;1.0
DIGITAL_CAMERA_native;digital_camera_avidemux;D24_V_indoor_move_0002.mp4;False;1.0;1.0;1.0
DIGITAL_CAMERA_native;digital_camera_avidemux;D24_V_outdoor_move_0002.mp4;False;1.0;1.0;1.0
DIGITAL_CAMERA_native;digital_camera_avidemux;D25_V_indoor_move_0002.mp4;False;1.0;1.0;1.0
DIGITAL_CAMERA_native;digital_camera_avidemux;D25_V_outdoor_move_0002.mp4;False;1.0;1.0;1.0
DIGITAL_CAMERA_native;digital_camera_avidemux;D26_V_indoor_move_0002.mp4;False;1.0;1.0;1.0
DIGITAL_CAMERA_native;digital_camera_avidemux;D26_V_outdoor_move_0002.mp4;False;1.0;1.0;1.0
DIGITAL_CAMERA_native;digital_camera_avidemux;D27_V_indoor_move_0002.mp4;False;1.0;1.0;1.0
DIGITAL_CAMERA_native;digital_camera_avidemux;D27_V_outdoor_move_0002.mp4;False;1.0;1.0;1.0
DIGITAL_CAMERA_native;digital_camera_avidemux;D28_V_indoor_move_0002.mp4;False;1.0;1.0;1.0
DIGITAL_CAMERA_native;digital_camera_avidemux;D28_V_outdoor_move_0002.mp4;False;1.0;1.0;1.0
DIGITAL_CAMERA_native;digital_camera_avidemux;D29_V_indoor_move_0002.mp4;False;1.0;1.0;1.0
DIGITAL_CAMERA_native;digital_camera_avidemux;D29_V_outdoor_move_0002.mp4;False;1.0;1.0;1.0
DIGITAL_CAMERA_native;digital_camera_avidemux;D30_V_indoor_move_0002.mp4;False;1.0;1.0;1.0
DIGITAL_CAMERA_native;digital_camera_avidemux;D30_V_outdoor_move_0002.mp4;False;1.0;1.0;1.0
DIGITAL_CAMERA_native;digital_camera_avidemux;D31_V_indoor_move_0002.mp4;False;1.0;1.0;1.0
DIGITAL_CAMERA_native;digital_camera_avidemux;D31_V_outdoor_move_0002.mp4;False;1.0;1.0;1.0
DIGITAL_CAMERA_native;digital_camera_avidemux;D32_V_indoor_move_0002.mp4;False;1.0;1.0;1.0
DIGITAL_CAMERA_native;digital_camera_avidemux;D32_V_outdoor_move_0002.mp4;False;1.0;1.0;1.0
DIGITAL_CAMERA_native;digital_camera_avidemux;D33_V_indoor_move_0002.mp4;False;1.0;1.0;1.0
DIGITAL_CAMERA_native;digital_camera_avidemux;D33_V_outdoor_move_0002.mp4;False;1.0;1.0;1.0
DIGITAL_CAMERA_native;digital_camera_avidemux;D34_V_indoor_move_0002.mp4;False;1.0;1.0;1.0
DIGITAL_CAMERA_native;digital_camera_avidemux;D34_V_outdoor_move_0002.mp4;False;1.0;1.0;1.0
DIGITAL_CAMERA_native;digital_camera_avidemux;D35_V_outdoor_move_0002.mp4;False;1.0;1.0;1.0
DIGITAL_CAMERA_native;digital_camera_avidemux;D35_V_outdoor_panrot_0002.mp4;False;1.0;1.0;1.0
DIGITAL_CAMERA_native;digital_camera_exiftool;D01_V_indoor_move_0002.mp4;False;1.0;1.0;1.0
DIGITAL_CAMERA_native;digital_camera_exiftool;D01_V_outdoor_move_0002.mp4;False;1.0;1.0;1.0
DIGITAL_CAMERA_native;digital_camera_exiftool;D03_V_indoor_move_0002.mp4;False;1.0;1.0;1.0
DIGITAL_CAMERA_native;digital_camera_exiftool;D03_V_outdoor_move_0002.mp4;False;1.0;1.0;1.0
DIGITAL_CAMERA_native;digital_camera_exiftool;D04_V_indoor_move_0002.mp4;False;1.0;1.0;1.0
DIGITAL_CAMERA_native;digital_camera_exiftool;D04_V_outdoor_move_0002.mp4;False;1.0;1.0;1.0
DIGITAL_CAMERA_native;digital_camera_exiftool;D05_V_indoor_move_0002.mp4;False;1.0;1.0;1.0
DIGITAL_CAMERA_native;digital_camera_exiftool;D05_V_outdoor_move_0002.mp4;False;1.0;1.0;1.0
DIGITAL_CAMERA_native;digital_camera_exiftool;D06_V_indoor_move_0002.mp4;False;1.0;1.0;1.0
DIGITAL_CAMERA_native;digital_camera_exiftool;D06_V_outdoor_move_0002.mp4;False;1.0;1.0;1.0
DIGITAL_CAMERA_native;digital_camera_exiftool;D07_V_indoor_move_0002.mp4;False;1.0;1.0;1.0
DIGITAL_CAMERA_native;digital_camera_exiftool;D07_V_outdoor_move_0002.mp4;False;1.0;1.0;1.0
DIGITAL_CAMERA_native;digital_camera_exiftool;D08_V_indoor_move_0002.mp4;False;1.0;1.0;1.0
DIGITAL_CAMERA_native;digital_camera_exiftool;D08_V_outdoor_move_0002.mp4;False;1.0;1.0;1.0
DIGITAL_CAMERA_native;digital_camera_exiftool;D09_V_indoor_move_0002.mp4;False;1.0;1.0;1.0
DIGITAL_CAMERA_native;digital_camera_exiftool;D09_V_outdoor_move_0002.mp4;False;1.0;1.0;1.0
DIGITAL_CAMERA_native;digital_camera_exiftool;D10_V_indoor_move_0002.mp4;False;1.0;1.0;1.0
DIGITAL_CAMERA_native;digital_camera_exiftool;D11_V_indoor_move_0002.mp4;False;1.0;1.0;1.0
DIGITAL_CAMERA_native;digital_camera_exiftool;D11_V_outdoor_move_0002.mp4;False;1.0;1.0;1.0
DIGITAL_CAMERA_native;digital_camera_exiftool;D12_V_indoor_move_0002.mp4;False;1.0;1.0;1.0
DIGITAL_CAMERA_native;digital_camera_exiftool;D12_V_outdoor_move_0002.mp4;False;1.0;1.0;1.0
DIGITAL_CAMERA_native;digital_camera_exiftool;D13_V_indoor_move_0002.mp4;False;1.0;1.0;1.0
DIGITAL_CAMERA_native;digital_camera_exiftool;D13_V_outdoor_move_0002.mp4;False;1.0;1.0;1.0
DIGITAL_CAMERA_native;digital_camera_exiftool;D14_V_indoor_move_0002.mp4;False;1.0;1.0;1.0
DIGITAL_CAMERA_native;digital_camera_exiftool;D14_V_outdoor_move_0002.mp4;False;1.0;1.0;1.0
DIGITAL_CAMERA_native;digital_camera_exiftool;D15_V_indoor_move_0002.mp4;False;1.0;1.0;1.0
DIGITAL_CAMERA_native;digital_camera_exiftool;D15_V_outdoor_move_0002.mp4;False;1.0;1.0;1.0
DIGITAL_CAMERA_native;digital_camera_exiftool;D16_V_indoor_move_0002.mp4;False;1.0;1.0;1.0
DIGITAL_CAMERA_native;digital_camera_exiftool;D16_V_outdoor_move_0002.mp4;False;1.0;1.0;1.0
DIGITAL_CAMERA_native;digital_camera_exiftool;D19_V_indoor_move_0002.mp4;False;1.0;1.0;1.0
DIGITAL_CAMERA_native;digital_camera_exiftool;D19_V_outdoor_move_0002.mp4;False;1.0;1.0;1.0
DIGITAL_CAMERA_native;digital_camera_exiftool;D20_V_indoor_move_0002.mp4;False;1.0;1.0;1.0
DIGITAL_CAMERA_native;digital_camera_exiftool;D20_V_outdoor_move_0002.mp4;False;1.0;1.0;1.0
DIGITAL_CAMERA_native;digital_camera_exiftool;D22_V_indoor_move_0002.mp4;False;1.0;1.0;1.0
DIGITAL_CAMERA_native;digital_camera_exiftool;D22_V_outdoor_move_0002.mp4;False;1.0;1.0;1.0
DIGITAL_CAMERA_native;digital_camera_exiftool;D23_V_indoor_move_0002.mp4;False;1.0;1.0;1.0
DIGITAL_CAMERA_native;digital_camera_exiftool;D23_V_outdoor_move_0002.mp4;False;1.0;1.0;1.0
DIGITAL_CAMERA_native;digital_camera_exiftool;D24_V_indoor_move_0002.mp4;False;1.0;1.0;1.0
DIGITAL_CAMERA_native;digital_camera_exiftool;D24_V_outdoor_move_0002.mp4;False;1.0;1.0;1.0
DIGITAL_CAMERA_native;digital_camera_exiftool;D25_V_indoor_move_0002.mp4;False;1.0;1.0;1.0
DIGITAL_CAMERA_native;digital_camera_exiftool;D25_V_outdoor_move_0002.mp4;False;1.0;1.0;1.0
DIGITAL_CAMERA_native;digital_camera_exiftool;D26_V_indoor_move_0002.mp4;False;1.0;1.0;1.0
DIGITAL_CAMERA_native;digital_camera_exiftool;D26_V_outdoor_move_0002.mp4;False;1.0;1.0;1.0
DIGITAL_CAMERA_native;digital_camera_exiftool;D27_V_indoor_move_0002.mp4;False;1.0;1.0;1.0
DIGITAL_CAMERA_native;digital_camera_exiftool;D27_V_outdoor_move_0002.mp4;False;1.0;1.0;1.0
DIGITAL_CAMERA_native;digital_camera_exiftool;D28_V_indoor_move_0002.mp4;False;1.0;1.0;1.0
DIGITAL_CAMERA_native;digital_camera_exiftool;D28_V_outdoor_move_0002.mp4;False;1.0;1.0;1.0
DIGITAL_CAMERA_native;digital_camera_exiftool;D29_V_indoor_move_0002.mp4;False;1.0;1.0;1.0
DIGITAL_CAMERA_native;digital_camera_exiftool;D29_V_outdoor_move_0002.mp4;False;1.0;1.0;1.0
DIGITAL_CAMERA_native;digital_camera_exiftool;D30_V_indoor_move_0002.mp4;False;1.0;1.0;1.0
DIGITAL_CAMERA_native;digital_camera_exiftool;D30_V_outdoor_move_0002.mp4;False;1.0;1.0;1.0
DIGITAL_CAMERA_native;digital_camera_exiftool;D31_V_indoor_move_0002.mp4;False;1.0;1.0;1.0
DIGITAL_CAMERA_native;digital_camera_exiftool;D31_V_outdoor_move_0002.mp4;False;1.0;1.0;1.0
DIGITAL_CAMERA_native;digital_camera_exiftool;D32_V_indoor_move_0002.mp4;False;1.0;1.0;1.0
DIGITAL_CAMERA_native;digital_camera_exiftool;D32_V_outdoor_move_0002.mp4;False;1.0;1.0;1.0
DIGITAL_CAMERA_native;digital_camera_exiftool;D33_V_indoor_move_0002.mp4;False;1.0;1.0;1.0
DIGITAL_CAMERA_native;digital_camera_exiftool;D33_V_outdoor_move_0002.mp4;False;1.0;1.0;1.0
DIGITAL_CAMERA_native;digital_camera_exiftool;D34_V_indoor_move_0002.mp4;False;1.0;1.0;1.0
DIGITAL_CAMERA_native;digital_camera_exiftool;D34_V_outdoor_move_0002.mp4;False;1.0;1.0;1.0
DIGITAL_CAMERA_native;digital_camera_exiftool;D35_V_outdoor_move_0002.mp4;False;1.0;1.0;1.0
DIGITAL_CAMERA_native;digital_camera_exiftool;D35_V_outdoor_panrot_0002.mp4;False;1.0;1.0;1.0
DIGITAL_CAMERA_native;digital_camera_ffmpeg1;D01_V_indoor_move_0002.mp4;False;1.0;1.0;1.0
DIGITAL_CAMERA_native;digital_camera_ffmpeg1;D01_V_outdoor_move_0002.mp4;False;1.0;1.0;1.0
DIGITAL_CAMERA_native;digital_camera_ffmpeg1;D03_V_indoor_move_0002.mp4;False;1.0;1.0;1.0
DIGITAL_CAMERA_native;digital_camera_ffmpeg1;D03_V_outdoor_move_0002.mp4;False;1.0;1.0;1.0
DIGITAL_CAMERA_native;digital_camera_ffmpeg1;D04_V_indoor_move_0002.mp4;False;1.0;1.0;1.0
DIGITAL_CAMERA_native;digital_camera_ffmpeg1;D04_V_outdoor_move_0002.mp4;False;1.0;1.0;1.0
DIGITAL_CAMERA_native;digital_camera_ffmpeg1;D05_V_indoor_move_0002.mp4;False;1.0;1.0;1.0
DIGITAL_CAMERA_native;digital_camera_ffmpeg1;D05_V_outdoor_move_0002.mp4;False;1.0;1.0;1.0
DIGITAL_CAMERA_native;digital_camera_ffmpeg1;D06_V_indoor_move_0002.mp4;False;1.0;1.0;1.0
DIGITAL_CAMERA_native;digital_camera_ffmpeg1;D06_V_outdoor_move_0002.mp4;False;1.0;1.0;1.0
DIGITAL_CAMERA_native;digital_camera_ffmpeg1;D07_V_indoor_move_0002.mp4;False;1.0;1.0;1.0
DIGITAL_CAMERA_native;digital_camera_ffmpeg1;D07_V_outdoor_move_0002.mp4;False;1.0;1.0;1.0
DIGITAL_CAMERA_native;digital_camera_ffmpeg1;D08_V_indoor_move_0002.mp4;False;1.0;1.0;1.0
DIGITAL_CAMERA_native;digital_camera_ffmpeg1;D08_V_outdoor_move_0002.mp4;False;1.0;1.0;1.0
DIGITAL_CAMERA_native;digital_camera_ffmpeg1;D09_V_indoor_move_0002.mp4;False;1.0;1.0;1.0
DIGITAL_CAMERA_native;digital_camera_ffmpeg1;D09_V_outdoor_move_0002.mp4;False;1.0;1.0;1.0
DIGITAL_CAMERA_native;digital_camera_ffmpeg1;D10_V_indoor_move_0002.mp4;False;1.0;1.0;1.0
DIGITAL_CAMERA_native;digital_camera_ffmpeg1;D11_V_indoor_move_0002.mp4;False;1.0;1.0;1.0
DIGITAL_CAMERA_native;digital_camera_ffmpeg1;D11_V_outdoor_move_0002.mp4;False;1.0;1.0;1.0
DIGITAL_CAMERA_native;digital_camera_ffmpeg1;D12_V_indoor_move_0002.mp4;False;1.0;1.0;1.0
DIGITAL_CAMERA_native;digital_camera_ffmpeg1;D12_V_outdoor_move_0002.mp4;False;1.0;1.0;1.0
DIGITAL_CAMERA_native;digital_camera_ffmpeg1;D13_V_indoor_move_0002.mp4;False;1.0;1.0;1.0
DIGITAL_CAMERA_native;digital_camera_ffmpeg1;D13_V_outdoor_move_0002.mp4;False;1.0;1.0;1.0
DIGITAL_CAMERA_native;digital_camera_ffmpeg1;D14_V_indoor_move_0002.mp4;False;1.0;1.0;1.0
DIGITAL_CAMERA_native;digital_camera_ffmpeg1;D14_V_outdoor_move_0002.mp4;False;1.0;1.0;1.0
DIGITAL_CAMERA_native;digital_camera_ffmpeg1;D15_V_indoor_move_0002.mp4;False;1.0;1.0;1.0
DIGITAL_CAMERA_native;digital_camera_ffmpeg1;D15_V_outdoor_move_0002.mp4;False;1.0;1.0;1.0
DIGITAL_CAMERA_native;digital_camera_ffmpeg1;D16_V_indoor_move_0002.mp4;False;1.0;1.0;1.0
DIGITAL_CAMERA_native;digital_camera_ffmpeg1;D16_V_outdoor_move_0002.mp4;False;1.0;1.0;1.0
DIGITAL_CAMERA_native;digital_camera_ffmpeg1;D19_V_indoor_move_0002.mp4;False;1.0;1.0;1.0
DIGITAL_CAMERA_native;digital_camera_ffmpeg1;D19_V_outdoor_move_0002.mp4;False;1.0;1.0;1.0
DIGITAL_CAMERA_native;digital_camera_ffmpeg1;D20_V_indoor_move_0002.mp4;False;1.0;1.0;1.0
DIGITAL_CAMERA_native;digital_camera_ffmpeg1;D20_V_outdoor_move_0002.mp4;False;1.0;1.0;1.0
DIGITAL_CAMERA_native;digital_camera_ffmpeg1;D22_V_indoor_move_0002.mp4;False;1.0;1.0;1.0
DIGITAL_CAMERA_native;digital_camera_ffmpeg1;D22_V_outdoor_move_0002.mp4;False;1.0;1.0;1.0
DIGITAL_CAMERA_native;digital_camera_ffmpeg1;D23_V_indoor_move_0002.mp4;False;1.0;1.0;1.0
DIGITAL_CAMERA_native;digital_camera_ffmpeg1;D23_V_outdoor_move_0002.mp4;False;1.0;1.0;1.0
DIGITAL_CAMERA_native;digital_camera_ffmpeg1;D24_V_indoor_move_0002.mp4;False;1.0;1.0;1.0
DIGITAL_CAMERA_native;digital_camera_ffmpeg1;D24_V_outdoor_move_0002.mp4;False;1.0;1.0;1.0
DIGITAL_CAMERA_native;digital_camera_ffmpeg1;D25_V_indoor_move_0002.mp4;False;1.0;1.0;1.0
DIGITAL_CAMERA_native;digital_camera_ffmpeg1;D25_V_outdoor_move_0002.mp4;False;1.0;1.0;1.0
DIGITAL_CAMERA_native;digital_camera_ffmpeg1;D26_V_indoor_move_0002.mp4;False;1.0;1.0;1.0
DIGITAL_CAMERA_native;digital_camera_ffmpeg1;D26_V_outdoor_move_0002.mp4;False;1.0;1.0;1.0
DIGITAL_CAMERA_native;digital_camera_ffmpeg1;D27_V_indoor_move_0002.mp4;False;1.0;1.0;1.0
DIGITAL_CAMERA_native;digital_camera_ffmpeg1;D27_V_outdoor_move_0002.mp4;False;1.0;1.0;1.0
DIGITAL_CAMERA_native;digital_camera_ffmpeg1;D28_V_indoor_move_0002.mp4;False;1.0;1.0;1.0
DIGITAL_CAMERA_native;digital_camera_ffmpeg1;D28_V_outdoor_move_0002.mp4;False;1.0;1.0;1.0
DIGITAL_CAMERA_native;digital_camera_ffmpeg1;D29_V_indoor_move_0002.mp4;False;1.0;1.0;1.0
DIGITAL_CAMERA_native;digital_camera_ffmpeg1;D29_V_outdoor_move_0002.mp4;False;1.0;1.0;1.0
DIGITAL_CAMERA_native;digital_camera_ffmpeg1;D30_V_indoor_move_0002.mp4;False;1.0;1.0;1.0
DIGITAL_CAMERA_native;digital_camera_ffmpeg1;D30_V_outdoor_move_0002.mp4;False;1.0;1.0;1.0
DIGITAL_CAMERA_native;digital_camera_ffmpeg1;D31_V_indoor_move_0002.mp4;False;1.0;1.0;1.0
DIGITAL_CAMERA_native;digital_camera_ffmpeg1;D31_V_outdoor_move_0002.mp4;False;1.0;1.0;1.0
DIGITAL_CAMERA_native;digital_camera_ffmpeg1;D32_V_indoor_move_0002.mp4;False;1.0;1.0;1.0
DIGITAL_CAMERA_native;digital_camera_ffmpeg1;D32_V_outdoor_move_0002.mp4;False;1.0;1.0;1.0
DIGITAL_CAMERA_native;digital_camera_ffmpeg1;D33_V_indoor_move_0002.mp4;False;1.0;1.0;1.0
DIGITAL_CAMERA_native;digital_camera_ffmpeg1;D33_V_outdoor_move_0002.mp4;False;1.0;1.0;1.0
DIGITAL_CAMERA_native;digital_camera_ffmpeg1;D34_V_indoor_move_0002.mp4;False;1.0;1.0;1.0
DIGITAL_CAMERA_native;digital_camera_ffmpeg1;D34_V_outdoor_move_0002.mp4;False;1.0;1.0;1.0
DIGITAL_CAMERA_native;digital_camera_ffmpeg1;D35_V_outdoor_move_0002.mp4;False;1.0;1.0;1.0
DIGITAL_CAMERA_native;digital_camera_ffmpeg1;D35_V_outdoor_panrot_0002.mp4;False;1.0;1.0;1.0
DIGITAL_CAMERA_native;digital_camera_ffmpeg2;D01_V_indoor_move_0002.mp4;False;1.0;1.0;1.0
DIGITAL_CAMERA_native;digital_camera_ffmpeg2;D01_V_outdoor_move_0002.mp4;False;1.0;1.0;1.0
DIGITAL_CAMERA_native;digital_camera_ffmpeg2;D03_V_indoor_move_0002.mp4;False;1.0;1.0;1.0
DIGITAL_CAMERA_native;digital_camera_ffmpeg2;D03_V_outdoor_move_0002.mp4;False;1.0;1.0;1.0
DIGITAL_CAMERA_native;digital_camera_ffmpeg2;D04_V_indoor_move_0002.mp4;False;1.0;1.0;1.0
DIGITAL_CAMERA_native;digital_camera_ffmpeg2;D04_V_outdoor_move_0002.mp4;False;1.0;1.0;1.0
DIGITAL_CAMERA_native;digital_camera_ffmpeg2;D05_V_indoor_move_0002.mp4;False;1.0;1.0;1.0
DIGITAL_CAMERA_native;digital_camera_ffmpeg2;D05_V_outdoor_move_0002.mp4;False;1.0;1.0;1.0
DIGITAL_CAMERA_native;digital_camera_ffmpeg2;D06_V_indoor_move_0002.mp4;False;1.0;1.0;1.0
DIGITAL_CAMERA_native;digital_camera_ffmpeg2;D06_V_outdoor_move_0002.mp4;False;1.0;1.0;1.0
DIGITAL_CAMERA_native;digital_camera_ffmpeg2;D07_V_indoor_move_0002.mp4;False;1.0;1.0;1.0
DIGITAL_CAMERA_native;digital_camera_ffmpeg2;D07_V_outdoor_move_0002.mp4;False;1.0;1.0;1.0
DIGITAL_CAMERA_native;digital_camera_ffmpeg2;D08_V_indoor_move_0002.mp4;False;1.0;1.0;1.0
DIGITAL_CAMERA_native;digital_camera_ffmpeg2;D08_V_outdoor_move_0002.mp4;False;1.0;1.0;1.0
DIGITAL_CAMERA_native;digital_camera_ffmpeg2;D09_V_indoor_move_0002.mp4;False;1.0;1.0;1.0
DIGITAL_CAMERA_native;digital_camera_ffmpeg2;D09_V_outdoor_move_0002.mp4;False;1.0;1.0;1.0
DIGITAL_CAMERA_native;digital_camera_ffmpeg2;D10_V_indoor_move_0002.mp4;False;1.0;1.0;1.0
DIGITAL_CAMERA_native;digital_camera_ffmpeg2;D11_V_indoor_move_0002.mp4;False;1.0;1.0;1.0
DIGITAL_CAMERA_native;digital_camera_ffmpeg2;D11_V_outdoor_move_0002.mp4;False;1.0;1.0;1.0
DIGITAL_CAMERA_native;digital_camera_ffmpeg2;D12_V_indoor_move_0002.mp4;False;1.0;1.0;1.0
DIGITAL_CAMERA_native;digital_camera_ffmpeg2;D12_V_outdoor_move_0002.mp4;False;1.0;1.0;1.0
DIGITAL_CAMERA_native;digital_camera_ffmpeg2;D13_V_indoor_move_0002.mp4;False;1.0;1.0;1.0
DIGITAL_CAMERA_native;digital_camera_ffmpeg2;D13_V_outdoor_move_0002.mp4;False;1.0;1.0;1.0
DIGITAL_CAMERA_native;digital_camera_ffmpeg2;D14_V_indoor_move_0002.mp4;False;1.0;1.0;1.0
DIGITAL_CAMERA_native;digital_camera_ffmpeg2;D14_V_outdoor_move_0002.mp4;False;1.0;1.0;1.0
DIGITAL_CAMERA_native;digital_camera_ffmpeg2;D15_V_indoor_move_0002.mp4;False;1.0;1.0;1.0
DIGITAL_CAMERA_native;digital_camera_ffmpeg2;D15_V_outdoor_move_0002.mp4;False;1.0;1.0;1.0
DIGITAL_CAMERA_native;digital_camera_ffmpeg2;D16_V_indoor_move_0002.mp4;False;1.0;1.0;1.0
DIGITAL_CAMERA_native;digital_camera_ffmpeg2;D16_V_outdoor_move_0002.mp4;False;1.0;1.0;1.0
DIGITAL_CAMERA_native;digital_camera_ffmpeg2;D19_V_indoor_move_0002.mp4;False;1.0;1.0;1.0
DIGITAL_CAMERA_native;digital_camera_ffmpeg2;D19_V_outdoor_move_0002.mp4;False;1.0;1.0;1.0
DIGITAL_CAMERA_native;digital_camera_ffmpeg2;D20_V_indoor_move_0002.mp4;False;1.0;1.0;1.0
DIGITAL_CAMERA_native;digital_camera_ffmpeg2;D20_V_outdoor_move_0002.mp4;False;1.0;1.0;1.0
DIGITAL_CAMERA_native;digital_camera_ffmpeg2;D22_V_indoor_move_0002.mp4;False;1.0;1.0;1.0
DIGITAL_CAMERA_native;digital_camera_ffmpeg2;D22_V_outdoor_move_0002.mp4;False;1.0;1.0;1.0
DIGITAL_CAMERA_native;digital_camera_ffmpeg2;D23_V_indoor_move_0002.mp4;False;1.0;1.0;1.0
DIGITAL_CAMERA_native;digital_camera_ffmpeg2;D23_V_outdoor_move_0002.mp4;False;1.0;1.0;1.0
DIGITAL_CAMERA_native;digital_camera_ffmpeg2;D24_V_indoor_move_0002.mp4;False;1.0;1.0;1.0
DIGITAL_CAMERA_native;digital_camera_ffmpeg2;D24_V_outdoor_move_0002.mp4;False;1.0;1.0;1.0
DIGITAL_CAMERA_native;digital_camera_ffmpeg2;D25_V_indoor_move_0002.mp4;False;1.0;1.0;1.0
DIGITAL_CAMERA_native;digital_camera_ffmpeg2;D25_V_outdoor_move_0002.mp4;False;1.0;1.0;1.0
DIGITAL_CAMERA_native;digital_camera_ffmpeg2;D26_V_indoor_move_0002.mp4;False;1.0;1.0;1.0
DIGITAL_CAMERA_native;digital_camera_ffmpeg2;D26_V_outdoor_move_0002.mp4;False;1.0;1.0;1.0
DIGITAL_CAMERA_native;digital_camera_ffmpeg2;D27_V_indoor_move_0002.mp4;False;1.0;1.0;1.0
DIGITAL_CAMERA_native;digital_camera_ffmpeg2;D27_V_outdoor_move_0002.mp4;False;1.0;1.0;1.0
DIGITAL_CAMERA_native;digital_camera_ffmpeg2;D28_V_indoor_move_0002.mp4;False;1.0;1.0;1.0
DIGITAL_CAMERA_native;digital_camera_ffmpeg2;D28_V_outdoor_move_0002.mp4;False;1.0;1.0;1.0
DIGITAL_CAMERA_native;digital_camera_ffmpeg2;D29_V_indoor_move_0002.mp4;False;1.0;1.0;1.0
DIGITAL_CAMERA_native;digital_camera_ffmpeg2;D29_V_outdoor_move_0002.mp4;False;1.0;1.0;1.0
DIGITAL_CAMERA_native;digital_camera_ffmpeg2;D30_V_indoor_move_0002.mp4;False;1.0;1.0;1.0
DIGITAL_CAMERA_native;digital_camera_ffmpeg2;D30_V_outdoor_move_0002.mp4;False;1.0;1.0;1.0
DIGITAL_CAMERA_native;digital_camera_ffmpeg2;D31_V_indoor_move_0002.mp4;False;1.0;1.0;1.0
DIGITAL_CAMERA_native;digital_camera_ffmpeg2;D31_V_outdoor_move_0002.mp4;False;1.0;1.0;1.0
DIGITAL_CAMERA_native;digital_camera_ffmpeg2;D32_V_indoor_move_0002.mp4;False;1.0;1.0;1.0
DIGITAL_CAMERA_native;digital_camera_ffmpeg2;D32_V_outdoor_move_0002.mp4;False;1.0;1.0;1.0
DIGITAL_CAMERA_native;digital_camera_ffmpeg2;D33_V_indoor_move_0002.mp4;False;1.0;1.0;1.0
DIGITAL_CAMERA_native;digital_camera_ffmpeg2;D33_V_outdoor_move_0002.mp4;False;1.0;1.0;1.0
DIGITAL_CAMERA_native;digital_camera_ffmpeg2;D34_V_indoor_move_0002.mp4;False;1.0;1.0;1.0
DIGITAL_CAMERA_native;digital_camera_ffmpeg2;D34_V_outdoor_move_0002.mp4;False;1.0;1.0;1.0
DIGITAL_CAMERA_native;digital_camera_ffmpeg2;D35_V_outdoor_move_0002.mp4;False;1.0;1.0;1.0
DIGITAL_CAMERA_native;digital_camera_ffmpeg2;D35_V_outdoor_panrot_0002.mp4;False;1.0;1.0;1.0
DIGITAL_CAMERA_native;digital_camera_ffmpeg3;D01_V_indoor_move_0002.mp4;False;1.0;1.0;1.0
DIGITAL_CAMERA_native;digital_camera_ffmpeg3;D01_V_outdoor_move_0002.mp4;False;1.0;1.0;1.0
DIGITAL_CAMERA_native;digital_camera_ffmpeg3;D03_V_indoor_move_0002.mp4;False;1.0;1.0;1.0
DIGITAL_CAMERA_native;digital_camera_ffmpeg3;D03_V_outdoor_move_0002.mp4;False;1.0;1.0;1.0
DIGITAL_CAMERA_native;digital_camera_ffmpeg3;D04_V_indoor_move_0002.mp4;False;1.0;1.0;1.0
DIGITAL_CAMERA_native;digital_camera_ffmpeg3;D04_V_outdoor_move_0002.mp4;False;1.0;1.0;1.0
DIGITAL_CAMERA_native;digital_camera_ffmpeg3;D05_V_indoor_move_0002.mp4;False;1.0;1.0;1.0
DIGITAL_CAMERA_native;digital_camera_ffmpeg3;D05_V_outdoor_move_0002.mp4;False;1.0;1.0;1.0
DIGITAL_CAMERA_native;digital_camera_ffmpeg3;D06_V_indoor_move_0002.mp4;False;1.0;1.0;1.0
DIGITAL_CAMERA_native;digital_camera_ffmpeg3;D06_V_outdoor_move_0002.mp4;False;1.0;1.0;1.0
DIGITAL_CAMERA_native;digital_camera_ffmpeg3;D07_V_indoor_move_0002.mp4;False;1.0;1.0;1.0
DIGITAL_CAMERA_native;digital_camera_ffmpeg3;D07_V_outdoor_move_0002.mp4;False;1.0;1.0;1.0
DIGITAL_CAMERA_native;digital_camera_ffmpeg3;D08_V_indoor_move_0002.mp4;False;1.0;1.0;1.0
DIGITAL_CAMERA_native;digital_camera_ffmpeg3;D08_V_outdoor_move_0002.mp4;False;1.0;1.0;1.0
DIGITAL_CAMERA_native;digital_camera_ffmpeg3;D09_V_indoor_move_0002.mp4;False;1.0;1.0;1.0
DIGITAL_CAMERA_native;digital_camera_ffmpeg3;D09_V_outdoor_move_0002.mp4;False;1.0;1.0;1.0
DIGITAL_CAMERA_native;digital_camera_ffmpeg3;D10_V_indoor_move_0002.mp4;False;1.0;1.0;1.0
DIGITAL_CAMERA_native;digital_camera_ffmpeg3;D11_V_indoor_move_0002.mp4;False;1.0;1.0;1.0
DIGITAL_CAMERA_native;digital_camera_ffmpeg3;D11_V_outdoor_move_0002.mp4;False;1.0;1.0;1.0
DIGITAL_CAMERA_native;digital_camera_ffmpeg3;D12_V_indoor_move_0002.mp4;False;1.0;1.0;1.0
DIGITAL_CAMERA_native;digital_camera_ffmpeg3;D12_V_outdoor_move_0002.mp4;False;1.0;1.0;1.0
DIGITAL_CAMERA_native;digital_camera_ffmpeg3;D13_V_indoor_move_0002.mp4;False;1.0;1.0;1.0
DIGITAL_CAMERA_native;digital_camera_ffmpeg3;D13_V_outdoor_move_0002.mp4;False;1.0;1.0;1.0
DIGITAL_CAMERA_native;digital_camera_ffmpeg3;D14_V_indoor_move_0002.mp4;False;1.0;1.0;1.0
DIGITAL_CAMERA_native;digital_camera_ffmpeg3;D14_V_outdoor_move_0002.mp4;False;1.0;1.0;1.0
DIGITAL_CAMERA_native;digital_camera_ffmpeg3;D15_V_indoor_move_0002.mp4;False;1.0;1.0;1.0
DIGITAL_CAMERA_native;digital_camera_ffmpeg3;D15_V_outdoor_move_0002.mp4;False;1.0;1.0;1.0
DIGITAL_CAMERA_native;digital_camera_ffmpeg3;D16_V_indoor_move_0002.mp4;False;1.0;1.0;1.0
DIGITAL_CAMERA_native;digital_camera_ffmpeg3;D16_V_outdoor_move_0002.mp4;False;1.0;1.0;1.0
DIGITAL_CAMERA_native;digital_camera_ffmpeg3;D19_V_indoor_move_0002.mp4;False;1.0;1.0;1.0
DIGITAL_CAMERA_native;digital_camera_ffmpeg3;D19_V_outdoor_move_0002.mp4;False;1.0;1.0;1.0
DIGITAL_CAMERA_native;digital_camera_ffmpeg3;D20_V_indoor_move_0002.mp4;False;1.0;1.0;1.0
DIGITAL_CAMERA_native;digital_camera_ffmpeg3;D20_V_outdoor_move_0002.mp4;False;1.0;1.0;1.0
DIGITAL_CAMERA_native;digital_camera_ffmpeg3;D22_V_indoor_move_0002.mp4;False;1.0;1.0;1.0
DIGITAL_CAMERA_native;digital_camera_ffmpeg3;D22_V_outdoor_move_0002.mp4;False;1.0;1.0;1.0
DIGITAL_CAMERA_native;digital_camera_ffmpeg3;D23_V_indoor_move_0002.mp4;False;1.0;1.0;1.0
DIGITAL_CAMERA_native;digital_camera_ffmpeg3;D23_V_outdoor_move_0002.mp4;False;1.0;1.0;1.0
DIGITAL_CAMERA_native;digital_camera_ffmpeg3;D24_V_indoor_move_0002.mp4;False;1.0;1.0;1.0
DIGITAL_CAMERA_native;digital_camera_ffmpeg3;D24_V_outdoor_move_0002.mp4;False;1.0;1.0;1.0
DIGITAL_CAMERA_native;digital_camera_ffmpeg3;D25_V_indoor_move_0002.mp4;False;1.0;1.0;1.0
DIGITAL_CAMERA_native;digital_camera_ffmpeg3;D25_V_outdoor_move_0002.mp4;False;1.0;1.0;1.0
DIGITAL_CAMERA_native;digital_camera_ffmpeg3;D26_V_indoor_move_0002.mp4;False;1.0;1.0;1.0
DIGITAL_CAMERA_native;digital_camera_ffmpeg3;D26_V_outdoor_move_0002.mp4;False;1.0;1.0;1.0
DIGITAL_CAMERA_native;digital_camera_ffmpeg3;D27_V_indoor_move_0002.mp4;False;1.0;1.0;1.0
DIGITAL_CAMERA_native;digital_camera_ffmpeg3;D27_V_outdoor_move_0002.mp4;False;1.0;1.0;1.0
DIGITAL_CAMERA_native;digital_camera_ffmpeg3;D28_V_indoor_move_0002.mp4;False;1.0;1.0;1.0
DIGITAL_CAMERA_native;digital_camera_ffmpeg3;D28_V_outdoor_move_0002.mp4;False;1.0;1.0;1.0
DIGITAL_CAMERA_native;digital_camera_ffmpeg3;D29_V_indoor_move_0002.mp4;False;1.0;1.0;1.0
DIGITAL_CAMERA_native;digital_camera_ffmpeg3;D29_V_outdoor_move_0002.mp4;False;1.0;1.0;1.0
DIGITAL_CAMERA_native;digital_camera_ffmpeg3;D30_V_indoor_move_0002.mp4;False;1.0;1.0;1.0
DIGITAL_CAMERA_native;digital_camera_ffmpeg3;D30_V_outdoor_move_0002.mp4;False;1.0;1.0;1.0
DIGITAL_CAMERA_native;digital_camera_ffmpeg3;D31_V_indoor_move_0002.mp4;False;1.0;1.0;1.0
DIGITAL_CAMERA_native;digital_camera_ffmpeg3;D31_V_outdoor_move_0002.mp4;False;1.0;1.0;1.0
DIGITAL_CAMERA_native;digital_camera_ffmpeg3;D32_V_indoor_move_0002.mp4;False;1.0;1.0;1.0
DIGITAL_CAMERA_native;digital_camera_ffmpeg3;D32_V_outdoor_move_0002.mp4;False;1.0;1.0;1.0
DIGITAL_CAMERA_native;digital_camera_ffmpeg3;D33_V_indoor_move_0002.mp4;False;1.0;1.0;1.0
DIGITAL_CAMERA_native;digital_camera_ffmpeg3;D33_V_outdoor_move_0002.mp4;False;1.0;1.0;1.0
DIGITAL_CAMERA_native;digital_camera_ffmpeg3;D34_V_indoor_move_0002.mp4;False;1.0;1.0;1.0
DIGITAL_CAMERA_native;digital_camera_ffmpeg3;D34_V_outdoor_move_0002.mp4;False;1.0;1.0;1.0
DIGITAL_CAMERA_native;digital_camera_ffmpeg3;D35_V_outdoor_move_0002.mp4;False;1.0;1.0;1.0
DIGITAL_CAMERA_native;digital_camera_ffmpeg3;D35_V_outdoor_panrot_0002.mp4;False;1.0;1.0;1.0
DIGITAL_CAMERA_native;digital_camera_ffmpeg4;D01_V_indoor_move_0002.mp4;False;1.0;1.0;1.0
DIGITAL_CAMERA_native;digital_camera_ffmpeg4;D01_V_outdoor_move_0002.mp4;False;1.0;1.0;1.0
DIGITAL_CAMERA_native;digital_camera_ffmpeg4;D03_V_indoor_move_0002.mp4;False;1.0;1.0;1.0
DIGITAL_CAMERA_native;digital_camera_ffmpeg4;D03_V_outdoor_move_0002.mp4;False;1.0;1.0;1.0
DIGITAL_CAMERA_native;digital_camera_ffmpeg4;D04_V_indoor_move_0002.mp4;False;1.0;1.0;1.0
DIGITAL_CAMERA_native;digital_camera_ffmpeg4;D04_V_outdoor_move_0002.mp4;False;1.0;1.0;1.0
DIGITAL_CAMERA_native;digital_camera_ffmpeg4;D05_V_indoor_move_0002.mp4;False;1.0;1.0;1.0
DIGITAL_CAMERA_native;digital_camera_ffmpeg4;D05_V_outdoor_move_0002.mp4;False;1.0;1.0;1.0
DIGITAL_CAMERA_native;digital_camera_ffmpeg4;D06_V_indoor_move_0002.mp4;False;1.0;1.0;1.0
DIGITAL_CAMERA_native;digital_camera_ffmpeg4;D06_V_outdoor_move_0002.mp4;False;1.0;1.0;1.0
DIGITAL_CAMERA_native;digital_camera_ffmpeg4;D07_V_indoor_move_0002.mp4;False;1.0;1.0;1.0
DIGITAL_CAMERA_native;digital_camera_ffmpeg4;D07_V_outdoor_move_0002.mp4;False;1.0;1.0;1.0
DIGITAL_CAMERA_native;digital_camera_ffmpeg4;D08_V_indoor_move_0002.mp4;False;1.0;1.0;1.0
DIGITAL_CAMERA_native;digital_camera_ffmpeg4;D08_V_outdoor_move_0002.mp4;False;1.0;1.0;1.0
DIGITAL_CAMERA_native;digital_camera_ffmpeg4;D09_V_indoor_move_0002.mp4;False;1.0;1.0;1.0
DIGITAL_CAMERA_native;digital_camera_ffmpeg4;D09_V_outdoor_move_0002.mp4;False;1.0;1.0;1.0
DIGITAL_CAMERA_native;digital_camera_ffmpeg4;D10_V_indoor_move_0002.mp4;False;1.0;1.0;1.0
DIGITAL_CAMERA_native;digital_camera_ffmpeg4;D11_V_indoor_move_0002.mp4;False;1.0;1.0;1.0
DIGITAL_CAMERA_native;digital_camera_ffmpeg4;D11_V_outdoor_move_0002.mp4;False;1.0;1.0;1.0
DIGITAL_CAMERA_native;digital_camera_ffmpeg4;D12_V_indoor_move_0002.mp4;False;1.0;1.0;1.0
DIGITAL_CAMERA_native;digital_camera_ffmpeg4;D12_V_outdoor_move_0002.mp4;False;1.0;1.0;1.0
DIGITAL_CAMERA_native;digital_camera_ffmpeg4;D13_V_indoor_move_0002.mp4;False;1.0;1.0;1.0
DIGITAL_CAMERA_native;digital_camera_ffmpeg4;D13_V_outdoor_move_0002.mp4;False;1.0;1.0;1.0
DIGITAL_CAMERA_native;digital_camera_ffmpeg4;D14_V_indoor_move_0002.mp4;False;1.0;1.0;1.0
DIGITAL_CAMERA_native;digital_camera_ffmpeg4;D14_V_outdoor_move_0002.mp4;False;1.0;1.0;1.0
DIGITAL_CAMERA_native;digital_camera_ffmpeg4;D15_V_indoor_move_0002.mp4;False;1.0;1.0;1.0
DIGITAL_CAMERA_native;digital_camera_ffmpeg4;D15_V_outdoor_move_0002.mp4;False;1.0;1.0;1.0
DIGITAL_CAMERA_native;digital_camera_ffmpeg4;D16_V_indoor_move_0002.mp4;False;1.0;1.0;1.0
DIGITAL_CAMERA_native;digital_camera_ffmpeg4;D16_V_outdoor_move_0002.mp4;False;1.0;1.0;1.0
DIGITAL_CAMERA_native;digital_camera_ffmpeg4;D19_V_indoor_move_0002.mp4;False;1.0;1.0;1.0
DIGITAL_CAMERA_native;digital_camera_ffmpeg4;D19_V_outdoor_move_0002.mp4;False;1.0;1.0;1.0
DIGITAL_CAMERA_native;digital_camera_ffmpeg4;D20_V_indoor_move_0002.mp4;False;1.0;1.0;1.0
DIGITAL_CAMERA_native;digital_camera_ffmpeg4;D20_V_outdoor_move_0002.mp4;False;1.0;1.0;1.0
DIGITAL_CAMERA_native;digital_camera_ffmpeg4;D22_V_indoor_move_0002.mp4;False;1.0;1.0;1.0
DIGITAL_CAMERA_native;digital_camera_ffmpeg4;D22_V_outdoor_move_0002.mp4;False;1.0;1.0;1.0
DIGITAL_CAMERA_native;digital_camera_ffmpeg4;D23_V_indoor_move_0002.mp4;False;1.0;1.0;1.0
DIGITAL_CAMERA_native;digital_camera_ffmpeg4;D23_V_outdoor_move_0002.mp4;False;1.0;1.0;1.0
DIGITAL_CAMERA_native;digital_camera_ffmpeg4;D24_V_indoor_move_0002.mp4;False;1.0;1.0;1.0
DIGITAL_CAMERA_native;digital_camera_ffmpeg4;D24_V_outdoor_move_0002.mp4;False;1.0;1.0;1.0
DIGITAL_CAMERA_native;digital_camera_ffmpeg4;D25_V_indoor_move_0002.mp4;False;1.0;1.0;1.0
DIGITAL_CAMERA_native;digital_camera_ffmpeg4;D25_V_outdoor_move_0002.mp4;False;1.0;1.0;1.0
DIGITAL_CAMERA_native;digital_camera_ffmpeg4;D26_V_indoor_move_0002.mp4;False;1.0;1.0;1.0
DIGITAL_CAMERA_native;digital_camera_ffmpeg4;D26_V_outdoor_move_0002.mp4;False;1.0;1.0;1.0
DIGITAL_CAMERA_native;digital_camera_ffmpeg4;D27_V_indoor_move_0002.mp4;False;1.0;1.0;1.0
DIGITAL_CAMERA_native;digital_camera_ffmpeg4;D27_V_outdoor_move_0002.mp4;False;1.0;1.0;1.0
DIGITAL_CAMERA_native;digital_camera_ffmpeg4;D28_V_indoor_move_0002.mp4;False;1.0;1.0;1.0
DIGITAL_CAMERA_native;digital_camera_ffmpeg4;D28_V_outdoor_move_0002.mp4;False;1.0;1.0;1.0
DIGITAL_CAMERA_native;digital_camera_ffmpeg4;D29_V_indoor_move_0002.mp4;False;1.0;1.0;1.0
DIGITAL_CAMERA_native;digital_camera_ffmpeg4;D29_V_outdoor_move_0002.mp4;False;1.0;1.0;1.0
DIGITAL_CAMERA_native;digital_camera_ffmpeg4;D30_V_indoor_move_0002.mp4;False;1.0;1.0;1.0
DIGITAL_CAMERA_native;digital_camera_ffmpeg4;D30_V_outdoor_move_0002.mp4;False;1.0;1.0;1.0
DIGITAL_CAMERA_native;digital_camera_ffmpeg4;D31_V_indoor_move_0002.mp4;False;1.0;1.0;1.0
DIGITAL_CAMERA_native;digital_camera_ffmpeg4;D31_V_outdoor_move_0002.mp4;False;1.0;1.0;1.0
DIGITAL_CAMERA_native;digital_camera_ffmpeg4;D32_V_indoor_move_0002.mp4;False;1.0;1.0;1.0
DIGITAL_CAMERA_native;digital_camera_ffmpeg4;D32_V_outdoor_move_0002.mp4;False;1.0;1.0;1.0
DIGITAL_CAMERA_native;digital_camera_ffmpeg4;D33_V_indoor_move_0002.mp4;False;1.0;1.0;1.0
DIGITAL_CAMERA_native;digital_camera_ffmpeg4;D33_V_outdoor_move_0002.mp4;False;1.0;1.0;1.0
DIGITAL_CAMERA_native;digital_camera_ffmpeg4;D34_V_indoor_move_0002.mp4;False;1.0;1.0;1.0
DIGITAL_CAMERA_native;digital_camera_ffmpeg4;D34_V_outdoor_move_0002.mp4;False;1.0;1.0;1.0
DIGITAL_CAMERA_native;digital_camera_ffmpeg4;D35_V_outdoor_move_0002.mp4;False;1.0;1.0;1.0
DIGITAL_CAMERA_native;digital_camera_ffmpeg4;D35_V_outdoor_panrot_0002.mp4;False;1.0;1.0;1.0
DIGITAL_CAMERA_native;digital_camera_ffmpeg5;D01_V_indoor_move_0002.mp4;False;1.0;1.0;1.0
DIGITAL_CAMERA_native;digital_camera_ffmpeg5;D01_V_outdoor_move_0002.mp4;False;1.0;1.0;1.0
DIGITAL_CAMERA_native;digital_camera_ffmpeg5;D03_V_indoor_move_0002.mp4;False;1.0;1.0;1.0
DIGITAL_CAMERA_native;digital_camera_ffmpeg5;D03_V_outdoor_move_0002.mp4;False;1.0;1.0;1.0
DIGITAL_CAMERA_native;digital_camera_ffmpeg5;D04_V_indoor_move_0002.mp4;False;1.0;1.0;1.0
DIGITAL_CAMERA_native;digital_camera_ffmpeg5;D04_V_outdoor_move_0002.mp4;False;1.0;1.0;1.0
DIGITAL_CAMERA_native;digital_camera_ffmpeg5;D05_V_indoor_move_0002.mp4;False;1.0;1.0;1.0
DIGITAL_CAMERA_native;digital_camera_ffmpeg5;D05_V_outdoor_move_0002.mp4;False;1.0;1.0;1.0
DIGITAL_CAMERA_native;digital_camera_ffmpeg5;D06_V_indoor_move_0002.mp4;False;1.0;1.0;1.0
DIGITAL_CAMERA_native;digital_camera_ffmpeg5;D06_V_outdoor_move_0002.mp4;False;1.0;1.0;1.0
DIGITAL_CAMERA_native;digital_camera_ffmpeg5;D07_V_indoor_move_0002.mp4;False;1.0;1.0;1.0
DIGITAL_CAMERA_native;digital_camera_ffmpeg5;D07_V_outdoor_move_0002.mp4;False;1.0;1.0;1.0
DIGITAL_CAMERA_native;digital_camera_ffmpeg5;D08_V_indoor_move_0002.mp4;False;1.0;1.0;1.0
DIGITAL_CAMERA_native;digital_camera_ffmpeg5;D08_V_outdoor_move_0002.mp4;False;1.0;1.0;1.0
DIGITAL_CAMERA_native;digital_camera_ffmpeg5;D09_V_indoor_move_0002.mp4;False;1.0;1.0;1.0
DIGITAL_CAMERA_native;digital_camera_ffmpeg5;D09_V_outdoor_move_0002.mp4;False;1.0;1.0;1.0
DIGITAL_CAMERA_native;digital_camera_ffmpeg5;D10_V_indoor_move_0002.mp4;False;1.0;1.0;1.0
DIGITAL_CAMERA_native;digital_camera_ffmpeg5;D11_V_indoor_move_0002.mp4;False;1.0;1.0;1.0
DIGITAL_CAMERA_native;digital_camera_ffmpeg5;D11_V_outdoor_move_0002.mp4;False;1.0;1.0;1.0
DIGITAL_CAMERA_native;digital_camera_ffmpeg5;D12_V_indoor_move_0002.mp4;False;1.0;1.0;1.0
DIGITAL_CAMERA_native;digital_camera_ffmpeg5;D12_V_outdoor_move_0002.mp4;False;1.0;1.0;1.0
DIGITAL_CAMERA_native;digital_camera_ffmpeg5;D13_V_indoor_move_0002.mp4;False;1.0;1.0;1.0
DIGITAL_CAMERA_native;digital_camera_ffmpeg5;D13_V_outdoor_move_0002.mp4;False;1.0;1.0;1.0
DIGITAL_CAMERA_native;digital_camera_ffmpeg5;D14_V_indoor_move_0002.mp4;False;1.0;1.0;1.0
DIGITAL_CAMERA_native;digital_camera_ffmpeg5;D14_V_outdoor_move_0002.mp4;False;1.0;1.0;1.0
DIGITAL_CAMERA_native;digital_camera_ffmpeg5;D15_V_indoor_move_0002.mp4;False;1.0;1.0;1.0
DIGITAL_CAMERA_native;digital_camera_ffmpeg5;D15_V_outdoor_move_0002.mp4;False;1.0;1.0;1.0
DIGITAL_CAMERA_native;digital_camera_ffmpeg5;D16_V_indoor_move_0002.mp4;False;1.0;1.0;1.0
DIGITAL_CAMERA_native;digital_camera_ffmpeg5;D16_V_outdoor_move_0002.mp4;False;1.0;1.0;1.0
DIGITAL_CAMERA_native;digital_camera_ffmpeg5;D19_V_indoor_move_0002.mp4;False;1.0;1.0;1.0
DIGITAL_CAMERA_native;digital_camera_ffmpeg5;D19_V_outdoor_move_0002.mp4;False;1.0;1.0;1.0
DIGITAL_CAMERA_native;digital_camera_ffmpeg5;D20_V_indoor_move_0002.mp4;False;1.0;1.0;1.0
DIGITAL_CAMERA_native;digital_camera_ffmpeg5;D20_V_outdoor_move_0002.mp4;False;1.0;1.0;1.0
DIGITAL_CAMERA_native;digital_camera_ffmpeg5;D22_V_indoor_move_0002.mp4;False;1.0;1.0;1.0
DIGITAL_CAMERA_native;digital_camera_ffmpeg5;D22_V_outdoor_move_0002.mp4;False;1.0;1.0;1.0
DIGITAL_CAMERA_native;digital_camera_ffmpeg5;D23_V_indoor_move_0002.mp4;False;1.0;1.0;1.0
DIGITAL_CAMERA_native;digital_camera_ffmpeg5;D23_V_outdoor_move_0002.mp4;False;1.0;1.0;1.0
DIGITAL_CAMERA_native;digital_camera_ffmpeg5;D24_V_indoor_move_0002.mp4;False;1.0;1.0;1.0
DIGITAL_CAMERA_native;digital_camera_ffmpeg5;D24_V_outdoor_move_0002.mp4;False;1.0;1.0;1.0
DIGITAL_CAMERA_native;digital_camera_ffmpeg5;D25_V_indoor_move_0002.mp4;False;1.0;1.0;1.0
DIGITAL_CAMERA_native;digital_camera_ffmpeg5;D25_V_outdoor_move_0002.mp4;False;1.0;1.0;1.0
DIGITAL_CAMERA_native;digital_camera_ffmpeg5;D26_V_indoor_move_0002.mp4;False;1.0;1.0;1.0
DIGITAL_CAMERA_native;digital_camera_ffmpeg5;D26_V_outdoor_move_0002.mp4;False;1.0;1.0;1.0
DIGITAL_CAMERA_native;digital_camera_ffmpeg5;D27_V_indoor_move_0002.mp4;False;1.0;1.0;1.0
DIGITAL_CAMERA_native;digital_camera_ffmpeg5;D27_V_outdoor_move_0002.mp4;False;1.0;1.0;1.0
DIGITAL_CAMERA_native;digital_camera_ffmpeg5;D28_V_indoor_move_0002.mp4;False;1.0;1.0;1.0
DIGITAL_CAMERA_native;digital_camera_ffmpeg5;D28_V_outdoor_move_0002.mp4;False;1.0;1.0;1.0
DIGITAL_CAMERA_native;digital_camera_ffmpeg5;D29_V_indoor_move_0002.mp4;False;1.0;1.0;1.0
DIGITAL_CAMERA_native;digital_camera_ffmpeg5;D29_V_outdoor_move_0002.mp4;False;1.0;1.0;1.0
DIGITAL_CAMERA_native;digital_camera_ffmpeg5;D30_V_indoor_move_0002.mp4;False;1.0;1.0;1.0
DIGITAL_CAMERA_native;digital_camera_ffmpeg5;D30_V_outdoor_move_0002.mp4;False;1.0;1.0;1.0
DIGITAL_CAMERA_native;digital_camera_ffmpeg5;D31_V_indoor_move_0002.mp4;False;1.0;1.0;1.0
DIGITAL_CAMERA_native;digital_camera_ffmpeg5;D31_V_outdoor_move_0002.mp4;False;1.0;1.0;1.0
DIGITAL_CAMERA_native;digital_camera_ffmpeg5;D32_V_indoor_move_0002.mp4;False;1.0;1.0;1.0
DIGITAL_CAMERA_native;digital_camera_ffmpeg5;D32_V_outdoor_move_0002.mp4;False;1.0;1.0;1.0
DIGITAL_CAMERA_native;digital_camera_ffmpeg5;D33_V_indoor_move_0002.mp4;False;1.0;1.0;1.0
DIGITAL_CAMERA_native;digital_camera_ffmpeg5;D33_V_outdoor_move_0002.mp4;False;1.0;1.0;1.0
DIGITAL_CAMERA_native;digital_camera_ffmpeg5;D34_V_indoor_move_0002.mp4;False;1.0;1.0;1.0
DIGITAL_CAMERA_native;digital_camera_ffmpeg5;D34_V_outdoor_move_0002.mp4;False;1.0;1.0;1.0
DIGITAL_CAMERA_native;digital_camera_ffmpeg5;D35_V_outdoor_move_0002.mp4;False;1.0;1.0;1.0
DIGITAL_CAMERA_native;digital_camera_ffmpeg5;D35_V_outdoor_panrot_0002.mp4;False;1.0;1.0;1.0
DIGITAL_CAMERA_native;digital_camera_kdenlive;D01_V_indoor_move_0002.mp4;False;1.0;1.0;1.0
DIGITAL_CAMERA_native;digital_camera_kdenlive;D01_V_outdoor_move_0002.mp4;False;1.0;1.0;1.0
DIGITAL_CAMERA_native;digital_camera_kdenlive;D03_V_indoor_move_0002.mp4;False;1.0;1.0;1.0
DIGITAL_CAMERA_native;digital_camera_kdenlive;D03_V_outdoor_move_0002.mp4;False;1.0;1.0;1.0
DIGITAL_CAMERA_native;digital_camera_kdenlive;D04_V_indoor_move_0002.mp4;False;1.0;1.0;1.0
DIGITAL_CAMERA_native;digital_camera_kdenlive;D04_V_outdoor_move_0002.mp4;False;1.0;1.0;1.0
DIGITAL_CAMERA_native;digital_camera_kdenlive;D05_V_indoor_move_0002.mp4;False;1.0;1.0;1.0
DIGITAL_CAMERA_native;digital_camera_kdenlive;D05_V_outdoor_move_0002.mp4;False;1.0;1.0;1.0
DIGITAL_CAMERA_native;digital_camera_kdenlive;D06_V_indoor_move_0002.mp4;False;1.0;1.0;1.0
DIGITAL_CAMERA_native;digital_camera_kdenlive;D06_V_outdoor_move_0002.mp4;False;1.0;1.0;1.0
DIGITAL_CAMERA_native;digital_camera_kdenlive;D07_V_indoor_move_0002.mp4;False;1.0;1.0;1.0
DIGITAL_CAMERA_native;digital_camera_kdenlive;D07_V_outdoor_move_0002.mp4;False;1.0;1.0;1.0
DIGITAL_CAMERA_native;digital_camera_kdenlive;D08_V_indoor_move_0002.mp4;False;1.0;1.0;1.0
DIGITAL_CAMERA_native;digital_camera_kdenlive;D08_V_outdoor_move_0002.mp4;False;1.0;1.0;1.0
DIGITAL_CAMERA_native;digital_camera_kdenlive;D09_V_indoor_move_0002.mp4;False;1.0;1.0;1.0
DIGITAL_CAMERA_native;digital_camera_kdenlive;D09_V_outdoor_move_0002.mp4;False;1.0;1.0;1.0
DIGITAL_CAMERA_native;digital_camera_kdenlive;D10_V_indoor_move_0002.mp4;False;1.0;1.0;1.0
DIGITAL_CAMERA_native;digital_camera_kdenlive;D11_V_indoor_move_0002.mp4;False;1.0;1.0;1.0
DIGITAL_CAMERA_native;digital_camera_kdenlive;D11_V_outdoor_move_0002.mp4;False;1.0;1.0;1.0
DIGITAL_CAMERA_native;digital_camera_kdenlive;D12_V_indoor_move_0002.mp4;False;1.0;1.0;1.0
DIGITAL_CAMERA_native;digital_camera_kdenlive;D12_V_outdoor_move_0002.mp4;False;1.0;1.0;1.0
DIGITAL_CAMERA_native;digital_camera_kdenlive;D13_V_indoor_move_0002.mp4;False;1.0;1.0;1.0
DIGITAL_CAMERA_native;digital_camera_kdenlive;D13_V_outdoor_move_0002.mp4;False;1.0;1.0;1.0
DIGITAL_CAMERA_native;digital_camera_kdenlive;D14_V_indoor_move_0002.mp4;False;1.0;1.0;1.0
DIGITAL_CAMERA_native;digital_camera_kdenlive;D14_V_outdoor_move_0002.mp4;False;1.0;1.0;1.0
DIGITAL_CAMERA_native;digital_camera_kdenlive;D15_V_indoor_move_0002.mp4;False;1.0;1.0;1.0
DIGITAL_CAMERA_native;digital_camera_kdenlive;D15_V_outdoor_move_0002.mp4;False;1.0;1.0;1.0
DIGITAL_CAMERA_native;digital_camera_kdenlive;D16_V_indoor_move_0002.mp4;False;1.0;1.0;1.0
DIGITAL_CAMERA_native;digital_camera_kdenlive;D16_V_outdoor_move_0002.mp4;False;1.0;1.0;1.0
DIGITAL_CAMERA_native;digital_camera_kdenlive;D17_V_indoor_move_0002.mp4;False;1.0;1.0;1.0
DIGITAL_CAMERA_native;digital_camera_kdenlive;D19_V_indoor_move_0002.mp4;False;1.0;1.0;1.0
DIGITAL_CAMERA_native;digital_camera_kdenlive;D19_V_outdoor_move_0002.mp4;False;1.0;1.0;1.0
DIGITAL_CAMERA_native;digital_camera_kdenlive;D20_V_indoor_move_0002.mp4;False;1.0;1.0;1.0
DIGITAL_CAMERA_native;digital_camera_kdenlive;D20_V_outdoor_move_0002.mp4;False;1.0;1.0;1.0
DIGITAL_CAMERA_native;digital_camera_kdenlive;D22_V_indoor_move_0002.mp4;False;1.0;1.0;1.0
DIGITAL_CAMERA_native;digital_camera_kdenlive;D22_V_outdoor_move_0002.mp4;False;1.0;1.0;1.0
DIGITAL_CAMERA_native;digital_camera_kdenlive;D23_V_indoor_move_0002.mp4;False;1.0;1.0;1.0
DIGITAL_CAMERA_native;digital_camera_kdenlive;D23_V_outdoor_move_0002.mp4;False;1.0;1.0;1.0
DIGITAL_CAMERA_native;digital_camera_kdenlive;D24_V_indoor_move_0002.mp4;False;1.0;1.0;1.0
DIGITAL_CAMERA_native;digital_camera_kdenlive;D24_V_outdoor_move_0002.mp4;False;1.0;1.0;1.0
DIGITAL_CAMERA_native;digital_camera_kdenlive;D25_V_indoor_move_0002.mp4;False;1.0;1.0;1.0
DIGITAL_CAMERA_native;digital_camera_kdenlive;D25_V_outdoor_move_0002.mp4;False;1.0;1.0;1.0
DIGITAL_CAMERA_native;digital_camera_kdenlive;D26_V_indoor_move_0002.mp4;False;1.0;1.0;1.0
DIGITAL_CAMERA_native;digital_camera_kdenlive;D26_V_outdoor_move_0002.mp4;False;1.0;1.0;1.0
DIGITAL_CAMERA_native;digital_camera_kdenlive;D27_V_indoor_move_0002.mp4;False;1.0;1.0;1.0
DIGITAL_CAMERA_native;digital_camera_kdenlive;D27_V_outdoor_move_0002.mp4;False;1.0;1.0;1.0
DIGITAL_CAMERA_native;digital_camera_kdenlive;D28_V_indoor_move_0002.mp4;False;1.0;1.0;1.0
DIGITAL_CAMERA_native;digital_camera_kdenlive;D28_V_outdoor_move_0002.mp4;False;1.0;1.0;1.0
DIGITAL_CAMERA_native;digital_camera_kdenlive;D29_V_indoor_move_0002.mp4;False;1.0;1.0;1.0
DIGITAL_CAMERA_native;digital_camera_kdenlive;D29_V_outdoor_move_0002.mp4;False;1.0;1.0;1.0
DIGITAL_CAMERA_native;digital_camera_kdenlive;D30_V_indoor_move_0002.mp4;False;1.0;1.0;1.0
DIGITAL_CAMERA_native;digital_camera_kdenlive;D30_V_outdoor_move_0002.mp4;False;1.0;1.0;1.0
DIGITAL_CAMERA_native;digital_camera_kdenlive;D31_V_indoor_move_0002.mp4;False;1.0;1.0;1.0
DIGITAL_CAMERA_native;digital_camera_kdenlive;D31_V_outdoor_move_0002.mp4;False;1.0;1.0;1.0
DIGITAL_CAMERA_native;digital_camera_kdenlive;D32_V_indoor_move_0002.mp4;False;1.0;1.0;1.0
DIGITAL_CAMERA_native;digital_camera_kdenlive;D32_V_outdoor_move_0002.mp4;False;1.0;1.0;1.0
DIGITAL_CAMERA_native;digital_camera_kdenlive;D33_V_indoor_move_0002.mp4;False;1.0;1.0;1.0
DIGITAL_CAMERA_native;digital_camera_kdenlive;D33_V_outdoor_move_0002.mp4;False;1.0;1.0;1.0
DIGITAL_CAMERA_native;digital_camera_kdenlive;D34_V_indoor_move_0002.mp4;False;1.0;1.0;1.0
DIGITAL_CAMERA_native;digital_camera_kdenlive;D34_V_outdoor_move_0002.mp4;False;1.0;1.0;1.0
DIGITAL_CAMERA_native;digital_camera_kdenlive;D35_V_outdoor_move_0002.mp4;False;1.0;1.0;1.0
DIGITAL_CAMERA_native;digital_camera_kdenlive;D35_V_outdoor_panrot_0002.mp4;False;1.0;1.0;1.0
DIGITAL_CAMERA_native;digital_camera_native;D01_V_indoor_move_0002.mp4;True;1.0;1.0;1.0
DIGITAL_CAMERA_native;digital_camera_native;D01_V_outdoor_move_0002.mp4;True;1.0;1.0;1.0
DIGITAL_CAMERA_native;digital_camera_native;D03_V_indoor_move_0002.mp4;True;1.0;1.0;1.0
DIGITAL_CAMERA_native;digital_camera_native;D03_V_outdoor_move_0002.mp4;True;1.0;1.0;1.0
DIGITAL_CAMERA_native;digital_camera_native;D04_V_indoor_move_0002.mp4;True;1.0;1.0;1.0
DIGITAL_CAMERA_native;digital_camera_native;D04_V_outdoor_move_0002.mp4;True;1.0;1.0;1.0
DIGITAL_CAMERA_native;digital_camera_native;D05_V_indoor_move_0002.mp4;True;1.0;1.0;1.0
DIGITAL_CAMERA_native;digital_camera_native;D05_V_outdoor_move_0002.mp4;True;1.0;1.0;1.0
DIGITAL_CAMERA_native;digital_camera_native;D06_V_indoor_move_0002.mp4;True;1.0;1.0;1.0
DIGITAL_CAMERA_native;digital_camera_native;D06_V_outdoor_move_0002.mp4;True;1.0;1.0;1.0
DIGITAL_CAMERA_native;digital_camera_native;D07_V_indoor_move_0002.mp4;True;1.0;1.0;1.0
DIGITAL_CAMERA_native;digital_camera_native;D07_V_outdoor_move_0002.mp4;True;1.0;1.0;1.0
DIGITAL_CAMERA_native;digital_camera_native;D08_V_indoor_move_0002.mp4;True;1.0;1.0;1.0
DIGITAL_CAMERA_native;digital_camera_native;D08_V_outdoor_move_0002.mp4;True;1.0;1.0;1.0
DIGITAL_CAMERA_native;digital_camera_native;D09_V_indoor_move_0002.mp4;True;1.0;1.0;1.0
DIGITAL_CAMERA_native;digital_camera_native;D09_V_outdoor_move_0002.mp4;True;1.0;1.0;1.0
DIGITAL_CAMERA_native;digital_camera_native;D10_V_indoor_move_0002.mp4;True;1.0;1.0;1.0
DIGITAL_CAMERA_native;digital_camera_native;D11_V_indoor_move_0002.mp4;True;1.0;1.0;1.0
DIGITAL_CAMERA_native;digital_camera_native;D11_V_outdoor_move_0002.mp4;True;1.0;1.0;1.0
DIGITAL_CAMERA_native;digital_camera_native;D12_V_indoor_move_0002.mp4;True;1.0;1.0;1.0
DIGITAL_CAMERA_native;digital_camera_native;D12_V_outdoor_move_0002.mp4;True;1.0;1.0;1.0
DIGITAL_CAMERA_native;digital_camera_native;D13_V_indoor_move_0002.mp4;True;1.0;1.0;1.0
DIGITAL_CAMERA_native;digital_camera_native;D13_V_outdoor_move_0002.mp4;True;1.0;1.0;1.0
DIGITAL_CAMERA_native;digital_camera_native;D14_V_indoor_move_0002.mp4;True;1.0;1.0;1.0
DIGITAL_CAMERA_native;digital_camera_native;D14_V_outdoor_move_0002.mp4;True;1.0;1.0;1.0
DIGITAL_CAMERA_native;digital_camera_native;D15_V_indoor_move_0002.mp4;True;1.0;1.0;1.0
DIGITAL_CAMERA_native;digital_camera_native;D15_V_outdoor_move_0002.mp4;True;1.0;1.0;1.0
DIGITAL_CAMERA_native;digital_camera_native;D16_V_indoor_move_0002.mp4;True;1.0;1.0;1.0
DIGITAL_CAMERA_native;digital_camera_native;D16_V_outdoor_move_0002.mp4;True;1.0;1.0;1.0
DIGITAL_CAMERA_native;digital_camera_native;D19_V_indoor_move_0002.mp4;True;1.0;1.0;1.0
DIGITAL_CAMERA_native;digital_camera_native;D19_V_outdoor_move_0002.mp4;True;1.0;1.0;1.0
DIGITAL_CAMERA_native;digital_camera_native;D20_V_indoor_move_0002.mp4;True;1.0;1.0;1.0
DIGITAL_CAMERA_native;digital_camera_native;D20_V_outdoor_move_0002.mp4;True;1.0;1.0;1.0
DIGITAL_CAMERA_native;digital_camera_native;D22_V_indoor_move_0002.mp4;True;1.0;1.0;1.0
DIGITAL_CAMERA_native;digital_camera_native;D22_V_outdoor_move_0002.mp4;True;1.0;1.0;1.0
DIGITAL_CAMERA_native;digital_camera_native;D23_V_indoor_move_0002.mp4;True;1.0;1.0;1.0
DIGITAL_CAMERA_native;digital_camera_native;D23_V_outdoor_move_0002.mp4;True;1.0;1.0;1.0
DIGITAL_CAMERA_native;digital_camera_native;D24_V_indoor_move_0002.mp4;True;1.0;1.0;1.0
DIGITAL_CAMERA_native;digital_camera_native;D24_V_outdoor_move_0002.mp4;True;1.0;1.0;1.0
DIGITAL_CAMERA_native;digital_camera_native;D25_V_indoor_move_0002.mp4;True;1.0;1.0;1.0
DIGITAL_CAMERA_native;digital_camera_native;D25_V_outdoor_move_0002.mp4;True;1.0;1.0;1.0
DIGITAL_CAMERA_native;digital_camera_native;D26_V_indoor_move_0002.mp4;True;1.0;1.0;1.0
DIGITAL_CAMERA_native;digital_camera_native;D26_V_outdoor_move_0002.mp4;True;1.0;1.0;1.0
DIGITAL_CAMERA_native;digital_camera_native;D27_V_indoor_move_0002.mp4;True;1.0;1.0;1.0
DIGITAL_CAMERA_native;digital_camera_native;D27_V_outdoor_move_0002.mp4;True;1.0;1.0;1.0
DIGITAL_CAMERA_native;digital_camera_native;D28_V_indoor_move_0002.mp4;True;1.0;1.0;1.0
DIGITAL_CAMERA_native;digital_camera_native;D28_V_outdoor_move_0002.mp4;True;1.0;1.0;1.0
DIGITAL_CAMERA_native;digital_camera_native;D29_V_indoor_move_0002.mp4;True;1.0;1.0;1.0
DIGITAL_CAMERA_native;digital_camera_native;D29_V_outdoor_move_0002.mp4;True;1.0;1.0;1.0
DIGITAL_CAMERA_native;digital_camera_native;D30_V_indoor_move_0002.mp4;True;1.0;1.0;1.0
DIGITAL_CAMERA_native;digital_camera_native;D30_V_outdoor_move_0002.mp4;True;1.0;1.0;1.0
DIGITAL_CAMERA_native;digital_camera_native;D31_V_indoor_move_0002.mp4;True;1.0;1.0;1.0
DIGITAL_CAMERA_native;digital_camera_native;D31_V_outdoor_move_0002.mp4;True;1.0;1.0;1.0
DIGITAL_CAMERA_native;digital_camera_native;D32_V_indoor_move_0002.mp4;True;1.0;1.0;1.0
DIGITAL_CAMERA_native;digital_camera_native;D32_V_outdoor_move_0002.mp4;True;1.0;1.0;1.0
DIGITAL_CAMERA_native;digital_camera_native;D33_V_indoor_move_0002.mp4;True;1.0;1.0;1.0
DIGITAL_CAMERA_native;digital_camera_native;D33_V_outdoor_move_0002.mp4;True;1.0;1.0;1.0
DIGITAL_CAMERA_native;digital_camera_native;D34_V_indoor_move_0002.mp4;True;1.0;1.0;1.0
DIGITAL_CAMERA_native;digital_camera_native;D34_V_outdoor_move_0002.mp4;True;1.0;1.0;1.0
DIGITAL_CAMERA_native;digital_camera_native;D35_V_outdoor_move_0002.mp4;True;1.0;1.0;1.0
DIGITAL_CAMERA_native;digital_camera_native;D35_V_outdoor_panrot_0002.mp4;True;1.0;1.0;1.0
DIGITAL_CAMERA_native;digital_camera_premiere;D01_V_indoor_move_0002.mp4;False;1.0;1.0;1.0
DIGITAL_CAMERA_native;digital_camera_premiere;D01_V_outdoor_move_0002.mp4;False;1.0;1.0;1.0
DIGITAL_CAMERA_native;digital_camera_premiere;D03_V_indoor_move_0002.mp4;False;1.0;1.0;1.0
DIGITAL_CAMERA_native;digital_camera_premiere;D03_V_outdoor_move_0002.mp4;False;1.0;1.0;1.0
DIGITAL_CAMERA_native;digital_camera_premiere;D04_V_indoor_move_0002.mp4;False;1.0;1.0;1.0
DIGITAL_CAMERA_native;digital_camera_premiere;D04_V_outdoor_move_0002.mp4;False;1.0;1.0;1.0
DIGITAL_CAMERA_native;digital_camera_premiere;D05_V_indoor_move_0002.mp4;False;1.0;1.0;1.0
DIGITAL_CAMERA_native;digital_camera_premiere;D05_V_outdoor_move_0002.mp4;False;1.0;1.0;1.0
DIGITAL_CAMERA_native;digital_camera_premiere;D06_V_indoor_move_0002.mp4;False;1.0;1.0;1.0
DIGITAL_CAMERA_native;digital_camera_premiere;D06_V_outdoor_move_0002.mp4;False;1.0;1.0;1.0
DIGITAL_CAMERA_native;digital_camera_premiere;D07_V_indoor_move_0002.mp4;False;1.0;1.0;1.0
DIGITAL_CAMERA_native;digital_camera_premiere;D07_V_outdoor_move_0002.mp4;False;1.0;1.0;1.0
DIGITAL_CAMERA_native;digital_camera_premiere;D08_V_indoor_move_0002.mp4;False;1.0;1.0;1.0
DIGITAL_CAMERA_native;digital_camera_premiere;D08_V_outdoor_move_0002.mp4;False;1.0;1.0;1.0
DIGITAL_CAMERA_native;digital_camera_premiere;D09_V_indoor_move_0002.mp4;False;1.0;1.0;1.0
DIGITAL_CAMERA_native;digital_camera_premiere;D09_V_outdoor_move_0002.mp4;False;1.0;1.0;1.0
DIGITAL_CAMERA_native;digital_camera_premiere;D10_V_indoor_move_0002.mp4;False;1.0;1.0;1.0
DIGITAL_CAMERA_native;digital_camera_premiere;D11_V_indoor_move_0002.mp4;False;1.0;1.0;1.0
DIGITAL_CAMERA_native;digital_camera_premiere;D11_V_outdoor_move_0002.mp4;False;1.0;1.0;1.0
DIGITAL_CAMERA_native;digital_camera_premiere;D12_V_indoor_move_0002.mp4;False;1.0;1.0;1.0
DIGITAL_CAMERA_native;digital_camera_premiere;D12_V_outdoor_move_0002.mp4;False;1.0;1.0;1.0
DIGITAL_CAMERA_native;digital_camera_premiere;D13_V_indoor_move_0002.mp4;False;1.0;1.0;1.0
DIGITAL_CAMERA_native;digital_camera_premiere;D13_V_outdoor_move_0002.mp4;False;1.0;1.0;1.0
DIGITAL_CAMERA_native;digital_camera_premiere;D14_V_indoor_move_0002.mp4;False;1.0;1.0;1.0
DIGITAL_CAMERA_native;digital_camera_premiere;D14_V_outdoor_move_0002.mp4;False;1.0;1.0;1.0
DIGITAL_CAMERA_native;digital_camera_premiere;D15_V_indoor_move_0002.mp4;False;1.0;1.0;1.0
DIGITAL_CAMERA_native;digital_camera_premiere;D15_V_outdoor_move_0002.mp4;False;1.0;1.0;1.0
DIGITAL_CAMERA_native;digital_camera_premiere;D16_V_indoor_move_0002.mp4;False;1.0;1.0;1.0
DIGITAL_CAMERA_native;digital_camera_premiere;D16_V_outdoor_move_0002.mp4;False;1.0;1.0;1.0
DIGITAL_CAMERA_native;digital_camera_premiere;D19_V_indoor_move_0002.mp4;False;1.0;1.0;1.0
DIGITAL_CAMERA_native;digital_camera_premiere;D19_V_outdoor_move_0002.mp4;False;1.0;1.0;1.0
DIGITAL_CAMERA_native;digital_camera_premiere;D20_V_indoor_move_0002.mp4;False;1.0;1.0;1.0
DIGITAL_CAMERA_native;digital_camera_premiere;D20_V_outdoor_move_0002.mp4;False;1.0;1.0;1.0
DIGITAL_CAMERA_native;digital_camera_premiere;D22_V_indoor_move_0002.mp4;False;1.0;1.0;1.0
DIGITAL_CAMERA_native;digital_camera_premiere;D22_V_outdoor_move_0002.mp4;False;1.0;1.0;1.0
DIGITAL_CAMERA_native;digital_camera_premiere;D23_V_indoor_move_0002.mp4;False;1.0;1.0;1.0
DIGITAL_CAMERA_native;digital_camera_premiere;D23_V_outdoor_move_0002.mp4;False;1.0;1.0;1.0
DIGITAL_CAMERA_native;digital_camera_premiere;D24_V_indoor_move_0002.mp4;False;1.0;1.0;1.0
DIGITAL_CAMERA_native;digital_camera_premiere;D24_V_outdoor_move_0002.mp4;False;1.0;1.0;1.0
DIGITAL_CAMERA_native;digital_camera_premiere;D25_V_indoor_move_0002.mp4;False;1.0;1.0;1.0
DIGITAL_CAMERA_native;digital_camera_premiere;D25_V_outdoor_move_0002.mp4;False;1.0;1.0;1.0
DIGITAL_CAMERA_native;digital_camera_premiere;D26_V_indoor_move_0002.mp4;False;1.0;1.0;1.0
DIGITAL_CAMERA_native;digital_camera_premiere;D26_V_outdoor_move_0002.mp4;False;1.0;1.0;1.0
DIGITAL_CAMERA_native;digital_camera_premiere;D27_V_indoor_move_0002.mp4;False;1.0;1.0;1.0
DIGITAL_CAMERA_native;digital_camera_premiere;D27_V_outdoor_move_0002.mp4;False;1.0;1.0;1.0
DIGITAL_CAMERA_native;digital_camera_premiere;D28_V_indoor_move_0002.mp4;False;1.0;1.0;1.0
DIGITAL_CAMERA_native;digital_camera_premiere;D28_V_outdoor_move_0002.mp4;False;1.0;1.0;1.0
DIGITAL_CAMERA_native;digital_camera_premiere;D29_V_indoor_move_0002.mp4;False;1.0;1.0;1.0
DIGITAL_CAMERA_native;digital_camera_premiere;D29_V_outdoor_move_0002.mp4;False;1.0;1.0;1.0
DIGITAL_CAMERA_native;digital_camera_premiere;D30_V_indoor_move_0002.mp4;False;1.0;1.0;1.0
DIGITAL_CAMERA_native;digital_camera_premiere;D30_V_outdoor_move_0002.mp4;False;1.0;1.0;1.0
DIGITAL_CAMERA_native;digital_camera_premiere;D31_V_indoor_move_0002.mp4;False;1.0;1.0;1.0
DIGITAL_CAMERA_native;digital_camera_premiere;D31_V_outdoor_move_0002.mp4;False;1.0;1.0;1.0
DIGITAL_CAMERA_native;digital_camera_premiere;D32_V_indoor_move_0002.mp4;False;1.0;1.0;1.0
DIGITAL_CAMERA_native;digital_camera_premiere;D32_V_outdoor_move_0002.mp4;False;1.0;1.0;1.0
DIGITAL_CAMERA_native;digital_camera_premiere;D33_V_indoor_move_0002.mp4;False;1.0;1.0;1.0
DIGITAL_CAMERA_native;digital_camera_premiere;D33_V_outdoor_move_0002.mp4;False;1.0;1.0;1.0
DIGITAL_CAMERA_native;digital_camera_premiere;D34_V_indoor_move_0002.mp4;False;1.0;1.0;1.0
DIGITAL_CAMERA_native;digital_camera_premiere;D34_V_outdoor_move_0002.mp4;False;1.0;1.0;1.0
DIGITAL_CAMERA_native;digital_camera_premiere;D35_V_outdoor_move_0002.mp4;False;1.0;1.0;1.0
DIGITAL_CAMERA_native;digital_camera_premiere;D35_V_outdoor_panrot_0002.mp4;False;1.0;1.0;1.0
DIGITAL_CAMERA_native;digital_camera_avidemux;D01_V_indoor_move_0002.mp4;False;1.0;1.0;1.0
DIGITAL_CAMERA_native;digital_camera_avidemux;D01_V_outdoor_move_0002.mp4;False;1.0;1.0;1.0
DIGITAL_CAMERA_native;digital_camera_avidemux;D03_V_indoor_move_0002.mp4;False;1.0;1.0;1.0
DIGITAL_CAMERA_native;digital_camera_avidemux;D03_V_outdoor_move_0002.mp4;False;1.0;1.0;1.0
DIGITAL_CAMERA_native;digital_camera_avidemux;D04_V_indoor_move_0002.mp4;False;1.0;1.0;1.0
DIGITAL_CAMERA_native;digital_camera_avidemux;D04_V_outdoor_move_0002.mp4;False;1.0;1.0;1.0
DIGITAL_CAMERA_native;digital_camera_avidemux;D05_V_indoor_move_0002.mp4;False;1.0;1.0;1.0
DIGITAL_CAMERA_native;digital_camera_avidemux;D05_V_outdoor_move_0002.mp4;False;1.0;1.0;1.0
DIGITAL_CAMERA_native;digital_camera_avidemux;D06_V_indoor_move_0002.mp4;False;1.0;1.0;1.0
DIGITAL_CAMERA_native;digital_camera_avidemux;D06_V_outdoor_move_0002.mp4;False;1.0;1.0;1.0
DIGITAL_CAMERA_native;digital_camera_avidemux;D07_V_indoor_move_0002.mp4;False;1.0;1.0;1.0
DIGITAL_CAMERA_native;digital_camera_avidemux;D07_V_outdoor_move_0002.mp4;False;1.0;1.0;1.0
DIGITAL_CAMERA_native;digital_camera_avidemux;D08_V_indoor_move_0002.mp4;False;1.0;1.0;1.0
DIGITAL_CAMERA_native;digital_camera_avidemux;D08_V_outdoor_move_0002.mp4;False;1.0;1.0;1.0
DIGITAL_CAMERA_native;digital_camera_avidemux;D09_V_indoor_move_0002.mp4;False;1.0;1.0;1.0
DIGITAL_CAMERA_native;digital_camera_avidemux;D09_V_outdoor_move_0002.mp4;False;1.0;1.0;1.0
DIGITAL_CAMERA_native;digital_camera_avidemux;D10_V_indoor_move_0002.mp4;False;1.0;1.0;1.0
DIGITAL_CAMERA_native;digital_camera_avidemux;D11_V_indoor_move_0002.mp4;False;1.0;1.0;1.0
DIGITAL_CAMERA_native;digital_camera_avidemux;D11_V_outdoor_move_0002.mp4;False;1.0;1.0;1.0
DIGITAL_CAMERA_native;digital_camera_avidemux;D12_V_indoor_move_0002.mp4;False;1.0;1.0;1.0
DIGITAL_CAMERA_native;digital_camera_avidemux;D12_V_outdoor_move_0002.mp4;False;1.0;1.0;1.0
DIGITAL_CAMERA_native;digital_camera_avidemux;D13_V_indoor_move_0002.mp4;False;1.0;1.0;1.0
DIGITAL_CAMERA_native;digital_camera_avidemux;D13_V_outdoor_move_0002.mp4;False;1.0;1.0;1.0
DIGITAL_CAMERA_native;digital_camera_avidemux;D14_V_indoor_move_0002.mp4;False;1.0;1.0;1.0
DIGITAL_CAMERA_native;digital_camera_avidemux;D14_V_outdoor_move_0002.mp4;False;1.0;1.0;1.0
DIGITAL_CAMERA_native;digital_camera_avidemux;D15_V_indoor_move_0002.mp4;False;1.0;1.0;1.0
DIGITAL_CAMERA_native;digital_camera_avidemux;D15_V_outdoor_move_0002.mp4;False;1.0;1.0;1.0
DIGITAL_CAMERA_native;digital_camera_avidemux;D16_V_indoor_move_0002.mp4;False;1.0;1.0;1.0
DIGITAL_CAMERA_native;digital_camera_avidemux;D16_V_outdoor_move_0002.mp4;False;1.0;1.0;1.0
DIGITAL_CAMERA_native;digital_camera_avidemux;D19_V_indoor_move_0002.mp4;False;1.0;1.0;1.0
DIGITAL_CAMERA_native;digital_camera_avidemux;D19_V_outdoor_move_0002.mp4;False;1.0;1.0;1.0
DIGITAL_CAMERA_native;digital_camera_avidemux;D20_V_indoor_move_0002.mp4;False;1.0;1.0;1.0
DIGITAL_CAMERA_native;digital_camera_avidemux;D20_V_outdoor_move_0002.mp4;False;1.0;1.0;1.0
DIGITAL_CAMERA_native;digital_camera_avidemux;D22_V_indoor_move_0002.mp4;False;1.0;1.0;1.0
DIGITAL_CAMERA_native;digital_camera_avidemux;D22_V_outdoor_move_0002.mp4;False;1.0;1.0;1.0
DIGITAL_CAMERA_native;digital_camera_avidemux;D23_V_indoor_move_0002.mp4;False;1.0;1.0;1.0
DIGITAL_CAMERA_native;digital_camera_avidemux;D23_V_outdoor_move_0002.mp4;False;1.0;1.0;1.0
DIGITAL_CAMERA_native;digital_camera_avidemux;D24_V_indoor_move_0002.mp4;False;1.0;1.0;1.0
DIGITAL_CAMERA_native;digital_camera_avidemux;D24_V_outdoor_move_0002.mp4;False;1.0;1.0;1.0
DIGITAL_CAMERA_native;digital_camera_avidemux;D25_V_indoor_move_0002.mp4;False;1.0;1.0;1.0
DIGITAL_CAMERA_native;digital_camera_avidemux;D25_V_outdoor_move_0002.mp4;False;1.0;1.0;1.0
DIGITAL_CAMERA_native;digital_camera_avidemux;D26_V_indoor_move_0002.mp4;False;1.0;1.0;1.0
DIGITAL_CAMERA_native;digital_camera_avidemux;D26_V_outdoor_move_0002.mp4;False;1.0;1.0;1.0
DIGITAL_CAMERA_native;digital_camera_avidemux;D27_V_indoor_move_0002.mp4;False;1.0;1.0;1.0
DIGITAL_CAMERA_native;digital_camera_avidemux;D27_V_outdoor_move_0002.mp4;False;1.0;1.0;1.0
DIGITAL_CAMERA_native;digital_camera_avidemux;D28_V_indoor_move_0002.mp4;False;1.0;1.0;1.0
DIGITAL_CAMERA_native;digital_camera_avidemux;D28_V_outdoor_move_0002.mp4;False;1.0;1.0;1.0
DIGITAL_CAMERA_native;digital_camera_avidemux;D29_V_indoor_move_0002.mp4;False;1.0;1.0;1.0
DIGITAL_CAMERA_native;digital_camera_avidemux;D29_V_outdoor_move_0002.mp4;False;1.0;1.0;1.0
DIGITAL_CAMERA_native;digital_camera_avidemux;D30_V_indoor_move_0002.mp4;False;1.0;1.0;1.0
DIGITAL_CAMERA_native;digital_camera_avidemux;D30_V_outdoor_move_0002.mp4;False;1.0;1.0;1.0
DIGITAL_CAMERA_native;digital_camera_avidemux;D31_V_indoor_move_0002.mp4;False;1.0;1.0;1.0
DIGITAL_CAMERA_native;digital_camera_avidemux;D31_V_outdoor_move_0002.mp4;False;1.0;1.0;1.0
DIGITAL_CAMERA_native;digital_camera_avidemux;D32_V_indoor_move_0002.mp4;False;1.0;1.0;1.0
DIGITAL_CAMERA_native;digital_camera_avidemux;D32_V_outdoor_move_0002.mp4;False;1.0;1.0;1.0
DIGITAL_CAMERA_native;digital_camera_avidemux;D33_V_indoor_move_0002.mp4;False;1.0;1.0;1.0
DIGITAL_CAMERA_native;digital_camera_avidemux;D33_V_outdoor_move_0002.mp4;False;1.0;1.0;1.0
DIGITAL_CAMERA_native;digital_camera_avidemux;D34_V_indoor_move_0002.mp4;False;1.0;1.0;1.0
DIGITAL_CAMERA_native;digital_camera_avidemux;D34_V_outdoor_move_0002.mp4;False;1.0;1.0;1.0
DIGITAL_CAMERA_native;digital_camera_avidemux;D35_V_outdoor_move_0002.mp4;False;1.0;1.0;1.0
DIGITAL_CAMERA_native;digital_camera_avidemux;D35_V_outdoor_panrot_0002.mp4;False;1.0;1.0;1.0
DIGITAL_CAMERA_native;digital_camera_exiftool;D01_V_indoor_move_0002.mp4;False;1.0;1.0;1.0
DIGITAL_CAMERA_native;digital_camera_exiftool;D01_V_outdoor_move_0002.mp4;False;1.0;1.0;1.0
DIGITAL_CAMERA_native;digital_camera_exiftool;D03_V_indoor_move_0002.mp4;False;1.0;1.0;1.0
DIGITAL_CAMERA_native;digital_camera_exiftool;D03_V_outdoor_move_0002.mp4;False;1.0;1.0;1.0
DIGITAL_CAMERA_native;digital_camera_exiftool;D04_V_indoor_move_0002.mp4;False;1.0;1.0;1.0
DIGITAL_CAMERA_native;digital_camera_exiftool;D04_V_outdoor_move_0002.mp4;False;1.0;1.0;1.0
DIGITAL_CAMERA_native;digital_camera_exiftool;D05_V_indoor_move_0002.mp4;False;1.0;1.0;1.0
DIGITAL_CAMERA_native;digital_camera_exiftool;D05_V_outdoor_move_0002.mp4;False;1.0;1.0;1.0
DIGITAL_CAMERA_native;digital_camera_exiftool;D06_V_indoor_move_0002.mp4;False;1.0;1.0;1.0
DIGITAL_CAMERA_native;digital_camera_exiftool;D06_V_outdoor_move_0002.mp4;False;1.0;1.0;1.0
DIGITAL_CAMERA_native;digital_camera_exiftool;D07_V_indoor_move_0002.mp4;False;1.0;1.0;1.0
DIGITAL_CAMERA_native;digital_camera_exiftool;D07_V_outdoor_move_0002.mp4;False;1.0;1.0;1.0
DIGITAL_CAMERA_native;digital_camera_exiftool;D08_V_indoor_move_0002.mp4;False;1.0;1.0;1.0
DIGITAL_CAMERA_native;digital_camera_exiftool;D08_V_outdoor_move_0002.mp4;False;1.0;1.0;1.0
DIGITAL_CAMERA_native;digital_camera_exiftool;D09_V_indoor_move_0002.mp4;False;1.0;1.0;1.0
DIGITAL_CAMERA_native;digital_camera_exiftool;D09_V_outdoor_move_0002.mp4;False;1.0;1.0;1.0
DIGITAL_CAMERA_native;digital_camera_exiftool;D10_V_indoor_move_0002.mp4;False;1.0;1.0;1.0
DIGITAL_CAMERA_native;digital_camera_exiftool;D11_V_indoor_move_0002.mp4;False;1.0;1.0;1.0
DIGITAL_CAMERA_native;digital_camera_exiftool;D11_V_outdoor_move_0002.mp4;False;1.0;1.0;1.0
DIGITAL_CAMERA_native;digital_camera_exiftool;D12_V_indoor_move_0002.mp4;False;1.0;1.0;1.0
DIGITAL_CAMERA_native;digital_camera_exiftool;D12_V_outdoor_move_0002.mp4;False;1.0;1.0;1.0
DIGITAL_CAMERA_native;digital_camera_exiftool;D13_V_indoor_move_0002.mp4;False;1.0;1.0;1.0
DIGITAL_CAMERA_native;digital_camera_exiftool;D13_V_outdoor_move_0002.mp4;False;1.0;1.0;1.0
DIGITAL_CAMERA_native;digital_camera_exiftool;D14_V_indoor_move_0002.mp4;False;1.0;1.0;1.0
DIGITAL_CAMERA_native;digital_camera_exiftool;D14_V_outdoor_move_0002.mp4;False;1.0;1.0;1.0
DIGITAL_CAMERA_native;digital_camera_exiftool;D15_V_indoor_move_0002.mp4;False;1.0;1.0;1.0
DIGITAL_CAMERA_native;digital_camera_exiftool;D15_V_outdoor_move_0002.mp4;False;1.0;1.0;1.0
DIGITAL_CAMERA_native;digital_camera_exiftool;D16_V_indoor_move_0002.mp4;False;1.0;1.0;1.0
DIGITAL_CAMERA_native;digital_camera_exiftool;D16_V_outdoor_move_0002.mp4;False;1.0;1.0;1.0
DIGITAL_CAMERA_native;digital_camera_exiftool;D19_V_indoor_move_0002.mp4;False;1.0;1.0;1.0
DIGITAL_CAMERA_native;digital_camera_exiftool;D19_V_outdoor_move_0002.mp4;False;1.0;1.0;1.0
DIGITAL_CAMERA_native;digital_camera_exiftool;D20_V_indoor_move_0002.mp4;False;1.0;1.0;1.0
DIGITAL_CAMERA_native;digital_camera_exiftool;D20_V_outdoor_move_0002.mp4;False;1.0;1.0;1.0
DIGITAL_CAMERA_native;digital_camera_exiftool;D22_V_indoor_move_0002.mp4;False;1.0;1.0;1.0
DIGITAL_CAMERA_native;digital_camera_exiftool;D22_V_outdoor_move_0002.mp4;False;1.0;1.0;1.0
DIGITAL_CAMERA_native;digital_camera_exiftool;D23_V_indoor_move_0002.mp4;False;1.0;1.0;1.0
DIGITAL_CAMERA_native;digital_camera_exiftool;D23_V_outdoor_move_0002.mp4;False;1.0;1.0;1.0
DIGITAL_CAMERA_native;digital_camera_exiftool;D24_V_indoor_move_0002.mp4;False;1.0;1.0;1.0
DIGITAL_CAMERA_native;digital_camera_exiftool;D24_V_outdoor_move_0002.mp4;False;1.0;1.0;1.0
DIGITAL_CAMERA_native;digital_camera_exiftool;D25_V_indoor_move_0002.mp4;False;1.0;1.0;1.0
DIGITAL_CAMERA_native;digital_camera_exiftool;D25_V_outdoor_move_0002.mp4;False;1.0;1.0;1.0
DIGITAL_CAMERA_native;digital_camera_exiftool;D26_V_indoor_move_0002.mp4;False;1.0;1.0;1.0
DIGITAL_CAMERA_native;digital_camera_exiftool;D26_V_outdoor_move_0002.mp4;False;1.0;1.0;1.0
DIGITAL_CAMERA_native;digital_camera_exiftool;D27_V_indoor_move_0002.mp4;False;1.0;1.0;1.0
DIGITAL_CAMERA_native;digital_camera_exiftool;D27_V_outdoor_move_0002.mp4;False;1.0;1.0;1.0
DIGITAL_CAMERA_native;digital_camera_exiftool;D28_V_indoor_move_0002.mp4;False;1.0;1.0;1.0
DIGITAL_CAMERA_native;digital_camera_exiftool;D28_V_outdoor_move_0002.mp4;False;1.0;1.0;1.0
DIGITAL_CAMERA_native;digital_camera_exiftool;D29_V_indoor_move_0002.mp4;False;1.0;1.0;1.0
DIGITAL_CAMERA_native;digital_camera_exiftool;D29_V_outdoor_move_0002.mp4;False;1.0;1.0;1.0
DIGITAL_CAMERA_native;digital_camera_exiftool;D30_V_indoor_move_0002.mp4;False;1.0;1.0;1.0
DIGITAL_CAMERA_native;digital_camera_exiftool;D30_V_outdoor_move_0002.mp4;False;1.0;1.0;1.0
DIGITAL_CAMERA_native;digital_camera_exiftool;D31_V_indoor_move_0002.mp4;False;1.0;1.0;1.0
DIGITAL_CAMERA_native;digital_camera_exiftool;D31_V_outdoor_move_0002.mp4;False;1.0;1.0;1.0
DIGITAL_CAMERA_native;digital_camera_exiftool;D32_V_indoor_move_0002.mp4;False;1.0;1.0;1.0
DIGITAL_CAMERA_native;digital_camera_exiftool;D32_V_outdoor_move_0002.mp4;False;1.0;1.0;1.0
DIGITAL_CAMERA_native;digital_camera_exiftool;D33_V_indoor_move_0002.mp4;False;1.0;1.0;1.0
DIGITAL_CAMERA_native;digital_camera_exiftool;D33_V_outdoor_move_0002.mp4;False;1.0;1.0;1.0
DIGITAL_CAMERA_native;digital_camera_exiftool;D34_V_indoor_move_0002.mp4;False;1.0;1.0;1.0
DIGITAL_CAMERA_native;digital_camera_exiftool;D34_V_outdoor_move_0002.mp4;False;1.0;1.0;1.0
DIGITAL_CAMERA_native;digital_camera_exiftool;D35_V_outdoor_move_0002.mp4;False;1.0;1.0;1.0
DIGITAL_CAMERA_native;digital_camera_exiftool;D35_V_outdoor_panrot_0002.mp4;False;1.0;1.0;1.0
DIGITAL_CAMERA_native;digital_camera_ffmpeg1;D01_V_indoor_move_0002.mp4;False;1.0;1.0;1.0
DIGITAL_CAMERA_native;digital_camera_ffmpeg1;D01_V_outdoor_move_0002.mp4;False;1.0;1.0;1.0
DIGITAL_CAMERA_native;digital_camera_ffmpeg1;D03_V_indoor_move_0002.mp4;False;1.0;1.0;1.0
DIGITAL_CAMERA_native;digital_camera_ffmpeg1;D03_V_outdoor_move_0002.mp4;False;1.0;1.0;1.0
DIGITAL_CAMERA_native;digital_camera_ffmpeg1;D04_V_indoor_move_0002.mp4;False;1.0;1.0;1.0
DIGITAL_CAMERA_native;digital_camera_ffmpeg1;D04_V_outdoor_move_0002.mp4;False;1.0;1.0;1.0
DIGITAL_CAMERA_native;digital_camera_ffmpeg1;D05_V_indoor_move_0002.mp4;False;1.0;1.0;1.0
DIGITAL_CAMERA_native;digital_camera_ffmpeg1;D05_V_outdoor_move_0002.mp4;False;1.0;1.0;1.0
DIGITAL_CAMERA_native;digital_camera_ffmpeg1;D06_V_indoor_move_0002.mp4;False;1.0;1.0;1.0
DIGITAL_CAMERA_native;digital_camera_ffmpeg1;D06_V_outdoor_move_0002.mp4;False;1.0;1.0;1.0
DIGITAL_CAMERA_native;digital_camera_ffmpeg1;D07_V_indoor_move_0002.mp4;False;1.0;1.0;1.0
DIGITAL_CAMERA_native;digital_camera_ffmpeg1;D07_V_outdoor_move_0002.mp4;False;1.0;1.0;1.0
DIGITAL_CAMERA_native;digital_camera_ffmpeg1;D08_V_indoor_move_0002.mp4;False;1.0;1.0;1.0
DIGITAL_CAMERA_native;digital_camera_ffmpeg1;D08_V_outdoor_move_0002.mp4;False;1.0;1.0;1.0
DIGITAL_CAMERA_native;digital_camera_ffmpeg1;D09_V_indoor_move_0002.mp4;False;1.0;1.0;1.0
DIGITAL_CAMERA_native;digital_camera_ffmpeg1;D09_V_outdoor_move_0002.mp4;False;1.0;1.0;1.0
DIGITAL_CAMERA_native;digital_camera_ffmpeg1;D10_V_indoor_move_0002.mp4;False;1.0;1.0;1.0
DIGITAL_CAMERA_native;digital_camera_ffmpeg1;D11_V_indoor_move_0002.mp4;False;1.0;1.0;1.0
DIGITAL_CAMERA_native;digital_camera_ffmpeg1;D11_V_outdoor_move_0002.mp4;False;1.0;1.0;1.0
DIGITAL_CAMERA_native;digital_camera_ffmpeg1;D12_V_indoor_move_0002.mp4;False;1.0;1.0;1.0
DIGITAL_CAMERA_native;digital_camera_ffmpeg1;D12_V_outdoor_move_0002.mp4;False;1.0;1.0;1.0
DIGITAL_CAMERA_native;digital_camera_ffmpeg1;D13_V_indoor_move_0002.mp4;False;1.0;1.0;1.0
DIGITAL_CAMERA_native;digital_camera_ffmpeg1;D13_V_outdoor_move_0002.mp4;False;1.0;1.0;1.0
DIGITAL_CAMERA_native;digital_camera_ffmpeg1;D14_V_indoor_move_0002.mp4;False;1.0;1.0;1.0
DIGITAL_CAMERA_native;digital_camera_ffmpeg1;D14_V_outdoor_move_0002.mp4;False;1.0;1.0;1.0
DIGITAL_CAMERA_native;digital_camera_ffmpeg1;D15_V_indoor_move_0002.mp4;False;1.0;1.0;1.0
DIGITAL_CAMERA_native;digital_camera_ffmpeg1;D15_V_outdoor_move_0002.mp4;False;1.0;1.0;1.0
DIGITAL_CAMERA_native;digital_camera_ffmpeg1;D16_V_indoor_move_0002.mp4;False;1.0;1.0;1.0
DIGITAL_CAMERA_native;digital_camera_ffmpeg1;D16_V_outdoor_move_0002.mp4;False;1.0;1.0;1.0
DIGITAL_CAMERA_native;digital_camera_ffmpeg1;D19_V_indoor_move_0002.mp4;False;1.0;1.0;1.0
DIGITAL_CAMERA_native;digital_camera_ffmpeg1;D19_V_outdoor_move_0002.mp4;False;1.0;1.0;1.0
DIGITAL_CAMERA_native;digital_camera_ffmpeg1;D20_V_indoor_move_0002.mp4;False;1.0;1.0;1.0
DIGITAL_CAMERA_native;digital_camera_ffmpeg1;D20_V_outdoor_move_0002.mp4;False;1.0;1.0;1.0
DIGITAL_CAMERA_native;digital_camera_ffmpeg1;D22_V_indoor_move_0002.mp4;False;1.0;1.0;1.0
DIGITAL_CAMERA_native;digital_camera_ffmpeg1;D22_V_outdoor_move_0002.mp4;False;1.0;1.0;1.0
DIGITAL_CAMERA_native;digital_camera_ffmpeg1;D23_V_indoor_move_0002.mp4;False;1.0;1.0;1.0
DIGITAL_CAMERA_native;digital_camera_ffmpeg1;D23_V_outdoor_move_0002.mp4;False;1.0;1.0;1.0
DIGITAL_CAMERA_native;digital_camera_ffmpeg1;D24_V_indoor_move_0002.mp4;False;1.0;1.0;1.0
DIGITAL_CAMERA_native;digital_camera_ffmpeg1;D24_V_outdoor_move_0002.mp4;False;1.0;1.0;1.0
DIGITAL_CAMERA_native;digital_camera_ffmpeg1;D25_V_indoor_move_0002.mp4;False;1.0;1.0;1.0
DIGITAL_CAMERA_native;digital_camera_ffmpeg1;D25_V_outdoor_move_0002.mp4;False;1.0;1.0;1.0
DIGITAL_CAMERA_native;digital_camera_ffmpeg1;D26_V_indoor_move_0002.mp4;False;1.0;1.0;1.0
DIGITAL_CAMERA_native;digital_camera_ffmpeg1;D26_V_outdoor_move_0002.mp4;False;1.0;1.0;1.0
DIGITAL_CAMERA_native;digital_camera_ffmpeg1;D27_V_indoor_move_0002.mp4;False;1.0;1.0;1.0
DIGITAL_CAMERA_native;digital_camera_ffmpeg1;D27_V_outdoor_move_0002.mp4;False;1.0;1.0;1.0
DIGITAL_CAMERA_native;digital_camera_ffmpeg1;D28_V_indoor_move_0002.mp4;False;1.0;1.0;1.0
DIGITAL_CAMERA_native;digital_camera_ffmpeg1;D28_V_outdoor_move_0002.mp4;False;1.0;1.0;1.0
DIGITAL_CAMERA_native;digital_camera_ffmpeg1;D29_V_indoor_move_0002.mp4;False;1.0;1.0;1.0
DIGITAL_CAMERA_native;digital_camera_ffmpeg1;D29_V_outdoor_move_0002.mp4;False;1.0;1.0;1.0
DIGITAL_CAMERA_native;digital_camera_ffmpeg1;D30_V_indoor_move_0002.mp4;False;1.0;1.0;1.0
DIGITAL_CAMERA_native;digital_camera_ffmpeg1;D30_V_outdoor_move_0002.mp4;False;1.0;1.0;1.0
DIGITAL_CAMERA_native;digital_camera_ffmpeg1;D31_V_indoor_move_0002.mp4;False;1.0;1.0;1.0
DIGITAL_CAMERA_native;digital_camera_ffmpeg1;D31_V_outdoor_move_0002.mp4;False;1.0;1.0;1.0
DIGITAL_CAMERA_native;digital_camera_ffmpeg1;D32_V_indoor_move_0002.mp4;False;1.0;1.0;1.0
DIGITAL_CAMERA_native;digital_camera_ffmpeg1;D32_V_outdoor_move_0002.mp4;False;1.0;1.0;1.0
DIGITAL_CAMERA_native;digital_camera_ffmpeg1;D33_V_indoor_move_0002.mp4;False;1.0;1.0;1.0
DIGITAL_CAMERA_native;digital_camera_ffmpeg1;D33_V_outdoor_move_0002.mp4;False;1.0;1.0;1.0
DIGITAL_CAMERA_native;digital_camera_ffmpeg1;D34_V_indoor_move_0002.mp4;False;1.0;1.0;1.0
DIGITAL_CAMERA_native;digital_camera_ffmpeg1;D34_V_outdoor_move_0002.mp4;False;1.0;1.0;1.0
DIGITAL_CAMERA_native;digital_camera_ffmpeg1;D35_V_outdoor_move_0002.mp4;False;1.0;1.0;1.0
DIGITAL_CAMERA_native;digital_camera_ffmpeg1;D35_V_outdoor_panrot_0002.mp4;False;1.0;1.0;1.0
DIGITAL_CAMERA_native;digital_camera_ffmpeg2;D01_V_indoor_move_0002.mp4;False;1.0;1.0;1.0
DIGITAL_CAMERA_native;digital_camera_ffmpeg2;D01_V_outdoor_move_0002.mp4;False;1.0;1.0;1.0
DIGITAL_CAMERA_native;digital_camera_ffmpeg2;D03_V_indoor_move_0002.mp4;False;1.0;1.0;1.0
DIGITAL_CAMERA_native;digital_camera_ffmpeg2;D03_V_outdoor_move_0002.mp4;False;1.0;1.0;1.0
DIGITAL_CAMERA_native;digital_camera_ffmpeg2;D04_V_indoor_move_0002.mp4;False;1.0;1.0;1.0
DIGITAL_CAMERA_native;digital_camera_ffmpeg2;D04_V_outdoor_move_0002.mp4;False;1.0;1.0;1.0
DIGITAL_CAMERA_native;digital_camera_ffmpeg2;D05_V_indoor_move_0002.mp4;False;1.0;1.0;1.0
DIGITAL_CAMERA_native;digital_camera_ffmpeg2;D05_V_outdoor_move_0002.mp4;False;1.0;1.0;1.0
DIGITAL_CAMERA_native;digital_camera_ffmpeg2;D06_V_indoor_move_0002.mp4;False;1.0;1.0;1.0
DIGITAL_CAMERA_native;digital_camera_ffmpeg2;D06_V_outdoor_move_0002.mp4;False;1.0;1.0;1.0
DIGITAL_CAMERA_native;digital_camera_ffmpeg2;D07_V_indoor_move_0002.mp4;False;1.0;1.0;1.0
DIGITAL_CAMERA_native;digital_camera_ffmpeg2;D07_V_outdoor_move_0002.mp4;False;1.0;1.0;1.0
DIGITAL_CAMERA_native;digital_camera_ffmpeg2;D08_V_indoor_move_0002.mp4;False;1.0;1.0;1.0
DIGITAL_CAMERA_native;digital_camera_ffmpeg2;D08_V_outdoor_move_0002.mp4;False;1.0;1.0;1.0
DIGITAL_CAMERA_native;digital_camera_ffmpeg2;D09_V_indoor_move_0002.mp4;False;1.0;1.0;1.0
DIGITAL_CAMERA_native;digital_camera_ffmpeg2;D09_V_outdoor_move_0002.mp4;False;1.0;1.0;1.0
DIGITAL_CAMERA_native;digital_camera_ffmpeg2;D10_V_indoor_move_0002.mp4;False;1.0;1.0;1.0
DIGITAL_CAMERA_native;digital_camera_ffmpeg2;D11_V_indoor_move_0002.mp4;False;1.0;1.0;1.0
DIGITAL_CAMERA_native;digital_camera_ffmpeg2;D11_V_outdoor_move_0002.mp4;False;1.0;1.0;1.0
DIGITAL_CAMERA_native;digital_camera_ffmpeg2;D12_V_indoor_move_0002.mp4;False;1.0;1.0;1.0
DIGITAL_CAMERA_native;digital_camera_ffmpeg2;D12_V_outdoor_move_0002.mp4;False;1.0;1.0;1.0
DIGITAL_CAMERA_native;digital_camera_ffmpeg2;D13_V_indoor_move_0002.mp4;False;1.0;1.0;1.0
DIGITAL_CAMERA_native;digital_camera_ffmpeg2;D13_V_outdoor_move_0002.mp4;False;1.0;1.0;1.0
DIGITAL_CAMERA_native;digital_camera_ffmpeg2;D14_V_indoor_move_0002.mp4;False;1.0;1.0;1.0
DIGITAL_CAMERA_native;digital_camera_ffmpeg2;D14_V_outdoor_move_0002.mp4;False;1.0;1.0;1.0
DIGITAL_CAMERA_native;digital_camera_ffmpeg2;D15_V_indoor_move_0002.mp4;False;1.0;1.0;1.0
DIGITAL_CAMERA_native;digital_camera_ffmpeg2;D15_V_outdoor_move_0002.mp4;False;1.0;1.0;1.0
DIGITAL_CAMERA_native;digital_camera_ffmpeg2;D16_V_indoor_move_0002.mp4;False;1.0;1.0;1.0
DIGITAL_CAMERA_native;digital_camera_ffmpeg2;D16_V_outdoor_move_0002.mp4;False;1.0;1.0;1.0
DIGITAL_CAMERA_native;digital_camera_ffmpeg2;D19_V_indoor_move_0002.mp4;False;1.0;1.0;1.0
DIGITAL_CAMERA_native;digital_camera_ffmpeg2;D19_V_outdoor_move_0002.mp4;False;1.0;1.0;1.0
DIGITAL_CAMERA_native;digital_camera_ffmpeg2;D20_V_indoor_move_0002.mp4;False;1.0;1.0;1.0
DIGITAL_CAMERA_native;digital_camera_ffmpeg2;D20_V_outdoor_move_0002.mp4;False;1.0;1.0;1.0
DIGITAL_CAMERA_native;digital_camera_ffmpeg2;D22_V_indoor_move_0002.mp4;False;1.0;1.0;1.0
DIGITAL_CAMERA_native;digital_camera_ffmpeg2;D22_V_outdoor_move_0002.mp4;False;1.0;1.0;1.0
DIGITAL_CAMERA_native;digital_camera_ffmpeg2;D23_V_indoor_move_0002.mp4;False;1.0;1.0;1.0
DIGITAL_CAMERA_native;digital_camera_ffmpeg2;D23_V_outdoor_move_0002.mp4;False;1.0;1.0;1.0
DIGITAL_CAMERA_native;digital_camera_ffmpeg2;D24_V_indoor_move_0002.mp4;False;1.0;1.0;1.0
DIGITAL_CAMERA_native;digital_camera_ffmpeg2;D24_V_outdoor_move_0002.mp4;False;1.0;1.0;1.0
DIGITAL_CAMERA_native;digital_camera_ffmpeg2;D25_V_indoor_move_0002.mp4;False;1.0;1.0;1.0
DIGITAL_CAMERA_native;digital_camera_ffmpeg2;D25_V_outdoor_move_0002.mp4;False;1.0;1.0;1.0
DIGITAL_CAMERA_native;digital_camera_ffmpeg2;D26_V_indoor_move_0002.mp4;False;1.0;1.0;1.0
DIGITAL_CAMERA_native;digital_camera_ffmpeg2;D26_V_outdoor_move_0002.mp4;False;1.0;1.0;1.0
DIGITAL_CAMERA_native;digital_camera_ffmpeg2;D27_V_indoor_move_0002.mp4;False;1.0;1.0;1.0
DIGITAL_CAMERA_native;digital_camera_ffmpeg2;D27_V_outdoor_move_0002.mp4;False;1.0;1.0;1.0
DIGITAL_CAMERA_native;digital_camera_ffmpeg2;D28_V_indoor_move_0002.mp4;False;1.0;1.0;1.0
DIGITAL_CAMERA_native;digital_camera_ffmpeg2;D28_V_outdoor_move_0002.mp4;False;1.0;1.0;1.0
DIGITAL_CAMERA_native;digital_camera_ffmpeg2;D29_V_indoor_move_0002.mp4;False;1.0;1.0;1.0
DIGITAL_CAMERA_native;digital_camera_ffmpeg2;D29_V_outdoor_move_0002.mp4;False;1.0;1.0;1.0
DIGITAL_CAMERA_native;digital_camera_ffmpeg2;D30_V_indoor_move_0002.mp4;False;1.0;1.0;1.0
DIGITAL_CAMERA_native;digital_camera_ffmpeg2;D30_V_outdoor_move_0002.mp4;False;1.0;1.0;1.0
DIGITAL_CAMERA_native;digital_camera_ffmpeg2;D31_V_indoor_move_0002.mp4;False;1.0;1.0;1.0
DIGITAL_CAMERA_native;digital_camera_ffmpeg2;D31_V_outdoor_move_0002.mp4;False;1.0;1.0;1.0
DIGITAL_CAMERA_native;digital_camera_ffmpeg2;D32_V_indoor_move_0002.mp4;False;1.0;1.0;1.0
DIGITAL_CAMERA_native;digital_camera_ffmpeg2;D32_V_outdoor_move_0002.mp4;False;1.0;1.0;1.0
DIGITAL_CAMERA_native;digital_camera_ffmpeg2;D33_V_indoor_move_0002.mp4;False;1.0;1.0;1.0
DIGITAL_CAMERA_native;digital_camera_ffmpeg2;D33_V_outdoor_move_0002.mp4;False;1.0;1.0;1.0
DIGITAL_CAMERA_native;digital_camera_ffmpeg2;D34_V_indoor_move_0002.mp4;False;1.0;1.0;1.0
DIGITAL_CAMERA_native;digital_camera_ffmpeg2;D34_V_outdoor_move_0002.mp4;False;1.0;1.0;1.0
DIGITAL_CAMERA_native;digital_camera_ffmpeg2;D35_V_outdoor_move_0002.mp4;False;1.0;1.0;1.0
DIGITAL_CAMERA_native;digital_camera_ffmpeg2;D35_V_outdoor_panrot_0002.mp4;False;1.0;1.0;1.0
DIGITAL_CAMERA_native;digital_camera_ffmpeg3;D01_V_indoor_move_0002.mp4;False;1.0;1.0;1.0
DIGITAL_CAMERA_native;digital_camera_ffmpeg3;D01_V_outdoor_move_0002.mp4;False;1.0;1.0;1.0
DIGITAL_CAMERA_native;digital_camera_ffmpeg3;D03_V_indoor_move_0002.mp4;False;1.0;1.0;1.0
DIGITAL_CAMERA_native;digital_camera_ffmpeg3;D03_V_outdoor_move_0002.mp4;False;1.0;1.0;1.0
DIGITAL_CAMERA_native;digital_camera_ffmpeg3;D04_V_indoor_move_0002.mp4;False;1.0;1.0;1.0
DIGITAL_CAMERA_native;digital_camera_ffmpeg3;D04_V_outdoor_move_0002.mp4;False;1.0;1.0;1.0
DIGITAL_CAMERA_native;digital_camera_ffmpeg3;D05_V_indoor_move_0002.mp4;False;1.0;1.0;1.0
DIGITAL_CAMERA_native;digital_camera_ffmpeg3;D05_V_outdoor_move_0002.mp4;False;1.0;1.0;1.0
DIGITAL_CAMERA_native;digital_camera_ffmpeg3;D06_V_indoor_move_0002.mp4;False;1.0;1.0;1.0
DIGITAL_CAMERA_native;digital_camera_ffmpeg3;D06_V_outdoor_move_0002.mp4;False;1.0;1.0;1.0
DIGITAL_CAMERA_native;digital_camera_ffmpeg3;D07_V_indoor_move_0002.mp4;False;1.0;1.0;1.0
DIGITAL_CAMERA_native;digital_camera_ffmpeg3;D07_V_outdoor_move_0002.mp4;False;1.0;1.0;1.0
DIGITAL_CAMERA_native;digital_camera_ffmpeg3;D08_V_indoor_move_0002.mp4;False;1.0;1.0;1.0
DIGITAL_CAMERA_native;digital_camera_ffmpeg3;D08_V_outdoor_move_0002.mp4;False;1.0;1.0;1.0
DIGITAL_CAMERA_native;digital_camera_ffmpeg3;D09_V_indoor_move_0002.mp4;False;1.0;1.0;1.0
DIGITAL_CAMERA_native;digital_camera_ffmpeg3;D09_V_outdoor_move_0002.mp4;False;1.0;1.0;1.0
DIGITAL_CAMERA_native;digital_camera_ffmpeg3;D10_V_indoor_move_0002.mp4;False;1.0;1.0;1.0
DIGITAL_CAMERA_native;digital_camera_ffmpeg3;D11_V_indoor_move_0002.mp4;False;1.0;1.0;1.0
DIGITAL_CAMERA_native;digital_camera_ffmpeg3;D11_V_outdoor_move_0002.mp4;False;1.0;1.0;1.0
DIGITAL_CAMERA_native;digital_camera_ffmpeg3;D12_V_indoor_move_0002.mp4;False;1.0;1.0;1.0
DIGITAL_CAMERA_native;digital_camera_ffmpeg3;D12_V_outdoor_move_0002.mp4;False;1.0;1.0;1.0
DIGITAL_CAMERA_native;digital_camera_ffmpeg3;D13_V_indoor_move_0002.mp4;False;1.0;1.0;1.0
DIGITAL_CAMERA_native;digital_camera_ffmpeg3;D13_V_outdoor_move_0002.mp4;False;1.0;1.0;1.0
DIGITAL_CAMERA_native;digital_camera_ffmpeg3;D14_V_indoor_move_0002.mp4;False;1.0;1.0;1.0
DIGITAL_CAMERA_native;digital_camera_ffmpeg3;D14_V_outdoor_move_0002.mp4;False;1.0;1.0;1.0
DIGITAL_CAMERA_native;digital_camera_ffmpeg3;D15_V_indoor_move_0002.mp4;False;1.0;1.0;1.0
DIGITAL_CAMERA_native;digital_camera_ffmpeg3;D15_V_outdoor_move_0002.mp4;False;1.0;1.0;1.0
DIGITAL_CAMERA_native;digital_camera_ffmpeg3;D16_V_indoor_move_0002.mp4;False;1.0;1.0;1.0
DIGITAL_CAMERA_native;digital_camera_ffmpeg3;D16_V_outdoor_move_0002.mp4;False;1.0;1.0;1.0
DIGITAL_CAMERA_native;digital_camera_ffmpeg3;D19_V_indoor_move_0002.mp4;False;1.0;1.0;1.0
DIGITAL_CAMERA_native;digital_camera_ffmpeg3;D19_V_outdoor_move_0002.mp4;False;1.0;1.0;1.0
DIGITAL_CAMERA_native;digital_camera_ffmpeg3;D20_V_indoor_move_0002.mp4;False;1.0;1.0;1.0
DIGITAL_CAMERA_native;digital_camera_ffmpeg3;D20_V_outdoor_move_0002.mp4;False;1.0;1.0;1.0
DIGITAL_CAMERA_native;digital_camera_ffmpeg3;D22_V_indoor_move_0002.mp4;False;1.0;1.0;1.0
DIGITAL_CAMERA_native;digital_camera_ffmpeg3;D22_V_outdoor_move_0002.mp4;False;1.0;1.0;1.0
DIGITAL_CAMERA_native;digital_camera_ffmpeg3;D23_V_indoor_move_0002.mp4;False;1.0;1.0;1.0
DIGITAL_CAMERA_native;digital_camera_ffmpeg3;D23_V_outdoor_move_0002.mp4;False;1.0;1.0;1.0
DIGITAL_CAMERA_native;digital_camera_ffmpeg3;D24_V_indoor_move_0002.mp4;False;1.0;1.0;1.0
DIGITAL_CAMERA_native;digital_camera_ffmpeg3;D24_V_outdoor_move_0002.mp4;False;1.0;1.0;1.0
DIGITAL_CAMERA_native;digital_camera_ffmpeg3;D25_V_indoor_move_0002.mp4;False;1.0;1.0;1.0
DIGITAL_CAMERA_native;digital_camera_ffmpeg3;D25_V_outdoor_move_0002.mp4;False;1.0;1.0;1.0
DIGITAL_CAMERA_native;digital_camera_ffmpeg3;D26_V_indoor_move_0002.mp4;False;1.0;1.0;1.0
DIGITAL_CAMERA_native;digital_camera_ffmpeg3;D26_V_outdoor_move_0002.mp4;False;1.0;1.0;1.0
DIGITAL_CAMERA_native;digital_camera_ffmpeg3;D27_V_indoor_move_0002.mp4;False;1.0;1.0;1.0
DIGITAL_CAMERA_native;digital_camera_ffmpeg3;D27_V_outdoor_move_0002.mp4;False;1.0;1.0;1.0
DIGITAL_CAMERA_native;digital_camera_ffmpeg3;D28_V_indoor_move_0002.mp4;False;1.0;1.0;1.0
DIGITAL_CAMERA_native;digital_camera_ffmpeg3;D28_V_outdoor_move_0002.mp4;False;1.0;1.0;1.0
DIGITAL_CAMERA_native;digital_camera_ffmpeg3;D29_V_indoor_move_0002.mp4;False;1.0;1.0;1.0
DIGITAL_CAMERA_native;digital_camera_ffmpeg3;D29_V_outdoor_move_0002.mp4;False;1.0;1.0;1.0
DIGITAL_CAMERA_native;digital_camera_ffmpeg3;D30_V_indoor_move_0002.mp4;False;1.0;1.0;1.0
DIGITAL_CAMERA_native;digital_camera_ffmpeg3;D30_V_outdoor_move_0002.mp4;False;1.0;1.0;1.0
DIGITAL_CAMERA_native;digital_camera_ffmpeg3;D31_V_indoor_move_0002.mp4;False;1.0;1.0;1.0
DIGITAL_CAMERA_native;digital_camera_ffmpeg3;D31_V_outdoor_move_0002.mp4;False;1.0;1.0;1.0
DIGITAL_CAMERA_native;digital_camera_ffmpeg3;D32_V_indoor_move_0002.mp4;False;1.0;1.0;1.0
DIGITAL_CAMERA_native;digital_camera_ffmpeg3;D32_V_outdoor_move_0002.mp4;False;1.0;1.0;1.0
DIGITAL_CAMERA_native;digital_camera_ffmpeg3;D33_V_indoor_move_0002.mp4;False;1.0;1.0;1.0
DIGITAL_CAMERA_native;digital_camera_ffmpeg3;D33_V_outdoor_move_0002.mp4;False;1.0;1.0;1.0
DIGITAL_CAMERA_native;digital_camera_ffmpeg3;D34_V_indoor_move_0002.mp4;False;1.0;1.0;1.0
DIGITAL_CAMERA_native;digital_camera_ffmpeg3;D34_V_outdoor_move_0002.mp4;False;1.0;1.0;1.0
DIGITAL_CAMERA_native;digital_camera_ffmpeg3;D35_V_outdoor_move_0002.mp4;False;1.0;1.0;1.0
DIGITAL_CAMERA_native;digital_camera_ffmpeg3;D35_V_outdoor_panrot_0002.mp4;False;1.0;1.0;1.0
DIGITAL_CAMERA_native;digital_camera_ffmpeg4;D01_V_indoor_move_0002.mp4;False;1.0;1.0;1.0
DIGITAL_CAMERA_native;digital_camera_ffmpeg4;D01_V_outdoor_move_0002.mp4;False;1.0;1.0;1.0
DIGITAL_CAMERA_native;digital_camera_ffmpeg4;D03_V_indoor_move_0002.mp4;False;1.0;1.0;1.0
DIGITAL_CAMERA_native;digital_camera_ffmpeg4;D03_V_outdoor_move_0002.mp4;False;1.0;1.0;1.0
DIGITAL_CAMERA_native;digital_camera_ffmpeg4;D04_V_indoor_move_0002.mp4;False;1.0;1.0;1.0
DIGITAL_CAMERA_native;digital_camera_ffmpeg4;D04_V_outdoor_move_0002.mp4;False;1.0;1.0;1.0
DIGITAL_CAMERA_native;digital_camera_ffmpeg4;D05_V_indoor_move_0002.mp4;False;1.0;1.0;1.0
DIGITAL_CAMERA_native;digital_camera_ffmpeg4;D05_V_outdoor_move_0002.mp4;False;1.0;1.0;1.0
DIGITAL_CAMERA_native;digital_camera_ffmpeg4;D06_V_indoor_move_0002.mp4;False;1.0;1.0;1.0
DIGITAL_CAMERA_native;digital_camera_ffmpeg4;D06_V_outdoor_move_0002.mp4;False;1.0;1.0;1.0
DIGITAL_CAMERA_native;digital_camera_ffmpeg4;D07_V_indoor_move_0002.mp4;False;1.0;1.0;1.0
DIGITAL_CAMERA_native;digital_camera_ffmpeg4;D07_V_outdoor_move_0002.mp4;False;1.0;1.0;1.0
DIGITAL_CAMERA_native;digital_camera_ffmpeg4;D08_V_indoor_move_0002.mp4;False;1.0;1.0;1.0
DIGITAL_CAMERA_native;digital_camera_ffmpeg4;D08_V_outdoor_move_0002.mp4;False;1.0;1.0;1.0
DIGITAL_CAMERA_native;digital_camera_ffmpeg4;D09_V_indoor_move_0002.mp4;False;1.0;1.0;1.0
DIGITAL_CAMERA_native;digital_camera_ffmpeg4;D09_V_outdoor_move_0002.mp4;False;1.0;1.0;1.0
DIGITAL_CAMERA_native;digital_camera_ffmpeg4;D10_V_indoor_move_0002.mp4;False;1.0;1.0;1.0
DIGITAL_CAMERA_native;digital_camera_ffmpeg4;D11_V_indoor_move_0002.mp4;False;1.0;1.0;1.0
DIGITAL_CAMERA_native;digital_camera_ffmpeg4;D11_V_outdoor_move_0002.mp4;False;1.0;1.0;1.0
DIGITAL_CAMERA_native;digital_camera_ffmpeg4;D12_V_indoor_move_0002.mp4;False;1.0;1.0;1.0
DIGITAL_CAMERA_native;digital_camera_ffmpeg4;D12_V_outdoor_move_0002.mp4;False;1.0;1.0;1.0
DIGITAL_CAMERA_native;digital_camera_ffmpeg4;D13_V_indoor_move_0002.mp4;False;1.0;1.0;1.0
DIGITAL_CAMERA_native;digital_camera_ffmpeg4;D13_V_outdoor_move_0002.mp4;False;1.0;1.0;1.0
DIGITAL_CAMERA_native;digital_camera_ffmpeg4;D14_V_indoor_move_0002.mp4;False;1.0;1.0;1.0
DIGITAL_CAMERA_native;digital_camera_ffmpeg4;D14_V_outdoor_move_0002.mp4;False;1.0;1.0;1.0
DIGITAL_CAMERA_native;digital_camera_ffmpeg4;D15_V_indoor_move_0002.mp4;False;1.0;1.0;1.0
DIGITAL_CAMERA_native;digital_camera_ffmpeg4;D15_V_outdoor_move_0002.mp4;False;1.0;1.0;1.0
DIGITAL_CAMERA_native;digital_camera_ffmpeg4;D16_V_indoor_move_0002.mp4;False;1.0;1.0;1.0
DIGITAL_CAMERA_native;digital_camera_ffmpeg4;D16_V_outdoor_move_0002.mp4;False;1.0;1.0;1.0
DIGITAL_CAMERA_native;digital_camera_ffmpeg4;D19_V_indoor_move_0002.mp4;False;1.0;1.0;1.0
DIGITAL_CAMERA_native;digital_camera_ffmpeg4;D19_V_outdoor_move_0002.mp4;False;1.0;1.0;1.0
DIGITAL_CAMERA_native;digital_camera_ffmpeg4;D20_V_indoor_move_0002.mp4;False;1.0;1.0;1.0
DIGITAL_CAMERA_native;digital_camera_ffmpeg4;D20_V_outdoor_move_0002.mp4;False;1.0;1.0;1.0
DIGITAL_CAMERA_native;digital_camera_ffmpeg4;D22_V_indoor_move_0002.mp4;False;1.0;1.0;1.0
DIGITAL_CAMERA_native;digital_camera_ffmpeg4;D22_V_outdoor_move_0002.mp4;False;1.0;1.0;1.0
DIGITAL_CAMERA_native;digital_camera_ffmpeg4;D23_V_indoor_move_0002.mp4;False;1.0;1.0;1.0
DIGITAL_CAMERA_native;digital_camera_ffmpeg4;D23_V_outdoor_move_0002.mp4;False;1.0;1.0;1.0
DIGITAL_CAMERA_native;digital_camera_ffmpeg4;D24_V_indoor_move_0002.mp4;False;1.0;1.0;1.0
DIGITAL_CAMERA_native;digital_camera_ffmpeg4;D24_V_outdoor_move_0002.mp4;False;1.0;1.0;1.0
DIGITAL_CAMERA_native;digital_camera_ffmpeg4;D25_V_indoor_move_0002.mp4;False;1.0;1.0;1.0
DIGITAL_CAMERA_native;digital_camera_ffmpeg4;D25_V_outdoor_move_0002.mp4;False;1.0;1.0;1.0
DIGITAL_CAMERA_native;digital_camera_ffmpeg4;D26_V_indoor_move_0002.mp4;False;1.0;1.0;1.0
DIGITAL_CAMERA_native;digital_camera_ffmpeg4;D26_V_outdoor_move_0002.mp4;False;1.0;1.0;1.0
DIGITAL_CAMERA_native;digital_camera_ffmpeg4;D27_V_indoor_move_0002.mp4;False;1.0;1.0;1.0
DIGITAL_CAMERA_native;digital_camera_ffmpeg4;D27_V_outdoor_move_0002.mp4;False;1.0;1.0;1.0
DIGITAL_CAMERA_native;digital_camera_ffmpeg4;D28_V_indoor_move_0002.mp4;False;1.0;1.0;1.0
DIGITAL_CAMERA_native;digital_camera_ffmpeg4;D28_V_outdoor_move_0002.mp4;False;1.0;1.0;1.0
DIGITAL_CAMERA_native;digital_camera_ffmpeg4;D29_V_indoor_move_0002.mp4;False;1.0;1.0;1.0
DIGITAL_CAMERA_native;digital_camera_ffmpeg4;D29_V_outdoor_move_0002.mp4;False;1.0;1.0;1.0
DIGITAL_CAMERA_native;digital_camera_ffmpeg4;D30_V_indoor_move_0002.mp4;False;1.0;1.0;1.0
DIGITAL_CAMERA_native;digital_camera_ffmpeg4;D30_V_outdoor_move_0002.mp4;False;1.0;1.0;1.0
DIGITAL_CAMERA_native;digital_camera_ffmpeg4;D31_V_indoor_move_0002.mp4;False;1.0;1.0;1.0
DIGITAL_CAMERA_native;digital_camera_ffmpeg4;D31_V_outdoor_move_0002.mp4;False;1.0;1.0;1.0
DIGITAL_CAMERA_native;digital_camera_ffmpeg4;D32_V_indoor_move_0002.mp4;False;1.0;1.0;1.0
DIGITAL_CAMERA_native;digital_camera_ffmpeg4;D32_V_outdoor_move_0002.mp4;False;1.0;1.0;1.0
DIGITAL_CAMERA_native;digital_camera_ffmpeg4;D33_V_indoor_move_0002.mp4;False;1.0;1.0;1.0
DIGITAL_CAMERA_native;digital_camera_ffmpeg4;D33_V_outdoor_move_0002.mp4;False;1.0;1.0;1.0
DIGITAL_CAMERA_native;digital_camera_ffmpeg4;D34_V_indoor_move_0002.mp4;False;1.0;1.0;1.0
DIGITAL_CAMERA_native;digital_camera_ffmpeg4;D34_V_outdoor_move_0002.mp4;False;1.0;1.0;1.0
DIGITAL_CAMERA_native;digital_camera_ffmpeg4;D35_V_outdoor_move_0002.mp4;False;1.0;1.0;1.0
DIGITAL_CAMERA_native;digital_camera_ffmpeg4;D35_V_outdoor_panrot_0002.mp4;False;1.0;1.0;1.0
DIGITAL_CAMERA_native;digital_camera_ffmpeg5;D01_V_indoor_move_0002.mp4;False;1.0;1.0;1.0
DIGITAL_CAMERA_native;digital_camera_ffmpeg5;D01_V_outdoor_move_0002.mp4;False;1.0;1.0;1.0
DIGITAL_CAMERA_native;digital_camera_ffmpeg5;D03_V_indoor_move_0002.mp4;False;1.0;1.0;1.0
DIGITAL_CAMERA_native;digital_camera_ffmpeg5;D03_V_outdoor_move_0002.mp4;False;1.0;1.0;1.0
DIGITAL_CAMERA_native;digital_camera_ffmpeg5;D04_V_indoor_move_0002.mp4;False;1.0;1.0;1.0
DIGITAL_CAMERA_native;digital_camera_ffmpeg5;D04_V_outdoor_move_0002.mp4;False;1.0;1.0;1.0
DIGITAL_CAMERA_native;digital_camera_ffmpeg5;D05_V_indoor_move_0002.mp4;False;1.0;1.0;1.0
DIGITAL_CAMERA_native;digital_camera_ffmpeg5;D05_V_outdoor_move_0002.mp4;False;1.0;1.0;1.0
DIGITAL_CAMERA_native;digital_camera_ffmpeg5;D06_V_indoor_move_0002.mp4;False;1.0;1.0;1.0
DIGITAL_CAMERA_native;digital_camera_ffmpeg5;D06_V_outdoor_move_0002.mp4;False;1.0;1.0;1.0
DIGITAL_CAMERA_native;digital_camera_ffmpeg5;D07_V_indoor_move_0002.mp4;False;1.0;1.0;1.0
DIGITAL_CAMERA_native;digital_camera_ffmpeg5;D07_V_outdoor_move_0002.mp4;False;1.0;1.0;1.0
DIGITAL_CAMERA_native;digital_camera_ffmpeg5;D08_V_indoor_move_0002.mp4;False;1.0;1.0;1.0
DIGITAL_CAMERA_native;digital_camera_ffmpeg5;D08_V_outdoor_move_0002.mp4;False;1.0;1.0;1.0
DIGITAL_CAMERA_native;digital_camera_ffmpeg5;D09_V_indoor_move_0002.mp4;False;1.0;1.0;1.0
DIGITAL_CAMERA_native;digital_camera_ffmpeg5;D09_V_outdoor_move_0002.mp4;False;1.0;1.0;1.0
DIGITAL_CAMERA_native;digital_camera_ffmpeg5;D10_V_indoor_move_0002.mp4;False;1.0;1.0;1.0
DIGITAL_CAMERA_native;digital_camera_ffmpeg5;D11_V_indoor_move_0002.mp4;False;1.0;1.0;1.0
DIGITAL_CAMERA_native;digital_camera_ffmpeg5;D11_V_outdoor_move_0002.mp4;False;1.0;1.0;1.0
DIGITAL_CAMERA_native;digital_camera_ffmpeg5;D12_V_indoor_move_0002.mp4;False;1.0;1.0;1.0
DIGITAL_CAMERA_native;digital_camera_ffmpeg5;D12_V_outdoor_move_0002.mp4;False;1.0;1.0;1.0
DIGITAL_CAMERA_native;digital_camera_ffmpeg5;D13_V_indoor_move_0002.mp4;False;1.0;1.0;1.0
DIGITAL_CAMERA_native;digital_camera_ffmpeg5;D13_V_outdoor_move_0002.mp4;False;1.0;1.0;1.0
DIGITAL_CAMERA_native;digital_camera_ffmpeg5;D14_V_indoor_move_0002.mp4;False;1.0;1.0;1.0
DIGITAL_CAMERA_native;digital_camera_ffmpeg5;D14_V_outdoor_move_0002.mp4;False;1.0;1.0;1.0
DIGITAL_CAMERA_native;digital_camera_ffmpeg5;D15_V_indoor_move_0002.mp4;False;1.0;1.0;1.0
DIGITAL_CAMERA_native;digital_camera_ffmpeg5;D15_V_outdoor_move_0002.mp4;False;1.0;1.0;1.0
DIGITAL_CAMERA_native;digital_camera_ffmpeg5;D16_V_indoor_move_0002.mp4;False;1.0;1.0;1.0
DIGITAL_CAMERA_native;digital_camera_ffmpeg5;D16_V_outdoor_move_0002.mp4;False;1.0;1.0;1.0
DIGITAL_CAMERA_native;digital_camera_ffmpeg5;D19_V_indoor_move_0002.mp4;False;1.0;1.0;1.0
DIGITAL_CAMERA_native;digital_camera_ffmpeg5;D19_V_outdoor_move_0002.mp4;False;1.0;1.0;1.0
DIGITAL_CAMERA_native;digital_camera_ffmpeg5;D20_V_indoor_move_0002.mp4;False;1.0;1.0;1.0
DIGITAL_CAMERA_native;digital_camera_ffmpeg5;D20_V_outdoor_move_0002.mp4;False;1.0;1.0;1.0
DIGITAL_CAMERA_native;digital_camera_ffmpeg5;D22_V_indoor_move_0002.mp4;False;1.0;1.0;1.0
DIGITAL_CAMERA_native;digital_camera_ffmpeg5;D22_V_outdoor_move_0002.mp4;False;1.0;1.0;1.0
DIGITAL_CAMERA_native;digital_camera_ffmpeg5;D23_V_indoor_move_0002.mp4;False;1.0;1.0;1.0
DIGITAL_CAMERA_native;digital_camera_ffmpeg5;D23_V_outdoor_move_0002.mp4;False;1.0;1.0;1.0
DIGITAL_CAMERA_native;digital_camera_ffmpeg5;D24_V_indoor_move_0002.mp4;False;1.0;1.0;1.0
DIGITAL_CAMERA_native;digital_camera_ffmpeg5;D24_V_outdoor_move_0002.mp4;False;1.0;1.0;1.0
DIGITAL_CAMERA_native;digital_camera_ffmpeg5;D25_V_indoor_move_0002.mp4;False;1.0;1.0;1.0
DIGITAL_CAMERA_native;digital_camera_ffmpeg5;D25_V_outdoor_move_0002.mp4;False;1.0;1.0;1.0
DIGITAL_CAMERA_native;digital_camera_ffmpeg5;D26_V_indoor_move_0002.mp4;False;1.0;1.0;1.0
DIGITAL_CAMERA_native;digital_camera_ffmpeg5;D26_V_outdoor_move_0002.mp4;False;1.0;1.0;1.0
DIGITAL_CAMERA_native;digital_camera_ffmpeg5;D27_V_indoor_move_0002.mp4;False;1.0;1.0;1.0
DIGITAL_CAMERA_native;digital_camera_ffmpeg5;D27_V_outdoor_move_0002.mp4;False;1.0;1.0;1.0
DIGITAL_CAMERA_native;digital_camera_ffmpeg5;D28_V_indoor_move_0002.mp4;False;1.0;1.0;1.0
DIGITAL_CAMERA_native;digital_camera_ffmpeg5;D28_V_outdoor_move_0002.mp4;False;1.0;1.0;1.0
DIGITAL_CAMERA_native;digital_camera_ffmpeg5;D29_V_indoor_move_0002.mp4;False;1.0;1.0;1.0
DIGITAL_CAMERA_native;digital_camera_ffmpeg5;D29_V_outdoor_move_0002.mp4;False;1.0;1.0;1.0
DIGITAL_CAMERA_native;digital_camera_ffmpeg5;D30_V_indoor_move_0002.mp4;False;1.0;1.0;1.0
DIGITAL_CAMERA_native;digital_camera_ffmpeg5;D30_V_outdoor_move_0002.mp4;False;1.0;1.0;1.0
DIGITAL_CAMERA_native;digital_camera_ffmpeg5;D31_V_indoor_move_0002.mp4;False;1.0;1.0;1.0
DIGITAL_CAMERA_native;digital_camera_ffmpeg5;D31_V_outdoor_move_0002.mp4;False;1.0;1.0;1.0
DIGITAL_CAMERA_native;digital_camera_ffmpeg5;D32_V_indoor_move_0002.mp4;False;1.0;1.0;1.0
DIGITAL_CAMERA_native;digital_camera_ffmpeg5;D32_V_outdoor_move_0002.mp4;False;1.0;1.0;1.0
DIGITAL_CAMERA_native;digital_camera_ffmpeg5;D33_V_indoor_move_0002.mp4;False;1.0;1.0;1.0
DIGITAL_CAMERA_native;digital_camera_ffmpeg5;D33_V_outdoor_move_0002.mp4;False;1.0;1.0;1.0
DIGITAL_CAMERA_native;digital_camera_ffmpeg5;D34_V_indoor_move_0002.mp4;False;1.0;1.0;1.0
DIGITAL_CAMERA_native;digital_camera_ffmpeg5;D34_V_outdoor_move_0002.mp4;False;1.0;1.0;1.0
DIGITAL_CAMERA_native;digital_camera_ffmpeg5;D35_V_outdoor_move_0002.mp4;False;1.0;1.0;1.0
DIGITAL_CAMERA_native;digital_camera_ffmpeg5;D35_V_outdoor_panrot_0002.mp4;False;1.0;1.0;1.0
DIGITAL_CAMERA_native;digital_camera_kdenlive;D01_V_indoor_move_0002.mp4;False;1.0;1.0;1.0
DIGITAL_CAMERA_native;digital_camera_kdenlive;D01_V_outdoor_move_0002.mp4;False;1.0;1.0;1.0
DIGITAL_CAMERA_native;digital_camera_kdenlive;D03_V_indoor_move_0002.mp4;False;1.0;1.0;1.0
DIGITAL_CAMERA_native;digital_camera_kdenlive;D03_V_outdoor_move_0002.mp4;False;1.0;1.0;1.0
DIGITAL_CAMERA_native;digital_camera_kdenlive;D04_V_indoor_move_0002.mp4;False;1.0;1.0;1.0
DIGITAL_CAMERA_native;digital_camera_kdenlive;D04_V_outdoor_move_0002.mp4;False;1.0;1.0;1.0
DIGITAL_CAMERA_native;digital_camera_kdenlive;D05_V_indoor_move_0002.mp4;False;1.0;1.0;1.0
DIGITAL_CAMERA_native;digital_camera_kdenlive;D05_V_outdoor_move_0002.mp4;False;1.0;1.0;1.0
DIGITAL_CAMERA_native;digital_camera_kdenlive;D06_V_indoor_move_0002.mp4;False;1.0;1.0;1.0
DIGITAL_CAMERA_native;digital_camera_kdenlive;D06_V_outdoor_move_0002.mp4;False;1.0;1.0;1.0
DIGITAL_CAMERA_native;digital_camera_kdenlive;D07_V_indoor_move_0002.mp4;False;1.0;1.0;1.0
DIGITAL_CAMERA_native;digital_camera_kdenlive;D07_V_outdoor_move_0002.mp4;False;1.0;1.0;1.0
DIGITAL_CAMERA_native;digital_camera_kdenlive;D08_V_indoor_move_0002.mp4;False;1.0;1.0;1.0
DIGITAL_CAMERA_native;digital_camera_kdenlive;D08_V_outdoor_move_0002.mp4;False;1.0;1.0;1.0
DIGITAL_CAMERA_native;digital_camera_kdenlive;D09_V_indoor_move_0002.mp4;False;1.0;1.0;1.0
DIGITAL_CAMERA_native;digital_camera_kdenlive;D09_V_outdoor_move_0002.mp4;False;1.0;1.0;1.0
DIGITAL_CAMERA_native;digital_camera_kdenlive;D10_V_indoor_move_0002.mp4;False;1.0;1.0;1.0
DIGITAL_CAMERA_native;digital_camera_kdenlive;D11_V_indoor_move_0002.mp4;False;1.0;1.0;1.0
DIGITAL_CAMERA_native;digital_camera_kdenlive;D11_V_outdoor_move_0002.mp4;False;1.0;1.0;1.0
DIGITAL_CAMERA_native;digital_camera_kdenlive;D12_V_indoor_move_0002.mp4;False;1.0;1.0;1.0
DIGITAL_CAMERA_native;digital_camera_kdenlive;D12_V_outdoor_move_0002.mp4;False;1.0;1.0;1.0
DIGITAL_CAMERA_native;digital_camera_kdenlive;D13_V_indoor_move_0002.mp4;False;1.0;1.0;1.0
DIGITAL_CAMERA_native;digital_camera_kdenlive;D13_V_outdoor_move_0002.mp4;False;1.0;1.0;1.0
DIGITAL_CAMERA_native;digital_camera_kdenlive;D14_V_indoor_move_0002.mp4;False;1.0;1.0;1.0
DIGITAL_CAMERA_native;digital_camera_kdenlive;D14_V_outdoor_move_0002.mp4;False;1.0;1.0;1.0
DIGITAL_CAMERA_native;digital_camera_kdenlive;D15_V_indoor_move_0002.mp4;False;1.0;1.0;1.0
DIGITAL_CAMERA_native;digital_camera_kdenlive;D15_V_outdoor_move_0002.mp4;False;1.0;1.0;1.0
DIGITAL_CAMERA_native;digital_camera_kdenlive;D16_V_indoor_move_0002.mp4;False;1.0;1.0;1.0
DIGITAL_CAMERA_native;digital_camera_kdenlive;D16_V_outdoor_move_0002.mp4;False;1.0;1.0;1.0
DIGITAL_CAMERA_native;digital_camera_kdenlive;D19_V_indoor_move_0002.mp4;False;1.0;1.0;1.0
DIGITAL_CAMERA_native;digital_camera_kdenlive;D19_V_outdoor_move_0002.mp4;False;1.0;1.0;1.0
DIGITAL_CAMERA_native;digital_camera_kdenlive;D20_V_indoor_move_0002.mp4;False;1.0;1.0;1.0
DIGITAL_CAMERA_native;digital_camera_kdenlive;D20_V_outdoor_move_0002.mp4;False;1.0;1.0;1.0
DIGITAL_CAMERA_native;digital_camera_kdenlive;D22_V_indoor_move_0002.mp4;False;1.0;1.0;1.0
DIGITAL_CAMERA_native;digital_camera_kdenlive;D22_V_outdoor_move_0002.mp4;False;1.0;1.0;1.0
DIGITAL_CAMERA_native;digital_camera_kdenlive;D23_V_indoor_move_0002.mp4;False;1.0;1.0;1.0
DIGITAL_CAMERA_native;digital_camera_kdenlive;D23_V_outdoor_move_0002.mp4;False;1.0;1.0;1.0
DIGITAL_CAMERA_native;digital_camera_kdenlive;D24_V_indoor_move_0002.mp4;False;1.0;1.0;1.0
DIGITAL_CAMERA_native;digital_camera_kdenlive;D24_V_outdoor_move_0002.mp4;False;1.0;1.0;1.0
DIGITAL_CAMERA_native;digital_camera_kdenlive;D25_V_indoor_move_0002.mp4;False;1.0;1.0;1.0
DIGITAL_CAMERA_native;digital_camera_kdenlive;D25_V_outdoor_move_0002.mp4;False;1.0;1.0;1.0
DIGITAL_CAMERA_native;digital_camera_kdenlive;D26_V_indoor_move_0002.mp4;False;1.0;1.0;1.0
DIGITAL_CAMERA_native;digital_camera_kdenlive;D26_V_outdoor_move_0002.mp4;False;1.0;1.0;1.0
DIGITAL_CAMERA_native;digital_camera_kdenlive;D27_V_indoor_move_0002.mp4;False;1.0;1.0;1.0
DIGITAL_CAMERA_native;digital_camera_kdenlive;D27_V_outdoor_move_0002.mp4;False;1.0;1.0;1.0
DIGITAL_CAMERA_native;digital_camera_kdenlive;D28_V_indoor_move_0002.mp4;False;1.0;1.0;1.0
DIGITAL_CAMERA_native;digital_camera_kdenlive;D28_V_outdoor_move_0002.mp4;False;1.0;1.0;1.0
DIGITAL_CAMERA_native;digital_camera_kdenlive;D29_V_indoor_move_0002.mp4;False;1.0;1.0;1.0
DIGITAL_CAMERA_native;digital_camera_kdenlive;D29_V_outdoor_move_0002.mp4;False;1.0;1.0;1.0
DIGITAL_CAMERA_native;digital_camera_kdenlive;D30_V_indoor_move_0002.mp4;False;1.0;1.0;1.0
DIGITAL_CAMERA_native;digital_camera_kdenlive;D30_V_outdoor_move_0002.mp4;False;1.0;1.0;1.0
DIGITAL_CAMERA_native;digital_camera_kdenlive;D31_V_indoor_move_0002.mp4;False;1.0;1.0;1.0
DIGITAL_CAMERA_native;digital_camera_kdenlive;D31_V_outdoor_move_0002.mp4;False;1.0;1.0;1.0
DIGITAL_CAMERA_native;digital_camera_kdenlive;D32_V_indoor_move_0002.mp4;False;1.0;1.0;1.0
DIGITAL_CAMERA_native;digital_camera_kdenlive;D32_V_outdoor_move_0002.mp4;False;1.0;1.0;1.0
DIGITAL_CAMERA_native;digital_camera_kdenlive;D33_V_indoor_move_0002.mp4;False;1.0;1.0;1.0
DIGITAL_CAMERA_native;digital_camera_kdenlive;D33_V_outdoor_move_0002.mp4;False;1.0;1.0;1.0
DIGITAL_CAMERA_native;digital_camera_kdenlive;D34_V_indoor_move_0002.mp4;False;1.0;1.0;1.0
DIGITAL_CAMERA_native;digital_camera_kdenlive;D34_V_outdoor_move_0002.mp4;False;1.0;1.0;1.0
DIGITAL_CAMERA_native;digital_camera_kdenlive;D35_V_outdoor_move_0002.mp4;False;1.0;1.0;1.0
DIGITAL_CAMERA_native;digital_camera_kdenlive;D35_V_outdoor_panrot_0002.mp4;False;1.0;1.0;1.0
DIGITAL_CAMERA_native;digital_camera_native;D01_V_indoor_move_0002.mp4;True;1.0;1.0;1.0
DIGITAL_CAMERA_native;digital_camera_native;D01_V_outdoor_move_0002.mp4;True;1.0;1.0;1.0
DIGITAL_CAMERA_native;digital_camera_native;D03_V_indoor_move_0002.mp4;True;1.0;1.0;1.0
DIGITAL_CAMERA_native;digital_camera_native;D03_V_outdoor_move_0002.mp4;True;1.0;1.0;1.0
DIGITAL_CAMERA_native;digital_camera_native;D04_V_indoor_move_0002.mp4;True;1.0;1.0;1.0
DIGITAL_CAMERA_native;digital_camera_native;D04_V_outdoor_move_0002.mp4;True;1.0;1.0;1.0
DIGITAL_CAMERA_native;digital_camera_native;D05_V_indoor_move_0002.mp4;True;1.0;1.0;1.0
DIGITAL_CAMERA_native;digital_camera_native;D05_V_outdoor_move_0002.mp4;True;1.0;1.0;1.0
DIGITAL_CAMERA_native;digital_camera_native;D06_V_indoor_move_0002.mp4;True;1.0;1.0;1.0
DIGITAL_CAMERA_native;digital_camera_native;D06_V_outdoor_move_0002.mp4;True;1.0;1.0;1.0
DIGITAL_CAMERA_native;digital_camera_native;D07_V_indoor_move_0002.mp4;True;1.0;1.0;1.0
DIGITAL_CAMERA_native;digital_camera_native;D07_V_outdoor_move_0002.mp4;True;1.0;1.0;1.0
DIGITAL_CAMERA_native;digital_camera_native;D08_V_indoor_move_0002.mp4;True;1.0;1.0;1.0
DIGITAL_CAMERA_native;digital_camera_native;D08_V_outdoor_move_0002.mp4;True;1.0;1.0;1.0
DIGITAL_CAMERA_native;digital_camera_native;D09_V_indoor_move_0002.mp4;True;1.0;1.0;1.0
DIGITAL_CAMERA_native;digital_camera_native;D09_V_outdoor_move_0002.mp4;True;1.0;1.0;1.0
DIGITAL_CAMERA_native;digital_camera_native;D10_V_indoor_move_0002.mp4;True;1.0;1.0;1.0
DIGITAL_CAMERA_native;digital_camera_native;D11_V_indoor_move_0002.mp4;True;1.0;1.0;1.0
DIGITAL_CAMERA_native;digital_camera_native;D11_V_outdoor_move_0002.mp4;True;1.0;1.0;1.0
DIGITAL_CAMERA_native;digital_camera_native;D12_V_indoor_move_0002.mp4;True;1.0;1.0;1.0
DIGITAL_CAMERA_native;digital_camera_native;D12_V_outdoor_move_0002.mp4;True;1.0;1.0;1.0
DIGITAL_CAMERA_native;digital_camera_native;D13_V_indoor_move_0002.mp4;True;1.0;1.0;1.0
DIGITAL_CAMERA_native;digital_camera_native;D13_V_outdoor_move_0002.mp4;True;1.0;1.0;1.0
DIGITAL_CAMERA_native;digital_camera_native;D14_V_indoor_move_0002.mp4;True;1.0;1.0;1.0
DIGITAL_CAMERA_native;digital_camera_native;D14_V_outdoor_move_0002.mp4;True;1.0;1.0;1.0
DIGITAL_CAMERA_native;digital_camera_native;D15_V_indoor_move_0002.mp4;True;1.0;1.0;1.0
DIGITAL_CAMERA_native;digital_camera_native;D15_V_outdoor_move_0002.mp4;True;1.0;1.0;1.0
DIGITAL_CAMERA_native;digital_camera_native;D16_V_indoor_move_0002.mp4;True;1.0;1.0;1.0
DIGITAL_CAMERA_native;digital_camera_native;D16_V_outdoor_move_0002.mp4;True;1.0;1.0;1.0
DIGITAL_CAMERA_native;digital_camera_native;D19_V_indoor_move_0002.mp4;True;1.0;1.0;1.0
DIGITAL_CAMERA_native;digital_camera_native;D19_V_outdoor_move_0002.mp4;True;1.0;1.0;1.0
DIGITAL_CAMERA_native;digital_camera_native;D20_V_indoor_move_0002.mp4;True;1.0;1.0;1.0
DIGITAL_CAMERA_native;digital_camera_native;D20_V_outdoor_move_0002.mp4;True;1.0;1.0;1.0
DIGITAL_CAMERA_native;digital_camera_native;D22_V_indoor_move_0002.mp4;True;1.0;1.0;1.0
DIGITAL_CAMERA_native;digital_camera_native;D22_V_outdoor_move_0002.mp4;True;1.0;1.0;1.0
DIGITAL_CAMERA_native;digital_camera_native;D23_V_indoor_move_0002.mp4;True;1.0;1.0;1.0
DIGITAL_CAMERA_native;digital_camera_native;D23_V_outdoor_move_0002.mp4;True;1.0;1.0;1.0
DIGITAL_CAMERA_native;digital_camera_native;D24_V_indoor_move_0002.mp4;True;1.0;1.0;1.0
DIGITAL_CAMERA_native;digital_camera_native;D24_V_outdoor_move_0002.mp4;True;1.0;1.0;1.0
DIGITAL_CAMERA_native;digital_camera_native;D25_V_indoor_move_0002.mp4;True;1.0;1.0;1.0
DIGITAL_CAMERA_native;digital_camera_native;D25_V_outdoor_move_0002.mp4;True;1.0;1.0;1.0
DIGITAL_CAMERA_native;digital_camera_native;D26_V_indoor_move_0002.mp4;True;1.0;1.0;1.0
DIGITAL_CAMERA_native;digital_camera_native;D26_V_outdoor_move_0002.mp4;True;1.0;1.0;1.0
DIGITAL_CAMERA_native;digital_camera_native;D27_V_indoor_move_0002.mp4;True;1.0;1.0;1.0
DIGITAL_CAMERA_native;digital_camera_native;D27_V_outdoor_move_0002.mp4;True;1.0;1.0;1.0
DIGITAL_CAMERA_native;digital_camera_native;D28_V_indoor_move_0002.mp4;True;1.0;1.0;1.0
DIGITAL_CAMERA_native;digital_camera_native;D28_V_outdoor_move_0002.mp4;True;1.0;1.0;1.0
DIGITAL_CAMERA_native;digital_camera_native;D29_V_indoor_move_0002.mp4;True;1.0;1.0;1.0
DIGITAL_CAMERA_native;digital_camera_native;D29_V_outdoor_move_0002.mp4;True;1.0;1.0;1.0
DIGITAL_CAMERA_native;digital_camera_native;D30_V_indoor_move_0002.mp4;True;1.0;1.0;1.0
DIGITAL_CAMERA_native;digital_camera_native;D30_V_outdoor_move_0002.mp4;True;1.0;1.0;1.0
DIGITAL_CAMERA_native;digital_camera_native;D31_V_indoor_move_0002.mp4;True;1.0;1.0;1.0
DIGITAL_CAMERA_native;digital_camera_native;D31_V_outdoor_move_0002.mp4;True;1.0;1.0;1.0
DIGITAL_CAMERA_native;digital_camera_native;D32_V_indoor_move_0002.mp4;True;1.0;1.0;1.0
DIGITAL_CAMERA_native;digital_camera_native;D32_V_outdoor_move_0002.mp4;True;1.0;1.0;1.0
DIGITAL_CAMERA_native;digital_camera_native;D33_V_indoor_move_0002.mp4;True;1.0;1.0;1.0
DIGITAL_CAMERA_native;digital_camera_native;D33_V_outdoor_move_0002.mp4;True;1.0;1.0;1.0
DIGITAL_CAMERA_native;digital_camera_native;D34_V_indoor_move_0002.mp4;True;1.0;1.0;1.0
DIGITAL_CAMERA_native;digital_camera_native;D34_V_outdoor_move_0002.mp4;True;1.0;1.0;1.0
DIGITAL_CAMERA_native;digital_camera_native;D35_V_outdoor_move_0002.mp4;True;1.0;1.0;1.0
DIGITAL_CAMERA_native;digital_camera_native;D35_V_outdoor_panrot_0002.mp4;True;1.0;1.0;1.0
DIGITAL_CAMERA_native;digital_camera_premiere;D01_V_indoor_move_0002.mp4;False;1.0;1.0;1.0
DIGITAL_CAMERA_native;digital_camera_premiere;D01_V_outdoor_move_0002.mp4;False;1.0;1.0;1.0
DIGITAL_CAMERA_native;digital_camera_premiere;D03_V_indoor_move_0002.mp4;False;1.0;1.0;1.0
DIGITAL_CAMERA_native;digital_camera_premiere;D03_V_outdoor_move_0002.mp4;False;1.0;1.0;1.0
DIGITAL_CAMERA_native;digital_camera_premiere;D04_V_indoor_move_0002.mp4;False;1.0;1.0;1.0
DIGITAL_CAMERA_native;digital_camera_premiere;D04_V_outdoor_move_0002.mp4;False;1.0;1.0;1.0
DIGITAL_CAMERA_native;digital_camera_premiere;D05_V_indoor_move_0002.mp4;False;1.0;1.0;1.0
DIGITAL_CAMERA_native;digital_camera_premiere;D05_V_outdoor_move_0002.mp4;False;1.0;1.0;1.0
DIGITAL_CAMERA_native;digital_camera_premiere;D06_V_indoor_move_0002.mp4;False;1.0;1.0;1.0
DIGITAL_CAMERA_native;digital_camera_premiere;D06_V_outdoor_move_0002.mp4;False;1.0;1.0;1.0
DIGITAL_CAMERA_native;digital_camera_premiere;D07_V_indoor_move_0002.mp4;False;1.0;1.0;1.0
DIGITAL_CAMERA_native;digital_camera_premiere;D07_V_outdoor_move_0002.mp4;False;1.0;1.0;1.0
DIGITAL_CAMERA_native;digital_camera_premiere;D08_V_indoor_move_0002.mp4;False;1.0;1.0;1.0
DIGITAL_CAMERA_native;digital_camera_premiere;D08_V_outdoor_move_0002.mp4;False;1.0;1.0;1.0
DIGITAL_CAMERA_native;digital_camera_premiere;D09_V_indoor_move_0002.mp4;False;1.0;1.0;1.0
DIGITAL_CAMERA_native;digital_camera_premiere;D09_V_outdoor_move_0002.mp4;False;1.0;1.0;1.0
DIGITAL_CAMERA_native;digital_camera_premiere;D10_V_indoor_move_0002.mp4;False;1.0;1.0;1.0
DIGITAL_CAMERA_native;digital_camera_premiere;D11_V_indoor_move_0002.mp4;False;1.0;1.0;1.0
DIGITAL_CAMERA_native;digital_camera_premiere;D11_V_outdoor_move_0002.mp4;False;1.0;1.0;1.0
DIGITAL_CAMERA_native;digital_camera_premiere;D12_V_indoor_move_0002.mp4;False;1.0;1.0;1.0
DIGITAL_CAMERA_native;digital_camera_premiere;D12_V_outdoor_move_0002.mp4;False;1.0;1.0;1.0
DIGITAL_CAMERA_native;digital_camera_premiere;D13_V_indoor_move_0002.mp4;False;1.0;1.0;1.0
DIGITAL_CAMERA_native;digital_camera_premiere;D13_V_outdoor_move_0002.mp4;False;1.0;1.0;1.0
DIGITAL_CAMERA_native;digital_camera_premiere;D14_V_indoor_move_0002.mp4;False;1.0;1.0;1.0
DIGITAL_CAMERA_native;digital_camera_premiere;D14_V_outdoor_move_0002.mp4;False;1.0;1.0;1.0
DIGITAL_CAMERA_native;digital_camera_premiere;D15_V_indoor_move_0002.mp4;False;1.0;1.0;1.0
DIGITAL_CAMERA_native;digital_camera_premiere;D15_V_outdoor_move_0002.mp4;False;1.0;1.0;1.0
DIGITAL_CAMERA_native;digital_camera_premiere;D16_V_indoor_move_0002.mp4;False;1.0;1.0;1.0
DIGITAL_CAMERA_native;digital_camera_premiere;D16_V_outdoor_move_0002.mp4;False;1.0;1.0;1.0
DIGITAL_CAMERA_native;digital_camera_premiere;D19_V_indoor_move_0002.mp4;False;1.0;1.0;1.0
DIGITAL_CAMERA_native;digital_camera_premiere;D19_V_outdoor_move_0002.mp4;False;1.0;1.0;1.0
DIGITAL_CAMERA_native;digital_camera_premiere;D20_V_indoor_move_0002.mp4;False;1.0;1.0;1.0
DIGITAL_CAMERA_native;digital_camera_premiere;D20_V_outdoor_move_0002.mp4;False;1.0;1.0;1.0
DIGITAL_CAMERA_native;digital_camera_premiere;D22_V_indoor_move_0002.mp4;False;1.0;1.0;1.0
DIGITAL_CAMERA_native;digital_camera_premiere;D22_V_outdoor_move_0002.mp4;False;1.0;1.0;1.0
DIGITAL_CAMERA_native;digital_camera_premiere;D23_V_indoor_move_0002.mp4;False;1.0;1.0;1.0
DIGITAL_CAMERA_native;digital_camera_premiere;D23_V_outdoor_move_0002.mp4;False;1.0;1.0;1.0
DIGITAL_CAMERA_native;digital_camera_premiere;D24_V_indoor_move_0002.mp4;False;1.0;1.0;1.0
DIGITAL_CAMERA_native;digital_camera_premiere;D24_V_outdoor_move_0002.mp4;False;1.0;1.0;1.0
DIGITAL_CAMERA_native;digital_camera_premiere;D25_V_indoor_move_0002.mp4;False;1.0;1.0;1.0
DIGITAL_CAMERA_native;digital_camera_premiere;D25_V_outdoor_move_0002.mp4;False;1.0;1.0;1.0
DIGITAL_CAMERA_native;digital_camera_premiere;D26_V_indoor_move_0002.mp4;False;1.0;1.0;1.0
DIGITAL_CAMERA_native;digital_camera_premiere;D26_V_outdoor_move_0002.mp4;False;1.0;1.0;1.0
DIGITAL_CAMERA_native;digital_camera_premiere;D27_V_indoor_move_0002.mp4;False;1.0;1.0;1.0
DIGITAL_CAMERA_native;digital_camera_premiere;D27_V_outdoor_move_0002.mp4;False;1.0;1.0;1.0
DIGITAL_CAMERA_native;digital_camera_premiere;D28_V_indoor_move_0002.mp4;False;1.0;1.0;1.0
DIGITAL_CAMERA_native;digital_camera_premiere;D28_V_outdoor_move_0002.mp4;False;1.0;1.0;1.0
DIGITAL_CAMERA_native;digital_camera_premiere;D29_V_indoor_move_0002.mp4;False;1.0;1.0;1.0
DIGITAL_CAMERA_native;digital_camera_premiere;D29_V_outdoor_move_0002.mp4;False;1.0;1.0;1.0
DIGITAL_CAMERA_native;digital_camera_premiere;D30_V_indoor_move_0002.mp4;False;1.0;1.0;1.0
DIGITAL_CAMERA_native;digital_camera_premiere;D30_V_outdoor_move_0002.mp4;False;1.0;1.0;1.0
DIGITAL_CAMERA_native;digital_camera_premiere;D31_V_indoor_move_0002.mp4;False;1.0;1.0;1.0
DIGITAL_CAMERA_native;digital_camera_premiere;D31_V_outdoor_move_0002.mp4;False;1.0;1.0;1.0
DIGITAL_CAMERA_native;digital_camera_premiere;D32_V_indoor_move_0002.mp4;False;1.0;1.0;1.0
DIGITAL_CAMERA_native;digital_camera_premiere;D32_V_outdoor_move_0002.mp4;False;1.0;1.0;1.0
DIGITAL_CAMERA_native;digital_camera_premiere;D33_V_indoor_move_0002.mp4;False;1.0;1.0;1.0
DIGITAL_CAMERA_native;digital_camera_premiere;D33_V_outdoor_move_0002.mp4;False;1.0;1.0;1.0
DIGITAL_CAMERA_native;digital_camera_premiere;D34_V_indoor_move_0002.mp4;False;1.0;1.0;1.0
DIGITAL_CAMERA_native;digital_camera_premiere;D34_V_outdoor_move_0002.mp4;False;1.0;1.0;1.0
DIGITAL_CAMERA_native;digital_camera_premiere;D35_V_outdoor_move_0002.mp4;False;1.0;1.0;1.0
DIGITAL_CAMERA_native;digital_camera_premiere;D35_V_outdoor_panrot_0002.mp4;False;1.0;1.0;1.0
DIGITAL_CAMERA_native;digital_camera_avidemux;D01_V_indoor_move_0002.mp4;False;1.0;1.0;1.0
DIGITAL_CAMERA_native;digital_camera_avidemux;D01_V_outdoor_move_0002.mp4;False;1.0;1.0;1.0
DIGITAL_CAMERA_native;digital_camera_avidemux;D03_V_indoor_move_0002.mp4;False;1.0;1.0;1.0
DIGITAL_CAMERA_native;digital_camera_avidemux;D03_V_outdoor_move_0002.mp4;False;1.0;1.0;1.0
DIGITAL_CAMERA_native;digital_camera_avidemux;D04_V_indoor_move_0002.mp4;False;1.0;1.0;1.0
DIGITAL_CAMERA_native;digital_camera_avidemux;D04_V_outdoor_move_0002.mp4;False;1.0;1.0;1.0
DIGITAL_CAMERA_native;digital_camera_avidemux;D05_V_indoor_move_0002.mp4;False;1.0;1.0;1.0
DIGITAL_CAMERA_native;digital_camera_avidemux;D05_V_outdoor_move_0002.mp4;False;1.0;1.0;1.0
DIGITAL_CAMERA_native;digital_camera_avidemux;D06_V_indoor_move_0002.mp4;False;1.0;1.0;1.0
DIGITAL_CAMERA_native;digital_camera_avidemux;D06_V_outdoor_move_0002.mp4;False;1.0;1.0;1.0
DIGITAL_CAMERA_native;digital_camera_avidemux;D07_V_indoor_move_0002.mp4;False;1.0;1.0;1.0
DIGITAL_CAMERA_native;digital_camera_avidemux;D07_V_outdoor_move_0002.mp4;False;1.0;1.0;1.0
DIGITAL_CAMERA_native;digital_camera_avidemux;D08_V_indoor_move_0002.mp4;False;1.0;1.0;1.0
DIGITAL_CAMERA_native;digital_camera_avidemux;D08_V_outdoor_move_0002.mp4;False;1.0;1.0;1.0
DIGITAL_CAMERA_native;digital_camera_avidemux;D09_V_indoor_move_0002.mp4;False;1.0;1.0;1.0
DIGITAL_CAMERA_native;digital_camera_avidemux;D09_V_outdoor_move_0002.mp4;False;1.0;1.0;1.0
DIGITAL_CAMERA_native;digital_camera_avidemux;D10_V_indoor_move_0002.mp4;False;1.0;1.0;1.0
DIGITAL_CAMERA_native;digital_camera_avidemux;D11_V_indoor_move_0002.mp4;False;1.0;1.0;1.0
DIGITAL_CAMERA_native;digital_camera_avidemux;D11_V_outdoor_move_0002.mp4;False;1.0;1.0;1.0
DIGITAL_CAMERA_native;digital_camera_avidemux;D12_V_indoor_move_0002.mp4;False;1.0;1.0;1.0
DIGITAL_CAMERA_native;digital_camera_avidemux;D12_V_outdoor_move_0002.mp4;False;1.0;1.0;1.0
DIGITAL_CAMERA_native;digital_camera_avidemux;D13_V_indoor_move_0002.mp4;False;1.0;1.0;1.0
DIGITAL_CAMERA_native;digital_camera_avidemux;D13_V_outdoor_move_0002.mp4;False;1.0;1.0;1.0
DIGITAL_CAMERA_native;digital_camera_avidemux;D14_V_indoor_move_0002.mp4;False;1.0;1.0;1.0
DIGITAL_CAMERA_native;digital_camera_avidemux;D14_V_outdoor_move_0002.mp4;False;1.0;1.0;1.0
DIGITAL_CAMERA_native;digital_camera_avidemux;D15_V_indoor_move_0002.mp4;False;1.0;1.0;1.0
DIGITAL_CAMERA_native;digital_camera_avidemux;D15_V_outdoor_move_0002.mp4;False;1.0;1.0;1.0
DIGITAL_CAMERA_native;digital_camera_avidemux;D16_V_indoor_move_0002.mp4;False;1.0;1.0;1.0
DIGITAL_CAMERA_native;digital_camera_avidemux;D16_V_outdoor_move_0002.mp4;False;1.0;1.0;1.0
DIGITAL_CAMERA_native;digital_camera_avidemux;D19_V_indoor_move_0002.mp4;False;1.0;1.0;1.0
DIGITAL_CAMERA_native;digital_camera_avidemux;D19_V_outdoor_move_0002.mp4;False;1.0;1.0;1.0
DIGITAL_CAMERA_native;digital_camera_avidemux;D20_V_indoor_move_0002.mp4;False;1.0;1.0;1.0
DIGITAL_CAMERA_native;digital_camera_avidemux;D20_V_outdoor_move_0002.mp4;False;1.0;1.0;1.0
DIGITAL_CAMERA_native;digital_camera_avidemux;D22_V_indoor_move_0002.mp4;False;1.0;1.0;1.0
DIGITAL_CAMERA_native;digital_camera_avidemux;D22_V_outdoor_move_0002.mp4;False;1.0;1.0;1.0
DIGITAL_CAMERA_native;digital_camera_avidemux;D23_V_indoor_move_0002.mp4;False;1.0;1.0;1.0
DIGITAL_CAMERA_native;digital_camera_avidemux;D23_V_outdoor_move_0002.mp4;False;1.0;1.0;1.0
DIGITAL_CAMERA_native;digital_camera_avidemux;D24_V_indoor_move_0002.mp4;False;1.0;1.0;1.0
DIGITAL_CAMERA_native;digital_camera_avidemux;D24_V_outdoor_move_0002.mp4;False;1.0;1.0;1.0
DIGITAL_CAMERA_native;digital_camera_avidemux;D25_V_indoor_move_0002.mp4;False;1.0;1.0;1.0
DIGITAL_CAMERA_native;digital_camera_avidemux;D25_V_outdoor_move_0002.mp4;False;1.0;1.0;1.0
DIGITAL_CAMERA_native;digital_camera_avidemux;D26_V_indoor_move_0002.mp4;False;1.0;1.0;1.0
DIGITAL_CAMERA_native;digital_camera_avidemux;D26_V_outdoor_move_0002.mp4;False;1.0;1.0;1.0
DIGITAL_CAMERA_native;digital_camera_avidemux;D27_V_indoor_move_0002.mp4;False;1.0;1.0;1.0
DIGITAL_CAMERA_native;digital_camera_avidemux;D27_V_outdoor_move_0002.mp4;False;1.0;1.0;1.0
DIGITAL_CAMERA_native;digital_camera_avidemux;D28_V_indoor_move_0002.mp4;False;1.0;1.0;1.0
DIGITAL_CAMERA_native;digital_camera_avidemux;D28_V_outdoor_move_0002.mp4;False;1.0;1.0;1.0
DIGITAL_CAMERA_native;digital_camera_avidemux;D29_V_indoor_move_0002.mp4;False;1.0;1.0;1.0
DIGITAL_CAMERA_native;digital_camera_avidemux;D29_V_outdoor_move_0002.mp4;False;1.0;1.0;1.0
DIGITAL_CAMERA_native;digital_camera_avidemux;D30_V_indoor_move_0002.mp4;False;1.0;1.0;1.0
DIGITAL_CAMERA_native;digital_camera_avidemux;D30_V_outdoor_move_0002.mp4;False;1.0;1.0;1.0
DIGITAL_CAMERA_native;digital_camera_avidemux;D31_V_indoor_move_0002.mp4;False;1.0;1.0;1.0
DIGITAL_CAMERA_native;digital_camera_avidemux;D31_V_outdoor_move_0002.mp4;False;1.0;1.0;1.0
DIGITAL_CAMERA_native;digital_camera_avidemux;D32_V_indoor_move_0002.mp4;False;1.0;1.0;1.0
DIGITAL_CAMERA_native;digital_camera_avidemux;D32_V_outdoor_move_0002.mp4;False;1.0;1.0;1.0
DIGITAL_CAMERA_native;digital_camera_avidemux;D33_V_indoor_move_0002.mp4;False;1.0;1.0;1.0
DIGITAL_CAMERA_native;digital_camera_avidemux;D33_V_outdoor_move_0002.mp4;False;1.0;1.0;1.0
DIGITAL_CAMERA_native;digital_camera_avidemux;D34_V_indoor_move_0002.mp4;False;1.0;1.0;1.0
DIGITAL_CAMERA_native;digital_camera_avidemux;D34_V_outdoor_move_0002.mp4;False;1.0;1.0;1.0
DIGITAL_CAMERA_native;digital_camera_avidemux;D35_V_outdoor_move_0002.mp4;False;1.0;1.0;1.0
DIGITAL_CAMERA_native;digital_camera_avidemux;D35_V_outdoor_panrot_0002.mp4;False;1.0;1.0;1.0
DIGITAL_CAMERA_native;digital_camera_exiftool;D01_V_indoor_move_0002.mp4;False;1.0;1.0;1.0
DIGITAL_CAMERA_native;digital_camera_exiftool;D01_V_outdoor_move_0002.mp4;False;1.0;1.0;1.0
DIGITAL_CAMERA_native;digital_camera_exiftool;D03_V_indoor_move_0002.mp4;False;1.0;1.0;1.0
DIGITAL_CAMERA_native;digital_camera_exiftool;D03_V_outdoor_move_0002.mp4;False;1.0;1.0;1.0
DIGITAL_CAMERA_native;digital_camera_exiftool;D04_V_indoor_move_0002.mp4;False;1.0;1.0;1.0
DIGITAL_CAMERA_native;digital_camera_exiftool;D04_V_outdoor_move_0002.mp4;False;1.0;1.0;1.0
DIGITAL_CAMERA_native;digital_camera_exiftool;D05_V_indoor_move_0002.mp4;False;1.0;1.0;1.0
DIGITAL_CAMERA_native;digital_camera_exiftool;D05_V_outdoor_move_0002.mp4;False;1.0;1.0;1.0
DIGITAL_CAMERA_native;digital_camera_exiftool;D06_V_indoor_move_0002.mp4;False;1.0;1.0;1.0
DIGITAL_CAMERA_native;digital_camera_exiftool;D06_V_outdoor_move_0002.mp4;False;1.0;1.0;1.0
DIGITAL_CAMERA_native;digital_camera_exiftool;D07_V_indoor_move_0002.mp4;False;1.0;1.0;1.0
DIGITAL_CAMERA_native;digital_camera_exiftool;D07_V_outdoor_move_0002.mp4;False;1.0;1.0;1.0
DIGITAL_CAMERA_native;digital_camera_exiftool;D08_V_indoor_move_0002.mp4;False;1.0;1.0;1.0
DIGITAL_CAMERA_native;digital_camera_exiftool;D08_V_outdoor_move_0002.mp4;False;1.0;1.0;1.0
DIGITAL_CAMERA_native;digital_camera_exiftool;D09_V_indoor_move_0002.mp4;False;1.0;1.0;1.0
DIGITAL_CAMERA_native;digital_camera_exiftool;D09_V_outdoor_move_0002.mp4;False;1.0;1.0;1.0
DIGITAL_CAMERA_native;digital_camera_exiftool;D10_V_indoor_move_0002.mp4;False;1.0;1.0;1.0
DIGITAL_CAMERA_native;digital_camera_exiftool;D11_V_indoor_move_0002.mp4;False;1.0;1.0;1.0
DIGITAL_CAMERA_native;digital_camera_exiftool;D11_V_outdoor_move_0002.mp4;False;1.0;1.0;1.0
DIGITAL_CAMERA_native;digital_camera_exiftool;D12_V_indoor_move_0002.mp4;False;1.0;1.0;1.0
DIGITAL_CAMERA_native;digital_camera_exiftool;D12_V_outdoor_move_0002.mp4;False;1.0;1.0;1.0
DIGITAL_CAMERA_native;digital_camera_exiftool;D13_V_indoor_move_0002.mp4;False;1.0;1.0;1.0
DIGITAL_CAMERA_native;digital_camera_exiftool;D13_V_outdoor_move_0002.mp4;False;1.0;1.0;1.0
DIGITAL_CAMERA_native;digital_camera_exiftool;D14_V_indoor_move_0002.mp4;False;1.0;1.0;1.0
DIGITAL_CAMERA_native;digital_camera_exiftool;D14_V_outdoor_move_0002.mp4;False;1.0;1.0;1.0
DIGITAL_CAMERA_native;digital_camera_exiftool;D15_V_indoor_move_0002.mp4;False;1.0;1.0;1.0
DIGITAL_CAMERA_native;digital_camera_exiftool;D15_V_outdoor_move_0002.mp4;False;1.0;1.0;1.0
DIGITAL_CAMERA_native;digital_camera_exiftool;D16_V_indoor_move_0002.mp4;False;1.0;1.0;1.0
DIGITAL_CAMERA_native;digital_camera_exiftool;D16_V_outdoor_move_0002.mp4;False;1.0;1.0;1.0
DIGITAL_CAMERA_native;digital_camera_exiftool;D19_V_indoor_move_0002.mp4;False;1.0;1.0;1.0
DIGITAL_CAMERA_native;digital_camera_exiftool;D19_V_outdoor_move_0002.mp4;False;1.0;1.0;1.0
DIGITAL_CAMERA_native;digital_camera_exiftool;D20_V_indoor_move_0002.mp4;False;1.0;1.0;1.0
DIGITAL_CAMERA_native;digital_camera_exiftool;D20_V_outdoor_move_0002.mp4;False;1.0;1.0;1.0
DIGITAL_CAMERA_native;digital_camera_exiftool;D22_V_indoor_move_0002.mp4;False;1.0;1.0;1.0
DIGITAL_CAMERA_native;digital_camera_exiftool;D22_V_outdoor_move_0002.mp4;False;1.0;1.0;1.0
DIGITAL_CAMERA_native;digital_camera_exiftool;D23_V_indoor_move_0002.mp4;False;1.0;1.0;1.0
DIGITAL_CAMERA_native;digital_camera_exiftool;D23_V_outdoor_move_0002.mp4;False;1.0;1.0;1.0
DIGITAL_CAMERA_native;digital_camera_exiftool;D24_V_indoor_move_0002.mp4;False;1.0;1.0;1.0
DIGITAL_CAMERA_native;digital_camera_exiftool;D24_V_outdoor_move_0002.mp4;False;1.0;1.0;1.0
DIGITAL_CAMERA_native;digital_camera_exiftool;D25_V_indoor_move_0002.mp4;False;1.0;1.0;1.0
DIGITAL_CAMERA_native;digital_camera_exiftool;D25_V_outdoor_move_0002.mp4;False;1.0;1.0;1.0
DIGITAL_CAMERA_native;digital_camera_exiftool;D26_V_indoor_move_0002.mp4;False;1.0;1.0;1.0
DIGITAL_CAMERA_native;digital_camera_exiftool;D26_V_outdoor_move_0002.mp4;False;1.0;1.0;1.0
DIGITAL_CAMERA_native;digital_camera_exiftool;D27_V_indoor_move_0002.mp4;False;1.0;1.0;1.0
DIGITAL_CAMERA_native;digital_camera_exiftool;D27_V_outdoor_move_0002.mp4;False;1.0;1.0;1.0
DIGITAL_CAMERA_native;digital_camera_exiftool;D28_V_indoor_move_0002.mp4;False;1.0;1.0;1.0
DIGITAL_CAMERA_native;digital_camera_exiftool;D28_V_outdoor_move_0002.mp4;False;1.0;1.0;1.0
DIGITAL_CAMERA_native;digital_camera_exiftool;D29_V_indoor_move_0002.mp4;False;1.0;1.0;1.0
DIGITAL_CAMERA_native;digital_camera_exiftool;D29_V_outdoor_move_0002.mp4;False;1.0;1.0;1.0
DIGITAL_CAMERA_native;digital_camera_exiftool;D30_V_indoor_move_0002.mp4;False;1.0;1.0;1.0
DIGITAL_CAMERA_native;digital_camera_exiftool;D30_V_outdoor_move_0002.mp4;False;1.0;1.0;1.0
DIGITAL_CAMERA_native;digital_camera_exiftool;D31_V_indoor_move_0002.mp4;False;1.0;1.0;1.0
DIGITAL_CAMERA_native;digital_camera_exiftool;D31_V_outdoor_move_0002.mp4;False;1.0;1.0;1.0
DIGITAL_CAMERA_native;digital_camera_exiftool;D32_V_indoor_move_0002.mp4;False;1.0;1.0;1.0
DIGITAL_CAMERA_native;digital_camera_exiftool;D32_V_outdoor_move_0002.mp4;False;1.0;1.0;1.0
DIGITAL_CAMERA_native;digital_camera_exiftool;D33_V_indoor_move_0002.mp4;False;1.0;1.0;1.0
DIGITAL_CAMERA_native;digital_camera_exiftool;D33_V_outdoor_move_0002.mp4;False;1.0;1.0;1.0
DIGITAL_CAMERA_native;digital_camera_exiftool;D34_V_indoor_move_0002.mp4;False;1.0;1.0;1.0
DIGITAL_CAMERA_native;digital_camera_exiftool;D34_V_outdoor_move_0002.mp4;False;1.0;1.0;1.0
DIGITAL_CAMERA_native;digital_camera_exiftool;D35_V_outdoor_move_0002.mp4;False;1.0;1.0;1.0
DIGITAL_CAMERA_native;digital_camera_exiftool;D35_V_outdoor_panrot_0002.mp4;False;1.0;1.0;1.0
DIGITAL_CAMERA_native;digital_camera_ffmpeg1;D01_V_indoor_move_0002.mp4;False;1.0;1.0;1.0
DIGITAL_CAMERA_native;digital_camera_ffmpeg1;D01_V_outdoor_move_0002.mp4;False;1.0;1.0;1.0
DIGITAL_CAMERA_native;digital_camera_ffmpeg1;D03_V_indoor_move_0002.mp4;False;1.0;1.0;1.0
DIGITAL_CAMERA_native;digital_camera_ffmpeg1;D03_V_outdoor_move_0002.mp4;False;1.0;1.0;1.0
DIGITAL_CAMERA_native;digital_camera_ffmpeg1;D04_V_indoor_move_0002.mp4;False;1.0;1.0;1.0
DIGITAL_CAMERA_native;digital_camera_ffmpeg1;D04_V_outdoor_move_0002.mp4;False;1.0;1.0;1.0
DIGITAL_CAMERA_native;digital_camera_ffmpeg1;D05_V_indoor_move_0002.mp4;False;1.0;1.0;1.0
DIGITAL_CAMERA_native;digital_camera_ffmpeg1;D05_V_outdoor_move_0002.mp4;False;1.0;1.0;1.0
DIGITAL_CAMERA_native;digital_camera_ffmpeg1;D06_V_indoor_move_0002.mp4;False;1.0;1.0;1.0
DIGITAL_CAMERA_native;digital_camera_ffmpeg1;D06_V_outdoor_move_0002.mp4;False;1.0;1.0;1.0
DIGITAL_CAMERA_native;digital_camera_ffmpeg1;D07_V_indoor_move_0002.mp4;False;1.0;1.0;1.0
DIGITAL_CAMERA_native;digital_camera_ffmpeg1;D07_V_outdoor_move_0002.mp4;False;1.0;1.0;1.0
DIGITAL_CAMERA_native;digital_camera_ffmpeg1;D08_V_indoor_move_0002.mp4;False;1.0;1.0;1.0
DIGITAL_CAMERA_native;digital_camera_ffmpeg1;D08_V_outdoor_move_0002.mp4;False;1.0;1.0;1.0
DIGITAL_CAMERA_native;digital_camera_ffmpeg1;D09_V_indoor_move_0002.mp4;False;1.0;1.0;1.0
DIGITAL_CAMERA_native;digital_camera_ffmpeg1;D09_V_outdoor_move_0002.mp4;False;1.0;1.0;1.0
DIGITAL_CAMERA_native;digital_camera_ffmpeg1;D10_V_indoor_move_0002.mp4;False;1.0;1.0;1.0
DIGITAL_CAMERA_native;digital_camera_ffmpeg1;D11_V_indoor_move_0002.mp4;False;1.0;1.0;1.0
DIGITAL_CAMERA_native;digital_camera_ffmpeg1;D11_V_outdoor_move_0002.mp4;False;1.0;1.0;1.0
DIGITAL_CAMERA_native;digital_camera_ffmpeg1;D12_V_indoor_move_0002.mp4;False;1.0;1.0;1.0
DIGITAL_CAMERA_native;digital_camera_ffmpeg1;D12_V_outdoor_move_0002.mp4;False;1.0;1.0;1.0
DIGITAL_CAMERA_native;digital_camera_ffmpeg1;D13_V_indoor_move_0002.mp4;False;1.0;1.0;1.0
DIGITAL_CAMERA_native;digital_camera_ffmpeg1;D13_V_outdoor_move_0002.mp4;False;1.0;1.0;1.0
DIGITAL_CAMERA_native;digital_camera_ffmpeg1;D14_V_indoor_move_0002.mp4;False;1.0;1.0;1.0
DIGITAL_CAMERA_native;digital_camera_ffmpeg1;D14_V_outdoor_move_0002.mp4;False;1.0;1.0;1.0
DIGITAL_CAMERA_native;digital_camera_ffmpeg1;D15_V_indoor_move_0002.mp4;False;1.0;1.0;1.0
DIGITAL_CAMERA_native;digital_camera_ffmpeg1;D15_V_outdoor_move_0002.mp4;False;1.0;1.0;1.0
DIGITAL_CAMERA_native;digital_camera_ffmpeg1;D16_V_indoor_move_0002.mp4;False;1.0;1.0;1.0
DIGITAL_CAMERA_native;digital_camera_ffmpeg1;D16_V_outdoor_move_0002.mp4;False;1.0;1.0;1.0
DIGITAL_CAMERA_native;digital_camera_ffmpeg1;D19_V_indoor_move_0002.mp4;False;1.0;1.0;1.0
DIGITAL_CAMERA_native;digital_camera_ffmpeg1;D19_V_outdoor_move_0002.mp4;False;1.0;1.0;1.0
DIGITAL_CAMERA_native;digital_camera_ffmpeg1;D20_V_indoor_move_0002.mp4;False;1.0;1.0;1.0
DIGITAL_CAMERA_native;digital_camera_ffmpeg1;D20_V_outdoor_move_0002.mp4;False;1.0;1.0;1.0
DIGITAL_CAMERA_native;digital_camera_ffmpeg1;D22_V_indoor_move_0002.mp4;False;1.0;1.0;1.0
DIGITAL_CAMERA_native;digital_camera_ffmpeg1;D22_V_outdoor_move_0002.mp4;False;1.0;1.0;1.0
DIGITAL_CAMERA_native;digital_camera_ffmpeg1;D23_V_indoor_move_0002.mp4;False;1.0;1.0;1.0
DIGITAL_CAMERA_native;digital_camera_ffmpeg1;D23_V_outdoor_move_0002.mp4;False;1.0;1.0;1.0
DIGITAL_CAMERA_native;digital_camera_ffmpeg1;D24_V_indoor_move_0002.mp4;False;1.0;1.0;1.0
DIGITAL_CAMERA_native;digital_camera_ffmpeg1;D24_V_outdoor_move_0002.mp4;False;1.0;1.0;1.0
DIGITAL_CAMERA_native;digital_camera_ffmpeg1;D25_V_indoor_move_0002.mp4;False;1.0;1.0;1.0
DIGITAL_CAMERA_native;digital_camera_ffmpeg1;D25_V_outdoor_move_0002.mp4;False;1.0;1.0;1.0
DIGITAL_CAMERA_native;digital_camera_ffmpeg1;D26_V_indoor_move_0002.mp4;False;1.0;1.0;1.0
DIGITAL_CAMERA_native;digital_camera_ffmpeg1;D26_V_outdoor_move_0002.mp4;False;1.0;1.0;1.0
DIGITAL_CAMERA_native;digital_camera_ffmpeg1;D27_V_indoor_move_0002.mp4;False;1.0;1.0;1.0
DIGITAL_CAMERA_native;digital_camera_ffmpeg1;D27_V_outdoor_move_0002.mp4;False;1.0;1.0;1.0
DIGITAL_CAMERA_native;digital_camera_ffmpeg1;D28_V_indoor_move_0002.mp4;False;1.0;1.0;1.0
DIGITAL_CAMERA_native;digital_camera_ffmpeg1;D28_V_outdoor_move_0002.mp4;False;1.0;1.0;1.0
DIGITAL_CAMERA_native;digital_camera_ffmpeg1;D29_V_indoor_move_0002.mp4;False;1.0;1.0;1.0
DIGITAL_CAMERA_native;digital_camera_ffmpeg1;D29_V_outdoor_move_0002.mp4;False;1.0;1.0;1.0
DIGITAL_CAMERA_native;digital_camera_ffmpeg1;D30_V_indoor_move_0002.mp4;False;1.0;1.0;1.0
DIGITAL_CAMERA_native;digital_camera_ffmpeg1;D30_V_outdoor_move_0002.mp4;False;1.0;1.0;1.0
DIGITAL_CAMERA_native;digital_camera_ffmpeg1;D31_V_indoor_move_0002.mp4;False;1.0;1.0;1.0
DIGITAL_CAMERA_native;digital_camera_ffmpeg1;D31_V_outdoor_move_0002.mp4;False;1.0;1.0;1.0
DIGITAL_CAMERA_native;digital_camera_ffmpeg1;D32_V_indoor_move_0002.mp4;False;1.0;1.0;1.0
DIGITAL_CAMERA_native;digital_camera_ffmpeg1;D32_V_outdoor_move_0002.mp4;False;1.0;1.0;1.0
DIGITAL_CAMERA_native;digital_camera_ffmpeg1;D33_V_indoor_move_0002.mp4;False;1.0;1.0;1.0
DIGITAL_CAMERA_native;digital_camera_ffmpeg1;D33_V_outdoor_move_0002.mp4;False;1.0;1.0;1.0
DIGITAL_CAMERA_native;digital_camera_ffmpeg1;D34_V_indoor_move_0002.mp4;False;1.0;1.0;1.0
DIGITAL_CAMERA_native;digital_camera_ffmpeg1;D34_V_outdoor_move_0002.mp4;False;1.0;1.0;1.0
DIGITAL_CAMERA_native;digital_camera_ffmpeg1;D35_V_outdoor_move_0002.mp4;False;1.0;1.0;1.0
DIGITAL_CAMERA_native;digital_camera_ffmpeg1;D35_V_outdoor_panrot_0002.mp4;False;1.0;1.0;1.0
DIGITAL_CAMERA_native;digital_camera_ffmpeg2;D01_V_indoor_move_0002.mp4;False;1.0;1.0;1.0
DIGITAL_CAMERA_native;digital_camera_ffmpeg2;D01_V_outdoor_move_0002.mp4;False;1.0;1.0;1.0
DIGITAL_CAMERA_native;digital_camera_ffmpeg2;D03_V_indoor_move_0002.mp4;False;1.0;1.0;1.0
DIGITAL_CAMERA_native;digital_camera_ffmpeg2;D03_V_outdoor_move_0002.mp4;False;1.0;1.0;1.0
DIGITAL_CAMERA_native;digital_camera_ffmpeg2;D04_V_indoor_move_0002.mp4;False;1.0;1.0;1.0
DIGITAL_CAMERA_native;digital_camera_ffmpeg2;D04_V_outdoor_move_0002.mp4;False;1.0;1.0;1.0
DIGITAL_CAMERA_native;digital_camera_ffmpeg2;D05_V_indoor_move_0002.mp4;False;1.0;1.0;1.0
DIGITAL_CAMERA_native;digital_camera_ffmpeg2;D05_V_outdoor_move_0002.mp4;False;1.0;1.0;1.0
DIGITAL_CAMERA_native;digital_camera_ffmpeg2;D06_V_indoor_move_0002.mp4;False;1.0;1.0;1.0
DIGITAL_CAMERA_native;digital_camera_ffmpeg2;D06_V_outdoor_move_0002.mp4;False;1.0;1.0;1.0
DIGITAL_CAMERA_native;digital_camera_ffmpeg2;D07_V_indoor_move_0002.mp4;False;1.0;1.0;1.0
DIGITAL_CAMERA_native;digital_camera_ffmpeg2;D07_V_outdoor_move_0002.mp4;False;1.0;1.0;1.0
DIGITAL_CAMERA_native;digital_camera_ffmpeg2;D08_V_indoor_move_0002.mp4;False;1.0;1.0;1.0
DIGITAL_CAMERA_native;digital_camera_ffmpeg2;D08_V_outdoor_move_0002.mp4;False;1.0;1.0;1.0
DIGITAL_CAMERA_native;digital_camera_ffmpeg2;D09_V_indoor_move_0002.mp4;False;1.0;1.0;1.0
DIGITAL_CAMERA_native;digital_camera_ffmpeg2;D09_V_outdoor_move_0002.mp4;False;1.0;1.0;1.0
DIGITAL_CAMERA_native;digital_camera_ffmpeg2;D10_V_indoor_move_0002.mp4;False;1.0;1.0;1.0
DIGITAL_CAMERA_native;digital_camera_ffmpeg2;D11_V_indoor_move_0002.mp4;False;1.0;1.0;1.0
DIGITAL_CAMERA_native;digital_camera_ffmpeg2;D11_V_outdoor_move_0002.mp4;False;1.0;1.0;1.0
DIGITAL_CAMERA_native;digital_camera_ffmpeg2;D12_V_indoor_move_0002.mp4;False;1.0;1.0;1.0
DIGITAL_CAMERA_native;digital_camera_ffmpeg2;D12_V_outdoor_move_0002.mp4;False;1.0;1.0;1.0
DIGITAL_CAMERA_native;digital_camera_ffmpeg2;D13_V_indoor_move_0002.mp4;False;1.0;1.0;1.0
DIGITAL_CAMERA_native;digital_camera_ffmpeg2;D13_V_outdoor_move_0002.mp4;False;1.0;1.0;1.0
DIGITAL_CAMERA_native;digital_camera_ffmpeg2;D14_V_indoor_move_0002.mp4;False;1.0;1.0;1.0
DIGITAL_CAMERA_native;digital_camera_ffmpeg2;D14_V_outdoor_move_0002.mp4;False;1.0;1.0;1.0
DIGITAL_CAMERA_native;digital_camera_ffmpeg2;D15_V_indoor_move_0002.mp4;False;1.0;1.0;1.0
DIGITAL_CAMERA_native;digital_camera_ffmpeg2;D15_V_outdoor_move_0002.mp4;False;1.0;1.0;1.0
DIGITAL_CAMERA_native;digital_camera_ffmpeg2;D16_V_indoor_move_0002.mp4;False;1.0;1.0;1.0
DIGITAL_CAMERA_native;digital_camera_ffmpeg2;D16_V_outdoor_move_0002.mp4;False;1.0;1.0;1.0
DIGITAL_CAMERA_native;digital_camera_ffmpeg2;D19_V_indoor_move_0002.mp4;False;1.0;1.0;1.0
DIGITAL_CAMERA_native;digital_camera_ffmpeg2;D19_V_outdoor_move_0002.mp4;False;1.0;1.0;1.0
DIGITAL_CAMERA_native;digital_camera_ffmpeg2;D20_V_indoor_move_0002.mp4;False;1.0;1.0;1.0
DIGITAL_CAMERA_native;digital_camera_ffmpeg2;D20_V_outdoor_move_0002.mp4;False;1.0;1.0;1.0
DIGITAL_CAMERA_native;digital_camera_ffmpeg2;D22_V_indoor_move_0002.mp4;False;1.0;1.0;1.0
DIGITAL_CAMERA_native;digital_camera_ffmpeg2;D22_V_outdoor_move_0002.mp4;False;1.0;1.0;1.0
DIGITAL_CAMERA_native;digital_camera_ffmpeg2;D23_V_indoor_move_0002.mp4;False;1.0;1.0;1.0
DIGITAL_CAMERA_native;digital_camera_ffmpeg2;D23_V_outdoor_move_0002.mp4;False;1.0;1.0;1.0
DIGITAL_CAMERA_native;digital_camera_ffmpeg2;D24_V_indoor_move_0002.mp4;False;1.0;1.0;1.0
DIGITAL_CAMERA_native;digital_camera_ffmpeg2;D24_V_outdoor_move_0002.mp4;False;1.0;1.0;1.0
DIGITAL_CAMERA_native;digital_camera_ffmpeg2;D25_V_indoor_move_0002.mp4;False;1.0;1.0;1.0
DIGITAL_CAMERA_native;digital_camera_ffmpeg2;D25_V_outdoor_move_0002.mp4;False;1.0;1.0;1.0
DIGITAL_CAMERA_native;digital_camera_ffmpeg2;D26_V_indoor_move_0002.mp4;False;1.0;1.0;1.0
DIGITAL_CAMERA_native;digital_camera_ffmpeg2;D26_V_outdoor_move_0002.mp4;False;1.0;1.0;1.0
DIGITAL_CAMERA_native;digital_camera_ffmpeg2;D27_V_indoor_move_0002.mp4;False;1.0;1.0;1.0
DIGITAL_CAMERA_native;digital_camera_ffmpeg2;D27_V_outdoor_move_0002.mp4;False;1.0;1.0;1.0
DIGITAL_CAMERA_native;digital_camera_ffmpeg2;D28_V_indoor_move_0002.mp4;False;1.0;1.0;1.0
DIGITAL_CAMERA_native;digital_camera_ffmpeg2;D28_V_outdoor_move_0002.mp4;False;1.0;1.0;1.0
DIGITAL_CAMERA_native;digital_camera_ffmpeg2;D29_V_indoor_move_0002.mp4;False;1.0;1.0;1.0
DIGITAL_CAMERA_native;digital_camera_ffmpeg2;D29_V_outdoor_move_0002.mp4;False;1.0;1.0;1.0
DIGITAL_CAMERA_native;digital_camera_ffmpeg2;D30_V_indoor_move_0002.mp4;False;1.0;1.0;1.0
DIGITAL_CAMERA_native;digital_camera_ffmpeg2;D30_V_outdoor_move_0002.mp4;False;1.0;1.0;1.0
DIGITAL_CAMERA_native;digital_camera_ffmpeg2;D31_V_indoor_move_0002.mp4;False;1.0;1.0;1.0
DIGITAL_CAMERA_native;digital_camera_ffmpeg2;D31_V_outdoor_move_0002.mp4;False;1.0;1.0;1.0
DIGITAL_CAMERA_native;digital_camera_ffmpeg2;D32_V_indoor_move_0002.mp4;False;1.0;1.0;1.0
DIGITAL_CAMERA_native;digital_camera_ffmpeg2;D32_V_outdoor_move_0002.mp4;False;1.0;1.0;1.0
DIGITAL_CAMERA_native;digital_camera_ffmpeg2;D33_V_indoor_move_0002.mp4;False;1.0;1.0;1.0
DIGITAL_CAMERA_native;digital_camera_ffmpeg2;D33_V_outdoor_move_0002.mp4;False;1.0;1.0;1.0
DIGITAL_CAMERA_native;digital_camera_ffmpeg2;D34_V_indoor_move_0002.mp4;False;1.0;1.0;1.0
DIGITAL_CAMERA_native;digital_camera_ffmpeg2;D34_V_outdoor_move_0002.mp4;False;1.0;1.0;1.0
DIGITAL_CAMERA_native;digital_camera_ffmpeg2;D35_V_outdoor_move_0002.mp4;False;1.0;1.0;1.0
DIGITAL_CAMERA_native;digital_camera_ffmpeg2;D35_V_outdoor_panrot_0002.mp4;False;1.0;1.0;1.0
DIGITAL_CAMERA_native;digital_camera_ffmpeg3;D01_V_indoor_move_0002.mp4;False;1.0;1.0;1.0
DIGITAL_CAMERA_native;digital_camera_ffmpeg3;D01_V_outdoor_move_0002.mp4;False;1.0;1.0;1.0
DIGITAL_CAMERA_native;digital_camera_ffmpeg3;D03_V_indoor_move_0002.mp4;False;1.0;1.0;1.0
DIGITAL_CAMERA_native;digital_camera_ffmpeg3;D03_V_outdoor_move_0002.mp4;False;1.0;1.0;1.0
DIGITAL_CAMERA_native;digital_camera_ffmpeg3;D04_V_indoor_move_0002.mp4;False;1.0;1.0;1.0
DIGITAL_CAMERA_native;digital_camera_ffmpeg3;D04_V_outdoor_move_0002.mp4;False;1.0;1.0;1.0
DIGITAL_CAMERA_native;digital_camera_ffmpeg3;D05_V_indoor_move_0002.mp4;False;1.0;1.0;1.0
DIGITAL_CAMERA_native;digital_camera_ffmpeg3;D05_V_outdoor_move_0002.mp4;False;1.0;1.0;1.0
DIGITAL_CAMERA_native;digital_camera_ffmpeg3;D06_V_indoor_move_0002.mp4;False;1.0;1.0;1.0
DIGITAL_CAMERA_native;digital_camera_ffmpeg3;D06_V_outdoor_move_0002.mp4;False;1.0;1.0;1.0
DIGITAL_CAMERA_native;digital_camera_ffmpeg3;D07_V_indoor_move_0002.mp4;False;1.0;1.0;1.0
DIGITAL_CAMERA_native;digital_camera_ffmpeg3;D07_V_outdoor_move_0002.mp4;False;1.0;1.0;1.0
DIGITAL_CAMERA_native;digital_camera_ffmpeg3;D08_V_indoor_move_0002.mp4;False;1.0;1.0;1.0
DIGITAL_CAMERA_native;digital_camera_ffmpeg3;D08_V_outdoor_move_0002.mp4;False;1.0;1.0;1.0
DIGITAL_CAMERA_native;digital_camera_ffmpeg3;D09_V_indoor_move_0002.mp4;False;1.0;1.0;1.0
DIGITAL_CAMERA_native;digital_camera_ffmpeg3;D09_V_outdoor_move_0002.mp4;False;1.0;1.0;1.0
DIGITAL_CAMERA_native;digital_camera_ffmpeg3;D10_V_indoor_move_0002.mp4;False;1.0;1.0;1.0
DIGITAL_CAMERA_native;digital_camera_ffmpeg3;D11_V_indoor_move_0002.mp4;False;1.0;1.0;1.0
DIGITAL_CAMERA_native;digital_camera_ffmpeg3;D11_V_outdoor_move_0002.mp4;False;1.0;1.0;1.0
DIGITAL_CAMERA_native;digital_camera_ffmpeg3;D12_V_indoor_move_0002.mp4;False;1.0;1.0;1.0
DIGITAL_CAMERA_native;digital_camera_ffmpeg3;D12_V_outdoor_move_0002.mp4;False;1.0;1.0;1.0
DIGITAL_CAMERA_native;digital_camera_ffmpeg3;D13_V_indoor_move_0002.mp4;False;1.0;1.0;1.0
DIGITAL_CAMERA_native;digital_camera_ffmpeg3;D13_V_outdoor_move_0002.mp4;False;1.0;1.0;1.0
DIGITAL_CAMERA_native;digital_camera_ffmpeg3;D14_V_indoor_move_0002.mp4;False;1.0;1.0;1.0
DIGITAL_CAMERA_native;digital_camera_ffmpeg3;D14_V_outdoor_move_0002.mp4;False;1.0;1.0;1.0
DIGITAL_CAMERA_native;digital_camera_ffmpeg3;D15_V_indoor_move_0002.mp4;False;1.0;1.0;1.0
DIGITAL_CAMERA_native;digital_camera_ffmpeg3;D15_V_outdoor_move_0002.mp4;False;1.0;1.0;1.0
DIGITAL_CAMERA_native;digital_camera_ffmpeg3;D16_V_indoor_move_0002.mp4;False;1.0;1.0;1.0
DIGITAL_CAMERA_native;digital_camera_ffmpeg3;D16_V_outdoor_move_0002.mp4;False;1.0;1.0;1.0
DIGITAL_CAMERA_native;digital_camera_ffmpeg3;D19_V_indoor_move_0002.mp4;False;1.0;1.0;1.0
DIGITAL_CAMERA_native;digital_camera_ffmpeg3;D19_V_outdoor_move_0002.mp4;False;1.0;1.0;1.0
DIGITAL_CAMERA_native;digital_camera_ffmpeg3;D20_V_indoor_move_0002.mp4;False;1.0;1.0;1.0
DIGITAL_CAMERA_native;digital_camera_ffmpeg3;D20_V_outdoor_move_0002.mp4;False;1.0;1.0;1.0
DIGITAL_CAMERA_native;digital_camera_ffmpeg3;D22_V_indoor_move_0002.mp4;False;1.0;1.0;1.0
DIGITAL_CAMERA_native;digital_camera_ffmpeg3;D22_V_outdoor_move_0002.mp4;False;1.0;1.0;1.0
DIGITAL_CAMERA_native;digital_camera_ffmpeg3;D23_V_indoor_move_0002.mp4;False;1.0;1.0;1.0
DIGITAL_CAMERA_native;digital_camera_ffmpeg3;D23_V_outdoor_move_0002.mp4;False;1.0;1.0;1.0
DIGITAL_CAMERA_native;digital_camera_ffmpeg3;D24_V_indoor_move_0002.mp4;False;1.0;1.0;1.0
DIGITAL_CAMERA_native;digital_camera_ffmpeg3;D24_V_outdoor_move_0002.mp4;False;1.0;1.0;1.0
DIGITAL_CAMERA_native;digital_camera_ffmpeg3;D25_V_indoor_move_0002.mp4;False;1.0;1.0;1.0
DIGITAL_CAMERA_native;digital_camera_ffmpeg3;D25_V_outdoor_move_0002.mp4;False;1.0;1.0;1.0
DIGITAL_CAMERA_native;digital_camera_ffmpeg3;D26_V_indoor_move_0002.mp4;False;1.0;1.0;1.0
DIGITAL_CAMERA_native;digital_camera_ffmpeg3;D26_V_outdoor_move_0002.mp4;False;1.0;1.0;1.0
DIGITAL_CAMERA_native;digital_camera_ffmpeg3;D27_V_indoor_move_0002.mp4;False;1.0;1.0;1.0
DIGITAL_CAMERA_native;digital_camera_ffmpeg3;D27_V_outdoor_move_0002.mp4;False;1.0;1.0;1.0
DIGITAL_CAMERA_native;digital_camera_ffmpeg3;D28_V_indoor_move_0002.mp4;False;1.0;1.0;1.0
DIGITAL_CAMERA_native;digital_camera_ffmpeg3;D28_V_outdoor_move_0002.mp4;False;1.0;1.0;1.0
DIGITAL_CAMERA_native;digital_camera_ffmpeg3;D29_V_indoor_move_0002.mp4;False;1.0;1.0;1.0
DIGITAL_CAMERA_native;digital_camera_ffmpeg3;D29_V_outdoor_move_0002.mp4;False;1.0;1.0;1.0
DIGITAL_CAMERA_native;digital_camera_ffmpeg3;D30_V_indoor_move_0002.mp4;False;1.0;1.0;1.0
DIGITAL_CAMERA_native;digital_camera_ffmpeg3;D30_V_outdoor_move_0002.mp4;False;1.0;1.0;1.0
DIGITAL_CAMERA_native;digital_camera_ffmpeg3;D31_V_indoor_move_0002.mp4;False;1.0;1.0;1.0
DIGITAL_CAMERA_native;digital_camera_ffmpeg3;D31_V_outdoor_move_0002.mp4;False;1.0;1.0;1.0
DIGITAL_CAMERA_native;digital_camera_ffmpeg3;D32_V_indoor_move_0002.mp4;False;1.0;1.0;1.0
DIGITAL_CAMERA_native;digital_camera_ffmpeg3;D32_V_outdoor_move_0002.mp4;False;1.0;1.0;1.0
DIGITAL_CAMERA_native;digital_camera_ffmpeg3;D33_V_indoor_move_0002.mp4;False;1.0;1.0;1.0
DIGITAL_CAMERA_native;digital_camera_ffmpeg3;D33_V_outdoor_move_0002.mp4;False;1.0;1.0;1.0
DIGITAL_CAMERA_native;digital_camera_ffmpeg3;D34_V_indoor_move_0002.mp4;False;1.0;1.0;1.0
DIGITAL_CAMERA_native;digital_camera_ffmpeg3;D34_V_outdoor_move_0002.mp4;False;1.0;1.0;1.0
DIGITAL_CAMERA_native;digital_camera_ffmpeg3;D35_V_outdoor_move_0002.mp4;False;1.0;1.0;1.0
DIGITAL_CAMERA_native;digital_camera_ffmpeg3;D35_V_outdoor_panrot_0002.mp4;False;1.0;1.0;1.0
DIGITAL_CAMERA_native;digital_camera_ffmpeg4;D01_V_indoor_move_0002.mp4;False;1.0;1.0;1.0
DIGITAL_CAMERA_native;digital_camera_ffmpeg4;D01_V_outdoor_move_0002.mp4;False;1.0;1.0;1.0
DIGITAL_CAMERA_native;digital_camera_ffmpeg4;D03_V_indoor_move_0002.mp4;False;1.0;1.0;1.0
DIGITAL_CAMERA_native;digital_camera_ffmpeg4;D03_V_outdoor_move_0002.mp4;False;1.0;1.0;1.0
DIGITAL_CAMERA_native;digital_camera_ffmpeg4;D04_V_indoor_move_0002.mp4;False;1.0;1.0;1.0
DIGITAL_CAMERA_native;digital_camera_ffmpeg4;D04_V_outdoor_move_0002.mp4;False;1.0;1.0;1.0
DIGITAL_CAMERA_native;digital_camera_ffmpeg4;D05_V_indoor_move_0002.mp4;False;1.0;1.0;1.0
DIGITAL_CAMERA_native;digital_camera_ffmpeg4;D05_V_outdoor_move_0002.mp4;False;1.0;1.0;1.0
DIGITAL_CAMERA_native;digital_camera_ffmpeg4;D06_V_indoor_move_0002.mp4;False;1.0;1.0;1.0
DIGITAL_CAMERA_native;digital_camera_ffmpeg4;D06_V_outdoor_move_0002.mp4;False;1.0;1.0;1.0
DIGITAL_CAMERA_native;digital_camera_ffmpeg4;D07_V_indoor_move_0002.mp4;False;1.0;1.0;1.0
DIGITAL_CAMERA_native;digital_camera_ffmpeg4;D07_V_outdoor_move_0002.mp4;False;1.0;1.0;1.0
DIGITAL_CAMERA_native;digital_camera_ffmpeg4;D08_V_indoor_move_0002.mp4;False;1.0;1.0;1.0
DIGITAL_CAMERA_native;digital_camera_ffmpeg4;D08_V_outdoor_move_0002.mp4;False;1.0;1.0;1.0
DIGITAL_CAMERA_native;digital_camera_ffmpeg4;D09_V_indoor_move_0002.mp4;False;1.0;1.0;1.0
DIGITAL_CAMERA_native;digital_camera_ffmpeg4;D09_V_outdoor_move_0002.mp4;False;1.0;1.0;1.0
DIGITAL_CAMERA_native;digital_camera_ffmpeg4;D10_V_indoor_move_0002.mp4;False;1.0;1.0;1.0
DIGITAL_CAMERA_native;digital_camera_ffmpeg4;D11_V_indoor_move_0002.mp4;False;1.0;1.0;1.0
DIGITAL_CAMERA_native;digital_camera_ffmpeg4;D11_V_outdoor_move_0002.mp4;False;1.0;1.0;1.0
DIGITAL_CAMERA_native;digital_camera_ffmpeg4;D12_V_indoor_move_0002.mp4;False;1.0;1.0;1.0
DIGITAL_CAMERA_native;digital_camera_ffmpeg4;D12_V_outdoor_move_0002.mp4;False;1.0;1.0;1.0
DIGITAL_CAMERA_native;digital_camera_ffmpeg4;D13_V_indoor_move_0002.mp4;False;1.0;1.0;1.0
DIGITAL_CAMERA_native;digital_camera_ffmpeg4;D13_V_outdoor_move_0002.mp4;False;1.0;1.0;1.0
DIGITAL_CAMERA_native;digital_camera_ffmpeg4;D14_V_indoor_move_0002.mp4;False;1.0;1.0;1.0
DIGITAL_CAMERA_native;digital_camera_ffmpeg4;D14_V_outdoor_move_0002.mp4;False;1.0;1.0;1.0
DIGITAL_CAMERA_native;digital_camera_ffmpeg4;D15_V_indoor_move_0002.mp4;False;1.0;1.0;1.0
DIGITAL_CAMERA_native;digital_camera_ffmpeg4;D15_V_outdoor_move_0002.mp4;False;1.0;1.0;1.0
DIGITAL_CAMERA_native;digital_camera_ffmpeg4;D16_V_indoor_move_0002.mp4;False;1.0;1.0;1.0
DIGITAL_CAMERA_native;digital_camera_ffmpeg4;D16_V_outdoor_move_0002.mp4;False;1.0;1.0;1.0
DIGITAL_CAMERA_native;digital_camera_ffmpeg4;D19_V_indoor_move_0002.mp4;False;1.0;1.0;1.0
DIGITAL_CAMERA_native;digital_camera_ffmpeg4;D19_V_outdoor_move_0002.mp4;False;1.0;1.0;1.0
DIGITAL_CAMERA_native;digital_camera_ffmpeg4;D20_V_indoor_move_0002.mp4;False;1.0;1.0;1.0
DIGITAL_CAMERA_native;digital_camera_ffmpeg4;D20_V_outdoor_move_0002.mp4;False;1.0;1.0;1.0
DIGITAL_CAMERA_native;digital_camera_ffmpeg4;D22_V_indoor_move_0002.mp4;False;1.0;1.0;1.0
DIGITAL_CAMERA_native;digital_camera_ffmpeg4;D22_V_outdoor_move_0002.mp4;False;1.0;1.0;1.0
DIGITAL_CAMERA_native;digital_camera_ffmpeg4;D23_V_indoor_move_0002.mp4;False;1.0;1.0;1.0
DIGITAL_CAMERA_native;digital_camera_ffmpeg4;D23_V_outdoor_move_0002.mp4;False;1.0;1.0;1.0
DIGITAL_CAMERA_native;digital_camera_ffmpeg4;D24_V_indoor_move_0002.mp4;False;1.0;1.0;1.0
DIGITAL_CAMERA_native;digital_camera_ffmpeg4;D24_V_outdoor_move_0002.mp4;False;1.0;1.0;1.0
DIGITAL_CAMERA_native;digital_camera_ffmpeg4;D25_V_indoor_move_0002.mp4;False;1.0;1.0;1.0
DIGITAL_CAMERA_native;digital_camera_ffmpeg4;D25_V_outdoor_move_0002.mp4;False;1.0;1.0;1.0
DIGITAL_CAMERA_native;digital_camera_ffmpeg4;D26_V_indoor_move_0002.mp4;False;1.0;1.0;1.0
DIGITAL_CAMERA_native;digital_camera_ffmpeg4;D26_V_outdoor_move_0002.mp4;False;1.0;1.0;1.0
DIGITAL_CAMERA_native;digital_camera_ffmpeg4;D27_V_indoor_move_0002.mp4;False;1.0;1.0;1.0
DIGITAL_CAMERA_native;digital_camera_ffmpeg4;D27_V_outdoor_move_0002.mp4;False;1.0;1.0;1.0
DIGITAL_CAMERA_native;digital_camera_ffmpeg4;D28_V_indoor_move_0002.mp4;False;1.0;1.0;1.0
DIGITAL_CAMERA_native;digital_camera_ffmpeg4;D28_V_outdoor_move_0002.mp4;False;1.0;1.0;1.0
DIGITAL_CAMERA_native;digital_camera_ffmpeg4;D29_V_indoor_move_0002.mp4;False;1.0;1.0;1.0
DIGITAL_CAMERA_native;digital_camera_ffmpeg4;D29_V_outdoor_move_0002.mp4;False;1.0;1.0;1.0
DIGITAL_CAMERA_native;digital_camera_ffmpeg4;D30_V_indoor_move_0002.mp4;False;1.0;1.0;1.0
DIGITAL_CAMERA_native;digital_camera_ffmpeg4;D30_V_outdoor_move_0002.mp4;False;1.0;1.0;1.0
DIGITAL_CAMERA_native;digital_camera_ffmpeg4;D31_V_indoor_move_0002.mp4;False;1.0;1.0;1.0
DIGITAL_CAMERA_native;digital_camera_ffmpeg4;D31_V_outdoor_move_0002.mp4;False;1.0;1.0;1.0
DIGITAL_CAMERA_native;digital_camera_ffmpeg4;D32_V_indoor_move_0002.mp4;False;1.0;1.0;1.0
DIGITAL_CAMERA_native;digital_camera_ffmpeg4;D32_V_outdoor_move_0002.mp4;False;1.0;1.0;1.0
DIGITAL_CAMERA_native;digital_camera_ffmpeg4;D33_V_indoor_move_0002.mp4;False;1.0;1.0;1.0
DIGITAL_CAMERA_native;digital_camera_ffmpeg4;D33_V_outdoor_move_0002.mp4;False;1.0;1.0;1.0
DIGITAL_CAMERA_native;digital_camera_ffmpeg4;D34_V_indoor_move_0002.mp4;False;1.0;1.0;1.0
DIGITAL_CAMERA_native;digital_camera_ffmpeg4;D34_V_outdoor_move_0002.mp4;False;1.0;1.0;1.0
DIGITAL_CAMERA_native;digital_camera_ffmpeg4;D35_V_outdoor_move_0002.mp4;False;1.0;1.0;1.0
DIGITAL_CAMERA_native;digital_camera_ffmpeg4;D35_V_outdoor_panrot_0002.mp4;False;1.0;1.0;1.0
DIGITAL_CAMERA_native;digital_camera_ffmpeg5;D01_V_indoor_move_0002.mp4;False;1.0;1.0;1.0
DIGITAL_CAMERA_native;digital_camera_ffmpeg5;D01_V_outdoor_move_0002.mp4;False;1.0;1.0;1.0
DIGITAL_CAMERA_native;digital_camera_ffmpeg5;D03_V_indoor_move_0002.mp4;False;1.0;1.0;1.0
DIGITAL_CAMERA_native;digital_camera_ffmpeg5;D03_V_outdoor_move_0002.mp4;False;1.0;1.0;1.0
DIGITAL_CAMERA_native;digital_camera_ffmpeg5;D04_V_indoor_move_0002.mp4;False;1.0;1.0;1.0
DIGITAL_CAMERA_native;digital_camera_ffmpeg5;D04_V_outdoor_move_0002.mp4;False;1.0;1.0;1.0
DIGITAL_CAMERA_native;digital_camera_ffmpeg5;D05_V_indoor_move_0002.mp4;False;1.0;1.0;1.0
DIGITAL_CAMERA_native;digital_camera_ffmpeg5;D05_V_outdoor_move_0002.mp4;False;1.0;1.0;1.0
DIGITAL_CAMERA_native;digital_camera_ffmpeg5;D06_V_indoor_move_0002.mp4;False;1.0;1.0;1.0
DIGITAL_CAMERA_native;digital_camera_ffmpeg5;D06_V_outdoor_move_0002.mp4;False;1.0;1.0;1.0
DIGITAL_CAMERA_native;digital_camera_ffmpeg5;D07_V_indoor_move_0002.mp4;False;1.0;1.0;1.0
DIGITAL_CAMERA_native;digital_camera_ffmpeg5;D07_V_outdoor_move_0002.mp4;False;1.0;1.0;1.0
DIGITAL_CAMERA_native;digital_camera_ffmpeg5;D08_V_indoor_move_0002.mp4;False;1.0;1.0;1.0
DIGITAL_CAMERA_native;digital_camera_ffmpeg5;D08_V_outdoor_move_0002.mp4;False;1.0;1.0;1.0
DIGITAL_CAMERA_native;digital_camera_ffmpeg5;D09_V_indoor_move_0002.mp4;False;1.0;1.0;1.0
DIGITAL_CAMERA_native;digital_camera_ffmpeg5;D09_V_outdoor_move_0002.mp4;False;1.0;1.0;1.0
DIGITAL_CAMERA_native;digital_camera_ffmpeg5;D10_V_indoor_move_0002.mp4;False;1.0;1.0;1.0
DIGITAL_CAMERA_native;digital_camera_ffmpeg5;D11_V_indoor_move_0002.mp4;False;1.0;1.0;1.0
DIGITAL_CAMERA_native;digital_camera_ffmpeg5;D11_V_outdoor_move_0002.mp4;False;1.0;1.0;1.0
DIGITAL_CAMERA_native;digital_camera_ffmpeg5;D12_V_indoor_move_0002.mp4;False;1.0;1.0;1.0
DIGITAL_CAMERA_native;digital_camera_ffmpeg5;D12_V_outdoor_move_0002.mp4;False;1.0;1.0;1.0
DIGITAL_CAMERA_native;digital_camera_ffmpeg5;D13_V_indoor_move_0002.mp4;False;1.0;1.0;1.0
DIGITAL_CAMERA_native;digital_camera_ffmpeg5;D13_V_outdoor_move_0002.mp4;False;1.0;1.0;1.0
DIGITAL_CAMERA_native;digital_camera_ffmpeg5;D14_V_indoor_move_0002.mp4;False;1.0;1.0;1.0
DIGITAL_CAMERA_native;digital_camera_ffmpeg5;D14_V_outdoor_move_0002.mp4;False;1.0;1.0;1.0
DIGITAL_CAMERA_native;digital_camera_ffmpeg5;D15_V_indoor_move_0002.mp4;False;1.0;1.0;1.0
DIGITAL_CAMERA_native;digital_camera_ffmpeg5;D15_V_outdoor_move_0002.mp4;False;1.0;1.0;1.0
DIGITAL_CAMERA_native;digital_camera_ffmpeg5;D16_V_indoor_move_0002.mp4;False;1.0;1.0;1.0
DIGITAL_CAMERA_native;digital_camera_ffmpeg5;D16_V_outdoor_move_0002.mp4;False;1.0;1.0;1.0
DIGITAL_CAMERA_native;digital_camera_ffmpeg5;D19_V_indoor_move_0002.mp4;False;1.0;1.0;1.0
DIGITAL_CAMERA_native;digital_camera_ffmpeg5;D19_V_outdoor_move_0002.mp4;False;1.0;1.0;1.0
DIGITAL_CAMERA_native;digital_camera_ffmpeg5;D20_V_indoor_move_0002.mp4;False;1.0;1.0;1.0
DIGITAL_CAMERA_native;digital_camera_ffmpeg5;D20_V_outdoor_move_0002.mp4;False;1.0;1.0;1.0
DIGITAL_CAMERA_native;digital_camera_ffmpeg5;D22_V_indoor_move_0002.mp4;False;1.0;1.0;1.0
DIGITAL_CAMERA_native;digital_camera_ffmpeg5;D22_V_outdoor_move_0002.mp4;False;1.0;1.0;1.0
DIGITAL_CAMERA_native;digital_camera_ffmpeg5;D23_V_indoor_move_0002.mp4;False;1.0;1.0;1.0
DIGITAL_CAMERA_native;digital_camera_ffmpeg5;D23_V_outdoor_move_0002.mp4;False;1.0;1.0;1.0
DIGITAL_CAMERA_native;digital_camera_ffmpeg5;D24_V_indoor_move_0002.mp4;False;1.0;1.0;1.0
DIGITAL_CAMERA_native;digital_camera_ffmpeg5;D24_V_outdoor_move_0002.mp4;False;1.0;1.0;1.0
DIGITAL_CAMERA_native;digital_camera_ffmpeg5;D25_V_indoor_move_0002.mp4;False;1.0;1.0;1.0
DIGITAL_CAMERA_native;digital_camera_ffmpeg5;D25_V_outdoor_move_0002.mp4;False;1.0;1.0;1.0
DIGITAL_CAMERA_native;digital_camera_ffmpeg5;D26_V_indoor_move_0002.mp4;False;1.0;1.0;1.0
DIGITAL_CAMERA_native;digital_camera_ffmpeg5;D26_V_outdoor_move_0002.mp4;False;1.0;1.0;1.0
DIGITAL_CAMERA_native;digital_camera_ffmpeg5;D27_V_indoor_move_0002.mp4;False;1.0;1.0;1.0
DIGITAL_CAMERA_native;digital_camera_ffmpeg5;D27_V_outdoor_move_0002.mp4;False;1.0;1.0;1.0
DIGITAL_CAMERA_native;digital_camera_ffmpeg5;D28_V_indoor_move_0002.mp4;False;1.0;1.0;1.0
DIGITAL_CAMERA_native;digital_camera_ffmpeg5;D28_V_outdoor_move_0002.mp4;False;1.0;1.0;1.0
DIGITAL_CAMERA_native;digital_camera_ffmpeg5;D29_V_indoor_move_0002.mp4;False;1.0;1.0;1.0
DIGITAL_CAMERA_native;digital_camera_ffmpeg5;D29_V_outdoor_move_0002.mp4;False;1.0;1.0;1.0
DIGITAL_CAMERA_native;digital_camera_ffmpeg5;D30_V_indoor_move_0002.mp4;False;1.0;1.0;1.0
DIGITAL_CAMERA_native;digital_camera_ffmpeg5;D30_V_outdoor_move_0002.mp4;False;1.0;1.0;1.0
DIGITAL_CAMERA_native;digital_camera_ffmpeg5;D31_V_indoor_move_0002.mp4;False;1.0;1.0;1.0
DIGITAL_CAMERA_native;digital_camera_ffmpeg5;D31_V_outdoor_move_0002.mp4;False;1.0;1.0;1.0
DIGITAL_CAMERA_native;digital_camera_ffmpeg5;D32_V_indoor_move_0002.mp4;False;1.0;1.0;1.0
DIGITAL_CAMERA_native;digital_camera_ffmpeg5;D32_V_outdoor_move_0002.mp4;False;1.0;1.0;1.0
DIGITAL_CAMERA_native;digital_camera_ffmpeg5;D33_V_indoor_move_0002.mp4;False;1.0;1.0;1.0
DIGITAL_CAMERA_native;digital_camera_ffmpeg5;D33_V_outdoor_move_0002.mp4;False;1.0;1.0;1.0
DIGITAL_CAMERA_native;digital_camera_ffmpeg5;D34_V_indoor_move_0002.mp4;False;1.0;1.0;1.0
DIGITAL_CAMERA_native;digital_camera_ffmpeg5;D34_V_outdoor_move_0002.mp4;False;1.0;1.0;1.0
DIGITAL_CAMERA_native;digital_camera_ffmpeg5;D35_V_outdoor_move_0002.mp4;False;1.0;1.0;1.0
DIGITAL_CAMERA_native;digital_camera_ffmpeg5;D35_V_outdoor_panrot_0002.mp4;False;1.0;1.0;1.0
DIGITAL_CAMERA_native;digital_camera_kdenlive;D01_V_indoor_move_0002.mp4;False;1.0;1.0;1.0
DIGITAL_CAMERA_native;digital_camera_kdenlive;D01_V_outdoor_move_0002.mp4;False;1.0;1.0;1.0
DIGITAL_CAMERA_native;digital_camera_kdenlive;D03_V_indoor_move_0002.mp4;False;1.0;1.0;1.0
DIGITAL_CAMERA_native;digital_camera_kdenlive;D03_V_outdoor_move_0002.mp4;False;1.0;1.0;1.0
DIGITAL_CAMERA_native;digital_camera_kdenlive;D04_V_indoor_move_0002.mp4;False;1.0;1.0;1.0
DIGITAL_CAMERA_native;digital_camera_kdenlive;D04_V_outdoor_move_0002.mp4;False;1.0;1.0;1.0
DIGITAL_CAMERA_native;digital_camera_kdenlive;D05_V_indoor_move_0002.mp4;False;1.0;1.0;1.0
DIGITAL_CAMERA_native;digital_camera_kdenlive;D05_V_outdoor_move_0002.mp4;False;1.0;1.0;1.0
DIGITAL_CAMERA_native;digital_camera_kdenlive;D06_V_indoor_move_0002.mp4;False;1.0;1.0;1.0
DIGITAL_CAMERA_native;digital_camera_kdenlive;D06_V_outdoor_move_0002.mp4;False;1.0;1.0;1.0
DIGITAL_CAMERA_native;digital_camera_kdenlive;D07_V_indoor_move_0002.mp4;False;1.0;1.0;1.0
DIGITAL_CAMERA_native;digital_camera_kdenlive;D07_V_outdoor_move_0002.mp4;False;1.0;1.0;1.0
DIGITAL_CAMERA_native;digital_camera_kdenlive;D08_V_indoor_move_0002.mp4;False;1.0;1.0;1.0
DIGITAL_CAMERA_native;digital_camera_kdenlive;D08_V_outdoor_move_0002.mp4;False;1.0;1.0;1.0
DIGITAL_CAMERA_native;digital_camera_kdenlive;D09_V_indoor_move_0002.mp4;False;1.0;1.0;1.0
DIGITAL_CAMERA_native;digital_camera_kdenlive;D09_V_outdoor_move_0002.mp4;False;1.0;1.0;1.0
DIGITAL_CAMERA_native;digital_camera_kdenlive;D10_V_indoor_move_0002.mp4;False;1.0;1.0;1.0
DIGITAL_CAMERA_native;digital_camera_kdenlive;D11_V_indoor_move_0002.mp4;False;1.0;1.0;1.0
DIGITAL_CAMERA_native;digital_camera_kdenlive;D11_V_outdoor_move_0002.mp4;False;1.0;1.0;1.0
DIGITAL_CAMERA_native;digital_camera_kdenlive;D12_V_indoor_move_0002.mp4;False;1.0;1.0;1.0
DIGITAL_CAMERA_native;digital_camera_kdenlive;D12_V_outdoor_move_0002.mp4;False;1.0;1.0;1.0
DIGITAL_CAMERA_native;digital_camera_kdenlive;D13_V_indoor_move_0002.mp4;False;1.0;1.0;1.0
DIGITAL_CAMERA_native;digital_camera_kdenlive;D13_V_outdoor_move_0002.mp4;False;1.0;1.0;1.0
DIGITAL_CAMERA_native;digital_camera_kdenlive;D14_V_indoor_move_0002.mp4;False;1.0;1.0;1.0
DIGITAL_CAMERA_native;digital_camera_kdenlive;D14_V_outdoor_move_0002.mp4;False;1.0;1.0;1.0
DIGITAL_CAMERA_native;digital_camera_kdenlive;D15_V_indoor_move_0002.mp4;False;1.0;1.0;1.0
DIGITAL_CAMERA_native;digital_camera_kdenlive;D15_V_outdoor_move_0002.mp4;False;1.0;1.0;1.0
DIGITAL_CAMERA_native;digital_camera_kdenlive;D16_V_indoor_move_0002.mp4;False;1.0;1.0;1.0
DIGITAL_CAMERA_native;digital_camera_kdenlive;D16_V_outdoor_move_0002.mp4;False;1.0;1.0;1.0
DIGITAL_CAMERA_native;digital_camera_kdenlive;D17_V_indoor_move_0002.mp4;False;1.0;1.0;1.0
DIGITAL_CAMERA_native;digital_camera_kdenlive;D19_V_indoor_move_0002.mp4;False;1.0;1.0;1.0
DIGITAL_CAMERA_native;digital_camera_kdenlive;D19_V_outdoor_move_0002.mp4;False;1.0;1.0;1.0
DIGITAL_CAMERA_native;digital_camera_kdenlive;D20_V_indoor_move_0002.mp4;False;1.0;1.0;1.0
DIGITAL_CAMERA_native;digital_camera_kdenlive;D20_V_outdoor_move_0002.mp4;False;1.0;1.0;1.0
DIGITAL_CAMERA_native;digital_camera_kdenlive;D22_V_indoor_move_0002.mp4;False;1.0;1.0;1.0
DIGITAL_CAMERA_native;digital_camera_kdenlive;D22_V_outdoor_move_0002.mp4;False;1.0;1.0;1.0
DIGITAL_CAMERA_native;digital_camera_kdenlive;D23_V_indoor_move_0002.mp4;False;1.0;1.0;1.0
DIGITAL_CAMERA_native;digital_camera_kdenlive;D23_V_outdoor_move_0002.mp4;False;1.0;1.0;1.0
DIGITAL_CAMERA_native;digital_camera_kdenlive;D24_V_indoor_move_0002.mp4;False;1.0;1.0;1.0
DIGITAL_CAMERA_native;digital_camera_kdenlive;D24_V_outdoor_move_0002.mp4;False;1.0;1.0;1.0
DIGITAL_CAMERA_native;digital_camera_kdenlive;D25_V_indoor_move_0002.mp4;False;1.0;1.0;1.0
DIGITAL_CAMERA_native;digital_camera_kdenlive;D25_V_outdoor_move_0002.mp4;False;1.0;1.0;1.0
DIGITAL_CAMERA_native;digital_camera_kdenlive;D26_V_indoor_move_0002.mp4;False;1.0;1.0;1.0
DIGITAL_CAMERA_native;digital_camera_kdenlive;D26_V_outdoor_move_0002.mp4;False;1.0;1.0;1.0
DIGITAL_CAMERA_native;digital_camera_kdenlive;D27_V_indoor_move_0002.mp4;False;1.0;1.0;1.0
DIGITAL_CAMERA_native;digital_camera_kdenlive;D27_V_outdoor_move_0002.mp4;False;1.0;1.0;1.0
DIGITAL_CAMERA_native;digital_camera_kdenlive;D28_V_indoor_move_0002.mp4;False;1.0;1.0;1.0
DIGITAL_CAMERA_native;digital_camera_kdenlive;D28_V_outdoor_move_0002.mp4;False;1.0;1.0;1.0
DIGITAL_CAMERA_native;digital_camera_kdenlive;D29_V_indoor_move_0002.mp4;False;1.0;1.0;1.0
DIGITAL_CAMERA_native;digital_camera_kdenlive;D29_V_outdoor_move_0002.mp4;False;1.0;1.0;1.0
DIGITAL_CAMERA_native;digital_camera_kdenlive;D30_V_indoor_move_0002.mp4;False;1.0;1.0;1.0
DIGITAL_CAMERA_native;digital_camera_kdenlive;D30_V_outdoor_move_0002.mp4;False;1.0;1.0;1.0
DIGITAL_CAMERA_native;digital_camera_kdenlive;D31_V_indoor_move_0002.mp4;False;1.0;1.0;1.0
DIGITAL_CAMERA_native;digital_camera_kdenlive;D31_V_outdoor_move_0002.mp4;False;1.0;1.0;1.0
DIGITAL_CAMERA_native;digital_camera_kdenlive;D32_V_indoor_move_0002.mp4;False;1.0;1.0;1.0
DIGITAL_CAMERA_native;digital_camera_kdenlive;D32_V_outdoor_move_0002.mp4;False;1.0;1.0;1.0
DIGITAL_CAMERA_native;digital_camera_kdenlive;D33_V_indoor_move_0002.mp4;False;1.0;1.0;1.0
DIGITAL_CAMERA_native;digital_camera_kdenlive;D33_V_outdoor_move_0002.mp4;False;1.0;1.0;1.0
DIGITAL_CAMERA_native;digital_camera_kdenlive;D34_V_indoor_move_0002.mp4;False;1.0;1.0;1.0
DIGITAL_CAMERA_native;digital_camera_kdenlive;D34_V_outdoor_move_0002.mp4;False;1.0;1.0;1.0
DIGITAL_CAMERA_native;digital_camera_kdenlive;D35_V_outdoor_move_0002.mp4;False;1.0;1.0;1.0
DIGITAL_CAMERA_native;digital_camera_kdenlive;D35_V_outdoor_panrot_0002.mp4;False;1.0;1.0;1.0
DIGITAL_CAMERA_native;digital_camera_native;D01_V_indoor_move_0002.mp4;True;1.0;1.0;1.0
DIGITAL_CAMERA_native;digital_camera_native;D01_V_outdoor_move_0002.mp4;True;1.0;1.0;1.0
DIGITAL_CAMERA_native;digital_camera_native;D03_V_indoor_move_0002.mp4;True;1.0;1.0;1.0
DIGITAL_CAMERA_native;digital_camera_native;D03_V_outdoor_move_0002.mp4;True;1.0;1.0;1.0
DIGITAL_CAMERA_native;digital_camera_native;D04_V_indoor_move_0002.mp4;True;1.0;1.0;1.0
DIGITAL_CAMERA_native;digital_camera_native;D04_V_outdoor_move_0002.mp4;True;1.0;1.0;1.0
DIGITAL_CAMERA_native;digital_camera_native;D05_V_indoor_move_0002.mp4;True;1.0;1.0;1.0
DIGITAL_CAMERA_native;digital_camera_native;D05_V_outdoor_move_0002.mp4;True;1.0;1.0;1.0
DIGITAL_CAMERA_native;digital_camera_native;D06_V_indoor_move_0002.mp4;True;1.0;1.0;1.0
DIGITAL_CAMERA_native;digital_camera_native;D06_V_outdoor_move_0002.mp4;True;1.0;1.0;1.0
DIGITAL_CAMERA_native;digital_camera_native;D07_V_indoor_move_0002.mp4;True;1.0;1.0;1.0
DIGITAL_CAMERA_native;digital_camera_native;D07_V_outdoor_move_0002.mp4;True;1.0;1.0;1.0
DIGITAL_CAMERA_native;digital_camera_native;D08_V_indoor_move_0002.mp4;True;1.0;1.0;1.0
DIGITAL_CAMERA_native;digital_camera_native;D08_V_outdoor_move_0002.mp4;True;1.0;1.0;1.0
DIGITAL_CAMERA_native;digital_camera_native;D09_V_indoor_move_0002.mp4;True;1.0;1.0;1.0
DIGITAL_CAMERA_native;digital_camera_native;D09_V_outdoor_move_0002.mp4;True;1.0;1.0;1.0
DIGITAL_CAMERA_native;digital_camera_native;D10_V_indoor_move_0002.mp4;True;1.0;1.0;1.0
DIGITAL_CAMERA_native;digital_camera_native;D11_V_indoor_move_0002.mp4;True;1.0;1.0;1.0
DIGITAL_CAMERA_native;digital_camera_native;D11_V_outdoor_move_0002.mp4;True;1.0;1.0;1.0
DIGITAL_CAMERA_native;digital_camera_native;D12_V_indoor_move_0002.mp4;True;1.0;1.0;1.0
DIGITAL_CAMERA_native;digital_camera_native;D12_V_outdoor_move_0002.mp4;True;1.0;1.0;1.0
DIGITAL_CAMERA_native;digital_camera_native;D13_V_indoor_move_0002.mp4;True;1.0;1.0;1.0
DIGITAL_CAMERA_native;digital_camera_native;D13_V_outdoor_move_0002.mp4;True;1.0;1.0;1.0
DIGITAL_CAMERA_native;digital_camera_native;D14_V_indoor_move_0002.mp4;True;1.0;1.0;1.0
DIGITAL_CAMERA_native;digital_camera_native;D14_V_outdoor_move_0002.mp4;True;1.0;1.0;1.0
DIGITAL_CAMERA_native;digital_camera_native;D15_V_indoor_move_0002.mp4;True;1.0;1.0;1.0
DIGITAL_CAMERA_native;digital_camera_native;D15_V_outdoor_move_0002.mp4;True;1.0;1.0;1.0
DIGITAL_CAMERA_native;digital_camera_native;D16_V_indoor_move_0002.mp4;True;1.0;1.0;1.0
DIGITAL_CAMERA_native;digital_camera_native;D16_V_outdoor_move_0002.mp4;True;1.0;1.0;1.0
DIGITAL_CAMERA_native;digital_camera_native;D19_V_indoor_move_0002.mp4;True;1.0;1.0;1.0
DIGITAL_CAMERA_native;digital_camera_native;D19_V_outdoor_move_0002.mp4;True;1.0;1.0;1.0
DIGITAL_CAMERA_native;digital_camera_native;D20_V_indoor_move_0002.mp4;True;1.0;1.0;1.0
DIGITAL_CAMERA_native;digital_camera_native;D20_V_outdoor_move_0002.mp4;True;1.0;1.0;1.0
DIGITAL_CAMERA_native;digital_camera_native;D22_V_indoor_move_0002.mp4;True;1.0;1.0;1.0
DIGITAL_CAMERA_native;digital_camera_native;D22_V_outdoor_move_0002.mp4;True;1.0;1.0;1.0
DIGITAL_CAMERA_native;digital_camera_native;D23_V_indoor_move_0002.mp4;True;1.0;1.0;1.0
DIGITAL_CAMERA_native;digital_camera_native;D23_V_outdoor_move_0002.mp4;True;1.0;1.0;1.0
DIGITAL_CAMERA_native;digital_camera_native;D24_V_indoor_move_0002.mp4;True;1.0;1.0;1.0
DIGITAL_CAMERA_native;digital_camera_native;D24_V_outdoor_move_0002.mp4;True;1.0;1.0;1.0
DIGITAL_CAMERA_native;digital_camera_native;D25_V_indoor_move_0002.mp4;True;1.0;1.0;1.0
DIGITAL_CAMERA_native;digital_camera_native;D25_V_outdoor_move_0002.mp4;True;1.0;1.0;1.0
DIGITAL_CAMERA_native;digital_camera_native;D26_V_indoor_move_0002.mp4;True;1.0;1.0;1.0
DIGITAL_CAMERA_native;digital_camera_native;D26_V_outdoor_move_0002.mp4;True;1.0;1.0;1.0
DIGITAL_CAMERA_native;digital_camera_native;D27_V_indoor_move_0002.mp4;True;1.0;1.0;1.0
DIGITAL_CAMERA_native;digital_camera_native;D27_V_outdoor_move_0002.mp4;True;1.0;1.0;1.0
DIGITAL_CAMERA_native;digital_camera_native;D28_V_indoor_move_0002.mp4;True;1.0;1.0;1.0
DIGITAL_CAMERA_native;digital_camera_native;D28_V_outdoor_move_0002.mp4;True;1.0;1.0;1.0
DIGITAL_CAMERA_native;digital_camera_native;D29_V_indoor_move_0002.mp4;True;1.0;1.0;1.0
DIGITAL_CAMERA_native;digital_camera_native;D29_V_outdoor_move_0002.mp4;True;1.0;1.0;1.0
DIGITAL_CAMERA_native;digital_camera_native;D30_V_indoor_move_0002.mp4;True;1.0;1.0;1.0
DIGITAL_CAMERA_native;digital_camera_native;D30_V_outdoor_move_0002.mp4;True;1.0;1.0;1.0
DIGITAL_CAMERA_native;digital_camera_native;D31_V_indoor_move_0002.mp4;True;1.0;1.0;1.0
DIGITAL_CAMERA_native;digital_camera_native;D31_V_outdoor_move_0002.mp4;True;1.0;1.0;1.0
DIGITAL_CAMERA_native;digital_camera_native;D32_V_indoor_move_0002.mp4;True;1.0;1.0;1.0
DIGITAL_CAMERA_native;digital_camera_native;D32_V_outdoor_move_0002.mp4;True;1.0;1.0;1.0
DIGITAL_CAMERA_native;digital_camera_native;D33_V_indoor_move_0002.mp4;True;1.0;1.0;1.0
DIGITAL_CAMERA_native;digital_camera_native;D33_V_outdoor_move_0002.mp4;True;1.0;1.0;1.0
DIGITAL_CAMERA_native;digital_camera_native;D34_V_indoor_move_0002.mp4;True;1.0;1.0;1.0
DIGITAL_CAMERA_native;digital_camera_native;D34_V_outdoor_move_0002.mp4;True;1.0;1.0;1.0
DIGITAL_CAMERA_native;digital_camera_native;D35_V_outdoor_move_0002.mp4;True;1.0;1.0;1.0
DIGITAL_CAMERA_native;digital_camera_native;D35_V_outdoor_panrot_0002.mp4;True;1.0;1.0;1.0
DIGITAL_CAMERA_native;digital_camera_premiere;D01_V_indoor_move_0002.mp4;False;1.0;1.0;1.0
DIGITAL_CAMERA_native;digital_camera_premiere;D01_V_outdoor_move_0002.mp4;False;1.0;1.0;1.0
DIGITAL_CAMERA_native;digital_camera_premiere;D03_V_indoor_move_0002.mp4;False;1.0;1.0;1.0
DIGITAL_CAMERA_native;digital_camera_premiere;D03_V_outdoor_move_0002.mp4;False;1.0;1.0;1.0
DIGITAL_CAMERA_native;digital_camera_premiere;D04_V_indoor_move_0002.mp4;False;1.0;1.0;1.0
DIGITAL_CAMERA_native;digital_camera_premiere;D04_V_outdoor_move_0002.mp4;False;1.0;1.0;1.0
DIGITAL_CAMERA_native;digital_camera_premiere;D05_V_indoor_move_0002.mp4;False;1.0;1.0;1.0
DIGITAL_CAMERA_native;digital_camera_premiere;D05_V_outdoor_move_0002.mp4;False;1.0;1.0;1.0
DIGITAL_CAMERA_native;digital_camera_premiere;D06_V_indoor_move_0002.mp4;False;1.0;1.0;1.0
DIGITAL_CAMERA_native;digital_camera_premiere;D06_V_outdoor_move_0002.mp4;False;1.0;1.0;1.0
DIGITAL_CAMERA_native;digital_camera_premiere;D07_V_indoor_move_0002.mp4;False;1.0;1.0;1.0
DIGITAL_CAMERA_native;digital_camera_premiere;D07_V_outdoor_move_0002.mp4;False;1.0;1.0;1.0
DIGITAL_CAMERA_native;digital_camera_premiere;D08_V_indoor_move_0002.mp4;False;1.0;1.0;1.0
DIGITAL_CAMERA_native;digital_camera_premiere;D08_V_outdoor_move_0002.mp4;False;1.0;1.0;1.0
DIGITAL_CAMERA_native;digital_camera_premiere;D09_V_indoor_move_0002.mp4;False;1.0;1.0;1.0
DIGITAL_CAMERA_native;digital_camera_premiere;D09_V_outdoor_move_0002.mp4;False;1.0;1.0;1.0
DIGITAL_CAMERA_native;digital_camera_premiere;D10_V_indoor_move_0002.mp4;False;1.0;1.0;1.0
DIGITAL_CAMERA_native;digital_camera_premiere;D11_V_indoor_move_0002.mp4;False;1.0;1.0;1.0
DIGITAL_CAMERA_native;digital_camera_premiere;D11_V_outdoor_move_0002.mp4;False;1.0;1.0;1.0
DIGITAL_CAMERA_native;digital_camera_premiere;D12_V_indoor_move_0002.mp4;False;1.0;1.0;1.0
DIGITAL_CAMERA_native;digital_camera_premiere;D12_V_outdoor_move_0002.mp4;False;1.0;1.0;1.0
DIGITAL_CAMERA_native;digital_camera_premiere;D13_V_indoor_move_0002.mp4;False;1.0;1.0;1.0
DIGITAL_CAMERA_native;digital_camera_premiere;D13_V_outdoor_move_0002.mp4;False;1.0;1.0;1.0
DIGITAL_CAMERA_native;digital_camera_premiere;D14_V_indoor_move_0002.mp4;False;1.0;1.0;1.0
DIGITAL_CAMERA_native;digital_camera_premiere;D14_V_outdoor_move_0002.mp4;False;1.0;1.0;1.0
DIGITAL_CAMERA_native;digital_camera_premiere;D15_V_indoor_move_0002.mp4;False;1.0;1.0;1.0
DIGITAL_CAMERA_native;digital_camera_premiere;D15_V_outdoor_move_0002.mp4;False;1.0;1.0;1.0
DIGITAL_CAMERA_native;digital_camera_premiere;D16_V_indoor_move_0002.mp4;False;1.0;1.0;1.0
DIGITAL_CAMERA_native;digital_camera_premiere;D16_V_outdoor_move_0002.mp4;False;1.0;1.0;1.0
DIGITAL_CAMERA_native;digital_camera_premiere;D19_V_indoor_move_0002.mp4;False;1.0;1.0;1.0
DIGITAL_CAMERA_native;digital_camera_premiere;D19_V_outdoor_move_0002.mp4;False;1.0;1.0;1.0
DIGITAL_CAMERA_native;digital_camera_premiere;D20_V_indoor_move_0002.mp4;False;1.0;1.0;1.0
DIGITAL_CAMERA_native;digital_camera_premiere;D20_V_outdoor_move_0002.mp4;False;1.0;1.0;1.0
DIGITAL_CAMERA_native;digital_camera_premiere;D22_V_indoor_move_0002.mp4;False;1.0;1.0;1.0
DIGITAL_CAMERA_native;digital_camera_premiere;D22_V_outdoor_move_0002.mp4;False;1.0;1.0;1.0
DIGITAL_CAMERA_native;digital_camera_premiere;D23_V_indoor_move_0002.mp4;False;1.0;1.0;1.0
DIGITAL_CAMERA_native;digital_camera_premiere;D23_V_outdoor_move_0002.mp4;False;1.0;1.0;1.0
DIGITAL_CAMERA_native;digital_camera_premiere;D24_V_indoor_move_0002.mp4;False;1.0;1.0;1.0
DIGITAL_CAMERA_native;digital_camera_premiere;D24_V_outdoor_move_0002.mp4;False;1.0;1.0;1.0
DIGITAL_CAMERA_native;digital_camera_premiere;D25_V_indoor_move_0002.mp4;False;1.0;1.0;1.0
DIGITAL_CAMERA_native;digital_camera_premiere;D25_V_outdoor_move_0002.mp4;False;1.0;1.0;1.0
DIGITAL_CAMERA_native;digital_camera_premiere;D26_V_indoor_move_0002.mp4;False;1.0;1.0;1.0
DIGITAL_CAMERA_native;digital_camera_premiere;D26_V_outdoor_move_0002.mp4;False;1.0;1.0;1.0
DIGITAL_CAMERA_native;digital_camera_premiere;D27_V_indoor_move_0002.mp4;False;1.0;1.0;1.0
DIGITAL_CAMERA_native;digital_camera_premiere;D27_V_outdoor_move_0002.mp4;False;1.0;1.0;1.0
DIGITAL_CAMERA_native;digital_camera_premiere;D28_V_indoor_move_0002.mp4;False;1.0;1.0;1.0
DIGITAL_CAMERA_native;digital_camera_premiere;D28_V_outdoor_move_0002.mp4;False;1.0;1.0;1.0
DIGITAL_CAMERA_native;digital_camera_premiere;D29_V_indoor_move_0002.mp4;False;1.0;1.0;1.0
DIGITAL_CAMERA_native;digital_camera_premiere;D29_V_outdoor_move_0002.mp4;False;1.0;1.0;1.0
DIGITAL_CAMERA_native;digital_camera_premiere;D30_V_indoor_move_0002.mp4;False;1.0;1.0;1.0
DIGITAL_CAMERA_native;digital_camera_premiere;D30_V_outdoor_move_0002.mp4;False;1.0;1.0;1.0
DIGITAL_CAMERA_native;digital_camera_premiere;D31_V_indoor_move_0002.mp4;False;1.0;1.0;1.0
DIGITAL_CAMERA_native;digital_camera_premiere;D31_V_outdoor_move_0002.mp4;False;1.0;1.0;1.0
DIGITAL_CAMERA_native;digital_camera_premiere;D32_V_indoor_move_0002.mp4;False;1.0;1.0;1.0
DIGITAL_CAMERA_native;digital_camera_premiere;D32_V_outdoor_move_0002.mp4;False;1.0;1.0;1.0
DIGITAL_CAMERA_native;digital_camera_premiere;D33_V_indoor_move_0002.mp4;False;1.0;1.0;1.0
DIGITAL_CAMERA_native;digital_camera_premiere;D33_V_outdoor_move_0002.mp4;False;1.0;1.0;1.0
DIGITAL_CAMERA_native;digital_camera_premiere;D34_V_indoor_move_0002.mp4;False;1.0;1.0;1.0
DIGITAL_CAMERA_native;digital_camera_premiere;D34_V_outdoor_move_0002.mp4;False;1.0;1.0;1.0
DIGITAL_CAMERA_native;digital_camera_premiere;D35_V_outdoor_move_0002.mp4;False;1.0;1.0;1.0
DIGITAL_CAMERA_native;digital_camera_premiere;D35_V_outdoor_panrot_0002.mp4;False;1.0;1.0;1.0
