ground_truth_source;ground_truth_mp4;filename;true_positive;similarity_2;similarity_3;similarity_4
WEIBO_native;whatsapp_native;D01_V_flatWA_move_0002.mp4;False;0.69697;0.628571;0.567568
WEIBO_native;whatsapp_native;D01_V_flatWA_panrot_0001.mp4;False;0.69697;0.628571;0.567568
WEIBO_native;whatsapp_native;D01_V_flatWA_still_0001.mp4;False;0.69697;0.628571;0.567568
WEIBO_native;youtube_native;D01_V_flatYT_move_0002.mp4;False;1.0;1.0;1.0
WEIBO_native;youtube_native;D01_V_flatYT_panrot_0001.mp4;False;1.0;1.0;1.0
WEIBO_native;youtube_native;D01_V_flatYT_still_0001.mp4;False;1.0;1.0;1.0
WEIBO_native;whatsapp_native;D01_V_indoorWA_move_0002.mp4;False;0.69697;0.628571;0.567568
WEIBO_native;whatsapp_native;D01_V_indoorWA_panrot_0001.mp4;False;0.69697;0.628571;0.567568
WEIBO_native;whatsapp_native;D01_V_indoorWA_panrot_0002.mp4;False;0.69697;0.628571;0.567568
WEIBO_native;whatsapp_native;D01_V_indoorWA_still_0001.mp4;False;0.69697;0.628571;0.567568
WEIBO_native;whatsapp_native;D01_V_indoorWA_still_0002.mp4;False;0.69697;0.628571;0.567568
WEIBO_native;youtube_native;D01_V_indoorYT_move_0002.mp4;False;1.0;1.0;1.0
WEIBO_native;youtube_native;D01_V_indoorYT_panrot_0001.mp4;False;1.0;1.0;1.0
WEIBO_native;youtube_native;D01_V_indoorYT_panrot_0002.mp4;False;1.0;1.0;1.0
WEIBO_native;youtube_native;D01_V_indoorYT_still_0001.mp4;False;1.0;1.0;1.0
WEIBO_native;youtube_native;D01_V_indoorYT_still_0002.mp4;False;1.0;1.0;1.0
WEIBO_native;whatsapp_native;D01_V_outdoorWA_move_0002.mp4;False;0.69697;0.628571;0.567568
WEIBO_native;whatsapp_native;D01_V_outdoorWA_move_0003.mp4;False;0.69697;0.628571;0.567568
WEIBO_native;whatsapp_native;D01_V_outdoorWA_move_0004.mp4;False;0.69697;0.628571;0.567568
WEIBO_native;whatsapp_native;D01_V_outdoorWA_panrot_0001.mp4;False;0.69697;0.628571;0.567568
WEIBO_native;whatsapp_native;D01_V_outdoorWA_panrot_0002.mp4;False;0.69697;0.628571;0.567568
WEIBO_native;whatsapp_native;D01_V_outdoorWA_panrot_0003.mp4;False;0.69697;0.628571;0.567568
WEIBO_native;whatsapp_native;D01_V_outdoorWA_panrot_0004.mp4;False;0.69697;0.628571;0.567568
WEIBO_native;whatsapp_native;D01_V_outdoorWA_still_0001.mp4;False;0.69697;0.628571;0.567568
WEIBO_native;whatsapp_native;D01_V_outdoorWA_still_0002.mp4;False;0.69697;0.628571;0.567568
WEIBO_native;whatsapp_native;D01_V_outdoorWA_still_0003.mp4;False;0.69697;0.628571;0.567568
WEIBO_native;whatsapp_native;D01_V_outdoorWA_still_0004.mp4;False;0.69697;0.628571;0.567568
WEIBO_native;youtube_native;D01_V_outdoorYT_panrot_0002.mp4;False;1.0;1.0;1.0
WEIBO_native;youtube_native;D01_V_outdoorYT_panrot_0003.mp4;False;1.0;1.0;1.0
WEIBO_native;youtube_native;D01_V_outdoorYT_still_0001.mp4;False;1.0;1.0;1.0
WEIBO_native;youtube_native;D01_V_outdoorYT_still_0002.mp4;False;1.0;1.0;1.0
WEIBO_native;youtube_native;D01_V_outdoorYT_still_0003.mp4;False;1.0;1.0;1.0
WEIBO_native;whatsapp_native;D02_V_flatWA_move_0002.mp4;False;0.69697;0.628571;0.567568
WEIBO_native;whatsapp_native;D02_V_flatWA_panrot_0001.mp4;False;0.69697;0.628571;0.567568
WEIBO_native;whatsapp_native;D02_V_flatWA_still_0001.mp4;False;0.69697;0.628571;0.567568
WEIBO_native;youtube_native;D02_V_flatYT_move_0002.mp4;False;1.0;1.0;1.0
WEIBO_native;youtube_native;D02_V_flatYT_panrot_0001.mp4;False;1.0;1.0;1.0
WEIBO_native;youtube_native;D02_V_flatYT_still_0001.mp4;False;1.0;1.0;1.0
WEIBO_native;whatsapp_native;D02_V_indoorWA_panrot_0001.mp4;False;0.69697;0.628571;0.567568
WEIBO_native;whatsapp_native;D02_V_indoorWA_still_0001.mp4;False;0.69697;0.628571;0.567568
WEIBO_native;youtube_native;D02_V_indoorYT_panrot_0001.mp4;False;1.0;1.0;1.0
WEIBO_native;youtube_native;D02_V_indoorYT_still_0001.mp4;False;1.0;1.0;1.0
WEIBO_native;whatsapp_native;D02_V_outdoorWA_panrot_0001.mp4;False;0.69697;0.628571;0.567568
WEIBO_native;whatsapp_native;D02_V_outdoorWA_panrot_0002.mp4;False;0.69697;0.628571;0.567568
WEIBO_native;whatsapp_native;D02_V_outdoorWA_still_0001.mp4;False;0.69697;0.628571;0.567568
WEIBO_native;whatsapp_native;D02_V_outdoorWA_still_0002.mp4;False;0.69697;0.628571;0.567568
WEIBO_native;whatsapp_native;D02_V_outdoorWA_still_0003.mp4;False;0.69697;0.628571;0.567568
WEIBO_native;youtube_native;D02_V_outdoorYT_panrot_0001.mp4;False;1.0;1.0;1.0
WEIBO_native;youtube_native;D02_V_outdoorYT_panrot_0002.mp4;False;1.0;1.0;1.0
WEIBO_native;youtube_native;D02_V_outdoorYT_still_0001.mp4;False;1.0;1.0;1.0
WEIBO_native;youtube_native;D02_V_outdoorYT_still_0002.mp4;False;1.0;1.0;1.0
WEIBO_native;youtube_native;D02_V_outdoorYT_still_0003.mp4;False;1.0;1.0;1.0
WEIBO_native;whatsapp_native;D03_V_flatWA_move_0002.mp4;False;0.69697;0.628571;0.567568
WEIBO_native;whatsapp_native;D03_V_flatWA_move_0003.mp4;False;0.69697;0.628571;0.567568
WEIBO_native;whatsapp_native;D03_V_flatWA_panrot_0001.mp4;False;0.69697;0.628571;0.567568
WEIBO_native;whatsapp_native;D03_V_flatWA_panrot_0002.mp4;False;0.69697;0.628571;0.567568
WEIBO_native;whatsapp_native;D03_V_flatWA_still_0001.mp4;False;0.69697;0.628571;0.567568
WEIBO_native;youtube_native;D03_V_flatYT_move_0002.mp4;False;1.0;1.0;1.0
WEIBO_native;youtube_native;D03_V_flatYT_move_0003.mp4;False;1.0;1.0;1.0
WEIBO_native;youtube_native;D03_V_flatYT_panrot_0001.mp4;False;1.0;1.0;1.0
WEIBO_native;youtube_native;D03_V_flatYT_panrot_0002.mp4;False;1.0;1.0;1.0
WEIBO_native;youtube_native;D03_V_flatYT_still_0001.mp4;False;1.0;1.0;1.0
WEIBO_native;whatsapp_native;D03_V_indoorWA_move_0002.mp4;False;0.69697;0.628571;0.567568
WEIBO_native;whatsapp_native;D03_V_indoorWA_panrot_0001.mp4;False;0.69697;0.628571;0.567568
WEIBO_native;whatsapp_native;D03_V_indoorWA_panrot_0002.mp4;False;0.69697;0.628571;0.567568
WEIBO_native;whatsapp_native;D03_V_indoorWA_still_0001.mp4;False;0.69697;0.628571;0.567568
WEIBO_native;whatsapp_native;D03_V_indoorWA_still_0002.mp4;False;0.69697;0.628571;0.567568
WEIBO_native;youtube_native;D03_V_indoorYT_move_0002.mp4;False;1.0;1.0;1.0
WEIBO_native;youtube_native;D03_V_indoorYT_panrot_0001.mp4;False;1.0;1.0;1.0
WEIBO_native;youtube_native;D03_V_indoorYT_panrot_0002.mp4;False;1.0;1.0;1.0
WEIBO_native;youtube_native;D03_V_indoorYT_still_0001.mp4;False;1.0;1.0;1.0
WEIBO_native;youtube_native;D03_V_indoorYT_still_0002.mp4;False;1.0;1.0;1.0
WEIBO_native;whatsapp_native;D03_V_outdoorWA_move_0002.mp4;False;0.69697;0.628571;0.567568
WEIBO_native;whatsapp_native;D03_V_outdoorWA_panrot_0001.mp4;False;0.69697;0.628571;0.567568
WEIBO_native;whatsapp_native;D03_V_outdoorWA_panrot_0002.mp4;False;0.69697;0.628571;0.567568
WEIBO_native;whatsapp_native;D03_V_outdoorWA_still_0001.mp4;False;0.69697;0.628571;0.567568
WEIBO_native;whatsapp_native;D03_V_outdoorWA_still_0002.mp4;False;0.69697;0.628571;0.567568
WEIBO_native;youtube_native;D03_V_outdoorYT_move_0002.mp4;False;1.0;1.0;1.0
WEIBO_native;youtube_native;D03_V_outdoorYT_panrot_0001.mp4;False;1.0;1.0;1.0
WEIBO_native;youtube_native;D03_V_outdoorYT_panrot_0002.mp4;False;1.0;1.0;1.0
WEIBO_native;youtube_native;D03_V_outdoorYT_still_0001.mp4;False;1.0;1.0;1.0
WEIBO_native;youtube_native;D03_V_outdoorYT_still_0002.mp4;False;1.0;1.0;1.0
WEIBO_native;whatsapp_native;D04_V_flatWA_move_0002.mp4;False;0.78125;0.735294;0.666667
WEIBO_native;whatsapp_native;D04_V_flatWA_move_0003.mp4;False;0.78125;0.735294;0.666667
WEIBO_native;whatsapp_native;D04_V_flatWA_panrot_0001.mp4;False;0.78125;0.735294;0.666667
WEIBO_native;whatsapp_native;D04_V_flatWA_panrot_0002.mp4;False;0.78125;0.735294;0.666667
WEIBO_native;whatsapp_native;D04_V_flatWA_still_0001.mp4;False;0.78125;0.735294;0.666667
WEIBO_native;whatsapp_native;D04_V_flatWA_still_0002.mp4;False;0.78125;0.735294;0.666667
WEIBO_native;youtube_native;D04_V_flatYT_move_0002.mp4;False;1.0;1.0;1.0
WEIBO_native;youtube_native;D04_V_flatYT_move_0003.mp4;False;1.0;1.0;1.0
WEIBO_native;youtube_native;D04_V_flatYT_panrot_0001.mp4;False;1.0;1.0;1.0
WEIBO_native;youtube_native;D04_V_flatYT_panrot_0002.mp4;False;1.0;1.0;1.0
WEIBO_native;youtube_native;D04_V_flatYT_still_0001.mp4;False;1.0;1.0;1.0
WEIBO_native;youtube_native;D04_V_flatYT_still_0002.mp4;False;1.0;1.0;1.0
WEIBO_native;whatsapp_native;D04_V_indoorWA_panrot_0001.mp4;False;0.78125;0.735294;0.666667
WEIBO_native;whatsapp_native;D04_V_indoorWA_panrot_0002.mp4;False;0.78125;0.735294;0.666667
WEIBO_native;whatsapp_native;D04_V_indoorWA_still_0001.mp4;False;0.78125;0.735294;0.666667
WEIBO_native;whatsapp_native;D04_V_indoorWA_still_0002.mp4;False;0.78125;0.735294;0.666667
WEIBO_native;youtube_native;D04_V_indoorYT_move_0002.mp4;False;1.0;1.0;1.0
WEIBO_native;youtube_native;D04_V_indoorYT_panrot_0001.mp4;False;1.0;1.0;1.0
WEIBO_native;youtube_native;D04_V_indoorYT_panrot_0002.mp4;False;1.0;1.0;1.0
WEIBO_native;youtube_native;D04_V_indoorYT_still_0001.mp4;False;1.0;1.0;1.0
WEIBO_native;youtube_native;D04_V_indoorYT_still_0002.mp4;False;1.0;1.0;1.0
WEIBO_native;whatsapp_native;D04_V_outdoorWA_move_0002.mp4;False;0.78125;0.735294;0.666667
WEIBO_native;whatsapp_native;D04_V_outdoorWA_panrot_0001.mp4;False;0.78125;0.735294;0.666667
WEIBO_native;whatsapp_native;D04_V_outdoorWA_panrot_0002.mp4;False;0.78125;0.735294;0.666667
WEIBO_native;whatsapp_native;D04_V_outdoorWA_still_0001.mp4;False;0.78125;0.735294;0.666667
WEIBO_native;whatsapp_native;D04_V_outdoorWA_still_0002.mp4;False;0.78125;0.735294;0.666667
WEIBO_native;youtube_native;D04_V_outdoorYT_move_0002.mp4;False;1.0;1.0;1.0
WEIBO_native;youtube_native;D04_V_outdoorYT_panrot_0001.mp4;False;1.0;1.0;1.0
WEIBO_native;youtube_native;D04_V_outdoorYT_panrot_0002.mp4;False;1.0;1.0;1.0
WEIBO_native;youtube_native;D04_V_outdoorYT_still_0001.mp4;False;1.0;1.0;1.0
WEIBO_native;youtube_native;D04_V_outdoorYT_still_0002.mp4;False;1.0;1.0;1.0
WEIBO_native;whatsapp_native;D05_V_flatWA_move_0002.mp4;False;0.69697;0.628571;0.567568
WEIBO_native;whatsapp_native;D05_V_flatWA_move_0003.mp4;False;0.69697;0.628571;0.567568
WEIBO_native;whatsapp_native;D05_V_flatWA_panrot_0001.mp4;False;0.69697;0.628571;0.567568
WEIBO_native;whatsapp_native;D05_V_flatWA_panrot_0002.mp4;False;0.69697;0.628571;0.567568
WEIBO_native;whatsapp_native;D05_V_flatWA_still_0001.mp4;False;0.69697;0.628571;0.567568
WEIBO_native;whatsapp_native;D05_V_flatWA_still_0002.mp4;False;0.69697;0.628571;0.567568
WEIBO_native;youtube_native;D05_V_flatYT_move_0002.mp4;False;1.0;1.0;1.0
WEIBO_native;youtube_native;D05_V_flatYT_move_0003.mp4;False;1.0;1.0;1.0
WEIBO_native;youtube_native;D05_V_flatYT_panrot_0001.mp4;False;1.0;1.0;1.0
WEIBO_native;youtube_native;D05_V_flatYT_panrot_0002.mp4;False;1.0;1.0;1.0
WEIBO_native;youtube_native;D05_V_flatYT_still_0001.mp4;False;1.0;1.0;1.0
WEIBO_native;youtube_native;D05_V_flatYT_still_0002.mp4;False;1.0;1.0;1.0
WEIBO_native;whatsapp_native;D05_V_indoorWA_move_0002.mp4;False;0.69697;0.628571;0.567568
WEIBO_native;whatsapp_native;D05_V_indoorWA_panrot_0001.mp4;False;0.69697;0.628571;0.567568
WEIBO_native;whatsapp_native;D05_V_indoorWA_panrot_0002.mp4;False;0.69697;0.628571;0.567568
WEIBO_native;whatsapp_native;D05_V_indoorWA_still_0001.mp4;False;0.69697;0.628571;0.567568
WEIBO_native;whatsapp_native;D05_V_indoorWA_still_0002.mp4;False;0.69697;0.628571;0.567568
WEIBO_native;youtube_native;D05_V_indoorYT_move_0002.mp4;False;1.0;1.0;1.0
WEIBO_native;youtube_native;D05_V_indoorYT_panrot_0001.mp4;False;1.0;1.0;1.0
WEIBO_native;youtube_native;D05_V_indoorYT_panrot_0002.mp4;False;1.0;1.0;1.0
WEIBO_native;youtube_native;D05_V_indoorYT_still_0001.mp4;False;1.0;1.0;1.0
WEIBO_native;youtube_native;D05_V_indoorYT_still_0002.mp4;False;1.0;1.0;1.0
WEIBO_native;whatsapp_native;D05_V_outdoorWA_move_0002.mp4;False;0.69697;0.628571;0.567568
WEIBO_native;whatsapp_native;D05_V_outdoorWA_panrot_0001.mp4;False;0.69697;0.628571;0.567568
WEIBO_native;whatsapp_native;D05_V_outdoorWA_panrot_0002.mp4;False;0.69697;0.628571;0.567568
WEIBO_native;whatsapp_native;D05_V_outdoorWA_still_0001.mp4;False;0.69697;0.628571;0.567568
WEIBO_native;whatsapp_native;D05_V_outdoorWA_still_0002.mp4;False;0.69697;0.628571;0.567568
WEIBO_native;youtube_native;D05_V_outdoorYT_move_0002.mp4;False;1.0;1.0;1.0
WEIBO_native;youtube_native;D05_V_outdoorYT_panrot_0001.mp4;False;1.0;1.0;1.0
WEIBO_native;youtube_native;D05_V_outdoorYT_panrot_0002.mp4;False;1.0;1.0;1.0
WEIBO_native;youtube_native;D05_V_outdoorYT_still_0001.mp4;False;1.0;1.0;1.0
WEIBO_native;youtube_native;D05_V_outdoorYT_still_0002.mp4;False;1.0;1.0;1.0
WEIBO_native;whatsapp_native;D06_V_flatWA_move_0002.mp4;False;0.69697;0.628571;0.567568
WEIBO_native;whatsapp_native;D06_V_flatWA_panrot_0001.mp4;False;0.69697;0.628571;0.567568
WEIBO_native;whatsapp_native;D06_V_flatWA_panrot_0002.mp4;False;0.69697;0.628571;0.567568
WEIBO_native;whatsapp_native;D06_V_flatWA_still_0001.mp4;False;0.69697;0.628571;0.567568
WEIBO_native;youtube_native;D06_V_flatYT_panrot_0001.mp4;False;1.0;1.0;1.0
WEIBO_native;youtube_native;D06_V_flatYT_panrot_0002.mp4;False;1.0;1.0;1.0
WEIBO_native;youtube_native;D06_V_flatYT_still_0001.mp4;False;1.0;1.0;1.0
WEIBO_native;whatsapp_native;D06_V_indoorWA_move_0002.mov.mp4;False;0.69697;0.628571;0.567568
WEIBO_native;whatsapp_native;D06_V_indoorWA_panrot_0001.mp4;False;0.69697;0.628571;0.567568
WEIBO_native;whatsapp_native;D06_V_indoorWA_panrot_0002.mp4;False;0.69697;0.628571;0.567568
WEIBO_native;whatsapp_native;D06_V_indoorWA_still_0001.mp4;False;0.69697;0.628571;0.567568
WEIBO_native;whatsapp_native;D06_V_indoorWA_still_0002.mp4;False;0.69697;0.628571;0.567568
WEIBO_native;youtube_native;D06_V_indoorYT_panrot_0001.mp4;False;1.0;1.0;1.0
WEIBO_native;youtube_native;D06_V_indoorYT_panrot_0002.mp4;False;1.0;1.0;1.0
WEIBO_native;youtube_native;D06_V_indoorYT_still_0001.mp4;False;1.0;1.0;1.0
WEIBO_native;youtube_native;D06_V_indoorYT_still_0002.mp4;False;1.0;1.0;1.0
WEIBO_native;whatsapp_native;D06_V_outdoorWA_move_0002.mp4;False;0.69697;0.628571;0.567568
WEIBO_native;whatsapp_native;D06_V_outdoorWA_panrot_0001.mp4;False;0.69697;0.628571;0.567568
WEIBO_native;whatsapp_native;D06_V_outdoorWA_panrot_0002.mov.mp4;False;0.69697;0.628571;0.567568
WEIBO_native;whatsapp_native;D06_V_outdoorWA_still_0001.mp4;False;0.69697;0.628571;0.567568
WEIBO_native;whatsapp_native;D06_V_outdoorWA_still_0002.mp4;False;0.69697;0.628571;0.567568
WEIBO_native;youtube_native;D06_V_outdoorYT_move_0002.mp4;False;1.0;1.0;1.0
WEIBO_native;youtube_native;D06_V_outdoorYT_panrot_0001.mp4;False;1.0;1.0;1.0
WEIBO_native;youtube_native;D06_V_outdoorYT_panrot_0002.mp4;False;1.0;1.0;1.0
WEIBO_native;youtube_native;D06_V_outdoorYT_still_0001.mp4;False;1.0;1.0;1.0
WEIBO_native;youtube_native;D06_V_outdoorYT_still_0002.mp4;False;1.0;1.0;1.0
WEIBO_native;whatsapp_native;D07_V_flatWA_move_0002.mp4;False;0.69697;0.628571;0.567568
WEIBO_native;whatsapp_native;D07_V_flatWA_move_0003.mp4;False;0.69697;0.628571;0.567568
WEIBO_native;whatsapp_native;D07_V_flatWA_panrot_0001.mp4;False;0.69697;0.628571;0.567568
WEIBO_native;whatsapp_native;D07_V_flatWA_panrot_0002.mp4;False;0.69697;0.628571;0.567568
WEIBO_native;whatsapp_native;D07_V_flatWA_still_0001.mp4;False;0.69697;0.628571;0.567568
WEIBO_native;whatsapp_native;D07_V_flatWA_still_0002.mp4;False;0.69697;0.628571;0.567568
WEIBO_native;youtube_native;D07_V_flatYT_move_0002.mp4;False;1.0;1.0;1.0
WEIBO_native;youtube_native;D07_V_flatYT_move_0003.mp4;False;1.0;1.0;1.0
WEIBO_native;youtube_native;D07_V_flatYT_panrot_0001.mp4;False;1.0;1.0;1.0
WEIBO_native;youtube_native;D07_V_flatYT_panrot_0002.mp4;False;1.0;1.0;1.0
WEIBO_native;youtube_native;D07_V_flatYT_still_0001.mp4;False;1.0;1.0;1.0
WEIBO_native;youtube_native;D07_V_flatYT_still_0002.mp4;False;1.0;1.0;1.0
WEIBO_native;whatsapp_native;D07_V_indoorWA_move_0002.mp4;False;0.69697;0.628571;0.567568
WEIBO_native;whatsapp_native;D07_V_indoorWA_panrot_0001.mp4;False;0.69697;0.628571;0.567568
WEIBO_native;whatsapp_native;D07_V_indoorWA_panrot_0002.mp4;False;0.69697;0.628571;0.567568
WEIBO_native;whatsapp_native;D07_V_indoorWA_still_0001.mp4;False;0.69697;0.628571;0.567568
WEIBO_native;whatsapp_native;D07_V_indoorWA_still_0002.mp4;False;0.69697;0.628571;0.567568
WEIBO_native;youtube_native;D07_V_indoorYT_move_0002.mp4;False;1.0;1.0;1.0
WEIBO_native;youtube_native;D07_V_indoorYT_panrot_0001.mp4;False;1.0;1.0;1.0
WEIBO_native;youtube_native;D07_V_indoorYT_panrot_0002.mp4;False;1.0;1.0;1.0
WEIBO_native;youtube_native;D07_V_indoorYT_still_0001.mp4;False;1.0;1.0;1.0
WEIBO_native;youtube_native;D07_V_indoorYT_still_0002.mp4;False;1.0;1.0;1.0
WEIBO_native;whatsapp_native;D07_V_outdoorWA_move_0002.mp4;False;0.69697;0.628571;0.567568
WEIBO_native;whatsapp_native;D07_V_outdoorWA_panrot_0001.mp4;False;0.69697;0.628571;0.567568
WEIBO_native;whatsapp_native;D07_V_outdoorWA_panrot_0002.mp4;False;0.69697;0.628571;0.567568
WEIBO_native;whatsapp_native;D07_V_outdoorWA_still_0001.mp4;False;0.69697;0.628571;0.567568
WEIBO_native;whatsapp_native;D07_V_outdoorWA_still_0002.mp4;False;0.69697;0.628571;0.567568
WEIBO_native;youtube_native;D07_V_outdoorYT_move_0002.mp4;False;1.0;1.0;1.0
WEIBO_native;youtube_native;D07_V_outdoorYT_panrot_0001.mp4;False;1.0;1.0;1.0
WEIBO_native;youtube_native;D07_V_outdoorYT_panrot_0002.mp4;False;1.0;1.0;1.0
WEIBO_native;youtube_native;D07_V_outdoorYT_still_0001.mp4;False;1.0;1.0;1.0
WEIBO_native;youtube_native;D07_V_outdoorYT_still_0002.mp4;False;1.0;1.0;1.0
WEIBO_native;whatsapp_native;D08_V_flatWA_move_0002.mp4;False;0.69697;0.628571;0.567568
WEIBO_native;whatsapp_native;D08_V_flatWA_move_0003.mp4;False;0.69697;0.628571;0.567568
WEIBO_native;whatsapp_native;D08_V_flatWA_move_0004.mp4;False;0.69697;0.628571;0.567568
WEIBO_native;whatsapp_native;D08_V_flatWA_panrot_0001.mp4;False;0.69697;0.628571;0.567568
WEIBO_native;whatsapp_native;D08_V_flatWA_panrot_0003.mp4;False;0.69697;0.628571;0.567568
WEIBO_native;whatsapp_native;D08_V_flatWA_panrot_0004.mp4;False;0.69697;0.628571;0.567568
WEIBO_native;whatsapp_native;D08_V_flatWA_still_0001.mp4;False;0.69697;0.628571;0.567568
WEIBO_native;whatsapp_native;D08_V_flatWA_still_0002.mp4;False;0.69697;0.628571;0.567568
WEIBO_native;whatsapp_native;D08_V_flatWA_still_0003.mp4;False;0.69697;0.628571;0.567568
WEIBO_native;whatsapp_native;D08_V_flatWA_still_0004.mp4;False;0.69697;0.628571;0.567568
WEIBO_native;whatsapp_native;D08_V_flatWA_still_0005.mp4;False;0.69697;0.628571;0.567568
WEIBO_native;youtube_native;D08_V_flatYT_move_0002.mp4;False;1.0;1.0;1.0
WEIBO_native;youtube_native;D08_V_flatYT_move_0003.mp4;False;1.0;1.0;1.0
WEIBO_native;youtube_native;D08_V_flatYT_move_0004.mp4;False;1.0;1.0;1.0
WEIBO_native;youtube_native;D08_V_flatYT_panrot_0001.mp4;False;1.0;1.0;1.0
WEIBO_native;youtube_native;D08_V_flatYT_panrot_0002.mp4;False;1.0;1.0;1.0
WEIBO_native;youtube_native;D08_V_flatYT_panrot_0003.mp4;False;1.0;1.0;1.0
WEIBO_native;youtube_native;D08_V_flatYT_panrot_0004.mp4;False;1.0;1.0;1.0
WEIBO_native;youtube_native;D08_V_flatYT_still_0001.mp4;False;1.0;1.0;1.0
WEIBO_native;youtube_native;D08_V_flatYT_still_0002.mp4;False;1.0;1.0;1.0
WEIBO_native;youtube_native;D08_V_flatYT_still_0003.mp4;False;1.0;1.0;1.0
WEIBO_native;youtube_native;D08_V_flatYT_still_0004.mp4;False;1.0;1.0;1.0
WEIBO_native;youtube_native;D08_V_flatYT_still_0005.mp4;False;1.0;1.0;1.0
WEIBO_native;whatsapp_native;D08_V_indoorWA_move_0002.mp4;False;0.69697;0.628571;0.567568
WEIBO_native;whatsapp_native;D08_V_indoorWA_move_0003.mp4;False;0.69697;0.628571;0.567568
WEIBO_native;whatsapp_native;D08_V_indoorWA_move_0004.mp4;False;0.69697;0.628571;0.567568
WEIBO_native;whatsapp_native;D08_V_indoorWA_panrot_0001.mp4;False;0.69697;0.628571;0.567568
WEIBO_native;whatsapp_native;D08_V_indoorWA_panrot_0002.mp4;False;0.69697;0.628571;0.567568
WEIBO_native;whatsapp_native;D08_V_indoorWA_panrot_0003.mp4;False;0.69697;0.628571;0.567568
WEIBO_native;whatsapp_native;D08_V_indoorWA_panrot_0004.mp4;False;0.69697;0.628571;0.567568
WEIBO_native;whatsapp_native;D08_V_indoorWA_still_0001.mp4;False;0.69697;0.628571;0.567568
WEIBO_native;whatsapp_native;D08_V_indoorWA_still_0002.mp4;False;0.69697;0.628571;0.567568
WEIBO_native;whatsapp_native;D08_V_indoorWA_still_0003.mp4;False;0.69697;0.628571;0.567568
WEIBO_native;whatsapp_native;D08_V_indoorWA_still_0004.mp4;False;0.69697;0.628571;0.567568
WEIBO_native;youtube_native;D08_V_indoorYT_move_0002.mp4;False;1.0;1.0;1.0
WEIBO_native;youtube_native;D08_V_indoorYT_move_0003.mp4;False;1.0;1.0;1.0
WEIBO_native;youtube_native;D08_V_indoorYT_move_0004.mp4;False;1.0;1.0;1.0
WEIBO_native;youtube_native;D08_V_indoorYT_panrot_0001.mp4;False;1.0;1.0;1.0
WEIBO_native;youtube_native;D08_V_indoorYT_panrot_0002.mp4;False;1.0;1.0;1.0
WEIBO_native;youtube_native;D08_V_indoorYT_still_0001.mp4;False;1.0;1.0;1.0
WEIBO_native;youtube_native;D08_V_indoorYT_still_0002.mp4;False;1.0;1.0;1.0
WEIBO_native;youtube_native;D08_V_indoorYT_still_0003.mp4;False;1.0;1.0;1.0
WEIBO_native;whatsapp_native;D08_V_outdoorWA_move_0002.mp4;False;0.69697;0.628571;0.567568
WEIBO_native;whatsapp_native;D08_V_outdoorWA_move_0003.mp4;False;0.69697;0.628571;0.567568
WEIBO_native;whatsapp_native;D08_V_outdoorWA_move_0004.mp4;False;0.69697;0.628571;0.567568
WEIBO_native;whatsapp_native;D08_V_outdoorWA_panrot_0001.mp4;False;0.69697;0.628571;0.567568
WEIBO_native;whatsapp_native;D08_V_outdoorWA_panrot_0002.mp4;False;0.69697;0.628571;0.567568
WEIBO_native;whatsapp_native;D08_V_outdoorWA_panrot_0003.mp4;False;0.69697;0.628571;0.567568
WEIBO_native;whatsapp_native;D08_V_outdoorWA_panrot_0004.mp4;False;0.69697;0.628571;0.567568
WEIBO_native;whatsapp_native;D08_V_outdoorWA_still_0001.mp4;False;0.69697;0.628571;0.567568
WEIBO_native;whatsapp_native;D08_V_outdoorWA_still_0002.mp4;False;0.69697;0.628571;0.567568
WEIBO_native;whatsapp_native;D08_V_outdoorWA_still_0003.mp4;False;0.69697;0.628571;0.567568
WEIBO_native;whatsapp_native;D08_V_outdoorWA_still_0004.mp4;False;0.69697;0.628571;0.567568
WEIBO_native;youtube_native;D08_V_outdoorYT_move_0002.mp4;False;1.0;1.0;1.0
WEIBO_native;youtube_native;D08_V_outdoorYT_move_0003.mp4;False;1.0;1.0;1.0
WEIBO_native;youtube_native;D08_V_outdoorYT_move_0004.mp4;False;1.0;1.0;1.0
WEIBO_native;youtube_native;D08_V_outdoorYT_panrot_0001.mp4;False;1.0;1.0;1.0
WEIBO_native;youtube_native;D08_V_outdoorYT_panrot_0002.mp4;False;1.0;1.0;1.0
WEIBO_native;youtube_native;D08_V_outdoorYT_panrot_0003.mp4;False;1.0;1.0;1.0
WEIBO_native;youtube_native;D08_V_outdoorYT_panrot_0004.mp4;False;1.0;1.0;1.0
WEIBO_native;youtube_native;D08_V_outdoorYT_still_0001.mp4;False;1.0;1.0;1.0
WEIBO_native;youtube_native;D08_V_outdoorYT_still_0002.mp4;False;1.0;1.0;1.0
WEIBO_native;youtube_native;D08_V_outdoorYT_still_0003.mp4;False;1.0;1.0;1.0
WEIBO_native;youtube_native;D08_V_outdoorYT_still_0004.mp4;False;1.0;1.0;1.0
WEIBO_native;whatsapp_native;D09_V_flatWA_move_0002.mp4;False;0.69697;0.628571;0.567568
WEIBO_native;whatsapp_native;D09_V_flatWA_move_0003.mp4;False;0.69697;0.628571;0.567568
WEIBO_native;whatsapp_native;D09_V_flatWA_panrot_0001.mp4;False;0.69697;0.628571;0.567568
WEIBO_native;whatsapp_native;D09_V_flatWA_panrot_0002.mp4;False;0.69697;0.628571;0.567568
WEIBO_native;whatsapp_native;D09_V_flatWA_still_0001.mp4;False;0.69697;0.628571;0.567568
WEIBO_native;whatsapp_native;D09_V_flatWA_still_0002.mp4;False;0.69697;0.628571;0.567568
WEIBO_native;youtube_native;D09_V_flatYT_move_0002.mp4;False;1.0;1.0;1.0
WEIBO_native;youtube_native;D09_V_flatYT_move_0003.mp4;False;1.0;1.0;1.0
WEIBO_native;youtube_native;D09_V_flatYT_panrot_0001.mp4;False;1.0;1.0;1.0
WEIBO_native;youtube_native;D09_V_flatYT_panrot_0002.mp4;False;1.0;1.0;1.0
WEIBO_native;youtube_native;D09_V_flatYT_still_0001.mp4;False;1.0;1.0;1.0
WEIBO_native;youtube_native;D09_V_flatYT_still_0002.mp4;False;1.0;1.0;1.0
WEIBO_native;whatsapp_native;D09_V_indoorWA_move_0002.mp4;False;0.69697;0.628571;0.567568
WEIBO_native;whatsapp_native;D09_V_indoorWA_panrot_0001.mp4;False;0.69697;0.628571;0.567568
WEIBO_native;whatsapp_native;D09_V_indoorWA_panrot_0002.mp4;False;0.69697;0.628571;0.567568
WEIBO_native;whatsapp_native;D09_V_indoorWA_still_0001.mp4;False;0.69697;0.628571;0.567568
WEIBO_native;whatsapp_native;D09_V_indoorWA_still_0002.mp4;False;0.69697;0.628571;0.567568
WEIBO_native;youtube_native;D09_V_indoorYT_move_0002.mp4;False;1.0;1.0;1.0
WEIBO_native;youtube_native;D09_V_indoorYT_panrot_0001.mp4;False;1.0;1.0;1.0
WEIBO_native;youtube_native;D09_V_indoorYT_panrot_0002.mp4;False;1.0;1.0;1.0
WEIBO_native;youtube_native;D09_V_indoorYT_still_0001.mp4;False;1.0;1.0;1.0
WEIBO_native;youtube_native;D09_V_indoorYT_still_0002.mp4;False;1.0;1.0;1.0
WEIBO_native;whatsapp_native;D09_V_outdoorWA_move_0002.mp4;False;0.69697;0.628571;0.567568
WEIBO_native;whatsapp_native;D09_V_outdoorWA_panrot_0001.mp4;False;0.69697;0.628571;0.567568
WEIBO_native;whatsapp_native;D09_V_outdoorWA_panrot_0002.mp4;False;0.69697;0.628571;0.567568
WEIBO_native;whatsapp_native;D09_V_outdoorWA_still_0001.mp4;False;0.69697;0.628571;0.567568
WEIBO_native;whatsapp_native;D09_V_outdoorWA_still_0002.mp4;False;0.69697;0.628571;0.567568
WEIBO_native;youtube_native;D09_V_outdoorYT_move_0002.mp4;False;1.0;1.0;1.0
WEIBO_native;youtube_native;D09_V_outdoorYT_panrot_0001.mp4;False;1.0;1.0;1.0
WEIBO_native;youtube_native;D09_V_outdoorYT_panrot_0002.mp4;False;1.0;1.0;1.0
WEIBO_native;youtube_native;D09_V_outdoorYT_still_0001.mp4;False;1.0;1.0;1.0
WEIBO_native;youtube_native;D09_V_outdoorYT_still_0002.mp4;False;1.0;1.0;1.0
WEIBO_native;whatsapp_native;D10_V_flatWA_move_0002.mp4;False;0.69697;0.628571;0.567568
WEIBO_native;whatsapp_native;D10_V_flatWA_panrot_0001.mp4;False;0.69697;0.628571;0.567568
WEIBO_native;whatsapp_native;D10_V_flatWA_still_0001.mp4;False;0.69697;0.628571;0.567568
WEIBO_native;youtube_native;D10_V_flatYT_move_0002.mp4;False;1.0;1.0;1.0
WEIBO_native;youtube_native;D10_V_flatYT_panrot_0001.mp4;False;1.0;1.0;1.0
WEIBO_native;youtube_native;D10_V_flatYT_still_0001.mp4;False;1.0;1.0;1.0
WEIBO_native;whatsapp_native;D10_V_indoorWA_move_0002.mp4;False;0.69697;0.628571;0.567568
WEIBO_native;whatsapp_native;D10_V_indoorWA_panrot_0001.mp4;False;0.69697;0.628571;0.567568
WEIBO_native;whatsapp_native;D10_V_indoorWA_panrot_0002.mp4;False;0.69697;0.628571;0.567568
WEIBO_native;whatsapp_native;D10_V_indoorWA_still_0001.mp4;False;0.69697;0.628571;0.567568
WEIBO_native;whatsapp_native;D10_V_indoorWA_still_0002.mp4;False;0.69697;0.628571;0.567568
WEIBO_native;youtube_native;D10_V_indoorYT_move_0002.mp4;False;1.0;1.0;1.0
WEIBO_native;youtube_native;D10_V_indoorYT_panrot_0001.mp4;False;1.0;1.0;1.0
WEIBO_native;youtube_native;D10_V_indoorYT_panrot_0002.mp4;False;1.0;1.0;1.0
WEIBO_native;youtube_native;D10_V_indoorYT_still_0001.mp4;False;1.0;1.0;1.0
WEIBO_native;youtube_native;D10_V_indoorYT_still_0002.mp4;False;1.0;1.0;1.0
WEIBO_native;whatsapp_native;D10_V_outdoorWA_panrot_0001.mp4;False;0.69697;0.628571;0.567568
WEIBO_native;whatsapp_native;D10_V_outdoorWA_panrot_0002.mp4;False;0.69697;0.628571;0.567568
WEIBO_native;whatsapp_native;D10_V_outdoorWA_still_0001.mp4;False;0.69697;0.628571;0.567568
WEIBO_native;whatsapp_native;D10_V_outdoorWA_still_0002.mp4;False;0.69697;0.628571;0.567568
WEIBO_native;youtube_native;D10_V_outdoorYT_panrot_0001.mp4;False;1.0;1.0;1.0
WEIBO_native;youtube_native;D10_V_outdoorYT_panrot_0002.mp4;False;1.0;1.0;1.0
WEIBO_native;youtube_native;D10_V_outdoorYT_still_0001.mp4;False;1.0;1.0;1.0
WEIBO_native;youtube_native;D10_V_outdoorYT_still_0002.mp4;False;1.0;1.0;1.0
WEIBO_native;whatsapp_native;D11_V_flatWA_move_0002.mp4;False;0.69697;0.628571;0.567568
WEIBO_native;whatsapp_native;D11_V_flatWA_move_0003.mp4;False;0.69697;0.628571;0.567568
WEIBO_native;whatsapp_native;D11_V_flatWA_panrot_0001.mp4;False;0.69697;0.628571;0.567568
WEIBO_native;whatsapp_native;D11_V_flatWA_panrot_0002.mp4;False;0.69697;0.628571;0.567568
WEIBO_native;whatsapp_native;D11_V_flatWA_still_0001.mp4;False;0.69697;0.628571;0.567568
WEIBO_native;whatsapp_native;D11_V_flatWA_still_0002.mp4;False;0.69697;0.628571;0.567568
WEIBO_native;youtube_native;D11_V_flatYT_move_0002.mp4;False;1.0;1.0;1.0
WEIBO_native;youtube_native;D11_V_flatYT_move_0003.mp4;False;1.0;1.0;1.0
WEIBO_native;youtube_native;D11_V_flatYT_panrot_0001.mp4;False;1.0;1.0;1.0
WEIBO_native;youtube_native;D11_V_flatYT_panrot_0002.mp4;False;1.0;1.0;1.0
WEIBO_native;youtube_native;D11_V_flatYT_still_0001.mp4;False;1.0;1.0;1.0
WEIBO_native;youtube_native;D11_V_flatYT_still_0002.mp4;False;1.0;1.0;1.0
WEIBO_native;whatsapp_native;D11_V_indoorWA_move_0002.mp4;False;0.69697;0.628571;0.567568
WEIBO_native;whatsapp_native;D11_V_indoorWA_panrot_0001.mp4;False;0.69697;0.628571;0.567568
WEIBO_native;whatsapp_native;D11_V_indoorWA_panrot_0002.mp4;False;0.69697;0.628571;0.567568
WEIBO_native;whatsapp_native;D11_V_indoorWA_still_0001.mp4;False;0.69697;0.628571;0.567568
WEIBO_native;whatsapp_native;D11_V_indoorWA_still_0002.mp4;False;0.69697;0.628571;0.567568
WEIBO_native;youtube_native;D11_V_indoorYT_move_0002.mp4;False;1.0;1.0;1.0
WEIBO_native;youtube_native;D11_V_indoorYT_panrot_0001.mp4;False;1.0;1.0;1.0
WEIBO_native;youtube_native;D11_V_indoorYT_panrot_0002.mp4;False;1.0;1.0;1.0
WEIBO_native;youtube_native;D11_V_indoorYT_still_0001.mp4;False;1.0;1.0;1.0
WEIBO_native;youtube_native;D11_V_indoorYT_still_0002.mp4;False;1.0;1.0;1.0
WEIBO_native;whatsapp_native;D11_V_outdoorWA_move_0002.mp4;False;0.69697;0.628571;0.567568
WEIBO_native;whatsapp_native;D11_V_outdoorWA_panrot_0001.mp4;False;0.69697;0.628571;0.567568
WEIBO_native;whatsapp_native;D11_V_outdoorWA_panrot_0002.mp4;False;0.69697;0.628571;0.567568
WEIBO_native;whatsapp_native;D11_V_outdoorWA_still_0001.mp4;False;0.69697;0.628571;0.567568
WEIBO_native;whatsapp_native;D11_V_outdoorWA_still_0002.mp4;False;0.69697;0.628571;0.567568
WEIBO_native;youtube_native;D11_V_outdoorYT_move_0002.mp4;False;1.0;1.0;1.0
WEIBO_native;youtube_native;D11_V_outdoorYT_panrot_0001.mp4;False;1.0;1.0;1.0
WEIBO_native;youtube_native;D11_V_outdoorYT_panrot_0002.mp4;False;1.0;1.0;1.0
WEIBO_native;youtube_native;D11_V_outdoorYT_still_0001.mp4;False;1.0;1.0;1.0
WEIBO_native;youtube_native;D11_V_outdoorYT_still_0002.mp4;False;1.0;1.0;1.0
WEIBO_native;whatsapp_native;D12_V_flatWA_move_0002.mp4;False;0.615385;0.48;0.375
WEIBO_native;whatsapp_native;D12_V_flatWA_move_0003.mp4;False;0.615385;0.48;0.375
WEIBO_native;whatsapp_native;D12_V_flatWA_panrot_0001.mp4;False;0.615385;0.48;0.375
WEIBO_native;whatsapp_native;D12_V_flatWA_panrot_0002.mp4;False;0.615385;0.48;0.375
WEIBO_native;whatsapp_native;D12_V_flatWA_still_0001.mp4;False;0.615385;0.48;0.375
WEIBO_native;whatsapp_native;D12_V_flatWA_still_0002.mp4;False;0.615385;0.48;0.375
WEIBO_native;youtube_native;D12_V_flatYT_move_0002.mp4;False;1.0;1.0;1.0
WEIBO_native;youtube_native;D12_V_flatYT_move_0003.mp4;False;1.0;1.0;1.0
WEIBO_native;youtube_native;D12_V_flatYT_panrot_0001.mp4;False;1.0;1.0;1.0
WEIBO_native;youtube_native;D12_V_flatYT_panrot_0002.mp4;False;1.0;1.0;1.0
WEIBO_native;youtube_native;D12_V_flatYT_still_0001.mp4;False;1.0;1.0;1.0
WEIBO_native;youtube_native;D12_V_flatYT_still_0002.mp4;False;1.0;1.0;1.0
WEIBO_native;whatsapp_native;D12_V_indoorWA_move_0002.mp4;False;0.615385;0.48;0.375
WEIBO_native;whatsapp_native;D12_V_indoorWA_panrot_0001.mp4;False;0.615385;0.48;0.375
WEIBO_native;whatsapp_native;D12_V_indoorWA_panrot_0002.mp4;False;0.615385;0.48;0.375
WEIBO_native;whatsapp_native;D12_V_indoorWA_still_0001.mp4;False;0.615385;0.48;0.375
WEIBO_native;whatsapp_native;D12_V_indoorWA_still_0002.mp4;False;0.615385;0.48;0.375
WEIBO_native;youtube_native;D12_V_indoorYT_move_0002.mp4;False;1.0;1.0;1.0
WEIBO_native;youtube_native;D12_V_indoorYT_panrot_0001.mp4;False;1.0;1.0;1.0
WEIBO_native;youtube_native;D12_V_indoorYT_panrot_0002.mp4;False;1.0;1.0;1.0
WEIBO_native;youtube_native;D12_V_indoorYT_still_0001.mp4;False;1.0;1.0;1.0
WEIBO_native;youtube_native;D12_V_indoorYT_still_0002.mp4;False;1.0;1.0;1.0
WEIBO_native;whatsapp_native;D12_V_outdoorWA_move_0002.mp4;False;0.615385;0.48;0.375
WEIBO_native;whatsapp_native;D12_V_outdoorWA_panrot_0001.mp4;False;0.615385;0.48;0.375
WEIBO_native;whatsapp_native;D12_V_outdoorWA_panrot_0002.mp4;False;0.615385;0.48;0.375
WEIBO_native;whatsapp_native;D12_V_outdoorWA_still_0001.mp4;False;0.615385;0.48;0.375
WEIBO_native;whatsapp_native;D12_V_outdoorWA_still_0002.mp4;False;0.615385;0.48;0.375
WEIBO_native;youtube_native;D12_V_outdoorYT_move_0002.mp4;False;1.0;1.0;1.0
WEIBO_native;youtube_native;D12_V_outdoorYT_panrot_0001.mp4;False;1.0;1.0;1.0
WEIBO_native;youtube_native;D12_V_outdoorYT_panrot_0002.mp4;False;1.0;1.0;1.0
WEIBO_native;youtube_native;D12_V_outdoorYT_still_0001.mp4;False;1.0;1.0;1.0
WEIBO_native;youtube_native;D12_V_outdoorYT_still_0002.mp4;False;1.0;1.0;1.0
WEIBO_native;whatsapp_native;D13_V_flatWA_move_0002.mp4;False;0.69697;0.628571;0.567568
WEIBO_native;whatsapp_native;D13_V_flatWA_panrot_0001.mp4;False;0.69697;0.628571;0.567568
WEIBO_native;whatsapp_native;D13_V_flatWA_still_0001.mp4;False;0.69697;0.628571;0.567568
WEIBO_native;youtube_native;D13_V_flatYT_move_0002.mp4;False;1.0;1.0;1.0
WEIBO_native;youtube_native;D13_V_flatYT_panrot_0001.mp4;False;1.0;1.0;1.0
WEIBO_native;youtube_native;D13_V_flatYT_still_0001.mp4;False;1.0;1.0;1.0
WEIBO_native;whatsapp_native;D13_V_indoorWA_move_0002.mp4;False;0.69697;0.628571;0.567568
WEIBO_native;whatsapp_native;D13_V_indoorWA_panrot_0001.mp4;False;0.69697;0.628571;0.567568
WEIBO_native;whatsapp_native;D13_V_indoorWA_panrot_0002.mp4;False;0.69697;0.628571;0.567568
WEIBO_native;whatsapp_native;D13_V_indoorWA_still_0001.mp4;False;0.69697;0.628571;0.567568
WEIBO_native;whatsapp_native;D13_V_indoorWA_still_0002.mp4;False;0.69697;0.628571;0.567568
WEIBO_native;youtube_native;D13_V_indoorYT_move_0002.mp4;False;1.0;1.0;1.0
WEIBO_native;youtube_native;D13_V_indoorYT_panrot_0001.mp4;False;1.0;1.0;1.0
WEIBO_native;youtube_native;D13_V_indoorYT_panrot_0002.mp4;False;1.0;1.0;1.0
WEIBO_native;youtube_native;D13_V_indoorYT_still_0001.mp4;False;1.0;1.0;1.0
WEIBO_native;youtube_native;D13_V_indoorYT_still_0002.mp4;False;1.0;1.0;1.0
WEIBO_native;whatsapp_native;D13_V_outdoorWA_move_0002.mp4;False;0.69697;0.628571;0.567568
WEIBO_native;whatsapp_native;D13_V_outdoorWA_panrot_0001.mp4;False;0.69697;0.628571;0.567568
WEIBO_native;whatsapp_native;D13_V_outdoorWA_panrot_0002.mp4;False;0.69697;0.628571;0.567568
WEIBO_native;whatsapp_native;D13_V_outdoorWA_still_0001.mp4;False;0.69697;0.628571;0.567568
WEIBO_native;whatsapp_native;D13_V_outdoorWA_still_0002.mp4;False;0.69697;0.628571;0.567568
WEIBO_native;youtube_native;D13_V_outdoorYT_move_0002.mp4;False;1.0;1.0;1.0
WEIBO_native;youtube_native;D13_V_outdoorYT_panrot_0001.mp4;False;1.0;1.0;1.0
WEIBO_native;youtube_native;D13_V_outdoorYT_panrot_0002.mp4;False;1.0;1.0;1.0
WEIBO_native;youtube_native;D13_V_outdoorYT_still_0001.mp4;False;1.0;1.0;1.0
WEIBO_native;youtube_native;D13_V_outdoorYT_still_0002.mp4;False;1.0;1.0;1.0
WEIBO_native;whatsapp_native;D14_V_flatWA_move_0002.mp4;False;0.69697;0.628571;0.567568
WEIBO_native;whatsapp_native;D14_V_flatWA_move_0003.mp4;False;0.69697;0.628571;0.567568
WEIBO_native;whatsapp_native;D14_V_flatWA_panrot_0001.mp4;False;0.69697;0.628571;0.567568
WEIBO_native;whatsapp_native;D14_V_flatWA_panrot_0002.mp4;False;0.69697;0.628571;0.567568
WEIBO_native;whatsapp_native;D14_V_flatWA_still_0001.mp4;False;0.69697;0.628571;0.567568
WEIBO_native;whatsapp_native;D14_V_flatWA_still_0002.mp4;False;0.69697;0.628571;0.567568
WEIBO_native;youtube_native;D14_V_flatYT_move_0002.mp4;False;1.0;1.0;1.0
WEIBO_native;youtube_native;D14_V_flatYT_move_0003.mp4;False;1.0;1.0;1.0
WEIBO_native;youtube_native;D14_V_flatYT_panrot_0001.mp4;False;1.0;1.0;1.0
WEIBO_native;youtube_native;D14_V_flatYT_panrot_0002.mp4;False;1.0;1.0;1.0
WEIBO_native;youtube_native;D14_V_flatYT_still_0001.mp4;False;1.0;1.0;1.0
WEIBO_native;youtube_native;D14_V_flatYT_still_0002.mp4;False;1.0;1.0;1.0
WEIBO_native;whatsapp_native;D14_V_indoorWA_move_0002.mp4;False;0.69697;0.628571;0.567568
WEIBO_native;whatsapp_native;D14_V_indoorWA_panrot_0001.mp4;False;0.69697;0.628571;0.567568
WEIBO_native;whatsapp_native;D14_V_indoorWA_panrot_0002.mp4;False;0.69697;0.628571;0.567568
WEIBO_native;whatsapp_native;D14_V_indoorWA_still_0001.mp4;False;0.69697;0.628571;0.567568
WEIBO_native;whatsapp_native;D14_V_indoorWA_still_0002.mp4;False;0.69697;0.628571;0.567568
WEIBO_native;youtube_native;D14_V_indoorYT_move_0002.mp4;False;1.0;1.0;1.0
WEIBO_native;youtube_native;D14_V_indoorYT_panrot_0001.mp4;False;1.0;1.0;1.0
WEIBO_native;youtube_native;D14_V_indoorYT_panrot_0002.mp4;False;1.0;1.0;1.0
WEIBO_native;youtube_native;D14_V_indoorYT_still_0001.mp4;False;1.0;1.0;1.0
WEIBO_native;youtube_native;D14_V_indoorYT_still_0002.mp4;False;1.0;1.0;1.0
WEIBO_native;whatsapp_native;D14_V_outdoorWA_move_0002.mp4;False;0.69697;0.628571;0.567568
WEIBO_native;whatsapp_native;D14_V_outdoorWA_panrot_0001.mp4;False;0.69697;0.628571;0.567568
WEIBO_native;whatsapp_native;D14_V_outdoorWA_panrot_0002.mp4;False;0.69697;0.628571;0.567568
WEIBO_native;whatsapp_native;D14_V_outdoorWA_still_0001.mp4;False;0.69697;0.628571;0.567568
WEIBO_native;whatsapp_native;D14_V_outdoorWA_still_0002.mp4;False;0.69697;0.628571;0.567568
WEIBO_native;youtube_native;D14_V_outdoorYT_move_0002.mp4;False;1.0;1.0;1.0
WEIBO_native;youtube_native;D14_V_outdoorYT_panrot_0001.mp4;False;1.0;1.0;1.0
WEIBO_native;youtube_native;D14_V_outdoorYT_panrot_0002.mp4;False;1.0;1.0;1.0
WEIBO_native;youtube_native;D14_V_outdoorYT_still_0001.mp4;False;1.0;1.0;1.0
WEIBO_native;youtube_native;D14_V_outdoorYT_still_0002.mp4;False;1.0;1.0;1.0
WEIBO_native;whatsapp_native;D15_V_flatWA_move_0002.mp4;False;0.69697;0.628571;0.567568
WEIBO_native;whatsapp_native;D15_V_flatWA_move_0003.mp4;False;0.69697;0.628571;0.567568
WEIBO_native;whatsapp_native;D15_V_flatWA_panrot_0001.mp4;False;0.69697;0.628571;0.567568
WEIBO_native;whatsapp_native;D15_V_flatWA_panrot_0002.mp4;False;0.69697;0.628571;0.567568
WEIBO_native;whatsapp_native;D15_V_flatWA_still_0001.mp4;False;0.69697;0.628571;0.567568
WEIBO_native;whatsapp_native;D15_V_flatWA_still_0002.mp4;False;0.69697;0.628571;0.567568
WEIBO_native;youtube_native;D15_V_flatYT_move_0002.mp4;False;1.0;1.0;1.0
WEIBO_native;youtube_native;D15_V_flatYT_move_0003.mp4;False;1.0;1.0;1.0
WEIBO_native;youtube_native;D15_V_flatYT_panrot_0001.mp4;False;1.0;1.0;1.0
WEIBO_native;youtube_native;D15_V_flatYT_panrot_0002.mp4;False;1.0;1.0;1.0
WEIBO_native;youtube_native;D15_V_flatYT_still_0001.mp4;False;1.0;1.0;1.0
WEIBO_native;youtube_native;D15_V_flatYT_still_0002.mp4;False;1.0;1.0;1.0
WEIBO_native;whatsapp_native;D15_V_indoorWA_move_0002.mp4;False;0.69697;0.628571;0.567568
WEIBO_native;whatsapp_native;D15_V_indoorWA_panrot_0001.mp4;False;0.69697;0.628571;0.567568
WEIBO_native;whatsapp_native;D15_V_indoorWA_panrot_0002.mp4;False;0.69697;0.628571;0.567568
WEIBO_native;whatsapp_native;D15_V_indoorWA_still_0001.mp4;False;0.69697;0.628571;0.567568
WEIBO_native;whatsapp_native;D15_V_indoorWA_still_0002.mp4;False;0.69697;0.628571;0.567568
WEIBO_native;youtube_native;D15_V_indoorYT_move_0002.mp4;False;1.0;1.0;1.0
WEIBO_native;youtube_native;D15_V_indoorYT_panrot_0001.mp4;False;1.0;1.0;1.0
WEIBO_native;youtube_native;D15_V_indoorYT_panrot_0002.mp4;False;1.0;1.0;1.0
WEIBO_native;youtube_native;D15_V_indoorYT_still_0001.mp4;False;1.0;1.0;1.0
WEIBO_native;youtube_native;D15_V_indoorYT_still_0002.mp4;False;1.0;1.0;1.0
WEIBO_native;whatsapp_native;D15_V_outdoorWA_move_0002.mp4;False;0.69697;0.628571;0.567568
WEIBO_native;whatsapp_native;D15_V_outdoorWA_panrot_0001.mp4;False;0.69697;0.628571;0.567568
WEIBO_native;whatsapp_native;D15_V_outdoorWA_panrot_0002.mp4;False;0.69697;0.628571;0.567568
WEIBO_native;whatsapp_native;D15_V_outdoorWA_still_0001.mp4;False;0.69697;0.628571;0.567568
WEIBO_native;youtube_native;D15_V_outdoorYT_move_0002.mp4;False;1.0;1.0;1.0
WEIBO_native;youtube_native;D15_V_outdoorYT_panrot_0001.mp4;False;1.0;1.0;1.0
WEIBO_native;youtube_native;D15_V_outdoorYT_panrot_0002.mp4;False;1.0;1.0;1.0
WEIBO_native;youtube_native;D15_V_outdoorYT_still_0001.mp4;False;1.0;1.0;1.0
WEIBO_native;whatsapp_native;D16_V_flatWA_move_0002.mp4;False;0.69697;0.628571;0.567568
WEIBO_native;whatsapp_native;D16_V_flatWA_move_0003.mp4;False;0.69697;0.628571;0.567568
WEIBO_native;whatsapp_native;D16_V_flatWA_panrot_0001.mp4;False;0.69697;0.628571;0.567568
WEIBO_native;whatsapp_native;D16_V_flatWA_panrot_0002.mp4;False;0.69697;0.628571;0.567568
WEIBO_native;whatsapp_native;D16_V_flatWA_still_0001.mp4;False;0.69697;0.628571;0.567568
WEIBO_native;whatsapp_native;D16_V_flatWA_still_0002.mp4;False;0.69697;0.628571;0.567568
WEIBO_native;youtube_native;D16_V_flatYT_move_0002.mp4;False;1.0;1.0;1.0
WEIBO_native;youtube_native;D16_V_flatYT_move_0003.mp4;False;1.0;1.0;1.0
WEIBO_native;youtube_native;D16_V_flatYT_panrot_0001.mp4;False;1.0;1.0;1.0
WEIBO_native;youtube_native;D16_V_flatYT_panrot_0002.mp4;False;1.0;1.0;1.0
WEIBO_native;youtube_native;D16_V_flatYT_still_0001.mp4;False;1.0;1.0;1.0
WEIBO_native;youtube_native;D16_V_flatYT_still_0002.mp4;False;1.0;1.0;1.0
WEIBO_native;whatsapp_native;D16_V_indoorWA_move_0002.mp4;False;0.69697;0.628571;0.567568
WEIBO_native;whatsapp_native;D16_V_indoorWA_panrot_0001.mp4;False;0.69697;0.628571;0.567568
WEIBO_native;whatsapp_native;D16_V_indoorWA_panrot_0002.mp4;False;0.69697;0.628571;0.567568
WEIBO_native;whatsapp_native;D16_V_indoorWA_still_0001.mp4;False;0.69697;0.628571;0.567568
WEIBO_native;whatsapp_native;D16_V_indoorWA_still_0002.mp4;False;0.69697;0.628571;0.567568
WEIBO_native;youtube_native;D16_V_indoorYT_move_0002.mp4;False;1.0;1.0;1.0
WEIBO_native;youtube_native;D16_V_indoorYT_panrot_0001.mp4;False;1.0;1.0;1.0
WEIBO_native;youtube_native;D16_V_indoorYT_panrot_0002.mp4;False;1.0;1.0;1.0
WEIBO_native;youtube_native;D16_V_indoorYT_still_0001.mp4;False;1.0;1.0;1.0
WEIBO_native;youtube_native;D16_V_indoorYT_still_0002.mp4;False;1.0;1.0;1.0
WEIBO_native;whatsapp_native;D16_V_outdoorWA_move_0002.mp4;False;0.69697;0.628571;0.567568
WEIBO_native;whatsapp_native;D16_V_outdoorWA_panrot_0001.mp4;False;0.69697;0.628571;0.567568
WEIBO_native;whatsapp_native;D16_V_outdoorWA_panrot_0002.mp4;False;0.69697;0.628571;0.567568
WEIBO_native;whatsapp_native;D16_V_outdoorWA_still_0001.mp4;False;0.69697;0.628571;0.567568
WEIBO_native;whatsapp_native;D16_V_outdoorWA_still_0002.mp4;False;0.69697;0.628571;0.567568
WEIBO_native;youtube_native;D16_V_outdoorYT_move_0002.mp4;False;1.0;1.0;1.0
WEIBO_native;youtube_native;D16_V_outdoorYT_panrot_0001.mp4;False;1.0;1.0;1.0
WEIBO_native;youtube_native;D16_V_outdoorYT_panrot_0002.mp4;False;1.0;1.0;1.0
WEIBO_native;youtube_native;D16_V_outdoorYT_still_0001.mp4;False;1.0;1.0;1.0
WEIBO_native;youtube_native;D16_V_outdoorYT_still_0002.mp4;False;1.0;1.0;1.0
WEIBO_native;whatsapp_native;D17_V_flatWA_move_0002.mp4;False;0.69697;0.628571;0.567568
WEIBO_native;whatsapp_native;D17_V_flatWA_panrot_0001.mp4;False;0.69697;0.628571;0.567568
WEIBO_native;whatsapp_native;D17_V_flatWA_still_0001.mp4;False;0.69697;0.628571;0.567568
WEIBO_native;youtube_native;D17_V_flatYT_move_0002.mp4;False;1.0;1.0;1.0
WEIBO_native;youtube_native;D17_V_flatYT_panrot_0001.mp4;False;1.0;1.0;1.0
WEIBO_native;youtube_native;D17_V_flatYT_still_0001.mp4;False;1.0;1.0;1.0
WEIBO_native;whatsapp_native;D17_V_indoorWA_panrot_0001.mp4;False;0.69697;0.628571;0.567568
WEIBO_native;whatsapp_native;D17_V_indoorWA_still_0001.mp4;False;0.69697;0.628571;0.567568
WEIBO_native;youtube_native;D17_V_indoorYT_panrot_0001.mp4;False;1.0;1.0;1.0
WEIBO_native;youtube_native;D17_V_indoorYT_still_0001.mp4;False;1.0;1.0;1.0
WEIBO_native;whatsapp_native;D17_V_outdoorWA_panrot_0001.mp4;False;0.69697;0.628571;0.567568
WEIBO_native;whatsapp_native;D17_V_outdoorWA_still_0001.mp4;False;0.69697;0.628571;0.567568
WEIBO_native;youtube_native;D17_V_outdoorYT_panrot_0001.mp4;False;1.0;1.0;1.0
WEIBO_native;youtube_native;D17_V_outdoorYT_still_0001.mp4;False;1.0;1.0;1.0
WEIBO_native;whatsapp_native;D18_V_flatWA_move_0002.mp4;False;0.69697;0.628571;0.567568
WEIBO_native;whatsapp_native;D18_V_flatWA_panrot_0001.mp4;False;0.69697;0.628571;0.567568
WEIBO_native;whatsapp_native;D18_V_flatWA_still_0001.mp4;False;0.69697;0.628571;0.567568
WEIBO_native;whatsapp_native;D18_V_flatWA_still_0002.mp4;False;0.69697;0.628571;0.567568
WEIBO_native;youtube_native;D18_V_flatYT_move_0002.mp4;False;1.0;1.0;1.0
WEIBO_native;youtube_native;D18_V_flatYT_panrot_0001.mp4;False;1.0;1.0;1.0
WEIBO_native;youtube_native;D18_V_flatYT_still_0001.mp4;False;1.0;1.0;1.0
WEIBO_native;youtube_native;D18_V_flatYT_still_0002.mp4;False;1.0;1.0;1.0
WEIBO_native;whatsapp_native;D18_V_indoorWA_panrot_0001.mp4;False;0.69697;0.628571;0.567568
WEIBO_native;whatsapp_native;D18_V_indoorWA_still_0001.mp4;False;0.69697;0.628571;0.567568
WEIBO_native;whatsapp_native;D18_V_indoorWA_still_0002.mp4;False;0.69697;0.628571;0.567568
WEIBO_native;youtube_native;D18_V_indoorYT_panrot_0001.mp4;False;1.0;1.0;1.0
WEIBO_native;youtube_native;D18_V_indoorYT_still_0001.mp4;False;1.0;1.0;1.0
WEIBO_native;youtube_native;D18_V_indoorYT_still_0002.mp4;False;1.0;1.0;1.0
WEIBO_native;whatsapp_native;D18_V_outdoorWA_panrot_0001.mp4;False;0.69697;0.628571;0.567568
WEIBO_native;whatsapp_native;D18_V_outdoorWA_still_0001.mp4;False;0.69697;0.628571;0.567568
WEIBO_native;whatsapp_native;D18_V_outdoorWA_still_0002.mp4;False;0.69697;0.628571;0.567568
WEIBO_native;youtube_native;D18_V_outdoorYT_panrot_0001.mp4;False;1.0;1.0;1.0
WEIBO_native;youtube_native;D18_V_outdoorYT_still_0001.mp4;False;1.0;1.0;1.0
WEIBO_native;youtube_native;D18_V_outdoorYT_still_0002.mp4;False;1.0;1.0;1.0
WEIBO_native;whatsapp_native;D19_V_flatWA_move_0003.mp4;False;0.69697;0.628571;0.567568
WEIBO_native;whatsapp_native;D19_V_flatWA_panrot_0001.mp4;False;0.69697;0.628571;0.567568
WEIBO_native;whatsapp_native;D19_V_flatWA_panrot_0002.mp4;False;0.69697;0.628571;0.567568
WEIBO_native;whatsapp_native;D19_V_flatWA_still_0001.mp4;False;0.69697;0.628571;0.567568
WEIBO_native;whatsapp_native;D19_V_flatWA_still_0002.mp4;False;0.69697;0.628571;0.567568
WEIBO_native;youtube_native;D19_V_flatYT_move_0003.mp4;False;1.0;1.0;1.0
WEIBO_native;youtube_native;D19_V_flatYT_panrot_0001.mp4;False;1.0;1.0;1.0
WEIBO_native;youtube_native;D19_V_flatYT_panrot_0002.mp4;False;1.0;1.0;1.0
WEIBO_native;youtube_native;D19_V_flatYT_still_0001.mp4;False;1.0;1.0;1.0
WEIBO_native;youtube_native;D19_V_flatYT_still_0002.mp4;False;1.0;1.0;1.0
WEIBO_native;whatsapp_native;D19_V_indoorWA_move_0002.mp4;False;0.69697;0.628571;0.567568
WEIBO_native;whatsapp_native;D19_V_indoorWA_panrot_0001.mp4;False;0.69697;0.628571;0.567568
WEIBO_native;whatsapp_native;D19_V_indoorWA_panrot_0002.mp4;False;0.69697;0.628571;0.567568
WEIBO_native;whatsapp_native;D19_V_indoorWA_still_0001.mp4;False;0.69697;0.628571;0.567568
WEIBO_native;whatsapp_native;D19_V_indoorWA_still_0002.mp4;False;0.69697;0.628571;0.567568
WEIBO_native;youtube_native;D19_V_indoorYT_move_0002.mp4;False;1.0;1.0;1.0
WEIBO_native;youtube_native;D19_V_indoorYT_panrot_0001.mp4;False;1.0;1.0;1.0
WEIBO_native;youtube_native;D19_V_indoorYT_panrot_0002.mp4;False;1.0;1.0;1.0
WEIBO_native;youtube_native;D19_V_indoorYT_still_0001.mp4;False;1.0;1.0;1.0
WEIBO_native;youtube_native;D19_V_indoorYT_still_0002.mp4;False;1.0;1.0;1.0
WEIBO_native;whatsapp_native;D19_V_outdoorWA_move_0002.mp4;False;0.69697;0.628571;0.567568
WEIBO_native;whatsapp_native;D19_V_outdoorWA_panrot_0001.mp4;False;0.69697;0.628571;0.567568
WEIBO_native;whatsapp_native;D19_V_outdoorWA_panrot_0002.mp4;False;0.69697;0.628571;0.567568
WEIBO_native;whatsapp_native;D19_V_outdoorWA_still_0001.mp4;False;0.69697;0.628571;0.567568
WEIBO_native;whatsapp_native;D19_V_outdoorWA_still_0002.mp4;False;0.69697;0.628571;0.567568
WEIBO_native;youtube_native;D19_V_outdoorYT_move_0002.mp4;False;1.0;1.0;1.0
WEIBO_native;youtube_native;D19_V_outdoorYT_panrot_0001.mp4;False;1.0;1.0;1.0
WEIBO_native;youtube_native;D19_V_outdoorYT_panrot_0002.mp4;False;1.0;1.0;1.0
WEIBO_native;youtube_native;D19_V_outdoorYT_still_0001.mp4;False;1.0;1.0;1.0
WEIBO_native;youtube_native;D19_V_outdoorYT_still_0002.mp4;False;1.0;1.0;1.0
WEIBO_native;whatsapp_native;D20_V_flatWA_move_0002.mp4;False;0.69697;0.628571;0.567568
WEIBO_native;whatsapp_native;D20_V_flatWA_panrot_0001.mp4;False;0.69697;0.628571;0.567568
WEIBO_native;whatsapp_native;D20_V_flatWA_still_0001.mp4;False;0.69697;0.628571;0.567568
WEIBO_native;youtube_native;D20_V_flatYT_move_0002.mp4;False;1.0;1.0;1.0
WEIBO_native;youtube_native;D20_V_flatYT_panrot_0001.mp4;False;1.0;1.0;1.0
WEIBO_native;youtube_native;D20_V_flatYT_still_0001.mp4;False;1.0;1.0;1.0
WEIBO_native;whatsapp_native;D20_V_indoorWA_move_0002.mp4;False;0.69697;0.628571;0.567568
WEIBO_native;whatsapp_native;D20_V_indoorWA_panrot_0001.mp4;False;0.69697;0.628571;0.567568
WEIBO_native;whatsapp_native;D20_V_indoorWA_panrot_0002.mp4;False;0.69697;0.628571;0.567568
WEIBO_native;whatsapp_native;D20_V_indoorWA_still_0001.mp4;False;0.69697;0.628571;0.567568
WEIBO_native;whatsapp_native;D20_V_indoorWA_still_0002.mp4;False;0.69697;0.628571;0.567568
WEIBO_native;youtube_native;D20_V_indoorYT_move_0002.mp4;False;1.0;1.0;1.0
WEIBO_native;youtube_native;D20_V_indoorYT_panrot_0001.mp4;False;1.0;1.0;1.0
WEIBO_native;youtube_native;D20_V_indoorYT_panrot_0002.mp4;False;1.0;1.0;1.0
WEIBO_native;youtube_native;D20_V_indoorYT_still_0001.mp4;False;1.0;1.0;1.0
WEIBO_native;youtube_native;D20_V_indoorYT_still_0002.mp4;False;1.0;1.0;1.0
WEIBO_native;whatsapp_native;D20_V_outdoorWA_move_0002.mp4;False;0.69697;0.628571;0.567568
WEIBO_native;whatsapp_native;D20_V_outdoorWA_panrot_0001.mp4;False;0.69697;0.628571;0.567568
WEIBO_native;whatsapp_native;D20_V_outdoorWA_panrot_0002.mp4;False;0.69697;0.628571;0.567568
WEIBO_native;whatsapp_native;D20_V_outdoorWA_still_0001.mp4;False;0.69697;0.628571;0.567568
WEIBO_native;whatsapp_native;D20_V_outdoorWA_still_0002.mp4;False;0.69697;0.628571;0.567568
WEIBO_native;youtube_native;D20_V_outdoorYT_move_0002.mp4;False;1.0;1.0;1.0
WEIBO_native;youtube_native;D20_V_outdoorYT_panrot_0001.mp4;False;1.0;1.0;1.0
WEIBO_native;youtube_native;D20_V_outdoorYT_panrot_0002.mp4;False;1.0;1.0;1.0
WEIBO_native;youtube_native;D20_V_outdoorYT_still_0001.mp4;False;1.0;1.0;1.0
WEIBO_native;youtube_native;D20_V_outdoorYT_still_0002.mp4;False;1.0;1.0;1.0
WEIBO_native;whatsapp_native;D21_V_flatWA_move_0002.mp4;False;0.69697;0.628571;0.567568
WEIBO_native;whatsapp_native;D21_V_flatWA_still_0001.mp4;False;0.69697;0.628571;0.567568
WEIBO_native;youtube_native;D21_V_flatYT_move_0002.mp4;False;1.0;1.0;1.0
WEIBO_native;youtube_native;D21_V_flatYT_panrot_0001.mp4;False;1.0;1.0;1.0
WEIBO_native;youtube_native;D21_V_flatYT_still_0001.mp4;False;1.0;1.0;1.0
WEIBO_native;whatsapp_native;D21_V_indoorWA_panrot_0001.mp4;False;0.69697;0.628571;0.567568
WEIBO_native;whatsapp_native;D21_V_indoorWA_still_0001.mp4;False;0.69697;0.628571;0.567568
WEIBO_native;youtube_native;D21_V_indoorYT_panrot_0001.mp4;False;1.0;1.0;1.0
WEIBO_native;youtube_native;D21_V_indoorYT_still_0001.mp4;False;1.0;1.0;1.0
WEIBO_native;whatsapp_native;D21_V_outdoorWA_panrot_0001.mp4;False;0.69697;0.628571;0.567568
WEIBO_native;whatsapp_native;D21_V_outdoorWA_still_0001.mp4;False;0.69697;0.628571;0.567568
WEIBO_native;whatsapp_native;D21_V_outdoorWA_still_0002.mp4;False;0.69697;0.628571;0.567568
WEIBO_native;youtube_native;D21_V_outdoorYT_panrot_0001.mp4;False;1.0;1.0;1.0
WEIBO_native;youtube_native;D21_V_outdoorYT_still_0001.mp4;False;1.0;1.0;1.0
WEIBO_native;youtube_native;D21_V_outdoorYT_still_0002.mp4;False;1.0;1.0;1.0
WEIBO_native;whatsapp_native;D22_V_flatWA_move_0002.mp4;False;0.69697;0.628571;0.567568
WEIBO_native;whatsapp_native;D22_V_flatWA_panrot_0001.mp4;False;0.69697;0.628571;0.567568
WEIBO_native;whatsapp_native;D22_V_flatWA_still_0001.mp4;False;0.69697;0.628571;0.567568
WEIBO_native;youtube_native;D22_V_flatYT_move_0002.mp4;False;1.0;1.0;1.0
WEIBO_native;youtube_native;D22_V_flatYT_panrot_0001.mp4;False;1.0;1.0;1.0
WEIBO_native;youtube_native;D22_V_flatYT_still_0001.mp4;False;1.0;1.0;1.0
WEIBO_native;whatsapp_native;D22_V_indoorWA_panrot_0001.mp4;False;0.69697;0.628571;0.567568
WEIBO_native;whatsapp_native;D22_V_indoorWA_panrot_0002.mp4;False;0.69697;0.628571;0.567568
WEIBO_native;whatsapp_native;D22_V_indoorWA_still_0001.mp4;False;0.69697;0.628571;0.567568
WEIBO_native;whatsapp_native;D22_V_indoorWA_still_0002.mp4;False;0.69697;0.628571;0.567568
WEIBO_native;youtube_native;D22_V_indoorYT_move_0002.mp4;False;1.0;1.0;1.0
WEIBO_native;youtube_native;D22_V_indoorYT_panrot_0001.mp4;False;1.0;1.0;1.0
WEIBO_native;youtube_native;D22_V_indoorYT_panrot_0002.mp4;False;1.0;1.0;1.0
WEIBO_native;youtube_native;D22_V_indoorYT_still_0001.mp4;False;1.0;1.0;1.0
WEIBO_native;youtube_native;D22_V_indoorYT_still_0002.mp4;False;1.0;1.0;1.0
WEIBO_native;whatsapp_native;D22_V_outdoorWA_move_0002.mp4;False;0.69697;0.628571;0.567568
WEIBO_native;whatsapp_native;D22_V_outdoorWA_panrot_0001.mp4;False;0.69697;0.628571;0.567568
WEIBO_native;whatsapp_native;D22_V_outdoorWA_panrot_0002.mp4;False;0.69697;0.628571;0.567568
WEIBO_native;whatsapp_native;D22_V_outdoorWA_still_0001.mp4;False;0.69697;0.628571;0.567568
WEIBO_native;whatsapp_native;D22_V_outdoorWA_still_0002.mp4;False;0.69697;0.628571;0.567568
WEIBO_native;youtube_native;D22_V_outdoorYT_move_0002.mp4;False;1.0;1.0;1.0
WEIBO_native;youtube_native;D22_V_outdoorYT_panrot_0001.mp4;False;1.0;1.0;1.0
WEIBO_native;youtube_native;D22_V_outdoorYT_panrot_0002.mp4;False;1.0;1.0;1.0
WEIBO_native;youtube_native;D22_V_outdoorYT_still_0001.mp4;False;1.0;1.0;1.0
WEIBO_native;youtube_native;D22_V_outdoorYT_still_0002.mp4;False;1.0;1.0;1.0
WEIBO_native;whatsapp_native;D23_V_flatWA_move_0002.mp4;False;0.78125;0.735294;0.666667
WEIBO_native;whatsapp_native;D23_V_flatWA_move_0003.mp4;False;0.78125;0.735294;0.666667
WEIBO_native;whatsapp_native;D23_V_flatWA_panrot_0001.mp4;False;0.78125;0.735294;0.666667
WEIBO_native;whatsapp_native;D23_V_flatWA_panrot_0002.mp4;False;0.78125;0.735294;0.666667
WEIBO_native;whatsapp_native;D23_V_flatWA_still_0001.mp4;False;0.78125;0.735294;0.666667
WEIBO_native;whatsapp_native;D23_V_flatWA_still_0002.mp4;False;0.78125;0.735294;0.666667
WEIBO_native;youtube_native;D23_V_flatYT_move_0002.mp4;False;1.0;1.0;1.0
WEIBO_native;youtube_native;D23_V_flatYT_move_0003.mp4;False;1.0;1.0;1.0
WEIBO_native;youtube_native;D23_V_flatYT_panrot_0001.mp4;False;1.0;1.0;1.0
WEIBO_native;youtube_native;D23_V_flatYT_panrot_0002.mp4;False;1.0;1.0;1.0
WEIBO_native;youtube_native;D23_V_flatYT_still_0001.mp4;False;1.0;1.0;1.0
WEIBO_native;youtube_native;D23_V_flatYT_still_0002.mp4;False;1.0;1.0;1.0
WEIBO_native;whatsapp_native;D23_V_indoorWA_move_0002.mp4;False;0.78125;0.735294;0.666667
WEIBO_native;whatsapp_native;D23_V_indoorWA_panrot_0001.mp4;False;0.78125;0.735294;0.666667
WEIBO_native;whatsapp_native;D23_V_indoorWA_panrot_0002.mp4;False;0.78125;0.735294;0.666667
WEIBO_native;whatsapp_native;D23_V_indoorWA_still_0001.mp4;False;0.78125;0.735294;0.666667
WEIBO_native;whatsapp_native;D23_V_indoorWA_still_0002.mp4;False;0.78125;0.735294;0.666667
WEIBO_native;youtube_native;D23_V_indoorYT_move_0002.mp4;False;1.0;1.0;1.0
WEIBO_native;youtube_native;D23_V_indoorYT_panrot_0001.mp4;False;1.0;1.0;1.0
WEIBO_native;youtube_native;D23_V_indoorYT_panrot_0002.mp4;False;1.0;1.0;1.0
WEIBO_native;youtube_native;D23_V_indoorYT_still_0001.mp4;False;1.0;1.0;1.0
WEIBO_native;youtube_native;D23_V_indoorYT_still_0002.mp4;False;1.0;1.0;1.0
WEIBO_native;whatsapp_native;D23_V_outdoorWA_move_0002.mp4;False;0.78125;0.735294;0.666667
WEIBO_native;whatsapp_native;D23_V_outdoorWA_panrot_0001.mp4;False;0.78125;0.735294;0.666667
WEIBO_native;whatsapp_native;D23_V_outdoorWA_panrot_0002.mp4;False;0.78125;0.735294;0.666667
WEIBO_native;whatsapp_native;D23_V_outdoorWA_still_0001.mp4;False;0.78125;0.735294;0.666667
WEIBO_native;whatsapp_native;D23_V_outdoorWA_still_0002.mp4;False;0.78125;0.735294;0.666667
WEIBO_native;youtube_native;D23_V_outdoorYT_move_0002.mp4;False;1.0;1.0;1.0
WEIBO_native;youtube_native;D23_V_outdoorYT_panrot_0001.mp4;False;1.0;1.0;1.0
WEIBO_native;youtube_native;D23_V_outdoorYT_panrot_0002.mp4;False;1.0;1.0;1.0
WEIBO_native;youtube_native;D23_V_outdoorYT_still_0001.mp4;False;1.0;1.0;1.0
WEIBO_native;youtube_native;D23_V_outdoorYT_still_0002.mp4;False;1.0;1.0;1.0
WEIBO_native;whatsapp_native;D24_V_flatWA_move_0002.mp4;False;0.69697;0.628571;0.567568
WEIBO_native;whatsapp_native;D24_V_flatWA_move_0003.mp4;False;0.69697;0.628571;0.567568
WEIBO_native;whatsapp_native;D24_V_flatWA_panrot_0001.mp4;False;0.69697;0.628571;0.567568
WEIBO_native;whatsapp_native;D24_V_flatWA_panrot_0002.mp4;False;0.69697;0.628571;0.567568
WEIBO_native;whatsapp_native;D24_V_flatWA_still_0001.mp4;False;0.69697;0.628571;0.567568
WEIBO_native;whatsapp_native;D24_V_flatWA_still_0002.mp4;False;0.69697;0.628571;0.567568
WEIBO_native;youtube_native;D24_V_flatYT_move_0002.mp4;False;1.0;1.0;1.0
WEIBO_native;youtube_native;D24_V_flatYT_move_0003.mp4;False;1.0;1.0;1.0
WEIBO_native;youtube_native;D24_V_flatYT_panrot_0001.mp4;False;1.0;1.0;1.0
WEIBO_native;youtube_native;D24_V_flatYT_panrot_0002.mp4;False;1.0;1.0;1.0
WEIBO_native;youtube_native;D24_V_flatYT_still_0001.mp4;False;1.0;1.0;1.0
WEIBO_native;youtube_native;D24_V_flatYT_still_0002.mp4;False;1.0;1.0;1.0
WEIBO_native;whatsapp_native;D24_V_indoorWA_move_0002.mp4;False;0.69697;0.628571;0.567568
WEIBO_native;whatsapp_native;D24_V_indoorWA_panrot_0001.mp4;False;0.69697;0.628571;0.567568
WEIBO_native;whatsapp_native;D24_V_indoorWA_panrot_0002.mp4;False;0.69697;0.628571;0.567568
WEIBO_native;whatsapp_native;D24_V_indoorWA_still_0001.mp4;False;0.69697;0.628571;0.567568
WEIBO_native;whatsapp_native;D24_V_indoorWA_still_0002.mp4;False;0.69697;0.628571;0.567568
WEIBO_native;youtube_native;D24_V_indoorYT_move_0002.mp4;False;1.0;1.0;1.0
WEIBO_native;youtube_native;D24_V_indoorYT_panrot_0001.mp4;False;1.0;1.0;1.0
WEIBO_native;youtube_native;D24_V_indoorYT_panrot_0002.mp4;False;1.0;1.0;1.0
WEIBO_native;youtube_native;D24_V_indoorYT_still_0001.mp4;False;1.0;1.0;1.0
WEIBO_native;youtube_native;D24_V_indoorYT_still_0002.mp4;False;1.0;1.0;1.0
WEIBO_native;whatsapp_native;D24_V_outdoorWA_move_0002.mp4;False;0.69697;0.628571;0.567568
WEIBO_native;whatsapp_native;D24_V_outdoorWA_panrot_0001.mp4;False;0.69697;0.628571;0.567568
WEIBO_native;whatsapp_native;D24_V_outdoorWA_panrot_0002.mp4;False;0.69697;0.628571;0.567568
WEIBO_native;whatsapp_native;D24_V_outdoorWA_still_0001.mp4;False;0.69697;0.628571;0.567568
WEIBO_native;whatsapp_native;D24_V_outdoorWA_still_0002.mp4;False;0.69697;0.628571;0.567568
WEIBO_native;youtube_native;D24_V_outdoorYT_move_0002.mp4;False;1.0;1.0;1.0
WEIBO_native;youtube_native;D24_V_outdoorYT_panrot_0001.mp4;False;1.0;1.0;1.0
WEIBO_native;youtube_native;D24_V_outdoorYT_panrot_0002.mp4;False;1.0;1.0;1.0
WEIBO_native;youtube_native;D24_V_outdoorYT_still_0001.mp4;False;1.0;1.0;1.0
WEIBO_native;youtube_native;D24_V_outdoorYT_still_0002.mp4;False;1.0;1.0;1.0
WEIBO_native;whatsapp_native;D25_V_flatWA_move_0002.mp4;False;0.69697;0.628571;0.567568
WEIBO_native;whatsapp_native;D25_V_flatWA_move_0003.mp4;False;0.69697;0.628571;0.567568
WEIBO_native;whatsapp_native;D25_V_flatWA_panrot_0001.mp4;False;0.69697;0.628571;0.567568
WEIBO_native;whatsapp_native;D25_V_flatWA_panrot_0002.mp4;False;0.69697;0.628571;0.567568
WEIBO_native;whatsapp_native;D25_V_flatWA_still_0001.mp4;False;0.69697;0.628571;0.567568
WEIBO_native;whatsapp_native;D25_V_flatWA_still_0002.mp4;False;0.69697;0.628571;0.567568
WEIBO_native;youtube_native;D25_V_flatYT_move_0002.mp4;False;1.0;1.0;1.0
WEIBO_native;youtube_native;D25_V_flatYT_move_0003.mp4;False;1.0;1.0;1.0
WEIBO_native;youtube_native;D25_V_flatYT_panrot_0001.mp4;False;1.0;1.0;1.0
WEIBO_native;youtube_native;D25_V_flatYT_panrot_0002.mp4;False;1.0;1.0;1.0
WEIBO_native;youtube_native;D25_V_flatYT_still_0001.mp4;False;1.0;1.0;1.0
WEIBO_native;youtube_native;D25_V_flatYT_still_0002.mp4;False;1.0;1.0;1.0
WEIBO_native;whatsapp_native;D25_V_indoorWA_move_0002.mp4;False;0.69697;0.628571;0.567568
WEIBO_native;whatsapp_native;D25_V_indoorWA_panrot_0001.mp4;False;0.69697;0.628571;0.567568
WEIBO_native;whatsapp_native;D25_V_indoorWA_panrot_0002.mp4;False;0.69697;0.628571;0.567568
WEIBO_native;whatsapp_native;D25_V_indoorWA_still_0001.mp4;False;0.69697;0.628571;0.567568
WEIBO_native;whatsapp_native;D25_V_indoorWA_still_0002.mp4;False;0.69697;0.628571;0.567568
WEIBO_native;youtube_native;D25_V_indoorYT_move_0002.mp4;False;1.0;1.0;1.0
WEIBO_native;youtube_native;D25_V_indoorYT_panrot_0001.mp4;False;1.0;1.0;1.0
WEIBO_native;youtube_native;D25_V_indoorYT_panrot_0002.mp4;False;1.0;1.0;1.0
WEIBO_native;youtube_native;D25_V_indoorYT_still_0001.mp4;False;1.0;1.0;1.0
WEIBO_native;youtube_native;D25_V_indoorYT_still_0002.mp4;False;1.0;1.0;1.0
WEIBO_native;whatsapp_native;D25_V_outdoorWA_move_0002.mp4;False;0.69697;0.628571;0.567568
WEIBO_native;whatsapp_native;D25_V_outdoorWA_panrot_0001.mp4;False;0.69697;0.628571;0.567568
WEIBO_native;whatsapp_native;D25_V_outdoorWA_panrot_0002.mp4;False;0.69697;0.628571;0.567568
WEIBO_native;whatsapp_native;D25_V_outdoorWA_still_0001.mp4;False;0.69697;0.628571;0.567568
WEIBO_native;whatsapp_native;D25_V_outdoorWA_still_0002.mp4;False;0.69697;0.628571;0.567568
WEIBO_native;youtube_native;D25_V_outdoorYT_move_0002.mp4;False;1.0;1.0;1.0
WEIBO_native;youtube_native;D25_V_outdoorYT_panrot_0001.mp4;False;1.0;1.0;1.0
WEIBO_native;youtube_native;D25_V_outdoorYT_panrot_0002.mp4;False;1.0;1.0;1.0
WEIBO_native;youtube_native;D25_V_outdoorYT_still_0001.mp4;False;1.0;1.0;1.0
WEIBO_native;youtube_native;D25_V_outdoorYT_still_0002.mp4;False;1.0;1.0;1.0
WEIBO_native;whatsapp_native;D26_V_flatWA_move_0002.mp4;False;0.69697;0.628571;0.567568
WEIBO_native;whatsapp_native;D26_V_flatWA_panrot_0001.mp4;False;0.69697;0.628571;0.567568
WEIBO_native;whatsapp_native;D26_V_flatWA_still_0001.mp4;False;0.69697;0.628571;0.567568
WEIBO_native;youtube_native;D26_V_flatYT_move_0002.mp4;False;1.0;1.0;1.0
WEIBO_native;youtube_native;D26_V_flatYT_panrot_0001.mp4;False;1.0;1.0;1.0
WEIBO_native;youtube_native;D26_V_flatYT_still_0001.mp4;False;1.0;1.0;1.0
WEIBO_native;whatsapp_native;D26_V_indoorWA_move_0002.mp4;False;0.69697;0.628571;0.567568
WEIBO_native;whatsapp_native;D26_V_indoorWA_panrot_0001.mp4;False;0.69697;0.628571;0.567568
WEIBO_native;whatsapp_native;D26_V_indoorWA_panrot_0002.mp4;False;0.69697;0.628571;0.567568
WEIBO_native;whatsapp_native;D26_V_indoorWA_still_0001.mp4;False;0.69697;0.628571;0.567568
WEIBO_native;whatsapp_native;D26_V_indoorWA_still_0002.mp4;False;0.69697;0.628571;0.567568
WEIBO_native;youtube_native;D26_V_indoorYT_move_0002.mp4;False;1.0;1.0;1.0
WEIBO_native;youtube_native;D26_V_indoorYT_panrot_0001.mp4;False;1.0;1.0;1.0
WEIBO_native;youtube_native;D26_V_indoorYT_panrot_0002.mp4;False;1.0;1.0;1.0
WEIBO_native;youtube_native;D26_V_indoorYT_still_0001.mp4;False;1.0;1.0;1.0
WEIBO_native;youtube_native;D26_V_indoorYT_still_0002.mp4;False;1.0;1.0;1.0
WEIBO_native;whatsapp_native;D26_V_outdoorWA_move_0002.mp4;False;0.69697;0.628571;0.567568
WEIBO_native;whatsapp_native;D26_V_outdoorWA_panrot_0001.mp4;False;0.69697;0.628571;0.567568
WEIBO_native;whatsapp_native;D26_V_outdoorWA_panrot_0002.mp4;False;0.69697;0.628571;0.567568
WEIBO_native;whatsapp_native;D26_V_outdoorWA_still_0001.mp4;False;0.69697;0.628571;0.567568
WEIBO_native;whatsapp_native;D26_V_outdoorWA_still_0002.mp4;False;0.69697;0.628571;0.567568
WEIBO_native;youtube_native;D26_V_outdoorYT_move_0002.mp4;False;1.0;1.0;1.0
WEIBO_native;youtube_native;D26_V_outdoorYT_panrot_0001.mp4;False;1.0;1.0;1.0
WEIBO_native;youtube_native;D26_V_outdoorYT_panrot_0002.mp4;False;1.0;1.0;1.0
WEIBO_native;youtube_native;D26_V_outdoorYT_still_0001.mp4;False;1.0;1.0;1.0
WEIBO_native;youtube_native;D26_V_outdoorYT_still_0002.mp4;False;1.0;1.0;1.0
WEIBO_native;whatsapp_native;D27_V_flatWA_move_0002.mp4;False;0.69697;0.628571;0.567568
WEIBO_native;whatsapp_native;D27_V_flatWA_move_0003.mp4;False;0.69697;0.628571;0.567568
WEIBO_native;whatsapp_native;D27_V_flatWA_panrot_0001.mp4;False;0.69697;0.628571;0.567568
WEIBO_native;whatsapp_native;D27_V_flatWA_panrot_0002.mp4;False;0.69697;0.628571;0.567568
WEIBO_native;whatsapp_native;D27_V_flatWA_still_0001.mp4;False;0.69697;0.628571;0.567568
WEIBO_native;whatsapp_native;D27_V_flatWA_still_0002.mp4;False;0.69697;0.628571;0.567568
WEIBO_native;youtube_native;D27_V_flatYT_move_0002.mp4;False;1.0;1.0;1.0
WEIBO_native;youtube_native;D27_V_flatYT_move_0003.mp4;False;1.0;1.0;1.0
WEIBO_native;youtube_native;D27_V_flatYT_panrot_0001.mp4;False;1.0;1.0;1.0
WEIBO_native;youtube_native;D27_V_flatYT_panrot_0002.mp4;False;1.0;1.0;1.0
WEIBO_native;youtube_native;D27_V_flatYT_still_0001.mp4;False;1.0;1.0;1.0
WEIBO_native;youtube_native;D27_V_flatYT_still_0002.mp4;False;1.0;1.0;1.0
WEIBO_native;whatsapp_native;D27_V_indoorWA_move_0002.mp4;False;0.69697;0.628571;0.567568
WEIBO_native;whatsapp_native;D27_V_indoorWA_panrot_0001.mp4;False;0.69697;0.628571;0.567568
WEIBO_native;whatsapp_native;D27_V_indoorWA_panrot_0002.mp4;False;0.69697;0.628571;0.567568
WEIBO_native;whatsapp_native;D27_V_indoorWA_still_0001.mp4;False;0.69697;0.628571;0.567568
WEIBO_native;whatsapp_native;D27_V_indoorWA_still_0002.mp4;False;0.69697;0.628571;0.567568
WEIBO_native;youtube_native;D27_V_indoorYT_move_0002.mp4;False;1.0;1.0;1.0
WEIBO_native;youtube_native;D27_V_indoorYT_panrot_0001.mp4;False;1.0;1.0;1.0
WEIBO_native;youtube_native;D27_V_indoorYT_panrot_0002.mp4;False;1.0;1.0;1.0
WEIBO_native;youtube_native;D27_V_indoorYT_still_0001.mp4;False;1.0;1.0;1.0
WEIBO_native;youtube_native;D27_V_indoorYT_still_0002.mp4;False;1.0;1.0;1.0
WEIBO_native;whatsapp_native;D27_V_outdoorWA_move_0002.mp4;False;0.69697;0.628571;0.567568
WEIBO_native;whatsapp_native;D27_V_outdoorWA_panrot_0001.mp4;False;0.69697;0.628571;0.567568
WEIBO_native;whatsapp_native;D27_V_outdoorWA_panrot_0002.mp4;False;0.69697;0.628571;0.567568
WEIBO_native;whatsapp_native;D27_V_outdoorWA_still_0001.mp4;False;0.69697;0.628571;0.567568
WEIBO_native;whatsapp_native;D27_V_outdoorWA_still_0002.mp4;False;0.69697;0.628571;0.567568
WEIBO_native;youtube_native;D27_V_outdoorYT_move_0002.mp4;False;1.0;1.0;1.0
WEIBO_native;youtube_native;D27_V_outdoorYT_panrot_0001.mp4;False;1.0;1.0;1.0
WEIBO_native;youtube_native;D27_V_outdoorYT_panrot_0002.mp4;False;1.0;1.0;1.0
WEIBO_native;youtube_native;D27_V_outdoorYT_still_0001.mp4;False;1.0;1.0;1.0
WEIBO_native;youtube_native;D27_V_outdoorYT_still_0002.mp4;False;1.0;1.0;1.0
WEIBO_native;whatsapp_native;D28_V_flatWA_move_0002.mp4;False;0.69697;0.628571;0.567568
WEIBO_native;whatsapp_native;D28_V_flatWA_move_0003.mp4;False;0.69697;0.628571;0.567568
WEIBO_native;whatsapp_native;D28_V_flatWA_panrot_0001.mp4;False;0.69697;0.628571;0.567568
WEIBO_native;whatsapp_native;D28_V_flatWA_panrot_0002.mp4;False;0.69697;0.628571;0.567568
WEIBO_native;whatsapp_native;D28_V_flatWA_still_0001.mp4;False;0.69697;0.628571;0.567568
WEIBO_native;whatsapp_native;D28_V_flatWA_still_0002.mp4;False;0.69697;0.628571;0.567568
WEIBO_native;youtube_native;D28_V_flatYT_move_0002.mp4;False;1.0;1.0;1.0
WEIBO_native;youtube_native;D28_V_flatYT_move_0003.mp4;False;1.0;1.0;1.0
WEIBO_native;youtube_native;D28_V_flatYT_panrot_0001.mp4;False;1.0;1.0;1.0
WEIBO_native;youtube_native;D28_V_flatYT_panrot_0002.mp4;False;1.0;1.0;1.0
WEIBO_native;youtube_native;D28_V_flatYT_still_0001.mp4;False;1.0;1.0;1.0
WEIBO_native;youtube_native;D28_V_flatYT_still_0002.mp4;False;1.0;1.0;1.0
WEIBO_native;whatsapp_native;D28_V_indoorWA_move_0002.mp4;False;0.69697;0.628571;0.567568
WEIBO_native;whatsapp_native;D28_V_indoorWA_panrot_0001.mp4;False;0.69697;0.628571;0.567568
WEIBO_native;whatsapp_native;D28_V_indoorWA_panrot_0002.mp4;False;0.69697;0.628571;0.567568
WEIBO_native;whatsapp_native;D28_V_indoorWA_still_0001.mp4;False;0.69697;0.628571;0.567568
WEIBO_native;whatsapp_native;D28_V_indoorWA_still_0002.mp4;False;0.69697;0.628571;0.567568
WEIBO_native;youtube_native;D28_V_indoorYT_move_0002.mp4;False;1.0;1.0;1.0
WEIBO_native;youtube_native;D28_V_indoorYT_panrot_0001.mp4;False;1.0;1.0;1.0
WEIBO_native;youtube_native;D28_V_indoorYT_panrot_0002.mp4;False;1.0;1.0;1.0
WEIBO_native;youtube_native;D28_V_indoorYT_still_0001.mp4;False;1.0;1.0;1.0
WEIBO_native;youtube_native;D28_V_indoorYT_still_0002.mp4;False;1.0;1.0;1.0
WEIBO_native;whatsapp_native;D28_V_outdoorWA_move_0002.mp4;False;0.69697;0.628571;0.567568
WEIBO_native;whatsapp_native;D28_V_outdoorWA_panrot_0001.mp4;False;0.69697;0.628571;0.567568
WEIBO_native;whatsapp_native;D28_V_outdoorWA_panrot_0002.mp4;False;0.69697;0.628571;0.567568
WEIBO_native;whatsapp_native;D28_V_outdoorWA_still_0001.mp4;False;0.69697;0.628571;0.567568
WEIBO_native;whatsapp_native;D28_V_outdoorWA_still_0002.mp4;False;0.69697;0.628571;0.567568
WEIBO_native;youtube_native;D28_V_outdoorYT_move_0002.mp4;False;1.0;1.0;1.0
WEIBO_native;youtube_native;D28_V_outdoorYT_panrot_0001.mp4;False;1.0;1.0;1.0
WEIBO_native;youtube_native;D28_V_outdoorYT_panrot_0002.mp4;False;1.0;1.0;1.0
WEIBO_native;youtube_native;D28_V_outdoorYT_still_0001.mp4;False;1.0;1.0;1.0
WEIBO_native;youtube_native;D28_V_outdoorYT_still_0002.mp4;False;1.0;1.0;1.0
WEIBO_native;whatsapp_native;D29_V_flatWA_move_0002.mp4;False;0.69697;0.628571;0.567568
WEIBO_native;whatsapp_native;D29_V_flatWA_move_0003.mp4;False;0.69697;0.628571;0.567568
WEIBO_native;whatsapp_native;D29_V_flatWA_panrot_0001.mp4;False;0.69697;0.628571;0.567568
WEIBO_native;whatsapp_native;D29_V_flatWA_panrot_0002.mp4;False;0.69697;0.628571;0.567568
WEIBO_native;whatsapp_native;D29_V_flatWA_still_0001.mp4;False;0.69697;0.628571;0.567568
WEIBO_native;whatsapp_native;D29_V_flatWA_still_0002.mp4;False;0.69697;0.628571;0.567568
WEIBO_native;youtube_native;D29_V_flatYT_move_0002.mp4;False;1.0;1.0;1.0
WEIBO_native;youtube_native;D29_V_flatYT_move_0003.mp4;False;1.0;1.0;1.0
WEIBO_native;youtube_native;D29_V_flatYT_panrot_0001.mp4;False;1.0;1.0;1.0
WEIBO_native;youtube_native;D29_V_flatYT_panrot_0002.mp4;False;1.0;1.0;1.0
WEIBO_native;youtube_native;D29_V_flatYT_still_0001.mp4;False;1.0;1.0;1.0
WEIBO_native;youtube_native;D29_V_flatYT_still_0002.mp4;False;1.0;1.0;1.0
WEIBO_native;whatsapp_native;D29_V_indoorWA_move_0002.mp4;False;0.69697;0.628571;0.567568
WEIBO_native;whatsapp_native;D29_V_indoorWA_panrot_0001.mp4;False;0.69697;0.628571;0.567568
WEIBO_native;whatsapp_native;D29_V_indoorWA_panrot_0002.mp4;False;0.69697;0.628571;0.567568
WEIBO_native;whatsapp_native;D29_V_indoorWA_still_0001.mp4;False;0.69697;0.628571;0.567568
WEIBO_native;whatsapp_native;D29_V_indoorWA_still_0002.mp4;False;0.69697;0.628571;0.567568
WEIBO_native;youtube_native;D29_V_indoorYT_move_0002.mp4;False;1.0;1.0;1.0
WEIBO_native;youtube_native;D29_V_indoorYT_panrot_0001.mp4;False;1.0;1.0;1.0
WEIBO_native;youtube_native;D29_V_indoorYT_panrot_0002.mp4;False;1.0;1.0;1.0
WEIBO_native;youtube_native;D29_V_indoorYT_still_0001.mp4;False;1.0;1.0;1.0
WEIBO_native;youtube_native;D29_V_indoorYT_still_0002.mp4;False;1.0;1.0;1.0
WEIBO_native;whatsapp_native;D29_V_outdoorWA_move_0002.mp4;False;0.69697;0.628571;0.567568
WEIBO_native;whatsapp_native;D29_V_outdoorWA_panrot_0001.mp4;False;0.69697;0.628571;0.567568
WEIBO_native;whatsapp_native;D29_V_outdoorWA_panrot_0002.mp4;False;0.69697;0.628571;0.567568
WEIBO_native;whatsapp_native;D29_V_outdoorWA_still_0001.mp4;False;0.69697;0.628571;0.567568
WEIBO_native;whatsapp_native;D29_V_outdoorWA_still_0002.mp4;False;0.69697;0.628571;0.567568
WEIBO_native;youtube_native;D29_V_outdoorYT_move_0002.mp4;False;1.0;1.0;1.0
WEIBO_native;youtube_native;D29_V_outdoorYT_panrot_0001.mp4;False;1.0;1.0;1.0
WEIBO_native;youtube_native;D29_V_outdoorYT_panrot_0002.mp4;False;1.0;1.0;1.0
WEIBO_native;youtube_native;D29_V_outdoorYT_still_0001.mp4;False;1.0;1.0;1.0
WEIBO_native;youtube_native;D29_V_outdoorYT_still_0002.mp4;False;1.0;1.0;1.0
WEIBO_native;whatsapp_native;D30_V_flatWA_move_0002.mp4;False;0.69697;0.628571;0.567568
WEIBO_native;whatsapp_native;D30_V_flatWA_move_0003.mp4;False;0.69697;0.628571;0.567568
WEIBO_native;whatsapp_native;D30_V_flatWA_panrot_0001.mp4;False;0.69697;0.628571;0.567568
WEIBO_native;whatsapp_native;D30_V_flatWA_panrot_0002.mp4;False;0.69697;0.628571;0.567568
WEIBO_native;whatsapp_native;D30_V_flatWA_still_0001.mp4;False;0.69697;0.628571;0.567568
WEIBO_native;whatsapp_native;D30_V_flatWA_still_0002.mp4;False;0.69697;0.628571;0.567568
WEIBO_native;youtube_native;D30_V_flatYT_move_0002.mp4;False;1.0;1.0;1.0
WEIBO_native;youtube_native;D30_V_flatYT_move_0003.mp4;False;1.0;1.0;1.0
WEIBO_native;youtube_native;D30_V_flatYT_panrot_0001.mp4;False;1.0;1.0;1.0
WEIBO_native;youtube_native;D30_V_flatYT_panrot_0002.mp4;False;1.0;1.0;1.0
WEIBO_native;youtube_native;D30_V_flatYT_still_0001.mp4;False;1.0;1.0;1.0
WEIBO_native;youtube_native;D30_V_flatYT_still_0002.mp4;False;1.0;1.0;1.0
WEIBO_native;whatsapp_native;D30_V_indoorWA_move_0002.mp4;False;0.69697;0.628571;0.567568
WEIBO_native;whatsapp_native;D30_V_indoorWA_panrot_0001.mp4;False;0.69697;0.628571;0.567568
WEIBO_native;whatsapp_native;D30_V_indoorWA_panrot_0002.mp4;False;0.69697;0.628571;0.567568
WEIBO_native;whatsapp_native;D30_V_indoorWA_still_0001.mp4;False;0.69697;0.628571;0.567568
WEIBO_native;whatsapp_native;D30_V_indoorWA_still_0002.mp4;False;0.69697;0.628571;0.567568
WEIBO_native;youtube_native;D30_V_indoorYT_move_0002.mp4;False;1.0;1.0;1.0
WEIBO_native;youtube_native;D30_V_indoorYT_panrot_0001.mp4;False;1.0;1.0;1.0
WEIBO_native;youtube_native;D30_V_indoorYT_panrot_0002.mp4;False;1.0;1.0;1.0
WEIBO_native;youtube_native;D30_V_indoorYT_still_0001.mp4;False;1.0;1.0;1.0
WEIBO_native;youtube_native;D30_V_indoorYT_still_0002.mp4;False;1.0;1.0;1.0
WEIBO_native;whatsapp_native;D30_V_outdoorWA_move_0002.mp4;False;0.69697;0.628571;0.567568
WEIBO_native;whatsapp_native;D30_V_outdoorWA_panrot_0001.mp4;False;0.69697;0.628571;0.567568
WEIBO_native;whatsapp_native;D30_V_outdoorWA_panrot_0002.mp4;False;0.69697;0.628571;0.567568
WEIBO_native;whatsapp_native;D30_V_outdoorWA_still_0001.mp4;False;0.69697;0.628571;0.567568
WEIBO_native;whatsapp_native;D30_V_outdoorWA_still_0002.mp4;False;0.69697;0.628571;0.567568
WEIBO_native;youtube_native;D30_V_outdoorYT_move_0002.mp4;False;1.0;1.0;1.0
WEIBO_native;youtube_native;D30_V_outdoorYT_panrot_0001.mp4;False;1.0;1.0;1.0
WEIBO_native;youtube_native;D30_V_outdoorYT_panrot_0002.mp4;False;1.0;1.0;1.0
WEIBO_native;youtube_native;D30_V_outdoorYT_still_0001.mp4;False;1.0;1.0;1.0
WEIBO_native;youtube_native;D30_V_outdoorYT_still_0002.mp4;False;1.0;1.0;1.0
WEIBO_native;whatsapp_native;D31_V_flatWA_move_0002.mp4;False;0.69697;0.628571;0.567568
WEIBO_native;whatsapp_native;D31_V_flatWA_move_0003.mp4;False;0.69697;0.628571;0.567568
WEIBO_native;whatsapp_native;D31_V_flatWA_panrot_0001.mp4;False;0.69697;0.628571;0.567568
WEIBO_native;whatsapp_native;D31_V_flatWA_panrot_0002.mp4;False;0.69697;0.628571;0.567568
WEIBO_native;whatsapp_native;D31_V_flatWA_still_0001.mp4;False;0.69697;0.628571;0.567568
WEIBO_native;whatsapp_native;D31_V_flatWA_still_0002.mp4;False;0.69697;0.628571;0.567568
WEIBO_native;youtube_native;D31_V_flatYT_move_0002.mp4;False;1.0;1.0;1.0
WEIBO_native;youtube_native;D31_V_flatYT_move_0003.mp4;False;1.0;1.0;1.0
WEIBO_native;youtube_native;D31_V_flatYT_panrot_0001.mp4;False;1.0;1.0;1.0
WEIBO_native;youtube_native;D31_V_flatYT_panrot_0002.mp4;False;1.0;1.0;1.0
WEIBO_native;youtube_native;D31_V_flatYT_still_0001.mp4;False;1.0;1.0;1.0
WEIBO_native;youtube_native;D31_V_flatYT_still_0002.mp4;False;1.0;1.0;1.0
WEIBO_native;whatsapp_native;D31_V_indoorWA_move_0002.mp4;False;0.69697;0.628571;0.567568
WEIBO_native;whatsapp_native;D31_V_indoorWA_panrot_0001.mp4;False;0.69697;0.628571;0.567568
WEIBO_native;whatsapp_native;D31_V_indoorWA_panrot_0002.mp4;False;0.69697;0.628571;0.567568
WEIBO_native;whatsapp_native;D31_V_indoorWA_still_0001.mp4;False;0.69697;0.628571;0.567568
WEIBO_native;whatsapp_native;D31_V_indoorWA_still_0002.mp4;False;0.69697;0.628571;0.567568
WEIBO_native;youtube_native;D31_V_indoorYT_move_0002.mp4;False;1.0;1.0;1.0
WEIBO_native;youtube_native;D31_V_indoorYT_panrot_0001.mp4;False;1.0;1.0;1.0
WEIBO_native;youtube_native;D31_V_indoorYT_panrot_0002.mp4;False;1.0;1.0;1.0
WEIBO_native;youtube_native;D31_V_indoorYT_still_0001.mp4;False;1.0;1.0;1.0
WEIBO_native;youtube_native;D31_V_indoorYT_still_0002.mp4;False;1.0;1.0;1.0
WEIBO_native;whatsapp_native;D31_V_outdoorWA_move_0002.mp4;False;0.69697;0.628571;0.567568
WEIBO_native;whatsapp_native;D31_V_outdoorWA_panrot_0001.mp4;False;0.69697;0.628571;0.567568
WEIBO_native;whatsapp_native;D31_V_outdoorWA_panrot_0002.mp4;False;0.69697;0.628571;0.567568
WEIBO_native;whatsapp_native;D31_V_outdoorWA_still_0001.mp4;False;0.69697;0.628571;0.567568
WEIBO_native;whatsapp_native;D31_V_outdoorWA_still_0002.mp4;False;0.69697;0.628571;0.567568
WEIBO_native;youtube_native;D31_V_outdoorYT_move_0002.mp4;False;1.0;1.0;1.0
WEIBO_native;youtube_native;D31_V_outdoorYT_panrot_0001.mp4;False;1.0;1.0;1.0
WEIBO_native;youtube_native;D31_V_outdoorYT_panrot_0002.mp4;False;1.0;1.0;1.0
WEIBO_native;youtube_native;D31_V_outdoorYT_still_0001.mp4;False;1.0;1.0;1.0
WEIBO_native;youtube_native;D31_V_outdoorYT_still_0002.mp4;False;1.0;1.0;1.0
WEIBO_native;whatsapp_native;D32_V_flatWA_move_0002.mp4;False;0.69697;0.628571;0.567568
WEIBO_native;whatsapp_native;D32_V_flatWA_move_0003.mp4;False;0.69697;0.628571;0.567568
WEIBO_native;whatsapp_native;D32_V_flatWA_panrot_0001.mp4;False;0.69697;0.628571;0.567568
WEIBO_native;whatsapp_native;D32_V_flatWA_panrot_0002.mp4;False;0.69697;0.628571;0.567568
WEIBO_native;whatsapp_native;D32_V_flatWA_still_0001.mp4;False;0.69697;0.628571;0.567568
WEIBO_native;whatsapp_native;D32_V_flatWA_still_0002.mp4;False;0.69697;0.628571;0.567568
WEIBO_native;youtube_native;D32_V_flatYT_move_0002.mp4;False;1.0;1.0;1.0
WEIBO_native;youtube_native;D32_V_flatYT_move_0003.mp4;False;1.0;1.0;1.0
WEIBO_native;youtube_native;D32_V_flatYT_panrot_0001.mp4;False;1.0;1.0;1.0
WEIBO_native;youtube_native;D32_V_flatYT_panrot_0002.mp4;False;1.0;1.0;1.0
WEIBO_native;youtube_native;D32_V_flatYT_still_0001.mp4;False;1.0;1.0;1.0
WEIBO_native;youtube_native;D32_V_flatYT_still_0002.mp4;False;1.0;1.0;1.0
WEIBO_native;whatsapp_native;D32_V_indoorWA_move_0002.mp4;False;0.69697;0.628571;0.567568
WEIBO_native;whatsapp_native;D32_V_indoorWA_panrot_0001.mp4;False;0.69697;0.628571;0.567568
WEIBO_native;whatsapp_native;D32_V_indoorWA_panrot_0002.mp4;False;0.69697;0.628571;0.567568
WEIBO_native;whatsapp_native;D32_V_indoorWA_still_0001.mp4;False;0.69697;0.628571;0.567568
WEIBO_native;whatsapp_native;D32_V_indoorWA_still_0002.mp4;False;0.69697;0.628571;0.567568
WEIBO_native;youtube_native;D32_V_indoorYT_move_0002.mp4;False;1.0;1.0;1.0
WEIBO_native;youtube_native;D32_V_indoorYT_panrot_0001.mp4;False;1.0;1.0;1.0
WEIBO_native;youtube_native;D32_V_indoorYT_panrot_0002.mp4;False;1.0;1.0;1.0
WEIBO_native;youtube_native;D32_V_indoorYT_still_0001.mp4;False;1.0;1.0;1.0
WEIBO_native;youtube_native;D32_V_indoorYT_still_0002.mp4;False;1.0;1.0;1.0
WEIBO_native;whatsapp_native;D32_V_outdoorWA_move_0002.mp4;False;0.69697;0.628571;0.567568
WEIBO_native;whatsapp_native;D32_V_outdoorWA_panrot_0001.mp4;False;0.69697;0.628571;0.567568
WEIBO_native;whatsapp_native;D32_V_outdoorWA_panrot_0002.mp4;False;0.69697;0.628571;0.567568
WEIBO_native;whatsapp_native;D32_V_outdoorWA_still_0001.mp4;False;0.69697;0.628571;0.567568
WEIBO_native;whatsapp_native;D32_V_outdoorWA_still_0002.mp4;False;0.69697;0.628571;0.567568
WEIBO_native;youtube_native;D32_V_outdoorYT_move_0002.mp4;False;1.0;1.0;1.0
WEIBO_native;youtube_native;D32_V_outdoorYT_panrot_0001.mp4;False;1.0;1.0;1.0
WEIBO_native;youtube_native;D32_V_outdoorYT_panrot_0002.mp4;False;1.0;1.0;1.0
WEIBO_native;youtube_native;D32_V_outdoorYT_still_0001.mp4;False;1.0;1.0;1.0
WEIBO_native;youtube_native;D32_V_outdoorYT_still_0002.mp4;False;1.0;1.0;1.0
WEIBO_native;whatsapp_native;D33_V_flatWA_move_0002.mp4;False;0.69697;0.628571;0.567568
WEIBO_native;whatsapp_native;D33_V_flatWA_move_0003.mp4;False;0.69697;0.628571;0.567568
WEIBO_native;whatsapp_native;D33_V_flatWA_panrot_0001.mp4;False;0.69697;0.628571;0.567568
WEIBO_native;whatsapp_native;D33_V_flatWA_panrot_0002.mp4;False;0.69697;0.628571;0.567568
WEIBO_native;whatsapp_native;D33_V_flatWA_still_0001.mp4;False;0.69697;0.628571;0.567568
WEIBO_native;whatsapp_native;D33_V_flatWA_still_0002.mp4;False;0.69697;0.628571;0.567568
WEIBO_native;youtube_native;D33_V_flatYT_move_0003.mp4;False;1.0;1.0;1.0
WEIBO_native;youtube_native;D33_V_flatYT_panrot_0001.mp4;False;1.0;1.0;1.0
WEIBO_native;youtube_native;D33_V_flatYT_panrot_0002.mp4;False;1.0;1.0;1.0
WEIBO_native;youtube_native;D33_V_flatYT_still_0001.mp4;False;1.0;1.0;1.0
WEIBO_native;youtube_native;D33_V_flatYT_still_0002.mp4;False;1.0;1.0;1.0
WEIBO_native;whatsapp_native;D33_V_indoorWA_move_0002.mp4;False;0.69697;0.628571;0.567568
WEIBO_native;whatsapp_native;D33_V_indoorWA_panrot_0001.mp4;False;0.69697;0.628571;0.567568
WEIBO_native;whatsapp_native;D33_V_indoorWA_panrot_0002.mp4;False;0.69697;0.628571;0.567568
WEIBO_native;whatsapp_native;D33_V_indoorWA_still_0001.mp4;False;0.69697;0.628571;0.567568
WEIBO_native;whatsapp_native;D33_V_indoorWA_still_0002.mp4;False;0.69697;0.628571;0.567568
WEIBO_native;youtube_native;D33_V_indoorYT_move_0002.mp4;False;1.0;1.0;1.0
WEIBO_native;youtube_native;D33_V_indoorYT_panrot_0001.mp4;False;1.0;1.0;1.0
WEIBO_native;youtube_native;D33_V_indoorYT_panrot_0002.mp4;False;1.0;1.0;1.0
WEIBO_native;youtube_native;D33_V_indoorYT_still_0001.mp4;False;1.0;1.0;1.0
WEIBO_native;youtube_native;D33_V_indoorYT_still_0002.mp4;False;1.0;1.0;1.0
WEIBO_native;whatsapp_native;D33_V_outdoorWA_move_0002.mp4;False;0.69697;0.628571;0.567568
WEIBO_native;whatsapp_native;D33_V_outdoorWA_panrot_0001.mp4;False;0.69697;0.628571;0.567568
WEIBO_native;whatsapp_native;D33_V_outdoorWA_panrot_0002.mp4;False;0.69697;0.628571;0.567568
WEIBO_native;whatsapp_native;D33_V_outdoorWA_still_0001.mp4;False;0.69697;0.628571;0.567568
WEIBO_native;whatsapp_native;D33_V_outdoorWA_still_0002.mp4;False;0.69697;0.628571;0.567568
WEIBO_native;youtube_native;D33_V_outdoorYT_move_0002.mp4;False;1.0;1.0;1.0
WEIBO_native;youtube_native;D33_V_outdoorYT_panrot_0001.mp4;False;1.0;1.0;1.0
WEIBO_native;youtube_native;D33_V_outdoorYT_panrot_0002.mp4;False;1.0;1.0;1.0
WEIBO_native;youtube_native;D33_V_outdoorYT_still_0001.mp4;False;1.0;1.0;1.0
WEIBO_native;youtube_native;D33_V_outdoorYT_still_0002.mp4;False;1.0;1.0;1.0
WEIBO_native;whatsapp_native;D34_V_flatWA_move_0002.mp4;False;0.69697;0.628571;0.567568
WEIBO_native;whatsapp_native;D34_V_flatWA_move_0003.mp4;False;0.69697;0.628571;0.567568
WEIBO_native;whatsapp_native;D34_V_flatWA_move_0004.mp4;False;0.69697;0.628571;0.567568
WEIBO_native;whatsapp_native;D34_V_flatWA_move_0005.mp4;False;0.69697;0.628571;0.567568
WEIBO_native;whatsapp_native;D34_V_flatWA_panrot_0001.mp4;False;0.69697;0.628571;0.567568
WEIBO_native;whatsapp_native;D34_V_flatWA_panrot_0002.mp4;False;0.69697;0.628571;0.567568
WEIBO_native;whatsapp_native;D34_V_flatWA_panrot_0003.mp4;False;0.69697;0.628571;0.567568
WEIBO_native;whatsapp_native;D34_V_flatWA_panrot_0004.mp4;False;0.69697;0.628571;0.567568
WEIBO_native;whatsapp_native;D34_V_flatWA_still_0001.mp4;False;0.69697;0.628571;0.567568
WEIBO_native;whatsapp_native;D34_V_flatWA_still_0002.mp4;False;0.69697;0.628571;0.567568
WEIBO_native;whatsapp_native;D34_V_flatWA_still_0003.mp4;False;0.69697;0.628571;0.567568
WEIBO_native;whatsapp_native;D34_V_flatWA_still_0004.mp4;False;0.69697;0.628571;0.567568
WEIBO_native;youtube_native;D34_V_flatYT_panrot_0004.mp4;False;1.0;1.0;1.0
WEIBO_native;whatsapp_native;D34_V_indoorWA_move_0002.mp4;False;0.69697;0.628571;0.567568
WEIBO_native;whatsapp_native;D34_V_indoorWA_move_0003.mp4;False;0.69697;0.628571;0.567568
WEIBO_native;whatsapp_native;D34_V_indoorWA_move_0004.mp4;False;0.69697;0.628571;0.567568
WEIBO_native;whatsapp_native;D34_V_indoorWA_panrot_0001.mp4;False;0.69697;0.628571;0.567568
WEIBO_native;whatsapp_native;D34_V_indoorWA_panrot_0002.mp4;False;0.69697;0.628571;0.567568
WEIBO_native;whatsapp_native;D34_V_indoorWA_panrot_0003.mp4;False;0.69697;0.628571;0.567568
WEIBO_native;whatsapp_native;D34_V_indoorWA_panrot_0004.mp4;False;0.69697;0.628571;0.567568
WEIBO_native;whatsapp_native;D34_V_indoorWA_still_0001.mp4;False;0.69697;0.628571;0.567568
WEIBO_native;whatsapp_native;D34_V_indoorWA_still_0002.mp4;False;0.69697;0.628571;0.567568
WEIBO_native;whatsapp_native;D34_V_indoorWA_still_0003.mp4;False;0.69697;0.628571;0.567568
WEIBO_native;whatsapp_native;D34_V_indoorWA_still_0004.mp4;False;0.69697;0.628571;0.567568
WEIBO_native;youtube_native;D34_V_indoorYT_move_0002.mp4;False;1.0;1.0;1.0
WEIBO_native;youtube_native;D34_V_indoorYT_move_0003.mp4;False;1.0;1.0;1.0
WEIBO_native;youtube_native;D34_V_indoorYT_move_0004.mp4;False;1.0;1.0;1.0
WEIBO_native;youtube_native;D34_V_indoorYT_panrot_0001.mp4;False;1.0;1.0;1.0
WEIBO_native;youtube_native;D34_V_indoorYT_panrot_0002.mp4;False;1.0;1.0;1.0
WEIBO_native;youtube_native;D34_V_indoorYT_panrot_0003.mp4;False;1.0;1.0;1.0
WEIBO_native;youtube_native;D34_V_indoorYT_panrot_0004.mp4;False;1.0;1.0;1.0
WEIBO_native;youtube_native;D34_V_indoorYT_still_0001.mp4;False;1.0;1.0;1.0
WEIBO_native;youtube_native;D34_V_indoorYT_still_0002.mp4;False;1.0;1.0;1.0
WEIBO_native;whatsapp_native;D34_V_outdoorWA_move_0002.mp4;False;0.69697;0.628571;0.567568
WEIBO_native;whatsapp_native;D34_V_outdoorWA_move_0003.mp4;False;0.69697;0.628571;0.567568
WEIBO_native;whatsapp_native;D34_V_outdoorWA_move_0004.mp4;False;0.69697;0.628571;0.567568
WEIBO_native;whatsapp_native;D34_V_outdoorWA_panrot_0001.mp4;False;0.69697;0.628571;0.567568
WEIBO_native;whatsapp_native;D34_V_outdoorWA_panrot_0002.mp4;False;0.69697;0.628571;0.567568
WEIBO_native;whatsapp_native;D34_V_outdoorWA_still_0001.mp4;False;0.69697;0.628571;0.567568
WEIBO_native;youtube_native;D34_V_outdoorYT_move_0002.mp4;False;1.0;1.0;1.0
WEIBO_native;youtube_native;D34_V_outdoorYT_move_0003.mp4;False;1.0;1.0;1.0
WEIBO_native;youtube_native;D34_V_outdoorYT_move_0004.mp4;False;1.0;1.0;1.0
WEIBO_native;youtube_native;D34_V_outdoorYT_panrot_0001.mp4;False;1.0;1.0;1.0
WEIBO_native;youtube_native;D34_V_outdoorYT_panrot_0002.mp4;False;1.0;1.0;1.0
WEIBO_native;whatsapp_native;D35_V_flatWA_move_0002.mp4;False;0.69697;0.628571;0.567568
WEIBO_native;whatsapp_native;D35_V_flatWA_panrot_0001.mp4;False;0.69697;0.628571;0.567568
WEIBO_native;whatsapp_native;D35_V_flatWA_still_0001.mp4;False;0.69697;0.628571;0.567568
WEIBO_native;youtube_native;D35_V_flatYT_move_0002.mp4;False;1.0;1.0;1.0
WEIBO_native;youtube_native;D35_V_flatYT_panrot_0001.mp4;False;1.0;1.0;1.0
WEIBO_native;youtube_native;D35_V_flatYT_still_0001.mp4;False;1.0;1.0;1.0
WEIBO_native;whatsapp_native;D35_V_indoorWA_move_0002.mp4;False;0.69697;0.628571;0.567568
WEIBO_native;whatsapp_native;D35_V_indoorWA_panrot_0001.mp4;False;0.69697;0.628571;0.567568
WEIBO_native;whatsapp_native;D35_V_indoorWA_panrot_0002.mp4;False;0.69697;0.628571;0.567568
WEIBO_native;whatsapp_native;D35_V_indoorWA_still_0001.mp4;False;0.69697;0.628571;0.567568
WEIBO_native;whatsapp_native;D35_V_indoorWA_still_0002.mp4;False;0.69697;0.628571;0.567568
WEIBO_native;youtube_native;D35_V_indoorYT_move_0002.mp4;False;1.0;1.0;1.0
WEIBO_native;youtube_native;D35_V_indoorYT_panrot_0001.mp4;False;1.0;1.0;1.0
WEIBO_native;youtube_native;D35_V_indoorYT_panrot_0002.mp4;False;1.0;1.0;1.0
WEIBO_native;youtube_native;D35_V_indoorYT_still_0001.mp4;False;1.0;1.0;1.0
WEIBO_native;youtube_native;D35_V_indoorYT_still_0002.mp4;False;1.0;1.0;1.0
WEIBO_native;whatsapp_native;D35_V_outdoorWA_move_0002.mp4;False;0.69697;0.628571;0.567568
WEIBO_native;whatsapp_native;D35_V_outdoorWA_panrot_0001.mp4;False;0.69697;0.628571;0.567568
WEIBO_native;whatsapp_native;D35_V_outdoorWA_panrot_0002.mp4;False;0.69697;0.628571;0.567568
WEIBO_native;whatsapp_native;D35_V_outdoorWA_still_0001.mp4;False;0.69697;0.628571;0.567568
WEIBO_native;whatsapp_native;D35_V_outdoorWA_still_0002.mp4;False;0.69697;0.628571;0.567568
WEIBO_native;youtube_native;D35_V_outdoorYT_move_0002.mp4;False;1.0;1.0;1.0
WEIBO_native;youtube_native;D35_V_outdoorYT_panrot_0001.mp4;False;1.0;1.0;1.0
WEIBO_native;youtube_native;D35_V_outdoorYT_panrot_0002.mp4;False;1.0;1.0;1.0
WEIBO_native;youtube_native;D35_V_outdoorYT_still_0001.mp4;False;1.0;1.0;1.0
WEIBO_native;youtube_native;D35_V_outdoorYT_still_0002.mp4;False;1.0;1.0;1.0
WEIBO_native;facebook_native;D01_V_indoor_move_0002.mp4;False;0.972222;0.947368;0.925
WEIBO_native;facebook_native;D01_V_outdoor_move_0002.mp4;False;0.972222;0.947368;0.925
WEIBO_native;facebook_native;D03_V_indoor_move_0002.mp4;False;0.971429;0.945946;0.923077
WEIBO_native;facebook_native;D03_V_outdoor_move_0002.mp4;False;0.971429;0.945946;0.923077
WEIBO_native;facebook_native;D04_V_indoor_move_0002.mp4;False;0.971429;0.945946;0.923077
WEIBO_native;facebook_native;D04_V_outdoor_move_0002.mp4;False;0.971429;0.945946;0.923077
WEIBO_native;facebook_native;D05_V_indoor_move_0002.mp4;False;0.971429;0.945946;0.923077
WEIBO_native;facebook_native;D05_V_outdoor_move_0002.mp4;False;0.971429;0.945946;0.923077
WEIBO_native;facebook_native;D06_V_indoor_move_0002.mp4;False;0.971429;0.945946;0.923077
WEIBO_native;facebook_native;D06_V_outdoor_move_0002.mp4;False;0.971429;0.945946;0.923077
WEIBO_native;facebook_native;D07_V_indoor_move_0002.mp4;False;0.971429;0.945946;0.923077
WEIBO_native;facebook_native;D07_V_outdoor_move_0002.mp4;False;0.971429;0.945946;0.923077
WEIBO_native;facebook_native;D08_V_indoor_move_0002.mp4;False;0.971429;0.945946;0.923077
WEIBO_native;facebook_native;D08_V_outdoor_move_0002.mp4;False;0.971429;0.945946;0.923077
WEIBO_native;facebook_native;D09_V_indoor_move_0002.mp4;False;0.971429;0.945946;0.923077
WEIBO_native;facebook_native;D09_V_outdoor_move_0002.mp4;False;0.971429;0.945946;0.923077
WEIBO_native;facebook_native;D10_V_indoor_move_0002.mp4;False;0.971429;0.945946;0.923077
WEIBO_native;facebook_native;D11_V_indoor_move_0002.mp4;False;0.971429;0.945946;0.923077
WEIBO_native;facebook_native;D11_V_outdoor_move_0002.mp4;False;0.971429;0.945946;0.923077
WEIBO_native;facebook_native;D12_V_indoor_move_0002.mp4;False;0.964286;0.925926;0.884615
WEIBO_native;facebook_native;D12_V_outdoor_move_0002.mp4;False;0.964286;0.925926;0.884615
WEIBO_native;facebook_native;D13_V_indoor_move_0002.mp4;False;0.971429;0.945946;0.923077
WEIBO_native;facebook_native;D13_V_outdoor_move_0002.mp4;False;0.971429;0.945946;0.923077
WEIBO_native;facebook_native;D14_V_indoor_move_0002.mp4;False;0.971429;0.945946;0.923077
WEIBO_native;facebook_native;D14_V_outdoor_move_0002.mp4;False;0.971429;0.945946;0.923077
WEIBO_native;facebook_native;D15_V_indoor_move_0002.mp4;False;0.971429;0.945946;0.923077
WEIBO_native;facebook_native;D15_V_outdoor_move_0002.mp4;False;0.971429;0.945946;0.923077
WEIBO_native;facebook_native;D16_V_indoor_move_0002.mp4;False;0.971429;0.945946;0.923077
WEIBO_native;facebook_native;D16_V_outdoor_move_0002.mp4;False;0.971429;0.945946;0.923077
WEIBO_native;facebook_native;D19_V_indoor_move_0002.mp4;False;0.971429;0.945946;0.923077
WEIBO_native;facebook_native;D19_V_outdoor_move_0002.mp4;False;0.971429;0.945946;0.923077
WEIBO_native;facebook_native;D20_V_indoor_move_0002.mp4;False;0.971429;0.945946;0.923077
WEIBO_native;facebook_native;D20_V_outdoor_move_0002.mp4;False;0.971429;0.945946;0.923077
WEIBO_native;facebook_native;D22_V_indoor_move_0002.mp4;False;0.971429;0.945946;0.923077
WEIBO_native;facebook_native;D22_V_outdoor_move_0002.mp4;False;0.971429;0.945946;0.923077
WEIBO_native;facebook_native;D23_V_indoor_move_0002.mp4;False;0.971429;0.945946;0.923077
WEIBO_native;facebook_native;D23_V_outdoor_move_0002.mp4;False;0.971429;0.945946;0.923077
WEIBO_native;facebook_native;D24_V_indoor_move_0002.mp4;False;0.971429;0.945946;0.923077
WEIBO_native;facebook_native;D24_V_outdoor_move_0002.mp4;False;0.971429;0.945946;0.923077
WEIBO_native;facebook_native;D25_V_indoor_move_0002.mp4;False;0.971429;0.945946;0.923077
WEIBO_native;facebook_native;D25_V_outdoor_move_0002.mp4;False;0.971429;0.945946;0.923077
WEIBO_native;facebook_native;D26_V_indoor_move_0002.mp4;False;0.972222;0.947368;0.925
WEIBO_native;facebook_native;D26_V_outdoor_move_0002.mp4;False;0.972222;0.947368;0.925
WEIBO_native;facebook_native;D27_V_indoor_move_0002.mp4;False;0.971429;0.945946;0.923077
WEIBO_native;facebook_native;D27_V_outdoor_move_0002.mp4;False;0.971429;0.945946;0.923077
WEIBO_native;facebook_native;D28_V_indoor_move_0002.mp4;False;0.971429;0.945946;0.923077
WEIBO_native;facebook_native;D28_V_outdoor_move_0002.mp4;False;0.971429;0.945946;0.923077
WEIBO_native;facebook_native;D29_V_indoor_move_0002.mp4;False;0.971429;0.945946;0.923077
WEIBO_native;facebook_native;D29_V_outdoor_move_0002.mp4;False;0.971429;0.945946;0.923077
WEIBO_native;facebook_native;D30_V_indoor_move_0002.mp4;False;0.971429;0.945946;0.923077
WEIBO_native;facebook_native;D30_V_outdoor_move_0002.mp4;False;0.971429;0.945946;0.923077
WEIBO_native;facebook_native;D31_V_indoor_move_0002.mp4;False;0.971429;0.945946;0.923077
WEIBO_native;facebook_native;D31_V_outdoor_move_0002.mp4;False;0.971429;0.945946;0.923077
WEIBO_native;facebook_native;D32_V_indoor_move_0002.mp4;False;0.971429;0.945946;0.923077
WEIBO_native;facebook_native;D32_V_outdoor_move_0002.mp4;False;0.971429;0.945946;0.923077
WEIBO_native;facebook_native;D33_V_indoor_move_0002.mp4;False;0.971429;0.945946;0.923077
WEIBO_native;facebook_native;D33_V_outdoor_move_0002.mp4;False;0.971429;0.945946;0.923077
WEIBO_native;facebook_native;D34_V_indoor_move_0002.mp4;False;0.971429;0.945946;0.923077
WEIBO_native;facebook_native;D34_V_outdoor_move_0002.mp4;False;0.971429;0.945946;0.923077
WEIBO_native;facebook_native;D35_V_outdoor_move_0002.mp4;False;0.971429;0.945946;0.923077
WEIBO_native;facebook_native;D35_V_outdoor_panrot_0002.mp4;False;0.971429;0.945946;0.923077
WEIBO_native;tiktok_native;D01_V_indoor_move_0002.mp4;False;0.921053;0.9;0.880952
WEIBO_native;tiktok_native;D01_V_outdoor_move_0002.mp4;False;0.921053;0.9;0.880952
WEIBO_native;tiktok_native;D03_V_indoor_move_0002.mp4;False;0.921053;0.9;0.880952
WEIBO_native;tiktok_native;D03_V_outdoor_move_0002.mp4;False;0.921053;0.9;0.880952
WEIBO_native;tiktok_native;D04_V_indoor_move_0002.mp4;False;0.921053;0.9;0.880952
WEIBO_native;tiktok_native;D04_V_outdoor_move_0002.mp4;False;0.921053;0.9;0.880952
WEIBO_native;tiktok_native;D05_V_indoor_move_0002.mp4;False;0.921053;0.9;0.880952
WEIBO_native;tiktok_native;D05_V_outdoor_move_0002.mp4;False;0.921053;0.9;0.880952
WEIBO_native;tiktok_native;D06_V_indoor_move_0002.mp4;False;0.921053;0.9;0.880952
WEIBO_native;tiktok_native;D06_V_outdoor_move_0002.mp4;False;0.921053;0.9;0.880952
WEIBO_native;tiktok_native;D07_V_indoor_move_0002.mp4;False;0.921053;0.9;0.880952
WEIBO_native;tiktok_native;D07_V_outdoor_move_0002.mp4;False;0.921053;0.9;0.880952
WEIBO_native;tiktok_native;D08_V_indoor_move_0002.mp4;False;0.921053;0.9;0.880952
WEIBO_native;tiktok_native;D08_V_outdoor_move_0002.mp4;False;0.921053;0.9;0.880952
WEIBO_native;tiktok_native;D09_V_indoor_move_0002.mp4;False;0.921053;0.9;0.880952
WEIBO_native;tiktok_native;D09_V_outdoor_move_0002.mp4;False;0.921053;0.9;0.880952
WEIBO_native;tiktok_native;D10_V_indoor_move_0002.mp4;False;0.921053;0.9;0.880952
WEIBO_native;tiktok_native;D11_V_indoor_move_0002.mp4;False;0.921053;0.9;0.880952
WEIBO_native;tiktok_native;D11_V_outdoor_move_0002.mp4;False;0.921053;0.9;0.880952
WEIBO_native;tiktok_native;D12_V_indoor_move_0002.mp4;False;0.921053;0.9;0.880952
WEIBO_native;tiktok_native;D12_V_outdoor_move_0002.mp4;False;0.921053;0.9;0.880952
WEIBO_native;tiktok_native;D13_V_indoor_move_0002.mp4;False;0.921053;0.9;0.880952
WEIBO_native;tiktok_native;D13_V_outdoor_move_0002.mp4;False;0.921053;0.9;0.880952
WEIBO_native;tiktok_native;D14_V_indoor_move_0002.mp4;False;0.921053;0.9;0.880952
WEIBO_native;tiktok_native;D14_V_outdoor_move_0002.mp4;False;0.921053;0.9;0.880952
WEIBO_native;tiktok_native;D15_V_indoor_move_0002.mp4;False;0.921053;0.9;0.880952
WEIBO_native;tiktok_native;D15_V_outdoor_move_0002.mp4;False;0.921053;0.9;0.880952
WEIBO_native;tiktok_native;D16_V_indoor_move_0002.mp4;False;0.921053;0.9;0.880952
WEIBO_native;tiktok_native;D16_V_outdoor_move_0002.mp4;False;0.921053;0.9;0.880952
WEIBO_native;tiktok_native;D19_V_indoor_move_0002.mp4;False;0.921053;0.9;0.880952
WEIBO_native;tiktok_native;D19_V_outdoor_move_0002.mp4;False;0.921053;0.9;0.880952
WEIBO_native;tiktok_native;D20_V_indoor_move_0002.mp4;False;0.921053;0.9;0.880952
WEIBO_native;tiktok_native;D20_V_outdoor_move_0002.mp4;False;0.921053;0.9;0.880952
WEIBO_native;tiktok_native;D22_V_indoor_move_0002.mp4;False;0.921053;0.9;0.880952
WEIBO_native;tiktok_native;D22_V_outdoor_move_0002.mp4;False;0.921053;0.9;0.880952
WEIBO_native;tiktok_native;D23_V_indoor_move_0002.mp4;False;0.921053;0.9;0.880952
WEIBO_native;tiktok_native;D23_V_outdoor_move_0002.mp4;False;0.921053;0.9;0.880952
WEIBO_native;tiktok_native;D24_V_indoor_move_0002.mp4;False;0.921053;0.9;0.880952
WEIBO_native;tiktok_native;D24_V_outdoor_move_0002.mp4;False;0.921053;0.9;0.880952
WEIBO_native;tiktok_native;D25_V_indoor_move_0002.mp4;False;0.921053;0.9;0.880952
WEIBO_native;tiktok_native;D25_V_outdoor_move_0002.mp4;False;0.921053;0.9;0.880952
WEIBO_native;tiktok_native;D26_V_indoor_move_0002.mp4;False;0.921053;0.9;0.880952
WEIBO_native;tiktok_native;D26_V_outdoor_move_0002.mp4;False;0.921053;0.9;0.880952
WEIBO_native;tiktok_native;D27_V_indoor_move_0002.mp4;False;0.921053;0.9;0.880952
WEIBO_native;tiktok_native;D27_V_outdoor_move_0002.mp4;False;0.921053;0.9;0.880952
WEIBO_native;tiktok_native;D28_V_indoor_move_0002.mp4;False;0.921053;0.9;0.880952
WEIBO_native;tiktok_native;D28_V_outdoor_move_0002.mp4;False;0.921053;0.9;0.880952
WEIBO_native;tiktok_native;D29_V_indoor_move_0002.mp4;False;0.921053;0.9;0.880952
WEIBO_native;tiktok_native;D29_V_outdoor_move_0002.mp4;False;0.921053;0.9;0.880952
WEIBO_native;tiktok_native;D30_V_indoor_move_0002.mp4;False;0.921053;0.9;0.880952
WEIBO_native;tiktok_native;D30_V_outdoor_move_0002.mp4;False;0.921053;0.9;0.880952
WEIBO_native;tiktok_native;D31_V_indoor_move_0002.mp4;False;0.921053;0.9;0.880952
WEIBO_native;tiktok_native;D31_V_outdoor_move_0002.mp4;False;0.921053;0.9;0.880952
WEIBO_native;tiktok_native;D32_V_indoor_move_0002.mp4;False;0.921053;0.9;0.880952
WEIBO_native;tiktok_native;D32_V_outdoor_move_0002.mp4;False;0.921053;0.9;0.880952
WEIBO_native;tiktok_native;D33_V_indoor_move_0002.mp4;False;0.921053;0.9;0.880952
WEIBO_native;tiktok_native;D33_V_outdoor_move_0002.mp4;False;0.921053;0.9;0.880952
WEIBO_native;tiktok_native;D34_V_indoor_move_0002.mp4;False;0.921053;0.9;0.880952
WEIBO_native;tiktok_native;D34_V_outdoor_move_0002.mp4;False;0.921053;0.9;0.880952
WEIBO_native;tiktok_native;D35_V_outdoor_move_0002.mp4;False;0.921053;0.9;0.880952
WEIBO_native;tiktok_native;D35_V_outdoor_panrot_0002.mp4;False;0.921053;0.9;0.880952
WEIBO_native;weibo_native;D01_V_indoor_move_0002.mp4;True;1.0;1.0;1.0
WEIBO_native;weibo_native;D01_V_outdoor_move_0002.mp4;True;1.0;1.0;1.0
WEIBO_native;weibo_native;D03_V_indoor_move_0002.mp4;True;1.0;1.0;1.0
WEIBO_native;weibo_native;D03_V_outdoor_move_0002.mp4;True;1.0;1.0;1.0
WEIBO_native;weibo_native;D04_V_indoor_move_0002.mp4;True;1.0;1.0;1.0
WEIBO_native;weibo_native;D04_V_outdoor_move_0002.mp4;True;1.0;1.0;1.0
WEIBO_native;weibo_native;D05_V_indoor_move_0002.mp4;True;1.0;1.0;1.0
WEIBO_native;weibo_native;D05_V_outdoor_move_0002.mp4;True;1.0;1.0;1.0
WEIBO_native;weibo_native;D06_V_indoor_move_0002.mp4;True;1.0;1.0;1.0
WEIBO_native;weibo_native;D06_V_outdoor_move_0002.mp4;True;1.0;1.0;1.0
WEIBO_native;weibo_native;D07_V_indoor_move_0002.mp4;True;1.0;1.0;1.0
WEIBO_native;weibo_native;D07_V_outdoor_move_0002.mp4;True;1.0;1.0;1.0
WEIBO_native;weibo_native;D08_V_indoor_move_0002.mp4;True;1.0;1.0;1.0
WEIBO_native;weibo_native;D08_V_outdoor_move_0002.mp4;True;1.0;1.0;1.0
WEIBO_native;weibo_native;D09_V_indoor_move_0002.mp4;True;1.0;1.0;1.0
WEIBO_native;weibo_native;D09_V_outdoor_move_0002.mp4;True;1.0;1.0;1.0
WEIBO_native;weibo_native;D10_V_indoor_move_0002.mp4;True;1.0;1.0;1.0
WEIBO_native;weibo_native;D11_V_indoor_move_0002.mp4;True;1.0;1.0;1.0
WEIBO_native;weibo_native;D11_V_outdoor_move_0002.mp4;True;1.0;1.0;1.0
WEIBO_native;weibo_native;D12_V_indoor_move_0002.mp4;True;1.0;1.0;1.0
WEIBO_native;weibo_native;D12_V_outdoor_move_0002.mp4;True;1.0;1.0;1.0
WEIBO_native;weibo_native;D13_V_indoor_move_0002.mp4;True;1.0;1.0;1.0
WEIBO_native;weibo_native;D13_V_outdoor_move_0002.mp4;True;1.0;1.0;1.0
WEIBO_native;weibo_native;D14_V_indoor_move_0002.mp4;True;1.0;1.0;1.0
WEIBO_native;weibo_native;D14_V_outdoor_move_0002.mp4;True;1.0;1.0;1.0
WEIBO_native;weibo_native;D15_V_indoor_move_0002.mp4;True;1.0;1.0;1.0
WEIBO_native;weibo_native;D15_V_outdoor_move_0002.mp4;True;1.0;1.0;1.0
WEIBO_native;weibo_native;D16_V_indoor_move_0002.mp4;True;1.0;1.0;1.0
WEIBO_native;weibo_native;D16_V_outdoor_move_0002.mp4;True;1.0;1.0;1.0
WEIBO_native;weibo_native;D19_V_indoor_move_0002.mp4;True;1.0;1.0;1.0
WEIBO_native;weibo_native;D19_V_outdoor_move_0002.mp4;True;1.0;1.0;1.0
WEIBO_native;weibo_native;D20_V_indoor_move_0002.mp4;True;1.0;1.0;1.0
WEIBO_native;weibo_native;D20_V_outdoor_move_0002.mp4;True;1.0;1.0;1.0
WEIBO_native;weibo_native;D22_V_indoor_move_0002.mp4;True;1.0;1.0;1.0
WEIBO_native;weibo_native;D22_V_outdoor_move_0002.mp4;True;1.0;1.0;1.0
WEIBO_native;weibo_native;D23_V_indoor_move_0002.mp4;True;1.0;1.0;1.0
WEIBO_native;weibo_native;D23_V_outdoor_move_0002.mp4;True;1.0;1.0;1.0
WEIBO_native;weibo_native;D24_V_indoor_move_0002.mp4;True;1.0;1.0;1.0
WEIBO_native;weibo_native;D24_V_outdoor_move_0002.mp4;True;1.0;1.0;1.0
WEIBO_native;weibo_native;D25_V_indoor_move_0002.mp4;True;1.0;1.0;1.0
WEIBO_native;weibo_native;D25_V_outdoor_move_0002.mp4;True;1.0;1.0;1.0
WEIBO_native;weibo_native;D26_V_indoor_move_0002.mp4;True;1.0;1.0;1.0
WEIBO_native;weibo_native;D26_V_outdoor_move_0002.mp4;True;1.0;1.0;1.0
WEIBO_native;weibo_native;D27_V_indoor_move_0002.mp4;True;1.0;1.0;1.0
WEIBO_native;weibo_native;D27_V_outdoor_move_0002.mp4;True;1.0;1.0;1.0
WEIBO_native;weibo_native;D28_V_indoor_move_0002.mp4;True;1.0;1.0;1.0
WEIBO_native;weibo_native;D28_V_outdoor_move_0002.mp4;True;1.0;1.0;1.0
WEIBO_native;weibo_native;D29_V_indoor_move_0002.mp4;True;1.0;1.0;1.0
WEIBO_native;weibo_native;D29_V_outdoor_move_0002.mp4;True;1.0;1.0;1.0
WEIBO_native;weibo_native;D30_V_indoor_move_0002.mp4;True;1.0;1.0;1.0
WEIBO_native;weibo_native;D30_V_outdoor_move_0002.mp4;True;1.0;1.0;1.0
WEIBO_native;weibo_native;D31_V_indoor_move_0002.mp4;True;1.0;1.0;1.0
WEIBO_native;weibo_native;D31_V_outdoor_move_0002.mp4;True;1.0;1.0;1.0
WEIBO_native;weibo_native;D32_V_indoor_move_0002.mp4;True;1.0;1.0;1.0
WEIBO_native;weibo_native;D32_V_outdoor_move_0002.mp4;True;1.0;1.0;1.0
WEIBO_native;weibo_native;D33_V_indoor_move_0002.mp4;True;1.0;1.0;1.0
WEIBO_native;weibo_native;D33_V_outdoor_move_0002.mp4;True;1.0;1.0;1.0
WEIBO_native;weibo_native;D34_V_indoor_move_0002.mp4;True;1.0;1.0;1.0
WEIBO_native;weibo_native;D34_V_outdoor_move_0002.mp4;True;1.0;1.0;1.0
WEIBO_native;weibo_native;D35_V_outdoor_move_0002.mp4;True;1.0;1.0;1.0
WEIBO_native;weibo_native;D35_V_outdoor_panrot_0002.mp4;True;1.0;1.0;1.0
WEIBO_native;youtube_native;D01_V_indoor_move_0002.mp4;False;0.705882;0.555556;0.459459
WEIBO_native;youtube_native;D01_V_outdoor_move_0002.mp4;False;0.705882;0.555556;0.459459
WEIBO_native;youtube_native;D03_V_indoor_move_0002.mp4;False;0.705882;0.555556;0.459459
WEIBO_native;youtube_native;D03_V_outdoor_move_0002.mp4;False;0.705882;0.555556;0.459459
WEIBO_native;youtube_native;D04_V_indoor_move_0002.mp4;False;0.653846;0.518519;0.392857
WEIBO_native;youtube_native;D04_V_outdoor_move_0002.mp4;False;0.653846;0.518519;0.392857
WEIBO_native;youtube_native;D05_V_indoor_move_0002.mp4;False;0.705882;0.555556;0.459459
WEIBO_native;youtube_native;D05_V_outdoor_move_0002.mp4;False;0.705882;0.555556;0.459459
WEIBO_native;youtube_native;D06_V_indoor_move_0002.mp4;False;0.705882;0.555556;0.459459
WEIBO_native;youtube_native;D06_V_outdoor_move_0002.mp4;False;0.705882;0.555556;0.459459
WEIBO_native;youtube_native;D07_V_indoor_move_0002.mp4;False;0.705882;0.555556;0.459459
WEIBO_native;youtube_native;D07_V_outdoor_move_0002.mp4;False;0.705882;0.555556;0.459459
WEIBO_native;youtube_native;D08_V_indoor_move_0002.mp4;False;0.705882;0.555556;0.459459
WEIBO_native;youtube_native;D08_V_outdoor_move_0002.mp4;False;0.705882;0.555556;0.459459
WEIBO_native;youtube_native;D09_V_indoor_move_0002.mp4;False;0.705882;0.555556;0.459459
WEIBO_native;youtube_native;D09_V_outdoor_move_0002.mp4;False;0.705882;0.555556;0.459459
WEIBO_native;youtube_native;D10_V_indoor_move_0002.mp4;False;0.705882;0.555556;0.459459
WEIBO_native;youtube_native;D11_V_indoor_move_0002.mp4;False;0.705882;0.555556;0.459459
WEIBO_native;youtube_native;D11_V_outdoor_move_0002.mp4;False;0.705882;0.555556;0.459459
WEIBO_native;youtube_native;D12_V_indoor_move_0002.mp4;False;0.705882;0.555556;0.459459
WEIBO_native;youtube_native;D12_V_outdoor_move_0002.mp4;False;0.705882;0.555556;0.459459
WEIBO_native;youtube_native;D13_V_indoor_move_0002.mp4;False;0.705882;0.555556;0.459459
WEIBO_native;youtube_native;D13_V_outdoor_move_0002.mp4;False;0.705882;0.555556;0.459459
WEIBO_native;youtube_native;D14_V_indoor_move_0002.mp4;False;0.705882;0.555556;0.459459
WEIBO_native;youtube_native;D14_V_outdoor_move_0002.mp4;False;0.705882;0.555556;0.459459
WEIBO_native;youtube_native;D15_V_indoor_move_0002.mp4;False;0.705882;0.555556;0.459459
WEIBO_native;youtube_native;D15_V_outdoor_move_0002.mp4;False;0.705882;0.555556;0.459459
WEIBO_native;youtube_native;D16_V_indoor_move_0002.mp4;False;0.705882;0.555556;0.459459
WEIBO_native;youtube_native;D16_V_outdoor_move_0002.mp4;False;0.705882;0.555556;0.459459
WEIBO_native;youtube_native;D19_V_indoor_move_0002.mp4;False;0.705882;0.555556;0.459459
WEIBO_native;youtube_native;D19_V_outdoor_move_0002.mp4;False;0.705882;0.555556;0.459459
WEIBO_native;youtube_native;D20_V_indoor_move_0002.mp4;False;0.705882;0.555556;0.459459
WEIBO_native;youtube_native;D20_V_outdoor_move_0002.mp4;False;0.705882;0.555556;0.459459
WEIBO_native;youtube_native;D22_V_indoor_move_0002.mp4;False;0.705882;0.555556;0.459459
WEIBO_native;youtube_native;D22_V_outdoor_move_0002.mp4;False;0.705882;0.555556;0.459459
WEIBO_native;youtube_native;D23_V_indoor_move_0002.mp4;False;0.653846;0.518519;0.392857
WEIBO_native;youtube_native;D23_V_outdoor_move_0002.mp4;False;0.653846;0.518519;0.392857
WEIBO_native;youtube_native;D24_V_indoor_move_0002.mp4;False;0.705882;0.555556;0.459459
WEIBO_native;youtube_native;D24_V_outdoor_move_0002.mp4;False;0.705882;0.555556;0.459459
WEIBO_native;youtube_native;D25_V_indoor_move_0002.mp4;False;0.705882;0.555556;0.459459
WEIBO_native;youtube_native;D25_V_outdoor_move_0002.mp4;False;0.705882;0.555556;0.459459
WEIBO_native;youtube_native;D26_V_indoor_move_0002.mp4;False;0.705882;0.555556;0.459459
WEIBO_native;youtube_native;D26_V_outdoor_move_0002.mp4;False;0.705882;0.555556;0.459459
WEIBO_native;youtube_native;D27_V_indoor_move_0002.mp4;False;0.705882;0.555556;0.459459
WEIBO_native;youtube_native;D27_V_outdoor_move_0002.mp4;False;0.705882;0.555556;0.459459
WEIBO_native;youtube_native;D28_V_indoor_move_0002.mp4;False;0.705882;0.555556;0.459459
WEIBO_native;youtube_native;D28_V_outdoor_move_0002.mp4;False;0.705882;0.555556;0.459459
WEIBO_native;youtube_native;D29_V_indoor_move_0002.mp4;False;0.705882;0.555556;0.459459
WEIBO_native;youtube_native;D29_V_outdoor_move_0002.mp4;False;0.705882;0.555556;0.459459
WEIBO_native;youtube_native;D30_V_indoor_move_0002.mp4;False;0.705882;0.555556;0.459459
WEIBO_native;youtube_native;D30_V_outdoor_move_0002.mp4;False;0.705882;0.555556;0.459459
WEIBO_native;youtube_native;D31_V_indoor_move_0002.mp4;False;0.705882;0.555556;0.459459
WEIBO_native;youtube_native;D31_V_outdoor_move_0002.mp4;False;0.705882;0.555556;0.459459
WEIBO_native;youtube_native;D32_V_indoor_move_0002.mp4;False;0.705882;0.555556;0.459459
WEIBO_native;youtube_native;D32_V_outdoor_move_0002.mp4;False;0.705882;0.555556;0.459459
WEIBO_native;youtube_native;D33_V_indoor_move_0002.mp4;False;0.705882;0.555556;0.459459
WEIBO_native;youtube_native;D33_V_outdoor_move_0002.mp4;False;0.705882;0.555556;0.459459
WEIBO_native;youtube_native;D34_V_indoor_move_0002.mp4;False;0.705882;0.555556;0.459459
WEIBO_native;youtube_native;D34_V_outdoor_move_0002.mp4;False;0.705882;0.555556;0.459459
WEIBO_native;youtube_native;D35_V_outdoor_move_0002.mp4;False;0.705882;0.555556;0.459459
WEIBO_native;youtube_native;D35_V_outdoor_panrot_0002.mp4;False;0.705882;0.555556;0.459459
