path;db_name;id;brand;model;content_source;content_type;media_type;processing;tampering;structure_pretty;structure_json;ngram_2;ngram_3;ngram_4
G:\Meine Ablage\Cybermaster\5_WT26\Masterarbeit\Testdaten\VISION\D01_Samsung_GalaxyS3Mini\D01_V_flat_move_0001.mp4;VISION;D01;Samsung;GalaxyS3Mini;DIGITAL_CAMERA;FLAT;MP4;ORIGINAL;NONE;ftyp|mdat|moov(mvhd,udta(smrd,smta),trak(tkhd,mdia(mdhd,hdlr,minf(vmhd,dinf(dref),stbl(stsd(avc1(avcC)),stts,stss,stsz,stsc,stco)))),trak(tkhd,mdia(mdhd,hdlr,minf(smhd,dinf(dref),stbl(stsd(mp4a(esds)),stts,stsz,stsc,stco)))));"[{""type"":""ftyp""},{""type"":""mdat""},{""type"":""moov"",""children"":[{""type"":""mvhd""},{""type"":""udta"",""children"":[{""type"":""smrd""},{""type"":""smta""}]},{""type"":""trak"",""children"":[{""type"":""tkhd""},{""type"":""mdia"",""children"":[{""type"":""mdhd""},{""type"":""hdlr""},{""type"":""minf"",""children"":[{""type"":""vmhd""},{""type"":""dinf"",""children"":[{""type"":""dref""}]},{""type"":""stbl"",""children"":[{""type"":""stsd"",""children"":[{""type"":""avc1"",""children"":[{""type"":""avcC""}]}]},{""type"":""stts""},{""type"":""stss""},{""type"":""stsz""},{""type"":""stsc""},{""type"":""stco""}]}]}]}]},{""type"":""trak"",""children"":[{""type"":""tkhd""},{""type"":""mdia"",""children"":[{""type"":""mdhd""},{""type"":""hdlr""},{""type"":""minf"",""children"":[{""type"":""smhd""},{""type"":""dinf"",""children"":[{""type"":""dref""}]},{""type"":""stbl"",""children"":[{""type"":""stsd"",""children"":[{""type"":""mp4a"",""children"":[{""type"":""esds""}]}]},{""type"":""stts""},{""type"":""stsz""},{""type"":""stsc""},{""type"":""stco""}]}]}]}]}]}]";avc1avcCavcCsttsdinfdrefdrefstblesdssttsftypmdathdlrminfmdatmoovmdhdhdlrmdiamdhdminfsmhdminfvmhdmoovmvhdmp4aesdsmvhdudtasmhddinfsmrdsmtasmtatrakstblstsdstcotrakstscstcostsdavc1stsdmp4astssstszstszstscsttsstsssttsstsztkhdmdiatraktkhdudtasmrdvmhddinf;avc1avcCsttsavcCsttsstssdinfdrefstbldrefstblstsdesdssttsstszftypmdatmoovhdlrminfsmhdhdlrminfvmhdmdatmoovmvhdmdhdhdlrminfmdiamdhdhdlrminfsmhddinfminfvmhddinfmoovmvhdudtamp4aesdssttsmvhdudtasmrdsmhddinfdrefsmrdsmtatraksmtatraktkhdstblstsdavc1stblstsdmp4astcotraktkhdstscstcotrakstsdavc1avcCstsdmp4aesdsstssstszstscstszstscstcosttsstssstszsttsstszstsctkhdmdiamdhdtraktkhdmdiaudtasmrdsmtavmhddinfdref;avc1avcCsttsstssavcCsttsstssstszdinfdrefstblstsddrefstblstsdavc1drefstblstsdmp4aesdssttsstszstscftypmdatmoovmvhdhdlrminfsmhddinfhdlrminfvmhddinfmdatmoovmvhdudtamdhdhdlrminfsmhdmdhdhdlrminfvmhdmdiamdhdhdlrminfminfsmhddinfdrefminfvmhddinfdrefmoovmvhdudtasmrdmp4aesdssttsstszmvhdudtasmrdsmtasmhddinfdrefstblsmrdsmtatraktkhdsmtatraktkhdmdiastblstsdavc1avcCstblstsdmp4aesdsstcotraktkhdmdiastscstcotraktkhdstsdavc1avcCsttsstsdmp4aesdssttsstssstszstscstcostszstscstcotraksttsstssstszstscsttsstszstscstcotkhdmdiamdhdhdlrtraktkhdmdiamdhdudtasmrdsmtatrakvmhddinfdrefstbl
G:\Meine Ablage\Cybermaster\5_WT26\Masterarbeit\Testdaten\VISION\D01_Samsung_GalaxyS3Mini\D01_V_flat_move_0002.mp4;VISION;D01;Samsung;GalaxyS3Mini;DIGITAL_CAMERA;FLAT;MP4;ORIGINAL;NONE;ftyp|mdat|moov(mvhd,udta(smrd,smta),trak(tkhd,mdia(mdhd,hdlr,minf(vmhd,dinf(dref),stbl(stsd(avc1(avcC)),stts,stss,stsz,stsc,stco)))),trak(tkhd,mdia(mdhd,hdlr,minf(smhd,dinf(dref),stbl(stsd(mp4a(esds)),stts,stsz,stsc,stco)))));"[{""type"":""ftyp""},{""type"":""mdat""},{""type"":""moov"",""children"":[{""type"":""mvhd""},{""type"":""udta"",""children"":[{""type"":""smrd""},{""type"":""smta""}]},{""type"":""trak"",""children"":[{""type"":""tkhd""},{""type"":""mdia"",""children"":[{""type"":""mdhd""},{""type"":""hdlr""},{""type"":""minf"",""children"":[{""type"":""vmhd""},{""type"":""dinf"",""children"":[{""type"":""dref""}]},{""type"":""stbl"",""children"":[{""type"":""stsd"",""children"":[{""type"":""avc1"",""children"":[{""type"":""avcC""}]}]},{""type"":""stts""},{""type"":""stss""},{""type"":""stsz""},{""type"":""stsc""},{""type"":""stco""}]}]}]}]},{""type"":""trak"",""children"":[{""type"":""tkhd""},{""type"":""mdia"",""children"":[{""type"":""mdhd""},{""type"":""hdlr""},{""type"":""minf"",""children"":[{""type"":""smhd""},{""type"":""dinf"",""children"":[{""type"":""dref""}]},{""type"":""stbl"",""children"":[{""type"":""stsd"",""children"":[{""type"":""mp4a"",""children"":[{""type"":""esds""}]}]},{""type"":""stts""},{""type"":""stsz""},{""type"":""stsc""},{""type"":""stco""}]}]}]}]}]}]";avc1avcCavcCsttsdinfdrefdrefstblesdssttsftypmdathdlrminfmdatmoovmdhdhdlrmdiamdhdminfsmhdminfvmhdmoovmvhdmp4aesdsmvhdudtasmhddinfsmrdsmtasmtatrakstblstsdstcotrakstscstcostsdavc1stsdmp4astssstszstszstscsttsstsssttsstsztkhdmdiatraktkhdudtasmrdvmhddinf;avc1avcCsttsavcCsttsstssdinfdrefstbldrefstblstsdesdssttsstszftypmdatmoovhdlrminfsmhdhdlrminfvmhdmdatmoovmvhdmdhdhdlrminfmdiamdhdhdlrminfsmhddinfminfvmhddinfmoovmvhdudtamp4aesdssttsmvhdudtasmrdsmhddinfdrefsmrdsmtatraksmtatraktkhdstblstsdavc1stblstsdmp4astcotraktkhdstscstcotrakstsdavc1avcCstsdmp4aesdsstssstszstscstszstscstcosttsstssstszsttsstszstsctkhdmdiamdhdtraktkhdmdiaudtasmrdsmtavmhddinfdref;avc1avcCsttsstssavcCsttsstssstszdinfdrefstblstsddrefstblstsdavc1drefstblstsdmp4aesdssttsstszstscftypmdatmoovmvhdhdlrminfsmhddinfhdlrminfvmhddinfmdatmoovmvhdudtamdhdhdlrminfsmhdmdhdhdlrminfvmhdmdiamdhdhdlrminfminfsmhddinfdrefminfvmhddinfdrefmoovmvhdudtasmrdmp4aesdssttsstszmvhdudtasmrdsmtasmhddinfdrefstblsmrdsmtatraktkhdsmtatraktkhdmdiastblstsdavc1avcCstblstsdmp4aesdsstcotraktkhdmdiastscstcotraktkhdstsdavc1avcCsttsstsdmp4aesdssttsstssstszstscstcostszstscstcotraksttsstssstszstscsttsstszstscstcotkhdmdiamdhdhdlrtraktkhdmdiamdhdudtasmrdsmtatrakvmhddinfdrefstbl
G:\Meine Ablage\Cybermaster\5_WT26\Masterarbeit\Testdaten\VISION\D01_Samsung_GalaxyS3Mini\D01_V_flatWA_move_0001.mp4;VISION;D01;Samsung;GalaxyS3Mini;DIGITAL_CAMERA;FLAT;MP4;WHATSAPP;NONE;ftyp|beam|wide|moov(mvhd,trak(tkhd,free,mdia(mdhd,hdlr,minf(vmhd,dinf(dref),stbl(stsd(avc1(avcC,colr)),stts,stss,sdtp,stsc,stsz,stco)))),trak(tkhd,free,mdia(mdhd,hdlr,minf(smhd,dinf(dref),stbl(stsd(mp4a(esds)),stts,stsc,stsz,stco)))))|mdat;"[{""type"":""ftyp""},{""type"":""beam""},{""type"":""wide""},{""type"":""moov"",""children"":[{""type"":""mvhd""},{""type"":""trak"",""children"":[{""type"":""tkhd""},{""type"":""free""},{""type"":""mdia"",""children"":[{""type"":""mdhd""},{""type"":""hdlr""},{""type"":""minf"",""children"":[{""type"":""vmhd""},{""type"":""dinf"",""children"":[{""type"":""dref""}]},{""type"":""stbl"",""children"":[{""type"":""stsd"",""children"":[{""type"":""avc1"",""children"":[{""type"":""avcC""},{""type"":""colr""}]}]},{""type"":""stts""},{""type"":""stss""},{""type"":""sdtp""},{""type"":""stsc""},{""type"":""stsz""},{""type"":""stco""}]}]}]}]},{""type"":""trak"",""children"":[{""type"":""tkhd""},{""type"":""free""},{""type"":""mdia"",""children"":[{""type"":""mdhd""},{""type"":""hdlr""},{""type"":""minf"",""children"":[{""type"":""smhd""},{""type"":""dinf"",""children"":[{""type"":""dref""}]},{""type"":""stbl"",""children"":[{""type"":""stsd"",""children"":[{""type"":""mp4a"",""children"":[{""type"":""esds""}]}]},{""type"":""stts""},{""type"":""stsc""},{""type"":""stsz""},{""type"":""stco""}]}]}]}]}]},{""type"":""mdat""}]";avc1avcCavcCcolrbeamwidecolrsttsdinfdrefdrefstblesdssttsfreemdiaftypbeamhdlrminfmdhdhdlrmdiamdhdminfsmhdminfvmhdmoovmvhdmp4aesdsmvhdtraksdtpstscsmhddinfstblstsdstcomdatstcotrakstscstszstsdavc1stsdmp4astsssdtpstszstcosttsstscsttsstsstkhdfreetraktkhdvmhddinfwidemoov;avc1avcCcolravcCcolrsttsbeamwidemoovcolrsttsstssdinfdrefstbldrefstblstsdesdssttsstscfreemdiamdhdftypbeamwidehdlrminfsmhdhdlrminfvmhdmdhdhdlrminfmdiamdhdhdlrminfsmhddinfminfvmhddinfmoovmvhdtrakmp4aesdssttsmvhdtraktkhdsdtpstscstszsmhddinfdrefstblstsdavc1stblstsdmp4astcotraktkhdstscstszstcostsdavc1avcCstsdmp4aesdsstsssdtpstscstszstcomdatstszstcotraksttsstscstszsttsstsssdtptkhdfreemdiatraktkhdfreevmhddinfdrefwidemoovmvhd;avc1avcCcolrsttsavcCcolrsttsstssbeamwidemoovmvhdcolrsttsstsssdtpdinfdrefstblstsddrefstblstsdavc1drefstblstsdmp4aesdssttsstscstszfreemdiamdhdhdlrftypbeamwidemoovhdlrminfsmhddinfhdlrminfvmhddinfmdhdhdlrminfsmhdmdhdhdlrminfvmhdmdiamdhdhdlrminfminfsmhddinfdrefminfvmhddinfdrefmoovmvhdtraktkhdmp4aesdssttsstscmvhdtraktkhdfreesdtpstscstszstcosmhddinfdrefstblstblstsdavc1avcCstblstsdmp4aesdsstcotraktkhdfreestscstszstcomdatstscstszstcotrakstsdavc1avcCcolrstsdmp4aesdssttsstsssdtpstscstszstszstcotraktkhdsttsstscstszstcosttsstsssdtpstsctkhdfreemdiamdhdtraktkhdfreemdiavmhddinfdrefstblwidemoovmvhdtrak
G:\Meine Ablage\Cybermaster\5_WT26\Masterarbeit\Testdaten\EVA-7K\Facebook\subset_avidemux\D01_V_indoor_move_0001.mp4;EVA-7K;D01;Samsung;GalaxyS3Mini;DIGITAL_CAMERA;INDOOR;MP4;FACEBOOK;AVIDEMUX;ftyp|moov(mvhd,trak(tkhd,edts(elst),mdia(mdhd,hdlr,minf(vmhd,dinf(dref),stbl(stsd(avc1(avcC,pasp)),stts,stss,stsc,stsz,stco)))),trak(tkhd,edts(elst),mdia(mdhd,hdlr,minf(smhd,dinf(dref),stbl(stsd(mp4a(esds)),stts,stsc,stsz,stco)))),udta(meta(hdlr,ilst)))|free|mdat;"[{""type"":""ftyp""},{""type"":""moov"",""children"":[{""type"":""mvhd""},{""type"":""trak"",""children"":[{""type"":""tkhd""},{""type"":""edts"",""children"":[{""type"":""elst""}]},{""type"":""mdia"",""children"":[{""type"":""mdhd""},{""type"":""hdlr""},{""type"":""minf"",""children"":[{""type"":""vmhd""},{""type"":""dinf"",""children"":[{""type"":""dref""}]},{""type"":""stbl"",""children"":[{""type"":""stsd"",""children"":[{""type"":""avc1"",""children"":[{""type"":""avcC""},{""type"":""pasp""}]}]},{""type"":""stts""},{""type"":""stss""},{""type"":""stsc""},{""type"":""stsz""},{""type"":""stco""}]}]}]}]},{""type"":""trak"",""children"":[{""type"":""tkhd""},{""type"":""edts"",""children"":[{""type"":""elst""}]},{""type"":""mdia"",""children"":[{""type"":""mdhd""},{""type"":""hdlr""},{""type"":""minf"",""children"":[{""type"":""smhd""},{""type"":""dinf"",""children"":[{""type"":""dref""}]},{""type"":""stbl"",""children"":[{""type"":""stsd"",""children"":[{""type"":""mp4a"",""children"":[{""type"":""esds""}]}]},{""type"":""stts""},{""type"":""stsc""},{""type"":""stsz""},{""type"":""stco""}]}]}]}]},{""type"":""udta"",""children"":[{""type"":""meta"",""children"":[{""type"":""hdlr""},{""type"":""ilst""}]}]}]},{""type"":""free""},{""type"":""mdat""}]";avc1avcCavcCpaspdinfdrefdrefstbledtselstelstmdiaesdssttsfreemdatftypmoovhdlrilsthdlrminfilstfreemdhdhdlrmdiamdhdmetahdlrminfsmhdminfvmhdmoovmvhdmp4aesdsmvhdtrakpaspsttssmhddinfstblstsdstcotrakstcoudtastscstszstsdavc1stsdmp4astssstscstszstcosttsstscsttsstsstkhdedtstraktkhdudtametavmhddinf;avc1avcCpaspavcCpaspsttsdinfdrefstbldrefstblstsdedtselstmdiaelstmdiamdhdesdssttsstscftypmoovmvhdhdlrilstfreehdlrminfsmhdhdlrminfvmhdilstfreemdatmdhdhdlrminfmdiamdhdhdlrmetahdlrilstminfsmhddinfminfvmhddinfmoovmvhdtrakmp4aesdssttsmvhdtraktkhdpaspsttsstsssmhddinfdrefstblstsdavc1stblstsdmp4astcotraktkhdstcoudtametastscstszstcostsdavc1avcCstsdmp4aesdsstssstscstszstszstcotrakstszstcoudtasttsstscstszsttsstssstsctkhdedtselsttraktkhdedtsudtametahdlrvmhddinfdref;avc1avcCpaspsttsavcCpaspsttsstssdinfdrefstblstsddrefstblstsdavc1drefstblstsdmp4aedtselstmdiamdhdelstmdiamdhdhdlresdssttsstscstszftypmoovmvhdtrakhdlrilstfreemdathdlrminfsmhddinfhdlrminfvmhddinfmdhdhdlrminfsmhdmdhdhdlrminfvmhdmdiamdhdhdlrminfmetahdlrilstfreeminfsmhddinfdrefminfvmhddinfdrefmoovmvhdtraktkhdmp4aesdssttsstscmvhdtraktkhdedtspaspsttsstssstscsmhddinfdrefstblstblstsdavc1avcCstblstsdmp4aesdsstcotraktkhdedtsstcoudtametahdlrstscstszstcotrakstscstszstcoudtastsdavc1avcCpaspstsdmp4aesdssttsstssstscstszstcostszstcotraktkhdstszstcoudtametasttsstscstszstcosttsstssstscstsztkhdedtselstmdiatraktkhdedtselstudtametahdlrilstvmhddinfdrefstbl
G:\Meine Ablage\Cybermaster\5_WT26\Masterarbeit\Testdaten\EVA-7K\Facebook\subset_avidemux\D01_V_indoor_move_0002.mp4;EVA-7K;D01;Samsung;GalaxyS3Mini;DIGITAL_CAMERA;INDOOR;MP4;FACEBOOK;AVIDEMUX;ftyp|moov(mvhd,trak(tkhd,edts(elst),mdia(mdhd,hdlr,minf(vmhd,dinf(dref),stbl(stsd(avc1(avcC,pasp)),stts,stss,stsc,stsz,stco)))),trak(tkhd,edts(elst),mdia(mdhd,hdlr,minf(smhd,dinf(dref),stbl(stsd(mp4a(esds)),stts,stsc,stsz,stco)))),udta(meta(hdlr,ilst)))|free|mdat;"[{""type"":""ftyp""},{""type"":""moov"",""children"":[{""type"":""mvhd""},{""type"":""trak"",""children"":[{""type"":""tkhd""},{""type"":""edts"",""children"":[{""type"":""elst""}]},{""type"":""mdia"",""children"":[{""type"":""mdhd""},{""type"":""hdlr""},{""type"":""minf"",""children"":[{""type"":""vmhd""},{""type"":""dinf"",""children"":[{""type"":""dref""}]},{""type"":""stbl"",""children"":[{""type"":""stsd"",""children"":[{""type"":""avc1"",""children"":[{""type"":""avcC""},{""type"":""pasp""}]}]},{""type"":""stts""},{""type"":""stss""},{""type"":""stsc""},{""type"":""stsz""},{""type"":""stco""}]}]}]}]},{""type"":""trak"",""children"":[{""type"":""tkhd""},{""type"":""edts"",""children"":[{""type"":""elst""}]},{""type"":""mdia"",""children"":[{""type"":""mdhd""},{""type"":""hdlr""},{""type"":""minf"",""children"":[{""type"":""smhd""},{""type"":""dinf"",""children"":[{""type"":""dref""}]},{""type"":""stbl"",""children"":[{""type"":""stsd"",""children"":[{""type"":""mp4a"",""children"":[{""type"":""esds""}]}]},{""type"":""stts""},{""type"":""stsc""},{""type"":""stsz""},{""type"":""stco""}]}]}]}]},{""type"":""udta"",""children"":[{""type"":""meta"",""children"":[{""type"":""hdlr""},{""type"":""ilst""}]}]}]},{""type"":""free""},{""type"":""mdat""}]";avc1avcCavcCpaspdinfdrefdrefstbledtselstelstmdiaesdssttsfreemdatftypmoovhdlrilsthdlrminfilstfreemdhdhdlrmdiamdhdmetahdlrminfsmhdminfvmhdmoovmvhdmp4aesdsmvhdtrakpaspsttssmhddinfstblstsdstcotrakstcoudtastscstszstsdavc1stsdmp4astssstscstszstcosttsstscsttsstsstkhdedtstraktkhdudtametavmhddinf;avc1avcCpaspavcCpaspsttsdinfdrefstbldrefstblstsdedtselstmdiaelstmdiamdhdesdssttsstscftypmoovmvhdhdlrilstfreehdlrminfsmhdhdlrminfvmhdilstfreemdatmdhdhdlrminfmdiamdhdhdlrmetahdlrilstminfsmhddinfminfvmhddinfmoovmvhdtrakmp4aesdssttsmvhdtraktkhdpaspsttsstsssmhddinfdrefstblstsdavc1stblstsdmp4astcotraktkhdstcoudtametastscstszstcostsdavc1avcCstsdmp4aesdsstssstscstszstszstcotrakstszstcoudtasttsstscstszsttsstssstsctkhdedtselsttraktkhdedtsudtametahdlrvmhddinfdref;avc1avcCpaspsttsavcCpaspsttsstssdinfdrefstblstsddrefstblstsdavc1drefstblstsdmp4aedtselstmdiamdhdelstmdiamdhdhdlresdssttsstscstszftypmoovmvhdtrakhdlrilstfreemdathdlrminfsmhddinfhdlrminfvmhddinfmdhdhdlrminfsmhdmdhdhdlrminfvmhdmdiamdhdhdlrminfmetahdlrilstfreeminfsmhddinfdrefminfvmhddinfdrefmoovmvhdtraktkhdmp4aesdssttsstscmvhdtraktkhdedtspaspsttsstssstscsmhddinfdrefstblstblstsdavc1avcCstblstsdmp4aesdsstcotraktkhdedtsstcoudtametahdlrstscstszstcotrakstscstszstcoudtastsdavc1avcCpaspstsdmp4aesdssttsstssstscstszstcostszstcotraktkhdstszstcoudtametasttsstscstszstcosttsstssstscstsztkhdedtselstmdiatraktkhdedtselstudtametahdlrilstvmhddinfdrefstbl
G:\Meine Ablage\Cybermaster\5_WT26\Masterarbeit\Testdaten\EVA-7K\Facebook\subset_avidemux\D01_V_outdoor_move_0001.mp4;EVA-7K;D01;Samsung;GalaxyS3Mini;DIGITAL_CAMERA;OUTDOOR;MP4;FACEBOOK;AVIDEMUX;ftyp|moov(mvhd,trak(tkhd,edts(elst),mdia(mdhd,hdlr,minf(vmhd,dinf(dref),stbl(stsd(avc1(avcC,pasp)),stts,stss,stsc,stsz,stco)))),trak(tkhd,edts(elst),mdia(mdhd,hdlr,minf(smhd,dinf(dref),stbl(stsd(mp4a(esds)),stts,stsc,stsz,stco)))),udta(meta(hdlr,ilst)))|free|mdat;"[{""type"":""ftyp""},{""type"":""moov"",""children"":[{""type"":""mvhd""},{""type"":""trak"",""children"":[{""type"":""tkhd""},{""type"":""edts"",""children"":[{""type"":""elst""}]},{""type"":""mdia"",""children"":[{""type"":""mdhd""},{""type"":""hdlr""},{""type"":""minf"",""children"":[{""type"":""vmhd""},{""type"":""dinf"",""children"":[{""type"":""dref""}]},{""type"":""stbl"",""children"":[{""type"":""stsd"",""children"":[{""type"":""avc1"",""children"":[{""type"":""avcC""},{""type"":""pasp""}]}]},{""type"":""stts""},{""type"":""stss""},{""type"":""stsc""},{""type"":""stsz""},{""type"":""stco""}]}]}]}]},{""type"":""trak"",""children"":[{""type"":""tkhd""},{""type"":""edts"",""children"":[{""type"":""elst""}]},{""type"":""mdia"",""children"":[{""type"":""mdhd""},{""type"":""hdlr""},{""type"":""minf"",""children"":[{""type"":""smhd""},{""type"":""dinf"",""children"":[{""type"":""dref""}]},{""type"":""stbl"",""children"":[{""type"":""stsd"",""children"":[{""type"":""mp4a"",""children"":[{""type"":""esds""}]}]},{""type"":""stts""},{""type"":""stsc""},{""type"":""stsz""},{""type"":""stco""}]}]}]}]},{""type"":""udta"",""children"":[{""type"":""meta"",""children"":[{""type"":""hdlr""},{""type"":""ilst""}]}]}]},{""type"":""free""},{""type"":""mdat""}]";avc1avcCavcCpaspdinfdrefdrefstbledtselstelstmdiaesdssttsfreemdatftypmoovhdlrilsthdlrminfilstfreemdhdhdlrmdiamdhdmetahdlrminfsmhdminfvmhdmoovmvhdmp4aesdsmvhdtrakpaspsttssmhddinfstblstsdstcotrakstcoudtastscstszstsdavc1stsdmp4astssstscstszstcosttsstscsttsstsstkhdedtstraktkhdudtametavmhddinf;avc1avcCpaspavcCpaspsttsdinfdrefstbldrefstblstsdedtselstmdiaelstmdiamdhdesdssttsstscftypmoovmvhdhdlrilstfreehdlrminfsmhdhdlrminfvmhdilstfreemdatmdhdhdlrminfmdiamdhdhdlrmetahdlrilstminfsmhddinfminfvmhddinfmoovmvhdtrakmp4aesdssttsmvhdtraktkhdpaspsttsstsssmhddinfdrefstblstsdavc1stblstsdmp4astcotraktkhdstcoudtametastscstszstcostsdavc1avcCstsdmp4aesdsstssstscstszstszstcotrakstszstcoudtasttsstscstszsttsstssstsctkhdedtselsttraktkhdedtsudtametahdlrvmhddinfdref;avc1avcCpaspsttsavcCpaspsttsstssdinfdrefstblstsddrefstblstsdavc1drefstblstsdmp4aedtselstmdiamdhdelstmdiamdhdhdlresdssttsstscstszftypmoovmvhdtrakhdlrilstfreemdathdlrminfsmhddinfhdlrminfvmhddinfmdhdhdlrminfsmhdmdhdhdlrminfvmhdmdiamdhdhdlrminfmetahdlrilstfreeminfsmhddinfdrefminfvmhddinfdrefmoovmvhdtraktkhdmp4aesdssttsstscmvhdtraktkhdedtspaspsttsstssstscsmhddinfdrefstblstblstsdavc1avcCstblstsdmp4aesdsstcotraktkhdedtsstcoudtametahdlrstscstszstcotrakstscstszstcoudtastsdavc1avcCpaspstsdmp4aesdssttsstssstscstszstcostszstcotraktkhdstszstcoudtametasttsstscstszstcosttsstssstscstsztkhdedtselstmdiatraktkhdedtselstudtametahdlrilstvmhddinfdrefstbl
G:\Meine Ablage\Cybermaster\5_WT26\Masterarbeit\Testdaten\EVA-7K\Facebook\subset_avidemux\D01_V_outdoor_move_0002.mp4;EVA-7K;D01;Samsung;GalaxyS3Mini;DIGITAL_CAMERA;OUTDOOR;MP4;FACEBOOK;AVIDEMUX;ftyp|moov(mvhd,trak(tkhd,edts(elst),mdia(mdhd,hdlr,minf(vmhd,dinf(dref),stbl(stsd(avc1(avcC,pasp)),stts,stss,stsc,stsz,stco)))),trak(tkhd,edts(elst),mdia(mdhd,hdlr,minf(smhd,dinf(dref),stbl(stsd(mp4a(esds)),stts,stsc,stsz,stco)))),udta(meta(hdlr,ilst)))|free|mdat;"[{""type"":""ftyp""},{""type"":""moov"",""children"":[{""type"":""mvhd""},{""type"":""trak"",""children"":[{""type"":""tkhd""},{""type"":""edts"",""children"":[{""type"":""elst""}]},{""type"":""mdia"",""children"":[{""type"":""mdhd""},{""type"":""hdlr""},{""type"":""minf"",""children"":[{""type"":""vmhd""},{""type"":""dinf"",""children"":[{""type"":""dref""}]},{""type"":""stbl"",""children"":[{""type"":""stsd"",""children"":[{""type"":""avc1"",""children"":[{""type"":""avcC""},{""type"":""pasp""}]}]},{""type"":""stts""},{""type"":""stss""},{""type"":""stsc""},{""type"":""stsz""},{""type"":""stco""}]}]}]}]},{""type"":""trak"",""children"":[{""type"":""tkhd""},{""type"":""edts"",""children"":[{""type"":""elst""}]},{""type"":""mdia"",""children"":[{""type"":""mdhd""},{""type"":""hdlr""},{""type"":""minf"",""children"":[{""type"":""smhd""},{""type"":""dinf"",""children"":[{""type"":""dref""}]},{""type"":""stbl"",""children"":[{""type"":""stsd"",""children"":[{""type"":""mp4a"",""children"":[{""type"":""esds""}]}]},{""type"":""stts""},{""type"":""stsc""},{""type"":""stsz""},{""type"":""stco""}]}]}]}]},{""type"":""udta"",""children"":[{""type"":""meta"",""children"":[{""type"":""hdlr""},{""type"":""ilst""}]}]}]},{""type"":""free""},{""type"":""mdat""}]";avc1avcCavcCpaspdinfdrefdrefstbledtselstelstmdiaesdssttsfreemdatftypmoovhdlrilsthdlrminfilstfreemdhdhdlrmdiamdhdmetahdlrminfsmhdminfvmhdmoovmvhdmp4aesdsmvhdtrakpaspsttssmhddinfstblstsdstcotrakstcoudtastscstszstsdavc1stsdmp4astssstscstszstcosttsstscsttsstsstkhdedtstraktkhdudtametavmhddinf;avc1avcCpaspavcCpaspsttsdinfdrefstbldrefstblstsdedtselstmdiaelstmdiamdhdesdssttsstscftypmoovmvhdhdlrilstfreehdlrminfsmhdhdlrminfvmhdilstfreemdatmdhdhdlrminfmdiamdhdhdlrmetahdlrilstminfsmhddinfminfvmhddinfmoovmvhdtrakmp4aesdssttsmvhdtraktkhdpaspsttsstsssmhddinfdrefstblstsdavc1stblstsdmp4astcotraktkhdstcoudtametastscstszstcostsdavc1avcCstsdmp4aesdsstssstscstszstszstcotrakstszstcoudtasttsstscstszsttsstssstsctkhdedtselsttraktkhdedtsudtametahdlrvmhddinfdref;avc1avcCpaspsttsavcCpaspsttsstssdinfdrefstblstsddrefstblstsdavc1drefstblstsdmp4aedtselstmdiamdhdelstmdiamdhdhdlresdssttsstscstszftypmoovmvhdtrakhdlrilstfreemdathdlrminfsmhddinfhdlrminfvmhddinfmdhdhdlrminfsmhdmdhdhdlrminfvmhdmdiamdhdhdlrminfmetahdlrilstfreeminfsmhddinfdrefminfvmhddinfdrefmoovmvhdtraktkhdmp4aesdssttsstscmvhdtraktkhdedtspaspsttsstssstscsmhddinfdrefstblstblstsdavc1avcCstblstsdmp4aesdsstcotraktkhdedtsstcoudtametahdlrstscstszstcotrakstscstszstcoudtastsdavc1avcCpaspstsdmp4aesdssttsstssstscstszstcostszstcotraktkhdstszstcoudtametasttsstscstszstcosttsstssstscstsztkhdedtselstmdiatraktkhdedtselstudtametahdlrilstvmhddinfdrefstbl
G:\Meine Ablage\Cybermaster\5_WT26\Masterarbeit\Testdaten\EVA-7K\Facebook\subset_avidemux\D08_V_indoor_move_0001.mp4;EVA-7K;D08;Samsung;GalaxyTab3;DIGITAL_CAMERA;INDOOR;MP4;FACEBOOK;AVIDEMUX;ftyp|moov(mvhd,trak(tkhd,edts(elst),mdia(mdhd,hdlr,minf(vmhd,dinf(dref),stbl(stsd(avc1(avcC,pasp)),stts,stss,stsc,stsz,stco)))),trak(tkhd,edts(elst),mdia(mdhd,hdlr,minf(smhd,dinf(dref),stbl(stsd(mp4a(esds)),stts,stsc,stsz,stco)))),udta(meta(hdlr,ilst)))|free|mdat;"[{""type"":""ftyp""},{""type"":""moov"",""children"":[{""type"":""mvhd""},{""type"":""trak"",""children"":[{""type"":""tkhd""},{""type"":""edts"",""children"":[{""type"":""elst""}]},{""type"":""mdia"",""children"":[{""type"":""mdhd""},{""type"":""hdlr""},{""type"":""minf"",""children"":[{""type"":""vmhd""},{""type"":""dinf"",""children"":[{""type"":""dref""}]},{""type"":""stbl"",""children"":[{""type"":""stsd"",""children"":[{""type"":""avc1"",""children"":[{""type"":""avcC""},{""type"":""pasp""}]}]},{""type"":""stts""},{""type"":""stss""},{""type"":""stsc""},{""type"":""stsz""},{""type"":""stco""}]}]}]}]},{""type"":""trak"",""children"":[{""type"":""tkhd""},{""type"":""edts"",""children"":[{""type"":""elst""}]},{""type"":""mdia"",""children"":[{""type"":""mdhd""},{""type"":""hdlr""},{""type"":""minf"",""children"":[{""type"":""smhd""},{""type"":""dinf"",""children"":[{""type"":""dref""}]},{""type"":""stbl"",""children"":[{""type"":""stsd"",""children"":[{""type"":""mp4a"",""children"":[{""type"":""esds""}]}]},{""type"":""stts""},{""type"":""stsc""},{""type"":""stsz""},{""type"":""stco""}]}]}]}]},{""type"":""udta"",""children"":[{""type"":""meta"",""children"":[{""type"":""hdlr""},{""type"":""ilst""}]}]}]},{""type"":""free""},{""type"":""mdat""}]";avc1avcCavcCpaspdinfdrefdrefstbledtselstelstmdiaesdssttsfreemdatftypmoovhdlrilsthdlrminfilstfreemdhdhdlrmdiamdhdmetahdlrminfsmhdminfvmhdmoovmvhdmp4aesdsmvhdtrakpaspsttssmhddinfstblstsdstcotrakstcoudtastscstszstsdavc1stsdmp4astssstscstszstcosttsstscsttsstsstkhdedtstraktkhdudtametavmhddinf;avc1avcCpaspavcCpaspsttsdinfdrefstbldrefstblstsdedtselstmdiaelstmdiamdhdesdssttsstscftypmoovmvhdhdlrilstfreehdlrminfsmhdhdlrminfvmhdilstfreemdatmdhdhdlrminfmdiamdhdhdlrmetahdlrilstminfsmhddinfminfvmhddinfmoovmvhdtrakmp4aesdssttsmvhdtraktkhdpaspsttsstsssmhddinfdrefstblstsdavc1stblstsdmp4astcotraktkhdstcoudtametastscstszstcostsdavc1avcCstsdmp4aesdsstssstscstszstszstcotrakstszstcoudtasttsstscstszsttsstssstsctkhdedtselsttraktkhdedtsudtametahdlrvmhddinfdref;avc1avcCpaspsttsavcCpaspsttsstssdinfdrefstblstsddrefstblstsdavc1drefstblstsdmp4aedtselstmdiamdhdelstmdiamdhdhdlresdssttsstscstszftypmoovmvhdtrakhdlrilstfreemdathdlrminfsmhddinfhdlrminfvmhddinfmdhdhdlrminfsmhdmdhdhdlrminfvmhdmdiamdhdhdlrminfmetahdlrilstfreeminfsmhddinfdrefminfvmhddinfdrefmoovmvhdtraktkhdmp4aesdssttsstscmvhdtraktkhdedtspaspsttsstssstscsmhddinfdrefstblstblstsdavc1avcCstblstsdmp4aesdsstcotraktkhdedtsstcoudtametahdlrstscstszstcotrakstscstszstcoudtastsdavc1avcCpaspstsdmp4aesdssttsstssstscstszstcostszstcotraktkhdstszstcoudtametasttsstscstszstcosttsstssstscstsztkhdedtselstmdiatraktkhdedtselstudtametahdlrilstvmhddinfdrefstbl
G:\Meine Ablage\Cybermaster\5_WT26\Masterarbeit\Testdaten\EVA-7K\Facebook\subset_avidemux\D08_V_indoor_move_0002.mp4;EVA-7K;D08;Samsung;GalaxyTab3;DIGITAL_CAMERA;INDOOR;MP4;FACEBOOK;AVIDEMUX;ftyp|moov(mvhd,trak(tkhd,edts(elst),mdia(mdhd,hdlr,minf(vmhd,dinf(dref),stbl(stsd(avc1(avcC,pasp)),stts,stss,stsc,stsz,stco)))),trak(tkhd,edts(elst),mdia(mdhd,hdlr,minf(smhd,dinf(dref),stbl(stsd(mp4a(esds)),stts,stsc,stsz,stco)))),udta(meta(hdlr,ilst)))|free|mdat;"[{""type"":""ftyp""},{""type"":""moov"",""children"":[{""type"":""mvhd""},{""type"":""trak"",""children"":[{""type"":""tkhd""},{""type"":""edts"",""children"":[{""type"":""elst""}]},{""type"":""mdia"",""children"":[{""type"":""mdhd""},{""type"":""hdlr""},{""type"":""minf"",""children"":[{""type"":""vmhd""},{""type"":""dinf"",""children"":[{""type"":""dref""}]},{""type"":""stbl"",""children"":[{""type"":""stsd"",""children"":[{""type"":""avc1"",""children"":[{""type"":""avcC""},{""type"":""pasp""}]}]},{""type"":""stts""},{""type"":""stss""},{""type"":""stsc""},{""type"":""stsz""},{""type"":""stco""}]}]}]}]},{""type"":""trak"",""children"":[{""type"":""tkhd""},{""type"":""edts"",""children"":[{""type"":""elst""}]},{""type"":""mdia"",""children"":[{""type"":""mdhd""},{""type"":""hdlr""},{""type"":""minf"",""children"":[{""type"":""smhd""},{""type"":""dinf"",""children"":[{""type"":""dref""}]},{""type"":""stbl"",""children"":[{""type"":""stsd"",""children"":[{""type"":""mp4a"",""children"":[{""type"":""esds""}]}]},{""type"":""stts""},{""type"":""stsc""},{""type"":""stsz""},{""type"":""stco""}]}]}]}]},{""type"":""udta"",""children"":[{""type"":""meta"",""children"":[{""type"":""hdlr""},{""type"":""ilst""}]}]}]},{""type"":""free""},{""type"":""mdat""}]";avc1avcCavcCpaspdinfdrefdrefstbledtselstelstmdiaesdssttsfreemdatftypmoovhdlrilsthdlrminfilstfreemdhdhdlrmdiamdhdmetahdlrminfsmhdminfvmhdmoovmvhdmp4aesdsmvhdtrakpaspsttssmhddinfstblstsdstcotrakstcoudtastscstszstsdavc1stsdmp4astssstscstszstcosttsstscsttsstsstkhdedtstraktkhdudtametavmhddinf;avc1avcCpaspavcCpaspsttsdinfdrefstbldrefstblstsdedtselstmdiaelstmdiamdhdesdssttsstscftypmoovmvhdhdlrilstfreehdlrminfsmhdhdlrminfvmhdilstfreemdatmdhdhdlrminfmdiamdhdhdlrmetahdlrilstminfsmhddinfminfvmhddinfmoovmvhdtrakmp4aesdssttsmvhdtraktkhdpaspsttsstsssmhddinfdrefstblstsdavc1stblstsdmp4astcotraktkhdstcoudtametastscstszstcostsdavc1avcCstsdmp4aesdsstssstscstszstszstcotrakstszstcoudtasttsstscstszsttsstssstsctkhdedtselsttraktkhdedtsudtametahdlrvmhddinfdref;avc1avcCpaspsttsavcCpaspsttsstssdinfdrefstblstsddrefstblstsdavc1drefstblstsdmp4aedtselstmdiamdhdelstmdiamdhdhdlresdssttsstscstszftypmoovmvhdtrakhdlrilstfreemdathdlrminfsmhddinfhdlrminfvmhddinfmdhdhdlrminfsmhdmdhdhdlrminfvmhdmdiamdhdhdlrminfmetahdlrilstfreeminfsmhddinfdrefminfvmhddinfdrefmoovmvhdtraktkhdmp4aesdssttsstscmvhdtraktkhdedtspaspsttsstssstscsmhddinfdrefstblstblstsdavc1avcCstblstsdmp4aesdsstcotraktkhdedtsstcoudtametahdlrstscstszstcotrakstscstszstcoudtastsdavc1avcCpaspstsdmp4aesdssttsstssstscstszstcostszstcotraktkhdstszstcoudtametasttsstscstszstcosttsstssstscstsztkhdedtselstmdiatraktkhdedtselstudtametahdlrilstvmhddinfdrefstbl
G:\Meine Ablage\Cybermaster\5_WT26\Masterarbeit\Testdaten\EVA-7K\Facebook\subset_avidemux\D08_V_outdoor_move_0001.mp4;EVA-7K;D08;Samsung;GalaxyTab3;DIGITAL_CAMERA;OUTDOOR;MP4;FACEBOOK;AVIDEMUX;ftyp|moov(mvhd,trak(tkhd,edts(elst),mdia(mdhd,hdlr,minf(vmhd,dinf(dref),stbl(stsd(avc1(avcC,pasp)),stts,stss,stsc,stsz,stco)))),trak(tkhd,edts(elst),mdia(mdhd,hdlr,minf(smhd,dinf(dref),stbl(stsd(mp4a(esds)),stts,stsc,stsz,stco)))),udta(meta(hdlr,ilst)))|free|mdat;"[{""type"":""ftyp""},{""type"":""moov"",""children"":[{""type"":""mvhd""},{""type"":""trak"",""children"":[{""type"":""tkhd""},{""type"":""edts"",""children"":[{""type"":""elst""}]},{""type"":""mdia"",""children"":[{""type"":""mdhd""},{""type"":""hdlr""},{""type"":""minf"",""children"":[{""type"":""vmhd""},{""type"":""dinf"",""children"":[{""type"":""dref""}]},{""type"":""stbl"",""children"":[{""type"":""stsd"",""children"":[{""type"":""avc1"",""children"":[{""type"":""avcC""},{""type"":""pasp""}]}]},{""type"":""stts""},{""type"":""stss""},{""type"":""stsc""},{""type"":""stsz""},{""type"":""stco""}]}]}]}]},{""type"":""trak"",""children"":[{""type"":""tkhd""},{""type"":""edts"",""children"":[{""type"":""elst""}]},{""type"":""mdia"",""children"":[{""type"":""mdhd""},{""type"":""hdlr""},{""type"":""minf"",""children"":[{""type"":""smhd""},{""type"":""dinf"",""children"":[{""type"":""dref""}]},{""type"":""stbl"",""children"":[{""type"":""stsd"",""children"":[{""type"":""mp4a"",""children"":[{""type"":""esds""}]}]},{""type"":""stts""},{""type"":""stsc""},{""type"":""stsz""},{""type"":""stco""}]}]}]}]},{""type"":""udta"",""children"":[{""type"":""meta"",""children"":[{""type"":""hdlr""},{""type"":""ilst""}]}]}]},{""type"":""free""},{""type"":""mdat""}]";avc1avcCavcCpaspdinfdrefdrefstbledtselstelstmdiaesdssttsfreemdatftypmoovhdlrilsthdlrminfilstfreemdhdhdlrmdiamdhdmetahdlrminfsmhdminfvmhdmoovmvhdmp4aesdsmvhdtrakpaspsttssmhddinfstblstsdstcotrakstcoudtastscstszstsdavc1stsdmp4astssstscstszstcosttsstscsttsstsstkhdedtstraktkhdudtametavmhddinf;avc1avcCpaspavcCpaspsttsdinfdrefstbldrefstblstsdedtselstmdiaelstmdiamdhdesdssttsstscftypmoovmvhdhdlrilstfreehdlrminfsmhdhdlrminfvmhdilstfreemdatmdhdhdlrminfmdiamdhdhdlrmetahdlrilstminfsmhddinfminfvmhddinfmoovmvhdtrakmp4aesdssttsmvhdtraktkhdpaspsttsstsssmhddinfdrefstblstsdavc1stblstsdmp4astcotraktkhdstcoudtametastscstszstcostsdavc1avcCstsdmp4aesdsstssstscstszstszstcotrakstszstcoudtasttsstscstszsttsstssstsctkhdedtselsttraktkhdedtsudtametahdlrvmhddinfdref;avc1avcCpaspsttsavcCpaspsttsstssdinfdrefstblstsddrefstblstsdavc1drefstblstsdmp4aedtselstmdiamdhdelstmdiamdhdhdlresdssttsstscstszftypmoovmvhdtrakhdlrilstfreemdathdlrminfsmhddinfhdlrminfvmhddinfmdhdhdlrminfsmhdmdhdhdlrminfvmhdmdiamdhdhdlrminfmetahdlrilstfreeminfsmhddinfdrefminfvmhddinfdrefmoovmvhdtraktkhdmp4aesdssttsstscmvhdtraktkhdedtspaspsttsstssstscsmhddinfdrefstblstblstsdavc1avcCstblstsdmp4aesdsstcotraktkhdedtsstcoudtametahdlrstscstszstcotrakstscstszstcoudtastsdavc1avcCpaspstsdmp4aesdssttsstssstscstszstcostszstcotraktkhdstszstcoudtametasttsstscstszstcosttsstssstscstsztkhdedtselstmdiatraktkhdedtselstudtametahdlrilstvmhddinfdrefstbl
G:\Meine Ablage\Cybermaster\5_WT26\Masterarbeit\Testdaten\EVA-7K\Facebook\subset_avidemux\D08_V_outdoor_move_0002.mp4;EVA-7K;D08;Samsung;GalaxyTab3;DIGITAL_CAMERA;OUTDOOR;MP4;FACEBOOK;AVIDEMUX;ftyp|moov(mvhd,trak(tkhd,edts(elst),mdia(mdhd,hdlr,minf(vmhd,dinf(dref),stbl(stsd(avc1(avcC,pasp)),stts,stss,stsc,stsz,stco)))),trak(tkhd,edts(elst),mdia(mdhd,hdlr,minf(smhd,dinf(dref),stbl(stsd(mp4a(esds)),stts,stsc,stsz,stco)))),udta(meta(hdlr,ilst)))|free|mdat;"[{""type"":""ftyp""},{""type"":""moov"",""children"":[{""type"":""mvhd""},{""type"":""trak"",""children"":[{""type"":""tkhd""},{""type"":""edts"",""children"":[{""type"":""elst""}]},{""type"":""mdia"",""children"":[{""type"":""mdhd""},{""type"":""hdlr""},{""type"":""minf"",""children"":[{""type"":""vmhd""},{""type"":""dinf"",""children"":[{""type"":""dref""}]},{""type"":""stbl"",""children"":[{""type"":""stsd"",""children"":[{""type"":""avc1"",""children"":[{""type"":""avcC""},{""type"":""pasp""}]}]},{""type"":""stts""},{""type"":""stss""},{""type"":""stsc""},{""type"":""stsz""},{""type"":""stco""}]}]}]}]},{""type"":""trak"",""children"":[{""type"":""tkhd""},{""type"":""edts"",""children"":[{""type"":""elst""}]},{""type"":""mdia"",""children"":[{""type"":""mdhd""},{""type"":""hdlr""},{""type"":""minf"",""children"":[{""type"":""smhd""},{""type"":""dinf"",""children"":[{""type"":""dref""}]},{""type"":""stbl"",""children"":[{""type"":""stsd"",""children"":[{""type"":""mp4a"",""children"":[{""type"":""esds""}]}]},{""type"":""stts""},{""type"":""stsc""},{""type"":""stsz""},{""type"":""stco""}]}]}]}]},{""type"":""udta"",""children"":[{""type"":""meta"",""children"":[{""type"":""hdlr""},{""type"":""ilst""}]}]}]},{""type"":""free""},{""type"":""mdat""}]";avc1avcCavcCpaspdinfdrefdrefstbledtselstelstmdiaesdssttsfreemdatftypmoovhdlrilsthdlrminfilstfreemdhdhdlrmdiamdhdmetahdlrminfsmhdminfvmhdmoovmvhdmp4aesdsmvhdtrakpaspsttssmhddinfstblstsdstcotrakstcoudtastscstszstsdavc1stsdmp4astssstscstszstcosttsstscsttsstsstkhdedtstraktkhdudtametavmhddinf;avc1avcCpaspavcCpaspsttsdinfdrefstbldrefstblstsdedtselstmdiaelstmdiamdhdesdssttsstscftypmoovmvhdhdlrilstfreehdlrminfsmhdhdlrminfvmhdilstfreemdatmdhdhdlrminfmdiamdhdhdlrmetahdlrilstminfsmhddinfminfvmhddinfmoovmvhdtrakmp4aesdssttsmvhdtraktkhdpaspsttsstsssmhddinfdrefstblstsdavc1stblstsdmp4astcotraktkhdstcoudtametastscstszstcostsdavc1avcCstsdmp4aesdsstssstscstszstszstcotrakstszstcoudtasttsstscstszsttsstssstsctkhdedtselsttraktkhdedtsudtametahdlrvmhddinfdref;avc1avcCpaspsttsavcCpaspsttsstssdinfdrefstblstsddrefstblstsdavc1drefstblstsdmp4aedtselstmdiamdhdelstmdiamdhdhdlresdssttsstscstszftypmoovmvhdtrakhdlrilstfreemdathdlrminfsmhddinfhdlrminfvmhddinfmdhdhdlrminfsmhdmdhdhdlrminfvmhdmdiamdhdhdlrminfmetahdlrilstfreeminfsmhddinfdrefminfvmhddinfdrefmoovmvhdtraktkhdmp4aesdssttsstscmvhdtraktkhdedtspaspsttsstssstscsmhddinfdrefstblstblstsdavc1avcCstblstsdmp4aesdsstcotraktkhdedtsstcoudtametahdlrstscstszstcotrakstscstszstcoudtastsdavc1avcCpaspstsdmp4aesdssttsstssstscstszstcostszstcotraktkhdstszstcoudtametasttsstscstszstcosttsstssstscstsztkhdedtselstmdiatraktkhdedtselstudtametahdlrilstvmhddinfdrefstbl
G:\Meine Ablage\Cybermaster\5_WT26\Masterarbeit\Testdaten\EVA-7K\Facebook\subset_avidemux\D11_V_indoor_move_0001.mp4;EVA-7K;D11;Samsung;GalaxyS3;DIGITAL_CAMERA;INDOOR;MP4;FACEBOOK;AVIDEMUX;ftyp|moov(mvhd,trak(tkhd,edts(elst),mdia(mdhd,hdlr,minf(vmhd,dinf(dref),stbl(stsd(avc1(avcC,pasp)),stts,stss,stsc,stsz,stco)))),trak(tkhd,edts(elst),mdia(mdhd,hdlr,minf(smhd,dinf(dref),stbl(stsd(mp4a(esds)),stts,stsc,stsz,stco)))),udta(meta(hdlr,ilst)))|free|mdat;"[{""type"":""ftyp""},{""type"":""moov"",""children"":[{""type"":""mvhd""},{""type"":""trak"",""children"":[{""type"":""tkhd""},{""type"":""edts"",""children"":[{""type"":""elst""}]},{""type"":""mdia"",""children"":[{""type"":""mdhd""},{""type"":""hdlr""},{""type"":""minf"",""children"":[{""type"":""vmhd""},{""type"":""dinf"",""children"":[{""type"":""dref""}]},{""type"":""stbl"",""children"":[{""type"":""stsd"",""children"":[{""type"":""avc1"",""children"":[{""type"":""avcC""},{""type"":""pasp""}]}]},{""type"":""stts""},{""type"":""stss""},{""type"":""stsc""},{""type"":""stsz""},{""type"":""stco""}]}]}]}]},{""type"":""trak"",""children"":[{""type"":""tkhd""},{""type"":""edts"",""children"":[{""type"":""elst""}]},{""type"":""mdia"",""children"":[{""type"":""mdhd""},{""type"":""hdlr""},{""type"":""minf"",""children"":[{""type"":""smhd""},{""type"":""dinf"",""children"":[{""type"":""dref""}]},{""type"":""stbl"",""children"":[{""type"":""stsd"",""children"":[{""type"":""mp4a"",""children"":[{""type"":""esds""}]}]},{""type"":""stts""},{""type"":""stsc""},{""type"":""stsz""},{""type"":""stco""}]}]}]}]},{""type"":""udta"",""children"":[{""type"":""meta"",""children"":[{""type"":""hdlr""},{""type"":""ilst""}]}]}]},{""type"":""free""},{""type"":""mdat""}]";avc1avcCavcCpaspdinfdrefdrefstbledtselstelstmdiaesdssttsfreemdatftypmoovhdlrilsthdlrminfilstfreemdhdhdlrmdiamdhdmetahdlrminfsmhdminfvmhdmoovmvhdmp4aesdsmvhdtrakpaspsttssmhddinfstblstsdstcotrakstcoudtastscstszstsdavc1stsdmp4astssstscstszstcosttsstscsttsstsstkhdedtstraktkhdudtametavmhddinf;avc1avcCpaspavcCpaspsttsdinfdrefstbldrefstblstsdedtselstmdiaelstmdiamdhdesdssttsstscftypmoovmvhdhdlrilstfreehdlrminfsmhdhdlrminfvmhdilstfreemdatmdhdhdlrminfmdiamdhdhdlrmetahdlrilstminfsmhddinfminfvmhddinfmoovmvhdtrakmp4aesdssttsmvhdtraktkhdpaspsttsstsssmhddinfdrefstblstsdavc1stblstsdmp4astcotraktkhdstcoudtametastscstszstcostsdavc1avcCstsdmp4aesdsstssstscstszstszstcotrakstszstcoudtasttsstscstszsttsstssstsctkhdedtselsttraktkhdedtsudtametahdlrvmhddinfdref;avc1avcCpaspsttsavcCpaspsttsstssdinfdrefstblstsddrefstblstsdavc1drefstblstsdmp4aedtselstmdiamdhdelstmdiamdhdhdlresdssttsstscstszftypmoovmvhdtrakhdlrilstfreemdathdlrminfsmhddinfhdlrminfvmhddinfmdhdhdlrminfsmhdmdhdhdlrminfvmhdmdiamdhdhdlrminfmetahdlrilstfreeminfsmhddinfdrefminfvmhddinfdrefmoovmvhdtraktkhdmp4aesdssttsstscmvhdtraktkhdedtspaspsttsstssstscsmhddinfdrefstblstblstsdavc1avcCstblstsdmp4aesdsstcotraktkhdedtsstcoudtametahdlrstscstszstcotrakstscstszstcoudtastsdavc1avcCpaspstsdmp4aesdssttsstssstscstszstcostszstcotraktkhdstszstcoudtametasttsstscstszstcosttsstssstscstsztkhdedtselstmdiatraktkhdedtselstudtametahdlrilstvmhddinfdrefstbl
G:\Meine Ablage\Cybermaster\5_WT26\Masterarbeit\Testdaten\EVA-7K\Facebook\subset_avidemux\D11_V_indoor_move_0002.mp4;EVA-7K;D11;Samsung;GalaxyS3;DIGITAL_CAMERA;INDOOR;MP4;FACEBOOK;AVIDEMUX;ftyp|moov(mvhd,trak(tkhd,edts(elst),mdia(mdhd,hdlr,minf(vmhd,dinf(dref),stbl(stsd(avc1(avcC,pasp)),stts,stss,stsc,stsz,stco)))),trak(tkhd,edts(elst),mdia(mdhd,hdlr,minf(smhd,dinf(dref),stbl(stsd(mp4a(esds)),stts,stsc,stsz,stco)))),udta(meta(hdlr,ilst)))|free|mdat;"[{""type"":""ftyp""},{""type"":""moov"",""children"":[{""type"":""mvhd""},{""type"":""trak"",""children"":[{""type"":""tkhd""},{""type"":""edts"",""children"":[{""type"":""elst""}]},{""type"":""mdia"",""children"":[{""type"":""mdhd""},{""type"":""hdlr""},{""type"":""minf"",""children"":[{""type"":""vmhd""},{""type"":""dinf"",""children"":[{""type"":""dref""}]},{""type"":""stbl"",""children"":[{""type"":""stsd"",""children"":[{""type"":""avc1"",""children"":[{""type"":""avcC""},{""type"":""pasp""}]}]},{""type"":""stts""},{""type"":""stss""},{""type"":""stsc""},{""type"":""stsz""},{""type"":""stco""}]}]}]}]},{""type"":""trak"",""children"":[{""type"":""tkhd""},{""type"":""edts"",""children"":[{""type"":""elst""}]},{""type"":""mdia"",""children"":[{""type"":""mdhd""},{""type"":""hdlr""},{""type"":""minf"",""children"":[{""type"":""smhd""},{""type"":""dinf"",""children"":[{""type"":""dref""}]},{""type"":""stbl"",""children"":[{""type"":""stsd"",""children"":[{""type"":""mp4a"",""children"":[{""type"":""esds""}]}]},{""type"":""stts""},{""type"":""stsc""},{""type"":""stsz""},{""type"":""stco""}]}]}]}]},{""type"":""udta"",""children"":[{""type"":""meta"",""children"":[{""type"":""hdlr""},{""type"":""ilst""}]}]}]},{""type"":""free""},{""type"":""mdat""}]";avc1avcCavcCpaspdinfdrefdrefstbledtselstelstmdiaesdssttsfreemdatftypmoovhdlrilsthdlrminfilstfreemdhdhdlrmdiamdhdmetahdlrminfsmhdminfvmhdmoovmvhdmp4aesdsmvhdtrakpaspsttssmhddinfstblstsdstcotrakstcoudtastscstszstsdavc1stsdmp4astssstscstszstcosttsstscsttsstsstkhdedtstraktkhdudtametavmhddinf;avc1avcCpaspavcCpaspsttsdinfdrefstbldrefstblstsdedtselstmdiaelstmdiamdhdesdssttsstscftypmoovmvhdhdlrilstfreehdlrminfsmhdhdlrminfvmhdilstfreemdatmdhdhdlrminfmdiamdhdhdlrmetahdlrilstminfsmhddinfminfvmhddinfmoovmvhdtrakmp4aesdssttsmvhdtraktkhdpaspsttsstsssmhddinfdrefstblstsdavc1stblstsdmp4astcotraktkhdstcoudtametastscstszstcostsdavc1avcCstsdmp4aesdsstssstscstszstszstcotrakstszstcoudtasttsstscstszsttsstssstsctkhdedtselsttraktkhdedtsudtametahdlrvmhddinfdref;avc1avcCpaspsttsavcCpaspsttsstssdinfdrefstblstsddrefstblstsdavc1drefstblstsdmp4aedtselstmdiamdhdelstmdiamdhdhdlresdssttsstscstszftypmoovmvhdtrakhdlrilstfreemdathdlrminfsmhddinfhdlrminfvmhddinfmdhdhdlrminfsmhdmdhdhdlrminfvmhdmdiamdhdhdlrminfmetahdlrilstfreeminfsmhddinfdrefminfvmhddinfdrefmoovmvhdtraktkhdmp4aesdssttsstscmvhdtraktkhdedtspaspsttsstssstscsmhddinfdrefstblstblstsdavc1avcCstblstsdmp4aesdsstcotraktkhdedtsstcoudtametahdlrstscstszstcotrakstscstszstcoudtastsdavc1avcCpaspstsdmp4aesdssttsstssstscstszstcostszstcotraktkhdstszstcoudtametasttsstscstszstcosttsstssstscstsztkhdedtselstmdiatraktkhdedtselstudtametahdlrilstvmhddinfdrefstbl
G:\Meine Ablage\Cybermaster\5_WT26\Masterarbeit\Testdaten\EVA-7K\Facebook\subset_avidemux\D11_V_outdoor_move_0001.mp4;EVA-7K;D11;Samsung;GalaxyS3;DIGITAL_CAMERA;OUTDOOR;MP4;FACEBOOK;AVIDEMUX;ftyp|moov(mvhd,trak(tkhd,edts(elst),mdia(mdhd,hdlr,minf(vmhd,dinf(dref),stbl(stsd(avc1(avcC,pasp)),stts,stss,stsc,stsz,stco)))),trak(tkhd,edts(elst),mdia(mdhd,hdlr,minf(smhd,dinf(dref),stbl(stsd(mp4a(esds)),stts,stsc,stsz,stco)))),udta(meta(hdlr,ilst)))|free|mdat;"[{""type"":""ftyp""},{""type"":""moov"",""children"":[{""type"":""mvhd""},{""type"":""trak"",""children"":[{""type"":""tkhd""},{""type"":""edts"",""children"":[{""type"":""elst""}]},{""type"":""mdia"",""children"":[{""type"":""mdhd""},{""type"":""hdlr""},{""type"":""minf"",""children"":[{""type"":""vmhd""},{""type"":""dinf"",""children"":[{""type"":""dref""}]},{""type"":""stbl"",""children"":[{""type"":""stsd"",""children"":[{""type"":""avc1"",""children"":[{""type"":""avcC""},{""type"":""pasp""}]}]},{""type"":""stts""},{""type"":""stss""},{""type"":""stsc""},{""type"":""stsz""},{""type"":""stco""}]}]}]}]},{""type"":""trak"",""children"":[{""type"":""tkhd""},{""type"":""edts"",""children"":[{""type"":""elst""}]},{""type"":""mdia"",""children"":[{""type"":""mdhd""},{""type"":""hdlr""},{""type"":""minf"",""children"":[{""type"":""smhd""},{""type"":""dinf"",""children"":[{""type"":""dref""}]},{""type"":""stbl"",""children"":[{""type"":""stsd"",""children"":[{""type"":""mp4a"",""children"":[{""type"":""esds""}]}]},{""type"":""stts""},{""type"":""stsc""},{""type"":""stsz""},{""type"":""stco""}]}]}]}]},{""type"":""udta"",""children"":[{""type"":""meta"",""children"":[{""type"":""hdlr""},{""type"":""ilst""}]}]}]},{""type"":""free""},{""type"":""mdat""}]";avc1avcCavcCpaspdinfdrefdrefstbledtselstelstmdiaesdssttsfreemdatftypmoovhdlrilsthdlrminfilstfreemdhdhdlrmdiamdhdmetahdlrminfsmhdminfvmhdmoovmvhdmp4aesdsmvhdtrakpaspsttssmhddinfstblstsdstcotrakstcoudtastscstszstsdavc1stsdmp4astssstscstszstcosttsstscsttsstsstkhdedtstraktkhdudtametavmhddinf;avc1avcCpaspavcCpaspsttsdinfdrefstbldrefstblstsdedtselstmdiaelstmdiamdhdesdssttsstscftypmoovmvhdhdlrilstfreehdlrminfsmhdhdlrminfvmhdilstfreemdatmdhdhdlrminfmdiamdhdhdlrmetahdlrilstminfsmhddinfminfvmhddinfmoovmvhdtrakmp4aesdssttsmvhdtraktkhdpaspsttsstsssmhddinfdrefstblstsdavc1stblstsdmp4astcotraktkhdstcoudtametastscstszstcostsdavc1avcCstsdmp4aesdsstssstscstszstszstcotrakstszstcoudtasttsstscstszsttsstssstsctkhdedtselsttraktkhdedtsudtametahdlrvmhddinfdref;avc1avcCpaspsttsavcCpaspsttsstssdinfdrefstblstsddrefstblstsdavc1drefstblstsdmp4aedtselstmdiamdhdelstmdiamdhdhdlresdssttsstscstszftypmoovmvhdtrakhdlrilstfreemdathdlrminfsmhddinfhdlrminfvmhddinfmdhdhdlrminfsmhdmdhdhdlrminfvmhdmdiamdhdhdlrminfmetahdlrilstfreeminfsmhddinfdrefminfvmhddinfdrefmoovmvhdtraktkhdmp4aesdssttsstscmvhdtraktkhdedtspaspsttsstssstscsmhddinfdrefstblstblstsdavc1avcCstblstsdmp4aesdsstcotraktkhdedtsstcoudtametahdlrstscstszstcotrakstscstszstcoudtastsdavc1avcCpaspstsdmp4aesdssttsstssstscstszstcostszstcotraktkhdstszstcoudtametasttsstscstszstcosttsstssstscstsztkhdedtselstmdiatraktkhdedtselstudtametahdlrilstvmhddinfdrefstbl
G:\Meine Ablage\Cybermaster\5_WT26\Masterarbeit\Testdaten\EVA-7K\Facebook\subset_avidemux\D11_V_outdoor_move_0002.mp4;EVA-7K;D11;Samsung;GalaxyS3;DIGITAL_CAMERA;OUTDOOR;MP4;FACEBOOK;AVIDEMUX;ftyp|moov(mvhd,trak(tkhd,edts(elst),mdia(mdhd,hdlr,minf(vmhd,dinf(dref),stbl(stsd(avc1(avcC,pasp)),stts,stss,stsc,stsz,stco)))),trak(tkhd,edts(elst),mdia(mdhd,hdlr,minf(smhd,dinf(dref),stbl(stsd(mp4a(esds)),stts,stsc,stsz,stco)))),udta(meta(hdlr,ilst)))|free|mdat;"[{""type"":""ftyp""},{""type"":""moov"",""children"":[{""type"":""mvhd""},{""type"":""trak"",""children"":[{""type"":""tkhd""},{""type"":""edts"",""children"":[{""type"":""elst""}]},{""type"":""mdia"",""children"":[{""type"":""mdhd""},{""type"":""hdlr""},{""type"":""minf"",""children"":[{""type"":""vmhd""},{""type"":""dinf"",""children"":[{""type"":""dref""}]},{""type"":""stbl"",""children"":[{""type"":""stsd"",""children"":[{""type"":""avc1"",""children"":[{""type"":""avcC""},{""type"":""pasp""}]}]},{""type"":""stts""},{""type"":""stss""},{""type"":""stsc""},{""type"":""stsz""},{""type"":""stco""}]}]}]}]},{""type"":""trak"",""children"":[{""type"":""tkhd""},{""type"":""edts"",""children"":[{""type"":""elst""}]},{""type"":""mdia"",""children"":[{""type"":""mdhd""},{""type"":""hdlr""},{""type"":""minf"",""children"":[{""type"":""smhd""},{""type"":""dinf"",""children"":[{""type"":""dref""}]},{""type"":""stbl"",""children"":[{""type"":""stsd"",""children"":[{""type"":""mp4a"",""children"":[{""type"":""esds""}]}]},{""type"":""stts""},{""type"":""stsc""},{""type"":""stsz""},{""type"":""stco""}]}]}]}]},{""type"":""udta"",""children"":[{""type"":""meta"",""children"":[{""type"":""hdlr""},{""type"":""ilst""}]}]}]},{""type"":""free""},{""type"":""mdat""}]";avc1avcCavcCpaspdinfdrefdrefstbledtselstelstmdiaesdssttsfreemdatftypmoovhdlrilsthdlrminfilstfreemdhdhdlrmdiamdhdmetahdlrminfsmhdminfvmhdmoovmvhdmp4aesdsmvhdtrakpaspsttssmhddinfstblstsdstcotrakstcoudtastscstszstsdavc1stsdmp4astssstscstszstcosttsstscsttsstsstkhdedtstraktkhdudtametavmhddinf;avc1avcCpaspavcCpaspsttsdinfdrefstbldrefstblstsdedtselstmdiaelstmdiamdhdesdssttsstscftypmoovmvhdhdlrilstfreehdlrminfsmhdhdlrminfvmhdilstfreemdatmdhdhdlrminfmdiamdhdhdlrmetahdlrilstminfsmhddinfminfvmhddinfmoovmvhdtrakmp4aesdssttsmvhdtraktkhdpaspsttsstsssmhddinfdrefstblstsdavc1stblstsdmp4astcotraktkhdstcoudtametastscstszstcostsdavc1avcCstsdmp4aesdsstssstscstszstszstcotrakstszstcoudtasttsstscstszsttsstssstsctkhdedtselsttraktkhdedtsudtametahdlrvmhddinfdref;avc1avcCpaspsttsavcCpaspsttsstssdinfdrefstblstsddrefstblstsdavc1drefstblstsdmp4aedtselstmdiamdhdelstmdiamdhdhdlresdssttsstscstszftypmoovmvhdtrakhdlrilstfreemdathdlrminfsmhddinfhdlrminfvmhddinfmdhdhdlrminfsmhdmdhdhdlrminfvmhdmdiamdhdhdlrminfmetahdlrilstfreeminfsmhddinfdrefminfvmhddinfdrefmoovmvhdtraktkhdmp4aesdssttsstscmvhdtraktkhdedtspaspsttsstssstscsmhddinfdrefstblstblstsdavc1avcCstblstsdmp4aesdsstcotraktkhdedtsstcoudtametahdlrstscstszstcotrakstscstszstcoudtastsdavc1avcCpaspstsdmp4aesdssttsstssstscstszstcostszstcotraktkhdstszstcoudtametasttsstscstszstcosttsstssstscstsztkhdedtselstmdiatraktkhdedtselstudtametahdlrilstvmhddinfdrefstbl
G:\Meine Ablage\Cybermaster\5_WT26\Masterarbeit\Testdaten\EVA-7K\Facebook\subset_avidemux\D22_V_indoor_move_0001.mp4;EVA-7K;D22;Samsung;GalaxyTrendPlus;DIGITAL_CAMERA;INDOOR;MP4;FACEBOOK;AVIDEMUX;ftyp|moov(mvhd,trak(tkhd,edts(elst),mdia(mdhd,hdlr,minf(vmhd,dinf(dref),stbl(stsd(avc1(avcC,pasp)),stts,stss,stsc,stsz,stco)))),trak(tkhd,edts(elst),mdia(mdhd,hdlr,minf(smhd,dinf(dref),stbl(stsd(mp4a(esds)),stts,stsc,stsz,stco)))),udta(meta(hdlr,ilst)))|free|mdat;"[{""type"":""ftyp""},{""type"":""moov"",""children"":[{""type"":""mvhd""},{""type"":""trak"",""children"":[{""type"":""tkhd""},{""type"":""edts"",""children"":[{""type"":""elst""}]},{""type"":""mdia"",""children"":[{""type"":""mdhd""},{""type"":""hdlr""},{""type"":""minf"",""children"":[{""type"":""vmhd""},{""type"":""dinf"",""children"":[{""type"":""dref""}]},{""type"":""stbl"",""children"":[{""type"":""stsd"",""children"":[{""type"":""avc1"",""children"":[{""type"":""avcC""},{""type"":""pasp""}]}]},{""type"":""stts""},{""type"":""stss""},{""type"":""stsc""},{""type"":""stsz""},{""type"":""stco""}]}]}]}]},{""type"":""trak"",""children"":[{""type"":""tkhd""},{""type"":""edts"",""children"":[{""type"":""elst""}]},{""type"":""mdia"",""children"":[{""type"":""mdhd""},{""type"":""hdlr""},{""type"":""minf"",""children"":[{""type"":""smhd""},{""type"":""dinf"",""children"":[{""type"":""dref""}]},{""type"":""stbl"",""children"":[{""type"":""stsd"",""children"":[{""type"":""mp4a"",""children"":[{""type"":""esds""}]}]},{""type"":""stts""},{""type"":""stsc""},{""type"":""stsz""},{""type"":""stco""}]}]}]}]},{""type"":""udta"",""children"":[{""type"":""meta"",""children"":[{""type"":""hdlr""},{""type"":""ilst""}]}]}]},{""type"":""free""},{""type"":""mdat""}]";avc1avcCavcCpaspdinfdrefdrefstbledtselstelstmdiaesdssttsfreemdatftypmoovhdlrilsthdlrminfilstfreemdhdhdlrmdiamdhdmetahdlrminfsmhdminfvmhdmoovmvhdmp4aesdsmvhdtrakpaspsttssmhddinfstblstsdstcotrakstcoudtastscstszstsdavc1stsdmp4astssstscstszstcosttsstscsttsstsstkhdedtstraktkhdudtametavmhddinf;avc1avcCpaspavcCpaspsttsdinfdrefstbldrefstblstsdedtselstmdiaelstmdiamdhdesdssttsstscftypmoovmvhdhdlrilstfreehdlrminfsmhdhdlrminfvmhdilstfreemdatmdhdhdlrminfmdiamdhdhdlrmetahdlrilstminfsmhddinfminfvmhddinfmoovmvhdtrakmp4aesdssttsmvhdtraktkhdpaspsttsstsssmhddinfdrefstblstsdavc1stblstsdmp4astcotraktkhdstcoudtametastscstszstcostsdavc1avcCstsdmp4aesdsstssstscstszstszstcotrakstszstcoudtasttsstscstszsttsstssstsctkhdedtselsttraktkhdedtsudtametahdlrvmhddinfdref;avc1avcCpaspsttsavcCpaspsttsstssdinfdrefstblstsddrefstblstsdavc1drefstblstsdmp4aedtselstmdiamdhdelstmdiamdhdhdlresdssttsstscstszftypmoovmvhdtrakhdlrilstfreemdathdlrminfsmhddinfhdlrminfvmhddinfmdhdhdlrminfsmhdmdhdhdlrminfvmhdmdiamdhdhdlrminfmetahdlrilstfreeminfsmhddinfdrefminfvmhddinfdrefmoovmvhdtraktkhdmp4aesdssttsstscmvhdtraktkhdedtspaspsttsstssstscsmhddinfdrefstblstblstsdavc1avcCstblstsdmp4aesdsstcotraktkhdedtsstcoudtametahdlrstscstszstcotrakstscstszstcoudtastsdavc1avcCpaspstsdmp4aesdssttsstssstscstszstcostszstcotraktkhdstszstcoudtametasttsstscstszstcosttsstssstscstsztkhdedtselstmdiatraktkhdedtselstudtametahdlrilstvmhddinfdrefstbl
G:\Meine Ablage\Cybermaster\5_WT26\Masterarbeit\Testdaten\EVA-7K\Facebook\subset_avidemux\D22_V_indoor_move_0002.mp4;EVA-7K;D22;Samsung;GalaxyTrendPlus;DIGITAL_CAMERA;INDOOR;MP4;FACEBOOK;AVIDEMUX;ftyp|moov(mvhd,trak(tkhd,edts(elst),mdia(mdhd,hdlr,minf(vmhd,dinf(dref),stbl(stsd(avc1(avcC,pasp)),stts,stss,stsc,stsz,stco)))),trak(tkhd,edts(elst),mdia(mdhd,hdlr,minf(smhd,dinf(dref),stbl(stsd(mp4a(esds)),stts,stsc,stsz,stco)))),udta(meta(hdlr,ilst)))|free|mdat;"[{""type"":""ftyp""},{""type"":""moov"",""children"":[{""type"":""mvhd""},{""type"":""trak"",""children"":[{""type"":""tkhd""},{""type"":""edts"",""children"":[{""type"":""elst""}]},{""type"":""mdia"",""children"":[{""type"":""mdhd""},{""type"":""hdlr""},{""type"":""minf"",""children"":[{""type"":""vmhd""},{""type"":""dinf"",""children"":[{""type"":""dref""}]},{""type"":""stbl"",""children"":[{""type"":""stsd"",""children"":[{""type"":""avc1"",""children"":[{""type"":""avcC""},{""type"":""pasp""}]}]},{""type"":""stts""},{""type"":""stss""},{""type"":""stsc""},{""type"":""stsz""},{""type"":""stco""}]}]}]}]},{""type"":""trak"",""children"":[{""type"":""tkhd""},{""type"":""edts"",""children"":[{""type"":""elst""}]},{""type"":""mdia"",""children"":[{""type"":""mdhd""},{""type"":""hdlr""},{""type"":""minf"",""children"":[{""type"":""smhd""},{""type"":""dinf"",""children"":[{""type"":""dref""}]},{""type"":""stbl"",""children"":[{""type"":""stsd"",""children"":[{""type"":""mp4a"",""children"":[{""type"":""esds""}]}]},{""type"":""stts""},{""type"":""stsc""},{""type"":""stsz""},{""type"":""stco""}]}]}]}]},{""type"":""udta"",""children"":[{""type"":""meta"",""children"":[{""type"":""hdlr""},{""type"":""ilst""}]}]}]},{""type"":""free""},{""type"":""mdat""}]";avc1avcCavcCpaspdinfdrefdrefstbledtselstelstmdiaesdssttsfreemdatftypmoovhdlrilsthdlrminfilstfreemdhdhdlrmdiamdhdmetahdlrminfsmhdminfvmhdmoovmvhdmp4aesdsmvhdtrakpaspsttssmhddinfstblstsdstcotrakstcoudtastscstszstsdavc1stsdmp4astssstscstszstcosttsstscsttsstsstkhdedtstraktkhdudtametavmhddinf;avc1avcCpaspavcCpaspsttsdinfdrefstbldrefstblstsdedtselstmdiaelstmdiamdhdesdssttsstscftypmoovmvhdhdlrilstfreehdlrminfsmhdhdlrminfvmhdilstfreemdatmdhdhdlrminfmdiamdhdhdlrmetahdlrilstminfsmhddinfminfvmhddinfmoovmvhdtrakmp4aesdssttsmvhdtraktkhdpaspsttsstsssmhddinfdrefstblstsdavc1stblstsdmp4astcotraktkhdstcoudtametastscstszstcostsdavc1avcCstsdmp4aesdsstssstscstszstszstcotrakstszstcoudtasttsstscstszsttsstssstsctkhdedtselsttraktkhdedtsudtametahdlrvmhddinfdref;avc1avcCpaspsttsavcCpaspsttsstssdinfdrefstblstsddrefstblstsdavc1drefstblstsdmp4aedtselstmdiamdhdelstmdiamdhdhdlresdssttsstscstszftypmoovmvhdtrakhdlrilstfreemdathdlrminfsmhddinfhdlrminfvmhddinfmdhdhdlrminfsmhdmdhdhdlrminfvmhdmdiamdhdhdlrminfmetahdlrilstfreeminfsmhddinfdrefminfvmhddinfdrefmoovmvhdtraktkhdmp4aesdssttsstscmvhdtraktkhdedtspaspsttsstssstscsmhddinfdrefstblstblstsdavc1avcCstblstsdmp4aesdsstcotraktkhdedtsstcoudtametahdlrstscstszstcotrakstscstszstcoudtastsdavc1avcCpaspstsdmp4aesdssttsstssstscstszstcostszstcotraktkhdstszstcoudtametasttsstscstszstcosttsstssstscstsztkhdedtselstmdiatraktkhdedtselstudtametahdlrilstvmhddinfdrefstbl
G:\Meine Ablage\Cybermaster\5_WT26\Masterarbeit\Testdaten\EVA-7K\Facebook\subset_avidemux\D22_V_outdoor_move_0001.mp4;EVA-7K;D22;Samsung;GalaxyTrendPlus;DIGITAL_CAMERA;OUTDOOR;MP4;FACEBOOK;AVIDEMUX;ftyp|moov(mvhd,trak(tkhd,edts(elst),mdia(mdhd,hdlr,minf(vmhd,dinf(dref),stbl(stsd(avc1(avcC,pasp)),stts,stss,stsc,stsz,stco)))),trak(tkhd,edts(elst),mdia(mdhd,hdlr,minf(smhd,dinf(dref),stbl(stsd(mp4a(esds)),stts,stsc,stsz,stco)))),udta(meta(hdlr,ilst)))|free|mdat;"[{""type"":""ftyp""},{""type"":""moov"",""children"":[{""type"":""mvhd""},{""type"":""trak"",""children"":[{""type"":""tkhd""},{""type"":""edts"",""children"":[{""type"":""elst""}]},{""type"":""mdia"",""children"":[{""type"":""mdhd""},{""type"":""hdlr""},{""type"":""minf"",""children"":[{""type"":""vmhd""},{""type"":""dinf"",""children"":[{""type"":""dref""}]},{""type"":""stbl"",""children"":[{""type"":""stsd"",""children"":[{""type"":""avc1"",""children"":[{""type"":""avcC""},{""type"":""pasp""}]}]},{""type"":""stts""},{""type"":""stss""},{""type"":""stsc""},{""type"":""stsz""},{""type"":""stco""}]}]}]}]},{""type"":""trak"",""children"":[{""type"":""tkhd""},{""type"":""edts"",""children"":[{""type"":""elst""}]},{""type"":""mdia"",""children"":[{""type"":""mdhd""},{""type"":""hdlr""},{""type"":""minf"",""children"":[{""type"":""smhd""},{""type"":""dinf"",""children"":[{""type"":""dref""}]},{""type"":""stbl"",""children"":[{""type"":""stsd"",""children"":[{""type"":""mp4a"",""children"":[{""type"":""esds""}]}]},{""type"":""stts""},{""type"":""stsc""},{""type"":""stsz""},{""type"":""stco""}]}]}]}]},{""type"":""udta"",""children"":[{""type"":""meta"",""children"":[{""type"":""hdlr""},{""type"":""ilst""}]}]}]},{""type"":""free""},{""type"":""mdat""}]";avc1avcCavcCpaspdinfdrefdrefstbledtselstelstmdiaesdssttsfreemdatftypmoovhdlrilsthdlrminfilstfreemdhdhdlrmdiamdhdmetahdlrminfsmhdminfvmhdmoovmvhdmp4aesdsmvhdtrakpaspsttssmhddinfstblstsdstcotrakstcoudtastscstszstsdavc1stsdmp4astssstscstszstcosttsstscsttsstsstkhdedtstraktkhdudtametavmhddinf;avc1avcCpaspavcCpaspsttsdinfdrefstbldrefstblstsdedtselstmdiaelstmdiamdhdesdssttsstscftypmoovmvhdhdlrilstfreehdlrminfsmhdhdlrminfvmhdilstfreemdatmdhdhdlrminfmdiamdhdhdlrmetahdlrilstminfsmhddinfminfvmhddinfmoovmvhdtrakmp4aesdssttsmvhdtraktkhdpaspsttsstsssmhddinfdrefstblstsdavc1stblstsdmp4astcotraktkhdstcoudtametastscstszstcostsdavc1avcCstsdmp4aesdsstssstscstszstszstcotrakstszstcoudtasttsstscstszsttsstssstsctkhdedtselsttraktkhdedtsudtametahdlrvmhddinfdref;avc1avcCpaspsttsavcCpaspsttsstssdinfdrefstblstsddrefstblstsdavc1drefstblstsdmp4aedtselstmdiamdhdelstmdiamdhdhdlresdssttsstscstszftypmoovmvhdtrakhdlrilstfreemdathdlrminfsmhddinfhdlrminfvmhddinfmdhdhdlrminfsmhdmdhdhdlrminfvmhdmdiamdhdhdlrminfmetahdlrilstfreeminfsmhddinfdrefminfvmhddinfdrefmoovmvhdtraktkhdmp4aesdssttsstscmvhdtraktkhdedtspaspsttsstssstscsmhddinfdrefstblstblstsdavc1avcCstblstsdmp4aesdsstcotraktkhdedtsstcoudtametahdlrstscstszstcotrakstscstszstcoudtastsdavc1avcCpaspstsdmp4aesdssttsstssstscstszstcostszstcotraktkhdstszstcoudtametasttsstscstszstcosttsstssstscstsztkhdedtselstmdiatraktkhdedtselstudtametahdlrilstvmhddinfdrefstbl
G:\Meine Ablage\Cybermaster\5_WT26\Masterarbeit\Testdaten\EVA-7K\Facebook\subset_avidemux\D22_V_outdoor_move_0002.mp4;EVA-7K;D22;Samsung;GalaxyTrendPlus;DIGITAL_CAMERA;OUTDOOR;MP4;FACEBOOK;AVIDEMUX;ftyp|moov(mvhd,trak(tkhd,edts(elst),mdia(mdhd,hdlr,minf(vmhd,dinf(dref),stbl(stsd(avc1(avcC,pasp)),stts,stss,stsc,stsz,stco)))),trak(tkhd,edts(elst),mdia(mdhd,hdlr,minf(smhd,dinf(dref),stbl(stsd(mp4a(esds)),stts,stsc,stsz,stco)))),udta(meta(hdlr,ilst)))|free|mdat;"[{""type"":""ftyp""},{""type"":""moov"",""children"":[{""type"":""mvhd""},{""type"":""trak"",""children"":[{""type"":""tkhd""},{""type"":""edts"",""children"":[{""type"":""elst""}]},{""type"":""mdia"",""children"":[{""type"":""mdhd""},{""type"":""hdlr""},{""type"":""minf"",""children"":[{""type"":""vmhd""},{""type"":""dinf"",""children"":[{""type"":""dref""}]},{""type"":""stbl"",""children"":[{""type"":""stsd"",""children"":[{""type"":""avc1"",""children"":[{""type"":""avcC""},{""type"":""pasp""}]}]},{""type"":""stts""},{""type"":""stss""},{""type"":""stsc""},{""type"":""stsz""},{""type"":""stco""}]}]}]}]},{""type"":""trak"",""children"":[{""type"":""tkhd""},{""type"":""edts"",""children"":[{""type"":""elst""}]},{""type"":""mdia"",""children"":[{""type"":""mdhd""},{""type"":""hdlr""},{""type"":""minf"",""children"":[{""type"":""smhd""},{""type"":""dinf"",""children"":[{""type"":""dref""}]},{""type"":""stbl"",""children"":[{""type"":""stsd"",""children"":[{""type"":""mp4a"",""children"":[{""type"":""esds""}]}]},{""type"":""stts""},{""type"":""stsc""},{""type"":""stsz""},{""type"":""stco""}]}]}]}]},{""type"":""udta"",""children"":[{""type"":""meta"",""children"":[{""type"":""hdlr""},{""type"":""ilst""}]}]}]},{""type"":""free""},{""type"":""mdat""}]";avc1avcCavcCpaspdinfdrefdrefstbledtselstelstmdiaesdssttsfreemdatftypmoovhdlrilsthdlrminfilstfreemdhdhdlrmdiamdhdmetahdlrminfsmhdminfvmhdmoovmvhdmp4aesdsmvhdtrakpaspsttssmhddinfstblstsdstcotrakstcoudtastscstszstsdavc1stsdmp4astssstscstszstcosttsstscsttsstsstkhdedtstraktkhdudtametavmhddinf;avc1avcCpaspavcCpaspsttsdinfdrefstbldrefstblstsdedtselstmdiaelstmdiamdhdesdssttsstscftypmoovmvhdhdlrilstfreehdlrminfsmhdhdlrminfvmhdilstfreemdatmdhdhdlrminfmdiamdhdhdlrmetahdlrilstminfsmhddinfminfvmhddinfmoovmvhdtrakmp4aesdssttsmvhdtraktkhdpaspsttsstsssmhddinfdrefstblstsdavc1stblstsdmp4astcotraktkhdstcoudtametastscstszstcostsdavc1avcCstsdmp4aesdsstssstscstszstszstcotrakstszstcoudtasttsstscstszsttsstssstsctkhdedtselsttraktkhdedtsudtametahdlrvmhddinfdref;avc1avcCpaspsttsavcCpaspsttsstssdinfdrefstblstsddrefstblstsdavc1drefstblstsdmp4aedtselstmdiamdhdelstmdiamdhdhdlresdssttsstscstszftypmoovmvhdtrakhdlrilstfreemdathdlrminfsmhddinfhdlrminfvmhddinfmdhdhdlrminfsmhdmdhdhdlrminfvmhdmdiamdhdhdlrminfmetahdlrilstfreeminfsmhddinfdrefminfvmhddinfdrefmoovmvhdtraktkhdmp4aesdssttsstscmvhdtraktkhdedtspaspsttsstssstscsmhddinfdrefstblstblstsdavc1avcCstblstsdmp4aesdsstcotraktkhdedtsstcoudtametahdlrstscstszstcotrakstscstszstcoudtastsdavc1avcCpaspstsdmp4aesdssttsstssstscstszstcostszstcotraktkhdstszstcoudtametasttsstscstszstcosttsstssstscstsztkhdedtselstmdiatraktkhdedtselstudtametahdlrilstvmhddinfdrefstbl
G:\Meine Ablage\Cybermaster\5_WT26\Masterarbeit\Testdaten\EVA-7K\Facebook\subset_avidemux\D26_V_indoor_move_0001.mp4;EVA-7K;D26;Samsung;GalaxyS3Mini;DIGITAL_CAMERA;INDOOR;MP4;FACEBOOK;AVIDEMUX;ftyp|moov(mvhd,trak(tkhd,edts(elst),mdia(mdhd,hdlr,minf(vmhd,dinf(dref),stbl(stsd(avc1(avcC,pasp)),stts,stss,stsc,stsz,stco)))),trak(tkhd,edts(elst),mdia(mdhd,hdlr,minf(smhd,dinf(dref),stbl(stsd(mp4a(esds)),stts,stsc,stsz,stco)))),udta(meta(hdlr,ilst)))|free|mdat;"[{""type"":""ftyp""},{""type"":""moov"",""children"":[{""type"":""mvhd""},{""type"":""trak"",""children"":[{""type"":""tkhd""},{""type"":""edts"",""children"":[{""type"":""elst""}]},{""type"":""mdia"",""children"":[{""type"":""mdhd""},{""type"":""hdlr""},{""type"":""minf"",""children"":[{""type"":""vmhd""},{""type"":""dinf"",""children"":[{""type"":""dref""}]},{""type"":""stbl"",""children"":[{""type"":""stsd"",""children"":[{""type"":""avc1"",""children"":[{""type"":""avcC""},{""type"":""pasp""}]}]},{""type"":""stts""},{""type"":""stss""},{""type"":""stsc""},{""type"":""stsz""},{""type"":""stco""}]}]}]}]},{""type"":""trak"",""children"":[{""type"":""tkhd""},{""type"":""edts"",""children"":[{""type"":""elst""}]},{""type"":""mdia"",""children"":[{""type"":""mdhd""},{""type"":""hdlr""},{""type"":""minf"",""children"":[{""type"":""smhd""},{""type"":""dinf"",""children"":[{""type"":""dref""}]},{""type"":""stbl"",""children"":[{""type"":""stsd"",""children"":[{""type"":""mp4a"",""children"":[{""type"":""esds""}]}]},{""type"":""stts""},{""type"":""stsc""},{""type"":""stsz""},{""type"":""stco""}]}]}]}]},{""type"":""udta"",""children"":[{""type"":""meta"",""children"":[{""type"":""hdlr""},{""type"":""ilst""}]}]}]},{""type"":""free""},{""type"":""mdat""}]";avc1avcCavcCpaspdinfdrefdrefstbledtselstelstmdiaesdssttsfreemdatftypmoovhdlrilsthdlrminfilstfreemdhdhdlrmdiamdhdmetahdlrminfsmhdminfvmhdmoovmvhdmp4aesdsmvhdtrakpaspsttssmhddinfstblstsdstcotrakstcoudtastscstszstsdavc1stsdmp4astssstscstszstcosttsstscsttsstsstkhdedtstraktkhdudtametavmhddinf;avc1avcCpaspavcCpaspsttsdinfdrefstbldrefstblstsdedtselstmdiaelstmdiamdhdesdssttsstscftypmoovmvhdhdlrilstfreehdlrminfsmhdhdlrminfvmhdilstfreemdatmdhdhdlrminfmdiamdhdhdlrmetahdlrilstminfsmhddinfminfvmhddinfmoovmvhdtrakmp4aesdssttsmvhdtraktkhdpaspsttsstsssmhddinfdrefstblstsdavc1stblstsdmp4astcotraktkhdstcoudtametastscstszstcostsdavc1avcCstsdmp4aesdsstssstscstszstszstcotrakstszstcoudtasttsstscstszsttsstssstsctkhdedtselsttraktkhdedtsudtametahdlrvmhddinfdref;avc1avcCpaspsttsavcCpaspsttsstssdinfdrefstblstsddrefstblstsdavc1drefstblstsdmp4aedtselstmdiamdhdelstmdiamdhdhdlresdssttsstscstszftypmoovmvhdtrakhdlrilstfreemdathdlrminfsmhddinfhdlrminfvmhddinfmdhdhdlrminfsmhdmdhdhdlrminfvmhdmdiamdhdhdlrminfmetahdlrilstfreeminfsmhddinfdrefminfvmhddinfdrefmoovmvhdtraktkhdmp4aesdssttsstscmvhdtraktkhdedtspaspsttsstssstscsmhddinfdrefstblstblstsdavc1avcCstblstsdmp4aesdsstcotraktkhdedtsstcoudtametahdlrstscstszstcotrakstscstszstcoudtastsdavc1avcCpaspstsdmp4aesdssttsstssstscstszstcostszstcotraktkhdstszstcoudtametasttsstscstszstcosttsstssstscstsztkhdedtselstmdiatraktkhdedtselstudtametahdlrilstvmhddinfdrefstbl
G:\Meine Ablage\Cybermaster\5_WT26\Masterarbeit\Testdaten\EVA-7K\Facebook\subset_avidemux\D26_V_indoor_move_0002.mp4;EVA-7K;D26;Samsung;GalaxyS3Mini;DIGITAL_CAMERA;INDOOR;MP4;FACEBOOK;AVIDEMUX;ftyp|moov(mvhd,trak(tkhd,edts(elst),mdia(mdhd,hdlr,minf(vmhd,dinf(dref),stbl(stsd(avc1(avcC,pasp)),stts,stss,stsc,stsz,stco)))),trak(tkhd,edts(elst),mdia(mdhd,hdlr,minf(smhd,dinf(dref),stbl(stsd(mp4a(esds)),stts,stsc,stsz,stco)))),udta(meta(hdlr,ilst)))|free|mdat;"[{""type"":""ftyp""},{""type"":""moov"",""children"":[{""type"":""mvhd""},{""type"":""trak"",""children"":[{""type"":""tkhd""},{""type"":""edts"",""children"":[{""type"":""elst""}]},{""type"":""mdia"",""children"":[{""type"":""mdhd""},{""type"":""hdlr""},{""type"":""minf"",""children"":[{""type"":""vmhd""},{""type"":""dinf"",""children"":[{""type"":""dref""}]},{""type"":""stbl"",""children"":[{""type"":""stsd"",""children"":[{""type"":""avc1"",""children"":[{""type"":""avcC""},{""type"":""pasp""}]}]},{""type"":""stts""},{""type"":""stss""},{""type"":""stsc""},{""type"":""stsz""},{""type"":""stco""}]}]}]}]},{""type"":""trak"",""children"":[{""type"":""tkhd""},{""type"":""edts"",""children"":[{""type"":""elst""}]},{""type"":""mdia"",""children"":[{""type"":""mdhd""},{""type"":""hdlr""},{""type"":""minf"",""children"":[{""type"":""smhd""},{""type"":""dinf"",""children"":[{""type"":""dref""}]},{""type"":""stbl"",""children"":[{""type"":""stsd"",""children"":[{""type"":""mp4a"",""children"":[{""type"":""esds""}]}]},{""type"":""stts""},{""type"":""stsc""},{""type"":""stsz""},{""type"":""stco""}]}]}]}]},{""type"":""udta"",""children"":[{""type"":""meta"",""children"":[{""type"":""hdlr""},{""type"":""ilst""}]}]}]},{""type"":""free""},{""type"":""mdat""}]";avc1avcCavcCpaspdinfdrefdrefstbledtselstelstmdiaesdssttsfreemdatftypmoovhdlrilsthdlrminfilstfreemdhdhdlrmdiamdhdmetahdlrminfsmhdminfvmhdmoovmvhdmp4aesdsmvhdtrakpaspsttssmhddinfstblstsdstcotrakstcoudtastscstszstsdavc1stsdmp4astssstscstszstcosttsstscsttsstsstkhdedtstraktkhdudtametavmhddinf;avc1avcCpaspavcCpaspsttsdinfdrefstbldrefstblstsdedtselstmdiaelstmdiamdhdesdssttsstscftypmoovmvhdhdlrilstfreehdlrminfsmhdhdlrminfvmhdilstfreemdatmdhdhdlrminfmdiamdhdhdlrmetahdlrilstminfsmhddinfminfvmhddinfmoovmvhdtrakmp4aesdssttsmvhdtraktkhdpaspsttsstsssmhddinfdrefstblstsdavc1stblstsdmp4astcotraktkhdstcoudtametastscstszstcostsdavc1avcCstsdmp4aesdsstssstscstszstszstcotrakstszstcoudtasttsstscstszsttsstssstsctkhdedtselsttraktkhdedtsudtametahdlrvmhddinfdref;avc1avcCpaspsttsavcCpaspsttsstssdinfdrefstblstsddrefstblstsdavc1drefstblstsdmp4aedtselstmdiamdhdelstmdiamdhdhdlresdssttsstscstszftypmoovmvhdtrakhdlrilstfreemdathdlrminfsmhddinfhdlrminfvmhddinfmdhdhdlrminfsmhdmdhdhdlrminfvmhdmdiamdhdhdlrminfmetahdlrilstfreeminfsmhddinfdrefminfvmhddinfdrefmoovmvhdtraktkhdmp4aesdssttsstscmvhdtraktkhdedtspaspsttsstssstscsmhddinfdrefstblstblstsdavc1avcCstblstsdmp4aesdsstcotraktkhdedtsstcoudtametahdlrstscstszstcotrakstscstszstcoudtastsdavc1avcCpaspstsdmp4aesdssttsstssstscstszstcostszstcotraktkhdstszstcoudtametasttsstscstszstcosttsstssstscstsztkhdedtselstmdiatraktkhdedtselstudtametahdlrilstvmhddinfdrefstbl
G:\Meine Ablage\Cybermaster\5_WT26\Masterarbeit\Testdaten\EVA-7K\Facebook\subset_avidemux\D26_V_outdoor_move_0001.mp4;EVA-7K;D26;Samsung;GalaxyS3Mini;DIGITAL_CAMERA;OUTDOOR;MP4;FACEBOOK;AVIDEMUX;ftyp|moov(mvhd,trak(tkhd,edts(elst),mdia(mdhd,hdlr,minf(vmhd,dinf(dref),stbl(stsd(avc1(avcC,pasp)),stts,stss,stsc,stsz,stco)))),trak(tkhd,edts(elst),mdia(mdhd,hdlr,minf(smhd,dinf(dref),stbl(stsd(mp4a(esds)),stts,stsc,stsz,stco)))),udta(meta(hdlr,ilst)))|free|mdat;"[{""type"":""ftyp""},{""type"":""moov"",""children"":[{""type"":""mvhd""},{""type"":""trak"",""children"":[{""type"":""tkhd""},{""type"":""edts"",""children"":[{""type"":""elst""}]},{""type"":""mdia"",""children"":[{""type"":""mdhd""},{""type"":""hdlr""},{""type"":""minf"",""children"":[{""type"":""vmhd""},{""type"":""dinf"",""children"":[{""type"":""dref""}]},{""type"":""stbl"",""children"":[{""type"":""stsd"",""children"":[{""type"":""avc1"",""children"":[{""type"":""avcC""},{""type"":""pasp""}]}]},{""type"":""stts""},{""type"":""stss""},{""type"":""stsc""},{""type"":""stsz""},{""type"":""stco""}]}]}]}]},{""type"":""trak"",""children"":[{""type"":""tkhd""},{""type"":""edts"",""children"":[{""type"":""elst""}]},{""type"":""mdia"",""children"":[{""type"":""mdhd""},{""type"":""hdlr""},{""type"":""minf"",""children"":[{""type"":""smhd""},{""type"":""dinf"",""children"":[{""type"":""dref""}]},{""type"":""stbl"",""children"":[{""type"":""stsd"",""children"":[{""type"":""mp4a"",""children"":[{""type"":""esds""}]}]},{""type"":""stts""},{""type"":""stsc""},{""type"":""stsz""},{""type"":""stco""}]}]}]}]},{""type"":""udta"",""children"":[{""type"":""meta"",""children"":[{""type"":""hdlr""},{""type"":""ilst""}]}]}]},{""type"":""free""},{""type"":""mdat""}]";avc1avcCavcCpaspdinfdrefdrefstbledtselstelstmdiaesdssttsfreemdatftypmoovhdlrilsthdlrminfilstfreemdhdhdlrmdiamdhdmetahdlrminfsmhdminfvmhdmoovmvhdmp4aesdsmvhdtrakpaspsttssmhddinfstblstsdstcotrakstcoudtastscstszstsdavc1stsdmp4astssstscstszstcosttsstscsttsstsstkhdedtstraktkhdudtametavmhddinf;avc1avcCpaspavcCpaspsttsdinfdrefstbldrefstblstsdedtselstmdiaelstmdiamdhdesdssttsstscftypmoovmvhdhdlrilstfreehdlrminfsmhdhdlrminfvmhdilstfreemdatmdhdhdlrminfmdiamdhdhdlrmetahdlrilstminfsmhddinfminfvmhddinfmoovmvhdtrakmp4aesdssttsmvhdtraktkhdpaspsttsstsssmhddinfdrefstblstsdavc1stblstsdmp4astcotraktkhdstcoudtametastscstszstcostsdavc1avcCstsdmp4aesdsstssstscstszstszstcotrakstszstcoudtasttsstscstszsttsstssstsctkhdedtselsttraktkhdedtsudtametahdlrvmhddinfdref;avc1avcCpaspsttsavcCpaspsttsstssdinfdrefstblstsddrefstblstsdavc1drefstblstsdmp4aedtselstmdiamdhdelstmdiamdhdhdlresdssttsstscstszftypmoovmvhdtrakhdlrilstfreemdathdlrminfsmhddinfhdlrminfvmhddinfmdhdhdlrminfsmhdmdhdhdlrminfvmhdmdiamdhdhdlrminfmetahdlrilstfreeminfsmhddinfdrefminfvmhddinfdrefmoovmvhdtraktkhdmp4aesdssttsstscmvhdtraktkhdedtspaspsttsstssstscsmhddinfdrefstblstblstsdavc1avcCstblstsdmp4aesdsstcotraktkhdedtsstcoudtametahdlrstscstszstcotrakstscstszstcoudtastsdavc1avcCpaspstsdmp4aesdssttsstssstscstszstcostszstcotraktkhdstszstcoudtametasttsstscstszstcosttsstssstscstsztkhdedtselstmdiatraktkhdedtselstudtametahdlrilstvmhddinfdrefstbl
G:\Meine Ablage\Cybermaster\5_WT26\Masterarbeit\Testdaten\EVA-7K\Facebook\subset_avidemux\D26_V_outdoor_move_0002.mp4;EVA-7K;D26;Samsung;GalaxyS3Mini;DIGITAL_CAMERA;OUTDOOR;MP4;FACEBOOK;AVIDEMUX;ftyp|moov(mvhd,trak(tkhd,edts(elst),mdia(mdhd,hdlr,minf(vmhd,dinf(dref),stbl(stsd(avc1(avcC,pasp)),stts,stss,stsc,stsz,stco)))),trak(tkhd,edts(elst),mdia(mdhd,hdlr,minf(smhd,dinf(dref),stbl(stsd(mp4a(esds)),stts,stsc,stsz,stco)))),udta(meta(hdlr,ilst)))|free|mdat;"[{""type"":""ftyp""},{""type"":""moov"",""children"":[{""type"":""mvhd""},{""type"":""trak"",""children"":[{""type"":""tkhd""},{""type"":""edts"",""children"":[{""type"":""elst""}]},{""type"":""mdia"",""children"":[{""type"":""mdhd""},{""type"":""hdlr""},{""type"":""minf"",""children"":[{""type"":""vmhd""},{""type"":""dinf"",""children"":[{""type"":""dref""}]},{""type"":""stbl"",""children"":[{""type"":""stsd"",""children"":[{""type"":""avc1"",""children"":[{""type"":""avcC""},{""type"":""pasp""}]}]},{""type"":""stts""},{""type"":""stss""},{""type"":""stsc""},{""type"":""stsz""},{""type"":""stco""}]}]}]}]},{""type"":""trak"",""children"":[{""type"":""tkhd""},{""type"":""edts"",""children"":[{""type"":""elst""}]},{""type"":""mdia"",""children"":[{""type"":""mdhd""},{""type"":""hdlr""},{""type"":""minf"",""children"":[{""type"":""smhd""},{""type"":""dinf"",""children"":[{""type"":""dref""}]},{""type"":""stbl"",""children"":[{""type"":""stsd"",""children"":[{""type"":""mp4a"",""children"":[{""type"":""esds""}]}]},{""type"":""stts""},{""type"":""stsc""},{""type"":""stsz""},{""type"":""stco""}]}]}]}]},{""type"":""udta"",""children"":[{""type"":""meta"",""children"":[{""type"":""hdlr""},{""type"":""ilst""}]}]}]},{""type"":""free""},{""type"":""mdat""}]";avc1avcCavcCpaspdinfdrefdrefstbledtselstelstmdiaesdssttsfreemdatftypmoovhdlrilsthdlrminfilstfreemdhdhdlrmdiamdhdmetahdlrminfsmhdminfvmhdmoovmvhdmp4aesdsmvhdtrakpaspsttssmhddinfstblstsdstcotrakstcoudtastscstszstsdavc1stsdmp4astssstscstszstcosttsstscsttsstsstkhdedtstraktkhdudtametavmhddinf;avc1avcCpaspavcCpaspsttsdinfdrefstbldrefstblstsdedtselstmdiaelstmdiamdhdesdssttsstscftypmoovmvhdhdlrilstfreehdlrminfsmhdhdlrminfvmhdilstfreemdatmdhdhdlrminfmdiamdhdhdlrmetahdlrilstminfsmhddinfminfvmhddinfmoovmvhdtrakmp4aesdssttsmvhdtraktkhdpaspsttsstsssmhddinfdrefstblstsdavc1stblstsdmp4astcotraktkhdstcoudtametastscstszstcostsdavc1avcCstsdmp4aesdsstssstscstszstszstcotrakstszstcoudtasttsstscstszsttsstssstsctkhdedtselsttraktkhdedtsudtametahdlrvmhddinfdref;avc1avcCpaspsttsavcCpaspsttsstssdinfdrefstblstsddrefstblstsdavc1drefstblstsdmp4aedtselstmdiamdhdelstmdiamdhdhdlresdssttsstscstszftypmoovmvhdtrakhdlrilstfreemdathdlrminfsmhddinfhdlrminfvmhddinfmdhdhdlrminfsmhdmdhdhdlrminfvmhdmdiamdhdhdlrminfmetahdlrilstfreeminfsmhddinfdrefminfvmhddinfdrefmoovmvhdtraktkhdmp4aesdssttsstscmvhdtraktkhdedtspaspsttsstssstscsmhddinfdrefstblstblstsdavc1avcCstblstsdmp4aesdsstcotraktkhdedtsstcoudtametahdlrstscstszstcotrakstscstszstcoudtastsdavc1avcCpaspstsdmp4aesdssttsstssstscstszstcostszstcotraktkhdstszstcoudtametasttsstscstszstcosttsstssstscstsztkhdedtselstmdiatraktkhdedtselstudtametahdlrilstvmhddinfdrefstbl
G:\Meine Ablage\Cybermaster\5_WT26\Masterarbeit\Testdaten\EVA-7K\Facebook\subset_avidemux\D27_V_indoor_move_0001.mp4;EVA-7K;D27;Samsung;GalaxyS5;DIGITAL_CAMERA;INDOOR;MP4;FACEBOOK;AVIDEMUX;ftyp|moov(mvhd,trak(tkhd,edts(elst),mdia(mdhd,hdlr,minf(vmhd,dinf(dref),stbl(stsd(avc1(avcC,pasp)),stts,stss,stsc,stsz,stco)))),trak(tkhd,edts(elst),mdia(mdhd,hdlr,minf(smhd,dinf(dref),stbl(stsd(mp4a(esds)),stts,stsc,stsz,stco)))),udta(meta(hdlr,ilst)))|free|mdat;"[{""type"":""ftyp""},{""type"":""moov"",""children"":[{""type"":""mvhd""},{""type"":""trak"",""children"":[{""type"":""tkhd""},{""type"":""edts"",""children"":[{""type"":""elst""}]},{""type"":""mdia"",""children"":[{""type"":""mdhd""},{""type"":""hdlr""},{""type"":""minf"",""children"":[{""type"":""vmhd""},{""type"":""dinf"",""children"":[{""type"":""dref""}]},{""type"":""stbl"",""children"":[{""type"":""stsd"",""children"":[{""type"":""avc1"",""children"":[{""type"":""avcC""},{""type"":""pasp""}]}]},{""type"":""stts""},{""type"":""stss""},{""type"":""stsc""},{""type"":""stsz""},{""type"":""stco""}]}]}]}]},{""type"":""trak"",""children"":[{""type"":""tkhd""},{""type"":""edts"",""children"":[{""type"":""elst""}]},{""type"":""mdia"",""children"":[{""type"":""mdhd""},{""type"":""hdlr""},{""type"":""minf"",""children"":[{""type"":""smhd""},{""type"":""dinf"",""children"":[{""type"":""dref""}]},{""type"":""stbl"",""children"":[{""type"":""stsd"",""children"":[{""type"":""mp4a"",""children"":[{""type"":""esds""}]}]},{""type"":""stts""},{""type"":""stsc""},{""type"":""stsz""},{""type"":""stco""}]}]}]}]},{""type"":""udta"",""children"":[{""type"":""meta"",""children"":[{""type"":""hdlr""},{""type"":""ilst""}]}]}]},{""type"":""free""},{""type"":""mdat""}]";avc1avcCavcCpaspdinfdrefdrefstbledtselstelstmdiaesdssttsfreemdatftypmoovhdlrilsthdlrminfilstfreemdhdhdlrmdiamdhdmetahdlrminfsmhdminfvmhdmoovmvhdmp4aesdsmvhdtrakpaspsttssmhddinfstblstsdstcotrakstcoudtastscstszstsdavc1stsdmp4astssstscstszstcosttsstscsttsstsstkhdedtstraktkhdudtametavmhddinf;avc1avcCpaspavcCpaspsttsdinfdrefstbldrefstblstsdedtselstmdiaelstmdiamdhdesdssttsstscftypmoovmvhdhdlrilstfreehdlrminfsmhdhdlrminfvmhdilstfreemdatmdhdhdlrminfmdiamdhdhdlrmetahdlrilstminfsmhddinfminfvmhddinfmoovmvhdtrakmp4aesdssttsmvhdtraktkhdpaspsttsstsssmhddinfdrefstblstsdavc1stblstsdmp4astcotraktkhdstcoudtametastscstszstcostsdavc1avcCstsdmp4aesdsstssstscstszstszstcotrakstszstcoudtasttsstscstszsttsstssstsctkhdedtselsttraktkhdedtsudtametahdlrvmhddinfdref;avc1avcCpaspsttsavcCpaspsttsstssdinfdrefstblstsddrefstblstsdavc1drefstblstsdmp4aedtselstmdiamdhdelstmdiamdhdhdlresdssttsstscstszftypmoovmvhdtrakhdlrilstfreemdathdlrminfsmhddinfhdlrminfvmhddinfmdhdhdlrminfsmhdmdhdhdlrminfvmhdmdiamdhdhdlrminfmetahdlrilstfreeminfsmhddinfdrefminfvmhddinfdrefmoovmvhdtraktkhdmp4aesdssttsstscmvhdtraktkhdedtspaspsttsstssstscsmhddinfdrefstblstblstsdavc1avcCstblstsdmp4aesdsstcotraktkhdedtsstcoudtametahdlrstscstszstcotrakstscstszstcoudtastsdavc1avcCpaspstsdmp4aesdssttsstssstscstszstcostszstcotraktkhdstszstcoudtametasttsstscstszstcosttsstssstscstsztkhdedtselstmdiatraktkhdedtselstudtametahdlrilstvmhddinfdrefstbl
G:\Meine Ablage\Cybermaster\5_WT26\Masterarbeit\Testdaten\EVA-7K\Facebook\subset_avidemux\D27_V_indoor_move_0002.mp4;EVA-7K;D27;Samsung;GalaxyS5;DIGITAL_CAMERA;INDOOR;MP4;FACEBOOK;AVIDEMUX;ftyp|moov(mvhd,trak(tkhd,edts(elst),mdia(mdhd,hdlr,minf(vmhd,dinf(dref),stbl(stsd(avc1(avcC,pasp)),stts,stss,stsc,stsz,stco)))),trak(tkhd,edts(elst),mdia(mdhd,hdlr,minf(smhd,dinf(dref),stbl(stsd(mp4a(esds)),stts,stsc,stsz,stco)))),udta(meta(hdlr,ilst)))|free|mdat;"[{""type"":""ftyp""},{""type"":""moov"",""children"":[{""type"":""mvhd""},{""type"":""trak"",""children"":[{""type"":""tkhd""},{""type"":""edts"",""children"":[{""type"":""elst""}]},{""type"":""mdia"",""children"":[{""type"":""mdhd""},{""type"":""hdlr""},{""type"":""minf"",""children"":[{""type"":""vmhd""},{""type"":""dinf"",""children"":[{""type"":""dref""}]},{""type"":""stbl"",""children"":[{""type"":""stsd"",""children"":[{""type"":""avc1"",""children"":[{""type"":""avcC""},{""type"":""pasp""}]}]},{""type"":""stts""},{""type"":""stss""},{""type"":""stsc""},{""type"":""stsz""},{""type"":""stco""}]}]}]}]},{""type"":""trak"",""children"":[{""type"":""tkhd""},{""type"":""edts"",""children"":[{""type"":""elst""}]},{""type"":""mdia"",""children"":[{""type"":""mdhd""},{""type"":""hdlr""},{""type"":""minf"",""children"":[{""type"":""smhd""},{""type"":""dinf"",""children"":[{""type"":""dref""}]},{""type"":""stbl"",""children"":[{""type"":""stsd"",""children"":[{""type"":""mp4a"",""children"":[{""type"":""esds""}]}]},{""type"":""stts""},{""type"":""stsc""},{""type"":""stsz""},{""type"":""stco""}]}]}]}]},{""type"":""udta"",""children"":[{""type"":""meta"",""children"":[{""type"":""hdlr""},{""type"":""ilst""}]}]}]},{""type"":""free""},{""type"":""mdat""}]";avc1avcCavcCpaspdinfdrefdrefstbledtselstelstmdiaesdssttsfreemdatftypmoovhdlrilsthdlrminfilstfreemdhdhdlrmdiamdhdmetahdlrminfsmhdminfvmhdmoovmvhdmp4aesdsmvhdtrakpaspsttssmhddinfstblstsdstcotrakstcoudtastscstszstsdavc1stsdmp4astssstscstszstcosttsstscsttsstsstkhdedtstraktkhdudtametavmhddinf;avc1avcCpaspavcCpaspsttsdinfdrefstbldrefstblstsdedtselstmdiaelstmdiamdhdesdssttsstscftypmoovmvhdhdlrilstfreehdlrminfsmhdhdlrminfvmhdilstfreemdatmdhdhdlrminfmdiamdhdhdlrmetahdlrilstminfsmhddinfminfvmhddinfmoovmvhdtrakmp4aesdssttsmvhdtraktkhdpaspsttsstsssmhddinfdrefstblstsdavc1stblstsdmp4astcotraktkhdstcoudtametastscstszstcostsdavc1avcCstsdmp4aesdsstssstscstszstszstcotrakstszstcoudtasttsstscstszsttsstssstsctkhdedtselsttraktkhdedtsudtametahdlrvmhddinfdref;avc1avcCpaspsttsavcCpaspsttsstssdinfdrefstblstsddrefstblstsdavc1drefstblstsdmp4aedtselstmdiamdhdelstmdiamdhdhdlresdssttsstscstszftypmoovmvhdtrakhdlrilstfreemdathdlrminfsmhddinfhdlrminfvmhddinfmdhdhdlrminfsmhdmdhdhdlrminfvmhdmdiamdhdhdlrminfmetahdlrilstfreeminfsmhddinfdrefminfvmhddinfdrefmoovmvhdtraktkhdmp4aesdssttsstscmvhdtraktkhdedtspaspsttsstssstscsmhddinfdrefstblstblstsdavc1avcCstblstsdmp4aesdsstcotraktkhdedtsstcoudtametahdlrstscstszstcotrakstscstszstcoudtastsdavc1avcCpaspstsdmp4aesdssttsstssstscstszstcostszstcotraktkhdstszstcoudtametasttsstscstszstcosttsstssstscstsztkhdedtselstmdiatraktkhdedtselstudtametahdlrilstvmhddinfdrefstbl
G:\Meine Ablage\Cybermaster\5_WT26\Masterarbeit\Testdaten\EVA-7K\Facebook\subset_avidemux\D27_V_outdoor_move_0001.mp4;EVA-7K;D27;Samsung;GalaxyS5;DIGITAL_CAMERA;OUTDOOR;MP4;FACEBOOK;AVIDEMUX;ftyp|moov(mvhd,trak(tkhd,edts(elst),mdia(mdhd,hdlr,minf(vmhd,dinf(dref),stbl(stsd(avc1(avcC,pasp)),stts,stss,stsc,stsz,stco)))),trak(tkhd,edts(elst),mdia(mdhd,hdlr,minf(smhd,dinf(dref),stbl(stsd(mp4a(esds)),stts,stsc,stsz,stco)))),udta(meta(hdlr,ilst)))|free|mdat;"[{""type"":""ftyp""},{""type"":""moov"",""children"":[{""type"":""mvhd""},{""type"":""trak"",""children"":[{""type"":""tkhd""},{""type"":""edts"",""children"":[{""type"":""elst""}]},{""type"":""mdia"",""children"":[{""type"":""mdhd""},{""type"":""hdlr""},{""type"":""minf"",""children"":[{""type"":""vmhd""},{""type"":""dinf"",""children"":[{""type"":""dref""}]},{""type"":""stbl"",""children"":[{""type"":""stsd"",""children"":[{""type"":""avc1"",""children"":[{""type"":""avcC""},{""type"":""pasp""}]}]},{""type"":""stts""},{""type"":""stss""},{""type"":""stsc""},{""type"":""stsz""},{""type"":""stco""}]}]}]}]},{""type"":""trak"",""children"":[{""type"":""tkhd""},{""type"":""edts"",""children"":[{""type"":""elst""}]},{""type"":""mdia"",""children"":[{""type"":""mdhd""},{""type"":""hdlr""},{""type"":""minf"",""children"":[{""type"":""smhd""},{""type"":""dinf"",""children"":[{""type"":""dref""}]},{""type"":""stbl"",""children"":[{""type"":""stsd"",""children"":[{""type"":""mp4a"",""children"":[{""type"":""esds""}]}]},{""type"":""stts""},{""type"":""stsc""},{""type"":""stsz""},{""type"":""stco""}]}]}]}]},{""type"":""udta"",""children"":[{""type"":""meta"",""children"":[{""type"":""hdlr""},{""type"":""ilst""}]}]}]},{""type"":""free""},{""type"":""mdat""}]";avc1avcCavcCpaspdinfdrefdrefstbledtselstelstmdiaesdssttsfreemdatftypmoovhdlrilsthdlrminfilstfreemdhdhdlrmdiamdhdmetahdlrminfsmhdminfvmhdmoovmvhdmp4aesdsmvhdtrakpaspsttssmhddinfstblstsdstcotrakstcoudtastscstszstsdavc1stsdmp4astssstscstszstcosttsstscsttsstsstkhdedtstraktkhdudtametavmhddinf;avc1avcCpaspavcCpaspsttsdinfdrefstbldrefstblstsdedtselstmdiaelstmdiamdhdesdssttsstscftypmoovmvhdhdlrilstfreehdlrminfsmhdhdlrminfvmhdilstfreemdatmdhdhdlrminfmdiamdhdhdlrmetahdlrilstminfsmhddinfminfvmhddinfmoovmvhdtrakmp4aesdssttsmvhdtraktkhdpaspsttsstsssmhddinfdrefstblstsdavc1stblstsdmp4astcotraktkhdstcoudtametastscstszstcostsdavc1avcCstsdmp4aesdsstssstscstszstszstcotrakstszstcoudtasttsstscstszsttsstssstsctkhdedtselsttraktkhdedtsudtametahdlrvmhddinfdref;avc1avcCpaspsttsavcCpaspsttsstssdinfdrefstblstsddrefstblstsdavc1drefstblstsdmp4aedtselstmdiamdhdelstmdiamdhdhdlresdssttsstscstszftypmoovmvhdtrakhdlrilstfreemdathdlrminfsmhddinfhdlrminfvmhddinfmdhdhdlrminfsmhdmdhdhdlrminfvmhdmdiamdhdhdlrminfmetahdlrilstfreeminfsmhddinfdrefminfvmhddinfdrefmoovmvhdtraktkhdmp4aesdssttsstscmvhdtraktkhdedtspaspsttsstssstscsmhddinfdrefstblstblstsdavc1avcCstblstsdmp4aesdsstcotraktkhdedtsstcoudtametahdlrstscstszstcotrakstscstszstcoudtastsdavc1avcCpaspstsdmp4aesdssttsstssstscstszstcostszstcotraktkhdstszstcoudtametasttsstscstszstcosttsstssstscstsztkhdedtselstmdiatraktkhdedtselstudtametahdlrilstvmhddinfdrefstbl
G:\Meine Ablage\Cybermaster\5_WT26\Masterarbeit\Testdaten\EVA-7K\Facebook\subset_avidemux\D27_V_outdoor_move_0002.mp4;EVA-7K;D27;Samsung;GalaxyS5;DIGITAL_CAMERA;OUTDOOR;MP4;FACEBOOK;AVIDEMUX;ftyp|moov(mvhd,trak(tkhd,edts(elst),mdia(mdhd,hdlr,minf(vmhd,dinf(dref),stbl(stsd(avc1(avcC,pasp)),stts,stss,stsc,stsz,stco)))),trak(tkhd,edts(elst),mdia(mdhd,hdlr,minf(smhd,dinf(dref),stbl(stsd(mp4a(esds)),stts,stsc,stsz,stco)))),udta(meta(hdlr,ilst)))|free|mdat;"[{""type"":""ftyp""},{""type"":""moov"",""children"":[{""type"":""mvhd""},{""type"":""trak"",""children"":[{""type"":""tkhd""},{""type"":""edts"",""children"":[{""type"":""elst""}]},{""type"":""mdia"",""children"":[{""type"":""mdhd""},{""type"":""hdlr""},{""type"":""minf"",""children"":[{""type"":""vmhd""},{""type"":""dinf"",""children"":[{""type"":""dref""}]},{""type"":""stbl"",""children"":[{""type"":""stsd"",""children"":[{""type"":""avc1"",""children"":[{""type"":""avcC""},{""type"":""pasp""}]}]},{""type"":""stts""},{""type"":""stss""},{""type"":""stsc""},{""type"":""stsz""},{""type"":""stco""}]}]}]}]},{""type"":""trak"",""children"":[{""type"":""tkhd""},{""type"":""edts"",""children"":[{""type"":""elst""}]},{""type"":""mdia"",""children"":[{""type"":""mdhd""},{""type"":""hdlr""},{""type"":""minf"",""children"":[{""type"":""smhd""},{""type"":""dinf"",""children"":[{""type"":""dref""}]},{""type"":""stbl"",""children"":[{""type"":""stsd"",""children"":[{""type"":""mp4a"",""children"":[{""type"":""esds""}]}]},{""type"":""stts""},{""type"":""stsc""},{""type"":""stsz""},{""type"":""stco""}]}]}]}]},{""type"":""udta"",""children"":[{""type"":""meta"",""children"":[{""type"":""hdlr""},{""type"":""ilst""}]}]}]},{""type"":""free""},{""type"":""mdat""}]";avc1avcCavcCpaspdinfdrefdrefstbledtselstelstmdiaesdssttsfreemdatftypmoovhdlrilsthdlrminfilstfreemdhdhdlrmdiamdhdmetahdlrminfsmhdminfvmhdmoovmvhdmp4aesdsmvhdtrakpaspsttssmhddinfstblstsdstcotrakstcoudtastscstszstsdavc1stsdmp4astssstscstszstcosttsstscsttsstsstkhdedtstraktkhdudtametavmhddinf;avc1avcCpaspavcCpaspsttsdinfdrefstbldrefstblstsdedtselstmdiaelstmdiamdhdesdssttsstscftypmoovmvhdhdlrilstfreehdlrminfsmhdhdlrminfvmhdilstfreemdatmdhdhdlrminfmdiamdhdhdlrmetahdlrilstminfsmhddinfminfvmhddinfmoovmvhdtrakmp4aesdssttsmvhdtraktkhdpaspsttsstsssmhddinfdrefstblstsdavc1stblstsdmp4astcotraktkhdstcoudtametastscstszstcostsdavc1avcCstsdmp4aesdsstssstscstszstszstcotrakstszstcoudtasttsstscstszsttsstssstsctkhdedtselsttraktkhdedtsudtametahdlrvmhddinfdref;avc1avcCpaspsttsavcCpaspsttsstssdinfdrefstblstsddrefstblstsdavc1drefstblstsdmp4aedtselstmdiamdhdelstmdiamdhdhdlresdssttsstscstszftypmoovmvhdtrakhdlrilstfreemdathdlrminfsmhddinfhdlrminfvmhddinfmdhdhdlrminfsmhdmdhdhdlrminfvmhdmdiamdhdhdlrminfmetahdlrilstfreeminfsmhddinfdrefminfvmhddinfdrefmoovmvhdtraktkhdmp4aesdssttsstscmvhdtraktkhdedtspaspsttsstssstscsmhddinfdrefstblstblstsdavc1avcCstblstsdmp4aesdsstcotraktkhdedtsstcoudtametahdlrstscstszstcotrakstscstszstcoudtastsdavc1avcCpaspstsdmp4aesdssttsstssstscstszstcostszstcotraktkhdstszstcoudtametasttsstscstszstcosttsstssstscstsztkhdedtselstmdiatraktkhdedtselstudtametahdlrilstvmhddinfdrefstbl
G:\Meine Ablage\Cybermaster\5_WT26\Masterarbeit\Testdaten\EVA-7K\Facebook\subset_avidemux\D31_V_indoor_move_0001.mp4;EVA-7K;D31;Samsung;GalaxyS4Mini;DIGITAL_CAMERA;INDOOR;MP4;FACEBOOK;AVIDEMUX;ftyp|moov(mvhd,trak(tkhd,edts(elst),mdia(mdhd,hdlr,minf(vmhd,dinf(dref),stbl(stsd(avc1(avcC,pasp)),stts,stss,stsc,stsz,stco)))),trak(tkhd,edts(elst),mdia(mdhd,hdlr,minf(smhd,dinf(dref),stbl(stsd(mp4a(esds)),stts,stsc,stsz,stco)))),udta(meta(hdlr,ilst)))|free|mdat;"[{""type"":""ftyp""},{""type"":""moov"",""children"":[{""type"":""mvhd""},{""type"":""trak"",""children"":[{""type"":""tkhd""},{""type"":""edts"",""children"":[{""type"":""elst""}]},{""type"":""mdia"",""children"":[{""type"":""mdhd""},{""type"":""hdlr""},{""type"":""minf"",""children"":[{""type"":""vmhd""},{""type"":""dinf"",""children"":[{""type"":""dref""}]},{""type"":""stbl"",""children"":[{""type"":""stsd"",""children"":[{""type"":""avc1"",""children"":[{""type"":""avcC""},{""type"":""pasp""}]}]},{""type"":""stts""},{""type"":""stss""},{""type"":""stsc""},{""type"":""stsz""},{""type"":""stco""}]}]}]}]},{""type"":""trak"",""children"":[{""type"":""tkhd""},{""type"":""edts"",""children"":[{""type"":""elst""}]},{""type"":""mdia"",""children"":[{""type"":""mdhd""},{""type"":""hdlr""},{""type"":""minf"",""children"":[{""type"":""smhd""},{""type"":""dinf"",""children"":[{""type"":""dref""}]},{""type"":""stbl"",""children"":[{""type"":""stsd"",""children"":[{""type"":""mp4a"",""children"":[{""type"":""esds""}]}]},{""type"":""stts""},{""type"":""stsc""},{""type"":""stsz""},{""type"":""stco""}]}]}]}]},{""type"":""udta"",""children"":[{""type"":""meta"",""children"":[{""type"":""hdlr""},{""type"":""ilst""}]}]}]},{""type"":""free""},{""type"":""mdat""}]";avc1avcCavcCpaspdinfdrefdrefstbledtselstelstmdiaesdssttsfreemdatftypmoovhdlrilsthdlrminfilstfreemdhdhdlrmdiamdhdmetahdlrminfsmhdminfvmhdmoovmvhdmp4aesdsmvhdtrakpaspsttssmhddinfstblstsdstcotrakstcoudtastscstszstsdavc1stsdmp4astssstscstszstcosttsstscsttsstsstkhdedtstraktkhdudtametavmhddinf;avc1avcCpaspavcCpaspsttsdinfdrefstbldrefstblstsdedtselstmdiaelstmdiamdhdesdssttsstscftypmoovmvhdhdlrilstfreehdlrminfsmhdhdlrminfvmhdilstfreemdatmdhdhdlrminfmdiamdhdhdlrmetahdlrilstminfsmhddinfminfvmhddinfmoovmvhdtrakmp4aesdssttsmvhdtraktkhdpaspsttsstsssmhddinfdrefstblstsdavc1stblstsdmp4astcotraktkhdstcoudtametastscstszstcostsdavc1avcCstsdmp4aesdsstssstscstszstszstcotrakstszstcoudtasttsstscstszsttsstssstsctkhdedtselsttraktkhdedtsudtametahdlrvmhddinfdref;avc1avcCpaspsttsavcCpaspsttsstssdinfdrefstblstsddrefstblstsdavc1drefstblstsdmp4aedtselstmdiamdhdelstmdiamdhdhdlresdssttsstscstszftypmoovmvhdtrakhdlrilstfreemdathdlrminfsmhddinfhdlrminfvmhddinfmdhdhdlrminfsmhdmdhdhdlrminfvmhdmdiamdhdhdlrminfmetahdlrilstfreeminfsmhddinfdrefminfvmhddinfdrefmoovmvhdtraktkhdmp4aesdssttsstscmvhdtraktkhdedtspaspsttsstssstscsmhddinfdrefstblstblstsdavc1avcCstblstsdmp4aesdsstcotraktkhdedtsstcoudtametahdlrstscstszstcotrakstscstszstcoudtastsdavc1avcCpaspstsdmp4aesdssttsstssstscstszstcostszstcotraktkhdstszstcoudtametasttsstscstszstcosttsstssstscstsztkhdedtselstmdiatraktkhdedtselstudtametahdlrilstvmhddinfdrefstbl
G:\Meine Ablage\Cybermaster\5_WT26\Masterarbeit\Testdaten\EVA-7K\Facebook\subset_avidemux\D31_V_indoor_move_0002.mp4;EVA-7K;D31;Samsung;GalaxyS4Mini;DIGITAL_CAMERA;INDOOR;MP4;FACEBOOK;AVIDEMUX;ftyp|moov(mvhd,trak(tkhd,edts(elst),mdia(mdhd,hdlr,minf(vmhd,dinf(dref),stbl(stsd(avc1(avcC,pasp)),stts,stss,stsc,stsz,stco)))),trak(tkhd,edts(elst),mdia(mdhd,hdlr,minf(smhd,dinf(dref),stbl(stsd(mp4a(esds)),stts,stsc,stsz,stco)))),udta(meta(hdlr,ilst)))|free|mdat;"[{""type"":""ftyp""},{""type"":""moov"",""children"":[{""type"":""mvhd""},{""type"":""trak"",""children"":[{""type"":""tkhd""},{""type"":""edts"",""children"":[{""type"":""elst""}]},{""type"":""mdia"",""children"":[{""type"":""mdhd""},{""type"":""hdlr""},{""type"":""minf"",""children"":[{""type"":""vmhd""},{""type"":""dinf"",""children"":[{""type"":""dref""}]},{""type"":""stbl"",""children"":[{""type"":""stsd"",""children"":[{""type"":""avc1"",""children"":[{""type"":""avcC""},{""type"":""pasp""}]}]},{""type"":""stts""},{""type"":""stss""},{""type"":""stsc""},{""type"":""stsz""},{""type"":""stco""}]}]}]}]},{""type"":""trak"",""children"":[{""type"":""tkhd""},{""type"":""edts"",""children"":[{""type"":""elst""}]},{""type"":""mdia"",""children"":[{""type"":""mdhd""},{""type"":""hdlr""},{""type"":""minf"",""children"":[{""type"":""smhd""},{""type"":""dinf"",""children"":[{""type"":""dref""}]},{""type"":""stbl"",""children"":[{""type"":""stsd"",""children"":[{""type"":""mp4a"",""children"":[{""type"":""esds""}]}]},{""type"":""stts""},{""type"":""stsc""},{""type"":""stsz""},{""type"":""stco""}]}]}]}]},{""type"":""udta"",""children"":[{""type"":""meta"",""children"":[{""type"":""hdlr""},{""type"":""ilst""}]}]}]},{""type"":""free""},{""type"":""mdat""}]";avc1avcCavcCpaspdinfdrefdrefstbledtselstelstmdiaesdssttsfreemdatftypmoovhdlrilsthdlrminfilstfreemdhdhdlrmdiamdhdmetahdlrminfsmhdminfvmhdmoovmvhdmp4aesdsmvhdtrakpaspsttssmhddinfstblstsdstcotrakstcoudtastscstszstsdavc1stsdmp4astssstscstszstcosttsstscsttsstsstkhdedtstraktkhdudtametavmhddinf;avc1avcCpaspavcCpaspsttsdinfdrefstbldrefstblstsdedtselstmdiaelstmdiamdhdesdssttsstscftypmoovmvhdhdlrilstfreehdlrminfsmhdhdlrminfvmhdilstfreemdatmdhdhdlrminfmdiamdhdhdlrmetahdlrilstminfsmhddinfminfvmhddinfmoovmvhdtrakmp4aesdssttsmvhdtraktkhdpaspsttsstsssmhddinfdrefstblstsdavc1stblstsdmp4astcotraktkhdstcoudtametastscstszstcostsdavc1avcCstsdmp4aesdsstssstscstszstszstcotrakstszstcoudtasttsstscstszsttsstssstsctkhdedtselsttraktkhdedtsudtametahdlrvmhddinfdref;avc1avcCpaspsttsavcCpaspsttsstssdinfdrefstblstsddrefstblstsdavc1drefstblstsdmp4aedtselstmdiamdhdelstmdiamdhdhdlresdssttsstscstszftypmoovmvhdtrakhdlrilstfreemdathdlrminfsmhddinfhdlrminfvmhddinfmdhdhdlrminfsmhdmdhdhdlrminfvmhdmdiamdhdhdlrminfmetahdlrilstfreeminfsmhddinfdrefminfvmhddinfdrefmoovmvhdtraktkhdmp4aesdssttsstscmvhdtraktkhdedtspaspsttsstssstscsmhddinfdrefstblstblstsdavc1avcCstblstsdmp4aesdsstcotraktkhdedtsstcoudtametahdlrstscstszstcotrakstscstszstcoudtastsdavc1avcCpaspstsdmp4aesdssttsstssstscstszstcostszstcotraktkhdstszstcoudtametasttsstscstszstcosttsstssstscstsztkhdedtselstmdiatraktkhdedtselstudtametahdlrilstvmhddinfdrefstbl
G:\Meine Ablage\Cybermaster\5_WT26\Masterarbeit\Testdaten\EVA-7K\Facebook\subset_avidemux\D31_V_outdoor_move_0001.mp4;EVA-7K;D31;Samsung;GalaxyS4Mini;DIGITAL_CAMERA;OUTDOOR;MP4;FACEBOOK;AVIDEMUX;ftyp|moov(mvhd,trak(tkhd,edts(elst),mdia(mdhd,hdlr,minf(vmhd,dinf(dref),stbl(stsd(avc1(avcC,pasp)),stts,stss,stsc,stsz,stco)))),trak(tkhd,edts(elst),mdia(mdhd,hdlr,minf(smhd,dinf(dref),stbl(stsd(mp4a(esds)),stts,stsc,stsz,stco)))),udta(meta(hdlr,ilst)))|free|mdat;"[{""type"":""ftyp""},{""type"":""moov"",""children"":[{""type"":""mvhd""},{""type"":""trak"",""children"":[{""type"":""tkhd""},{""type"":""edts"",""children"":[{""type"":""elst""}]},{""type"":""mdia"",""children"":[{""type"":""mdhd""},{""type"":""hdlr""},{""type"":""minf"",""children"":[{""type"":""vmhd""},{""type"":""dinf"",""children"":[{""type"":""dref""}]},{""type"":""stbl"",""children"":[{""type"":""stsd"",""children"":[{""type"":""avc1"",""children"":[{""type"":""avcC""},{""type"":""pasp""}]}]},{""type"":""stts""},{""type"":""stss""},{""type"":""stsc""},{""type"":""stsz""},{""type"":""stco""}]}]}]}]},{""type"":""trak"",""children"":[{""type"":""tkhd""},{""type"":""edts"",""children"":[{""type"":""elst""}]},{""type"":""mdia"",""children"":[{""type"":""mdhd""},{""type"":""hdlr""},{""type"":""minf"",""children"":[{""type"":""smhd""},{""type"":""dinf"",""children"":[{""type"":""dref""}]},{""type"":""stbl"",""children"":[{""type"":""stsd"",""children"":[{""type"":""mp4a"",""children"":[{""type"":""esds""}]}]},{""type"":""stts""},{""type"":""stsc""},{""type"":""stsz""},{""type"":""stco""}]}]}]}]},{""type"":""udta"",""children"":[{""type"":""meta"",""children"":[{""type"":""hdlr""},{""type"":""ilst""}]}]}]},{""type"":""free""},{""type"":""mdat""}]";avc1avcCavcCpaspdinfdrefdrefstbledtselstelstmdiaesdssttsfreemdatftypmoovhdlrilsthdlrminfilstfreemdhdhdlrmdiamdhdmetahdlrminfsmhdminfvmhdmoovmvhdmp4aesdsmvhdtrakpaspsttssmhddinfstblstsdstcotrakstcoudtastscstszstsdavc1stsdmp4astssstscstszstcosttsstscsttsstsstkhdedtstraktkhdudtametavmhddinf;avc1avcCpaspavcCpaspsttsdinfdrefstbldrefstblstsdedtselstmdiaelstmdiamdhdesdssttsstscftypmoovmvhdhdlrilstfreehdlrminfsmhdhdlrminfvmhdilstfreemdatmdhdhdlrminfmdiamdhdhdlrmetahdlrilstminfsmhddinfminfvmhddinfmoovmvhdtrakmp4aesdssttsmvhdtraktkhdpaspsttsstsssmhddinfdrefstblstsdavc1stblstsdmp4astcotraktkhdstcoudtametastscstszstcostsdavc1avcCstsdmp4aesdsstssstscstszstszstcotrakstszstcoudtasttsstscstszsttsstssstsctkhdedtselsttraktkhdedtsudtametahdlrvmhddinfdref;avc1avcCpaspsttsavcCpaspsttsstssdinfdrefstblstsddrefstblstsdavc1drefstblstsdmp4aedtselstmdiamdhdelstmdiamdhdhdlresdssttsstscstszftypmoovmvhdtrakhdlrilstfreemdathdlrminfsmhddinfhdlrminfvmhddinfmdhdhdlrminfsmhdmdhdhdlrminfvmhdmdiamdhdhdlrminfmetahdlrilstfreeminfsmhddinfdrefminfvmhddinfdrefmoovmvhdtraktkhdmp4aesdssttsstscmvhdtraktkhdedtspaspsttsstssstscsmhddinfdrefstblstblstsdavc1avcCstblstsdmp4aesdsstcotraktkhdedtsstcoudtametahdlrstscstszstcotrakstscstszstcoudtastsdavc1avcCpaspstsdmp4aesdssttsstssstscstszstcostszstcotraktkhdstszstcoudtametasttsstscstszstcosttsstssstscstsztkhdedtselstmdiatraktkhdedtselstudtametahdlrilstvmhddinfdrefstbl
G:\Meine Ablage\Cybermaster\5_WT26\Masterarbeit\Testdaten\EVA-7K\Facebook\subset_avidemux\D31_V_outdoor_move_0002.mp4;EVA-7K;D31;Samsung;GalaxyS4Mini;DIGITAL_CAMERA;OUTDOOR;MP4;FACEBOOK;AVIDEMUX;ftyp|moov(mvhd,trak(tkhd,edts(elst),mdia(mdhd,hdlr,minf(vmhd,dinf(dref),stbl(stsd(avc1(avcC,pasp)),stts,stss,stsc,stsz,stco)))),trak(tkhd,edts(elst),mdia(mdhd,hdlr,minf(smhd,dinf(dref),stbl(stsd(mp4a(esds)),stts,stsc,stsz,stco)))),udta(meta(hdlr,ilst)))|free|mdat;"[{""type"":""ftyp""},{""type"":""moov"",""children"":[{""type"":""mvhd""},{""type"":""trak"",""children"":[{""type"":""tkhd""},{""type"":""edts"",""children"":[{""type"":""elst""}]},{""type"":""mdia"",""children"":[{""type"":""mdhd""},{""type"":""hdlr""},{""type"":""minf"",""children"":[{""type"":""vmhd""},{""type"":""dinf"",""children"":[{""type"":""dref""}]},{""type"":""stbl"",""children"":[{""type"":""stsd"",""children"":[{""type"":""avc1"",""children"":[{""type"":""avcC""},{""type"":""pasp""}]}]},{""type"":""stts""},{""type"":""stss""},{""type"":""stsc""},{""type"":""stsz""},{""type"":""stco""}]}]}]}]},{""type"":""trak"",""children"":[{""type"":""tkhd""},{""type"":""edts"",""children"":[{""type"":""elst""}]},{""type"":""mdia"",""children"":[{""type"":""mdhd""},{""type"":""hdlr""},{""type"":""minf"",""children"":[{""type"":""smhd""},{""type"":""dinf"",""children"":[{""type"":""dref""}]},{""type"":""stbl"",""children"":[{""type"":""stsd"",""children"":[{""type"":""mp4a"",""children"":[{""type"":""esds""}]}]},{""type"":""stts""},{""type"":""stsc""},{""type"":""stsz""},{""type"":""stco""}]}]}]}]},{""type"":""udta"",""children"":[{""type"":""meta"",""children"":[{""type"":""hdlr""},{""type"":""ilst""}]}]}]},{""type"":""free""},{""type"":""mdat""}]";avc1avcCavcCpaspdinfdrefdrefstbledtselstelstmdiaesdssttsfreemdatftypmoovhdlrilsthdlrminfilstfreemdhdhdlrmdiamdhdmetahdlrminfsmhdminfvmhdmoovmvhdmp4aesdsmvhdtrakpaspsttssmhddinfstblstsdstcotrakstcoudtastscstszstsdavc1stsdmp4astssstscstszstcosttsstscsttsstsstkhdedtstraktkhdudtametavmhddinf;avc1avcCpaspavcCpaspsttsdinfdrefstbldrefstblstsdedtselstmdiaelstmdiamdhdesdssttsstscftypmoovmvhdhdlrilstfreehdlrminfsmhdhdlrminfvmhdilstfreemdatmdhdhdlrminfmdiamdhdhdlrmetahdlrilstminfsmhddinfminfvmhddinfmoovmvhdtrakmp4aesdssttsmvhdtraktkhdpaspsttsstsssmhddinfdrefstblstsdavc1stblstsdmp4astcotraktkhdstcoudtametastscstszstcostsdavc1avcCstsdmp4aesdsstssstscstszstszstcotrakstszstcoudtasttsstscstszsttsstssstsctkhdedtselsttraktkhdedtsudtametahdlrvmhddinfdref;avc1avcCpaspsttsavcCpaspsttsstssdinfdrefstblstsddrefstblstsdavc1drefstblstsdmp4aedtselstmdiamdhdelstmdiamdhdhdlresdssttsstscstszftypmoovmvhdtrakhdlrilstfreemdathdlrminfsmhddinfhdlrminfvmhddinfmdhdhdlrminfsmhdmdhdhdlrminfvmhdmdiamdhdhdlrminfmetahdlrilstfreeminfsmhddinfdrefminfvmhddinfdrefmoovmvhdtraktkhdmp4aesdssttsstscmvhdtraktkhdedtspaspsttsstssstscsmhddinfdrefstblstblstsdavc1avcCstblstsdmp4aesdsstcotraktkhdedtsstcoudtametahdlrstscstszstcotrakstscstszstcoudtastsdavc1avcCpaspstsdmp4aesdssttsstssstscstszstcostszstcotraktkhdstszstcoudtametasttsstscstszstcosttsstssstscstsztkhdedtselstmdiatraktkhdedtselstudtametahdlrilstvmhddinfdrefstbl
G:\Meine Ablage\Cybermaster\5_WT26\Masterarbeit\Testdaten\EVA-7K\Facebook\subset_avidemux\D35_V_outdoor_move_0001.mp4;EVA-7K;D35;Samsung;GalaxyTabA;DIGITAL_CAMERA;OUTDOOR;MP4;FACEBOOK;AVIDEMUX;ftyp|moov(mvhd,trak(tkhd,edts(elst),mdia(mdhd,hdlr,minf(vmhd,dinf(dref),stbl(stsd(avc1(avcC,pasp)),stts,stss,stsc,stsz,stco)))),trak(tkhd,edts(elst),mdia(mdhd,hdlr,minf(smhd,dinf(dref),stbl(stsd(mp4a(esds)),stts,stsc,stsz,stco)))),udta(meta(hdlr,ilst)))|free|mdat;"[{""type"":""ftyp""},{""type"":""moov"",""children"":[{""type"":""mvhd""},{""type"":""trak"",""children"":[{""type"":""tkhd""},{""type"":""edts"",""children"":[{""type"":""elst""}]},{""type"":""mdia"",""children"":[{""type"":""mdhd""},{""type"":""hdlr""},{""type"":""minf"",""children"":[{""type"":""vmhd""},{""type"":""dinf"",""children"":[{""type"":""dref""}]},{""type"":""stbl"",""children"":[{""type"":""stsd"",""children"":[{""type"":""avc1"",""children"":[{""type"":""avcC""},{""type"":""pasp""}]}]},{""type"":""stts""},{""type"":""stss""},{""type"":""stsc""},{""type"":""stsz""},{""type"":""stco""}]}]}]}]},{""type"":""trak"",""children"":[{""type"":""tkhd""},{""type"":""edts"",""children"":[{""type"":""elst""}]},{""type"":""mdia"",""children"":[{""type"":""mdhd""},{""type"":""hdlr""},{""type"":""minf"",""children"":[{""type"":""smhd""},{""type"":""dinf"",""children"":[{""type"":""dref""}]},{""type"":""stbl"",""children"":[{""type"":""stsd"",""children"":[{""type"":""mp4a"",""children"":[{""type"":""esds""}]}]},{""type"":""stts""},{""type"":""stsc""},{""type"":""stsz""},{""type"":""stco""}]}]}]}]},{""type"":""udta"",""children"":[{""type"":""meta"",""children"":[{""type"":""hdlr""},{""type"":""ilst""}]}]}]},{""type"":""free""},{""type"":""mdat""}]";avc1avcCavcCpaspdinfdrefdrefstbledtselstelstmdiaesdssttsfreemdatftypmoovhdlrilsthdlrminfilstfreemdhdhdlrmdiamdhdmetahdlrminfsmhdminfvmhdmoovmvhdmp4aesdsmvhdtrakpaspsttssmhddinfstblstsdstcotrakstcoudtastscstszstsdavc1stsdmp4astssstscstszstcosttsstscsttsstsstkhdedtstraktkhdudtametavmhddinf;avc1avcCpaspavcCpaspsttsdinfdrefstbldrefstblstsdedtselstmdiaelstmdiamdhdesdssttsstscftypmoovmvhdhdlrilstfreehdlrminfsmhdhdlrminfvmhdilstfreemdatmdhdhdlrminfmdiamdhdhdlrmetahdlrilstminfsmhddinfminfvmhddinfmoovmvhdtrakmp4aesdssttsmvhdtraktkhdpaspsttsstsssmhddinfdrefstblstsdavc1stblstsdmp4astcotraktkhdstcoudtametastscstszstcostsdavc1avcCstsdmp4aesdsstssstscstszstszstcotrakstszstcoudtasttsstscstszsttsstssstsctkhdedtselsttraktkhdedtsudtametahdlrvmhddinfdref;avc1avcCpaspsttsavcCpaspsttsstssdinfdrefstblstsddrefstblstsdavc1drefstblstsdmp4aedtselstmdiamdhdelstmdiamdhdhdlresdssttsstscstszftypmoovmvhdtrakhdlrilstfreemdathdlrminfsmhddinfhdlrminfvmhddinfmdhdhdlrminfsmhdmdhdhdlrminfvmhdmdiamdhdhdlrminfmetahdlrilstfreeminfsmhddinfdrefminfvmhddinfdrefmoovmvhdtraktkhdmp4aesdssttsstscmvhdtraktkhdedtspaspsttsstssstscsmhddinfdrefstblstblstsdavc1avcCstblstsdmp4aesdsstcotraktkhdedtsstcoudtametahdlrstscstszstcotrakstscstszstcoudtastsdavc1avcCpaspstsdmp4aesdssttsstssstscstszstcostszstcotraktkhdstszstcoudtametasttsstscstszstcosttsstssstscstsztkhdedtselstmdiatraktkhdedtselstudtametahdlrilstvmhddinfdrefstbl
G:\Meine Ablage\Cybermaster\5_WT26\Masterarbeit\Testdaten\EVA-7K\Facebook\subset_avidemux\D35_V_outdoor_move_0002.mp4;EVA-7K;D35;Samsung;GalaxyTabA;DIGITAL_CAMERA;OUTDOOR;MP4;FACEBOOK;AVIDEMUX;ftyp|moov(mvhd,trak(tkhd,edts(elst),mdia(mdhd,hdlr,minf(vmhd,dinf(dref),stbl(stsd(avc1(avcC,pasp)),stts,stss,stsc,stsz,stco)))),trak(tkhd,edts(elst),mdia(mdhd,hdlr,minf(smhd,dinf(dref),stbl(stsd(mp4a(esds)),stts,stsc,stsz,stco)))),udta(meta(hdlr,ilst)))|free|mdat;"[{""type"":""ftyp""},{""type"":""moov"",""children"":[{""type"":""mvhd""},{""type"":""trak"",""children"":[{""type"":""tkhd""},{""type"":""edts"",""children"":[{""type"":""elst""}]},{""type"":""mdia"",""children"":[{""type"":""mdhd""},{""type"":""hdlr""},{""type"":""minf"",""children"":[{""type"":""vmhd""},{""type"":""dinf"",""children"":[{""type"":""dref""}]},{""type"":""stbl"",""children"":[{""type"":""stsd"",""children"":[{""type"":""avc1"",""children"":[{""type"":""avcC""},{""type"":""pasp""}]}]},{""type"":""stts""},{""type"":""stss""},{""type"":""stsc""},{""type"":""stsz""},{""type"":""stco""}]}]}]}]},{""type"":""trak"",""children"":[{""type"":""tkhd""},{""type"":""edts"",""children"":[{""type"":""elst""}]},{""type"":""mdia"",""children"":[{""type"":""mdhd""},{""type"":""hdlr""},{""type"":""minf"",""children"":[{""type"":""smhd""},{""type"":""dinf"",""children"":[{""type"":""dref""}]},{""type"":""stbl"",""children"":[{""type"":""stsd"",""children"":[{""type"":""mp4a"",""children"":[{""type"":""esds""}]}]},{""type"":""stts""},{""type"":""stsc""},{""type"":""stsz""},{""type"":""stco""}]}]}]}]},{""type"":""udta"",""children"":[{""type"":""meta"",""children"":[{""type"":""hdlr""},{""type"":""ilst""}]}]}]},{""type"":""free""},{""type"":""mdat""}]";avc1avcCavcCpaspdinfdrefdrefstbledtselstelstmdiaesdssttsfreemdatftypmoovhdlrilsthdlrminfilstfreemdhdhdlrmdiamdhdmetahdlrminfsmhdminfvmhdmoovmvhdmp4aesdsmvhdtrakpaspsttssmhddinfstblstsdstcotrakstcoudtastscstszstsdavc1stsdmp4astssstscstszstcosttsstscsttsstsstkhdedtstraktkhdudtametavmhddinf;avc1avcCpaspavcCpaspsttsdinfdrefstbldrefstblstsdedtselstmdiaelstmdiamdhdesdssttsstscftypmoovmvhdhdlrilstfreehdlrminfsmhdhdlrminfvmhdilstfreemdatmdhdhdlrminfmdiamdhdhdlrmetahdlrilstminfsmhddinfminfvmhddinfmoovmvhdtrakmp4aesdssttsmvhdtraktkhdpaspsttsstsssmhddinfdrefstblstsdavc1stblstsdmp4astcotraktkhdstcoudtametastscstszstcostsdavc1avcCstsdmp4aesdsstssstscstszstszstcotrakstszstcoudtasttsstscstszsttsstssstsctkhdedtselsttraktkhdedtsudtametahdlrvmhddinfdref;avc1avcCpaspsttsavcCpaspsttsstssdinfdrefstblstsddrefstblstsdavc1drefstblstsdmp4aedtselstmdiamdhdelstmdiamdhdhdlresdssttsstscstszftypmoovmvhdtrakhdlrilstfreemdathdlrminfsmhddinfhdlrminfvmhddinfmdhdhdlrminfsmhdmdhdhdlrminfvmhdmdiamdhdhdlrminfmetahdlrilstfreeminfsmhddinfdrefminfvmhddinfdrefmoovmvhdtraktkhdmp4aesdssttsstscmvhdtraktkhdedtspaspsttsstssstscsmhddinfdrefstblstblstsdavc1avcCstblstsdmp4aesdsstcotraktkhdedtsstcoudtametahdlrstscstszstcotrakstscstszstcoudtastsdavc1avcCpaspstsdmp4aesdssttsstssstscstszstcostszstcotraktkhdstszstcoudtametasttsstscstszstcosttsstssstscstsztkhdedtselstmdiatraktkhdedtselstudtametahdlrilstvmhddinfdrefstbl
G:\Meine Ablage\Cybermaster\5_WT26\Masterarbeit\Testdaten\EVA-7K\Facebook\subset_avidemux\D35_V_outdoor_panrot_0001.mp4;EVA-7K;D35;Samsung;GalaxyTabA;DIGITAL_CAMERA;OUTDOOR;MP4;FACEBOOK;AVIDEMUX;ftyp|moov(mvhd,trak(tkhd,edts(elst),mdia(mdhd,hdlr,minf(vmhd,dinf(dref),stbl(stsd(avc1(avcC,pasp)),stts,stss,stsc,stsz,stco)))),trak(tkhd,edts(elst),mdia(mdhd,hdlr,minf(smhd,dinf(dref),stbl(stsd(mp4a(esds)),stts,stsc,stsz,stco)))),udta(meta(hdlr,ilst)))|free|mdat;"[{""type"":""ftyp""},{""type"":""moov"",""children"":[{""type"":""mvhd""},{""type"":""trak"",""children"":[{""type"":""tkhd""},{""type"":""edts"",""children"":[{""type"":""elst""}]},{""type"":""mdia"",""children"":[{""type"":""mdhd""},{""type"":""hdlr""},{""type"":""minf"",""children"":[{""type"":""vmhd""},{""type"":""dinf"",""children"":[{""type"":""dref""}]},{""type"":""stbl"",""children"":[{""type"":""stsd"",""children"":[{""type"":""avc1"",""children"":[{""type"":""avcC""},{""type"":""pasp""}]}]},{""type"":""stts""},{""type"":""stss""},{""type"":""stsc""},{""type"":""stsz""},{""type"":""stco""}]}]}]}]},{""type"":""trak"",""children"":[{""type"":""tkhd""},{""type"":""edts"",""children"":[{""type"":""elst""}]},{""type"":""mdia"",""children"":[{""type"":""mdhd""},{""type"":""hdlr""},{""type"":""minf"",""children"":[{""type"":""smhd""},{""type"":""dinf"",""children"":[{""type"":""dref""}]},{""type"":""stbl"",""children"":[{""type"":""stsd"",""children"":[{""type"":""mp4a"",""children"":[{""type"":""esds""}]}]},{""type"":""stts""},{""type"":""stsc""},{""type"":""stsz""},{""type"":""stco""}]}]}]}]},{""type"":""udta"",""children"":[{""type"":""meta"",""children"":[{""type"":""hdlr""},{""type"":""ilst""}]}]}]},{""type"":""free""},{""type"":""mdat""}]";avc1avcCavcCpaspdinfdrefdrefstbledtselstelstmdiaesdssttsfreemdatftypmoovhdlrilsthdlrminfilstfreemdhdhdlrmdiamdhdmetahdlrminfsmhdminfvmhdmoovmvhdmp4aesdsmvhdtrakpaspsttssmhddinfstblstsdstcotrakstcoudtastscstszstsdavc1stsdmp4astssstscstszstcosttsstscsttsstsstkhdedtstraktkhdudtametavmhddinf;avc1avcCpaspavcCpaspsttsdinfdrefstbldrefstblstsdedtselstmdiaelstmdiamdhdesdssttsstscftypmoovmvhdhdlrilstfreehdlrminfsmhdhdlrminfvmhdilstfreemdatmdhdhdlrminfmdiamdhdhdlrmetahdlrilstminfsmhddinfminfvmhddinfmoovmvhdtrakmp4aesdssttsmvhdtraktkhdpaspsttsstsssmhddinfdrefstblstsdavc1stblstsdmp4astcotraktkhdstcoudtametastscstszstcostsdavc1avcCstsdmp4aesdsstssstscstszstszstcotrakstszstcoudtasttsstscstszsttsstssstsctkhdedtselsttraktkhdedtsudtametahdlrvmhddinfdref;avc1avcCpaspsttsavcCpaspsttsstssdinfdrefstblstsddrefstblstsdavc1drefstblstsdmp4aedtselstmdiamdhdelstmdiamdhdhdlresdssttsstscstszftypmoovmvhdtrakhdlrilstfreemdathdlrminfsmhddinfhdlrminfvmhddinfmdhdhdlrminfsmhdmdhdhdlrminfvmhdmdiamdhdhdlrminfmetahdlrilstfreeminfsmhddinfdrefminfvmhddinfdrefmoovmvhdtraktkhdmp4aesdssttsstscmvhdtraktkhdedtspaspsttsstssstscsmhddinfdrefstblstblstsdavc1avcCstblstsdmp4aesdsstcotraktkhdedtsstcoudtametahdlrstscstszstcotrakstscstszstcoudtastsdavc1avcCpaspstsdmp4aesdssttsstssstscstszstcostszstcotraktkhdstszstcoudtametasttsstscstszstcosttsstssstscstsztkhdedtselstmdiatraktkhdedtselstudtametahdlrilstvmhddinfdrefstbl
G:\Meine Ablage\Cybermaster\5_WT26\Masterarbeit\Testdaten\EVA-7K\Facebook\subset_avidemux\D35_V_outdoor_panrot_0002.mp4;EVA-7K;D35;Samsung;GalaxyTabA;DIGITAL_CAMERA;OUTDOOR;MP4;FACEBOOK;AVIDEMUX;ftyp|moov(mvhd,trak(tkhd,edts(elst),mdia(mdhd,hdlr,minf(vmhd,dinf(dref),stbl(stsd(avc1(avcC,pasp)),stts,stss,stsc,stsz,stco)))),trak(tkhd,edts(elst),mdia(mdhd,hdlr,minf(smhd,dinf(dref),stbl(stsd(mp4a(esds)),stts,stsc,stsz,stco)))),udta(meta(hdlr,ilst)))|free|mdat;"[{""type"":""ftyp""},{""type"":""moov"",""children"":[{""type"":""mvhd""},{""type"":""trak"",""children"":[{""type"":""tkhd""},{""type"":""edts"",""children"":[{""type"":""elst""}]},{""type"":""mdia"",""children"":[{""type"":""mdhd""},{""type"":""hdlr""},{""type"":""minf"",""children"":[{""type"":""vmhd""},{""type"":""dinf"",""children"":[{""type"":""dref""}]},{""type"":""stbl"",""children"":[{""type"":""stsd"",""children"":[{""type"":""avc1"",""children"":[{""type"":""avcC""},{""type"":""pasp""}]}]},{""type"":""stts""},{""type"":""stss""},{""type"":""stsc""},{""type"":""stsz""},{""type"":""stco""}]}]}]}]},{""type"":""trak"",""children"":[{""type"":""tkhd""},{""type"":""edts"",""children"":[{""type"":""elst""}]},{""type"":""mdia"",""children"":[{""type"":""mdhd""},{""type"":""hdlr""},{""type"":""minf"",""children"":[{""type"":""smhd""},{""type"":""dinf"",""children"":[{""type"":""dref""}]},{""type"":""stbl"",""children"":[{""type"":""stsd"",""children"":[{""type"":""mp4a"",""children"":[{""type"":""esds""}]}]},{""type"":""stts""},{""type"":""stsc""},{""type"":""stsz""},{""type"":""stco""}]}]}]}]},{""type"":""udta"",""children"":[{""type"":""meta"",""children"":[{""type"":""hdlr""},{""type"":""ilst""}]}]}]},{""type"":""free""},{""type"":""mdat""}]";avc1avcCavcCpaspdinfdrefdrefstbledtselstelstmdiaesdssttsfreemdatftypmoovhdlrilsthdlrminfilstfreemdhdhdlrmdiamdhdmetahdlrminfsmhdminfvmhdmoovmvhdmp4aesdsmvhdtrakpaspsttssmhddinfstblstsdstcotrakstcoudtastscstszstsdavc1stsdmp4astssstscstszstcosttsstscsttsstsstkhdedtstraktkhdudtametavmhddinf;avc1avcCpaspavcCpaspsttsdinfdrefstbldrefstblstsdedtselstmdiaelstmdiamdhdesdssttsstscftypmoovmvhdhdlrilstfreehdlrminfsmhdhdlrminfvmhdilstfreemdatmdhdhdlrminfmdiamdhdhdlrmetahdlrilstminfsmhddinfminfvmhddinfmoovmvhdtrakmp4aesdssttsmvhdtraktkhdpaspsttsstsssmhddinfdrefstblstsdavc1stblstsdmp4astcotraktkhdstcoudtametastscstszstcostsdavc1avcCstsdmp4aesdsstssstscstszstszstcotrakstszstcoudtasttsstscstszsttsstssstsctkhdedtselsttraktkhdedtsudtametahdlrvmhddinfdref;avc1avcCpaspsttsavcCpaspsttsstssdinfdrefstblstsddrefstblstsdavc1drefstblstsdmp4aedtselstmdiamdhdelstmdiamdhdhdlresdssttsstscstszftypmoovmvhdtrakhdlrilstfreemdathdlrminfsmhddinfhdlrminfvmhddinfmdhdhdlrminfsmhdmdhdhdlrminfvmhdmdiamdhdhdlrminfmetahdlrilstfreeminfsmhddinfdrefminfvmhddinfdrefmoovmvhdtraktkhdmp4aesdssttsstscmvhdtraktkhdedtspaspsttsstssstscsmhddinfdrefstblstblstsdavc1avcCstblstsdmp4aesdsstcotraktkhdedtsstcoudtametahdlrstscstszstcotrakstscstszstcoudtastsdavc1avcCpaspstsdmp4aesdssttsstssstscstszstcostszstcotraktkhdstszstcoudtametasttsstscstszstcosttsstssstscstsztkhdedtselstmdiatraktkhdedtselstudtametahdlrilstvmhddinfdrefstbl
G:\Meine Ablage\Cybermaster\5_WT26\Masterarbeit\Testdaten\EVA-7K\Facebook\subset_exiftool\D01_V_indoor_move_0001.mp4;EVA-7K;D01;Samsung;GalaxyS3Mini;DIGITAL_CAMERA;INDOOR;MP4;FACEBOOK;EXIFTOOL;ftyp|moov(mvhd,trak(tkhd,edts(elst),mdia(mdhd,hdlr,minf(vmhd,dinf(dref),stbl(stsd(avc1(avcC,pasp)),stts,stss,stsc,stsz,stco)))),trak(tkhd,edts(elst),mdia(mdhd,hdlr,minf(smhd,dinf(dref),stbl(stsd(mp4a(esds)),stts,stsc,stsz,stco)))),udta(meta(hdlr,ilst)))|free|mdat;"[{""type"":""ftyp""},{""type"":""moov"",""children"":[{""type"":""mvhd""},{""type"":""trak"",""children"":[{""type"":""tkhd""},{""type"":""edts"",""children"":[{""type"":""elst""}]},{""type"":""mdia"",""children"":[{""type"":""mdhd""},{""type"":""hdlr""},{""type"":""minf"",""children"":[{""type"":""vmhd""},{""type"":""dinf"",""children"":[{""type"":""dref""}]},{""type"":""stbl"",""children"":[{""type"":""stsd"",""children"":[{""type"":""avc1"",""children"":[{""type"":""avcC""},{""type"":""pasp""}]}]},{""type"":""stts""},{""type"":""stss""},{""type"":""stsc""},{""type"":""stsz""},{""type"":""stco""}]}]}]}]},{""type"":""trak"",""children"":[{""type"":""tkhd""},{""type"":""edts"",""children"":[{""type"":""elst""}]},{""type"":""mdia"",""children"":[{""type"":""mdhd""},{""type"":""hdlr""},{""type"":""minf"",""children"":[{""type"":""smhd""},{""type"":""dinf"",""children"":[{""type"":""dref""}]},{""type"":""stbl"",""children"":[{""type"":""stsd"",""children"":[{""type"":""mp4a"",""children"":[{""type"":""esds""}]}]},{""type"":""stts""},{""type"":""stsc""},{""type"":""stsz""},{""type"":""stco""}]}]}]}]},{""type"":""udta"",""children"":[{""type"":""meta"",""children"":[{""type"":""hdlr""},{""type"":""ilst""}]}]}]},{""type"":""free""},{""type"":""mdat""}]";avc1avcCavcCpaspdinfdrefdrefstbledtselstelstmdiaesdssttsfreemdatftypmoovhdlrilsthdlrminfilstfreemdhdhdlrmdiamdhdmetahdlrminfsmhdminfvmhdmoovmvhdmp4aesdsmvhdtrakpaspsttssmhddinfstblstsdstcotrakstcoudtastscstszstsdavc1stsdmp4astssstscstszstcosttsstscsttsstsstkhdedtstraktkhdudtametavmhddinf;avc1avcCpaspavcCpaspsttsdinfdrefstbldrefstblstsdedtselstmdiaelstmdiamdhdesdssttsstscftypmoovmvhdhdlrilstfreehdlrminfsmhdhdlrminfvmhdilstfreemdatmdhdhdlrminfmdiamdhdhdlrmetahdlrilstminfsmhddinfminfvmhddinfmoovmvhdtrakmp4aesdssttsmvhdtraktkhdpaspsttsstsssmhddinfdrefstblstsdavc1stblstsdmp4astcotraktkhdstcoudtametastscstszstcostsdavc1avcCstsdmp4aesdsstssstscstszstszstcotrakstszstcoudtasttsstscstszsttsstssstsctkhdedtselsttraktkhdedtsudtametahdlrvmhddinfdref;avc1avcCpaspsttsavcCpaspsttsstssdinfdrefstblstsddrefstblstsdavc1drefstblstsdmp4aedtselstmdiamdhdelstmdiamdhdhdlresdssttsstscstszftypmoovmvhdtrakhdlrilstfreemdathdlrminfsmhddinfhdlrminfvmhddinfmdhdhdlrminfsmhdmdhdhdlrminfvmhdmdiamdhdhdlrminfmetahdlrilstfreeminfsmhddinfdrefminfvmhddinfdrefmoovmvhdtraktkhdmp4aesdssttsstscmvhdtraktkhdedtspaspsttsstssstscsmhddinfdrefstblstblstsdavc1avcCstblstsdmp4aesdsstcotraktkhdedtsstcoudtametahdlrstscstszstcotrakstscstszstcoudtastsdavc1avcCpaspstsdmp4aesdssttsstssstscstszstcostszstcotraktkhdstszstcoudtametasttsstscstszstcosttsstssstscstsztkhdedtselstmdiatraktkhdedtselstudtametahdlrilstvmhddinfdrefstbl
G:\Meine Ablage\Cybermaster\5_WT26\Masterarbeit\Testdaten\EVA-7K\Facebook\subset_exiftool\D01_V_indoor_move_0002.mp4;EVA-7K;D01;Samsung;GalaxyS3Mini;DIGITAL_CAMERA;INDOOR;MP4;FACEBOOK;EXIFTOOL;ftyp|moov(mvhd,trak(tkhd,edts(elst),mdia(mdhd,hdlr,minf(vmhd,dinf(dref),stbl(stsd(avc1(avcC,pasp)),stts,stss,stsc,stsz,stco)))),trak(tkhd,edts(elst),mdia(mdhd,hdlr,minf(smhd,dinf(dref),stbl(stsd(mp4a(esds)),stts,stsc,stsz,stco)))),udta(meta(hdlr,ilst)))|free|mdat;"[{""type"":""ftyp""},{""type"":""moov"",""children"":[{""type"":""mvhd""},{""type"":""trak"",""children"":[{""type"":""tkhd""},{""type"":""edts"",""children"":[{""type"":""elst""}]},{""type"":""mdia"",""children"":[{""type"":""mdhd""},{""type"":""hdlr""},{""type"":""minf"",""children"":[{""type"":""vmhd""},{""type"":""dinf"",""children"":[{""type"":""dref""}]},{""type"":""stbl"",""children"":[{""type"":""stsd"",""children"":[{""type"":""avc1"",""children"":[{""type"":""avcC""},{""type"":""pasp""}]}]},{""type"":""stts""},{""type"":""stss""},{""type"":""stsc""},{""type"":""stsz""},{""type"":""stco""}]}]}]}]},{""type"":""trak"",""children"":[{""type"":""tkhd""},{""type"":""edts"",""children"":[{""type"":""elst""}]},{""type"":""mdia"",""children"":[{""type"":""mdhd""},{""type"":""hdlr""},{""type"":""minf"",""children"":[{""type"":""smhd""},{""type"":""dinf"",""children"":[{""type"":""dref""}]},{""type"":""stbl"",""children"":[{""type"":""stsd"",""children"":[{""type"":""mp4a"",""children"":[{""type"":""esds""}]}]},{""type"":""stts""},{""type"":""stsc""},{""type"":""stsz""},{""type"":""stco""}]}]}]}]},{""type"":""udta"",""children"":[{""type"":""meta"",""children"":[{""type"":""hdlr""},{""type"":""ilst""}]}]}]},{""type"":""free""},{""type"":""mdat""}]";avc1avcCavcCpaspdinfdrefdrefstbledtselstelstmdiaesdssttsfreemdatftypmoovhdlrilsthdlrminfilstfreemdhdhdlrmdiamdhdmetahdlrminfsmhdminfvmhdmoovmvhdmp4aesdsmvhdtrakpaspsttssmhddinfstblstsdstcotrakstcoudtastscstszstsdavc1stsdmp4astssstscstszstcosttsstscsttsstsstkhdedtstraktkhdudtametavmhddinf;avc1avcCpaspavcCpaspsttsdinfdrefstbldrefstblstsdedtselstmdiaelstmdiamdhdesdssttsstscftypmoovmvhdhdlrilstfreehdlrminfsmhdhdlrminfvmhdilstfreemdatmdhdhdlrminfmdiamdhdhdlrmetahdlrilstminfsmhddinfminfvmhddinfmoovmvhdtrakmp4aesdssttsmvhdtraktkhdpaspsttsstsssmhddinfdrefstblstsdavc1stblstsdmp4astcotraktkhdstcoudtametastscstszstcostsdavc1avcCstsdmp4aesdsstssstscstszstszstcotrakstszstcoudtasttsstscstszsttsstssstsctkhdedtselsttraktkhdedtsudtametahdlrvmhddinfdref;avc1avcCpaspsttsavcCpaspsttsstssdinfdrefstblstsddrefstblstsdavc1drefstblstsdmp4aedtselstmdiamdhdelstmdiamdhdhdlresdssttsstscstszftypmoovmvhdtrakhdlrilstfreemdathdlrminfsmhddinfhdlrminfvmhddinfmdhdhdlrminfsmhdmdhdhdlrminfvmhdmdiamdhdhdlrminfmetahdlrilstfreeminfsmhddinfdrefminfvmhddinfdrefmoovmvhdtraktkhdmp4aesdssttsstscmvhdtraktkhdedtspaspsttsstssstscsmhddinfdrefstblstblstsdavc1avcCstblstsdmp4aesdsstcotraktkhdedtsstcoudtametahdlrstscstszstcotrakstscstszstcoudtastsdavc1avcCpaspstsdmp4aesdssttsstssstscstszstcostszstcotraktkhdstszstcoudtametasttsstscstszstcosttsstssstscstsztkhdedtselstmdiatraktkhdedtselstudtametahdlrilstvmhddinfdrefstbl
G:\Meine Ablage\Cybermaster\5_WT26\Masterarbeit\Testdaten\EVA-7K\Facebook\subset_exiftool\D01_V_outdoor_move_0001.mp4;EVA-7K;D01;Samsung;GalaxyS3Mini;DIGITAL_CAMERA;OUTDOOR;MP4;FACEBOOK;EXIFTOOL;ftyp|moov(mvhd,trak(tkhd,edts(elst),mdia(mdhd,hdlr,minf(vmhd,dinf(dref),stbl(stsd(avc1(avcC,pasp)),stts,stss,stsc,stsz,stco)))),trak(tkhd,edts(elst),mdia(mdhd,hdlr,minf(smhd,dinf(dref),stbl(stsd(mp4a(esds)),stts,stsc,stsz,stco)))),udta(meta(hdlr,ilst)))|free|mdat;"[{""type"":""ftyp""},{""type"":""moov"",""children"":[{""type"":""mvhd""},{""type"":""trak"",""children"":[{""type"":""tkhd""},{""type"":""edts"",""children"":[{""type"":""elst""}]},{""type"":""mdia"",""children"":[{""type"":""mdhd""},{""type"":""hdlr""},{""type"":""minf"",""children"":[{""type"":""vmhd""},{""type"":""dinf"",""children"":[{""type"":""dref""}]},{""type"":""stbl"",""children"":[{""type"":""stsd"",""children"":[{""type"":""avc1"",""children"":[{""type"":""avcC""},{""type"":""pasp""}]}]},{""type"":""stts""},{""type"":""stss""},{""type"":""stsc""},{""type"":""stsz""},{""type"":""stco""}]}]}]}]},{""type"":""trak"",""children"":[{""type"":""tkhd""},{""type"":""edts"",""children"":[{""type"":""elst""}]},{""type"":""mdia"",""children"":[{""type"":""mdhd""},{""type"":""hdlr""},{""type"":""minf"",""children"":[{""type"":""smhd""},{""type"":""dinf"",""children"":[{""type"":""dref""}]},{""type"":""stbl"",""children"":[{""type"":""stsd"",""children"":[{""type"":""mp4a"",""children"":[{""type"":""esds""}]}]},{""type"":""stts""},{""type"":""stsc""},{""type"":""stsz""},{""type"":""stco""}]}]}]}]},{""type"":""udta"",""children"":[{""type"":""meta"",""children"":[{""type"":""hdlr""},{""type"":""ilst""}]}]}]},{""type"":""free""},{""type"":""mdat""}]";avc1avcCavcCpaspdinfdrefdrefstbledtselstelstmdiaesdssttsfreemdatftypmoovhdlrilsthdlrminfilstfreemdhdhdlrmdiamdhdmetahdlrminfsmhdminfvmhdmoovmvhdmp4aesdsmvhdtrakpaspsttssmhddinfstblstsdstcotrakstcoudtastscstszstsdavc1stsdmp4astssstscstszstcosttsstscsttsstsstkhdedtstraktkhdudtametavmhddinf;avc1avcCpaspavcCpaspsttsdinfdrefstbldrefstblstsdedtselstmdiaelstmdiamdhdesdssttsstscftypmoovmvhdhdlrilstfreehdlrminfsmhdhdlrminfvmhdilstfreemdatmdhdhdlrminfmdiamdhdhdlrmetahdlrilstminfsmhddinfminfvmhddinfmoovmvhdtrakmp4aesdssttsmvhdtraktkhdpaspsttsstsssmhddinfdrefstblstsdavc1stblstsdmp4astcotraktkhdstcoudtametastscstszstcostsdavc1avcCstsdmp4aesdsstssstscstszstszstcotrakstszstcoudtasttsstscstszsttsstssstsctkhdedtselsttraktkhdedtsudtametahdlrvmhddinfdref;avc1avcCpaspsttsavcCpaspsttsstssdinfdrefstblstsddrefstblstsdavc1drefstblstsdmp4aedtselstmdiamdhdelstmdiamdhdhdlresdssttsstscstszftypmoovmvhdtrakhdlrilstfreemdathdlrminfsmhddinfhdlrminfvmhddinfmdhdhdlrminfsmhdmdhdhdlrminfvmhdmdiamdhdhdlrminfmetahdlrilstfreeminfsmhddinfdrefminfvmhddinfdrefmoovmvhdtraktkhdmp4aesdssttsstscmvhdtraktkhdedtspaspsttsstssstscsmhddinfdrefstblstblstsdavc1avcCstblstsdmp4aesdsstcotraktkhdedtsstcoudtametahdlrstscstszstcotrakstscstszstcoudtastsdavc1avcCpaspstsdmp4aesdssttsstssstscstszstcostszstcotraktkhdstszstcoudtametasttsstscstszstcosttsstssstscstsztkhdedtselstmdiatraktkhdedtselstudtametahdlrilstvmhddinfdrefstbl
G:\Meine Ablage\Cybermaster\5_WT26\Masterarbeit\Testdaten\EVA-7K\Facebook\subset_exiftool\D01_V_outdoor_move_0002.mp4;EVA-7K;D01;Samsung;GalaxyS3Mini;DIGITAL_CAMERA;OUTDOOR;MP4;FACEBOOK;EXIFTOOL;ftyp|moov(mvhd,trak(tkhd,edts(elst),mdia(mdhd,hdlr,minf(vmhd,dinf(dref),stbl(stsd(avc1(avcC,pasp)),stts,stss,stsc,stsz,stco)))),trak(tkhd,edts(elst),mdia(mdhd,hdlr,minf(smhd,dinf(dref),stbl(stsd(mp4a(esds)),stts,stsc,stsz,stco)))),udta(meta(hdlr,ilst)))|free|mdat;"[{""type"":""ftyp""},{""type"":""moov"",""children"":[{""type"":""mvhd""},{""type"":""trak"",""children"":[{""type"":""tkhd""},{""type"":""edts"",""children"":[{""type"":""elst""}]},{""type"":""mdia"",""children"":[{""type"":""mdhd""},{""type"":""hdlr""},{""type"":""minf"",""children"":[{""type"":""vmhd""},{""type"":""dinf"",""children"":[{""type"":""dref""}]},{""type"":""stbl"",""children"":[{""type"":""stsd"",""children"":[{""type"":""avc1"",""children"":[{""type"":""avcC""},{""type"":""pasp""}]}]},{""type"":""stts""},{""type"":""stss""},{""type"":""stsc""},{""type"":""stsz""},{""type"":""stco""}]}]}]}]},{""type"":""trak"",""children"":[{""type"":""tkhd""},{""type"":""edts"",""children"":[{""type"":""elst""}]},{""type"":""mdia"",""children"":[{""type"":""mdhd""},{""type"":""hdlr""},{""type"":""minf"",""children"":[{""type"":""smhd""},{""type"":""dinf"",""children"":[{""type"":""dref""}]},{""type"":""stbl"",""children"":[{""type"":""stsd"",""children"":[{""type"":""mp4a"",""children"":[{""type"":""esds""}]}]},{""type"":""stts""},{""type"":""stsc""},{""type"":""stsz""},{""type"":""stco""}]}]}]}]},{""type"":""udta"",""children"":[{""type"":""meta"",""children"":[{""type"":""hdlr""},{""type"":""ilst""}]}]}]},{""type"":""free""},{""type"":""mdat""}]";avc1avcCavcCpaspdinfdrefdrefstbledtselstelstmdiaesdssttsfreemdatftypmoovhdlrilsthdlrminfilstfreemdhdhdlrmdiamdhdmetahdlrminfsmhdminfvmhdmoovmvhdmp4aesdsmvhdtrakpaspsttssmhddinfstblstsdstcotrakstcoudtastscstszstsdavc1stsdmp4astssstscstszstcosttsstscsttsstsstkhdedtstraktkhdudtametavmhddinf;avc1avcCpaspavcCpaspsttsdinfdrefstbldrefstblstsdedtselstmdiaelstmdiamdhdesdssttsstscftypmoovmvhdhdlrilstfreehdlrminfsmhdhdlrminfvmhdilstfreemdatmdhdhdlrminfmdiamdhdhdlrmetahdlrilstminfsmhddinfminfvmhddinfmoovmvhdtrakmp4aesdssttsmvhdtraktkhdpaspsttsstsssmhddinfdrefstblstsdavc1stblstsdmp4astcotraktkhdstcoudtametastscstszstcostsdavc1avcCstsdmp4aesdsstssstscstszstszstcotrakstszstcoudtasttsstscstszsttsstssstsctkhdedtselsttraktkhdedtsudtametahdlrvmhddinfdref;avc1avcCpaspsttsavcCpaspsttsstssdinfdrefstblstsddrefstblstsdavc1drefstblstsdmp4aedtselstmdiamdhdelstmdiamdhdhdlresdssttsstscstszftypmoovmvhdtrakhdlrilstfreemdathdlrminfsmhddinfhdlrminfvmhddinfmdhdhdlrminfsmhdmdhdhdlrminfvmhdmdiamdhdhdlrminfmetahdlrilstfreeminfsmhddinfdrefminfvmhddinfdrefmoovmvhdtraktkhdmp4aesdssttsstscmvhdtraktkhdedtspaspsttsstssstscsmhddinfdrefstblstblstsdavc1avcCstblstsdmp4aesdsstcotraktkhdedtsstcoudtametahdlrstscstszstcotrakstscstszstcoudtastsdavc1avcCpaspstsdmp4aesdssttsstssstscstszstcostszstcotraktkhdstszstcoudtametasttsstscstszstcosttsstssstscstsztkhdedtselstmdiatraktkhdedtselstudtametahdlrilstvmhddinfdrefstbl
G:\Meine Ablage\Cybermaster\5_WT26\Masterarbeit\Testdaten\EVA-7K\Facebook\subset_exiftool\D08_V_indoor_move_0001.mp4;EVA-7K;D08;Samsung;GalaxyTab3;DIGITAL_CAMERA;INDOOR;MP4;FACEBOOK;EXIFTOOL;ftyp|moov(mvhd,trak(tkhd,edts(elst),mdia(mdhd,hdlr,minf(vmhd,dinf(dref),stbl(stsd(avc1(avcC)),stts,stss,stsc,stsz,stco)))),trak(tkhd,edts(elst),mdia(mdhd,hdlr,minf(smhd,dinf(dref),stbl(stsd(mp4a(esds)),stts,stsc,stsz,stco)))),udta(meta(hdlr,ilst)))|free|mdat;"[{""type"":""ftyp""},{""type"":""moov"",""children"":[{""type"":""mvhd""},{""type"":""trak"",""children"":[{""type"":""tkhd""},{""type"":""edts"",""children"":[{""type"":""elst""}]},{""type"":""mdia"",""children"":[{""type"":""mdhd""},{""type"":""hdlr""},{""type"":""minf"",""children"":[{""type"":""vmhd""},{""type"":""dinf"",""children"":[{""type"":""dref""}]},{""type"":""stbl"",""children"":[{""type"":""stsd"",""children"":[{""type"":""avc1"",""children"":[{""type"":""avcC""}]}]},{""type"":""stts""},{""type"":""stss""},{""type"":""stsc""},{""type"":""stsz""},{""type"":""stco""}]}]}]}]},{""type"":""trak"",""children"":[{""type"":""tkhd""},{""type"":""edts"",""children"":[{""type"":""elst""}]},{""type"":""mdia"",""children"":[{""type"":""mdhd""},{""type"":""hdlr""},{""type"":""minf"",""children"":[{""type"":""smhd""},{""type"":""dinf"",""children"":[{""type"":""dref""}]},{""type"":""stbl"",""children"":[{""type"":""stsd"",""children"":[{""type"":""mp4a"",""children"":[{""type"":""esds""}]}]},{""type"":""stts""},{""type"":""stsc""},{""type"":""stsz""},{""type"":""stco""}]}]}]}]},{""type"":""udta"",""children"":[{""type"":""meta"",""children"":[{""type"":""hdlr""},{""type"":""ilst""}]}]}]},{""type"":""free""},{""type"":""mdat""}]";avc1avcCavcCsttsdinfdrefdrefstbledtselstelstmdiaesdssttsfreemdatftypmoovhdlrilsthdlrminfilstfreemdhdhdlrmdiamdhdmetahdlrminfsmhdminfvmhdmoovmvhdmp4aesdsmvhdtraksmhddinfstblstsdstcotrakstcoudtastscstszstsdavc1stsdmp4astssstscstszstcosttsstscsttsstsstkhdedtstraktkhdudtametavmhddinf;avc1avcCsttsavcCsttsstssdinfdrefstbldrefstblstsdedtselstmdiaelstmdiamdhdesdssttsstscftypmoovmvhdhdlrilstfreehdlrminfsmhdhdlrminfvmhdilstfreemdatmdhdhdlrminfmdiamdhdhdlrmetahdlrilstminfsmhddinfminfvmhddinfmoovmvhdtrakmp4aesdssttsmvhdtraktkhdsmhddinfdrefstblstsdavc1stblstsdmp4astcotraktkhdstcoudtametastscstszstcostsdavc1avcCstsdmp4aesdsstssstscstszstszstcotrakstszstcoudtasttsstscstszsttsstssstsctkhdedtselsttraktkhdedtsudtametahdlrvmhddinfdref;avc1avcCsttsstssavcCsttsstssstscdinfdrefstblstsddrefstblstsdavc1drefstblstsdmp4aedtselstmdiamdhdelstmdiamdhdhdlresdssttsstscstszftypmoovmvhdtrakhdlrilstfreemdathdlrminfsmhddinfhdlrminfvmhddinfmdhdhdlrminfsmhdmdhdhdlrminfvmhdmdiamdhdhdlrminfmetahdlrilstfreeminfsmhddinfdrefminfvmhddinfdrefmoovmvhdtraktkhdmp4aesdssttsstscmvhdtraktkhdedtssmhddinfdrefstblstblstsdavc1avcCstblstsdmp4aesdsstcotraktkhdedtsstcoudtametahdlrstscstszstcotrakstscstszstcoudtastsdavc1avcCsttsstsdmp4aesdssttsstssstscstszstcostszstcotraktkhdstszstcoudtametasttsstscstszstcosttsstssstscstsztkhdedtselstmdiatraktkhdedtselstudtametahdlrilstvmhddinfdrefstbl
G:\Meine Ablage\Cybermaster\5_WT26\Masterarbeit\Testdaten\EVA-7K\Facebook\subset_exiftool\D08_V_indoor_move_0002.mp4;EVA-7K;D08;Samsung;GalaxyTab3;DIGITAL_CAMERA;INDOOR;MP4;FACEBOOK;EXIFTOOL;ftyp|moov(mvhd,trak(tkhd,edts(elst),mdia(mdhd,hdlr,minf(vmhd,dinf(dref),stbl(stsd(avc1(avcC)),stts,stss,stsc,stsz,stco)))),trak(tkhd,edts(elst),mdia(mdhd,hdlr,minf(smhd,dinf(dref),stbl(stsd(mp4a(esds)),stts,stsc,stsz,stco)))),udta(meta(hdlr,ilst)))|free|mdat;"[{""type"":""ftyp""},{""type"":""moov"",""children"":[{""type"":""mvhd""},{""type"":""trak"",""children"":[{""type"":""tkhd""},{""type"":""edts"",""children"":[{""type"":""elst""}]},{""type"":""mdia"",""children"":[{""type"":""mdhd""},{""type"":""hdlr""},{""type"":""minf"",""children"":[{""type"":""vmhd""},{""type"":""dinf"",""children"":[{""type"":""dref""}]},{""type"":""stbl"",""children"":[{""type"":""stsd"",""children"":[{""type"":""avc1"",""children"":[{""type"":""avcC""}]}]},{""type"":""stts""},{""type"":""stss""},{""type"":""stsc""},{""type"":""stsz""},{""type"":""stco""}]}]}]}]},{""type"":""trak"",""children"":[{""type"":""tkhd""},{""type"":""edts"",""children"":[{""type"":""elst""}]},{""type"":""mdia"",""children"":[{""type"":""mdhd""},{""type"":""hdlr""},{""type"":""minf"",""children"":[{""type"":""smhd""},{""type"":""dinf"",""children"":[{""type"":""dref""}]},{""type"":""stbl"",""children"":[{""type"":""stsd"",""children"":[{""type"":""mp4a"",""children"":[{""type"":""esds""}]}]},{""type"":""stts""},{""type"":""stsc""},{""type"":""stsz""},{""type"":""stco""}]}]}]}]},{""type"":""udta"",""children"":[{""type"":""meta"",""children"":[{""type"":""hdlr""},{""type"":""ilst""}]}]}]},{""type"":""free""},{""type"":""mdat""}]";avc1avcCavcCsttsdinfdrefdrefstbledtselstelstmdiaesdssttsfreemdatftypmoovhdlrilsthdlrminfilstfreemdhdhdlrmdiamdhdmetahdlrminfsmhdminfvmhdmoovmvhdmp4aesdsmvhdtraksmhddinfstblstsdstcotrakstcoudtastscstszstsdavc1stsdmp4astssstscstszstcosttsstscsttsstsstkhdedtstraktkhdudtametavmhddinf;avc1avcCsttsavcCsttsstssdinfdrefstbldrefstblstsdedtselstmdiaelstmdiamdhdesdssttsstscftypmoovmvhdhdlrilstfreehdlrminfsmhdhdlrminfvmhdilstfreemdatmdhdhdlrminfmdiamdhdhdlrmetahdlrilstminfsmhddinfminfvmhddinfmoovmvhdtrakmp4aesdssttsmvhdtraktkhdsmhddinfdrefstblstsdavc1stblstsdmp4astcotraktkhdstcoudtametastscstszstcostsdavc1avcCstsdmp4aesdsstssstscstszstszstcotrakstszstcoudtasttsstscstszsttsstssstsctkhdedtselsttraktkhdedtsudtametahdlrvmhddinfdref;avc1avcCsttsstssavcCsttsstssstscdinfdrefstblstsddrefstblstsdavc1drefstblstsdmp4aedtselstmdiamdhdelstmdiamdhdhdlresdssttsstscstszftypmoovmvhdtrakhdlrilstfreemdathdlrminfsmhddinfhdlrminfvmhddinfmdhdhdlrminfsmhdmdhdhdlrminfvmhdmdiamdhdhdlrminfmetahdlrilstfreeminfsmhddinfdrefminfvmhddinfdrefmoovmvhdtraktkhdmp4aesdssttsstscmvhdtraktkhdedtssmhddinfdrefstblstblstsdavc1avcCstblstsdmp4aesdsstcotraktkhdedtsstcoudtametahdlrstscstszstcotrakstscstszstcoudtastsdavc1avcCsttsstsdmp4aesdssttsstssstscstszstcostszstcotraktkhdstszstcoudtametasttsstscstszstcosttsstssstscstsztkhdedtselstmdiatraktkhdedtselstudtametahdlrilstvmhddinfdrefstbl
G:\Meine Ablage\Cybermaster\5_WT26\Masterarbeit\Testdaten\EVA-7K\Facebook\subset_exiftool\D08_V_outdoor_move_0001.mp4;EVA-7K;D08;Samsung;GalaxyTab3;DIGITAL_CAMERA;OUTDOOR;MP4;FACEBOOK;EXIFTOOL;ftyp|moov(mvhd,trak(tkhd,edts(elst),mdia(mdhd,hdlr,minf(vmhd,dinf(dref),stbl(stsd(avc1(avcC)),stts,stss,stsc,stsz,stco)))),trak(tkhd,edts(elst),mdia(mdhd,hdlr,minf(smhd,dinf(dref),stbl(stsd(mp4a(esds)),stts,stsc,stsz,stco)))),udta(meta(hdlr,ilst)))|free|mdat;"[{""type"":""ftyp""},{""type"":""moov"",""children"":[{""type"":""mvhd""},{""type"":""trak"",""children"":[{""type"":""tkhd""},{""type"":""edts"",""children"":[{""type"":""elst""}]},{""type"":""mdia"",""children"":[{""type"":""mdhd""},{""type"":""hdlr""},{""type"":""minf"",""children"":[{""type"":""vmhd""},{""type"":""dinf"",""children"":[{""type"":""dref""}]},{""type"":""stbl"",""children"":[{""type"":""stsd"",""children"":[{""type"":""avc1"",""children"":[{""type"":""avcC""}]}]},{""type"":""stts""},{""type"":""stss""},{""type"":""stsc""},{""type"":""stsz""},{""type"":""stco""}]}]}]}]},{""type"":""trak"",""children"":[{""type"":""tkhd""},{""type"":""edts"",""children"":[{""type"":""elst""}]},{""type"":""mdia"",""children"":[{""type"":""mdhd""},{""type"":""hdlr""},{""type"":""minf"",""children"":[{""type"":""smhd""},{""type"":""dinf"",""children"":[{""type"":""dref""}]},{""type"":""stbl"",""children"":[{""type"":""stsd"",""children"":[{""type"":""mp4a"",""children"":[{""type"":""esds""}]}]},{""type"":""stts""},{""type"":""stsc""},{""type"":""stsz""},{""type"":""stco""}]}]}]}]},{""type"":""udta"",""children"":[{""type"":""meta"",""children"":[{""type"":""hdlr""},{""type"":""ilst""}]}]}]},{""type"":""free""},{""type"":""mdat""}]";avc1avcCavcCsttsdinfdrefdrefstbledtselstelstmdiaesdssttsfreemdatftypmoovhdlrilsthdlrminfilstfreemdhdhdlrmdiamdhdmetahdlrminfsmhdminfvmhdmoovmvhdmp4aesdsmvhdtraksmhddinfstblstsdstcotrakstcoudtastscstszstsdavc1stsdmp4astssstscstszstcosttsstscsttsstsstkhdedtstraktkhdudtametavmhddinf;avc1avcCsttsavcCsttsstssdinfdrefstbldrefstblstsdedtselstmdiaelstmdiamdhdesdssttsstscftypmoovmvhdhdlrilstfreehdlrminfsmhdhdlrminfvmhdilstfreemdatmdhdhdlrminfmdiamdhdhdlrmetahdlrilstminfsmhddinfminfvmhddinfmoovmvhdtrakmp4aesdssttsmvhdtraktkhdsmhddinfdrefstblstsdavc1stblstsdmp4astcotraktkhdstcoudtametastscstszstcostsdavc1avcCstsdmp4aesdsstssstscstszstszstcotrakstszstcoudtasttsstscstszsttsstssstsctkhdedtselsttraktkhdedtsudtametahdlrvmhddinfdref;avc1avcCsttsstssavcCsttsstssstscdinfdrefstblstsddrefstblstsdavc1drefstblstsdmp4aedtselstmdiamdhdelstmdiamdhdhdlresdssttsstscstszftypmoovmvhdtrakhdlrilstfreemdathdlrminfsmhddinfhdlrminfvmhddinfmdhdhdlrminfsmhdmdhdhdlrminfvmhdmdiamdhdhdlrminfmetahdlrilstfreeminfsmhddinfdrefminfvmhddinfdrefmoovmvhdtraktkhdmp4aesdssttsstscmvhdtraktkhdedtssmhddinfdrefstblstblstsdavc1avcCstblstsdmp4aesdsstcotraktkhdedtsstcoudtametahdlrstscstszstcotrakstscstszstcoudtastsdavc1avcCsttsstsdmp4aesdssttsstssstscstszstcostszstcotraktkhdstszstcoudtametasttsstscstszstcosttsstssstscstsztkhdedtselstmdiatraktkhdedtselstudtametahdlrilstvmhddinfdrefstbl
G:\Meine Ablage\Cybermaster\5_WT26\Masterarbeit\Testdaten\EVA-7K\Facebook\subset_exiftool\D08_V_outdoor_move_0002.mp4;EVA-7K;D08;Samsung;GalaxyTab3;DIGITAL_CAMERA;OUTDOOR;MP4;FACEBOOK;EXIFTOOL;ftyp|moov(mvhd,trak(tkhd,edts(elst),mdia(mdhd,hdlr,minf(vmhd,dinf(dref),stbl(stsd(avc1(avcC)),stts,stss,stsc,stsz,stco)))),trak(tkhd,edts(elst),mdia(mdhd,hdlr,minf(smhd,dinf(dref),stbl(stsd(mp4a(esds)),stts,stsc,stsz,stco)))),udta(meta(hdlr,ilst)))|free|mdat;"[{""type"":""ftyp""},{""type"":""moov"",""children"":[{""type"":""mvhd""},{""type"":""trak"",""children"":[{""type"":""tkhd""},{""type"":""edts"",""children"":[{""type"":""elst""}]},{""type"":""mdia"",""children"":[{""type"":""mdhd""},{""type"":""hdlr""},{""type"":""minf"",""children"":[{""type"":""vmhd""},{""type"":""dinf"",""children"":[{""type"":""dref""}]},{""type"":""stbl"",""children"":[{""type"":""stsd"",""children"":[{""type"":""avc1"",""children"":[{""type"":""avcC""}]}]},{""type"":""stts""},{""type"":""stss""},{""type"":""stsc""},{""type"":""stsz""},{""type"":""stco""}]}]}]}]},{""type"":""trak"",""children"":[{""type"":""tkhd""},{""type"":""edts"",""children"":[{""type"":""elst""}]},{""type"":""mdia"",""children"":[{""type"":""mdhd""},{""type"":""hdlr""},{""type"":""minf"",""children"":[{""type"":""smhd""},{""type"":""dinf"",""children"":[{""type"":""dref""}]},{""type"":""stbl"",""children"":[{""type"":""stsd"",""children"":[{""type"":""mp4a"",""children"":[{""type"":""esds""}]}]},{""type"":""stts""},{""type"":""stsc""},{""type"":""stsz""},{""type"":""stco""}]}]}]}]},{""type"":""udta"",""children"":[{""type"":""meta"",""children"":[{""type"":""hdlr""},{""type"":""ilst""}]}]}]},{""type"":""free""},{""type"":""mdat""}]";avc1avcCavcCsttsdinfdrefdrefstbledtselstelstmdiaesdssttsfreemdatftypmoovhdlrilsthdlrminfilstfreemdhdhdlrmdiamdhdmetahdlrminfsmhdminfvmhdmoovmvhdmp4aesdsmvhdtraksmhddinfstblstsdstcotrakstcoudtastscstszstsdavc1stsdmp4astssstscstszstcosttsstscsttsstsstkhdedtstraktkhdudtametavmhddinf;avc1avcCsttsavcCsttsstssdinfdrefstbldrefstblstsdedtselstmdiaelstmdiamdhdesdssttsstscftypmoovmvhdhdlrilstfreehdlrminfsmhdhdlrminfvmhdilstfreemdatmdhdhdlrminfmdiamdhdhdlrmetahdlrilstminfsmhddinfminfvmhddinfmoovmvhdtrakmp4aesdssttsmvhdtraktkhdsmhddinfdrefstblstsdavc1stblstsdmp4astcotraktkhdstcoudtametastscstszstcostsdavc1avcCstsdmp4aesdsstssstscstszstszstcotrakstszstcoudtasttsstscstszsttsstssstsctkhdedtselsttraktkhdedtsudtametahdlrvmhddinfdref;avc1avcCsttsstssavcCsttsstssstscdinfdrefstblstsddrefstblstsdavc1drefstblstsdmp4aedtselstmdiamdhdelstmdiamdhdhdlresdssttsstscstszftypmoovmvhdtrakhdlrilstfreemdathdlrminfsmhddinfhdlrminfvmhddinfmdhdhdlrminfsmhdmdhdhdlrminfvmhdmdiamdhdhdlrminfmetahdlrilstfreeminfsmhddinfdrefminfvmhddinfdrefmoovmvhdtraktkhdmp4aesdssttsstscmvhdtraktkhdedtssmhddinfdrefstblstblstsdavc1avcCstblstsdmp4aesdsstcotraktkhdedtsstcoudtametahdlrstscstszstcotrakstscstszstcoudtastsdavc1avcCsttsstsdmp4aesdssttsstssstscstszstcostszstcotraktkhdstszstcoudtametasttsstscstszstcosttsstssstscstsztkhdedtselstmdiatraktkhdedtselstudtametahdlrilstvmhddinfdrefstbl
G:\Meine Ablage\Cybermaster\5_WT26\Masterarbeit\Testdaten\EVA-7K\Facebook\subset_exiftool\D11_V_indoor_move_0001.mp4;EVA-7K;D11;Samsung;GalaxyS3;DIGITAL_CAMERA;INDOOR;MP4;FACEBOOK;EXIFTOOL;ftyp|moov(mvhd,trak(tkhd,edts(elst),mdia(mdhd,hdlr,minf(vmhd,dinf(dref),stbl(stsd(avc1(avcC)),stts,stss,stsc,stsz,stco)))),trak(tkhd,edts(elst),mdia(mdhd,hdlr,minf(smhd,dinf(dref),stbl(stsd(mp4a(esds)),stts,stsc,stsz,stco)))),udta(meta(hdlr,ilst)))|free|mdat;"[{""type"":""ftyp""},{""type"":""moov"",""children"":[{""type"":""mvhd""},{""type"":""trak"",""children"":[{""type"":""tkhd""},{""type"":""edts"",""children"":[{""type"":""elst""}]},{""type"":""mdia"",""children"":[{""type"":""mdhd""},{""type"":""hdlr""},{""type"":""minf"",""children"":[{""type"":""vmhd""},{""type"":""dinf"",""children"":[{""type"":""dref""}]},{""type"":""stbl"",""children"":[{""type"":""stsd"",""children"":[{""type"":""avc1"",""children"":[{""type"":""avcC""}]}]},{""type"":""stts""},{""type"":""stss""},{""type"":""stsc""},{""type"":""stsz""},{""type"":""stco""}]}]}]}]},{""type"":""trak"",""children"":[{""type"":""tkhd""},{""type"":""edts"",""children"":[{""type"":""elst""}]},{""type"":""mdia"",""children"":[{""type"":""mdhd""},{""type"":""hdlr""},{""type"":""minf"",""children"":[{""type"":""smhd""},{""type"":""dinf"",""children"":[{""type"":""dref""}]},{""type"":""stbl"",""children"":[{""type"":""stsd"",""children"":[{""type"":""mp4a"",""children"":[{""type"":""esds""}]}]},{""type"":""stts""},{""type"":""stsc""},{""type"":""stsz""},{""type"":""stco""}]}]}]}]},{""type"":""udta"",""children"":[{""type"":""meta"",""children"":[{""type"":""hdlr""},{""type"":""ilst""}]}]}]},{""type"":""free""},{""type"":""mdat""}]";avc1avcCavcCsttsdinfdrefdrefstbledtselstelstmdiaesdssttsfreemdatftypmoovhdlrilsthdlrminfilstfreemdhdhdlrmdiamdhdmetahdlrminfsmhdminfvmhdmoovmvhdmp4aesdsmvhdtraksmhddinfstblstsdstcotrakstcoudtastscstszstsdavc1stsdmp4astssstscstszstcosttsstscsttsstsstkhdedtstraktkhdudtametavmhddinf;avc1avcCsttsavcCsttsstssdinfdrefstbldrefstblstsdedtselstmdiaelstmdiamdhdesdssttsstscftypmoovmvhdhdlrilstfreehdlrminfsmhdhdlrminfvmhdilstfreemdatmdhdhdlrminfmdiamdhdhdlrmetahdlrilstminfsmhddinfminfvmhddinfmoovmvhdtrakmp4aesdssttsmvhdtraktkhdsmhddinfdrefstblstsdavc1stblstsdmp4astcotraktkhdstcoudtametastscstszstcostsdavc1avcCstsdmp4aesdsstssstscstszstszstcotrakstszstcoudtasttsstscstszsttsstssstsctkhdedtselsttraktkhdedtsudtametahdlrvmhddinfdref;avc1avcCsttsstssavcCsttsstssstscdinfdrefstblstsddrefstblstsdavc1drefstblstsdmp4aedtselstmdiamdhdelstmdiamdhdhdlresdssttsstscstszftypmoovmvhdtrakhdlrilstfreemdathdlrminfsmhddinfhdlrminfvmhddinfmdhdhdlrminfsmhdmdhdhdlrminfvmhdmdiamdhdhdlrminfmetahdlrilstfreeminfsmhddinfdrefminfvmhddinfdrefmoovmvhdtraktkhdmp4aesdssttsstscmvhdtraktkhdedtssmhddinfdrefstblstblstsdavc1avcCstblstsdmp4aesdsstcotraktkhdedtsstcoudtametahdlrstscstszstcotrakstscstszstcoudtastsdavc1avcCsttsstsdmp4aesdssttsstssstscstszstcostszstcotraktkhdstszstcoudtametasttsstscstszstcosttsstssstscstsztkhdedtselstmdiatraktkhdedtselstudtametahdlrilstvmhddinfdrefstbl
G:\Meine Ablage\Cybermaster\5_WT26\Masterarbeit\Testdaten\EVA-7K\Facebook\subset_exiftool\D11_V_indoor_move_0002.mp4;EVA-7K;D11;Samsung;GalaxyS3;DIGITAL_CAMERA;INDOOR;MP4;FACEBOOK;EXIFTOOL;ftyp|moov(mvhd,trak(tkhd,edts(elst),mdia(mdhd,hdlr,minf(vmhd,dinf(dref),stbl(stsd(avc1(avcC)),stts,stss,stsc,stsz,stco)))),trak(tkhd,edts(elst),mdia(mdhd,hdlr,minf(smhd,dinf(dref),stbl(stsd(mp4a(esds)),stts,stsc,stsz,stco)))),udta(meta(hdlr,ilst)))|free|mdat;"[{""type"":""ftyp""},{""type"":""moov"",""children"":[{""type"":""mvhd""},{""type"":""trak"",""children"":[{""type"":""tkhd""},{""type"":""edts"",""children"":[{""type"":""elst""}]},{""type"":""mdia"",""children"":[{""type"":""mdhd""},{""type"":""hdlr""},{""type"":""minf"",""children"":[{""type"":""vmhd""},{""type"":""dinf"",""children"":[{""type"":""dref""}]},{""type"":""stbl"",""children"":[{""type"":""stsd"",""children"":[{""type"":""avc1"",""children"":[{""type"":""avcC""}]}]},{""type"":""stts""},{""type"":""stss""},{""type"":""stsc""},{""type"":""stsz""},{""type"":""stco""}]}]}]}]},{""type"":""trak"",""children"":[{""type"":""tkhd""},{""type"":""edts"",""children"":[{""type"":""elst""}]},{""type"":""mdia"",""children"":[{""type"":""mdhd""},{""type"":""hdlr""},{""type"":""minf"",""children"":[{""type"":""smhd""},{""type"":""dinf"",""children"":[{""type"":""dref""}]},{""type"":""stbl"",""children"":[{""type"":""stsd"",""children"":[{""type"":""mp4a"",""children"":[{""type"":""esds""}]}]},{""type"":""stts""},{""type"":""stsc""},{""type"":""stsz""},{""type"":""stco""}]}]}]}]},{""type"":""udta"",""children"":[{""type"":""meta"",""children"":[{""type"":""hdlr""},{""type"":""ilst""}]}]}]},{""type"":""free""},{""type"":""mdat""}]";avc1avcCavcCsttsdinfdrefdrefstbledtselstelstmdiaesdssttsfreemdatftypmoovhdlrilsthdlrminfilstfreemdhdhdlrmdiamdhdmetahdlrminfsmhdminfvmhdmoovmvhdmp4aesdsmvhdtraksmhddinfstblstsdstcotrakstcoudtastscstszstsdavc1stsdmp4astssstscstszstcosttsstscsttsstsstkhdedtstraktkhdudtametavmhddinf;avc1avcCsttsavcCsttsstssdinfdrefstbldrefstblstsdedtselstmdiaelstmdiamdhdesdssttsstscftypmoovmvhdhdlrilstfreehdlrminfsmhdhdlrminfvmhdilstfreemdatmdhdhdlrminfmdiamdhdhdlrmetahdlrilstminfsmhddinfminfvmhddinfmoovmvhdtrakmp4aesdssttsmvhdtraktkhdsmhddinfdrefstblstsdavc1stblstsdmp4astcotraktkhdstcoudtametastscstszstcostsdavc1avcCstsdmp4aesdsstssstscstszstszstcotrakstszstcoudtasttsstscstszsttsstssstsctkhdedtselsttraktkhdedtsudtametahdlrvmhddinfdref;avc1avcCsttsstssavcCsttsstssstscdinfdrefstblstsddrefstblstsdavc1drefstblstsdmp4aedtselstmdiamdhdelstmdiamdhdhdlresdssttsstscstszftypmoovmvhdtrakhdlrilstfreemdathdlrminfsmhddinfhdlrminfvmhddinfmdhdhdlrminfsmhdmdhdhdlrminfvmhdmdiamdhdhdlrminfmetahdlrilstfreeminfsmhddinfdrefminfvmhddinfdrefmoovmvhdtraktkhdmp4aesdssttsstscmvhdtraktkhdedtssmhddinfdrefstblstblstsdavc1avcCstblstsdmp4aesdsstcotraktkhdedtsstcoudtametahdlrstscstszstcotrakstscstszstcoudtastsdavc1avcCsttsstsdmp4aesdssttsstssstscstszstcostszstcotraktkhdstszstcoudtametasttsstscstszstcosttsstssstscstsztkhdedtselstmdiatraktkhdedtselstudtametahdlrilstvmhddinfdrefstbl
G:\Meine Ablage\Cybermaster\5_WT26\Masterarbeit\Testdaten\EVA-7K\Facebook\subset_exiftool\D11_V_outdoor_move_0001.mp4;EVA-7K;D11;Samsung;GalaxyS3;DIGITAL_CAMERA;OUTDOOR;MP4;FACEBOOK;EXIFTOOL;ftyp|moov(mvhd,trak(tkhd,edts(elst),mdia(mdhd,hdlr,minf(vmhd,dinf(dref),stbl(stsd(avc1(avcC)),stts,stss,stsc,stsz,stco)))),trak(tkhd,edts(elst),mdia(mdhd,hdlr,minf(smhd,dinf(dref),stbl(stsd(mp4a(esds)),stts,stsc,stsz,stco)))),udta(meta(hdlr,ilst)))|free|mdat;"[{""type"":""ftyp""},{""type"":""moov"",""children"":[{""type"":""mvhd""},{""type"":""trak"",""children"":[{""type"":""tkhd""},{""type"":""edts"",""children"":[{""type"":""elst""}]},{""type"":""mdia"",""children"":[{""type"":""mdhd""},{""type"":""hdlr""},{""type"":""minf"",""children"":[{""type"":""vmhd""},{""type"":""dinf"",""children"":[{""type"":""dref""}]},{""type"":""stbl"",""children"":[{""type"":""stsd"",""children"":[{""type"":""avc1"",""children"":[{""type"":""avcC""}]}]},{""type"":""stts""},{""type"":""stss""},{""type"":""stsc""},{""type"":""stsz""},{""type"":""stco""}]}]}]}]},{""type"":""trak"",""children"":[{""type"":""tkhd""},{""type"":""edts"",""children"":[{""type"":""elst""}]},{""type"":""mdia"",""children"":[{""type"":""mdhd""},{""type"":""hdlr""},{""type"":""minf"",""children"":[{""type"":""smhd""},{""type"":""dinf"",""children"":[{""type"":""dref""}]},{""type"":""stbl"",""children"":[{""type"":""stsd"",""children"":[{""type"":""mp4a"",""children"":[{""type"":""esds""}]}]},{""type"":""stts""},{""type"":""stsc""},{""type"":""stsz""},{""type"":""stco""}]}]}]}]},{""type"":""udta"",""children"":[{""type"":""meta"",""children"":[{""type"":""hdlr""},{""type"":""ilst""}]}]}]},{""type"":""free""},{""type"":""mdat""}]";avc1avcCavcCsttsdinfdrefdrefstbledtselstelstmdiaesdssttsfreemdatftypmoovhdlrilsthdlrminfilstfreemdhdhdlrmdiamdhdmetahdlrminfsmhdminfvmhdmoovmvhdmp4aesdsmvhdtraksmhddinfstblstsdstcotrakstcoudtastscstszstsdavc1stsdmp4astssstscstszstcosttsstscsttsstsstkhdedtstraktkhdudtametavmhddinf;avc1avcCsttsavcCsttsstssdinfdrefstbldrefstblstsdedtselstmdiaelstmdiamdhdesdssttsstscftypmoovmvhdhdlrilstfreehdlrminfsmhdhdlrminfvmhdilstfreemdatmdhdhdlrminfmdiamdhdhdlrmetahdlrilstminfsmhddinfminfvmhddinfmoovmvhdtrakmp4aesdssttsmvhdtraktkhdsmhddinfdrefstblstsdavc1stblstsdmp4astcotraktkhdstcoudtametastscstszstcostsdavc1avcCstsdmp4aesdsstssstscstszstszstcotrakstszstcoudtasttsstscstszsttsstssstsctkhdedtselsttraktkhdedtsudtametahdlrvmhddinfdref;avc1avcCsttsstssavcCsttsstssstscdinfdrefstblstsddrefstblstsdavc1drefstblstsdmp4aedtselstmdiamdhdelstmdiamdhdhdlresdssttsstscstszftypmoovmvhdtrakhdlrilstfreemdathdlrminfsmhddinfhdlrminfvmhddinfmdhdhdlrminfsmhdmdhdhdlrminfvmhdmdiamdhdhdlrminfmetahdlrilstfreeminfsmhddinfdrefminfvmhddinfdrefmoovmvhdtraktkhdmp4aesdssttsstscmvhdtraktkhdedtssmhddinfdrefstblstblstsdavc1avcCstblstsdmp4aesdsstcotraktkhdedtsstcoudtametahdlrstscstszstcotrakstscstszstcoudtastsdavc1avcCsttsstsdmp4aesdssttsstssstscstszstcostszstcotraktkhdstszstcoudtametasttsstscstszstcosttsstssstscstsztkhdedtselstmdiatraktkhdedtselstudtametahdlrilstvmhddinfdrefstbl
G:\Meine Ablage\Cybermaster\5_WT26\Masterarbeit\Testdaten\EVA-7K\Facebook\subset_exiftool\D11_V_outdoor_move_0002.mp4;EVA-7K;D11;Samsung;GalaxyS3;DIGITAL_CAMERA;OUTDOOR;MP4;FACEBOOK;EXIFTOOL;ftyp|moov(mvhd,trak(tkhd,edts(elst),mdia(mdhd,hdlr,minf(vmhd,dinf(dref),stbl(stsd(avc1(avcC)),stts,stss,stsc,stsz,stco)))),trak(tkhd,edts(elst),mdia(mdhd,hdlr,minf(smhd,dinf(dref),stbl(stsd(mp4a(esds)),stts,stsc,stsz,stco)))),udta(meta(hdlr,ilst)))|free|mdat;"[{""type"":""ftyp""},{""type"":""moov"",""children"":[{""type"":""mvhd""},{""type"":""trak"",""children"":[{""type"":""tkhd""},{""type"":""edts"",""children"":[{""type"":""elst""}]},{""type"":""mdia"",""children"":[{""type"":""mdhd""},{""type"":""hdlr""},{""type"":""minf"",""children"":[{""type"":""vmhd""},{""type"":""dinf"",""children"":[{""type"":""dref""}]},{""type"":""stbl"",""children"":[{""type"":""stsd"",""children"":[{""type"":""avc1"",""children"":[{""type"":""avcC""}]}]},{""type"":""stts""},{""type"":""stss""},{""type"":""stsc""},{""type"":""stsz""},{""type"":""stco""}]}]}]}]},{""type"":""trak"",""children"":[{""type"":""tkhd""},{""type"":""edts"",""children"":[{""type"":""elst""}]},{""type"":""mdia"",""children"":[{""type"":""mdhd""},{""type"":""hdlr""},{""type"":""minf"",""children"":[{""type"":""smhd""},{""type"":""dinf"",""children"":[{""type"":""dref""}]},{""type"":""stbl"",""children"":[{""type"":""stsd"",""children"":[{""type"":""mp4a"",""children"":[{""type"":""esds""}]}]},{""type"":""stts""},{""type"":""stsc""},{""type"":""stsz""},{""type"":""stco""}]}]}]}]},{""type"":""udta"",""children"":[{""type"":""meta"",""children"":[{""type"":""hdlr""},{""type"":""ilst""}]}]}]},{""type"":""free""},{""type"":""mdat""}]";avc1avcCavcCsttsdinfdrefdrefstbledtselstelstmdiaesdssttsfreemdatftypmoovhdlrilsthdlrminfilstfreemdhdhdlrmdiamdhdmetahdlrminfsmhdminfvmhdmoovmvhdmp4aesdsmvhdtraksmhddinfstblstsdstcotrakstcoudtastscstszstsdavc1stsdmp4astssstscstszstcosttsstscsttsstsstkhdedtstraktkhdudtametavmhddinf;avc1avcCsttsavcCsttsstssdinfdrefstbldrefstblstsdedtselstmdiaelstmdiamdhdesdssttsstscftypmoovmvhdhdlrilstfreehdlrminfsmhdhdlrminfvmhdilstfreemdatmdhdhdlrminfmdiamdhdhdlrmetahdlrilstminfsmhddinfminfvmhddinfmoovmvhdtrakmp4aesdssttsmvhdtraktkhdsmhddinfdrefstblstsdavc1stblstsdmp4astcotraktkhdstcoudtametastscstszstcostsdavc1avcCstsdmp4aesdsstssstscstszstszstcotrakstszstcoudtasttsstscstszsttsstssstsctkhdedtselsttraktkhdedtsudtametahdlrvmhddinfdref;avc1avcCsttsstssavcCsttsstssstscdinfdrefstblstsddrefstblstsdavc1drefstblstsdmp4aedtselstmdiamdhdelstmdiamdhdhdlresdssttsstscstszftypmoovmvhdtrakhdlrilstfreemdathdlrminfsmhddinfhdlrminfvmhddinfmdhdhdlrminfsmhdmdhdhdlrminfvmhdmdiamdhdhdlrminfmetahdlrilstfreeminfsmhddinfdrefminfvmhddinfdrefmoovmvhdtraktkhdmp4aesdssttsstscmvhdtraktkhdedtssmhddinfdrefstblstblstsdavc1avcCstblstsdmp4aesdsstcotraktkhdedtsstcoudtametahdlrstscstszstcotrakstscstszstcoudtastsdavc1avcCsttsstsdmp4aesdssttsstssstscstszstcostszstcotraktkhdstszstcoudtametasttsstscstszstcosttsstssstscstsztkhdedtselstmdiatraktkhdedtselstudtametahdlrilstvmhddinfdrefstbl
G:\Meine Ablage\Cybermaster\5_WT26\Masterarbeit\Testdaten\EVA-7K\Facebook\subset_exiftool\D22_V_indoor_move_0001.mp4;EVA-7K;D22;Samsung;GalaxyTrendPlus;DIGITAL_CAMERA;INDOOR;MP4;FACEBOOK;EXIFTOOL;ftyp|moov(mvhd,trak(tkhd,edts(elst),mdia(mdhd,hdlr,minf(vmhd,dinf(dref),stbl(stsd(avc1(avcC)),stts,stss,stsc,stsz,stco)))),trak(tkhd,edts(elst),mdia(mdhd,hdlr,minf(smhd,dinf(dref),stbl(stsd(mp4a(esds)),stts,stsc,stsz,stco)))),udta(meta(hdlr,ilst)))|free|mdat;"[{""type"":""ftyp""},{""type"":""moov"",""children"":[{""type"":""mvhd""},{""type"":""trak"",""children"":[{""type"":""tkhd""},{""type"":""edts"",""children"":[{""type"":""elst""}]},{""type"":""mdia"",""children"":[{""type"":""mdhd""},{""type"":""hdlr""},{""type"":""minf"",""children"":[{""type"":""vmhd""},{""type"":""dinf"",""children"":[{""type"":""dref""}]},{""type"":""stbl"",""children"":[{""type"":""stsd"",""children"":[{""type"":""avc1"",""children"":[{""type"":""avcC""}]}]},{""type"":""stts""},{""type"":""stss""},{""type"":""stsc""},{""type"":""stsz""},{""type"":""stco""}]}]}]}]},{""type"":""trak"",""children"":[{""type"":""tkhd""},{""type"":""edts"",""children"":[{""type"":""elst""}]},{""type"":""mdia"",""children"":[{""type"":""mdhd""},{""type"":""hdlr""},{""type"":""minf"",""children"":[{""type"":""smhd""},{""type"":""dinf"",""children"":[{""type"":""dref""}]},{""type"":""stbl"",""children"":[{""type"":""stsd"",""children"":[{""type"":""mp4a"",""children"":[{""type"":""esds""}]}]},{""type"":""stts""},{""type"":""stsc""},{""type"":""stsz""},{""type"":""stco""}]}]}]}]},{""type"":""udta"",""children"":[{""type"":""meta"",""children"":[{""type"":""hdlr""},{""type"":""ilst""}]}]}]},{""type"":""free""},{""type"":""mdat""}]";avc1avcCavcCsttsdinfdrefdrefstbledtselstelstmdiaesdssttsfreemdatftypmoovhdlrilsthdlrminfilstfreemdhdhdlrmdiamdhdmetahdlrminfsmhdminfvmhdmoovmvhdmp4aesdsmvhdtraksmhddinfstblstsdstcotrakstcoudtastscstszstsdavc1stsdmp4astssstscstszstcosttsstscsttsstsstkhdedtstraktkhdudtametavmhddinf;avc1avcCsttsavcCsttsstssdinfdrefstbldrefstblstsdedtselstmdiaelstmdiamdhdesdssttsstscftypmoovmvhdhdlrilstfreehdlrminfsmhdhdlrminfvmhdilstfreemdatmdhdhdlrminfmdiamdhdhdlrmetahdlrilstminfsmhddinfminfvmhddinfmoovmvhdtrakmp4aesdssttsmvhdtraktkhdsmhddinfdrefstblstsdavc1stblstsdmp4astcotraktkhdstcoudtametastscstszstcostsdavc1avcCstsdmp4aesdsstssstscstszstszstcotrakstszstcoudtasttsstscstszsttsstssstsctkhdedtselsttraktkhdedtsudtametahdlrvmhddinfdref;avc1avcCsttsstssavcCsttsstssstscdinfdrefstblstsddrefstblstsdavc1drefstblstsdmp4aedtselstmdiamdhdelstmdiamdhdhdlresdssttsstscstszftypmoovmvhdtrakhdlrilstfreemdathdlrminfsmhddinfhdlrminfvmhddinfmdhdhdlrminfsmhdmdhdhdlrminfvmhdmdiamdhdhdlrminfmetahdlrilstfreeminfsmhddinfdrefminfvmhddinfdrefmoovmvhdtraktkhdmp4aesdssttsstscmvhdtraktkhdedtssmhddinfdrefstblstblstsdavc1avcCstblstsdmp4aesdsstcotraktkhdedtsstcoudtametahdlrstscstszstcotrakstscstszstcoudtastsdavc1avcCsttsstsdmp4aesdssttsstssstscstszstcostszstcotraktkhdstszstcoudtametasttsstscstszstcosttsstssstscstsztkhdedtselstmdiatraktkhdedtselstudtametahdlrilstvmhddinfdrefstbl
G:\Meine Ablage\Cybermaster\5_WT26\Masterarbeit\Testdaten\EVA-7K\Facebook\subset_exiftool\D22_V_indoor_move_0002.mp4;EVA-7K;D22;Samsung;GalaxyTrendPlus;DIGITAL_CAMERA;INDOOR;MP4;FACEBOOK;EXIFTOOL;ftyp|moov(mvhd,trak(tkhd,edts(elst),mdia(mdhd,hdlr,minf(vmhd,dinf(dref),stbl(stsd(avc1(avcC)),stts,stss,stsc,stsz,stco)))),trak(tkhd,edts(elst),mdia(mdhd,hdlr,minf(smhd,dinf(dref),stbl(stsd(mp4a(esds)),stts,stsc,stsz,stco)))),udta(meta(hdlr,ilst)))|free|mdat;"[{""type"":""ftyp""},{""type"":""moov"",""children"":[{""type"":""mvhd""},{""type"":""trak"",""children"":[{""type"":""tkhd""},{""type"":""edts"",""children"":[{""type"":""elst""}]},{""type"":""mdia"",""children"":[{""type"":""mdhd""},{""type"":""hdlr""},{""type"":""minf"",""children"":[{""type"":""vmhd""},{""type"":""dinf"",""children"":[{""type"":""dref""}]},{""type"":""stbl"",""children"":[{""type"":""stsd"",""children"":[{""type"":""avc1"",""children"":[{""type"":""avcC""}]}]},{""type"":""stts""},{""type"":""stss""},{""type"":""stsc""},{""type"":""stsz""},{""type"":""stco""}]}]}]}]},{""type"":""trak"",""children"":[{""type"":""tkhd""},{""type"":""edts"",""children"":[{""type"":""elst""}]},{""type"":""mdia"",""children"":[{""type"":""mdhd""},{""type"":""hdlr""},{""type"":""minf"",""children"":[{""type"":""smhd""},{""type"":""dinf"",""children"":[{""type"":""dref""}]},{""type"":""stbl"",""children"":[{""type"":""stsd"",""children"":[{""type"":""mp4a"",""children"":[{""type"":""esds""}]}]},{""type"":""stts""},{""type"":""stsc""},{""type"":""stsz""},{""type"":""stco""}]}]}]}]},{""type"":""udta"",""children"":[{""type"":""meta"",""children"":[{""type"":""hdlr""},{""type"":""ilst""}]}]}]},{""type"":""free""},{""type"":""mdat""}]";avc1avcCavcCsttsdinfdrefdrefstbledtselstelstmdiaesdssttsfreemdatftypmoovhdlrilsthdlrminfilstfreemdhdhdlrmdiamdhdmetahdlrminfsmhdminfvmhdmoovmvhdmp4aesdsmvhdtraksmhddinfstblstsdstcotrakstcoudtastscstszstsdavc1stsdmp4astssstscstszstcosttsstscsttsstsstkhdedtstraktkhdudtametavmhddinf;avc1avcCsttsavcCsttsstssdinfdrefstbldrefstblstsdedtselstmdiaelstmdiamdhdesdssttsstscftypmoovmvhdhdlrilstfreehdlrminfsmhdhdlrminfvmhdilstfreemdatmdhdhdlrminfmdiamdhdhdlrmetahdlrilstminfsmhddinfminfvmhddinfmoovmvhdtrakmp4aesdssttsmvhdtraktkhdsmhddinfdrefstblstsdavc1stblstsdmp4astcotraktkhdstcoudtametastscstszstcostsdavc1avcCstsdmp4aesdsstssstscstszstszstcotrakstszstcoudtasttsstscstszsttsstssstsctkhdedtselsttraktkhdedtsudtametahdlrvmhddinfdref;avc1avcCsttsstssavcCsttsstssstscdinfdrefstblstsddrefstblstsdavc1drefstblstsdmp4aedtselstmdiamdhdelstmdiamdhdhdlresdssttsstscstszftypmoovmvhdtrakhdlrilstfreemdathdlrminfsmhddinfhdlrminfvmhddinfmdhdhdlrminfsmhdmdhdhdlrminfvmhdmdiamdhdhdlrminfmetahdlrilstfreeminfsmhddinfdrefminfvmhddinfdrefmoovmvhdtraktkhdmp4aesdssttsstscmvhdtraktkhdedtssmhddinfdrefstblstblstsdavc1avcCstblstsdmp4aesdsstcotraktkhdedtsstcoudtametahdlrstscstszstcotrakstscstszstcoudtastsdavc1avcCsttsstsdmp4aesdssttsstssstscstszstcostszstcotraktkhdstszstcoudtametasttsstscstszstcosttsstssstscstsztkhdedtselstmdiatraktkhdedtselstudtametahdlrilstvmhddinfdrefstbl
G:\Meine Ablage\Cybermaster\5_WT26\Masterarbeit\Testdaten\EVA-7K\Facebook\subset_exiftool\D22_V_outdoor_move_0001.mp4;EVA-7K;D22;Samsung;GalaxyTrendPlus;DIGITAL_CAMERA;OUTDOOR;MP4;FACEBOOK;EXIFTOOL;ftyp|moov(mvhd,trak(tkhd,edts(elst),mdia(mdhd,hdlr,minf(vmhd,dinf(dref),stbl(stsd(avc1(avcC)),stts,stss,stsc,stsz,stco)))),trak(tkhd,edts(elst),mdia(mdhd,hdlr,minf(smhd,dinf(dref),stbl(stsd(mp4a(esds)),stts,stsc,stsz,stco)))),udta(meta(hdlr,ilst)))|free|mdat;"[{""type"":""ftyp""},{""type"":""moov"",""children"":[{""type"":""mvhd""},{""type"":""trak"",""children"":[{""type"":""tkhd""},{""type"":""edts"",""children"":[{""type"":""elst""}]},{""type"":""mdia"",""children"":[{""type"":""mdhd""},{""type"":""hdlr""},{""type"":""minf"",""children"":[{""type"":""vmhd""},{""type"":""dinf"",""children"":[{""type"":""dref""}]},{""type"":""stbl"",""children"":[{""type"":""stsd"",""children"":[{""type"":""avc1"",""children"":[{""type"":""avcC""}]}]},{""type"":""stts""},{""type"":""stss""},{""type"":""stsc""},{""type"":""stsz""},{""type"":""stco""}]}]}]}]},{""type"":""trak"",""children"":[{""type"":""tkhd""},{""type"":""edts"",""children"":[{""type"":""elst""}]},{""type"":""mdia"",""children"":[{""type"":""mdhd""},{""type"":""hdlr""},{""type"":""minf"",""children"":[{""type"":""smhd""},{""type"":""dinf"",""children"":[{""type"":""dref""}]},{""type"":""stbl"",""children"":[{""type"":""stsd"",""children"":[{""type"":""mp4a"",""children"":[{""type"":""esds""}]}]},{""type"":""stts""},{""type"":""stsc""},{""type"":""stsz""},{""type"":""stco""}]}]}]}]},{""type"":""udta"",""children"":[{""type"":""meta"",""children"":[{""type"":""hdlr""},{""type"":""ilst""}]}]}]},{""type"":""free""},{""type"":""mdat""}]";avc1avcCavcCsttsdinfdrefdrefstbledtselstelstmdiaesdssttsfreemdatftypmoovhdlrilsthdlrminfilstfreemdhdhdlrmdiamdhdmetahdlrminfsmhdminfvmhdmoovmvhdmp4aesdsmvhdtraksmhddinfstblstsdstcotrakstcoudtastscstszstsdavc1stsdmp4astssstscstszstcosttsstscsttsstsstkhdedtstraktkhdudtametavmhddinf;avc1avcCsttsavcCsttsstssdinfdrefstbldrefstblstsdedtselstmdiaelstmdiamdhdesdssttsstscftypmoovmvhdhdlrilstfreehdlrminfsmhdhdlrminfvmhdilstfreemdatmdhdhdlrminfmdiamdhdhdlrmetahdlrilstminfsmhddinfminfvmhddinfmoovmvhdtrakmp4aesdssttsmvhdtraktkhdsmhddinfdrefstblstsdavc1stblstsdmp4astcotraktkhdstcoudtametastscstszstcostsdavc1avcCstsdmp4aesdsstssstscstszstszstcotrakstszstcoudtasttsstscstszsttsstssstsctkhdedtselsttraktkhdedtsudtametahdlrvmhddinfdref;avc1avcCsttsstssavcCsttsstssstscdinfdrefstblstsddrefstblstsdavc1drefstblstsdmp4aedtselstmdiamdhdelstmdiamdhdhdlresdssttsstscstszftypmoovmvhdtrakhdlrilstfreemdathdlrminfsmhddinfhdlrminfvmhddinfmdhdhdlrminfsmhdmdhdhdlrminfvmhdmdiamdhdhdlrminfmetahdlrilstfreeminfsmhddinfdrefminfvmhddinfdrefmoovmvhdtraktkhdmp4aesdssttsstscmvhdtraktkhdedtssmhddinfdrefstblstblstsdavc1avcCstblstsdmp4aesdsstcotraktkhdedtsstcoudtametahdlrstscstszstcotrakstscstszstcoudtastsdavc1avcCsttsstsdmp4aesdssttsstssstscstszstcostszstcotraktkhdstszstcoudtametasttsstscstszstcosttsstssstscstsztkhdedtselstmdiatraktkhdedtselstudtametahdlrilstvmhddinfdrefstbl
G:\Meine Ablage\Cybermaster\5_WT26\Masterarbeit\Testdaten\EVA-7K\Facebook\subset_exiftool\D22_V_outdoor_move_0002.mp4;EVA-7K;D22;Samsung;GalaxyTrendPlus;DIGITAL_CAMERA;OUTDOOR;MP4;FACEBOOK;EXIFTOOL;ftyp|moov(mvhd,trak(tkhd,edts(elst),mdia(mdhd,hdlr,minf(vmhd,dinf(dref),stbl(stsd(avc1(avcC)),stts,stss,stsc,stsz,stco)))),trak(tkhd,edts(elst),mdia(mdhd,hdlr,minf(smhd,dinf(dref),stbl(stsd(mp4a(esds)),stts,stsc,stsz,stco)))),udta(meta(hdlr,ilst)))|free|mdat;"[{""type"":""ftyp""},{""type"":""moov"",""children"":[{""type"":""mvhd""},{""type"":""trak"",""children"":[{""type"":""tkhd""},{""type"":""edts"",""children"":[{""type"":""elst""}]},{""type"":""mdia"",""children"":[{""type"":""mdhd""},{""type"":""hdlr""},{""type"":""minf"",""children"":[{""type"":""vmhd""},{""type"":""dinf"",""children"":[{""type"":""dref""}]},{""type"":""stbl"",""children"":[{""type"":""stsd"",""children"":[{""type"":""avc1"",""children"":[{""type"":""avcC""}]}]},{""type"":""stts""},{""type"":""stss""},{""type"":""stsc""},{""type"":""stsz""},{""type"":""stco""}]}]}]}]},{""type"":""trak"",""children"":[{""type"":""tkhd""},{""type"":""edts"",""children"":[{""type"":""elst""}]},{""type"":""mdia"",""children"":[{""type"":""mdhd""},{""type"":""hdlr""},{""type"":""minf"",""children"":[{""type"":""smhd""},{""type"":""dinf"",""children"":[{""type"":""dref""}]},{""type"":""stbl"",""children"":[{""type"":""stsd"",""children"":[{""type"":""mp4a"",""children"":[{""type"":""esds""}]}]},{""type"":""stts""},{""type"":""stsc""},{""type"":""stsz""},{""type"":""stco""}]}]}]}]},{""type"":""udta"",""children"":[{""type"":""meta"",""children"":[{""type"":""hdlr""},{""type"":""ilst""}]}]}]},{""type"":""free""},{""type"":""mdat""}]";avc1avcCavcCsttsdinfdrefdrefstbledtselstelstmdiaesdssttsfreemdatftypmoovhdlrilsthdlrminfilstfreemdhdhdlrmdiamdhdmetahdlrminfsmhdminfvmhdmoovmvhdmp4aesdsmvhdtraksmhddinfstblstsdstcotrakstcoudtastscstszstsdavc1stsdmp4astssstscstszstcosttsstscsttsstsstkhdedtstraktkhdudtametavmhddinf;avc1avcCsttsavcCsttsstssdinfdrefstbldrefstblstsdedtselstmdiaelstmdiamdhdesdssttsstscftypmoovmvhdhdlrilstfreehdlrminfsmhdhdlrminfvmhdilstfreemdatmdhdhdlrminfmdiamdhdhdlrmetahdlrilstminfsmhddinfminfvmhddinfmoovmvhdtrakmp4aesdssttsmvhdtraktkhdsmhddinfdrefstblstsdavc1stblstsdmp4astcotraktkhdstcoudtametastscstszstcostsdavc1avcCstsdmp4aesdsstssstscstszstszstcotrakstszstcoudtasttsstscstszsttsstssstsctkhdedtselsttraktkhdedtsudtametahdlrvmhddinfdref;avc1avcCsttsstssavcCsttsstssstscdinfdrefstblstsddrefstblstsdavc1drefstblstsdmp4aedtselstmdiamdhdelstmdiamdhdhdlresdssttsstscstszftypmoovmvhdtrakhdlrilstfreemdathdlrminfsmhddinfhdlrminfvmhddinfmdhdhdlrminfsmhdmdhdhdlrminfvmhdmdiamdhdhdlrminfmetahdlrilstfreeminfsmhddinfdrefminfvmhddinfdrefmoovmvhdtraktkhdmp4aesdssttsstscmvhdtraktkhdedtssmhddinfdrefstblstblstsdavc1avcCstblstsdmp4aesdsstcotraktkhdedtsstcoudtametahdlrstscstszstcotrakstscstszstcoudtastsdavc1avcCsttsstsdmp4aesdssttsstssstscstszstcostszstcotraktkhdstszstcoudtametasttsstscstszstcosttsstssstscstsztkhdedtselstmdiatraktkhdedtselstudtametahdlrilstvmhddinfdrefstbl
