ground_truth_source;ground_truth_mp4;true_positive;similarity_2;similarity_3;similarity_4
Apple_ORIGINAL;Samsung_ORIGINAL;False;0.580645;0.363636;0.2
Apple_ORIGINAL;Samsung_ORIGINAL;False;0.580645;0.363636;0.2
Apple_ORIGINAL;Samsung_ORIGINAL;False;0.580645;0.363636;0.2
Apple_ORIGINAL;Samsung_ORIGINAL;False;0.580645;0.363636;0.2
Apple_ORIGINAL;Samsung_ORIGINAL;False;0.580645;0.363636;0.2
Apple_ORIGINAL;Samsung_ORIGINAL;False;0.580645;0.363636;0.2
Apple_ORIGINAL;Samsung_ORIGINAL;False;0.580645;0.363636;0.2
Apple_ORIGINAL;Samsung_ORIGINAL;False;0.580645;0.363636;0.2
Apple_ORIGINAL;Samsung_ORIGINAL;False;0.580645;0.363636;0.2
Apple_ORIGINAL;Samsung_ORIGINAL;False;0.580645;0.363636;0.2
Apple_ORIGINAL;Samsung_ORIGINAL;False;0.580645;0.363636;0.2
Apple_ORIGINAL;Samsung_ORIGINAL;False;0.580645;0.363636;0.2
Apple_ORIGINAL;Samsung_ORIGINAL;False;0.580645;0.363636;0.2
Apple_ORIGINAL;Samsung_ORIGINAL;False;0.580645;0.363636;0.2
Apple_ORIGINAL;Samsung_ORIGINAL;False;0.580645;0.363636;0.2
Apple_ORIGINAL;Samsung_ORIGINAL;False;0.580645;0.363636;0.2
Apple_ORIGINAL;Samsung_ORIGINAL;False;0.580645;0.363636;0.2
Apple_ORIGINAL;Samsung_ORIGINAL;False;0.580645;0.363636;0.2
Apple_ORIGINAL;Samsung_ORIGINAL;False;0.580645;0.363636;0.2
Apple_ORIGINAL;Apple_ORIGINAL;True;1.0;1.0;1.0
Apple_ORIGINAL;Apple_ORIGINAL;True;1.0;1.0;1.0
Apple_ORIGINAL;Apple_ORIGINAL;True;1.0;1.0;1.0
Apple_ORIGINAL;Apple_ORIGINAL;True;1.0;1.0;1.0
Apple_ORIGINAL;Apple_ORIGINAL;True;1.0;1.0;1.0
Apple_ORIGINAL;Apple_ORIGINAL;True;1.0;1.0;1.0
Apple_ORIGINAL;Apple_ORIGINAL;True;1.0;1.0;1.0
Apple_ORIGINAL;Apple_ORIGINAL;True;1.0;1.0;1.0
Apple_ORIGINAL;Apple_ORIGINAL;True;1.0;1.0;1.0
Apple_ORIGINAL;Apple_ORIGINAL;True;1.0;1.0;1.0
Apple_ORIGINAL;Huawei_ORIGINAL;False;0.588235;0.388889;0.263158
Apple_ORIGINAL;Huawei_ORIGINAL;False;0.588235;0.388889;0.263158
Apple_ORIGINAL;Huawei_ORIGINAL;False;0.588235;0.388889;0.263158
Apple_ORIGINAL;Huawei_ORIGINAL;False;0.588235;0.388889;0.263158
Apple_ORIGINAL;Huawei_ORIGINAL;False;0.588235;0.388889;0.263158
Apple_ORIGINAL;Huawei_ORIGINAL;False;0.617647;0.416667;0.263158
Apple_ORIGINAL;Huawei_ORIGINAL;False;0.588235;0.388889;0.263158
Apple_ORIGINAL;Huawei_ORIGINAL;False;0.588235;0.388889;0.263158
Apple_ORIGINAL;Huawei_ORIGINAL;False;0.588235;0.388889;0.263158
Apple_ORIGINAL;Huawei_ORIGINAL;False;0.588235;0.388889;0.263158
Apple_ORIGINAL;Huawei_ORIGINAL;False;0.588235;0.388889;0.263158
Apple_ORIGINAL;Huawei_ORIGINAL;False;0.588235;0.388889;0.263158
Apple_ORIGINAL;Huawei_ORIGINAL;False;0.588235;0.388889;0.263158
Apple_ORIGINAL;Huawei_ORIGINAL;False;0.588235;0.388889;0.263158
Apple_ORIGINAL;Huawei_ORIGINAL;False;0.588235;0.388889;0.263158
Apple_ORIGINAL;Huawei_ORIGINAL;False;0.588235;0.388889;0.263158
Apple_ORIGINAL;LG_ORIGINAL;False;0.53125;0.323529;0.194444
Apple_ORIGINAL;LG_ORIGINAL;False;0.53125;0.323529;0.194444
Apple_ORIGINAL;LG_ORIGINAL;False;0.53125;0.323529;0.194444
Apple_ORIGINAL;LG_ORIGINAL;False;0.53125;0.323529;0.194444
Apple_ORIGINAL;LG_ORIGINAL;False;0.53125;0.323529;0.194444
Apple_ORIGINAL;LG_ORIGINAL;False;0.53125;0.323529;0.194444
Apple_ORIGINAL;LG_ORIGINAL;False;0.53125;0.323529;0.194444
Apple_ORIGINAL;LG_ORIGINAL;False;0.53125;0.323529;0.194444
Apple_ORIGINAL;LG_ORIGINAL;False;0.53125;0.323529;0.194444
Apple_ORIGINAL;LG_ORIGINAL;False;0.53125;0.323529;0.194444
Apple_ORIGINAL;LG_ORIGINAL;False;0.53125;0.323529;0.194444
Apple_ORIGINAL;LG_ORIGINAL;False;0.53125;0.323529;0.194444
Apple_ORIGINAL;LG_ORIGINAL;False;0.53125;0.323529;0.194444
Apple_ORIGINAL;LG_ORIGINAL;False;0.53125;0.323529;0.194444
Apple_ORIGINAL;LG_ORIGINAL;False;0.53125;0.323529;0.194444
Apple_ORIGINAL;LG_ORIGINAL;False;0.53125;0.323529;0.194444
Apple_ORIGINAL;Apple_ORIGINAL;True;1.0;1.0;1.0
Apple_ORIGINAL;Apple_ORIGINAL;True;1.0;1.0;1.0
Apple_ORIGINAL;Apple_ORIGINAL;True;1.0;1.0;1.0
Apple_ORIGINAL;Apple_ORIGINAL;True;1.0;1.0;1.0
Apple_ORIGINAL;Apple_ORIGINAL;True;1.0;1.0;1.0
Apple_ORIGINAL;Apple_ORIGINAL;True;1.0;1.0;1.0
Apple_ORIGINAL;Apple_ORIGINAL;True;1.0;1.0;1.0
Apple_ORIGINAL;Apple_ORIGINAL;True;1.0;1.0;1.0
Apple_ORIGINAL;Apple_ORIGINAL;True;1.0;1.0;1.0
Apple_ORIGINAL;Apple_ORIGINAL;True;1.0;1.0;1.0
Apple_ORIGINAL;Apple_ORIGINAL;True;1.0;1.0;1.0
Apple_ORIGINAL;Apple_ORIGINAL;True;1.0;1.0;1.0
Apple_ORIGINAL;Apple_ORIGINAL;True;1.0;1.0;1.0
Apple_ORIGINAL;Apple_ORIGINAL;True;1.0;1.0;1.0
Apple_ORIGINAL;Apple_ORIGINAL;True;1.0;1.0;1.0
Apple_ORIGINAL;Apple_ORIGINAL;True;1.0;1.0;1.0
Apple_ORIGINAL;Apple_ORIGINAL;True;1.0;1.0;1.0
Apple_ORIGINAL;Apple_ORIGINAL;True;1.0;1.0;1.0
Apple_ORIGINAL;Apple_ORIGINAL;True;1.0;1.0;1.0
Apple_ORIGINAL;Apple_ORIGINAL;True;1.0;1.0;1.0
Apple_ORIGINAL;Apple_ORIGINAL;True;1.0;1.0;1.0
Apple_ORIGINAL;Apple_ORIGINAL;True;1.0;1.0;1.0
Apple_ORIGINAL;Apple_ORIGINAL;True;1.0;1.0;1.0
Apple_ORIGINAL;Apple_ORIGINAL;True;1.0;1.0;1.0
Apple_ORIGINAL;Apple_ORIGINAL;True;1.0;1.0;1.0
Apple_ORIGINAL;Apple_ORIGINAL;True;1.0;1.0;1.0
Apple_ORIGINAL;Apple_ORIGINAL;True;1.0;1.0;1.0
Apple_ORIGINAL;Apple_ORIGINAL;True;1.0;1.0;1.0
Apple_ORIGINAL;Apple_ORIGINAL;True;1.0;1.0;1.0
Apple_ORIGINAL;Apple_ORIGINAL;True;1.0;1.0;1.0
Apple_ORIGINAL;Samsung_ORIGINAL;False;0.5625;0.352941;0.194444
Apple_ORIGINAL;Samsung_ORIGINAL;False;0.5625;0.352941;0.194444
Apple_ORIGINAL;Samsung_ORIGINAL;False;0.5625;0.352941;0.194444
Apple_ORIGINAL;Samsung_ORIGINAL;False;0.5625;0.352941;0.194444
Apple_ORIGINAL;Samsung_ORIGINAL;False;0.5625;0.352941;0.194444
Apple_ORIGINAL;Samsung_ORIGINAL;False;0.5625;0.352941;0.194444
Apple_ORIGINAL;Samsung_ORIGINAL;False;0.5625;0.352941;0.194444
Apple_ORIGINAL;Samsung_ORIGINAL;False;0.5625;0.352941;0.194444
Apple_ORIGINAL;Samsung_ORIGINAL;False;0.5625;0.352941;0.194444
Apple_ORIGINAL;Samsung_ORIGINAL;False;0.5625;0.352941;0.194444
Apple_ORIGINAL;Samsung_ORIGINAL;False;0.5625;0.352941;0.194444
Apple_ORIGINAL;Samsung_ORIGINAL;False;0.5625;0.352941;0.194444
Apple_ORIGINAL;Samsung_ORIGINAL;False;0.5625;0.352941;0.194444
Apple_ORIGINAL;Samsung_ORIGINAL;False;0.5625;0.352941;0.194444
Apple_ORIGINAL;Samsung_ORIGINAL;False;0.5625;0.352941;0.194444
Apple_ORIGINAL;Samsung_ORIGINAL;False;0.5625;0.352941;0.194444
Apple_ORIGINAL;Samsung_ORIGINAL;False;0.5625;0.352941;0.194444
Apple_ORIGINAL;Samsung_ORIGINAL;False;0.5625;0.352941;0.194444
Apple_ORIGINAL;Samsung_ORIGINAL;False;0.5625;0.352941;0.194444
Apple_ORIGINAL;Samsung_ORIGINAL;False;0.5625;0.352941;0.194444
Apple_ORIGINAL;Samsung_ORIGINAL;False;0.5625;0.352941;0.194444
Apple_ORIGINAL;Samsung_ORIGINAL;False;0.5625;0.352941;0.194444
Apple_ORIGINAL;Samsung_ORIGINAL;False;0.5625;0.352941;0.194444
Apple_ORIGINAL;Samsung_ORIGINAL;False;0.5625;0.352941;0.194444
Apple_ORIGINAL;Samsung_ORIGINAL;False;0.5625;0.352941;0.194444
Apple_ORIGINAL;Samsung_ORIGINAL;False;0.5625;0.352941;0.194444
Apple_ORIGINAL;Samsung_ORIGINAL;False;0.5625;0.352941;0.194444
Apple_ORIGINAL;Samsung_ORIGINAL;False;0.5625;0.352941;0.194444
Apple_ORIGINAL;Samsung_ORIGINAL;False;0.5625;0.352941;0.194444
Apple_ORIGINAL;Samsung_ORIGINAL;False;0.5625;0.352941;0.194444
Apple_ORIGINAL;Samsung_ORIGINAL;False;0.5625;0.352941;0.194444
Apple_ORIGINAL;Samsung_ORIGINAL;False;0.5625;0.352941;0.194444
Apple_ORIGINAL;Samsung_ORIGINAL;False;0.5625;0.352941;0.194444
Apple_ORIGINAL;Samsung_ORIGINAL;False;0.5625;0.352941;0.194444
Apple_ORIGINAL;Apple_ORIGINAL;True;1.0;1.0;1.0
Apple_ORIGINAL;Apple_ORIGINAL;True;1.0;1.0;1.0
Apple_ORIGINAL;Apple_ORIGINAL;True;1.0;1.0;1.0
Apple_ORIGINAL;Apple_ORIGINAL;True;1.0;1.0;1.0
Apple_ORIGINAL;Apple_ORIGINAL;True;1.0;1.0;1.0
Apple_ORIGINAL;Apple_ORIGINAL;True;1.0;1.0;1.0
Apple_ORIGINAL;Apple_ORIGINAL;True;1.0;1.0;1.0
Apple_ORIGINAL;Apple_ORIGINAL;True;1.0;1.0;1.0
Apple_ORIGINAL;Apple_ORIGINAL;True;1.0;1.0;1.0
Apple_ORIGINAL;Apple_ORIGINAL;True;1.0;1.0;1.0
Apple_ORIGINAL;Apple_ORIGINAL;True;1.0;1.0;1.0
Apple_ORIGINAL;Apple_ORIGINAL;True;1.0;1.0;1.0
Apple_ORIGINAL;Apple_ORIGINAL;True;1.0;1.0;1.0
Apple_ORIGINAL;Apple_ORIGINAL;True;1.0;1.0;1.0
Apple_ORIGINAL;Apple_ORIGINAL;True;1.0;1.0;1.0
Apple_ORIGINAL;Apple_ORIGINAL;True;1.0;1.0;1.0
Apple_ORIGINAL;Samsung_ORIGINAL;False;0.611111;0.421053;0.25
Apple_ORIGINAL;Samsung_ORIGINAL;False;0.611111;0.421053;0.25
Apple_ORIGINAL;Samsung_ORIGINAL;False;0.611111;0.421053;0.25
Apple_ORIGINAL;Samsung_ORIGINAL;False;0.611111;0.421053;0.25
Apple_ORIGINAL;Samsung_ORIGINAL;False;0.611111;0.421053;0.25
Apple_ORIGINAL;Samsung_ORIGINAL;False;0.611111;0.421053;0.25
Apple_ORIGINAL;Samsung_ORIGINAL;False;0.611111;0.421053;0.25
Apple_ORIGINAL;Samsung_ORIGINAL;False;0.611111;0.421053;0.25
Apple_ORIGINAL;Samsung_ORIGINAL;False;0.611111;0.421053;0.25
Apple_ORIGINAL;Samsung_ORIGINAL;False;0.611111;0.421053;0.25
Apple_ORIGINAL;Samsung_ORIGINAL;False;0.611111;0.421053;0.25
Apple_ORIGINAL;Samsung_ORIGINAL;False;0.611111;0.421053;0.25
Apple_ORIGINAL;Samsung_ORIGINAL;False;0.611111;0.421053;0.25
Apple_ORIGINAL;Samsung_ORIGINAL;False;0.611111;0.421053;0.25
Apple_ORIGINAL;Samsung_ORIGINAL;False;0.611111;0.421053;0.25
Apple_ORIGINAL;Samsung_ORIGINAL;False;0.611111;0.421053;0.25
Apple_ORIGINAL;Samsung_ORIGINAL;False;0.580645;0.363636;0.2
Apple_ORIGINAL;Samsung_ORIGINAL;False;0.580645;0.363636;0.2
Apple_ORIGINAL;Samsung_ORIGINAL;False;0.580645;0.363636;0.2
Apple_ORIGINAL;Samsung_ORIGINAL;False;0.580645;0.363636;0.2
Apple_ORIGINAL;Samsung_ORIGINAL;False;0.580645;0.363636;0.2
Apple_ORIGINAL;Samsung_ORIGINAL;False;0.580645;0.363636;0.2
Apple_ORIGINAL;Samsung_ORIGINAL;False;0.580645;0.363636;0.2
Apple_ORIGINAL;Samsung_ORIGINAL;False;0.580645;0.363636;0.2
Apple_ORIGINAL;Samsung_ORIGINAL;False;0.580645;0.363636;0.2
Apple_ORIGINAL;Samsung_ORIGINAL;False;0.580645;0.363636;0.2
Apple_ORIGINAL;Samsung_ORIGINAL;False;0.580645;0.363636;0.2
Apple_ORIGINAL;Samsung_ORIGINAL;False;0.580645;0.363636;0.2
Apple_ORIGINAL;Samsung_ORIGINAL;False;0.580645;0.363636;0.2
Apple_ORIGINAL;OnePlus_ORIGINAL;False;0.6;0.405405;0.25641
Apple_ORIGINAL;OnePlus_ORIGINAL;False;0.6;0.405405;0.25641
Apple_ORIGINAL;OnePlus_ORIGINAL;False;0.6;0.405405;0.25641
Apple_ORIGINAL;OnePlus_ORIGINAL;False;0.6;0.405405;0.25641
Apple_ORIGINAL;OnePlus_ORIGINAL;False;0.6;0.405405;0.25641
Apple_ORIGINAL;OnePlus_ORIGINAL;False;0.6;0.405405;0.25641
Apple_ORIGINAL;OnePlus_ORIGINAL;False;0.6;0.405405;0.25641
Apple_ORIGINAL;OnePlus_ORIGINAL;False;0.6;0.405405;0.25641
Apple_ORIGINAL;OnePlus_ORIGINAL;False;0.6;0.405405;0.25641
Apple_ORIGINAL;OnePlus_ORIGINAL;False;0.6;0.405405;0.25641
Apple_ORIGINAL;OnePlus_ORIGINAL;False;0.6;0.405405;0.25641
Apple_ORIGINAL;OnePlus_ORIGINAL;False;0.6;0.405405;0.25641
Apple_ORIGINAL;OnePlus_ORIGINAL;False;0.6;0.405405;0.25641
Apple_ORIGINAL;OnePlus_ORIGINAL;False;0.6;0.405405;0.25641
Apple_ORIGINAL;OnePlus_ORIGINAL;False;0.6;0.405405;0.25641
Apple_ORIGINAL;OnePlus_ORIGINAL;False;0.6;0.405405;0.25641
Apple_ORIGINAL;Xiaomi_ORIGINAL;False;0.617647;0.416667;0.263158
Apple_ORIGINAL;Xiaomi_ORIGINAL;False;0.583333;0.394737;0.25
Apple_ORIGINAL;Xiaomi_ORIGINAL;False;0.583333;0.394737;0.25
Apple_ORIGINAL;Xiaomi_ORIGINAL;False;0.583333;0.394737;0.25
Apple_ORIGINAL;Xiaomi_ORIGINAL;False;0.583333;0.394737;0.25
Apple_ORIGINAL;Xiaomi_ORIGINAL;False;0.617647;0.416667;0.263158
Apple_ORIGINAL;Xiaomi_ORIGINAL;False;0.617647;0.416667;0.263158
Apple_ORIGINAL;Xiaomi_ORIGINAL;False;0.617647;0.416667;0.263158
Apple_ORIGINAL;Xiaomi_ORIGINAL;False;0.617647;0.416667;0.263158
Apple_ORIGINAL;Xiaomi_ORIGINAL;False;0.583333;0.394737;0.25
Apple_ORIGINAL;Xiaomi_ORIGINAL;False;0.617647;0.416667;0.263158
Apple_ORIGINAL;Xiaomi_ORIGINAL;False;0.583333;0.394737;0.25
Apple_ORIGINAL;Xiaomi_ORIGINAL;False;0.583333;0.394737;0.25
Apple_ORIGINAL;Xiaomi_ORIGINAL;False;0.583333;0.394737;0.25
Apple_ORIGINAL;Xiaomi_ORIGINAL;False;0.583333;0.394737;0.25
Apple_ORIGINAL;Xiaomi_ORIGINAL;False;0.583333;0.394737;0.25
Apple_ORIGINAL;Asus_ORIGINAL;False;0.617647;0.416667;0.263158
Apple_ORIGINAL;Asus_ORIGINAL;False;0.617647;0.416667;0.263158
Apple_ORIGINAL;Asus_ORIGINAL;False;0.617647;0.416667;0.263158
Apple_ORIGINAL;Asus_ORIGINAL;False;0.617647;0.416667;0.263158
Apple_ORIGINAL;Asus_ORIGINAL;False;0.617647;0.416667;0.263158
Apple_ORIGINAL;Asus_ORIGINAL;False;0.617647;0.416667;0.263158
Apple_ORIGINAL;Asus_ORIGINAL;False;0.617647;0.416667;0.263158
Apple_ORIGINAL;Asus_ORIGINAL;False;0.617647;0.416667;0.263158
Apple_ORIGINAL;Asus_ORIGINAL;False;0.617647;0.416667;0.263158
Apple_ORIGINAL;Asus_ORIGINAL;False;0.617647;0.416667;0.263158
Apple_ORIGINAL;Asus_ORIGINAL;False;0.617647;0.416667;0.263158
Apple_ORIGINAL;Asus_ORIGINAL;False;0.617647;0.416667;0.263158
Apple_ORIGINAL;Asus_ORIGINAL;False;0.617647;0.416667;0.263158
Apple_ORIGINAL;Asus_ORIGINAL;False;0.617647;0.416667;0.263158
Apple_ORIGINAL;Asus_ORIGINAL;False;0.617647;0.416667;0.263158
Apple_ORIGINAL;Asus_ORIGINAL;False;0.617647;0.416667;0.263158
Apple_ORIGINAL;Samsung_ORIGINAL;False;0.580645;0.363636;0.2
Apple_ORIGINAL;Samsung_ORIGINAL;False;0.580645;0.363636;0.2
Apple_ORIGINAL;Samsung_ORIGINAL;False;0.580645;0.363636;0.2
Apple_ORIGINAL;Samsung_ORIGINAL;False;0.580645;0.363636;0.2
Apple_ORIGINAL;Samsung_ORIGINAL;False;0.580645;0.363636;0.2
Apple_ORIGINAL;Samsung_ORIGINAL;False;0.580645;0.363636;0.2
Apple_ORIGINAL;Samsung_ORIGINAL;False;0.580645;0.363636;0.2
Apple_ORIGINAL;Samsung_ORIGINAL;False;0.580645;0.363636;0.2
Apple_ORIGINAL;Samsung_ORIGINAL;False;0.580645;0.363636;0.2
Apple_ORIGINAL;Samsung_ORIGINAL;False;0.580645;0.363636;0.2
Apple_ORIGINAL;Samsung_ORIGINAL;False;0.580645;0.363636;0.2
Apple_ORIGINAL;Samsung_ORIGINAL;False;0.580645;0.363636;0.2
Apple_ORIGINAL;Samsung_ORIGINAL;False;0.580645;0.363636;0.2
Apple_ORIGINAL;Wiko_ORIGINAL;False;0.6;0.40625;0.235294
Apple_ORIGINAL;Wiko_ORIGINAL;False;0.6;0.40625;0.235294
Apple_ORIGINAL;Wiko_ORIGINAL;False;0.6;0.40625;0.235294
Apple_ORIGINAL;Wiko_ORIGINAL;False;0.6;0.40625;0.235294
Apple_ORIGINAL;Wiko_ORIGINAL;False;0.6;0.40625;0.235294
Apple_ORIGINAL;Wiko_ORIGINAL;False;0.6;0.40625;0.235294
Apple_ORIGINAL;Wiko_ORIGINAL;False;0.6;0.40625;0.235294
Apple_ORIGINAL;Wiko_ORIGINAL;False;0.6;0.40625;0.235294
Apple_ORIGINAL;Apple_ORIGINAL;True;1.0;1.0;1.0
Apple_ORIGINAL;Apple_ORIGINAL;True;1.0;1.0;1.0
Apple_ORIGINAL;Apple_ORIGINAL;True;1.0;1.0;1.0
Apple_ORIGINAL;Apple_ORIGINAL;True;1.0;1.0;1.0
Apple_ORIGINAL;Apple_ORIGINAL;True;1.0;1.0;1.0
Apple_ORIGINAL;Apple_ORIGINAL;True;1.0;1.0;1.0
Apple_ORIGINAL;Apple_ORIGINAL;True;1.0;1.0;1.0
Apple_ORIGINAL;Apple_ORIGINAL;True;1.0;1.0;1.0
Apple_ORIGINAL;Apple_ORIGINAL;True;1.0;1.0;1.0
Apple_ORIGINAL;Apple_ORIGINAL;True;1.0;1.0;1.0
Apple_ORIGINAL;Apple_ORIGINAL;True;1.0;1.0;1.0
Apple_ORIGINAL;Apple_ORIGINAL;True;1.0;1.0;1.0
Apple_ORIGINAL;Apple_ORIGINAL;True;1.0;1.0;1.0
Apple_ORIGINAL;Apple_ORIGINAL;True;0.863636;0.851064;0.795918
Apple_ORIGINAL;Apple_ORIGINAL;True;1.0;1.0;1.0
Apple_ORIGINAL;Apple_ORIGINAL;True;1.0;1.0;1.0
Apple_ORIGINAL;Apple_ORIGINAL;True;1.0;1.0;1.0
Apple_ORIGINAL;Apple_ORIGINAL;True;1.0;1.0;1.0
Apple_ORIGINAL;Apple_ORIGINAL;True;1.0;1.0;1.0
Apple_ORIGINAL;Apple_ORIGINAL;True;1.0;1.0;1.0
Apple_ORIGINAL;Apple_ORIGINAL;True;1.0;1.0;1.0
Apple_ORIGINAL;Apple_ORIGINAL;True;1.0;1.0;1.0
Apple_ORIGINAL;Apple_ORIGINAL;True;1.0;1.0;1.0
Apple_ORIGINAL;Apple_ORIGINAL;True;1.0;1.0;1.0
Apple_ORIGINAL;Apple_ORIGINAL;True;1.0;1.0;1.0
Apple_ORIGINAL;Apple_ORIGINAL;True;1.0;1.0;1.0
Apple_ORIGINAL;Apple_ORIGINAL;True;1.0;1.0;1.0
Apple_ORIGINAL;Apple_ORIGINAL;True;1.0;1.0;1.0
Apple_ORIGINAL;Apple_ORIGINAL;True;1.0;1.0;1.0
Apple_ORIGINAL;Apple_ORIGINAL;True;1.0;1.0;1.0
Apple_ORIGINAL;Apple_ORIGINAL;True;1.0;1.0;1.0
Apple_ORIGINAL;Apple_ORIGINAL;True;1.0;1.0;1.0
Apple_ORIGINAL;Apple_ORIGINAL;True;1.0;1.0;1.0
Apple_ORIGINAL;Apple_ORIGINAL;True;1.0;1.0;1.0
Apple_ORIGINAL;Apple_ORIGINAL;True;1.0;1.0;1.0
Apple_ORIGINAL;Apple_ORIGINAL;True;1.0;1.0;1.0
Apple_ORIGINAL;Apple_ORIGINAL;True;1.0;1.0;1.0
Apple_ORIGINAL;Apple_ORIGINAL;True;1.0;1.0;1.0
Apple_ORIGINAL;Apple_ORIGINAL;True;1.0;1.0;1.0
Apple_ORIGINAL;Microsoft_ORIGINAL;False;0.552632;0.414634;0.302326
Apple_ORIGINAL;Microsoft_ORIGINAL;False;0.606061;0.472222;0.342105
Apple_ORIGINAL;Microsoft_ORIGINAL;False;0.552632;0.414634;0.302326
Apple_ORIGINAL;Microsoft_ORIGINAL;False;0.552632;0.414634;0.302326
Apple_ORIGINAL;Microsoft_ORIGINAL;False;0.552632;0.414634;0.302326
Apple_ORIGINAL;Microsoft_ORIGINAL;False;0.552632;0.414634;0.302326
Apple_ORIGINAL;Microsoft_ORIGINAL;False;0.552632;0.414634;0.302326
Apple_ORIGINAL;Huawei_ORIGINAL;False;0.588235;0.388889;0.263158
Apple_ORIGINAL;Huawei_ORIGINAL;False;0.588235;0.388889;0.263158
Apple_ORIGINAL;Huawei_ORIGINAL;False;0.588235;0.388889;0.263158
Apple_ORIGINAL;Huawei_ORIGINAL;False;0.588235;0.388889;0.263158
Apple_ORIGINAL;Huawei_ORIGINAL;False;0.588235;0.388889;0.263158
Apple_ORIGINAL;Huawei_ORIGINAL;False;0.588235;0.388889;0.263158
Apple_ORIGINAL;Huawei_ORIGINAL;False;0.588235;0.388889;0.263158
Apple_ORIGINAL;Huawei_ORIGINAL;False;0.588235;0.388889;0.263158
Apple_ORIGINAL;Huawei_ORIGINAL;False;0.588235;0.388889;0.263158
Apple_ORIGINAL;Huawei_ORIGINAL;False;0.588235;0.388889;0.263158
Apple_ORIGINAL;Huawei_ORIGINAL;False;0.588235;0.388889;0.263158
Apple_ORIGINAL;Huawei_ORIGINAL;False;0.588235;0.388889;0.263158
Apple_ORIGINAL;Huawei_ORIGINAL;False;0.588235;0.388889;0.263158
Apple_ORIGINAL;Huawei_ORIGINAL;False;0.588235;0.388889;0.263158
Apple_ORIGINAL;Huawei_ORIGINAL;False;0.588235;0.388889;0.263158
Apple_ORIGINAL;Huawei_ORIGINAL;False;0.588235;0.388889;0.263158
Apple_ORIGINAL;Apple_ORIGINAL;True;1.0;1.0;1.0
Apple_ORIGINAL;Apple_ORIGINAL;True;1.0;1.0;1.0
Apple_ORIGINAL;Apple_ORIGINAL;True;1.0;1.0;1.0
Apple_ORIGINAL;Apple_ORIGINAL;True;1.0;1.0;1.0
Apple_ORIGINAL;Apple_ORIGINAL;True;1.0;1.0;1.0
Apple_ORIGINAL;Apple_ORIGINAL;True;1.0;1.0;1.0
Apple_ORIGINAL;Apple_ORIGINAL;True;1.0;1.0;1.0
Apple_ORIGINAL;Apple_ORIGINAL;True;1.0;1.0;1.0
Apple_ORIGINAL;Apple_ORIGINAL;True;1.0;1.0;1.0
Apple_ORIGINAL;Apple_ORIGINAL;True;1.0;1.0;1.0
Apple_ORIGINAL;Apple_ORIGINAL;True;1.0;1.0;1.0
Apple_ORIGINAL;Apple_ORIGINAL;True;1.0;1.0;1.0
Apple_ORIGINAL;Apple_ORIGINAL;True;1.0;1.0;1.0
Apple_ORIGINAL;Apple_ORIGINAL;True;1.0;1.0;1.0
Apple_ORIGINAL;Apple_ORIGINAL;True;1.0;1.0;1.0
Apple_ORIGINAL;Apple_ORIGINAL;True;1.0;1.0;1.0
Apple_ORIGINAL;Apple_ORIGINAL;True;1.0;1.0;1.0
Apple_ORIGINAL;Apple_ORIGINAL;True;1.0;1.0;1.0
Apple_ORIGINAL;Apple_ORIGINAL;True;1.0;1.0;1.0
Apple_ORIGINAL;Apple_ORIGINAL;True;1.0;1.0;1.0
Apple_ORIGINAL;Apple_ORIGINAL;True;1.0;1.0;1.0
Apple_ORIGINAL;Apple_ORIGINAL;True;1.0;1.0;1.0
Apple_ORIGINAL;Apple_ORIGINAL;True;1.0;1.0;1.0
Apple_ORIGINAL;Apple_ORIGINAL;True;1.0;1.0;1.0
Apple_ORIGINAL;Apple_ORIGINAL;True;1.0;1.0;1.0
Apple_ORIGINAL;Apple_ORIGINAL;True;1.0;1.0;1.0
Apple_ORIGINAL;Apple_ORIGINAL;True;1.0;1.0;1.0
Apple_ORIGINAL;Apple_ORIGINAL;True;1.0;1.0;1.0
Apple_ORIGINAL;Apple_ORIGINAL;True;1.0;1.0;1.0
Apple_ORIGINAL;Apple_ORIGINAL;True;1.0;1.0;1.0
Apple_ORIGINAL;Apple_ORIGINAL;True;1.0;1.0;1.0
Apple_ORIGINAL;Apple_ORIGINAL;True;1.0;1.0;1.0
Apple_ORIGINAL;Apple_ORIGINAL;True;1.0;1.0;1.0
Apple_ORIGINAL;Apple_ORIGINAL;True;1.0;1.0;1.0
Apple_ORIGINAL;Apple_ORIGINAL;True;1.0;1.0;1.0
Apple_ORIGINAL;Apple_ORIGINAL;True;1.0;1.0;1.0
Apple_ORIGINAL;Apple_ORIGINAL;True;1.0;1.0;1.0
Apple_ORIGINAL;Apple_ORIGINAL;True;1.0;1.0;1.0
Apple_ORIGINAL;Apple_ORIGINAL;True;1.0;1.0;1.0
Apple_ORIGINAL;Apple_ORIGINAL;True;1.0;1.0;1.0
Apple_ORIGINAL;Apple_ORIGINAL;True;1.0;1.0;1.0
Apple_ORIGINAL;Apple_ORIGINAL;True;1.0;1.0;1.0
Apple_ORIGINAL;Apple_ORIGINAL;True;1.0;1.0;1.0
Apple_ORIGINAL;Apple_ORIGINAL;True;1.0;1.0;1.0
Apple_ORIGINAL;Sony_ORIGINAL;False;0.52;0.375;0.26087
Apple_ORIGINAL;Sony_ORIGINAL;False;0.52;0.375;0.26087
Apple_ORIGINAL;Sony_ORIGINAL;False;0.52;0.375;0.26087
Apple_ORIGINAL;Sony_ORIGINAL;False;0.52;0.375;0.26087
Apple_ORIGINAL;Sony_ORIGINAL;False;0.52;0.375;0.26087
Apple_ORIGINAL;Sony_ORIGINAL;False;0.52;0.375;0.26087
Apple_ORIGINAL;Sony_ORIGINAL;False;0.52;0.375;0.26087
Apple_ORIGINAL;Sony_ORIGINAL;False;0.52;0.375;0.26087
Apple_ORIGINAL;Sony_ORIGINAL;False;0.52;0.375;0.26087
Apple_ORIGINAL;Sony_ORIGINAL;False;0.52;0.375;0.26087
Apple_ORIGINAL;Sony_ORIGINAL;False;0.52;0.375;0.26087
Apple_ORIGINAL;Sony_ORIGINAL;False;0.52;0.375;0.26087
Apple_ORIGINAL;Sony_ORIGINAL;False;0.52;0.375;0.26087
Apple_ORIGINAL;Sony_ORIGINAL;False;0.52;0.375;0.26087
Apple_ORIGINAL;Sony_ORIGINAL;False;0.52;0.375;0.26087
Apple_ORIGINAL;Sony_ORIGINAL;False;0.52;0.375;0.26087
Apple_ORIGINAL;Samsung_ORIGINAL;False;0.566667;0.375;0.235294
Apple_ORIGINAL;Samsung_ORIGINAL;False;0.5;0.294118;0.194444
Apple_ORIGINAL;Samsung_ORIGINAL;False;0.566667;0.375;0.235294
Apple_ORIGINAL;Samsung_ORIGINAL;False;0.566667;0.375;0.235294
Apple_ORIGINAL;Samsung_ORIGINAL;False;0.566667;0.375;0.235294
Apple_ORIGINAL;Samsung_ORIGINAL;False;0.566667;0.375;0.235294
Apple_ORIGINAL;Samsung_ORIGINAL;False;0.566667;0.375;0.235294
Apple_ORIGINAL;Samsung_ORIGINAL;False;0.566667;0.375;0.235294
Apple_ORIGINAL;Samsung_ORIGINAL;False;0.566667;0.375;0.235294
Apple_ORIGINAL;Samsung_ORIGINAL;False;0.5;0.294118;0.194444
Apple_ORIGINAL;Samsung_ORIGINAL;False;0.566667;0.375;0.235294
Apple_ORIGINAL;Samsung_ORIGINAL;False;0.566667;0.375;0.235294
Apple_ORIGINAL;Samsung_ORIGINAL;False;0.566667;0.375;0.235294
Apple_ORIGINAL;Samsung_ORIGINAL;False;0.566667;0.375;0.235294
Apple_ORIGINAL;Samsung_ORIGINAL;False;0.566667;0.375;0.235294
Apple_ORIGINAL;Samsung_ORIGINAL;False;0.566667;0.375;0.235294
Apple_ORIGINAL;Apple_ORIGINAL;True;1.0;1.0;1.0
Apple_ORIGINAL;Apple_ORIGINAL;True;1.0;1.0;1.0
Apple_ORIGINAL;Apple_ORIGINAL;True;1.0;1.0;1.0
Apple_ORIGINAL;Apple_ORIGINAL;True;1.0;1.0;1.0
Apple_ORIGINAL;Apple_ORIGINAL;True;1.0;1.0;1.0
Apple_ORIGINAL;Apple_ORIGINAL;True;1.0;1.0;1.0
Apple_ORIGINAL;Apple_ORIGINAL;True;1.0;1.0;1.0
Apple_ORIGINAL;Apple_ORIGINAL;True;1.0;1.0;1.0
Apple_ORIGINAL;Apple_ORIGINAL;True;1.0;1.0;1.0
Apple_ORIGINAL;Apple_ORIGINAL;True;1.0;1.0;1.0
Apple_ORIGINAL;Apple_ORIGINAL;True;1.0;1.0;1.0
Apple_ORIGINAL;Apple_ORIGINAL;True;1.0;1.0;1.0
Apple_ORIGINAL;Apple_ORIGINAL;True;1.0;1.0;1.0
Apple_ORIGINAL;Apple_ORIGINAL;True;1.0;1.0;1.0
Apple_ORIGINAL;Apple_ORIGINAL;True;1.0;1.0;1.0
Apple_ORIGINAL;Apple_ORIGINAL;True;1.0;1.0;1.0
Apple_ORIGINAL;Apple_ORIGINAL;True;1.0;1.0;1.0
Apple_ORIGINAL;Apple_ORIGINAL;True;1.0;1.0;1.0
Apple_ORIGINAL;Apple_ORIGINAL;True;1.0;1.0;1.0
Apple_ORIGINAL;Apple_ORIGINAL;True;1.0;1.0;1.0
Apple_ORIGINAL;Apple_ORIGINAL;True;1.0;1.0;1.0
Apple_ORIGINAL;Apple_ORIGINAL;True;1.0;1.0;1.0
Apple_ORIGINAL;Apple_ORIGINAL;True;1.0;1.0;1.0
Apple_ORIGINAL;Apple_ORIGINAL;True;1.0;1.0;1.0
Apple_ORIGINAL;Apple_ORIGINAL;True;1.0;1.0;1.0
Apple_ORIGINAL;Apple_ORIGINAL;True;1.0;1.0;1.0
Apple_ORIGINAL;Apple_ORIGINAL;True;1.0;1.0;1.0
Apple_ORIGINAL;Apple_ORIGINAL;True;1.0;1.0;1.0
Apple_ORIGINAL;Apple_ORIGINAL;True;1.0;1.0;1.0
Apple_ORIGINAL;Apple_ORIGINAL;True;1.0;1.0;1.0
Apple_ORIGINAL;Apple_ORIGINAL;True;1.0;1.0;1.0
Apple_ORIGINAL;Apple_ORIGINAL;True;1.0;1.0;1.0
Apple_ORIGINAL;Apple_ORIGINAL;True;1.0;1.0;1.0
Apple_ORIGINAL;Apple_ORIGINAL;True;1.0;1.0;1.0
Apple_ORIGINAL;Apple_ORIGINAL;True;1.0;1.0;1.0
Apple_ORIGINAL;Apple_ORIGINAL;True;1.0;1.0;1.0
Apple_ORIGINAL;Apple_ORIGINAL;True;1.0;1.0;1.0
Apple_ORIGINAL;Apple_ORIGINAL;True;1.0;1.0;1.0
Apple_ORIGINAL;Apple_ORIGINAL;True;1.0;1.0;1.0
Apple_ORIGINAL;Apple_ORIGINAL;True;1.0;1.0;1.0
Apple_ORIGINAL;Apple_ORIGINAL;True;1.0;1.0;1.0
Apple_ORIGINAL;Huawei_ORIGINAL;False;0.5;0.294118;0.194444
Apple_ORIGINAL;Huawei_ORIGINAL;False;0.5;0.294118;0.194444
Apple_ORIGINAL;Huawei_ORIGINAL;False;0.5;0.294118;0.194444
Apple_ORIGINAL;Huawei_ORIGINAL;False;0.5;0.294118;0.194444
Apple_ORIGINAL;Huawei_ORIGINAL;False;0.5;0.294118;0.194444
Apple_ORIGINAL;Huawei_ORIGINAL;False;0.5;0.294118;0.194444
Apple_ORIGINAL;Huawei_ORIGINAL;False;0.5;0.294118;0.194444
Apple_ORIGINAL;Huawei_ORIGINAL;False;0.5;0.294118;0.194444
Apple_ORIGINAL;Huawei_ORIGINAL;False;0.5;0.294118;0.194444
Apple_ORIGINAL;Huawei_ORIGINAL;False;0.5;0.294118;0.194444
Apple_ORIGINAL;Huawei_ORIGINAL;False;0.5;0.294118;0.194444
Apple_ORIGINAL;Huawei_ORIGINAL;False;0.5;0.294118;0.194444
Apple_ORIGINAL;Huawei_ORIGINAL;False;0.5;0.294118;0.194444
Apple_ORIGINAL;Huawei_ORIGINAL;False;0.5;0.294118;0.194444
Apple_ORIGINAL;Huawei_ORIGINAL;False;0.5;0.294118;0.194444
Apple_ORIGINAL;Huawei_ORIGINAL;False;0.5;0.294118;0.194444
Apple_ORIGINAL;OnePlus_ORIGINAL;False;0.6;0.405405;0.25641
Apple_ORIGINAL;OnePlus_ORIGINAL;False;0.6;0.405405;0.25641
Apple_ORIGINAL;OnePlus_ORIGINAL;False;0.6;0.405405;0.25641
Apple_ORIGINAL;OnePlus_ORIGINAL;False;0.6;0.405405;0.25641
Apple_ORIGINAL;OnePlus_ORIGINAL;False;0.6;0.405405;0.25641
Apple_ORIGINAL;OnePlus_ORIGINAL;False;0.6;0.405405;0.25641
Apple_ORIGINAL;OnePlus_ORIGINAL;False;0.6;0.405405;0.25641
Apple_ORIGINAL;OnePlus_ORIGINAL;False;0.6;0.405405;0.25641
Apple_ORIGINAL;OnePlus_ORIGINAL;False;0.6;0.405405;0.25641
Apple_ORIGINAL;OnePlus_ORIGINAL;False;0.6;0.405405;0.25641
Apple_ORIGINAL;OnePlus_ORIGINAL;False;0.6;0.405405;0.25641
Apple_ORIGINAL;OnePlus_ORIGINAL;False;0.6;0.405405;0.25641
Apple_ORIGINAL;OnePlus_ORIGINAL;False;0.6;0.405405;0.25641
Apple_ORIGINAL;OnePlus_ORIGINAL;False;0.6;0.405405;0.25641
Apple_ORIGINAL;OnePlus_ORIGINAL;False;0.567568;0.384615;0.243902
Apple_ORIGINAL;OnePlus_ORIGINAL;False;0.567568;0.384615;0.243902
Apple_ORIGINAL;Samsung_ORIGINAL;False;0.5625;0.352941;0.194444
Apple_ORIGINAL;Samsung_ORIGINAL;False;0.5625;0.352941;0.194444
Apple_ORIGINAL;Samsung_ORIGINAL;False;0.5625;0.352941;0.194444
Apple_ORIGINAL;Samsung_ORIGINAL;False;0.5625;0.352941;0.194444
Apple_ORIGINAL;Samsung_ORIGINAL;False;0.5625;0.352941;0.194444
Apple_ORIGINAL;Samsung_ORIGINAL;False;0.5625;0.352941;0.194444
Apple_ORIGINAL;Samsung_ORIGINAL;False;0.5625;0.352941;0.194444
Apple_ORIGINAL;Samsung_ORIGINAL;False;0.5625;0.352941;0.194444
Apple_ORIGINAL;Samsung_ORIGINAL;False;0.5625;0.352941;0.194444
Apple_ORIGINAL;Samsung_ORIGINAL;False;0.5625;0.352941;0.194444
Apple_ORIGINAL;Samsung_ORIGINAL;False;0.5625;0.352941;0.194444
Apple_ORIGINAL;Samsung_ORIGINAL;False;0.5625;0.352941;0.194444
Apple_ORIGINAL;Samsung_ORIGINAL;False;0.5625;0.352941;0.194444
Apple_ORIGINAL;Samsung_ORIGINAL;False;0.5625;0.352941;0.194444
Apple_ORIGINAL;Samsung_ORIGINAL;False;0.5625;0.352941;0.194444
Apple_ORIGINAL;Samsung_ORIGINAL;False;0.5625;0.352941;0.194444
Apple_ORIGINAL;Huawei_ORIGINAL;False;0.617647;0.416667;0.263158
Apple_ORIGINAL;Huawei_ORIGINAL;False;0.617647;0.416667;0.263158
Apple_ORIGINAL;Huawei_ORIGINAL;False;0.617647;0.416667;0.263158
Apple_ORIGINAL;Huawei_ORIGINAL;False;0.617647;0.416667;0.263158
Apple_ORIGINAL;Huawei_ORIGINAL;False;0.617647;0.416667;0.263158
Apple_ORIGINAL;Huawei_ORIGINAL;False;0.617647;0.416667;0.263158
Apple_ORIGINAL;Huawei_ORIGINAL;False;0.617647;0.416667;0.263158
Apple_ORIGINAL;Huawei_ORIGINAL;False;0.617647;0.416667;0.263158
Apple_ORIGINAL;Huawei_ORIGINAL;False;0.617647;0.416667;0.263158
Apple_ORIGINAL;Huawei_ORIGINAL;False;0.617647;0.416667;0.263158
Apple_ORIGINAL;Huawei_ORIGINAL;False;0.617647;0.416667;0.263158
Apple_ORIGINAL;Huawei_ORIGINAL;False;0.617647;0.416667;0.263158
Apple_ORIGINAL;Huawei_ORIGINAL;False;0.617647;0.416667;0.263158
Apple_ORIGINAL;Huawei_ORIGINAL;False;0.617647;0.416667;0.263158
Apple_ORIGINAL;Huawei_ORIGINAL;False;0.617647;0.416667;0.263158
Apple_ORIGINAL;Huawei_ORIGINAL;False;0.617647;0.416667;0.263158
Apple_ORIGINAL;Apple_ORIGINAL;True;1.0;1.0;1.0
Apple_ORIGINAL;Apple_ORIGINAL;True;1.0;1.0;1.0
Apple_ORIGINAL;Apple_ORIGINAL;True;1.0;1.0;1.0
Apple_ORIGINAL;Apple_ORIGINAL;True;1.0;1.0;1.0
Apple_ORIGINAL;Apple_ORIGINAL;True;1.0;1.0;1.0
Apple_ORIGINAL;Apple_ORIGINAL;True;1.0;1.0;1.0
Apple_ORIGINAL;Apple_ORIGINAL;True;1.0;1.0;1.0
Apple_ORIGINAL;Apple_ORIGINAL;True;1.0;1.0;1.0
Apple_ORIGINAL;Apple_ORIGINAL;True;1.0;1.0;1.0
Apple_ORIGINAL;Apple_ORIGINAL;True;1.0;1.0;1.0
Apple_ORIGINAL;Apple_ORIGINAL;True;1.0;1.0;1.0
Apple_ORIGINAL;Apple_ORIGINAL;True;1.0;1.0;1.0
Apple_ORIGINAL;Apple_ORIGINAL;True;1.0;1.0;1.0
Apple_ORIGINAL;Apple_ORIGINAL;True;1.0;1.0;1.0
Apple_ORIGINAL;Apple_ORIGINAL;True;1.0;1.0;1.0
Apple_ORIGINAL;Apple_ORIGINAL;True;1.0;1.0;1.0
Apple_ORIGINAL;Huawei_ORIGINAL;False;0.617647;0.416667;0.263158
Apple_ORIGINAL;Huawei_ORIGINAL;False;0.617647;0.416667;0.263158
Apple_ORIGINAL;Huawei_ORIGINAL;False;0.617647;0.416667;0.263158
Apple_ORIGINAL;Huawei_ORIGINAL;False;0.617647;0.416667;0.263158
Apple_ORIGINAL;Huawei_ORIGINAL;False;0.617647;0.416667;0.263158
Apple_ORIGINAL;Huawei_ORIGINAL;False;0.617647;0.416667;0.263158
Apple_ORIGINAL;Huawei_ORIGINAL;False;0.617647;0.416667;0.263158
Apple_ORIGINAL;Huawei_ORIGINAL;False;0.617647;0.416667;0.263158
Apple_ORIGINAL;Huawei_ORIGINAL;False;0.617647;0.416667;0.263158
Apple_ORIGINAL;Huawei_ORIGINAL;False;0.617647;0.416667;0.263158
Apple_ORIGINAL;Huawei_ORIGINAL;False;0.617647;0.416667;0.263158
Apple_ORIGINAL;Huawei_ORIGINAL;False;0.617647;0.416667;0.263158
Apple_ORIGINAL;Huawei_ORIGINAL;False;0.617647;0.416667;0.263158
Apple_ORIGINAL;Huawei_ORIGINAL;False;0.617647;0.416667;0.263158
Apple_ORIGINAL;Huawei_ORIGINAL;False;0.617647;0.416667;0.263158
Apple_ORIGINAL;Huawei_ORIGINAL;False;0.617647;0.416667;0.263158
Apple_ORIGINAL;Samsung_ORIGINAL;False;0.545455;0.342857;0.189189
Apple_ORIGINAL;Samsung_ORIGINAL;False;0.545455;0.342857;0.189189
Apple_ORIGINAL;Samsung_ORIGINAL;False;0.545455;0.342857;0.189189
Apple_ORIGINAL;Samsung_ORIGINAL;False;0.529412;0.333333;0.184211
Apple_ORIGINAL;Samsung_ORIGINAL;False;0.529412;0.333333;0.184211
Apple_ORIGINAL;Samsung_ORIGINAL;False;0.529412;0.333333;0.184211
Apple_ORIGINAL;Samsung_ORIGINAL;False;0.529412;0.333333;0.184211
Apple_ORIGINAL;Samsung_ORIGINAL;False;0.529412;0.333333;0.184211
Apple_ORIGINAL;Samsung_ORIGINAL;False;0.545455;0.342857;0.189189
Apple_ORIGINAL;Samsung_ORIGINAL;False;0.545455;0.342857;0.189189
Apple_ORIGINAL;Samsung_ORIGINAL;False;0.545455;0.342857;0.189189
Apple_ORIGINAL;Samsung_ORIGINAL;False;0.545455;0.342857;0.189189
Apple_ORIGINAL;Samsung_ORIGINAL;False;0.545455;0.342857;0.189189
Asus_ORIGINAL;Samsung_ORIGINAL;False;0.774194;0.727273;0.714286
Asus_ORIGINAL;Samsung_ORIGINAL;False;0.774194;0.727273;0.714286
Asus_ORIGINAL;Samsung_ORIGINAL;False;0.774194;0.727273;0.714286
Asus_ORIGINAL;Samsung_ORIGINAL;False;0.774194;0.727273;0.714286
Asus_ORIGINAL;Samsung_ORIGINAL;False;0.774194;0.727273;0.714286
Asus_ORIGINAL;Samsung_ORIGINAL;False;0.774194;0.727273;0.714286
Asus_ORIGINAL;Samsung_ORIGINAL;False;0.774194;0.727273;0.714286
Asus_ORIGINAL;Samsung_ORIGINAL;False;0.774194;0.727273;0.714286
Asus_ORIGINAL;Samsung_ORIGINAL;False;0.774194;0.727273;0.714286
Asus_ORIGINAL;Samsung_ORIGINAL;False;0.774194;0.727273;0.714286
Asus_ORIGINAL;Samsung_ORIGINAL;False;0.774194;0.727273;0.714286
Asus_ORIGINAL;Samsung_ORIGINAL;False;0.774194;0.727273;0.714286
Asus_ORIGINAL;Samsung_ORIGINAL;False;0.774194;0.727273;0.714286
Asus_ORIGINAL;Samsung_ORIGINAL;False;0.774194;0.727273;0.714286
Asus_ORIGINAL;Samsung_ORIGINAL;False;0.774194;0.727273;0.714286
Asus_ORIGINAL;Samsung_ORIGINAL;False;0.774194;0.727273;0.714286
Asus_ORIGINAL;Samsung_ORIGINAL;False;0.774194;0.727273;0.714286
Asus_ORIGINAL;Samsung_ORIGINAL;False;0.774194;0.727273;0.714286
Asus_ORIGINAL;Samsung_ORIGINAL;False;0.774194;0.727273;0.714286
Asus_ORIGINAL;Apple_ORIGINAL;False;0.384615;0.25;0.169492
Asus_ORIGINAL;Apple_ORIGINAL;False;0.377358;0.245614;0.166667
Asus_ORIGINAL;Apple_ORIGINAL;False;0.377358;0.245614;0.166667
Asus_ORIGINAL;Apple_ORIGINAL;False;0.377358;0.245614;0.166667
Asus_ORIGINAL;Apple_ORIGINAL;False;0.377358;0.245614;0.166667
Asus_ORIGINAL;Apple_ORIGINAL;False;0.377358;0.245614;0.166667
Asus_ORIGINAL;Apple_ORIGINAL;False;0.377358;0.245614;0.166667
Asus_ORIGINAL;Apple_ORIGINAL;False;0.377358;0.245614;0.166667
Asus_ORIGINAL;Apple_ORIGINAL;False;0.377358;0.245614;0.166667
Asus_ORIGINAL;Apple_ORIGINAL;False;0.377358;0.245614;0.166667
Asus_ORIGINAL;Huawei_ORIGINAL;False;0.911765;0.861111;0.815789
Asus_ORIGINAL;Huawei_ORIGINAL;False;0.911765;0.861111;0.815789
Asus_ORIGINAL;Huawei_ORIGINAL;False;0.911765;0.861111;0.815789
Asus_ORIGINAL;Huawei_ORIGINAL;False;0.911765;0.861111;0.815789
Asus_ORIGINAL;Huawei_ORIGINAL;False;0.911765;0.861111;0.815789
Asus_ORIGINAL;Huawei_ORIGINAL;False;1.0;1.0;1.0
Asus_ORIGINAL;Huawei_ORIGINAL;False;0.911765;0.861111;0.815789
Asus_ORIGINAL;Huawei_ORIGINAL;False;0.911765;0.861111;0.815789
Asus_ORIGINAL;Huawei_ORIGINAL;False;0.911765;0.861111;0.815789
Asus_ORIGINAL;Huawei_ORIGINAL;False;0.911765;0.861111;0.815789
Asus_ORIGINAL;Huawei_ORIGINAL;False;0.911765;0.861111;0.815789
Asus_ORIGINAL;Huawei_ORIGINAL;False;0.911765;0.861111;0.815789
Asus_ORIGINAL;Huawei_ORIGINAL;False;0.911765;0.861111;0.815789
Asus_ORIGINAL;Huawei_ORIGINAL;False;0.911765;0.861111;0.815789
Asus_ORIGINAL;Huawei_ORIGINAL;False;0.911765;0.861111;0.815789
Asus_ORIGINAL;Huawei_ORIGINAL;False;0.911765;0.861111;0.815789
Asus_ORIGINAL;LG_ORIGINAL;False;0.90625;0.882353;0.861111
Asus_ORIGINAL;LG_ORIGINAL;False;0.90625;0.882353;0.861111
Asus_ORIGINAL;LG_ORIGINAL;False;0.90625;0.882353;0.861111
Asus_ORIGINAL;LG_ORIGINAL;False;0.90625;0.882353;0.861111
Asus_ORIGINAL;LG_ORIGINAL;False;0.90625;0.882353;0.861111
Asus_ORIGINAL;LG_ORIGINAL;False;0.90625;0.882353;0.861111
Asus_ORIGINAL;LG_ORIGINAL;False;0.90625;0.882353;0.861111
Asus_ORIGINAL;LG_ORIGINAL;False;0.90625;0.882353;0.861111
Asus_ORIGINAL;LG_ORIGINAL;False;0.90625;0.882353;0.861111
Asus_ORIGINAL;LG_ORIGINAL;False;0.90625;0.882353;0.861111
Asus_ORIGINAL;LG_ORIGINAL;False;0.90625;0.882353;0.861111
Asus_ORIGINAL;LG_ORIGINAL;False;0.90625;0.882353;0.861111
Asus_ORIGINAL;LG_ORIGINAL;False;0.90625;0.882353;0.861111
Asus_ORIGINAL;LG_ORIGINAL;False;0.90625;0.882353;0.861111
Asus_ORIGINAL;LG_ORIGINAL;False;0.90625;0.882353;0.861111
Asus_ORIGINAL;LG_ORIGINAL;False;0.90625;0.882353;0.861111
Asus_ORIGINAL;Apple_ORIGINAL;False;0.392157;0.22807;0.129032
Asus_ORIGINAL;Apple_ORIGINAL;False;0.392157;0.22807;0.129032
Asus_ORIGINAL;Apple_ORIGINAL;False;0.392157;0.22807;0.129032
Asus_ORIGINAL;Apple_ORIGINAL;False;0.392157;0.22807;0.129032
Asus_ORIGINAL;Apple_ORIGINAL;False;0.392157;0.22807;0.129032
Asus_ORIGINAL;Apple_ORIGINAL;False;0.392157;0.22807;0.129032
Asus_ORIGINAL;Apple_ORIGINAL;False;0.392157;0.22807;0.129032
Asus_ORIGINAL;Apple_ORIGINAL;False;0.392157;0.22807;0.129032
Asus_ORIGINAL;Apple_ORIGINAL;False;0.392157;0.22807;0.129032
Asus_ORIGINAL;Apple_ORIGINAL;False;0.392157;0.22807;0.129032
Asus_ORIGINAL;Apple_ORIGINAL;False;0.392157;0.22807;0.129032
Asus_ORIGINAL;Apple_ORIGINAL;False;0.392157;0.22807;0.129032
Asus_ORIGINAL;Apple_ORIGINAL;False;0.392157;0.22807;0.129032
Asus_ORIGINAL;Apple_ORIGINAL;False;0.392157;0.22807;0.129032
Asus_ORIGINAL;Apple_ORIGINAL;False;0.392157;0.22807;0.129032
Asus_ORIGINAL;Apple_ORIGINAL;False;0.392157;0.22807;0.129032
Asus_ORIGINAL;Apple_ORIGINAL;False;0.4;0.245283;0.145455
Asus_ORIGINAL;Apple_ORIGINAL;False;0.4;0.245283;0.145455
Asus_ORIGINAL;Apple_ORIGINAL;False;0.4;0.245283;0.145455
Asus_ORIGINAL;Apple_ORIGINAL;False;0.4;0.245283;0.145455
Asus_ORIGINAL;Apple_ORIGINAL;False;0.4;0.245283;0.145455
Asus_ORIGINAL;Apple_ORIGINAL;False;0.4;0.245283;0.145455
Asus_ORIGINAL;Apple_ORIGINAL;False;0.4;0.245283;0.145455
Asus_ORIGINAL;Apple_ORIGINAL;False;0.4;0.245283;0.145455
Asus_ORIGINAL;Apple_ORIGINAL;False;0.4;0.245283;0.145455
Asus_ORIGINAL;Apple_ORIGINAL;False;0.4;0.245283;0.145455
Asus_ORIGINAL;Apple_ORIGINAL;False;0.4;0.245283;0.145455
Asus_ORIGINAL;Apple_ORIGINAL;False;0.4;0.245283;0.145455
Asus_ORIGINAL;Apple_ORIGINAL;False;0.4;0.245283;0.145455
Asus_ORIGINAL;Apple_ORIGINAL;False;0.4;0.245283;0.145455
Asus_ORIGINAL;Samsung_ORIGINAL;False;0.75;0.705882;0.694444
Asus_ORIGINAL;Samsung_ORIGINAL;False;0.75;0.705882;0.694444
Asus_ORIGINAL;Samsung_ORIGINAL;False;0.75;0.705882;0.694444
Asus_ORIGINAL;Samsung_ORIGINAL;False;0.75;0.705882;0.694444
Asus_ORIGINAL;Samsung_ORIGINAL;False;0.75;0.705882;0.694444
Asus_ORIGINAL;Samsung_ORIGINAL;False;0.75;0.705882;0.694444
Asus_ORIGINAL;Samsung_ORIGINAL;False;0.75;0.705882;0.694444
Asus_ORIGINAL;Samsung_ORIGINAL;False;0.75;0.705882;0.694444
Asus_ORIGINAL;Samsung_ORIGINAL;False;0.75;0.705882;0.694444
Asus_ORIGINAL;Samsung_ORIGINAL;False;0.75;0.705882;0.694444
Asus_ORIGINAL;Samsung_ORIGINAL;False;0.75;0.705882;0.694444
Asus_ORIGINAL;Samsung_ORIGINAL;False;0.75;0.705882;0.694444
Asus_ORIGINAL;Samsung_ORIGINAL;False;0.75;0.705882;0.694444
Asus_ORIGINAL;Samsung_ORIGINAL;False;0.75;0.705882;0.694444
Asus_ORIGINAL;Samsung_ORIGINAL;False;0.75;0.705882;0.694444
Asus_ORIGINAL;Samsung_ORIGINAL;False;0.75;0.705882;0.694444
Asus_ORIGINAL;Samsung_ORIGINAL;False;0.75;0.705882;0.694444
Asus_ORIGINAL;Samsung_ORIGINAL;False;0.75;0.705882;0.694444
Asus_ORIGINAL;Samsung_ORIGINAL;False;0.75;0.705882;0.694444
Asus_ORIGINAL;Samsung_ORIGINAL;False;0.75;0.705882;0.694444
Asus_ORIGINAL;Samsung_ORIGINAL;False;0.75;0.705882;0.694444
Asus_ORIGINAL;Samsung_ORIGINAL;False;0.75;0.705882;0.694444
Asus_ORIGINAL;Samsung_ORIGINAL;False;0.75;0.705882;0.694444
Asus_ORIGINAL;Samsung_ORIGINAL;False;0.75;0.705882;0.694444
Asus_ORIGINAL;Samsung_ORIGINAL;False;0.75;0.705882;0.694444
Asus_ORIGINAL;Samsung_ORIGINAL;False;0.75;0.705882;0.694444
Asus_ORIGINAL;Samsung_ORIGINAL;False;0.75;0.705882;0.694444
Asus_ORIGINAL;Samsung_ORIGINAL;False;0.75;0.705882;0.694444
Asus_ORIGINAL;Samsung_ORIGINAL;False;0.75;0.705882;0.694444
Asus_ORIGINAL;Samsung_ORIGINAL;False;0.75;0.705882;0.694444
Asus_ORIGINAL;Samsung_ORIGINAL;False;0.75;0.705882;0.694444
Asus_ORIGINAL;Samsung_ORIGINAL;False;0.75;0.705882;0.694444
Asus_ORIGINAL;Samsung_ORIGINAL;False;0.75;0.705882;0.694444
Asus_ORIGINAL;Samsung_ORIGINAL;False;0.75;0.705882;0.694444
Asus_ORIGINAL;Apple_ORIGINAL;False;0.377358;0.245614;0.166667
Asus_ORIGINAL;Apple_ORIGINAL;False;0.377358;0.245614;0.166667
Asus_ORIGINAL;Apple_ORIGINAL;False;0.377358;0.245614;0.166667
Asus_ORIGINAL;Apple_ORIGINAL;False;0.377358;0.245614;0.166667
Asus_ORIGINAL;Apple_ORIGINAL;False;0.377358;0.245614;0.166667
Asus_ORIGINAL;Apple_ORIGINAL;False;0.377358;0.245614;0.166667
Asus_ORIGINAL;Apple_ORIGINAL;False;0.384615;0.25;0.169492
Asus_ORIGINAL;Apple_ORIGINAL;False;0.377358;0.245614;0.166667
Asus_ORIGINAL;Apple_ORIGINAL;False;0.377358;0.245614;0.166667
Asus_ORIGINAL;Apple_ORIGINAL;False;0.377358;0.245614;0.166667
Asus_ORIGINAL;Apple_ORIGINAL;False;0.377358;0.245614;0.166667
Asus_ORIGINAL;Apple_ORIGINAL;False;0.377358;0.245614;0.166667
Asus_ORIGINAL;Apple_ORIGINAL;False;0.377358;0.245614;0.166667
Asus_ORIGINAL;Apple_ORIGINAL;False;0.377358;0.245614;0.166667
Asus_ORIGINAL;Apple_ORIGINAL;False;0.377358;0.245614;0.166667
Asus_ORIGINAL;Apple_ORIGINAL;False;0.377358;0.245614;0.166667
Asus_ORIGINAL;Samsung_ORIGINAL;False;0.777778;0.736842;0.725
Asus_ORIGINAL;Samsung_ORIGINAL;False;0.777778;0.736842;0.725
Asus_ORIGINAL;Samsung_ORIGINAL;False;0.777778;0.736842;0.725
Asus_ORIGINAL;Samsung_ORIGINAL;False;0.777778;0.736842;0.725
Asus_ORIGINAL;Samsung_ORIGINAL;False;0.777778;0.736842;0.725
Asus_ORIGINAL;Samsung_ORIGINAL;False;0.777778;0.736842;0.725
Asus_ORIGINAL;Samsung_ORIGINAL;False;0.777778;0.736842;0.725
Asus_ORIGINAL;Samsung_ORIGINAL;False;0.777778;0.736842;0.725
Asus_ORIGINAL;Samsung_ORIGINAL;False;0.777778;0.736842;0.725
Asus_ORIGINAL;Samsung_ORIGINAL;False;0.777778;0.736842;0.725
Asus_ORIGINAL;Samsung_ORIGINAL;False;0.777778;0.736842;0.725
Asus_ORIGINAL;Samsung_ORIGINAL;False;0.777778;0.736842;0.725
Asus_ORIGINAL;Samsung_ORIGINAL;False;0.777778;0.736842;0.725
Asus_ORIGINAL;Samsung_ORIGINAL;False;0.777778;0.736842;0.725
Asus_ORIGINAL;Samsung_ORIGINAL;False;0.777778;0.736842;0.725
Asus_ORIGINAL;Samsung_ORIGINAL;False;0.777778;0.736842;0.725
Asus_ORIGINAL;Samsung_ORIGINAL;False;0.774194;0.727273;0.714286
Asus_ORIGINAL;Samsung_ORIGINAL;False;0.774194;0.727273;0.714286
Asus_ORIGINAL;Samsung_ORIGINAL;False;0.774194;0.727273;0.714286
Asus_ORIGINAL;Samsung_ORIGINAL;False;0.774194;0.727273;0.714286
Asus_ORIGINAL;Samsung_ORIGINAL;False;0.774194;0.727273;0.714286
Asus_ORIGINAL;Samsung_ORIGINAL;False;0.774194;0.727273;0.714286
Asus_ORIGINAL;Samsung_ORIGINAL;False;0.774194;0.727273;0.714286
Asus_ORIGINAL;Samsung_ORIGINAL;False;0.774194;0.727273;0.714286
Asus_ORIGINAL;Samsung_ORIGINAL;False;0.774194;0.727273;0.714286
Asus_ORIGINAL;Samsung_ORIGINAL;False;0.774194;0.727273;0.714286
Asus_ORIGINAL;Samsung_ORIGINAL;False;0.774194;0.727273;0.714286
Asus_ORIGINAL;Samsung_ORIGINAL;False;0.774194;0.727273;0.714286
Asus_ORIGINAL;Samsung_ORIGINAL;False;0.774194;0.727273;0.714286
Asus_ORIGINAL;OnePlus_ORIGINAL;False;0.857143;0.783784;0.717949
Asus_ORIGINAL;OnePlus_ORIGINAL;False;0.857143;0.783784;0.717949
Asus_ORIGINAL;OnePlus_ORIGINAL;False;0.857143;0.783784;0.717949
Asus_ORIGINAL;OnePlus_ORIGINAL;False;0.857143;0.783784;0.717949
Asus_ORIGINAL;OnePlus_ORIGINAL;False;0.857143;0.783784;0.717949
Asus_ORIGINAL;OnePlus_ORIGINAL;False;0.857143;0.783784;0.717949
Asus_ORIGINAL;OnePlus_ORIGINAL;False;0.857143;0.783784;0.717949
Asus_ORIGINAL;OnePlus_ORIGINAL;False;0.857143;0.783784;0.717949
Asus_ORIGINAL;OnePlus_ORIGINAL;False;0.857143;0.783784;0.717949
Asus_ORIGINAL;OnePlus_ORIGINAL;False;0.857143;0.783784;0.717949
Asus_ORIGINAL;OnePlus_ORIGINAL;False;0.857143;0.783784;0.717949
Asus_ORIGINAL;OnePlus_ORIGINAL;False;0.857143;0.783784;0.717949
Asus_ORIGINAL;OnePlus_ORIGINAL;False;0.857143;0.783784;0.717949
Asus_ORIGINAL;OnePlus_ORIGINAL;False;0.857143;0.783784;0.717949
Asus_ORIGINAL;OnePlus_ORIGINAL;False;0.857143;0.783784;0.717949
Asus_ORIGINAL;OnePlus_ORIGINAL;False;0.857143;0.783784;0.717949
Asus_ORIGINAL;Xiaomi_ORIGINAL;False;1.0;1.0;1.0
Asus_ORIGINAL;Xiaomi_ORIGINAL;False;0.916667;0.894737;0.875
Asus_ORIGINAL;Xiaomi_ORIGINAL;False;0.916667;0.894737;0.875
Asus_ORIGINAL;Xiaomi_ORIGINAL;False;0.916667;0.894737;0.875
Asus_ORIGINAL;Xiaomi_ORIGINAL;False;0.916667;0.894737;0.875
Asus_ORIGINAL;Xiaomi_ORIGINAL;False;1.0;1.0;1.0
Asus_ORIGINAL;Xiaomi_ORIGINAL;False;1.0;1.0;1.0
Asus_ORIGINAL;Xiaomi_ORIGINAL;False;1.0;1.0;1.0
Asus_ORIGINAL;Xiaomi_ORIGINAL;False;1.0;1.0;1.0
Asus_ORIGINAL;Xiaomi_ORIGINAL;False;0.916667;0.894737;0.875
Asus_ORIGINAL;Xiaomi_ORIGINAL;False;1.0;1.0;1.0
Asus_ORIGINAL;Xiaomi_ORIGINAL;False;0.916667;0.894737;0.875
Asus_ORIGINAL;Xiaomi_ORIGINAL;False;0.916667;0.894737;0.875
Asus_ORIGINAL;Xiaomi_ORIGINAL;False;0.916667;0.894737;0.875
Asus_ORIGINAL;Xiaomi_ORIGINAL;False;0.916667;0.894737;0.875
Asus_ORIGINAL;Xiaomi_ORIGINAL;False;0.916667;0.894737;0.875
Asus_ORIGINAL;Asus_ORIGINAL;True;1.0;1.0;1.0
Asus_ORIGINAL;Asus_ORIGINAL;True;1.0;1.0;1.0
Asus_ORIGINAL;Asus_ORIGINAL;True;1.0;1.0;1.0
Asus_ORIGINAL;Asus_ORIGINAL;True;1.0;1.0;1.0
Asus_ORIGINAL;Asus_ORIGINAL;True;1.0;1.0;1.0
Asus_ORIGINAL;Asus_ORIGINAL;True;1.0;1.0;1.0
Asus_ORIGINAL;Asus_ORIGINAL;True;1.0;1.0;1.0
Asus_ORIGINAL;Asus_ORIGINAL;True;1.0;1.0;1.0
Asus_ORIGINAL;Asus_ORIGINAL;True;1.0;1.0;1.0
Asus_ORIGINAL;Asus_ORIGINAL;True;1.0;1.0;1.0
Asus_ORIGINAL;Asus_ORIGINAL;True;1.0;1.0;1.0
Asus_ORIGINAL;Asus_ORIGINAL;True;1.0;1.0;1.0
Asus_ORIGINAL;Asus_ORIGINAL;True;1.0;1.0;1.0
Asus_ORIGINAL;Asus_ORIGINAL;True;1.0;1.0;1.0
Asus_ORIGINAL;Asus_ORIGINAL;True;1.0;1.0;1.0
Asus_ORIGINAL;Asus_ORIGINAL;True;1.0;1.0;1.0
Asus_ORIGINAL;Samsung_ORIGINAL;False;0.774194;0.727273;0.714286
Asus_ORIGINAL;Samsung_ORIGINAL;False;0.774194;0.727273;0.714286
Asus_ORIGINAL;Samsung_ORIGINAL;False;0.774194;0.727273;0.714286
Asus_ORIGINAL;Samsung_ORIGINAL;False;0.774194;0.727273;0.714286
Asus_ORIGINAL;Samsung_ORIGINAL;False;0.774194;0.727273;0.714286
Asus_ORIGINAL;Samsung_ORIGINAL;False;0.774194;0.727273;0.714286
Asus_ORIGINAL;Samsung_ORIGINAL;False;0.774194;0.727273;0.714286
Asus_ORIGINAL;Samsung_ORIGINAL;False;0.774194;0.727273;0.714286
Asus_ORIGINAL;Samsung_ORIGINAL;False;0.774194;0.727273;0.714286
Asus_ORIGINAL;Samsung_ORIGINAL;False;0.774194;0.727273;0.714286
Asus_ORIGINAL;Samsung_ORIGINAL;False;0.774194;0.727273;0.714286
Asus_ORIGINAL;Samsung_ORIGINAL;False;0.774194;0.727273;0.714286
Asus_ORIGINAL;Samsung_ORIGINAL;False;0.774194;0.727273;0.714286
Asus_ORIGINAL;Wiko_ORIGINAL;False;0.966667;0.9375;0.911765
Asus_ORIGINAL;Wiko_ORIGINAL;False;0.966667;0.9375;0.911765
Asus_ORIGINAL;Wiko_ORIGINAL;False;0.966667;0.9375;0.911765
Asus_ORIGINAL;Wiko_ORIGINAL;False;0.966667;0.9375;0.911765
Asus_ORIGINAL;Wiko_ORIGINAL;False;0.966667;0.9375;0.911765
Asus_ORIGINAL;Wiko_ORIGINAL;False;0.966667;0.9375;0.911765
Asus_ORIGINAL;Wiko_ORIGINAL;False;0.966667;0.9375;0.911765
Asus_ORIGINAL;Wiko_ORIGINAL;False;0.966667;0.9375;0.911765
Asus_ORIGINAL;Apple_ORIGINAL;False;0.4;0.245283;0.145455
Asus_ORIGINAL;Apple_ORIGINAL;False;0.4;0.245283;0.145455
Asus_ORIGINAL;Apple_ORIGINAL;False;0.4;0.245283;0.145455
Asus_ORIGINAL;Apple_ORIGINAL;False;0.408163;0.25;0.148148
Asus_ORIGINAL;Apple_ORIGINAL;False;0.408163;0.25;0.148148
Asus_ORIGINAL;Apple_ORIGINAL;False;0.408163;0.25;0.148148
Asus_ORIGINAL;Apple_ORIGINAL;False;0.408163;0.25;0.148148
Asus_ORIGINAL;Apple_ORIGINAL;False;0.408163;0.25;0.148148
Asus_ORIGINAL;Apple_ORIGINAL;False;0.408163;0.25;0.148148
Asus_ORIGINAL;Apple_ORIGINAL;False;0.4;0.245283;0.145455
Asus_ORIGINAL;Apple_ORIGINAL;False;0.408163;0.25;0.148148
Asus_ORIGINAL;Apple_ORIGINAL;False;0.4;0.245283;0.145455
Asus_ORIGINAL;Apple_ORIGINAL;False;0.408163;0.25;0.148148
Asus_ORIGINAL;Apple_ORIGINAL;False;0.363636;0.234043;0.142857
Asus_ORIGINAL;Apple_ORIGINAL;False;0.392157;0.22807;0.129032
Asus_ORIGINAL;Apple_ORIGINAL;False;0.392157;0.22807;0.129032
Asus_ORIGINAL;Apple_ORIGINAL;False;0.392157;0.22807;0.129032
Asus_ORIGINAL;Apple_ORIGINAL;False;0.392157;0.22807;0.129032
Asus_ORIGINAL;Apple_ORIGINAL;False;0.392157;0.22807;0.129032
Asus_ORIGINAL;Apple_ORIGINAL;False;0.392157;0.22807;0.129032
Asus_ORIGINAL;Apple_ORIGINAL;False;0.392157;0.22807;0.129032
Asus_ORIGINAL;Apple_ORIGINAL;False;0.392157;0.22807;0.129032
Asus_ORIGINAL;Apple_ORIGINAL;False;0.392157;0.22807;0.129032
Asus_ORIGINAL;Apple_ORIGINAL;False;0.392157;0.22807;0.129032
Asus_ORIGINAL;Apple_ORIGINAL;False;0.392157;0.22807;0.129032
Asus_ORIGINAL;Apple_ORIGINAL;False;0.392157;0.22807;0.129032
Asus_ORIGINAL;Apple_ORIGINAL;False;0.392157;0.22807;0.129032
Asus_ORIGINAL;Apple_ORIGINAL;False;0.392157;0.22807;0.129032
Asus_ORIGINAL;Apple_ORIGINAL;False;0.392157;0.22807;0.129032
Asus_ORIGINAL;Apple_ORIGINAL;False;0.4;0.245283;0.145455
Asus_ORIGINAL;Apple_ORIGINAL;False;0.4;0.245283;0.145455
Asus_ORIGINAL;Apple_ORIGINAL;False;0.4;0.245283;0.145455
Asus_ORIGINAL;Apple_ORIGINAL;False;0.4;0.245283;0.145455
Asus_ORIGINAL;Apple_ORIGINAL;False;0.4;0.245283;0.145455
Asus_ORIGINAL;Apple_ORIGINAL;False;0.4;0.245283;0.145455
Asus_ORIGINAL;Apple_ORIGINAL;False;0.4;0.245283;0.145455
Asus_ORIGINAL;Apple_ORIGINAL;False;0.4;0.245283;0.145455
Asus_ORIGINAL;Apple_ORIGINAL;False;0.4;0.245283;0.145455
Asus_ORIGINAL;Apple_ORIGINAL;False;0.4;0.245283;0.145455
Asus_ORIGINAL;Microsoft_ORIGINAL;False;0.578947;0.487805;0.465116
Asus_ORIGINAL;Microsoft_ORIGINAL;False;0.636364;0.555556;0.526316
Asus_ORIGINAL;Microsoft_ORIGINAL;False;0.578947;0.487805;0.465116
Asus_ORIGINAL;Microsoft_ORIGINAL;False;0.578947;0.487805;0.465116
Asus_ORIGINAL;Microsoft_ORIGINAL;False;0.578947;0.487805;0.465116
Asus_ORIGINAL;Microsoft_ORIGINAL;False;0.578947;0.487805;0.465116
Asus_ORIGINAL;Microsoft_ORIGINAL;False;0.578947;0.487805;0.465116
Asus_ORIGINAL;Huawei_ORIGINAL;False;0.911765;0.861111;0.815789
Asus_ORIGINAL;Huawei_ORIGINAL;False;0.911765;0.861111;0.815789
Asus_ORIGINAL;Huawei_ORIGINAL;False;0.911765;0.861111;0.815789
Asus_ORIGINAL;Huawei_ORIGINAL;False;0.911765;0.861111;0.815789
Asus_ORIGINAL;Huawei_ORIGINAL;False;0.911765;0.861111;0.815789
Asus_ORIGINAL;Huawei_ORIGINAL;False;0.911765;0.861111;0.815789
Asus_ORIGINAL;Huawei_ORIGINAL;False;0.911765;0.861111;0.815789
Asus_ORIGINAL;Huawei_ORIGINAL;False;0.911765;0.861111;0.815789
Asus_ORIGINAL;Huawei_ORIGINAL;False;0.911765;0.861111;0.815789
Asus_ORIGINAL;Huawei_ORIGINAL;False;0.911765;0.861111;0.815789
Asus_ORIGINAL;Huawei_ORIGINAL;False;0.911765;0.861111;0.815789
Asus_ORIGINAL;Huawei_ORIGINAL;False;0.911765;0.861111;0.815789
Asus_ORIGINAL;Huawei_ORIGINAL;False;0.911765;0.861111;0.815789
Asus_ORIGINAL;Huawei_ORIGINAL;False;0.911765;0.861111;0.815789
Asus_ORIGINAL;Huawei_ORIGINAL;False;0.911765;0.861111;0.815789
Asus_ORIGINAL;Huawei_ORIGINAL;False;0.911765;0.861111;0.815789
Asus_ORIGINAL;Apple_ORIGINAL;False;0.392157;0.22807;0.129032
Asus_ORIGINAL;Apple_ORIGINAL;False;0.392157;0.22807;0.129032
Asus_ORIGINAL;Apple_ORIGINAL;False;0.392157;0.22807;0.129032
Asus_ORIGINAL;Apple_ORIGINAL;False;0.392157;0.22807;0.129032
Asus_ORIGINAL;Apple_ORIGINAL;False;0.392157;0.22807;0.129032
Asus_ORIGINAL;Apple_ORIGINAL;False;0.392157;0.22807;0.129032
Asus_ORIGINAL;Apple_ORIGINAL;False;0.392157;0.22807;0.129032
Asus_ORIGINAL;Apple_ORIGINAL;False;0.392157;0.22807;0.129032
Asus_ORIGINAL;Apple_ORIGINAL;False;0.392157;0.22807;0.129032
Asus_ORIGINAL;Apple_ORIGINAL;False;0.392157;0.22807;0.129032
Asus_ORIGINAL;Apple_ORIGINAL;False;0.392157;0.22807;0.129032
Asus_ORIGINAL;Apple_ORIGINAL;False;0.392157;0.22807;0.129032
Asus_ORIGINAL;Apple_ORIGINAL;False;0.392157;0.22807;0.129032
Asus_ORIGINAL;Apple_ORIGINAL;False;0.392157;0.22807;0.129032
Asus_ORIGINAL;Apple_ORIGINAL;False;0.392157;0.22807;0.129032
Asus_ORIGINAL;Apple_ORIGINAL;False;0.384615;0.25;0.169492
Asus_ORIGINAL;Apple_ORIGINAL;False;0.384615;0.25;0.169492
Asus_ORIGINAL;Apple_ORIGINAL;False;0.384615;0.25;0.169492
Asus_ORIGINAL;Apple_ORIGINAL;False;0.384615;0.25;0.169492
Asus_ORIGINAL;Apple_ORIGINAL;False;0.384615;0.25;0.169492
Asus_ORIGINAL;Apple_ORIGINAL;False;0.384615;0.25;0.169492
Asus_ORIGINAL;Apple_ORIGINAL;False;0.384615;0.25;0.169492
Asus_ORIGINAL;Apple_ORIGINAL;False;0.384615;0.25;0.169492
Asus_ORIGINAL;Apple_ORIGINAL;False;0.384615;0.25;0.169492
Asus_ORIGINAL;Apple_ORIGINAL;False;0.384615;0.25;0.169492
Asus_ORIGINAL;Apple_ORIGINAL;False;0.384615;0.25;0.169492
Asus_ORIGINAL;Apple_ORIGINAL;False;0.384615;0.25;0.169492
Asus_ORIGINAL;Apple_ORIGINAL;False;0.384615;0.25;0.169492
Asus_ORIGINAL;Apple_ORIGINAL;False;0.384615;0.25;0.169492
Asus_ORIGINAL;Apple_ORIGINAL;False;0.384615;0.25;0.169492
Asus_ORIGINAL;Apple_ORIGINAL;False;0.384615;0.25;0.169492
Asus_ORIGINAL;Apple_ORIGINAL;False;0.384615;0.25;0.169492
Asus_ORIGINAL;Apple_ORIGINAL;False;0.384615;0.25;0.169492
Asus_ORIGINAL;Apple_ORIGINAL;False;0.384615;0.25;0.169492
Asus_ORIGINAL;Apple_ORIGINAL;False;0.384615;0.25;0.169492
Asus_ORIGINAL;Apple_ORIGINAL;False;0.384615;0.25;0.169492
Asus_ORIGINAL;Apple_ORIGINAL;False;0.384615;0.25;0.169492
Asus_ORIGINAL;Apple_ORIGINAL;False;0.384615;0.25;0.169492
Asus_ORIGINAL;Apple_ORIGINAL;False;0.384615;0.25;0.169492
Asus_ORIGINAL;Apple_ORIGINAL;False;0.384615;0.25;0.169492
Asus_ORIGINAL;Apple_ORIGINAL;False;0.384615;0.25;0.169492
Asus_ORIGINAL;Apple_ORIGINAL;False;0.384615;0.25;0.169492
Asus_ORIGINAL;Apple_ORIGINAL;False;0.384615;0.25;0.169492
Asus_ORIGINAL;Apple_ORIGINAL;False;0.384615;0.25;0.169492
Asus_ORIGINAL;Sony_ORIGINAL;False;0.8;0.708333;0.652174
Asus_ORIGINAL;Sony_ORIGINAL;False;0.8;0.708333;0.652174
Asus_ORIGINAL;Sony_ORIGINAL;False;0.8;0.708333;0.652174
Asus_ORIGINAL;Sony_ORIGINAL;False;0.8;0.708333;0.652174
Asus_ORIGINAL;Sony_ORIGINAL;False;0.8;0.708333;0.652174
Asus_ORIGINAL;Sony_ORIGINAL;False;0.8;0.708333;0.652174
Asus_ORIGINAL;Sony_ORIGINAL;False;0.8;0.708333;0.652174
Asus_ORIGINAL;Sony_ORIGINAL;False;0.8;0.708333;0.652174
Asus_ORIGINAL;Sony_ORIGINAL;False;0.8;0.708333;0.652174
Asus_ORIGINAL;Sony_ORIGINAL;False;0.8;0.708333;0.652174
Asus_ORIGINAL;Sony_ORIGINAL;False;0.8;0.708333;0.652174
Asus_ORIGINAL;Sony_ORIGINAL;False;0.8;0.708333;0.652174
Asus_ORIGINAL;Sony_ORIGINAL;False;0.8;0.708333;0.652174
Asus_ORIGINAL;Sony_ORIGINAL;False;0.8;0.708333;0.652174
Asus_ORIGINAL;Sony_ORIGINAL;False;0.8;0.708333;0.652174
Asus_ORIGINAL;Sony_ORIGINAL;False;0.8;0.708333;0.652174
Asus_ORIGINAL;Samsung_ORIGINAL;False;0.866667;0.78125;0.705882
Asus_ORIGINAL;Samsung_ORIGINAL;False;0.8125;0.735294;0.666667
Asus_ORIGINAL;Samsung_ORIGINAL;False;0.866667;0.78125;0.705882
Asus_ORIGINAL;Samsung_ORIGINAL;False;0.866667;0.78125;0.705882
Asus_ORIGINAL;Samsung_ORIGINAL;False;0.866667;0.78125;0.705882
Asus_ORIGINAL;Samsung_ORIGINAL;False;0.866667;0.78125;0.705882
Asus_ORIGINAL;Samsung_ORIGINAL;False;0.866667;0.78125;0.705882
Asus_ORIGINAL;Samsung_ORIGINAL;False;0.866667;0.78125;0.705882
Asus_ORIGINAL;Samsung_ORIGINAL;False;0.866667;0.78125;0.705882
Asus_ORIGINAL;Samsung_ORIGINAL;False;0.8125;0.735294;0.666667
Asus_ORIGINAL;Samsung_ORIGINAL;False;0.866667;0.78125;0.705882
Asus_ORIGINAL;Samsung_ORIGINAL;False;0.866667;0.78125;0.705882
Asus_ORIGINAL;Samsung_ORIGINAL;False;0.866667;0.78125;0.705882
Asus_ORIGINAL;Samsung_ORIGINAL;False;0.866667;0.78125;0.705882
Asus_ORIGINAL;Samsung_ORIGINAL;False;0.866667;0.78125;0.705882
Asus_ORIGINAL;Samsung_ORIGINAL;False;0.866667;0.78125;0.705882
Asus_ORIGINAL;Apple_ORIGINAL;False;0.4;0.245283;0.145455
Asus_ORIGINAL;Apple_ORIGINAL;False;0.4;0.245283;0.145455
Asus_ORIGINAL;Apple_ORIGINAL;False;0.4;0.245283;0.145455
Asus_ORIGINAL;Apple_ORIGINAL;False;0.4;0.245283;0.145455
Asus_ORIGINAL;Apple_ORIGINAL;False;0.4;0.245283;0.145455
Asus_ORIGINAL;Apple_ORIGINAL;False;0.4;0.245283;0.145455
Asus_ORIGINAL;Apple_ORIGINAL;False;0.4;0.245283;0.145455
Asus_ORIGINAL;Apple_ORIGINAL;False;0.4;0.245283;0.145455
Asus_ORIGINAL;Apple_ORIGINAL;False;0.4;0.245283;0.145455
Asus_ORIGINAL;Apple_ORIGINAL;False;0.4;0.245283;0.145455
Asus_ORIGINAL;Apple_ORIGINAL;False;0.4;0.245283;0.145455
Asus_ORIGINAL;Apple_ORIGINAL;False;0.4;0.245283;0.145455
Asus_ORIGINAL;Apple_ORIGINAL;False;0.408163;0.25;0.148148
Asus_ORIGINAL;Apple_ORIGINAL;False;0.408163;0.25;0.148148
Asus_ORIGINAL;Apple_ORIGINAL;False;0.408163;0.25;0.148148
Asus_ORIGINAL;Apple_ORIGINAL;False;0.408163;0.25;0.148148
Asus_ORIGINAL;Apple_ORIGINAL;False;0.408163;0.25;0.148148
Asus_ORIGINAL;Apple_ORIGINAL;False;0.408163;0.25;0.148148
Asus_ORIGINAL;Apple_ORIGINAL;False;0.408163;0.25;0.148148
Asus_ORIGINAL;Apple_ORIGINAL;False;0.408163;0.25;0.148148
Asus_ORIGINAL;Apple_ORIGINAL;False;0.408163;0.25;0.148148
Asus_ORIGINAL;Apple_ORIGINAL;False;0.408163;0.25;0.148148
Asus_ORIGINAL;Apple_ORIGINAL;False;0.408163;0.25;0.148148
Asus_ORIGINAL;Apple_ORIGINAL;False;0.408163;0.25;0.148148
Asus_ORIGINAL;Apple_ORIGINAL;False;0.408163;0.25;0.148148
Asus_ORIGINAL;Apple_ORIGINAL;False;0.408163;0.25;0.148148
Asus_ORIGINAL;Apple_ORIGINAL;False;0.408163;0.25;0.148148
Asus_ORIGINAL;Apple_ORIGINAL;False;0.408163;0.25;0.148148
Asus_ORIGINAL;Apple_ORIGINAL;False;0.408163;0.25;0.148148
Asus_ORIGINAL;Apple_ORIGINAL;False;0.408163;0.25;0.148148
Asus_ORIGINAL;Apple_ORIGINAL;False;0.408163;0.25;0.148148
Asus_ORIGINAL;Apple_ORIGINAL;False;0.408163;0.25;0.148148
Asus_ORIGINAL;Apple_ORIGINAL;False;0.408163;0.25;0.148148
Asus_ORIGINAL;Apple_ORIGINAL;False;0.408163;0.25;0.148148
Asus_ORIGINAL;Apple_ORIGINAL;False;0.408163;0.25;0.148148
Asus_ORIGINAL;Apple_ORIGINAL;False;0.408163;0.25;0.148148
Asus_ORIGINAL;Apple_ORIGINAL;False;0.408163;0.25;0.148148
Asus_ORIGINAL;Apple_ORIGINAL;False;0.408163;0.25;0.148148
Asus_ORIGINAL;Apple_ORIGINAL;False;0.408163;0.25;0.148148
Asus_ORIGINAL;Apple_ORIGINAL;False;0.408163;0.25;0.148148
Asus_ORIGINAL;Apple_ORIGINAL;False;0.408163;0.25;0.148148
Asus_ORIGINAL;Huawei_ORIGINAL;False;0.8125;0.735294;0.666667
Asus_ORIGINAL;Huawei_ORIGINAL;False;0.8125;0.735294;0.666667
Asus_ORIGINAL;Huawei_ORIGINAL;False;0.8125;0.735294;0.666667
Asus_ORIGINAL;Huawei_ORIGINAL;False;0.8125;0.735294;0.666667
Asus_ORIGINAL;Huawei_ORIGINAL;False;0.8125;0.735294;0.666667
Asus_ORIGINAL;Huawei_ORIGINAL;False;0.8125;0.735294;0.666667
Asus_ORIGINAL;Huawei_ORIGINAL;False;0.8125;0.735294;0.666667
Asus_ORIGINAL;Huawei_ORIGINAL;False;0.8125;0.735294;0.666667
Asus_ORIGINAL;Huawei_ORIGINAL;False;0.8125;0.735294;0.666667
Asus_ORIGINAL;Huawei_ORIGINAL;False;0.8125;0.735294;0.666667
Asus_ORIGINAL;Huawei_ORIGINAL;False;0.8125;0.735294;0.666667
Asus_ORIGINAL;Huawei_ORIGINAL;False;0.8125;0.735294;0.666667
Asus_ORIGINAL;Huawei_ORIGINAL;False;0.8125;0.735294;0.666667
Asus_ORIGINAL;Huawei_ORIGINAL;False;0.8125;0.735294;0.666667
Asus_ORIGINAL;Huawei_ORIGINAL;False;0.8125;0.735294;0.666667
Asus_ORIGINAL;Huawei_ORIGINAL;False;0.8125;0.735294;0.666667
Asus_ORIGINAL;OnePlus_ORIGINAL;False;0.857143;0.783784;0.717949
Asus_ORIGINAL;OnePlus_ORIGINAL;False;0.857143;0.783784;0.717949
Asus_ORIGINAL;OnePlus_ORIGINAL;False;0.857143;0.783784;0.717949
Asus_ORIGINAL;OnePlus_ORIGINAL;False;0.857143;0.783784;0.717949
Asus_ORIGINAL;OnePlus_ORIGINAL;False;0.857143;0.783784;0.717949
Asus_ORIGINAL;OnePlus_ORIGINAL;False;0.857143;0.783784;0.717949
Asus_ORIGINAL;OnePlus_ORIGINAL;False;0.857143;0.783784;0.717949
Asus_ORIGINAL;OnePlus_ORIGINAL;False;0.857143;0.783784;0.717949
Asus_ORIGINAL;OnePlus_ORIGINAL;False;0.857143;0.783784;0.717949
Asus_ORIGINAL;OnePlus_ORIGINAL;False;0.857143;0.783784;0.717949
Asus_ORIGINAL;OnePlus_ORIGINAL;False;0.857143;0.783784;0.717949
Asus_ORIGINAL;OnePlus_ORIGINAL;False;0.857143;0.783784;0.717949
Asus_ORIGINAL;OnePlus_ORIGINAL;False;0.857143;0.783784;0.717949
Asus_ORIGINAL;OnePlus_ORIGINAL;False;0.857143;0.783784;0.717949
Asus_ORIGINAL;OnePlus_ORIGINAL;False;0.783784;0.692308;0.609756
Asus_ORIGINAL;OnePlus_ORIGINAL;False;0.783784;0.692308;0.609756
Asus_ORIGINAL;Samsung_ORIGINAL;False;0.75;0.705882;0.694444
Asus_ORIGINAL;Samsung_ORIGINAL;False;0.75;0.705882;0.694444
Asus_ORIGINAL;Samsung_ORIGINAL;False;0.75;0.705882;0.694444
Asus_ORIGINAL;Samsung_ORIGINAL;False;0.75;0.705882;0.694444
Asus_ORIGINAL;Samsung_ORIGINAL;False;0.75;0.705882;0.694444
Asus_ORIGINAL;Samsung_ORIGINAL;False;0.75;0.705882;0.694444
Asus_ORIGINAL;Samsung_ORIGINAL;False;0.75;0.705882;0.694444
Asus_ORIGINAL;Samsung_ORIGINAL;False;0.75;0.705882;0.694444
Asus_ORIGINAL;Samsung_ORIGINAL;False;0.75;0.705882;0.694444
Asus_ORIGINAL;Samsung_ORIGINAL;False;0.75;0.705882;0.694444
Asus_ORIGINAL;Samsung_ORIGINAL;False;0.75;0.705882;0.694444
Asus_ORIGINAL;Samsung_ORIGINAL;False;0.75;0.705882;0.694444
Asus_ORIGINAL;Samsung_ORIGINAL;False;0.75;0.705882;0.694444
Asus_ORIGINAL;Samsung_ORIGINAL;False;0.75;0.705882;0.694444
Asus_ORIGINAL;Samsung_ORIGINAL;False;0.75;0.705882;0.694444
Asus_ORIGINAL;Samsung_ORIGINAL;False;0.75;0.705882;0.694444
Asus_ORIGINAL;Huawei_ORIGINAL;False;1.0;1.0;1.0
Asus_ORIGINAL;Huawei_ORIGINAL;False;1.0;1.0;1.0
Asus_ORIGINAL;Huawei_ORIGINAL;False;1.0;1.0;1.0
Asus_ORIGINAL;Huawei_ORIGINAL;False;1.0;1.0;1.0
Asus_ORIGINAL;Huawei_ORIGINAL;False;1.0;1.0;1.0
Asus_ORIGINAL;Huawei_ORIGINAL;False;1.0;1.0;1.0
Asus_ORIGINAL;Huawei_ORIGINAL;False;1.0;1.0;1.0
Asus_ORIGINAL;Huawei_ORIGINAL;False;1.0;1.0;1.0
Asus_ORIGINAL;Huawei_ORIGINAL;False;1.0;1.0;1.0
Asus_ORIGINAL;Huawei_ORIGINAL;False;1.0;1.0;1.0
Asus_ORIGINAL;Huawei_ORIGINAL;False;1.0;1.0;1.0
Asus_ORIGINAL;Huawei_ORIGINAL;False;1.0;1.0;1.0
Asus_ORIGINAL;Huawei_ORIGINAL;False;1.0;1.0;1.0
Asus_ORIGINAL;Huawei_ORIGINAL;False;1.0;1.0;1.0
Asus_ORIGINAL;Huawei_ORIGINAL;False;1.0;1.0;1.0
Asus_ORIGINAL;Huawei_ORIGINAL;False;1.0;1.0;1.0
Asus_ORIGINAL;Apple_ORIGINAL;False;0.392157;0.22807;0.129032
Asus_ORIGINAL;Apple_ORIGINAL;False;0.392157;0.22807;0.129032
Asus_ORIGINAL;Apple_ORIGINAL;False;0.392157;0.22807;0.129032
Asus_ORIGINAL;Apple_ORIGINAL;False;0.392157;0.22807;0.129032
Asus_ORIGINAL;Apple_ORIGINAL;False;0.392157;0.22807;0.129032
Asus_ORIGINAL;Apple_ORIGINAL;False;0.392157;0.22807;0.129032
Asus_ORIGINAL;Apple_ORIGINAL;False;0.392157;0.22807;0.129032
Asus_ORIGINAL;Apple_ORIGINAL;False;0.392157;0.22807;0.129032
Asus_ORIGINAL;Apple_ORIGINAL;False;0.392157;0.22807;0.129032
Asus_ORIGINAL;Apple_ORIGINAL;False;0.392157;0.22807;0.129032
Asus_ORIGINAL;Apple_ORIGINAL;False;0.392157;0.22807;0.129032
Asus_ORIGINAL;Apple_ORIGINAL;False;0.392157;0.22807;0.129032
Asus_ORIGINAL;Apple_ORIGINAL;False;0.392157;0.22807;0.129032
Asus_ORIGINAL;Apple_ORIGINAL;False;0.392157;0.22807;0.129032
Asus_ORIGINAL;Apple_ORIGINAL;False;0.392157;0.22807;0.129032
Asus_ORIGINAL;Apple_ORIGINAL;False;0.392157;0.22807;0.129032
Asus_ORIGINAL;Huawei_ORIGINAL;False;1.0;1.0;1.0
Asus_ORIGINAL;Huawei_ORIGINAL;False;1.0;1.0;1.0
Asus_ORIGINAL;Huawei_ORIGINAL;False;1.0;1.0;1.0
Asus_ORIGINAL;Huawei_ORIGINAL;False;1.0;1.0;1.0
Asus_ORIGINAL;Huawei_ORIGINAL;False;1.0;1.0;1.0
Asus_ORIGINAL;Huawei_ORIGINAL;False;1.0;1.0;1.0
Asus_ORIGINAL;Huawei_ORIGINAL;False;1.0;1.0;1.0
Asus_ORIGINAL;Huawei_ORIGINAL;False;1.0;1.0;1.0
Asus_ORIGINAL;Huawei_ORIGINAL;False;1.0;1.0;1.0
Asus_ORIGINAL;Huawei_ORIGINAL;False;1.0;1.0;1.0
Asus_ORIGINAL;Huawei_ORIGINAL;False;1.0;1.0;1.0
Asus_ORIGINAL;Huawei_ORIGINAL;False;1.0;1.0;1.0
Asus_ORIGINAL;Huawei_ORIGINAL;False;1.0;1.0;1.0
Asus_ORIGINAL;Huawei_ORIGINAL;False;1.0;1.0;1.0
Asus_ORIGINAL;Huawei_ORIGINAL;False;1.0;1.0;1.0
Asus_ORIGINAL;Huawei_ORIGINAL;False;1.0;1.0;1.0
Asus_ORIGINAL;Samsung_ORIGINAL;False;0.727273;0.685714;0.675676
Asus_ORIGINAL;Samsung_ORIGINAL;False;0.727273;0.685714;0.675676
Asus_ORIGINAL;Samsung_ORIGINAL;False;0.727273;0.685714;0.675676
Asus_ORIGINAL;Samsung_ORIGINAL;False;0.705882;0.666667;0.657895
Asus_ORIGINAL;Samsung_ORIGINAL;False;0.705882;0.666667;0.657895
Asus_ORIGINAL;Samsung_ORIGINAL;False;0.705882;0.666667;0.657895
Asus_ORIGINAL;Samsung_ORIGINAL;False;0.705882;0.666667;0.657895
Asus_ORIGINAL;Samsung_ORIGINAL;False;0.705882;0.666667;0.657895
Asus_ORIGINAL;Samsung_ORIGINAL;False;0.727273;0.685714;0.675676
Asus_ORIGINAL;Samsung_ORIGINAL;False;0.727273;0.685714;0.675676
Asus_ORIGINAL;Samsung_ORIGINAL;False;0.727273;0.685714;0.675676
Asus_ORIGINAL;Samsung_ORIGINAL;False;0.727273;0.685714;0.675676
Asus_ORIGINAL;Samsung_ORIGINAL;False;0.727273;0.685714;0.675676
Huawei_ORIGINAL;Samsung_ORIGINAL;False;0.806452;0.757576;0.714286
Huawei_ORIGINAL;Samsung_ORIGINAL;False;0.806452;0.757576;0.714286
Huawei_ORIGINAL;Samsung_ORIGINAL;False;0.806452;0.757576;0.714286
Huawei_ORIGINAL;Samsung_ORIGINAL;False;0.806452;0.757576;0.714286
Huawei_ORIGINAL;Samsung_ORIGINAL;False;0.806452;0.757576;0.714286
Huawei_ORIGINAL;Samsung_ORIGINAL;False;0.806452;0.757576;0.714286
Huawei_ORIGINAL;Samsung_ORIGINAL;False;0.806452;0.757576;0.714286
Huawei_ORIGINAL;Samsung_ORIGINAL;False;0.806452;0.757576;0.714286
Huawei_ORIGINAL;Samsung_ORIGINAL;False;0.806452;0.757576;0.714286
Huawei_ORIGINAL;Samsung_ORIGINAL;False;0.806452;0.757576;0.714286
Huawei_ORIGINAL;Samsung_ORIGINAL;False;0.806452;0.757576;0.714286
Huawei_ORIGINAL;Samsung_ORIGINAL;False;0.806452;0.757576;0.714286
Huawei_ORIGINAL;Samsung_ORIGINAL;False;0.806452;0.757576;0.714286
Huawei_ORIGINAL;Samsung_ORIGINAL;False;0.806452;0.757576;0.714286
Huawei_ORIGINAL;Samsung_ORIGINAL;False;0.806452;0.757576;0.714286
Huawei_ORIGINAL;Samsung_ORIGINAL;False;0.806452;0.757576;0.714286
Huawei_ORIGINAL;Samsung_ORIGINAL;False;0.806452;0.757576;0.714286
Huawei_ORIGINAL;Samsung_ORIGINAL;False;0.806452;0.757576;0.714286
Huawei_ORIGINAL;Samsung_ORIGINAL;False;0.806452;0.757576;0.714286
Huawei_ORIGINAL;Apple_ORIGINAL;False;0.384615;0.25;0.169492
Huawei_ORIGINAL;Apple_ORIGINAL;False;0.377358;0.245614;0.166667
Huawei_ORIGINAL;Apple_ORIGINAL;False;0.377358;0.245614;0.166667
Huawei_ORIGINAL;Apple_ORIGINAL;False;0.377358;0.245614;0.166667
Huawei_ORIGINAL;Apple_ORIGINAL;False;0.377358;0.245614;0.166667
Huawei_ORIGINAL;Apple_ORIGINAL;False;0.377358;0.245614;0.166667
Huawei_ORIGINAL;Apple_ORIGINAL;False;0.377358;0.245614;0.166667
Huawei_ORIGINAL;Apple_ORIGINAL;False;0.377358;0.245614;0.166667
Huawei_ORIGINAL;Apple_ORIGINAL;False;0.377358;0.245614;0.166667
Huawei_ORIGINAL;Apple_ORIGINAL;False;0.377358;0.245614;0.166667
Huawei_ORIGINAL;Huawei_ORIGINAL;True;1.0;1.0;1.0
Huawei_ORIGINAL;Huawei_ORIGINAL;True;1.0;1.0;1.0
Huawei_ORIGINAL;Huawei_ORIGINAL;True;1.0;1.0;1.0
Huawei_ORIGINAL;Huawei_ORIGINAL;True;1.0;1.0;1.0
Huawei_ORIGINAL;Huawei_ORIGINAL;True;1.0;1.0;1.0
Huawei_ORIGINAL;Huawei_ORIGINAL;True;1.0;1.0;1.0
Huawei_ORIGINAL;Huawei_ORIGINAL;True;1.0;1.0;1.0
Huawei_ORIGINAL;Huawei_ORIGINAL;True;1.0;1.0;1.0
Huawei_ORIGINAL;Huawei_ORIGINAL;True;1.0;1.0;1.0
Huawei_ORIGINAL;Huawei_ORIGINAL;True;1.0;1.0;1.0
Huawei_ORIGINAL;Huawei_ORIGINAL;True;1.0;1.0;1.0
Huawei_ORIGINAL;Huawei_ORIGINAL;True;1.0;1.0;1.0
Huawei_ORIGINAL;Huawei_ORIGINAL;True;1.0;1.0;1.0
Huawei_ORIGINAL;Huawei_ORIGINAL;True;1.0;1.0;1.0
Huawei_ORIGINAL;Huawei_ORIGINAL;True;1.0;1.0;1.0
Huawei_ORIGINAL;Huawei_ORIGINAL;True;1.0;1.0;1.0
Huawei_ORIGINAL;LG_ORIGINAL;False;0.9375;0.911765;0.888889
Huawei_ORIGINAL;LG_ORIGINAL;False;0.9375;0.911765;0.888889
Huawei_ORIGINAL;LG_ORIGINAL;False;0.9375;0.911765;0.888889
Huawei_ORIGINAL;LG_ORIGINAL;False;0.9375;0.911765;0.888889
Huawei_ORIGINAL;LG_ORIGINAL;False;0.9375;0.911765;0.888889
Huawei_ORIGINAL;LG_ORIGINAL;False;0.9375;0.911765;0.888889
Huawei_ORIGINAL;LG_ORIGINAL;False;0.9375;0.911765;0.888889
Huawei_ORIGINAL;LG_ORIGINAL;False;0.9375;0.911765;0.888889
Huawei_ORIGINAL;LG_ORIGINAL;False;0.9375;0.911765;0.888889
Huawei_ORIGINAL;LG_ORIGINAL;False;0.9375;0.911765;0.888889
Huawei_ORIGINAL;LG_ORIGINAL;False;0.9375;0.911765;0.888889
Huawei_ORIGINAL;LG_ORIGINAL;False;0.9375;0.911765;0.888889
Huawei_ORIGINAL;LG_ORIGINAL;False;0.9375;0.911765;0.888889
Huawei_ORIGINAL;LG_ORIGINAL;False;0.9375;0.911765;0.888889
Huawei_ORIGINAL;LG_ORIGINAL;False;0.9375;0.911765;0.888889
Huawei_ORIGINAL;LG_ORIGINAL;False;0.9375;0.911765;0.888889
Huawei_ORIGINAL;Apple_ORIGINAL;False;0.392157;0.22807;0.129032
Huawei_ORIGINAL;Apple_ORIGINAL;False;0.392157;0.22807;0.129032
Huawei_ORIGINAL;Apple_ORIGINAL;False;0.392157;0.22807;0.129032
Huawei_ORIGINAL;Apple_ORIGINAL;False;0.392157;0.22807;0.129032
Huawei_ORIGINAL;Apple_ORIGINAL;False;0.392157;0.22807;0.129032
Huawei_ORIGINAL;Apple_ORIGINAL;False;0.392157;0.22807;0.129032
Huawei_ORIGINAL;Apple_ORIGINAL;False;0.392157;0.22807;0.129032
Huawei_ORIGINAL;Apple_ORIGINAL;False;0.392157;0.22807;0.129032
Huawei_ORIGINAL;Apple_ORIGINAL;False;0.392157;0.22807;0.129032
Huawei_ORIGINAL;Apple_ORIGINAL;False;0.392157;0.22807;0.129032
Huawei_ORIGINAL;Apple_ORIGINAL;False;0.392157;0.22807;0.129032
Huawei_ORIGINAL;Apple_ORIGINAL;False;0.392157;0.22807;0.129032
Huawei_ORIGINAL;Apple_ORIGINAL;False;0.392157;0.22807;0.129032
Huawei_ORIGINAL;Apple_ORIGINAL;False;0.392157;0.22807;0.129032
Huawei_ORIGINAL;Apple_ORIGINAL;False;0.392157;0.22807;0.129032
Huawei_ORIGINAL;Apple_ORIGINAL;False;0.392157;0.22807;0.129032
Huawei_ORIGINAL;Apple_ORIGINAL;False;0.4;0.245283;0.145455
Huawei_ORIGINAL;Apple_ORIGINAL;False;0.4;0.245283;0.145455
Huawei_ORIGINAL;Apple_ORIGINAL;False;0.4;0.245283;0.145455
Huawei_ORIGINAL;Apple_ORIGINAL;False;0.4;0.245283;0.145455
Huawei_ORIGINAL;Apple_ORIGINAL;False;0.4;0.245283;0.145455
Huawei_ORIGINAL;Apple_ORIGINAL;False;0.4;0.245283;0.145455
Huawei_ORIGINAL;Apple_ORIGINAL;False;0.4;0.245283;0.145455
Huawei_ORIGINAL;Apple_ORIGINAL;False;0.4;0.245283;0.145455
Huawei_ORIGINAL;Apple_ORIGINAL;False;0.4;0.245283;0.145455
Huawei_ORIGINAL;Apple_ORIGINAL;False;0.4;0.245283;0.145455
Huawei_ORIGINAL;Apple_ORIGINAL;False;0.4;0.245283;0.145455
Huawei_ORIGINAL;Apple_ORIGINAL;False;0.4;0.245283;0.145455
Huawei_ORIGINAL;Apple_ORIGINAL;False;0.4;0.245283;0.145455
Huawei_ORIGINAL;Apple_ORIGINAL;False;0.4;0.245283;0.145455
Huawei_ORIGINAL;Samsung_ORIGINAL;False;0.78125;0.735294;0.694444
Huawei_ORIGINAL;Samsung_ORIGINAL;False;0.78125;0.735294;0.694444
Huawei_ORIGINAL;Samsung_ORIGINAL;False;0.78125;0.735294;0.694444
Huawei_ORIGINAL;Samsung_ORIGINAL;False;0.78125;0.735294;0.694444
Huawei_ORIGINAL;Samsung_ORIGINAL;False;0.78125;0.735294;0.694444
Huawei_ORIGINAL;Samsung_ORIGINAL;False;0.78125;0.735294;0.694444
Huawei_ORIGINAL;Samsung_ORIGINAL;False;0.78125;0.735294;0.694444
Huawei_ORIGINAL;Samsung_ORIGINAL;False;0.78125;0.735294;0.694444
Huawei_ORIGINAL;Samsung_ORIGINAL;False;0.78125;0.735294;0.694444
Huawei_ORIGINAL;Samsung_ORIGINAL;False;0.78125;0.735294;0.694444
Huawei_ORIGINAL;Samsung_ORIGINAL;False;0.78125;0.735294;0.694444
Huawei_ORIGINAL;Samsung_ORIGINAL;False;0.78125;0.735294;0.694444
Huawei_ORIGINAL;Samsung_ORIGINAL;False;0.78125;0.735294;0.694444
Huawei_ORIGINAL;Samsung_ORIGINAL;False;0.78125;0.735294;0.694444
Huawei_ORIGINAL;Samsung_ORIGINAL;False;0.78125;0.735294;0.694444
Huawei_ORIGINAL;Samsung_ORIGINAL;False;0.78125;0.735294;0.694444
Huawei_ORIGINAL;Samsung_ORIGINAL;False;0.78125;0.735294;0.694444
Huawei_ORIGINAL;Samsung_ORIGINAL;False;0.78125;0.735294;0.694444
Huawei_ORIGINAL;Samsung_ORIGINAL;False;0.78125;0.735294;0.694444
Huawei_ORIGINAL;Samsung_ORIGINAL;False;0.78125;0.735294;0.694444
Huawei_ORIGINAL;Samsung_ORIGINAL;False;0.78125;0.735294;0.694444
Huawei_ORIGINAL;Samsung_ORIGINAL;False;0.78125;0.735294;0.694444
Huawei_ORIGINAL;Samsung_ORIGINAL;False;0.78125;0.735294;0.694444
Huawei_ORIGINAL;Samsung_ORIGINAL;False;0.78125;0.735294;0.694444
Huawei_ORIGINAL;Samsung_ORIGINAL;False;0.78125;0.735294;0.694444
Huawei_ORIGINAL;Samsung_ORIGINAL;False;0.78125;0.735294;0.694444
Huawei_ORIGINAL;Samsung_ORIGINAL;False;0.78125;0.735294;0.694444
Huawei_ORIGINAL;Samsung_ORIGINAL;False;0.78125;0.735294;0.694444
Huawei_ORIGINAL;Samsung_ORIGINAL;False;0.78125;0.735294;0.694444
Huawei_ORIGINAL;Samsung_ORIGINAL;False;0.78125;0.735294;0.694444
Huawei_ORIGINAL;Samsung_ORIGINAL;False;0.78125;0.735294;0.694444
Huawei_ORIGINAL;Samsung_ORIGINAL;False;0.78125;0.735294;0.694444
Huawei_ORIGINAL;Samsung_ORIGINAL;False;0.78125;0.735294;0.694444
Huawei_ORIGINAL;Samsung_ORIGINAL;False;0.78125;0.735294;0.694444
Huawei_ORIGINAL;Apple_ORIGINAL;False;0.377358;0.245614;0.166667
Huawei_ORIGINAL;Apple_ORIGINAL;False;0.377358;0.245614;0.166667
Huawei_ORIGINAL;Apple_ORIGINAL;False;0.377358;0.245614;0.166667
Huawei_ORIGINAL;Apple_ORIGINAL;False;0.377358;0.245614;0.166667
Huawei_ORIGINAL;Apple_ORIGINAL;False;0.377358;0.245614;0.166667
Huawei_ORIGINAL;Apple_ORIGINAL;False;0.377358;0.245614;0.166667
Huawei_ORIGINAL;Apple_ORIGINAL;False;0.384615;0.25;0.169492
Huawei_ORIGINAL;Apple_ORIGINAL;False;0.377358;0.245614;0.166667
Huawei_ORIGINAL;Apple_ORIGINAL;False;0.377358;0.245614;0.166667
Huawei_ORIGINAL;Apple_ORIGINAL;False;0.377358;0.245614;0.166667
Huawei_ORIGINAL;Apple_ORIGINAL;False;0.377358;0.245614;0.166667
Huawei_ORIGINAL;Apple_ORIGINAL;False;0.377358;0.245614;0.166667
Huawei_ORIGINAL;Apple_ORIGINAL;False;0.377358;0.245614;0.166667
Huawei_ORIGINAL;Apple_ORIGINAL;False;0.377358;0.245614;0.166667
Huawei_ORIGINAL;Apple_ORIGINAL;False;0.377358;0.245614;0.166667
Huawei_ORIGINAL;Apple_ORIGINAL;False;0.377358;0.245614;0.166667
Huawei_ORIGINAL;Samsung_ORIGINAL;False;0.805556;0.763158;0.725
Huawei_ORIGINAL;Samsung_ORIGINAL;False;0.805556;0.763158;0.725
Huawei_ORIGINAL;Samsung_ORIGINAL;False;0.805556;0.763158;0.725
Huawei_ORIGINAL;Samsung_ORIGINAL;False;0.805556;0.763158;0.725
Huawei_ORIGINAL;Samsung_ORIGINAL;False;0.805556;0.763158;0.725
Huawei_ORIGINAL;Samsung_ORIGINAL;False;0.805556;0.763158;0.725
Huawei_ORIGINAL;Samsung_ORIGINAL;False;0.805556;0.763158;0.725
Huawei_ORIGINAL;Samsung_ORIGINAL;False;0.805556;0.763158;0.725
Huawei_ORIGINAL;Samsung_ORIGINAL;False;0.805556;0.763158;0.725
Huawei_ORIGINAL;Samsung_ORIGINAL;False;0.805556;0.763158;0.725
Huawei_ORIGINAL;Samsung_ORIGINAL;False;0.805556;0.763158;0.725
Huawei_ORIGINAL;Samsung_ORIGINAL;False;0.805556;0.763158;0.725
Huawei_ORIGINAL;Samsung_ORIGINAL;False;0.805556;0.763158;0.725
Huawei_ORIGINAL;Samsung_ORIGINAL;False;0.805556;0.763158;0.725
Huawei_ORIGINAL;Samsung_ORIGINAL;False;0.805556;0.763158;0.725
Huawei_ORIGINAL;Samsung_ORIGINAL;False;0.805556;0.763158;0.725
Huawei_ORIGINAL;Samsung_ORIGINAL;False;0.806452;0.757576;0.714286
Huawei_ORIGINAL;Samsung_ORIGINAL;False;0.806452;0.757576;0.714286
Huawei_ORIGINAL;Samsung_ORIGINAL;False;0.806452;0.757576;0.714286
Huawei_ORIGINAL;Samsung_ORIGINAL;False;0.806452;0.757576;0.714286
Huawei_ORIGINAL;Samsung_ORIGINAL;False;0.806452;0.757576;0.714286
Huawei_ORIGINAL;Samsung_ORIGINAL;False;0.806452;0.757576;0.714286
Huawei_ORIGINAL;Samsung_ORIGINAL;False;0.806452;0.757576;0.714286
Huawei_ORIGINAL;Samsung_ORIGINAL;False;0.806452;0.757576;0.714286
Huawei_ORIGINAL;Samsung_ORIGINAL;False;0.806452;0.757576;0.714286
Huawei_ORIGINAL;Samsung_ORIGINAL;False;0.806452;0.757576;0.714286
Huawei_ORIGINAL;Samsung_ORIGINAL;False;0.806452;0.757576;0.714286
Huawei_ORIGINAL;Samsung_ORIGINAL;False;0.806452;0.757576;0.714286
Huawei_ORIGINAL;Samsung_ORIGINAL;False;0.806452;0.757576;0.714286
Huawei_ORIGINAL;OnePlus_ORIGINAL;False;0.942857;0.918919;0.897436
Huawei_ORIGINAL;OnePlus_ORIGINAL;False;0.942857;0.918919;0.897436
Huawei_ORIGINAL;OnePlus_ORIGINAL;False;0.942857;0.918919;0.897436
Huawei_ORIGINAL;OnePlus_ORIGINAL;False;0.942857;0.918919;0.897436
Huawei_ORIGINAL;OnePlus_ORIGINAL;False;0.942857;0.918919;0.897436
Huawei_ORIGINAL;OnePlus_ORIGINAL;False;0.942857;0.918919;0.897436
Huawei_ORIGINAL;OnePlus_ORIGINAL;False;0.942857;0.918919;0.897436
Huawei_ORIGINAL;OnePlus_ORIGINAL;False;0.942857;0.918919;0.897436
Huawei_ORIGINAL;OnePlus_ORIGINAL;False;0.942857;0.918919;0.897436
Huawei_ORIGINAL;OnePlus_ORIGINAL;False;0.942857;0.918919;0.897436
Huawei_ORIGINAL;OnePlus_ORIGINAL;False;0.942857;0.918919;0.897436
Huawei_ORIGINAL;OnePlus_ORIGINAL;False;0.942857;0.918919;0.897436
Huawei_ORIGINAL;OnePlus_ORIGINAL;False;0.942857;0.918919;0.897436
Huawei_ORIGINAL;OnePlus_ORIGINAL;False;0.942857;0.918919;0.897436
Huawei_ORIGINAL;OnePlus_ORIGINAL;False;0.942857;0.918919;0.897436
Huawei_ORIGINAL;OnePlus_ORIGINAL;False;0.942857;0.918919;0.897436
Huawei_ORIGINAL;Xiaomi_ORIGINAL;False;1.0;1.0;1.0
Huawei_ORIGINAL;Xiaomi_ORIGINAL;False;0.972222;0.947368;0.925
Huawei_ORIGINAL;Xiaomi_ORIGINAL;False;0.972222;0.947368;0.925
Huawei_ORIGINAL;Xiaomi_ORIGINAL;False;0.972222;0.947368;0.925
Huawei_ORIGINAL;Xiaomi_ORIGINAL;False;0.972222;0.947368;0.925
Huawei_ORIGINAL;Xiaomi_ORIGINAL;False;1.0;1.0;1.0
Huawei_ORIGINAL;Xiaomi_ORIGINAL;False;1.0;1.0;1.0
Huawei_ORIGINAL;Xiaomi_ORIGINAL;False;1.0;1.0;1.0
Huawei_ORIGINAL;Xiaomi_ORIGINAL;False;1.0;1.0;1.0
Huawei_ORIGINAL;Xiaomi_ORIGINAL;False;0.972222;0.947368;0.925
Huawei_ORIGINAL;Xiaomi_ORIGINAL;False;1.0;1.0;1.0
Huawei_ORIGINAL;Xiaomi_ORIGINAL;False;0.972222;0.947368;0.925
Huawei_ORIGINAL;Xiaomi_ORIGINAL;False;0.972222;0.947368;0.925
Huawei_ORIGINAL;Xiaomi_ORIGINAL;False;0.972222;0.947368;0.925
Huawei_ORIGINAL;Xiaomi_ORIGINAL;False;0.972222;0.947368;0.925
Huawei_ORIGINAL;Xiaomi_ORIGINAL;False;0.972222;0.947368;0.925
Huawei_ORIGINAL;Asus_ORIGINAL;False;1.0;1.0;1.0
Huawei_ORIGINAL;Asus_ORIGINAL;False;1.0;1.0;1.0
Huawei_ORIGINAL;Asus_ORIGINAL;False;1.0;1.0;1.0
Huawei_ORIGINAL;Asus_ORIGINAL;False;1.0;1.0;1.0
Huawei_ORIGINAL;Asus_ORIGINAL;False;1.0;1.0;1.0
Huawei_ORIGINAL;Asus_ORIGINAL;False;1.0;1.0;1.0
Huawei_ORIGINAL;Asus_ORIGINAL;False;1.0;1.0;1.0
Huawei_ORIGINAL;Asus_ORIGINAL;False;1.0;1.0;1.0
Huawei_ORIGINAL;Asus_ORIGINAL;False;1.0;1.0;1.0
Huawei_ORIGINAL;Asus_ORIGINAL;False;1.0;1.0;1.0
Huawei_ORIGINAL;Asus_ORIGINAL;False;1.0;1.0;1.0
Huawei_ORIGINAL;Asus_ORIGINAL;False;1.0;1.0;1.0
Huawei_ORIGINAL;Asus_ORIGINAL;False;1.0;1.0;1.0
Huawei_ORIGINAL;Asus_ORIGINAL;False;1.0;1.0;1.0
Huawei_ORIGINAL;Asus_ORIGINAL;False;1.0;1.0;1.0
Huawei_ORIGINAL;Asus_ORIGINAL;False;1.0;1.0;1.0
Huawei_ORIGINAL;Samsung_ORIGINAL;False;0.806452;0.757576;0.714286
Huawei_ORIGINAL;Samsung_ORIGINAL;False;0.806452;0.757576;0.714286
Huawei_ORIGINAL;Samsung_ORIGINAL;False;0.806452;0.757576;0.714286
Huawei_ORIGINAL;Samsung_ORIGINAL;False;0.806452;0.757576;0.714286
Huawei_ORIGINAL;Samsung_ORIGINAL;False;0.806452;0.757576;0.714286
Huawei_ORIGINAL;Samsung_ORIGINAL;False;0.806452;0.757576;0.714286
Huawei_ORIGINAL;Samsung_ORIGINAL;False;0.806452;0.757576;0.714286
Huawei_ORIGINAL;Samsung_ORIGINAL;False;0.806452;0.757576;0.714286
Huawei_ORIGINAL;Samsung_ORIGINAL;False;0.806452;0.757576;0.714286
Huawei_ORIGINAL;Samsung_ORIGINAL;False;0.806452;0.757576;0.714286
Huawei_ORIGINAL;Samsung_ORIGINAL;False;0.806452;0.757576;0.714286
Huawei_ORIGINAL;Samsung_ORIGINAL;False;0.806452;0.757576;0.714286
Huawei_ORIGINAL;Samsung_ORIGINAL;False;0.806452;0.757576;0.714286
Huawei_ORIGINAL;Wiko_ORIGINAL;False;0.966667;0.9375;0.911765
Huawei_ORIGINAL;Wiko_ORIGINAL;False;0.966667;0.9375;0.911765
Huawei_ORIGINAL;Wiko_ORIGINAL;False;0.966667;0.9375;0.911765
Huawei_ORIGINAL;Wiko_ORIGINAL;False;0.966667;0.9375;0.911765
Huawei_ORIGINAL;Wiko_ORIGINAL;False;0.966667;0.9375;0.911765
Huawei_ORIGINAL;Wiko_ORIGINAL;False;0.966667;0.9375;0.911765
Huawei_ORIGINAL;Wiko_ORIGINAL;False;0.966667;0.9375;0.911765
Huawei_ORIGINAL;Wiko_ORIGINAL;False;0.966667;0.9375;0.911765
Huawei_ORIGINAL;Apple_ORIGINAL;False;0.4;0.245283;0.145455
Huawei_ORIGINAL;Apple_ORIGINAL;False;0.4;0.245283;0.145455
Huawei_ORIGINAL;Apple_ORIGINAL;False;0.4;0.245283;0.145455
Huawei_ORIGINAL;Apple_ORIGINAL;False;0.408163;0.25;0.148148
Huawei_ORIGINAL;Apple_ORIGINAL;False;0.408163;0.25;0.148148
Huawei_ORIGINAL;Apple_ORIGINAL;False;0.408163;0.25;0.148148
Huawei_ORIGINAL;Apple_ORIGINAL;False;0.408163;0.25;0.148148
Huawei_ORIGINAL;Apple_ORIGINAL;False;0.408163;0.25;0.148148
Huawei_ORIGINAL;Apple_ORIGINAL;False;0.408163;0.25;0.148148
Huawei_ORIGINAL;Apple_ORIGINAL;False;0.4;0.245283;0.145455
Huawei_ORIGINAL;Apple_ORIGINAL;False;0.408163;0.25;0.148148
Huawei_ORIGINAL;Apple_ORIGINAL;False;0.4;0.245283;0.145455
Huawei_ORIGINAL;Apple_ORIGINAL;False;0.408163;0.25;0.148148
Huawei_ORIGINAL;Apple_ORIGINAL;False;0.363636;0.234043;0.142857
Huawei_ORIGINAL;Apple_ORIGINAL;False;0.392157;0.22807;0.129032
Huawei_ORIGINAL;Apple_ORIGINAL;False;0.392157;0.22807;0.129032
Huawei_ORIGINAL;Apple_ORIGINAL;False;0.392157;0.22807;0.129032
Huawei_ORIGINAL;Apple_ORIGINAL;False;0.392157;0.22807;0.129032
Huawei_ORIGINAL;Apple_ORIGINAL;False;0.392157;0.22807;0.129032
Huawei_ORIGINAL;Apple_ORIGINAL;False;0.392157;0.22807;0.129032
Huawei_ORIGINAL;Apple_ORIGINAL;False;0.392157;0.22807;0.129032
Huawei_ORIGINAL;Apple_ORIGINAL;False;0.392157;0.22807;0.129032
Huawei_ORIGINAL;Apple_ORIGINAL;False;0.392157;0.22807;0.129032
Huawei_ORIGINAL;Apple_ORIGINAL;False;0.392157;0.22807;0.129032
Huawei_ORIGINAL;Apple_ORIGINAL;False;0.392157;0.22807;0.129032
Huawei_ORIGINAL;Apple_ORIGINAL;False;0.392157;0.22807;0.129032
Huawei_ORIGINAL;Apple_ORIGINAL;False;0.392157;0.22807;0.129032
Huawei_ORIGINAL;Apple_ORIGINAL;False;0.392157;0.22807;0.129032
Huawei_ORIGINAL;Apple_ORIGINAL;False;0.392157;0.22807;0.129032
Huawei_ORIGINAL;Apple_ORIGINAL;False;0.4;0.245283;0.145455
Huawei_ORIGINAL;Apple_ORIGINAL;False;0.4;0.245283;0.145455
Huawei_ORIGINAL;Apple_ORIGINAL;False;0.4;0.245283;0.145455
Huawei_ORIGINAL;Apple_ORIGINAL;False;0.4;0.245283;0.145455
Huawei_ORIGINAL;Apple_ORIGINAL;False;0.4;0.245283;0.145455
Huawei_ORIGINAL;Apple_ORIGINAL;False;0.4;0.245283;0.145455
Huawei_ORIGINAL;Apple_ORIGINAL;False;0.4;0.245283;0.145455
Huawei_ORIGINAL;Apple_ORIGINAL;False;0.4;0.245283;0.145455
Huawei_ORIGINAL;Apple_ORIGINAL;False;0.4;0.245283;0.145455
Huawei_ORIGINAL;Apple_ORIGINAL;False;0.4;0.245283;0.145455
Huawei_ORIGINAL;Microsoft_ORIGINAL;False;0.578947;0.487805;0.465116
Huawei_ORIGINAL;Microsoft_ORIGINAL;False;0.636364;0.555556;0.526316
Huawei_ORIGINAL;Microsoft_ORIGINAL;False;0.578947;0.487805;0.465116
Huawei_ORIGINAL;Microsoft_ORIGINAL;False;0.578947;0.487805;0.465116
Huawei_ORIGINAL;Microsoft_ORIGINAL;False;0.578947;0.487805;0.465116
Huawei_ORIGINAL;Microsoft_ORIGINAL;False;0.578947;0.487805;0.465116
Huawei_ORIGINAL;Microsoft_ORIGINAL;False;0.578947;0.487805;0.465116
Huawei_ORIGINAL;Huawei_ORIGINAL;True;1.0;1.0;1.0
Huawei_ORIGINAL;Huawei_ORIGINAL;True;1.0;1.0;1.0
Huawei_ORIGINAL;Huawei_ORIGINAL;True;1.0;1.0;1.0
Huawei_ORIGINAL;Huawei_ORIGINAL;True;1.0;1.0;1.0
Huawei_ORIGINAL;Huawei_ORIGINAL;True;1.0;1.0;1.0
Huawei_ORIGINAL;Huawei_ORIGINAL;True;1.0;1.0;1.0
Huawei_ORIGINAL;Huawei_ORIGINAL;True;1.0;1.0;1.0
Huawei_ORIGINAL;Huawei_ORIGINAL;True;1.0;1.0;1.0
Huawei_ORIGINAL;Huawei_ORIGINAL;True;1.0;1.0;1.0
Huawei_ORIGINAL;Huawei_ORIGINAL;True;1.0;1.0;1.0
Huawei_ORIGINAL;Huawei_ORIGINAL;True;1.0;1.0;1.0
Huawei_ORIGINAL;Huawei_ORIGINAL;True;1.0;1.0;1.0
Huawei_ORIGINAL;Huawei_ORIGINAL;True;1.0;1.0;1.0
Huawei_ORIGINAL;Huawei_ORIGINAL;True;1.0;1.0;1.0
Huawei_ORIGINAL;Huawei_ORIGINAL;True;1.0;1.0;1.0
Huawei_ORIGINAL;Huawei_ORIGINAL;True;1.0;1.0;1.0
Huawei_ORIGINAL;Apple_ORIGINAL;False;0.392157;0.22807;0.129032
Huawei_ORIGINAL;Apple_ORIGINAL;False;0.392157;0.22807;0.129032
Huawei_ORIGINAL;Apple_ORIGINAL;False;0.392157;0.22807;0.129032
Huawei_ORIGINAL;Apple_ORIGINAL;False;0.392157;0.22807;0.129032
Huawei_ORIGINAL;Apple_ORIGINAL;False;0.392157;0.22807;0.129032
Huawei_ORIGINAL;Apple_ORIGINAL;False;0.392157;0.22807;0.129032
Huawei_ORIGINAL;Apple_ORIGINAL;False;0.392157;0.22807;0.129032
Huawei_ORIGINAL;Apple_ORIGINAL;False;0.392157;0.22807;0.129032
Huawei_ORIGINAL;Apple_ORIGINAL;False;0.392157;0.22807;0.129032
Huawei_ORIGINAL;Apple_ORIGINAL;False;0.392157;0.22807;0.129032
Huawei_ORIGINAL;Apple_ORIGINAL;False;0.392157;0.22807;0.129032
Huawei_ORIGINAL;Apple_ORIGINAL;False;0.392157;0.22807;0.129032
Huawei_ORIGINAL;Apple_ORIGINAL;False;0.392157;0.22807;0.129032
Huawei_ORIGINAL;Apple_ORIGINAL;False;0.392157;0.22807;0.129032
Huawei_ORIGINAL;Apple_ORIGINAL;False;0.392157;0.22807;0.129032
Huawei_ORIGINAL;Apple_ORIGINAL;False;0.384615;0.25;0.169492
Huawei_ORIGINAL;Apple_ORIGINAL;False;0.384615;0.25;0.169492
Huawei_ORIGINAL;Apple_ORIGINAL;False;0.384615;0.25;0.169492
Huawei_ORIGINAL;Apple_ORIGINAL;False;0.384615;0.25;0.169492
Huawei_ORIGINAL;Apple_ORIGINAL;False;0.384615;0.25;0.169492
Huawei_ORIGINAL;Apple_ORIGINAL;False;0.384615;0.25;0.169492
Huawei_ORIGINAL;Apple_ORIGINAL;False;0.384615;0.25;0.169492
Huawei_ORIGINAL;Apple_ORIGINAL;False;0.384615;0.25;0.169492
Huawei_ORIGINAL;Apple_ORIGINAL;False;0.384615;0.25;0.169492
Huawei_ORIGINAL;Apple_ORIGINAL;False;0.384615;0.25;0.169492
Huawei_ORIGINAL;Apple_ORIGINAL;False;0.384615;0.25;0.169492
Huawei_ORIGINAL;Apple_ORIGINAL;False;0.384615;0.25;0.169492
Huawei_ORIGINAL;Apple_ORIGINAL;False;0.384615;0.25;0.169492
Huawei_ORIGINAL;Apple_ORIGINAL;False;0.384615;0.25;0.169492
Huawei_ORIGINAL;Apple_ORIGINAL;False;0.384615;0.25;0.169492
Huawei_ORIGINAL;Apple_ORIGINAL;False;0.384615;0.25;0.169492
Huawei_ORIGINAL;Apple_ORIGINAL;False;0.384615;0.25;0.169492
Huawei_ORIGINAL;Apple_ORIGINAL;False;0.384615;0.25;0.169492
Huawei_ORIGINAL;Apple_ORIGINAL;False;0.384615;0.25;0.169492
Huawei_ORIGINAL;Apple_ORIGINAL;False;0.384615;0.25;0.169492
Huawei_ORIGINAL;Apple_ORIGINAL;False;0.384615;0.25;0.169492
Huawei_ORIGINAL;Apple_ORIGINAL;False;0.384615;0.25;0.169492
Huawei_ORIGINAL;Apple_ORIGINAL;False;0.384615;0.25;0.169492
Huawei_ORIGINAL;Apple_ORIGINAL;False;0.384615;0.25;0.169492
Huawei_ORIGINAL;Apple_ORIGINAL;False;0.384615;0.25;0.169492
Huawei_ORIGINAL;Apple_ORIGINAL;False;0.384615;0.25;0.169492
Huawei_ORIGINAL;Apple_ORIGINAL;False;0.384615;0.25;0.169492
Huawei_ORIGINAL;Apple_ORIGINAL;False;0.384615;0.25;0.169492
Huawei_ORIGINAL;Apple_ORIGINAL;False;0.384615;0.25;0.169492
Huawei_ORIGINAL;Sony_ORIGINAL;False;0.88;0.833333;0.782609
Huawei_ORIGINAL;Sony_ORIGINAL;False;0.88;0.833333;0.782609
Huawei_ORIGINAL;Sony_ORIGINAL;False;0.88;0.833333;0.782609
Huawei_ORIGINAL;Sony_ORIGINAL;False;0.88;0.833333;0.782609
Huawei_ORIGINAL;Sony_ORIGINAL;False;0.88;0.833333;0.782609
Huawei_ORIGINAL;Sony_ORIGINAL;False;0.88;0.833333;0.782609
Huawei_ORIGINAL;Sony_ORIGINAL;False;0.88;0.833333;0.782609
Huawei_ORIGINAL;Sony_ORIGINAL;False;0.88;0.833333;0.782609
Huawei_ORIGINAL;Sony_ORIGINAL;False;0.88;0.833333;0.782609
Huawei_ORIGINAL;Sony_ORIGINAL;False;0.88;0.833333;0.782609
Huawei_ORIGINAL;Sony_ORIGINAL;False;0.88;0.833333;0.782609
Huawei_ORIGINAL;Sony_ORIGINAL;False;0.88;0.833333;0.782609
Huawei_ORIGINAL;Sony_ORIGINAL;False;0.88;0.833333;0.782609
Huawei_ORIGINAL;Sony_ORIGINAL;False;0.88;0.833333;0.782609
Huawei_ORIGINAL;Sony_ORIGINAL;False;0.88;0.833333;0.782609
Huawei_ORIGINAL;Sony_ORIGINAL;False;0.88;0.833333;0.782609
Huawei_ORIGINAL;Samsung_ORIGINAL;False;0.966667;0.9375;0.911765
Huawei_ORIGINAL;Samsung_ORIGINAL;False;1.0;1.0;1.0
Huawei_ORIGINAL;Samsung_ORIGINAL;False;0.966667;0.9375;0.911765
Huawei_ORIGINAL;Samsung_ORIGINAL;False;0.966667;0.9375;0.911765
Huawei_ORIGINAL;Samsung_ORIGINAL;False;0.966667;0.9375;0.911765
Huawei_ORIGINAL;Samsung_ORIGINAL;False;0.966667;0.9375;0.911765
Huawei_ORIGINAL;Samsung_ORIGINAL;False;0.966667;0.9375;0.911765
Huawei_ORIGINAL;Samsung_ORIGINAL;False;0.966667;0.9375;0.911765
Huawei_ORIGINAL;Samsung_ORIGINAL;False;0.966667;0.9375;0.911765
Huawei_ORIGINAL;Samsung_ORIGINAL;False;1.0;1.0;1.0
Huawei_ORIGINAL;Samsung_ORIGINAL;False;0.966667;0.9375;0.911765
Huawei_ORIGINAL;Samsung_ORIGINAL;False;0.966667;0.9375;0.911765
Huawei_ORIGINAL;Samsung_ORIGINAL;False;0.966667;0.9375;0.911765
Huawei_ORIGINAL;Samsung_ORIGINAL;False;0.966667;0.9375;0.911765
Huawei_ORIGINAL;Samsung_ORIGINAL;False;0.966667;0.9375;0.911765
Huawei_ORIGINAL;Samsung_ORIGINAL;False;0.966667;0.9375;0.911765
Huawei_ORIGINAL;Apple_ORIGINAL;False;0.4;0.245283;0.145455
Huawei_ORIGINAL;Apple_ORIGINAL;False;0.4;0.245283;0.145455
Huawei_ORIGINAL;Apple_ORIGINAL;False;0.4;0.245283;0.145455
Huawei_ORIGINAL;Apple_ORIGINAL;False;0.4;0.245283;0.145455
Huawei_ORIGINAL;Apple_ORIGINAL;False;0.4;0.245283;0.145455
Huawei_ORIGINAL;Apple_ORIGINAL;False;0.4;0.245283;0.145455
Huawei_ORIGINAL;Apple_ORIGINAL;False;0.4;0.245283;0.145455
Huawei_ORIGINAL;Apple_ORIGINAL;False;0.4;0.245283;0.145455
Huawei_ORIGINAL;Apple_ORIGINAL;False;0.4;0.245283;0.145455
Huawei_ORIGINAL;Apple_ORIGINAL;False;0.4;0.245283;0.145455
Huawei_ORIGINAL;Apple_ORIGINAL;False;0.4;0.245283;0.145455
Huawei_ORIGINAL;Apple_ORIGINAL;False;0.4;0.245283;0.145455
Huawei_ORIGINAL;Apple_ORIGINAL;False;0.408163;0.25;0.148148
Huawei_ORIGINAL;Apple_ORIGINAL;False;0.408163;0.25;0.148148
Huawei_ORIGINAL;Apple_ORIGINAL;False;0.408163;0.25;0.148148
Huawei_ORIGINAL;Apple_ORIGINAL;False;0.408163;0.25;0.148148
Huawei_ORIGINAL;Apple_ORIGINAL;False;0.408163;0.25;0.148148
Huawei_ORIGINAL;Apple_ORIGINAL;False;0.408163;0.25;0.148148
Huawei_ORIGINAL;Apple_ORIGINAL;False;0.408163;0.25;0.148148
Huawei_ORIGINAL;Apple_ORIGINAL;False;0.408163;0.25;0.148148
Huawei_ORIGINAL;Apple_ORIGINAL;False;0.408163;0.25;0.148148
Huawei_ORIGINAL;Apple_ORIGINAL;False;0.408163;0.25;0.148148
Huawei_ORIGINAL;Apple_ORIGINAL;False;0.408163;0.25;0.148148
Huawei_ORIGINAL;Apple_ORIGINAL;False;0.408163;0.25;0.148148
Huawei_ORIGINAL;Apple_ORIGINAL;False;0.408163;0.25;0.148148
Huawei_ORIGINAL;Apple_ORIGINAL;False;0.408163;0.25;0.148148
Huawei_ORIGINAL;Apple_ORIGINAL;False;0.408163;0.25;0.148148
Huawei_ORIGINAL;Apple_ORIGINAL;False;0.408163;0.25;0.148148
Huawei_ORIGINAL;Apple_ORIGINAL;False;0.408163;0.25;0.148148
Huawei_ORIGINAL;Apple_ORIGINAL;False;0.408163;0.25;0.148148
Huawei_ORIGINAL;Apple_ORIGINAL;False;0.408163;0.25;0.148148
Huawei_ORIGINAL;Apple_ORIGINAL;False;0.408163;0.25;0.148148
Huawei_ORIGINAL;Apple_ORIGINAL;False;0.408163;0.25;0.148148
Huawei_ORIGINAL;Apple_ORIGINAL;False;0.408163;0.25;0.148148
Huawei_ORIGINAL;Apple_ORIGINAL;False;0.408163;0.25;0.148148
Huawei_ORIGINAL;Apple_ORIGINAL;False;0.408163;0.25;0.148148
Huawei_ORIGINAL;Apple_ORIGINAL;False;0.408163;0.25;0.148148
Huawei_ORIGINAL;Apple_ORIGINAL;False;0.408163;0.25;0.148148
Huawei_ORIGINAL;Apple_ORIGINAL;False;0.408163;0.25;0.148148
Huawei_ORIGINAL;Apple_ORIGINAL;False;0.408163;0.25;0.148148
Huawei_ORIGINAL;Apple_ORIGINAL;False;0.408163;0.25;0.148148
Huawei_ORIGINAL;Huawei_ORIGINAL;True;1.0;1.0;1.0
Huawei_ORIGINAL;Huawei_ORIGINAL;True;1.0;1.0;1.0
Huawei_ORIGINAL;Huawei_ORIGINAL;True;1.0;1.0;1.0
Huawei_ORIGINAL;Huawei_ORIGINAL;True;1.0;1.0;1.0
Huawei_ORIGINAL;Huawei_ORIGINAL;True;1.0;1.0;1.0
Huawei_ORIGINAL;Huawei_ORIGINAL;True;1.0;1.0;1.0
Huawei_ORIGINAL;Huawei_ORIGINAL;True;1.0;1.0;1.0
Huawei_ORIGINAL;Huawei_ORIGINAL;True;1.0;1.0;1.0
Huawei_ORIGINAL;Huawei_ORIGINAL;True;1.0;1.0;1.0
Huawei_ORIGINAL;Huawei_ORIGINAL;True;1.0;1.0;1.0
Huawei_ORIGINAL;Huawei_ORIGINAL;True;1.0;1.0;1.0
Huawei_ORIGINAL;Huawei_ORIGINAL;True;1.0;1.0;1.0
Huawei_ORIGINAL;Huawei_ORIGINAL;True;1.0;1.0;1.0
Huawei_ORIGINAL;Huawei_ORIGINAL;True;1.0;1.0;1.0
Huawei_ORIGINAL;Huawei_ORIGINAL;True;1.0;1.0;1.0
Huawei_ORIGINAL;Huawei_ORIGINAL;True;1.0;1.0;1.0
Huawei_ORIGINAL;OnePlus_ORIGINAL;False;0.942857;0.918919;0.897436
Huawei_ORIGINAL;OnePlus_ORIGINAL;False;0.942857;0.918919;0.897436
Huawei_ORIGINAL;OnePlus_ORIGINAL;False;0.942857;0.918919;0.897436
Huawei_ORIGINAL;OnePlus_ORIGINAL;False;0.942857;0.918919;0.897436
Huawei_ORIGINAL;OnePlus_ORIGINAL;False;0.942857;0.918919;0.897436
Huawei_ORIGINAL;OnePlus_ORIGINAL;False;0.942857;0.918919;0.897436
Huawei_ORIGINAL;OnePlus_ORIGINAL;False;0.942857;0.918919;0.897436
Huawei_ORIGINAL;OnePlus_ORIGINAL;False;0.942857;0.918919;0.897436
Huawei_ORIGINAL;OnePlus_ORIGINAL;False;0.942857;0.918919;0.897436
Huawei_ORIGINAL;OnePlus_ORIGINAL;False;0.942857;0.918919;0.897436
Huawei_ORIGINAL;OnePlus_ORIGINAL;False;0.942857;0.918919;0.897436
Huawei_ORIGINAL;OnePlus_ORIGINAL;False;0.942857;0.918919;0.897436
Huawei_ORIGINAL;OnePlus_ORIGINAL;False;0.942857;0.918919;0.897436
Huawei_ORIGINAL;OnePlus_ORIGINAL;False;0.942857;0.918919;0.897436
Huawei_ORIGINAL;OnePlus_ORIGINAL;False;0.918919;0.871795;0.829268
Huawei_ORIGINAL;OnePlus_ORIGINAL;False;0.918919;0.871795;0.829268
Huawei_ORIGINAL;Samsung_ORIGINAL;False;0.78125;0.735294;0.694444
Huawei_ORIGINAL;Samsung_ORIGINAL;False;0.78125;0.735294;0.694444
Huawei_ORIGINAL;Samsung_ORIGINAL;False;0.78125;0.735294;0.694444
Huawei_ORIGINAL;Samsung_ORIGINAL;False;0.78125;0.735294;0.694444
Huawei_ORIGINAL;Samsung_ORIGINAL;False;0.78125;0.735294;0.694444
Huawei_ORIGINAL;Samsung_ORIGINAL;False;0.78125;0.735294;0.694444
Huawei_ORIGINAL;Samsung_ORIGINAL;False;0.78125;0.735294;0.694444
Huawei_ORIGINAL;Samsung_ORIGINAL;False;0.78125;0.735294;0.694444
Huawei_ORIGINAL;Samsung_ORIGINAL;False;0.78125;0.735294;0.694444
Huawei_ORIGINAL;Samsung_ORIGINAL;False;0.78125;0.735294;0.694444
Huawei_ORIGINAL;Samsung_ORIGINAL;False;0.78125;0.735294;0.694444
Huawei_ORIGINAL;Samsung_ORIGINAL;False;0.78125;0.735294;0.694444
Huawei_ORIGINAL;Samsung_ORIGINAL;False;0.78125;0.735294;0.694444
Huawei_ORIGINAL;Samsung_ORIGINAL;False;0.78125;0.735294;0.694444
Huawei_ORIGINAL;Samsung_ORIGINAL;False;0.78125;0.735294;0.694444
Huawei_ORIGINAL;Samsung_ORIGINAL;False;0.78125;0.735294;0.694444
Huawei_ORIGINAL;Huawei_ORIGINAL;True;1.0;1.0;1.0
Huawei_ORIGINAL;Huawei_ORIGINAL;True;1.0;1.0;1.0
Huawei_ORIGINAL;Huawei_ORIGINAL;True;1.0;1.0;1.0
Huawei_ORIGINAL;Huawei_ORIGINAL;True;1.0;1.0;1.0
Huawei_ORIGINAL;Huawei_ORIGINAL;True;1.0;1.0;1.0
Huawei_ORIGINAL;Huawei_ORIGINAL;True;1.0;1.0;1.0
Huawei_ORIGINAL;Huawei_ORIGINAL;True;1.0;1.0;1.0
Huawei_ORIGINAL;Huawei_ORIGINAL;True;1.0;1.0;1.0
Huawei_ORIGINAL;Huawei_ORIGINAL;True;1.0;1.0;1.0
Huawei_ORIGINAL;Huawei_ORIGINAL;True;1.0;1.0;1.0
Huawei_ORIGINAL;Huawei_ORIGINAL;True;1.0;1.0;1.0
Huawei_ORIGINAL;Huawei_ORIGINAL;True;1.0;1.0;1.0
Huawei_ORIGINAL;Huawei_ORIGINAL;True;1.0;1.0;1.0
Huawei_ORIGINAL;Huawei_ORIGINAL;True;1.0;1.0;1.0
Huawei_ORIGINAL;Huawei_ORIGINAL;True;1.0;1.0;1.0
Huawei_ORIGINAL;Huawei_ORIGINAL;True;1.0;1.0;1.0
Huawei_ORIGINAL;Apple_ORIGINAL;False;0.392157;0.22807;0.129032
Huawei_ORIGINAL;Apple_ORIGINAL;False;0.392157;0.22807;0.129032
Huawei_ORIGINAL;Apple_ORIGINAL;False;0.392157;0.22807;0.129032
Huawei_ORIGINAL;Apple_ORIGINAL;False;0.392157;0.22807;0.129032
Huawei_ORIGINAL;Apple_ORIGINAL;False;0.392157;0.22807;0.129032
Huawei_ORIGINAL;Apple_ORIGINAL;False;0.392157;0.22807;0.129032
Huawei_ORIGINAL;Apple_ORIGINAL;False;0.392157;0.22807;0.129032
Huawei_ORIGINAL;Apple_ORIGINAL;False;0.392157;0.22807;0.129032
Huawei_ORIGINAL;Apple_ORIGINAL;False;0.392157;0.22807;0.129032
Huawei_ORIGINAL;Apple_ORIGINAL;False;0.392157;0.22807;0.129032
Huawei_ORIGINAL;Apple_ORIGINAL;False;0.392157;0.22807;0.129032
Huawei_ORIGINAL;Apple_ORIGINAL;False;0.392157;0.22807;0.129032
Huawei_ORIGINAL;Apple_ORIGINAL;False;0.392157;0.22807;0.129032
Huawei_ORIGINAL;Apple_ORIGINAL;False;0.392157;0.22807;0.129032
Huawei_ORIGINAL;Apple_ORIGINAL;False;0.392157;0.22807;0.129032
Huawei_ORIGINAL;Apple_ORIGINAL;False;0.392157;0.22807;0.129032
Huawei_ORIGINAL;Huawei_ORIGINAL;True;1.0;1.0;1.0
Huawei_ORIGINAL;Huawei_ORIGINAL;True;1.0;1.0;1.0
Huawei_ORIGINAL;Huawei_ORIGINAL;True;1.0;1.0;1.0
Huawei_ORIGINAL;Huawei_ORIGINAL;True;1.0;1.0;1.0
Huawei_ORIGINAL;Huawei_ORIGINAL;True;1.0;1.0;1.0
Huawei_ORIGINAL;Huawei_ORIGINAL;True;1.0;1.0;1.0
Huawei_ORIGINAL;Huawei_ORIGINAL;True;1.0;1.0;1.0
Huawei_ORIGINAL;Huawei_ORIGINAL;True;1.0;1.0;1.0
Huawei_ORIGINAL;Huawei_ORIGINAL;True;1.0;1.0;1.0
Huawei_ORIGINAL;Huawei_ORIGINAL;True;1.0;1.0;1.0
Huawei_ORIGINAL;Huawei_ORIGINAL;True;1.0;1.0;1.0
Huawei_ORIGINAL;Huawei_ORIGINAL;True;1.0;1.0;1.0
Huawei_ORIGINAL;Huawei_ORIGINAL;True;1.0;1.0;1.0
Huawei_ORIGINAL;Huawei_ORIGINAL;True;1.0;1.0;1.0
Huawei_ORIGINAL;Huawei_ORIGINAL;True;1.0;1.0;1.0
Huawei_ORIGINAL;Huawei_ORIGINAL;True;1.0;1.0;1.0
Huawei_ORIGINAL;Samsung_ORIGINAL;False;0.757576;0.714286;0.675676
Huawei_ORIGINAL;Samsung_ORIGINAL;False;0.757576;0.714286;0.675676
Huawei_ORIGINAL;Samsung_ORIGINAL;False;0.757576;0.714286;0.675676
Huawei_ORIGINAL;Samsung_ORIGINAL;False;0.735294;0.694444;0.657895
Huawei_ORIGINAL;Samsung_ORIGINAL;False;0.735294;0.694444;0.657895
Huawei_ORIGINAL;Samsung_ORIGINAL;False;0.735294;0.694444;0.657895
Huawei_ORIGINAL;Samsung_ORIGINAL;False;0.735294;0.694444;0.657895
Huawei_ORIGINAL;Samsung_ORIGINAL;False;0.735294;0.694444;0.657895
Huawei_ORIGINAL;Samsung_ORIGINAL;False;0.757576;0.714286;0.675676
Huawei_ORIGINAL;Samsung_ORIGINAL;False;0.757576;0.714286;0.675676
Huawei_ORIGINAL;Samsung_ORIGINAL;False;0.757576;0.714286;0.675676
Huawei_ORIGINAL;Samsung_ORIGINAL;False;0.757576;0.714286;0.675676
Huawei_ORIGINAL;Samsung_ORIGINAL;False;0.757576;0.714286;0.675676
LG_ORIGINAL;Samsung_ORIGINAL;False;0.806452;0.757576;0.714286
LG_ORIGINAL;Samsung_ORIGINAL;False;0.806452;0.757576;0.714286
LG_ORIGINAL;Samsung_ORIGINAL;False;0.806452;0.757576;0.714286
LG_ORIGINAL;Samsung_ORIGINAL;False;0.806452;0.757576;0.714286
LG_ORIGINAL;Samsung_ORIGINAL;False;0.806452;0.757576;0.714286
LG_ORIGINAL;Samsung_ORIGINAL;False;0.806452;0.757576;0.714286
LG_ORIGINAL;Samsung_ORIGINAL;False;0.806452;0.757576;0.714286
LG_ORIGINAL;Samsung_ORIGINAL;False;0.806452;0.757576;0.714286
LG_ORIGINAL;Samsung_ORIGINAL;False;0.806452;0.757576;0.714286
LG_ORIGINAL;Samsung_ORIGINAL;False;0.806452;0.757576;0.714286
LG_ORIGINAL;Samsung_ORIGINAL;False;0.806452;0.757576;0.714286
LG_ORIGINAL;Samsung_ORIGINAL;False;0.806452;0.757576;0.714286
LG_ORIGINAL;Samsung_ORIGINAL;False;0.806452;0.757576;0.714286
LG_ORIGINAL;Samsung_ORIGINAL;False;0.806452;0.757576;0.714286
LG_ORIGINAL;Samsung_ORIGINAL;False;0.806452;0.757576;0.714286
LG_ORIGINAL;Samsung_ORIGINAL;False;0.806452;0.757576;0.714286
LG_ORIGINAL;Samsung_ORIGINAL;False;0.806452;0.757576;0.714286
LG_ORIGINAL;Samsung_ORIGINAL;False;0.806452;0.757576;0.714286
LG_ORIGINAL;Samsung_ORIGINAL;False;0.806452;0.757576;0.714286
LG_ORIGINAL;Apple_ORIGINAL;False;0.307692;0.178571;0.118644
LG_ORIGINAL;Apple_ORIGINAL;False;0.301887;0.175439;0.116667
LG_ORIGINAL;Apple_ORIGINAL;False;0.301887;0.175439;0.116667
LG_ORIGINAL;Apple_ORIGINAL;False;0.301887;0.175439;0.116667
LG_ORIGINAL;Apple_ORIGINAL;False;0.301887;0.175439;0.116667
LG_ORIGINAL;Apple_ORIGINAL;False;0.301887;0.175439;0.116667
LG_ORIGINAL;Apple_ORIGINAL;False;0.301887;0.175439;0.116667
LG_ORIGINAL;Apple_ORIGINAL;False;0.301887;0.175439;0.116667
LG_ORIGINAL;Apple_ORIGINAL;False;0.301887;0.175439;0.116667
LG_ORIGINAL;Apple_ORIGINAL;False;0.301887;0.175439;0.116667
LG_ORIGINAL;Huawei_ORIGINAL;False;0.764706;0.694444;0.631579
LG_ORIGINAL;Huawei_ORIGINAL;False;0.764706;0.694444;0.631579
LG_ORIGINAL;Huawei_ORIGINAL;False;0.764706;0.694444;0.631579
LG_ORIGINAL;Huawei_ORIGINAL;False;0.764706;0.694444;0.631579
LG_ORIGINAL;Huawei_ORIGINAL;False;0.764706;0.694444;0.631579
LG_ORIGINAL;Huawei_ORIGINAL;False;0.852941;0.833333;0.815789
LG_ORIGINAL;Huawei_ORIGINAL;False;0.764706;0.694444;0.631579
LG_ORIGINAL;Huawei_ORIGINAL;False;0.764706;0.694444;0.631579
LG_ORIGINAL;Huawei_ORIGINAL;False;0.764706;0.694444;0.631579
LG_ORIGINAL;Huawei_ORIGINAL;False;0.764706;0.694444;0.631579
LG_ORIGINAL;Huawei_ORIGINAL;False;0.764706;0.694444;0.631579
LG_ORIGINAL;Huawei_ORIGINAL;False;0.764706;0.694444;0.631579
LG_ORIGINAL;Huawei_ORIGINAL;False;0.764706;0.694444;0.631579
LG_ORIGINAL;Huawei_ORIGINAL;False;0.764706;0.694444;0.631579
LG_ORIGINAL;Huawei_ORIGINAL;False;0.764706;0.694444;0.631579
LG_ORIGINAL;Huawei_ORIGINAL;False;0.764706;0.694444;0.631579
LG_ORIGINAL;LG_ORIGINAL;True;1.0;1.0;1.0
LG_ORIGINAL;LG_ORIGINAL;True;1.0;1.0;1.0
LG_ORIGINAL;LG_ORIGINAL;True;1.0;1.0;1.0
LG_ORIGINAL;LG_ORIGINAL;True;1.0;1.0;1.0
LG_ORIGINAL;LG_ORIGINAL;True;1.0;1.0;1.0
LG_ORIGINAL;LG_ORIGINAL;True;1.0;1.0;1.0
LG_ORIGINAL;LG_ORIGINAL;True;1.0;1.0;1.0
LG_ORIGINAL;LG_ORIGINAL;True;1.0;1.0;1.0
LG_ORIGINAL;LG_ORIGINAL;True;1.0;1.0;1.0
LG_ORIGINAL;LG_ORIGINAL;True;1.0;1.0;1.0
LG_ORIGINAL;LG_ORIGINAL;True;1.0;1.0;1.0
LG_ORIGINAL;LG_ORIGINAL;True;1.0;1.0;1.0
LG_ORIGINAL;LG_ORIGINAL;True;1.0;1.0;1.0
LG_ORIGINAL;LG_ORIGINAL;True;1.0;1.0;1.0
LG_ORIGINAL;LG_ORIGINAL;True;1.0;1.0;1.0
LG_ORIGINAL;LG_ORIGINAL;True;1.0;1.0;1.0
LG_ORIGINAL;Apple_ORIGINAL;False;0.333333;0.192982;0.112903
LG_ORIGINAL;Apple_ORIGINAL;False;0.333333;0.192982;0.112903
LG_ORIGINAL;Apple_ORIGINAL;False;0.333333;0.192982;0.112903
LG_ORIGINAL;Apple_ORIGINAL;False;0.333333;0.192982;0.112903
LG_ORIGINAL;Apple_ORIGINAL;False;0.333333;0.192982;0.112903
LG_ORIGINAL;Apple_ORIGINAL;False;0.333333;0.192982;0.112903
LG_ORIGINAL;Apple_ORIGINAL;False;0.333333;0.192982;0.112903
LG_ORIGINAL;Apple_ORIGINAL;False;0.333333;0.192982;0.112903
LG_ORIGINAL;Apple_ORIGINAL;False;0.333333;0.192982;0.112903
LG_ORIGINAL;Apple_ORIGINAL;False;0.333333;0.192982;0.112903
LG_ORIGINAL;Apple_ORIGINAL;False;0.333333;0.192982;0.112903
LG_ORIGINAL;Apple_ORIGINAL;False;0.333333;0.192982;0.112903
LG_ORIGINAL;Apple_ORIGINAL;False;0.333333;0.192982;0.112903
LG_ORIGINAL;Apple_ORIGINAL;False;0.333333;0.192982;0.112903
LG_ORIGINAL;Apple_ORIGINAL;False;0.333333;0.192982;0.112903
LG_ORIGINAL;Apple_ORIGINAL;False;0.333333;0.192982;0.112903
LG_ORIGINAL;Apple_ORIGINAL;False;0.34;0.207547;0.127273
LG_ORIGINAL;Apple_ORIGINAL;False;0.34;0.207547;0.127273
LG_ORIGINAL;Apple_ORIGINAL;False;0.34;0.207547;0.127273
LG_ORIGINAL;Apple_ORIGINAL;False;0.34;0.207547;0.127273
LG_ORIGINAL;Apple_ORIGINAL;False;0.34;0.207547;0.127273
LG_ORIGINAL;Apple_ORIGINAL;False;0.34;0.207547;0.127273
LG_ORIGINAL;Apple_ORIGINAL;False;0.34;0.207547;0.127273
LG_ORIGINAL;Apple_ORIGINAL;False;0.34;0.207547;0.127273
LG_ORIGINAL;Apple_ORIGINAL;False;0.34;0.207547;0.127273
LG_ORIGINAL;Apple_ORIGINAL;False;0.34;0.207547;0.127273
LG_ORIGINAL;Apple_ORIGINAL;False;0.34;0.207547;0.127273
LG_ORIGINAL;Apple_ORIGINAL;False;0.34;0.207547;0.127273
LG_ORIGINAL;Apple_ORIGINAL;False;0.34;0.207547;0.127273
LG_ORIGINAL;Apple_ORIGINAL;False;0.34;0.207547;0.127273
LG_ORIGINAL;Samsung_ORIGINAL;False;0.78125;0.735294;0.694444
LG_ORIGINAL;Samsung_ORIGINAL;False;0.78125;0.735294;0.694444
LG_ORIGINAL;Samsung_ORIGINAL;False;0.78125;0.735294;0.694444
LG_ORIGINAL;Samsung_ORIGINAL;False;0.78125;0.735294;0.694444
LG_ORIGINAL;Samsung_ORIGINAL;False;0.78125;0.735294;0.694444
LG_ORIGINAL;Samsung_ORIGINAL;False;0.78125;0.735294;0.694444
LG_ORIGINAL;Samsung_ORIGINAL;False;0.78125;0.735294;0.694444
LG_ORIGINAL;Samsung_ORIGINAL;False;0.78125;0.735294;0.694444
LG_ORIGINAL;Samsung_ORIGINAL;False;0.78125;0.735294;0.694444
LG_ORIGINAL;Samsung_ORIGINAL;False;0.78125;0.735294;0.694444
LG_ORIGINAL;Samsung_ORIGINAL;False;0.78125;0.735294;0.694444
LG_ORIGINAL;Samsung_ORIGINAL;False;0.78125;0.735294;0.694444
LG_ORIGINAL;Samsung_ORIGINAL;False;0.78125;0.735294;0.694444
LG_ORIGINAL;Samsung_ORIGINAL;False;0.78125;0.735294;0.694444
LG_ORIGINAL;Samsung_ORIGINAL;False;0.78125;0.735294;0.694444
LG_ORIGINAL;Samsung_ORIGINAL;False;0.78125;0.735294;0.694444
LG_ORIGINAL;Samsung_ORIGINAL;False;0.78125;0.735294;0.694444
LG_ORIGINAL;Samsung_ORIGINAL;False;0.78125;0.735294;0.694444
LG_ORIGINAL;Samsung_ORIGINAL;False;0.78125;0.735294;0.694444
LG_ORIGINAL;Samsung_ORIGINAL;False;0.78125;0.735294;0.694444
LG_ORIGINAL;Samsung_ORIGINAL;False;0.78125;0.735294;0.694444
LG_ORIGINAL;Samsung_ORIGINAL;False;0.78125;0.735294;0.694444
LG_ORIGINAL;Samsung_ORIGINAL;False;0.78125;0.735294;0.694444
LG_ORIGINAL;Samsung_ORIGINAL;False;0.78125;0.735294;0.694444
LG_ORIGINAL;Samsung_ORIGINAL;False;0.78125;0.735294;0.694444
LG_ORIGINAL;Samsung_ORIGINAL;False;0.78125;0.735294;0.694444
LG_ORIGINAL;Samsung_ORIGINAL;False;0.78125;0.735294;0.694444
LG_ORIGINAL;Samsung_ORIGINAL;False;0.78125;0.735294;0.694444
LG_ORIGINAL;Samsung_ORIGINAL;False;0.78125;0.735294;0.694444
LG_ORIGINAL;Samsung_ORIGINAL;False;0.78125;0.735294;0.694444
LG_ORIGINAL;Samsung_ORIGINAL;False;0.78125;0.735294;0.694444
LG_ORIGINAL;Samsung_ORIGINAL;False;0.78125;0.735294;0.694444
LG_ORIGINAL;Samsung_ORIGINAL;False;0.78125;0.735294;0.694444
LG_ORIGINAL;Samsung_ORIGINAL;False;0.78125;0.735294;0.694444
LG_ORIGINAL;Apple_ORIGINAL;False;0.301887;0.175439;0.116667
LG_ORIGINAL;Apple_ORIGINAL;False;0.301887;0.175439;0.116667
LG_ORIGINAL;Apple_ORIGINAL;False;0.301887;0.175439;0.116667
LG_ORIGINAL;Apple_ORIGINAL;False;0.301887;0.175439;0.116667
LG_ORIGINAL;Apple_ORIGINAL;False;0.301887;0.175439;0.116667
LG_ORIGINAL;Apple_ORIGINAL;False;0.301887;0.175439;0.116667
LG_ORIGINAL;Apple_ORIGINAL;False;0.307692;0.178571;0.118644
LG_ORIGINAL;Apple_ORIGINAL;False;0.301887;0.175439;0.116667
LG_ORIGINAL;Apple_ORIGINAL;False;0.301887;0.175439;0.116667
LG_ORIGINAL;Apple_ORIGINAL;False;0.301887;0.175439;0.116667
LG_ORIGINAL;Apple_ORIGINAL;False;0.301887;0.175439;0.116667
LG_ORIGINAL;Apple_ORIGINAL;False;0.301887;0.175439;0.116667
LG_ORIGINAL;Apple_ORIGINAL;False;0.301887;0.175439;0.116667
LG_ORIGINAL;Apple_ORIGINAL;False;0.301887;0.175439;0.116667
LG_ORIGINAL;Apple_ORIGINAL;False;0.301887;0.175439;0.116667
LG_ORIGINAL;Apple_ORIGINAL;False;0.301887;0.175439;0.116667
LG_ORIGINAL;Samsung_ORIGINAL;False;0.694444;0.657895;0.625
LG_ORIGINAL;Samsung_ORIGINAL;False;0.694444;0.657895;0.625
LG_ORIGINAL;Samsung_ORIGINAL;False;0.694444;0.657895;0.625
LG_ORIGINAL;Samsung_ORIGINAL;False;0.694444;0.657895;0.625
LG_ORIGINAL;Samsung_ORIGINAL;False;0.694444;0.657895;0.625
LG_ORIGINAL;Samsung_ORIGINAL;False;0.694444;0.657895;0.625
LG_ORIGINAL;Samsung_ORIGINAL;False;0.694444;0.657895;0.625
LG_ORIGINAL;Samsung_ORIGINAL;False;0.694444;0.657895;0.625
LG_ORIGINAL;Samsung_ORIGINAL;False;0.694444;0.657895;0.625
LG_ORIGINAL;Samsung_ORIGINAL;False;0.694444;0.657895;0.625
LG_ORIGINAL;Samsung_ORIGINAL;False;0.694444;0.657895;0.625
LG_ORIGINAL;Samsung_ORIGINAL;False;0.694444;0.657895;0.625
LG_ORIGINAL;Samsung_ORIGINAL;False;0.694444;0.657895;0.625
LG_ORIGINAL;Samsung_ORIGINAL;False;0.694444;0.657895;0.625
LG_ORIGINAL;Samsung_ORIGINAL;False;0.694444;0.657895;0.625
LG_ORIGINAL;Samsung_ORIGINAL;False;0.694444;0.657895;0.625
LG_ORIGINAL;Samsung_ORIGINAL;False;0.806452;0.757576;0.714286
LG_ORIGINAL;Samsung_ORIGINAL;False;0.806452;0.757576;0.714286
LG_ORIGINAL;Samsung_ORIGINAL;False;0.806452;0.757576;0.714286
LG_ORIGINAL;Samsung_ORIGINAL;False;0.806452;0.757576;0.714286
LG_ORIGINAL;Samsung_ORIGINAL;False;0.806452;0.757576;0.714286
LG_ORIGINAL;Samsung_ORIGINAL;False;0.806452;0.757576;0.714286
LG_ORIGINAL;Samsung_ORIGINAL;False;0.806452;0.757576;0.714286
LG_ORIGINAL;Samsung_ORIGINAL;False;0.806452;0.757576;0.714286
LG_ORIGINAL;Samsung_ORIGINAL;False;0.806452;0.757576;0.714286
LG_ORIGINAL;Samsung_ORIGINAL;False;0.806452;0.757576;0.714286
LG_ORIGINAL;Samsung_ORIGINAL;False;0.806452;0.757576;0.714286
LG_ORIGINAL;Samsung_ORIGINAL;False;0.806452;0.757576;0.714286
LG_ORIGINAL;Samsung_ORIGINAL;False;0.806452;0.757576;0.714286
LG_ORIGINAL;OnePlus_ORIGINAL;False;0.714286;0.621622;0.538462
LG_ORIGINAL;OnePlus_ORIGINAL;False;0.714286;0.621622;0.538462
LG_ORIGINAL;OnePlus_ORIGINAL;False;0.714286;0.621622;0.538462
LG_ORIGINAL;OnePlus_ORIGINAL;False;0.714286;0.621622;0.538462
LG_ORIGINAL;OnePlus_ORIGINAL;False;0.714286;0.621622;0.538462
LG_ORIGINAL;OnePlus_ORIGINAL;False;0.714286;0.621622;0.538462
LG_ORIGINAL;OnePlus_ORIGINAL;False;0.714286;0.621622;0.538462
LG_ORIGINAL;OnePlus_ORIGINAL;False;0.714286;0.621622;0.538462
LG_ORIGINAL;OnePlus_ORIGINAL;False;0.714286;0.621622;0.538462
LG_ORIGINAL;OnePlus_ORIGINAL;False;0.714286;0.621622;0.538462
LG_ORIGINAL;OnePlus_ORIGINAL;False;0.714286;0.621622;0.538462
LG_ORIGINAL;OnePlus_ORIGINAL;False;0.714286;0.621622;0.538462
LG_ORIGINAL;OnePlus_ORIGINAL;False;0.714286;0.621622;0.538462
LG_ORIGINAL;OnePlus_ORIGINAL;False;0.714286;0.621622;0.538462
LG_ORIGINAL;OnePlus_ORIGINAL;False;0.714286;0.621622;0.538462
LG_ORIGINAL;OnePlus_ORIGINAL;False;0.714286;0.621622;0.538462
LG_ORIGINAL;Xiaomi_ORIGINAL;False;0.852941;0.833333;0.815789
LG_ORIGINAL;Xiaomi_ORIGINAL;False;0.833333;0.815789;0.8
LG_ORIGINAL;Xiaomi_ORIGINAL;False;0.833333;0.815789;0.8
LG_ORIGINAL;Xiaomi_ORIGINAL;False;0.833333;0.815789;0.8
LG_ORIGINAL;Xiaomi_ORIGINAL;False;0.833333;0.815789;0.8
LG_ORIGINAL;Xiaomi_ORIGINAL;False;0.852941;0.833333;0.815789
LG_ORIGINAL;Xiaomi_ORIGINAL;False;0.852941;0.833333;0.815789
LG_ORIGINAL;Xiaomi_ORIGINAL;False;0.852941;0.833333;0.815789
LG_ORIGINAL;Xiaomi_ORIGINAL;False;0.852941;0.833333;0.815789
LG_ORIGINAL;Xiaomi_ORIGINAL;False;0.833333;0.815789;0.8
LG_ORIGINAL;Xiaomi_ORIGINAL;False;0.852941;0.833333;0.815789
LG_ORIGINAL;Xiaomi_ORIGINAL;False;0.833333;0.815789;0.8
LG_ORIGINAL;Xiaomi_ORIGINAL;False;0.833333;0.815789;0.8
LG_ORIGINAL;Xiaomi_ORIGINAL;False;0.833333;0.815789;0.8
LG_ORIGINAL;Xiaomi_ORIGINAL;False;0.833333;0.815789;0.8
LG_ORIGINAL;Xiaomi_ORIGINAL;False;0.833333;0.815789;0.8
LG_ORIGINAL;Asus_ORIGINAL;False;0.852941;0.833333;0.815789
LG_ORIGINAL;Asus_ORIGINAL;False;0.852941;0.833333;0.815789
LG_ORIGINAL;Asus_ORIGINAL;False;0.852941;0.833333;0.815789
LG_ORIGINAL;Asus_ORIGINAL;False;0.852941;0.833333;0.815789
LG_ORIGINAL;Asus_ORIGINAL;False;0.852941;0.833333;0.815789
LG_ORIGINAL;Asus_ORIGINAL;False;0.852941;0.833333;0.815789
LG_ORIGINAL;Asus_ORIGINAL;False;0.852941;0.833333;0.815789
LG_ORIGINAL;Asus_ORIGINAL;False;0.852941;0.833333;0.815789
LG_ORIGINAL;Asus_ORIGINAL;False;0.852941;0.833333;0.815789
LG_ORIGINAL;Asus_ORIGINAL;False;0.852941;0.833333;0.815789
LG_ORIGINAL;Asus_ORIGINAL;False;0.852941;0.833333;0.815789
LG_ORIGINAL;Asus_ORIGINAL;False;0.852941;0.833333;0.815789
LG_ORIGINAL;Asus_ORIGINAL;False;0.852941;0.833333;0.815789
LG_ORIGINAL;Asus_ORIGINAL;False;0.852941;0.833333;0.815789
LG_ORIGINAL;Asus_ORIGINAL;False;0.852941;0.833333;0.815789
LG_ORIGINAL;Asus_ORIGINAL;False;0.852941;0.833333;0.815789
LG_ORIGINAL;Samsung_ORIGINAL;False;0.806452;0.757576;0.714286
LG_ORIGINAL;Samsung_ORIGINAL;False;0.806452;0.757576;0.714286
LG_ORIGINAL;Samsung_ORIGINAL;False;0.806452;0.757576;0.714286
LG_ORIGINAL;Samsung_ORIGINAL;False;0.806452;0.757576;0.714286
LG_ORIGINAL;Samsung_ORIGINAL;False;0.806452;0.757576;0.714286
LG_ORIGINAL;Samsung_ORIGINAL;False;0.806452;0.757576;0.714286
LG_ORIGINAL;Samsung_ORIGINAL;False;0.806452;0.757576;0.714286
LG_ORIGINAL;Samsung_ORIGINAL;False;0.806452;0.757576;0.714286
LG_ORIGINAL;Samsung_ORIGINAL;False;0.806452;0.757576;0.714286
LG_ORIGINAL;Samsung_ORIGINAL;False;0.806452;0.757576;0.714286
LG_ORIGINAL;Samsung_ORIGINAL;False;0.806452;0.757576;0.714286
LG_ORIGINAL;Samsung_ORIGINAL;False;0.806452;0.757576;0.714286
LG_ORIGINAL;Samsung_ORIGINAL;False;0.806452;0.757576;0.714286
LG_ORIGINAL;Wiko_ORIGINAL;False;0.966667;0.9375;0.911765
LG_ORIGINAL;Wiko_ORIGINAL;False;0.966667;0.9375;0.911765
LG_ORIGINAL;Wiko_ORIGINAL;False;0.966667;0.9375;0.911765
LG_ORIGINAL;Wiko_ORIGINAL;False;0.966667;0.9375;0.911765
LG_ORIGINAL;Wiko_ORIGINAL;False;0.966667;0.9375;0.911765
LG_ORIGINAL;Wiko_ORIGINAL;False;0.966667;0.9375;0.911765
LG_ORIGINAL;Wiko_ORIGINAL;False;0.966667;0.9375;0.911765
LG_ORIGINAL;Wiko_ORIGINAL;False;0.966667;0.9375;0.911765
LG_ORIGINAL;Apple_ORIGINAL;False;0.34;0.207547;0.127273
LG_ORIGINAL;Apple_ORIGINAL;False;0.34;0.207547;0.127273
LG_ORIGINAL;Apple_ORIGINAL;False;0.34;0.207547;0.127273
LG_ORIGINAL;Apple_ORIGINAL;False;0.346939;0.211538;0.12963
LG_ORIGINAL;Apple_ORIGINAL;False;0.346939;0.211538;0.12963
LG_ORIGINAL;Apple_ORIGINAL;False;0.346939;0.211538;0.12963
LG_ORIGINAL;Apple_ORIGINAL;False;0.346939;0.211538;0.12963
LG_ORIGINAL;Apple_ORIGINAL;False;0.346939;0.211538;0.12963
LG_ORIGINAL;Apple_ORIGINAL;False;0.346939;0.211538;0.12963
LG_ORIGINAL;Apple_ORIGINAL;False;0.34;0.207547;0.127273
LG_ORIGINAL;Apple_ORIGINAL;False;0.346939;0.211538;0.12963
LG_ORIGINAL;Apple_ORIGINAL;False;0.34;0.207547;0.127273
LG_ORIGINAL;Apple_ORIGINAL;False;0.346939;0.211538;0.12963
LG_ORIGINAL;Apple_ORIGINAL;False;0.363636;0.234043;0.142857
LG_ORIGINAL;Apple_ORIGINAL;False;0.333333;0.192982;0.112903
LG_ORIGINAL;Apple_ORIGINAL;False;0.333333;0.192982;0.112903
LG_ORIGINAL;Apple_ORIGINAL;False;0.333333;0.192982;0.112903
LG_ORIGINAL;Apple_ORIGINAL;False;0.333333;0.192982;0.112903
LG_ORIGINAL;Apple_ORIGINAL;False;0.333333;0.192982;0.112903
LG_ORIGINAL;Apple_ORIGINAL;False;0.333333;0.192982;0.112903
LG_ORIGINAL;Apple_ORIGINAL;False;0.333333;0.192982;0.112903
LG_ORIGINAL;Apple_ORIGINAL;False;0.333333;0.192982;0.112903
LG_ORIGINAL;Apple_ORIGINAL;False;0.333333;0.192982;0.112903
LG_ORIGINAL;Apple_ORIGINAL;False;0.333333;0.192982;0.112903
LG_ORIGINAL;Apple_ORIGINAL;False;0.333333;0.192982;0.112903
LG_ORIGINAL;Apple_ORIGINAL;False;0.333333;0.192982;0.112903
LG_ORIGINAL;Apple_ORIGINAL;False;0.333333;0.192982;0.112903
LG_ORIGINAL;Apple_ORIGINAL;False;0.333333;0.192982;0.112903
LG_ORIGINAL;Apple_ORIGINAL;False;0.333333;0.192982;0.112903
LG_ORIGINAL;Apple_ORIGINAL;False;0.34;0.207547;0.127273
LG_ORIGINAL;Apple_ORIGINAL;False;0.34;0.207547;0.127273
LG_ORIGINAL;Apple_ORIGINAL;False;0.34;0.207547;0.127273
LG_ORIGINAL;Apple_ORIGINAL;False;0.34;0.207547;0.127273
LG_ORIGINAL;Apple_ORIGINAL;False;0.34;0.207547;0.127273
LG_ORIGINAL;Apple_ORIGINAL;False;0.34;0.207547;0.127273
LG_ORIGINAL;Apple_ORIGINAL;False;0.34;0.207547;0.127273
LG_ORIGINAL;Apple_ORIGINAL;False;0.34;0.207547;0.127273
LG_ORIGINAL;Apple_ORIGINAL;False;0.34;0.207547;0.127273
LG_ORIGINAL;Apple_ORIGINAL;False;0.34;0.207547;0.127273
LG_ORIGINAL;Microsoft_ORIGINAL;False;0.552632;0.487805;0.465116
LG_ORIGINAL;Microsoft_ORIGINAL;False;0.636364;0.555556;0.526316
LG_ORIGINAL;Microsoft_ORIGINAL;False;0.552632;0.487805;0.465116
LG_ORIGINAL;Microsoft_ORIGINAL;False;0.552632;0.487805;0.465116
LG_ORIGINAL;Microsoft_ORIGINAL;False;0.552632;0.487805;0.465116
LG_ORIGINAL;Microsoft_ORIGINAL;False;0.552632;0.487805;0.465116
LG_ORIGINAL;Microsoft_ORIGINAL;False;0.552632;0.487805;0.465116
LG_ORIGINAL;Huawei_ORIGINAL;False;0.764706;0.694444;0.631579
LG_ORIGINAL;Huawei_ORIGINAL;False;0.764706;0.694444;0.631579
LG_ORIGINAL;Huawei_ORIGINAL;False;0.764706;0.694444;0.631579
LG_ORIGINAL;Huawei_ORIGINAL;False;0.764706;0.694444;0.631579
LG_ORIGINAL;Huawei_ORIGINAL;False;0.764706;0.694444;0.631579
LG_ORIGINAL;Huawei_ORIGINAL;False;0.764706;0.694444;0.631579
LG_ORIGINAL;Huawei_ORIGINAL;False;0.764706;0.694444;0.631579
LG_ORIGINAL;Huawei_ORIGINAL;False;0.764706;0.694444;0.631579
LG_ORIGINAL;Huawei_ORIGINAL;False;0.764706;0.694444;0.631579
LG_ORIGINAL;Huawei_ORIGINAL;False;0.764706;0.694444;0.631579
LG_ORIGINAL;Huawei_ORIGINAL;False;0.764706;0.694444;0.631579
LG_ORIGINAL;Huawei_ORIGINAL;False;0.764706;0.694444;0.631579
LG_ORIGINAL;Huawei_ORIGINAL;False;0.764706;0.694444;0.631579
LG_ORIGINAL;Huawei_ORIGINAL;False;0.764706;0.694444;0.631579
LG_ORIGINAL;Huawei_ORIGINAL;False;0.764706;0.694444;0.631579
LG_ORIGINAL;Huawei_ORIGINAL;False;0.764706;0.694444;0.631579
LG_ORIGINAL;Apple_ORIGINAL;False;0.333333;0.192982;0.112903
LG_ORIGINAL;Apple_ORIGINAL;False;0.333333;0.192982;0.112903
LG_ORIGINAL;Apple_ORIGINAL;False;0.333333;0.192982;0.112903
LG_ORIGINAL;Apple_ORIGINAL;False;0.333333;0.192982;0.112903
LG_ORIGINAL;Apple_ORIGINAL;False;0.333333;0.192982;0.112903
LG_ORIGINAL;Apple_ORIGINAL;False;0.333333;0.192982;0.112903
LG_ORIGINAL;Apple_ORIGINAL;False;0.333333;0.192982;0.112903
LG_ORIGINAL;Apple_ORIGINAL;False;0.333333;0.192982;0.112903
LG_ORIGINAL;Apple_ORIGINAL;False;0.333333;0.192982;0.112903
LG_ORIGINAL;Apple_ORIGINAL;False;0.333333;0.192982;0.112903
LG_ORIGINAL;Apple_ORIGINAL;False;0.333333;0.192982;0.112903
LG_ORIGINAL;Apple_ORIGINAL;False;0.333333;0.192982;0.112903
LG_ORIGINAL;Apple_ORIGINAL;False;0.333333;0.192982;0.112903
LG_ORIGINAL;Apple_ORIGINAL;False;0.333333;0.192982;0.112903
LG_ORIGINAL;Apple_ORIGINAL;False;0.333333;0.192982;0.112903
LG_ORIGINAL;Apple_ORIGINAL;False;0.307692;0.178571;0.118644
LG_ORIGINAL;Apple_ORIGINAL;False;0.307692;0.178571;0.118644
LG_ORIGINAL;Apple_ORIGINAL;False;0.307692;0.178571;0.118644
LG_ORIGINAL;Apple_ORIGINAL;False;0.307692;0.178571;0.118644
LG_ORIGINAL;Apple_ORIGINAL;False;0.307692;0.178571;0.118644
LG_ORIGINAL;Apple_ORIGINAL;False;0.307692;0.178571;0.118644
LG_ORIGINAL;Apple_ORIGINAL;False;0.307692;0.178571;0.118644
LG_ORIGINAL;Apple_ORIGINAL;False;0.307692;0.178571;0.118644
LG_ORIGINAL;Apple_ORIGINAL;False;0.307692;0.178571;0.118644
LG_ORIGINAL;Apple_ORIGINAL;False;0.307692;0.178571;0.118644
LG_ORIGINAL;Apple_ORIGINAL;False;0.307692;0.178571;0.118644
LG_ORIGINAL;Apple_ORIGINAL;False;0.307692;0.178571;0.118644
LG_ORIGINAL;Apple_ORIGINAL;False;0.307692;0.178571;0.118644
LG_ORIGINAL;Apple_ORIGINAL;False;0.307692;0.178571;0.118644
LG_ORIGINAL;Apple_ORIGINAL;False;0.307692;0.178571;0.118644
LG_ORIGINAL;Apple_ORIGINAL;False;0.307692;0.178571;0.118644
LG_ORIGINAL;Apple_ORIGINAL;False;0.307692;0.178571;0.118644
LG_ORIGINAL;Apple_ORIGINAL;False;0.307692;0.178571;0.118644
LG_ORIGINAL;Apple_ORIGINAL;False;0.307692;0.178571;0.118644
LG_ORIGINAL;Apple_ORIGINAL;False;0.307692;0.178571;0.118644
LG_ORIGINAL;Apple_ORIGINAL;False;0.307692;0.178571;0.118644
LG_ORIGINAL;Apple_ORIGINAL;False;0.307692;0.178571;0.118644
LG_ORIGINAL;Apple_ORIGINAL;False;0.307692;0.178571;0.118644
LG_ORIGINAL;Apple_ORIGINAL;False;0.307692;0.178571;0.118644
LG_ORIGINAL;Apple_ORIGINAL;False;0.307692;0.178571;0.118644
LG_ORIGINAL;Apple_ORIGINAL;False;0.307692;0.178571;0.118644
LG_ORIGINAL;Apple_ORIGINAL;False;0.307692;0.178571;0.118644
LG_ORIGINAL;Apple_ORIGINAL;False;0.307692;0.178571;0.118644
LG_ORIGINAL;Apple_ORIGINAL;False;0.307692;0.178571;0.118644
LG_ORIGINAL;Sony_ORIGINAL;False;0.8;0.708333;0.652174
LG_ORIGINAL;Sony_ORIGINAL;False;0.8;0.708333;0.652174
LG_ORIGINAL;Sony_ORIGINAL;False;0.8;0.708333;0.652174
LG_ORIGINAL;Sony_ORIGINAL;False;0.8;0.708333;0.652174
LG_ORIGINAL;Sony_ORIGINAL;False;0.8;0.708333;0.652174
LG_ORIGINAL;Sony_ORIGINAL;False;0.8;0.708333;0.652174
LG_ORIGINAL;Sony_ORIGINAL;False;0.8;0.708333;0.652174
LG_ORIGINAL;Sony_ORIGINAL;False;0.8;0.708333;0.652174
LG_ORIGINAL;Sony_ORIGINAL;False;0.8;0.708333;0.652174
LG_ORIGINAL;Sony_ORIGINAL;False;0.8;0.708333;0.652174
LG_ORIGINAL;Sony_ORIGINAL;False;0.8;0.708333;0.652174
LG_ORIGINAL;Sony_ORIGINAL;False;0.8;0.708333;0.652174
LG_ORIGINAL;Sony_ORIGINAL;False;0.8;0.708333;0.652174
LG_ORIGINAL;Sony_ORIGINAL;False;0.8;0.708333;0.652174
LG_ORIGINAL;Sony_ORIGINAL;False;0.8;0.708333;0.652174
LG_ORIGINAL;Sony_ORIGINAL;False;0.8;0.708333;0.652174
LG_ORIGINAL;Samsung_ORIGINAL;False;0.866667;0.78125;0.705882
LG_ORIGINAL;Samsung_ORIGINAL;False;0.84375;0.764706;0.694444
LG_ORIGINAL;Samsung_ORIGINAL;False;0.866667;0.78125;0.705882
LG_ORIGINAL;Samsung_ORIGINAL;False;0.866667;0.78125;0.705882
LG_ORIGINAL;Samsung_ORIGINAL;False;0.866667;0.78125;0.705882
LG_ORIGINAL;Samsung_ORIGINAL;False;0.866667;0.78125;0.705882
LG_ORIGINAL;Samsung_ORIGINAL;False;0.866667;0.78125;0.705882
LG_ORIGINAL;Samsung_ORIGINAL;False;0.866667;0.78125;0.705882
LG_ORIGINAL;Samsung_ORIGINAL;False;0.866667;0.78125;0.705882
LG_ORIGINAL;Samsung_ORIGINAL;False;0.84375;0.764706;0.694444
LG_ORIGINAL;Samsung_ORIGINAL;False;0.866667;0.78125;0.705882
LG_ORIGINAL;Samsung_ORIGINAL;False;0.866667;0.78125;0.705882
LG_ORIGINAL;Samsung_ORIGINAL;False;0.866667;0.78125;0.705882
LG_ORIGINAL;Samsung_ORIGINAL;False;0.866667;0.78125;0.705882
LG_ORIGINAL;Samsung_ORIGINAL;False;0.866667;0.78125;0.705882
LG_ORIGINAL;Samsung_ORIGINAL;False;0.866667;0.78125;0.705882
LG_ORIGINAL;Apple_ORIGINAL;False;0.34;0.207547;0.127273
LG_ORIGINAL;Apple_ORIGINAL;False;0.34;0.207547;0.127273
LG_ORIGINAL;Apple_ORIGINAL;False;0.34;0.207547;0.127273
LG_ORIGINAL;Apple_ORIGINAL;False;0.34;0.207547;0.127273
LG_ORIGINAL;Apple_ORIGINAL;False;0.34;0.207547;0.127273
LG_ORIGINAL;Apple_ORIGINAL;False;0.34;0.207547;0.127273
LG_ORIGINAL;Apple_ORIGINAL;False;0.34;0.207547;0.127273
LG_ORIGINAL;Apple_ORIGINAL;False;0.34;0.207547;0.127273
LG_ORIGINAL;Apple_ORIGINAL;False;0.34;0.207547;0.127273
LG_ORIGINAL;Apple_ORIGINAL;False;0.34;0.207547;0.127273
LG_ORIGINAL;Apple_ORIGINAL;False;0.34;0.207547;0.127273
LG_ORIGINAL;Apple_ORIGINAL;False;0.34;0.207547;0.127273
LG_ORIGINAL;Apple_ORIGINAL;False;0.346939;0.211538;0.12963
LG_ORIGINAL;Apple_ORIGINAL;False;0.346939;0.211538;0.12963
LG_ORIGINAL;Apple_ORIGINAL;False;0.346939;0.211538;0.12963
LG_ORIGINAL;Apple_ORIGINAL;False;0.346939;0.211538;0.12963
LG_ORIGINAL;Apple_ORIGINAL;False;0.346939;0.211538;0.12963
LG_ORIGINAL;Apple_ORIGINAL;False;0.346939;0.211538;0.12963
LG_ORIGINAL;Apple_ORIGINAL;False;0.346939;0.211538;0.12963
LG_ORIGINAL;Apple_ORIGINAL;False;0.346939;0.211538;0.12963
LG_ORIGINAL;Apple_ORIGINAL;False;0.346939;0.211538;0.12963
LG_ORIGINAL;Apple_ORIGINAL;False;0.346939;0.211538;0.12963
LG_ORIGINAL;Apple_ORIGINAL;False;0.346939;0.211538;0.12963
LG_ORIGINAL;Apple_ORIGINAL;False;0.346939;0.211538;0.12963
LG_ORIGINAL;Apple_ORIGINAL;False;0.346939;0.211538;0.12963
LG_ORIGINAL;Apple_ORIGINAL;False;0.346939;0.211538;0.12963
LG_ORIGINAL;Apple_ORIGINAL;False;0.346939;0.211538;0.12963
LG_ORIGINAL;Apple_ORIGINAL;False;0.346939;0.211538;0.12963
LG_ORIGINAL;Apple_ORIGINAL;False;0.346939;0.211538;0.12963
LG_ORIGINAL;Apple_ORIGINAL;False;0.346939;0.211538;0.12963
LG_ORIGINAL;Apple_ORIGINAL;False;0.346939;0.211538;0.12963
LG_ORIGINAL;Apple_ORIGINAL;False;0.346939;0.211538;0.12963
LG_ORIGINAL;Apple_ORIGINAL;False;0.346939;0.211538;0.12963
LG_ORIGINAL;Apple_ORIGINAL;False;0.346939;0.211538;0.12963
LG_ORIGINAL;Apple_ORIGINAL;False;0.346939;0.211538;0.12963
LG_ORIGINAL;Apple_ORIGINAL;False;0.346939;0.211538;0.12963
LG_ORIGINAL;Apple_ORIGINAL;False;0.346939;0.211538;0.12963
LG_ORIGINAL;Apple_ORIGINAL;False;0.346939;0.211538;0.12963
LG_ORIGINAL;Apple_ORIGINAL;False;0.346939;0.211538;0.12963
LG_ORIGINAL;Apple_ORIGINAL;False;0.346939;0.211538;0.12963
LG_ORIGINAL;Apple_ORIGINAL;False;0.346939;0.211538;0.12963
LG_ORIGINAL;Huawei_ORIGINAL;False;0.84375;0.764706;0.694444
LG_ORIGINAL;Huawei_ORIGINAL;False;0.84375;0.764706;0.694444
LG_ORIGINAL;Huawei_ORIGINAL;False;0.84375;0.764706;0.694444
LG_ORIGINAL;Huawei_ORIGINAL;False;0.84375;0.764706;0.694444
LG_ORIGINAL;Huawei_ORIGINAL;False;0.84375;0.764706;0.694444
LG_ORIGINAL;Huawei_ORIGINAL;False;0.84375;0.764706;0.694444
LG_ORIGINAL;Huawei_ORIGINAL;False;0.84375;0.764706;0.694444
LG_ORIGINAL;Huawei_ORIGINAL;False;0.84375;0.764706;0.694444
LG_ORIGINAL;Huawei_ORIGINAL;False;0.84375;0.764706;0.694444
LG_ORIGINAL;Huawei_ORIGINAL;False;0.84375;0.764706;0.694444
LG_ORIGINAL;Huawei_ORIGINAL;False;0.84375;0.764706;0.694444
LG_ORIGINAL;Huawei_ORIGINAL;False;0.84375;0.764706;0.694444
LG_ORIGINAL;Huawei_ORIGINAL;False;0.84375;0.764706;0.694444
LG_ORIGINAL;Huawei_ORIGINAL;False;0.84375;0.764706;0.694444
LG_ORIGINAL;Huawei_ORIGINAL;False;0.84375;0.764706;0.694444
LG_ORIGINAL;Huawei_ORIGINAL;False;0.84375;0.764706;0.694444
LG_ORIGINAL;OnePlus_ORIGINAL;False;0.714286;0.621622;0.538462
LG_ORIGINAL;OnePlus_ORIGINAL;False;0.714286;0.621622;0.538462
LG_ORIGINAL;OnePlus_ORIGINAL;False;0.714286;0.621622;0.538462
LG_ORIGINAL;OnePlus_ORIGINAL;False;0.714286;0.621622;0.538462
LG_ORIGINAL;OnePlus_ORIGINAL;False;0.714286;0.621622;0.538462
LG_ORIGINAL;OnePlus_ORIGINAL;False;0.714286;0.621622;0.538462
LG_ORIGINAL;OnePlus_ORIGINAL;False;0.714286;0.621622;0.538462
LG_ORIGINAL;OnePlus_ORIGINAL;False;0.714286;0.621622;0.538462
LG_ORIGINAL;OnePlus_ORIGINAL;False;0.714286;0.621622;0.538462
LG_ORIGINAL;OnePlus_ORIGINAL;False;0.714286;0.621622;0.538462
LG_ORIGINAL;OnePlus_ORIGINAL;False;0.714286;0.621622;0.538462
LG_ORIGINAL;OnePlus_ORIGINAL;False;0.714286;0.621622;0.538462
LG_ORIGINAL;OnePlus_ORIGINAL;False;0.714286;0.621622;0.538462
LG_ORIGINAL;OnePlus_ORIGINAL;False;0.714286;0.621622;0.538462
LG_ORIGINAL;OnePlus_ORIGINAL;False;0.702703;0.615385;0.536585
LG_ORIGINAL;OnePlus_ORIGINAL;False;0.702703;0.615385;0.536585
LG_ORIGINAL;Samsung_ORIGINAL;False;0.78125;0.735294;0.694444
LG_ORIGINAL;Samsung_ORIGINAL;False;0.78125;0.735294;0.694444
LG_ORIGINAL;Samsung_ORIGINAL;False;0.78125;0.735294;0.694444
LG_ORIGINAL;Samsung_ORIGINAL;False;0.78125;0.735294;0.694444
LG_ORIGINAL;Samsung_ORIGINAL;False;0.78125;0.735294;0.694444
LG_ORIGINAL;Samsung_ORIGINAL;False;0.78125;0.735294;0.694444
LG_ORIGINAL;Samsung_ORIGINAL;False;0.78125;0.735294;0.694444
LG_ORIGINAL;Samsung_ORIGINAL;False;0.78125;0.735294;0.694444
LG_ORIGINAL;Samsung_ORIGINAL;False;0.78125;0.735294;0.694444
LG_ORIGINAL;Samsung_ORIGINAL;False;0.78125;0.735294;0.694444
LG_ORIGINAL;Samsung_ORIGINAL;False;0.78125;0.735294;0.694444
LG_ORIGINAL;Samsung_ORIGINAL;False;0.78125;0.735294;0.694444
LG_ORIGINAL;Samsung_ORIGINAL;False;0.78125;0.735294;0.694444
LG_ORIGINAL;Samsung_ORIGINAL;False;0.78125;0.735294;0.694444
LG_ORIGINAL;Samsung_ORIGINAL;False;0.78125;0.735294;0.694444
LG_ORIGINAL;Samsung_ORIGINAL;False;0.78125;0.735294;0.694444
LG_ORIGINAL;Huawei_ORIGINAL;False;0.852941;0.833333;0.815789
LG_ORIGINAL;Huawei_ORIGINAL;False;0.852941;0.833333;0.815789
LG_ORIGINAL;Huawei_ORIGINAL;False;0.852941;0.833333;0.815789
LG_ORIGINAL;Huawei_ORIGINAL;False;0.852941;0.833333;0.815789
LG_ORIGINAL;Huawei_ORIGINAL;False;0.852941;0.833333;0.815789
LG_ORIGINAL;Huawei_ORIGINAL;False;0.852941;0.833333;0.815789
LG_ORIGINAL;Huawei_ORIGINAL;False;0.852941;0.833333;0.815789
LG_ORIGINAL;Huawei_ORIGINAL;False;0.852941;0.833333;0.815789
LG_ORIGINAL;Huawei_ORIGINAL;False;0.852941;0.833333;0.815789
LG_ORIGINAL;Huawei_ORIGINAL;False;0.852941;0.833333;0.815789
LG_ORIGINAL;Huawei_ORIGINAL;False;0.852941;0.833333;0.815789
LG_ORIGINAL;Huawei_ORIGINAL;False;0.852941;0.833333;0.815789
LG_ORIGINAL;Huawei_ORIGINAL;False;0.852941;0.833333;0.815789
LG_ORIGINAL;Huawei_ORIGINAL;False;0.852941;0.833333;0.815789
LG_ORIGINAL;Huawei_ORIGINAL;False;0.852941;0.833333;0.815789
LG_ORIGINAL;Huawei_ORIGINAL;False;0.852941;0.833333;0.815789
LG_ORIGINAL;Apple_ORIGINAL;False;0.333333;0.192982;0.112903
LG_ORIGINAL;Apple_ORIGINAL;False;0.333333;0.192982;0.112903
LG_ORIGINAL;Apple_ORIGINAL;False;0.333333;0.192982;0.112903
LG_ORIGINAL;Apple_ORIGINAL;False;0.333333;0.192982;0.112903
LG_ORIGINAL;Apple_ORIGINAL;False;0.333333;0.192982;0.112903
LG_ORIGINAL;Apple_ORIGINAL;False;0.333333;0.192982;0.112903
LG_ORIGINAL;Apple_ORIGINAL;False;0.333333;0.192982;0.112903
LG_ORIGINAL;Apple_ORIGINAL;False;0.333333;0.192982;0.112903
LG_ORIGINAL;Apple_ORIGINAL;False;0.333333;0.192982;0.112903
LG_ORIGINAL;Apple_ORIGINAL;False;0.333333;0.192982;0.112903
LG_ORIGINAL;Apple_ORIGINAL;False;0.333333;0.192982;0.112903
LG_ORIGINAL;Apple_ORIGINAL;False;0.333333;0.192982;0.112903
LG_ORIGINAL;Apple_ORIGINAL;False;0.333333;0.192982;0.112903
LG_ORIGINAL;Apple_ORIGINAL;False;0.333333;0.192982;0.112903
LG_ORIGINAL;Apple_ORIGINAL;False;0.333333;0.192982;0.112903
LG_ORIGINAL;Apple_ORIGINAL;False;0.333333;0.192982;0.112903
LG_ORIGINAL;Huawei_ORIGINAL;False;0.852941;0.833333;0.815789
LG_ORIGINAL;Huawei_ORIGINAL;False;0.852941;0.833333;0.815789
LG_ORIGINAL;Huawei_ORIGINAL;False;0.852941;0.833333;0.815789
LG_ORIGINAL;Huawei_ORIGINAL;False;0.852941;0.833333;0.815789
LG_ORIGINAL;Huawei_ORIGINAL;False;0.852941;0.833333;0.815789
LG_ORIGINAL;Huawei_ORIGINAL;False;0.852941;0.833333;0.815789
LG_ORIGINAL;Huawei_ORIGINAL;False;0.852941;0.833333;0.815789
LG_ORIGINAL;Huawei_ORIGINAL;False;0.852941;0.833333;0.815789
LG_ORIGINAL;Huawei_ORIGINAL;False;0.852941;0.833333;0.815789
LG_ORIGINAL;Huawei_ORIGINAL;False;0.852941;0.833333;0.815789
LG_ORIGINAL;Huawei_ORIGINAL;False;0.852941;0.833333;0.815789
LG_ORIGINAL;Huawei_ORIGINAL;False;0.852941;0.833333;0.815789
LG_ORIGINAL;Huawei_ORIGINAL;False;0.852941;0.833333;0.815789
LG_ORIGINAL;Huawei_ORIGINAL;False;0.852941;0.833333;0.815789
LG_ORIGINAL;Huawei_ORIGINAL;False;0.852941;0.833333;0.815789
LG_ORIGINAL;Huawei_ORIGINAL;False;0.852941;0.833333;0.815789
LG_ORIGINAL;Samsung_ORIGINAL;False;0.757576;0.714286;0.675676
LG_ORIGINAL;Samsung_ORIGINAL;False;0.757576;0.714286;0.675676
LG_ORIGINAL;Samsung_ORIGINAL;False;0.757576;0.714286;0.675676
LG_ORIGINAL;Samsung_ORIGINAL;False;0.735294;0.694444;0.657895
LG_ORIGINAL;Samsung_ORIGINAL;False;0.735294;0.694444;0.657895
LG_ORIGINAL;Samsung_ORIGINAL;False;0.735294;0.694444;0.657895
LG_ORIGINAL;Samsung_ORIGINAL;False;0.735294;0.694444;0.657895
LG_ORIGINAL;Samsung_ORIGINAL;False;0.735294;0.694444;0.657895
LG_ORIGINAL;Samsung_ORIGINAL;False;0.757576;0.714286;0.675676
LG_ORIGINAL;Samsung_ORIGINAL;False;0.757576;0.714286;0.675676
LG_ORIGINAL;Samsung_ORIGINAL;False;0.757576;0.714286;0.675676
LG_ORIGINAL;Samsung_ORIGINAL;False;0.757576;0.714286;0.675676
LG_ORIGINAL;Samsung_ORIGINAL;False;0.757576;0.714286;0.675676
Microsoft_ORIGINAL;Samsung_ORIGINAL;False;0.774194;0.69697;0.628571
Microsoft_ORIGINAL;Samsung_ORIGINAL;False;0.774194;0.69697;0.628571
Microsoft_ORIGINAL;Samsung_ORIGINAL;False;0.774194;0.69697;0.628571
Microsoft_ORIGINAL;Samsung_ORIGINAL;False;0.774194;0.69697;0.628571
Microsoft_ORIGINAL;Samsung_ORIGINAL;False;0.774194;0.69697;0.628571
Microsoft_ORIGINAL;Samsung_ORIGINAL;False;0.774194;0.69697;0.628571
Microsoft_ORIGINAL;Samsung_ORIGINAL;False;0.774194;0.69697;0.628571
Microsoft_ORIGINAL;Samsung_ORIGINAL;False;0.774194;0.69697;0.628571
Microsoft_ORIGINAL;Samsung_ORIGINAL;False;0.774194;0.69697;0.628571
Microsoft_ORIGINAL;Samsung_ORIGINAL;False;0.774194;0.69697;0.628571
Microsoft_ORIGINAL;Samsung_ORIGINAL;False;0.774194;0.69697;0.628571
Microsoft_ORIGINAL;Samsung_ORIGINAL;False;0.774194;0.69697;0.628571
Microsoft_ORIGINAL;Samsung_ORIGINAL;False;0.774194;0.69697;0.628571
Microsoft_ORIGINAL;Samsung_ORIGINAL;False;0.774194;0.69697;0.628571
Microsoft_ORIGINAL;Samsung_ORIGINAL;False;0.774194;0.69697;0.628571
Microsoft_ORIGINAL;Samsung_ORIGINAL;False;0.774194;0.69697;0.628571
Microsoft_ORIGINAL;Samsung_ORIGINAL;False;0.774194;0.69697;0.628571
Microsoft_ORIGINAL;Samsung_ORIGINAL;False;0.774194;0.69697;0.628571
Microsoft_ORIGINAL;Samsung_ORIGINAL;False;0.774194;0.69697;0.628571
Microsoft_ORIGINAL;Apple_ORIGINAL;False;0.403846;0.303571;0.220339
Microsoft_ORIGINAL;Apple_ORIGINAL;False;0.396226;0.298246;0.216667
Microsoft_ORIGINAL;Apple_ORIGINAL;False;0.396226;0.298246;0.216667
Microsoft_ORIGINAL;Apple_ORIGINAL;False;0.396226;0.298246;0.216667
Microsoft_ORIGINAL;Apple_ORIGINAL;False;0.396226;0.298246;0.216667
Microsoft_ORIGINAL;Apple_ORIGINAL;False;0.396226;0.298246;0.216667
Microsoft_ORIGINAL;Apple_ORIGINAL;False;0.396226;0.298246;0.216667
Microsoft_ORIGINAL;Apple_ORIGINAL;False;0.396226;0.298246;0.216667
Microsoft_ORIGINAL;Apple_ORIGINAL;False;0.396226;0.298246;0.216667
Microsoft_ORIGINAL;Apple_ORIGINAL;False;0.396226;0.298246;0.216667
Microsoft_ORIGINAL;Huawei_ORIGINAL;False;0.617647;0.527778;0.5
Microsoft_ORIGINAL;Huawei_ORIGINAL;False;0.617647;0.527778;0.5
Microsoft_ORIGINAL;Huawei_ORIGINAL;False;0.617647;0.527778;0.5
Microsoft_ORIGINAL;Huawei_ORIGINAL;False;0.617647;0.527778;0.5
Microsoft_ORIGINAL;Huawei_ORIGINAL;False;0.617647;0.527778;0.5
Microsoft_ORIGINAL;Huawei_ORIGINAL;False;0.647059;0.555556;0.526316
Microsoft_ORIGINAL;Huawei_ORIGINAL;False;0.617647;0.527778;0.5
Microsoft_ORIGINAL;Huawei_ORIGINAL;False;0.617647;0.527778;0.5
Microsoft_ORIGINAL;Huawei_ORIGINAL;False;0.617647;0.527778;0.5
Microsoft_ORIGINAL;Huawei_ORIGINAL;False;0.617647;0.527778;0.5
Microsoft_ORIGINAL;Huawei_ORIGINAL;False;0.617647;0.527778;0.5
Microsoft_ORIGINAL;Huawei_ORIGINAL;False;0.617647;0.527778;0.5
Microsoft_ORIGINAL;Huawei_ORIGINAL;False;0.617647;0.527778;0.5
Microsoft_ORIGINAL;Huawei_ORIGINAL;False;0.617647;0.527778;0.5
Microsoft_ORIGINAL;Huawei_ORIGINAL;False;0.617647;0.527778;0.5
Microsoft_ORIGINAL;Huawei_ORIGINAL;False;0.617647;0.527778;0.5
Microsoft_ORIGINAL;LG_ORIGINAL;False;0.65625;0.588235;0.555556
Microsoft_ORIGINAL;LG_ORIGINAL;False;0.65625;0.588235;0.555556
Microsoft_ORIGINAL;LG_ORIGINAL;False;0.65625;0.588235;0.555556
Microsoft_ORIGINAL;LG_ORIGINAL;False;0.65625;0.588235;0.555556
Microsoft_ORIGINAL;LG_ORIGINAL;False;0.65625;0.588235;0.555556
Microsoft_ORIGINAL;LG_ORIGINAL;False;0.65625;0.588235;0.555556
Microsoft_ORIGINAL;LG_ORIGINAL;False;0.65625;0.588235;0.555556
Microsoft_ORIGINAL;LG_ORIGINAL;False;0.65625;0.588235;0.555556
Microsoft_ORIGINAL;LG_ORIGINAL;False;0.65625;0.588235;0.555556
Microsoft_ORIGINAL;LG_ORIGINAL;False;0.65625;0.588235;0.555556
Microsoft_ORIGINAL;LG_ORIGINAL;False;0.65625;0.588235;0.555556
Microsoft_ORIGINAL;LG_ORIGINAL;False;0.65625;0.588235;0.555556
Microsoft_ORIGINAL;LG_ORIGINAL;False;0.65625;0.588235;0.555556
Microsoft_ORIGINAL;LG_ORIGINAL;False;0.65625;0.588235;0.555556
Microsoft_ORIGINAL;LG_ORIGINAL;False;0.65625;0.588235;0.555556
Microsoft_ORIGINAL;LG_ORIGINAL;False;0.65625;0.588235;0.555556
Microsoft_ORIGINAL;Apple_ORIGINAL;False;0.411765;0.298246;0.209677
Microsoft_ORIGINAL;Apple_ORIGINAL;False;0.411765;0.298246;0.209677
Microsoft_ORIGINAL;Apple_ORIGINAL;False;0.411765;0.298246;0.209677
Microsoft_ORIGINAL;Apple_ORIGINAL;False;0.411765;0.298246;0.209677
Microsoft_ORIGINAL;Apple_ORIGINAL;False;0.411765;0.298246;0.209677
Microsoft_ORIGINAL;Apple_ORIGINAL;False;0.411765;0.298246;0.209677
Microsoft_ORIGINAL;Apple_ORIGINAL;False;0.411765;0.298246;0.209677
Microsoft_ORIGINAL;Apple_ORIGINAL;False;0.411765;0.298246;0.209677
Microsoft_ORIGINAL;Apple_ORIGINAL;False;0.411765;0.298246;0.209677
Microsoft_ORIGINAL;Apple_ORIGINAL;False;0.411765;0.298246;0.209677
Microsoft_ORIGINAL;Apple_ORIGINAL;False;0.411765;0.298246;0.209677
Microsoft_ORIGINAL;Apple_ORIGINAL;False;0.411765;0.298246;0.209677
Microsoft_ORIGINAL;Apple_ORIGINAL;False;0.411765;0.298246;0.209677
Microsoft_ORIGINAL;Apple_ORIGINAL;False;0.411765;0.298246;0.209677
Microsoft_ORIGINAL;Apple_ORIGINAL;False;0.411765;0.298246;0.209677
Microsoft_ORIGINAL;Apple_ORIGINAL;False;0.411765;0.298246;0.209677
Microsoft_ORIGINAL;Apple_ORIGINAL;False;0.42;0.320755;0.236364
Microsoft_ORIGINAL;Apple_ORIGINAL;False;0.42;0.320755;0.236364
Microsoft_ORIGINAL;Apple_ORIGINAL;False;0.42;0.320755;0.236364
Microsoft_ORIGINAL;Apple_ORIGINAL;False;0.42;0.320755;0.236364
Microsoft_ORIGINAL;Apple_ORIGINAL;False;0.42;0.320755;0.236364
Microsoft_ORIGINAL;Apple_ORIGINAL;False;0.42;0.320755;0.236364
Microsoft_ORIGINAL;Apple_ORIGINAL;False;0.42;0.320755;0.236364
Microsoft_ORIGINAL;Apple_ORIGINAL;False;0.42;0.320755;0.236364
Microsoft_ORIGINAL;Apple_ORIGINAL;False;0.42;0.320755;0.236364
Microsoft_ORIGINAL;Apple_ORIGINAL;False;0.42;0.320755;0.236364
Microsoft_ORIGINAL;Apple_ORIGINAL;False;0.42;0.320755;0.236364
Microsoft_ORIGINAL;Apple_ORIGINAL;False;0.42;0.320755;0.236364
Microsoft_ORIGINAL;Apple_ORIGINAL;False;0.42;0.320755;0.236364
Microsoft_ORIGINAL;Apple_ORIGINAL;False;0.42;0.320755;0.236364
Microsoft_ORIGINAL;Samsung_ORIGINAL;False;0.75;0.676471;0.611111
Microsoft_ORIGINAL;Samsung_ORIGINAL;False;0.75;0.676471;0.611111
Microsoft_ORIGINAL;Samsung_ORIGINAL;False;0.75;0.676471;0.611111
Microsoft_ORIGINAL;Samsung_ORIGINAL;False;0.75;0.676471;0.611111
Microsoft_ORIGINAL;Samsung_ORIGINAL;False;0.75;0.676471;0.611111
Microsoft_ORIGINAL;Samsung_ORIGINAL;False;0.75;0.676471;0.611111
Microsoft_ORIGINAL;Samsung_ORIGINAL;False;0.75;0.676471;0.611111
Microsoft_ORIGINAL;Samsung_ORIGINAL;False;0.75;0.676471;0.611111
Microsoft_ORIGINAL;Samsung_ORIGINAL;False;0.75;0.676471;0.611111
Microsoft_ORIGINAL;Samsung_ORIGINAL;False;0.75;0.676471;0.611111
Microsoft_ORIGINAL;Samsung_ORIGINAL;False;0.75;0.676471;0.611111
Microsoft_ORIGINAL;Samsung_ORIGINAL;False;0.75;0.676471;0.611111
Microsoft_ORIGINAL;Samsung_ORIGINAL;False;0.75;0.676471;0.611111
Microsoft_ORIGINAL;Samsung_ORIGINAL;False;0.75;0.676471;0.611111
Microsoft_ORIGINAL;Samsung_ORIGINAL;False;0.75;0.676471;0.611111
Microsoft_ORIGINAL;Samsung_ORIGINAL;False;0.75;0.676471;0.611111
Microsoft_ORIGINAL;Samsung_ORIGINAL;False;0.75;0.676471;0.611111
Microsoft_ORIGINAL;Samsung_ORIGINAL;False;0.75;0.676471;0.611111
Microsoft_ORIGINAL;Samsung_ORIGINAL;False;0.75;0.676471;0.611111
Microsoft_ORIGINAL;Samsung_ORIGINAL;False;0.75;0.676471;0.611111
Microsoft_ORIGINAL;Samsung_ORIGINAL;False;0.75;0.676471;0.611111
Microsoft_ORIGINAL;Samsung_ORIGINAL;False;0.75;0.676471;0.611111
Microsoft_ORIGINAL;Samsung_ORIGINAL;False;0.75;0.676471;0.611111
Microsoft_ORIGINAL;Samsung_ORIGINAL;False;0.75;0.676471;0.611111
Microsoft_ORIGINAL;Samsung_ORIGINAL;False;0.75;0.676471;0.611111
Microsoft_ORIGINAL;Samsung_ORIGINAL;False;0.75;0.676471;0.611111
Microsoft_ORIGINAL;Samsung_ORIGINAL;False;0.75;0.676471;0.611111
Microsoft_ORIGINAL;Samsung_ORIGINAL;False;0.75;0.676471;0.611111
Microsoft_ORIGINAL;Samsung_ORIGINAL;False;0.75;0.676471;0.611111
Microsoft_ORIGINAL;Samsung_ORIGINAL;False;0.75;0.676471;0.611111
Microsoft_ORIGINAL;Samsung_ORIGINAL;False;0.75;0.676471;0.611111
Microsoft_ORIGINAL;Samsung_ORIGINAL;False;0.75;0.676471;0.611111
Microsoft_ORIGINAL;Samsung_ORIGINAL;False;0.75;0.676471;0.611111
Microsoft_ORIGINAL;Samsung_ORIGINAL;False;0.75;0.676471;0.611111
Microsoft_ORIGINAL;Apple_ORIGINAL;False;0.396226;0.298246;0.216667
Microsoft_ORIGINAL;Apple_ORIGINAL;False;0.396226;0.298246;0.216667
Microsoft_ORIGINAL;Apple_ORIGINAL;False;0.396226;0.298246;0.216667
Microsoft_ORIGINAL;Apple_ORIGINAL;False;0.396226;0.298246;0.216667
Microsoft_ORIGINAL;Apple_ORIGINAL;False;0.396226;0.298246;0.216667
Microsoft_ORIGINAL;Apple_ORIGINAL;False;0.396226;0.298246;0.216667
Microsoft_ORIGINAL;Apple_ORIGINAL;False;0.403846;0.303571;0.220339
Microsoft_ORIGINAL;Apple_ORIGINAL;False;0.396226;0.298246;0.216667
Microsoft_ORIGINAL;Apple_ORIGINAL;False;0.396226;0.298246;0.216667
Microsoft_ORIGINAL;Apple_ORIGINAL;False;0.396226;0.298246;0.216667
Microsoft_ORIGINAL;Apple_ORIGINAL;False;0.396226;0.298246;0.216667
Microsoft_ORIGINAL;Apple_ORIGINAL;False;0.396226;0.298246;0.216667
Microsoft_ORIGINAL;Apple_ORIGINAL;False;0.396226;0.298246;0.216667
Microsoft_ORIGINAL;Apple_ORIGINAL;False;0.396226;0.298246;0.216667
Microsoft_ORIGINAL;Apple_ORIGINAL;False;0.396226;0.298246;0.216667
Microsoft_ORIGINAL;Apple_ORIGINAL;False;0.396226;0.298246;0.216667
Microsoft_ORIGINAL;Samsung_ORIGINAL;False;0.694444;0.605263;0.55
Microsoft_ORIGINAL;Samsung_ORIGINAL;False;0.694444;0.605263;0.55
Microsoft_ORIGINAL;Samsung_ORIGINAL;False;0.694444;0.605263;0.55
Microsoft_ORIGINAL;Samsung_ORIGINAL;False;0.694444;0.605263;0.55
Microsoft_ORIGINAL;Samsung_ORIGINAL;False;0.694444;0.605263;0.55
Microsoft_ORIGINAL;Samsung_ORIGINAL;False;0.694444;0.605263;0.55
Microsoft_ORIGINAL;Samsung_ORIGINAL;False;0.694444;0.605263;0.55
Microsoft_ORIGINAL;Samsung_ORIGINAL;False;0.694444;0.605263;0.55
Microsoft_ORIGINAL;Samsung_ORIGINAL;False;0.694444;0.605263;0.55
Microsoft_ORIGINAL;Samsung_ORIGINAL;False;0.694444;0.605263;0.55
Microsoft_ORIGINAL;Samsung_ORIGINAL;False;0.694444;0.605263;0.55
Microsoft_ORIGINAL;Samsung_ORIGINAL;False;0.694444;0.605263;0.55
Microsoft_ORIGINAL;Samsung_ORIGINAL;False;0.694444;0.605263;0.55
Microsoft_ORIGINAL;Samsung_ORIGINAL;False;0.694444;0.605263;0.55
Microsoft_ORIGINAL;Samsung_ORIGINAL;False;0.694444;0.605263;0.55
Microsoft_ORIGINAL;Samsung_ORIGINAL;False;0.694444;0.605263;0.55
Microsoft_ORIGINAL;Samsung_ORIGINAL;False;0.774194;0.69697;0.628571
Microsoft_ORIGINAL;Samsung_ORIGINAL;False;0.774194;0.69697;0.628571
Microsoft_ORIGINAL;Samsung_ORIGINAL;False;0.774194;0.69697;0.628571
Microsoft_ORIGINAL;Samsung_ORIGINAL;False;0.774194;0.69697;0.628571
Microsoft_ORIGINAL;Samsung_ORIGINAL;False;0.774194;0.69697;0.628571
Microsoft_ORIGINAL;Samsung_ORIGINAL;False;0.774194;0.69697;0.628571
Microsoft_ORIGINAL;Samsung_ORIGINAL;False;0.774194;0.69697;0.628571
Microsoft_ORIGINAL;Samsung_ORIGINAL;False;0.774194;0.69697;0.628571
Microsoft_ORIGINAL;Samsung_ORIGINAL;False;0.774194;0.69697;0.628571
Microsoft_ORIGINAL;Samsung_ORIGINAL;False;0.774194;0.69697;0.628571
Microsoft_ORIGINAL;Samsung_ORIGINAL;False;0.774194;0.69697;0.628571
Microsoft_ORIGINAL;Samsung_ORIGINAL;False;0.774194;0.69697;0.628571
Microsoft_ORIGINAL;Samsung_ORIGINAL;False;0.774194;0.69697;0.628571
Microsoft_ORIGINAL;OnePlus_ORIGINAL;False;0.6;0.513514;0.487179
Microsoft_ORIGINAL;OnePlus_ORIGINAL;False;0.6;0.513514;0.487179
Microsoft_ORIGINAL;OnePlus_ORIGINAL;False;0.6;0.513514;0.487179
Microsoft_ORIGINAL;OnePlus_ORIGINAL;False;0.6;0.513514;0.487179
Microsoft_ORIGINAL;OnePlus_ORIGINAL;False;0.6;0.513514;0.487179
Microsoft_ORIGINAL;OnePlus_ORIGINAL;False;0.6;0.513514;0.487179
Microsoft_ORIGINAL;OnePlus_ORIGINAL;False;0.6;0.513514;0.487179
Microsoft_ORIGINAL;OnePlus_ORIGINAL;False;0.6;0.513514;0.487179
Microsoft_ORIGINAL;OnePlus_ORIGINAL;False;0.6;0.513514;0.487179
Microsoft_ORIGINAL;OnePlus_ORIGINAL;False;0.6;0.513514;0.487179
Microsoft_ORIGINAL;OnePlus_ORIGINAL;False;0.6;0.513514;0.487179
Microsoft_ORIGINAL;OnePlus_ORIGINAL;False;0.6;0.513514;0.487179
Microsoft_ORIGINAL;OnePlus_ORIGINAL;False;0.6;0.513514;0.487179
Microsoft_ORIGINAL;OnePlus_ORIGINAL;False;0.6;0.513514;0.487179
Microsoft_ORIGINAL;OnePlus_ORIGINAL;False;0.6;0.513514;0.487179
Microsoft_ORIGINAL;OnePlus_ORIGINAL;False;0.6;0.513514;0.487179
Microsoft_ORIGINAL;Xiaomi_ORIGINAL;False;0.647059;0.555556;0.526316
Microsoft_ORIGINAL;Xiaomi_ORIGINAL;False;0.611111;0.526316;0.5
Microsoft_ORIGINAL;Xiaomi_ORIGINAL;False;0.611111;0.526316;0.5
Microsoft_ORIGINAL;Xiaomi_ORIGINAL;False;0.611111;0.526316;0.5
Microsoft_ORIGINAL;Xiaomi_ORIGINAL;False;0.611111;0.526316;0.5
Microsoft_ORIGINAL;Xiaomi_ORIGINAL;False;0.647059;0.555556;0.526316
Microsoft_ORIGINAL;Xiaomi_ORIGINAL;False;0.647059;0.555556;0.526316
Microsoft_ORIGINAL;Xiaomi_ORIGINAL;False;0.647059;0.555556;0.526316
Microsoft_ORIGINAL;Xiaomi_ORIGINAL;False;0.647059;0.555556;0.526316
Microsoft_ORIGINAL;Xiaomi_ORIGINAL;False;0.611111;0.526316;0.5
Microsoft_ORIGINAL;Xiaomi_ORIGINAL;False;0.647059;0.555556;0.526316
Microsoft_ORIGINAL;Xiaomi_ORIGINAL;False;0.611111;0.526316;0.5
Microsoft_ORIGINAL;Xiaomi_ORIGINAL;False;0.611111;0.526316;0.5
Microsoft_ORIGINAL;Xiaomi_ORIGINAL;False;0.611111;0.526316;0.5
Microsoft_ORIGINAL;Xiaomi_ORIGINAL;False;0.611111;0.526316;0.5
Microsoft_ORIGINAL;Xiaomi_ORIGINAL;False;0.611111;0.526316;0.5
Microsoft_ORIGINAL;Asus_ORIGINAL;False;0.647059;0.555556;0.526316
Microsoft_ORIGINAL;Asus_ORIGINAL;False;0.647059;0.555556;0.526316
Microsoft_ORIGINAL;Asus_ORIGINAL;False;0.647059;0.555556;0.526316
Microsoft_ORIGINAL;Asus_ORIGINAL;False;0.647059;0.555556;0.526316
Microsoft_ORIGINAL;Asus_ORIGINAL;False;0.647059;0.555556;0.526316
Microsoft_ORIGINAL;Asus_ORIGINAL;False;0.647059;0.555556;0.526316
Microsoft_ORIGINAL;Asus_ORIGINAL;False;0.647059;0.555556;0.526316
Microsoft_ORIGINAL;Asus_ORIGINAL;False;0.647059;0.555556;0.526316
Microsoft_ORIGINAL;Asus_ORIGINAL;False;0.647059;0.555556;0.526316
Microsoft_ORIGINAL;Asus_ORIGINAL;False;0.647059;0.555556;0.526316
Microsoft_ORIGINAL;Asus_ORIGINAL;False;0.647059;0.555556;0.526316
Microsoft_ORIGINAL;Asus_ORIGINAL;False;0.647059;0.555556;0.526316
Microsoft_ORIGINAL;Asus_ORIGINAL;False;0.647059;0.555556;0.526316
Microsoft_ORIGINAL;Asus_ORIGINAL;False;0.647059;0.555556;0.526316
Microsoft_ORIGINAL;Asus_ORIGINAL;False;0.647059;0.555556;0.526316
Microsoft_ORIGINAL;Asus_ORIGINAL;False;0.647059;0.555556;0.526316
Microsoft_ORIGINAL;Samsung_ORIGINAL;False;0.774194;0.69697;0.628571
Microsoft_ORIGINAL;Samsung_ORIGINAL;False;0.774194;0.69697;0.628571
Microsoft_ORIGINAL;Samsung_ORIGINAL;False;0.774194;0.69697;0.628571
Microsoft_ORIGINAL;Samsung_ORIGINAL;False;0.774194;0.69697;0.628571
Microsoft_ORIGINAL;Samsung_ORIGINAL;False;0.774194;0.69697;0.628571
Microsoft_ORIGINAL;Samsung_ORIGINAL;False;0.774194;0.69697;0.628571
Microsoft_ORIGINAL;Samsung_ORIGINAL;False;0.774194;0.69697;0.628571
Microsoft_ORIGINAL;Samsung_ORIGINAL;False;0.774194;0.69697;0.628571
Microsoft_ORIGINAL;Samsung_ORIGINAL;False;0.774194;0.69697;0.628571
Microsoft_ORIGINAL;Samsung_ORIGINAL;False;0.774194;0.69697;0.628571
Microsoft_ORIGINAL;Samsung_ORIGINAL;False;0.774194;0.69697;0.628571
Microsoft_ORIGINAL;Samsung_ORIGINAL;False;0.774194;0.69697;0.628571
Microsoft_ORIGINAL;Samsung_ORIGINAL;False;0.774194;0.69697;0.628571
Microsoft_ORIGINAL;Wiko_ORIGINAL;False;0.733333;0.6875;0.617647
Microsoft_ORIGINAL;Wiko_ORIGINAL;False;0.733333;0.6875;0.617647
Microsoft_ORIGINAL;Wiko_ORIGINAL;False;0.733333;0.6875;0.617647
Microsoft_ORIGINAL;Wiko_ORIGINAL;False;0.733333;0.6875;0.617647
Microsoft_ORIGINAL;Wiko_ORIGINAL;False;0.733333;0.6875;0.617647
Microsoft_ORIGINAL;Wiko_ORIGINAL;False;0.733333;0.6875;0.617647
Microsoft_ORIGINAL;Wiko_ORIGINAL;False;0.733333;0.6875;0.617647
Microsoft_ORIGINAL;Wiko_ORIGINAL;False;0.733333;0.6875;0.617647
Microsoft_ORIGINAL;Apple_ORIGINAL;False;0.42;0.320755;0.236364
Microsoft_ORIGINAL;Apple_ORIGINAL;False;0.42;0.320755;0.236364
Microsoft_ORIGINAL;Apple_ORIGINAL;False;0.42;0.320755;0.236364
Microsoft_ORIGINAL;Apple_ORIGINAL;False;0.428571;0.326923;0.240741
Microsoft_ORIGINAL;Apple_ORIGINAL;False;0.428571;0.326923;0.240741
Microsoft_ORIGINAL;Apple_ORIGINAL;False;0.428571;0.326923;0.240741
Microsoft_ORIGINAL;Apple_ORIGINAL;False;0.428571;0.326923;0.240741
Microsoft_ORIGINAL;Apple_ORIGINAL;False;0.428571;0.326923;0.240741
Microsoft_ORIGINAL;Apple_ORIGINAL;False;0.428571;0.326923;0.240741
Microsoft_ORIGINAL;Apple_ORIGINAL;False;0.42;0.320755;0.236364
Microsoft_ORIGINAL;Apple_ORIGINAL;False;0.428571;0.326923;0.240741
Microsoft_ORIGINAL;Apple_ORIGINAL;False;0.42;0.320755;0.236364
Microsoft_ORIGINAL;Apple_ORIGINAL;False;0.428571;0.326923;0.240741
Microsoft_ORIGINAL;Apple_ORIGINAL;False;0.477273;0.361702;0.285714
Microsoft_ORIGINAL;Apple_ORIGINAL;False;0.411765;0.298246;0.209677
Microsoft_ORIGINAL;Apple_ORIGINAL;False;0.411765;0.298246;0.209677
Microsoft_ORIGINAL;Apple_ORIGINAL;False;0.411765;0.298246;0.209677
Microsoft_ORIGINAL;Apple_ORIGINAL;False;0.411765;0.298246;0.209677
Microsoft_ORIGINAL;Apple_ORIGINAL;False;0.411765;0.298246;0.209677
Microsoft_ORIGINAL;Apple_ORIGINAL;False;0.411765;0.298246;0.209677
Microsoft_ORIGINAL;Apple_ORIGINAL;False;0.411765;0.298246;0.209677
Microsoft_ORIGINAL;Apple_ORIGINAL;False;0.411765;0.298246;0.209677
Microsoft_ORIGINAL;Apple_ORIGINAL;False;0.411765;0.298246;0.209677
Microsoft_ORIGINAL;Apple_ORIGINAL;False;0.411765;0.298246;0.209677
Microsoft_ORIGINAL;Apple_ORIGINAL;False;0.411765;0.298246;0.209677
Microsoft_ORIGINAL;Apple_ORIGINAL;False;0.411765;0.298246;0.209677
Microsoft_ORIGINAL;Apple_ORIGINAL;False;0.411765;0.298246;0.209677
Microsoft_ORIGINAL;Apple_ORIGINAL;False;0.411765;0.298246;0.209677
Microsoft_ORIGINAL;Apple_ORIGINAL;False;0.411765;0.298246;0.209677
Microsoft_ORIGINAL;Apple_ORIGINAL;False;0.42;0.320755;0.236364
Microsoft_ORIGINAL;Apple_ORIGINAL;False;0.42;0.320755;0.236364
Microsoft_ORIGINAL;Apple_ORIGINAL;False;0.42;0.320755;0.236364
Microsoft_ORIGINAL;Apple_ORIGINAL;False;0.42;0.320755;0.236364
Microsoft_ORIGINAL;Apple_ORIGINAL;False;0.42;0.320755;0.236364
Microsoft_ORIGINAL;Apple_ORIGINAL;False;0.42;0.320755;0.236364
Microsoft_ORIGINAL;Apple_ORIGINAL;False;0.42;0.320755;0.236364
Microsoft_ORIGINAL;Apple_ORIGINAL;False;0.42;0.320755;0.236364
Microsoft_ORIGINAL;Apple_ORIGINAL;False;0.42;0.320755;0.236364
Microsoft_ORIGINAL;Apple_ORIGINAL;False;0.42;0.320755;0.236364
Microsoft_ORIGINAL;Microsoft_ORIGINAL;True;1.0;1.0;1.0
Microsoft_ORIGINAL;Microsoft_ORIGINAL;True;1.0;1.0;1.0
Microsoft_ORIGINAL;Microsoft_ORIGINAL;True;1.0;1.0;1.0
Microsoft_ORIGINAL;Microsoft_ORIGINAL;True;1.0;1.0;1.0
Microsoft_ORIGINAL;Microsoft_ORIGINAL;True;1.0;1.0;1.0
Microsoft_ORIGINAL;Microsoft_ORIGINAL;True;1.0;1.0;1.0
Microsoft_ORIGINAL;Microsoft_ORIGINAL;True;1.0;1.0;1.0
Microsoft_ORIGINAL;Huawei_ORIGINAL;False;0.617647;0.527778;0.5
Microsoft_ORIGINAL;Huawei_ORIGINAL;False;0.617647;0.527778;0.5
Microsoft_ORIGINAL;Huawei_ORIGINAL;False;0.617647;0.527778;0.5
Microsoft_ORIGINAL;Huawei_ORIGINAL;False;0.617647;0.527778;0.5
Microsoft_ORIGINAL;Huawei_ORIGINAL;False;0.617647;0.527778;0.5
Microsoft_ORIGINAL;Huawei_ORIGINAL;False;0.617647;0.527778;0.5
Microsoft_ORIGINAL;Huawei_ORIGINAL;False;0.617647;0.527778;0.5
Microsoft_ORIGINAL;Huawei_ORIGINAL;False;0.617647;0.527778;0.5
Microsoft_ORIGINAL;Huawei_ORIGINAL;False;0.617647;0.527778;0.5
Microsoft_ORIGINAL;Huawei_ORIGINAL;False;0.617647;0.527778;0.5
Microsoft_ORIGINAL;Huawei_ORIGINAL;False;0.617647;0.527778;0.5
Microsoft_ORIGINAL;Huawei_ORIGINAL;False;0.617647;0.527778;0.5
Microsoft_ORIGINAL;Huawei_ORIGINAL;False;0.617647;0.527778;0.5
Microsoft_ORIGINAL;Huawei_ORIGINAL;False;0.617647;0.527778;0.5
Microsoft_ORIGINAL;Huawei_ORIGINAL;False;0.617647;0.527778;0.5
Microsoft_ORIGINAL;Huawei_ORIGINAL;False;0.617647;0.527778;0.5
Microsoft_ORIGINAL;Apple_ORIGINAL;False;0.411765;0.298246;0.209677
Microsoft_ORIGINAL;Apple_ORIGINAL;False;0.411765;0.298246;0.209677
Microsoft_ORIGINAL;Apple_ORIGINAL;False;0.411765;0.298246;0.209677
Microsoft_ORIGINAL;Apple_ORIGINAL;False;0.411765;0.298246;0.209677
Microsoft_ORIGINAL;Apple_ORIGINAL;False;0.411765;0.298246;0.209677
Microsoft_ORIGINAL;Apple_ORIGINAL;False;0.411765;0.298246;0.209677
Microsoft_ORIGINAL;Apple_ORIGINAL;False;0.411765;0.298246;0.209677
Microsoft_ORIGINAL;Apple_ORIGINAL;False;0.411765;0.298246;0.209677
Microsoft_ORIGINAL;Apple_ORIGINAL;False;0.411765;0.298246;0.209677
Microsoft_ORIGINAL;Apple_ORIGINAL;False;0.411765;0.298246;0.209677
Microsoft_ORIGINAL;Apple_ORIGINAL;False;0.411765;0.298246;0.209677
Microsoft_ORIGINAL;Apple_ORIGINAL;False;0.411765;0.298246;0.209677
Microsoft_ORIGINAL;Apple_ORIGINAL;False;0.411765;0.298246;0.209677
Microsoft_ORIGINAL;Apple_ORIGINAL;False;0.411765;0.298246;0.209677
Microsoft_ORIGINAL;Apple_ORIGINAL;False;0.411765;0.298246;0.209677
Microsoft_ORIGINAL;Apple_ORIGINAL;False;0.403846;0.303571;0.220339
Microsoft_ORIGINAL;Apple_ORIGINAL;False;0.403846;0.303571;0.220339
Microsoft_ORIGINAL;Apple_ORIGINAL;False;0.403846;0.303571;0.220339
Microsoft_ORIGINAL;Apple_ORIGINAL;False;0.403846;0.303571;0.220339
Microsoft_ORIGINAL;Apple_ORIGINAL;False;0.403846;0.303571;0.220339
Microsoft_ORIGINAL;Apple_ORIGINAL;False;0.403846;0.303571;0.220339
Microsoft_ORIGINAL;Apple_ORIGINAL;False;0.403846;0.303571;0.220339
Microsoft_ORIGINAL;Apple_ORIGINAL;False;0.403846;0.303571;0.220339
Microsoft_ORIGINAL;Apple_ORIGINAL;False;0.403846;0.303571;0.220339
Microsoft_ORIGINAL;Apple_ORIGINAL;False;0.403846;0.303571;0.220339
Microsoft_ORIGINAL;Apple_ORIGINAL;False;0.403846;0.303571;0.220339
Microsoft_ORIGINAL;Apple_ORIGINAL;False;0.403846;0.303571;0.220339
Microsoft_ORIGINAL;Apple_ORIGINAL;False;0.403846;0.303571;0.220339
Microsoft_ORIGINAL;Apple_ORIGINAL;False;0.403846;0.303571;0.220339
Microsoft_ORIGINAL;Apple_ORIGINAL;False;0.403846;0.303571;0.220339
Microsoft_ORIGINAL;Apple_ORIGINAL;False;0.403846;0.303571;0.220339
Microsoft_ORIGINAL;Apple_ORIGINAL;False;0.403846;0.303571;0.220339
Microsoft_ORIGINAL;Apple_ORIGINAL;False;0.403846;0.303571;0.220339
Microsoft_ORIGINAL;Apple_ORIGINAL;False;0.403846;0.303571;0.220339
Microsoft_ORIGINAL;Apple_ORIGINAL;False;0.403846;0.303571;0.220339
Microsoft_ORIGINAL;Apple_ORIGINAL;False;0.403846;0.303571;0.220339
Microsoft_ORIGINAL;Apple_ORIGINAL;False;0.403846;0.303571;0.220339
Microsoft_ORIGINAL;Apple_ORIGINAL;False;0.403846;0.303571;0.220339
Microsoft_ORIGINAL;Apple_ORIGINAL;False;0.403846;0.303571;0.220339
Microsoft_ORIGINAL;Apple_ORIGINAL;False;0.403846;0.303571;0.220339
Microsoft_ORIGINAL;Apple_ORIGINAL;False;0.403846;0.303571;0.220339
Microsoft_ORIGINAL;Apple_ORIGINAL;False;0.403846;0.303571;0.220339
Microsoft_ORIGINAL;Apple_ORIGINAL;False;0.403846;0.303571;0.220339
Microsoft_ORIGINAL;Apple_ORIGINAL;False;0.403846;0.303571;0.220339
Microsoft_ORIGINAL;Sony_ORIGINAL;False;0.6;0.541667;0.478261
Microsoft_ORIGINAL;Sony_ORIGINAL;False;0.6;0.541667;0.478261
Microsoft_ORIGINAL;Sony_ORIGINAL;False;0.6;0.541667;0.478261
Microsoft_ORIGINAL;Sony_ORIGINAL;False;0.6;0.541667;0.478261
Microsoft_ORIGINAL;Sony_ORIGINAL;False;0.6;0.541667;0.478261
Microsoft_ORIGINAL;Sony_ORIGINAL;False;0.6;0.541667;0.478261
Microsoft_ORIGINAL;Sony_ORIGINAL;False;0.6;0.541667;0.478261
Microsoft_ORIGINAL;Sony_ORIGINAL;False;0.6;0.541667;0.478261
Microsoft_ORIGINAL;Sony_ORIGINAL;False;0.6;0.541667;0.478261
Microsoft_ORIGINAL;Sony_ORIGINAL;False;0.6;0.541667;0.478261
Microsoft_ORIGINAL;Sony_ORIGINAL;False;0.6;0.541667;0.478261
Microsoft_ORIGINAL;Sony_ORIGINAL;False;0.6;0.541667;0.478261
Microsoft_ORIGINAL;Sony_ORIGINAL;False;0.6;0.541667;0.478261
Microsoft_ORIGINAL;Sony_ORIGINAL;False;0.6;0.541667;0.478261
Microsoft_ORIGINAL;Sony_ORIGINAL;False;0.6;0.541667;0.478261
Microsoft_ORIGINAL;Sony_ORIGINAL;False;0.6;0.541667;0.478261
Microsoft_ORIGINAL;Samsung_ORIGINAL;False;0.7;0.65625;0.588235
Microsoft_ORIGINAL;Samsung_ORIGINAL;False;0.625;0.558824;0.527778
Microsoft_ORIGINAL;Samsung_ORIGINAL;False;0.7;0.65625;0.588235
Microsoft_ORIGINAL;Samsung_ORIGINAL;False;0.7;0.65625;0.588235
Microsoft_ORIGINAL;Samsung_ORIGINAL;False;0.7;0.65625;0.588235
Microsoft_ORIGINAL;Samsung_ORIGINAL;False;0.7;0.65625;0.588235
Microsoft_ORIGINAL;Samsung_ORIGINAL;False;0.7;0.65625;0.588235
Microsoft_ORIGINAL;Samsung_ORIGINAL;False;0.7;0.65625;0.588235
Microsoft_ORIGINAL;Samsung_ORIGINAL;False;0.7;0.65625;0.588235
Microsoft_ORIGINAL;Samsung_ORIGINAL;False;0.625;0.558824;0.527778
Microsoft_ORIGINAL;Samsung_ORIGINAL;False;0.7;0.65625;0.588235
Microsoft_ORIGINAL;Samsung_ORIGINAL;False;0.7;0.65625;0.588235
Microsoft_ORIGINAL;Samsung_ORIGINAL;False;0.7;0.65625;0.588235
Microsoft_ORIGINAL;Samsung_ORIGINAL;False;0.7;0.65625;0.588235
Microsoft_ORIGINAL;Samsung_ORIGINAL;False;0.7;0.65625;0.588235
Microsoft_ORIGINAL;Samsung_ORIGINAL;False;0.7;0.65625;0.588235
Microsoft_ORIGINAL;Apple_ORIGINAL;False;0.42;0.320755;0.236364
Microsoft_ORIGINAL;Apple_ORIGINAL;False;0.42;0.320755;0.236364
Microsoft_ORIGINAL;Apple_ORIGINAL;False;0.42;0.320755;0.236364
Microsoft_ORIGINAL;Apple_ORIGINAL;False;0.42;0.320755;0.236364
Microsoft_ORIGINAL;Apple_ORIGINAL;False;0.42;0.320755;0.236364
Microsoft_ORIGINAL;Apple_ORIGINAL;False;0.42;0.320755;0.236364
Microsoft_ORIGINAL;Apple_ORIGINAL;False;0.42;0.320755;0.236364
Microsoft_ORIGINAL;Apple_ORIGINAL;False;0.42;0.320755;0.236364
Microsoft_ORIGINAL;Apple_ORIGINAL;False;0.42;0.320755;0.236364
Microsoft_ORIGINAL;Apple_ORIGINAL;False;0.42;0.320755;0.236364
Microsoft_ORIGINAL;Apple_ORIGINAL;False;0.42;0.320755;0.236364
Microsoft_ORIGINAL;Apple_ORIGINAL;False;0.42;0.320755;0.236364
Microsoft_ORIGINAL;Apple_ORIGINAL;False;0.428571;0.326923;0.240741
Microsoft_ORIGINAL;Apple_ORIGINAL;False;0.428571;0.326923;0.240741
Microsoft_ORIGINAL;Apple_ORIGINAL;False;0.428571;0.326923;0.240741
Microsoft_ORIGINAL;Apple_ORIGINAL;False;0.428571;0.326923;0.240741
Microsoft_ORIGINAL;Apple_ORIGINAL;False;0.428571;0.326923;0.240741
Microsoft_ORIGINAL;Apple_ORIGINAL;False;0.428571;0.326923;0.240741
Microsoft_ORIGINAL;Apple_ORIGINAL;False;0.428571;0.326923;0.240741
Microsoft_ORIGINAL;Apple_ORIGINAL;False;0.428571;0.326923;0.240741
Microsoft_ORIGINAL;Apple_ORIGINAL;False;0.428571;0.326923;0.240741
Microsoft_ORIGINAL;Apple_ORIGINAL;False;0.428571;0.326923;0.240741
Microsoft_ORIGINAL;Apple_ORIGINAL;False;0.428571;0.326923;0.240741
Microsoft_ORIGINAL;Apple_ORIGINAL;False;0.428571;0.326923;0.240741
Microsoft_ORIGINAL;Apple_ORIGINAL;False;0.428571;0.326923;0.240741
Microsoft_ORIGINAL;Apple_ORIGINAL;False;0.428571;0.326923;0.240741
Microsoft_ORIGINAL;Apple_ORIGINAL;False;0.428571;0.326923;0.240741
Microsoft_ORIGINAL;Apple_ORIGINAL;False;0.428571;0.326923;0.240741
Microsoft_ORIGINAL;Apple_ORIGINAL;False;0.428571;0.326923;0.240741
Microsoft_ORIGINAL;Apple_ORIGINAL;False;0.428571;0.326923;0.240741
Microsoft_ORIGINAL;Apple_ORIGINAL;False;0.428571;0.326923;0.240741
Microsoft_ORIGINAL;Apple_ORIGINAL;False;0.428571;0.326923;0.240741
Microsoft_ORIGINAL;Apple_ORIGINAL;False;0.428571;0.326923;0.240741
Microsoft_ORIGINAL;Apple_ORIGINAL;False;0.428571;0.326923;0.240741
Microsoft_ORIGINAL;Apple_ORIGINAL;False;0.428571;0.326923;0.240741
Microsoft_ORIGINAL;Apple_ORIGINAL;False;0.428571;0.326923;0.240741
Microsoft_ORIGINAL;Apple_ORIGINAL;False;0.428571;0.326923;0.240741
Microsoft_ORIGINAL;Apple_ORIGINAL;False;0.428571;0.326923;0.240741
Microsoft_ORIGINAL;Apple_ORIGINAL;False;0.428571;0.326923;0.240741
Microsoft_ORIGINAL;Apple_ORIGINAL;False;0.428571;0.326923;0.240741
Microsoft_ORIGINAL;Apple_ORIGINAL;False;0.428571;0.326923;0.240741
Microsoft_ORIGINAL;Huawei_ORIGINAL;False;0.625;0.558824;0.527778
Microsoft_ORIGINAL;Huawei_ORIGINAL;False;0.625;0.558824;0.527778
Microsoft_ORIGINAL;Huawei_ORIGINAL;False;0.625;0.558824;0.527778
Microsoft_ORIGINAL;Huawei_ORIGINAL;False;0.625;0.558824;0.527778
Microsoft_ORIGINAL;Huawei_ORIGINAL;False;0.625;0.558824;0.527778
Microsoft_ORIGINAL;Huawei_ORIGINAL;False;0.625;0.558824;0.527778
Microsoft_ORIGINAL;Huawei_ORIGINAL;False;0.625;0.558824;0.527778
Microsoft_ORIGINAL;Huawei_ORIGINAL;False;0.625;0.558824;0.527778
Microsoft_ORIGINAL;Huawei_ORIGINAL;False;0.625;0.558824;0.527778
Microsoft_ORIGINAL;Huawei_ORIGINAL;False;0.625;0.558824;0.527778
Microsoft_ORIGINAL;Huawei_ORIGINAL;False;0.625;0.558824;0.527778
Microsoft_ORIGINAL;Huawei_ORIGINAL;False;0.625;0.558824;0.527778
Microsoft_ORIGINAL;Huawei_ORIGINAL;False;0.625;0.558824;0.527778
Microsoft_ORIGINAL;Huawei_ORIGINAL;False;0.625;0.558824;0.527778
Microsoft_ORIGINAL;Huawei_ORIGINAL;False;0.625;0.558824;0.527778
Microsoft_ORIGINAL;Huawei_ORIGINAL;False;0.625;0.558824;0.527778
Microsoft_ORIGINAL;OnePlus_ORIGINAL;False;0.6;0.513514;0.487179
Microsoft_ORIGINAL;OnePlus_ORIGINAL;False;0.6;0.513514;0.487179
Microsoft_ORIGINAL;OnePlus_ORIGINAL;False;0.6;0.513514;0.487179
Microsoft_ORIGINAL;OnePlus_ORIGINAL;False;0.6;0.513514;0.487179
Microsoft_ORIGINAL;OnePlus_ORIGINAL;False;0.6;0.513514;0.487179
Microsoft_ORIGINAL;OnePlus_ORIGINAL;False;0.6;0.513514;0.487179
Microsoft_ORIGINAL;OnePlus_ORIGINAL;False;0.6;0.513514;0.487179
Microsoft_ORIGINAL;OnePlus_ORIGINAL;False;0.6;0.513514;0.487179
Microsoft_ORIGINAL;OnePlus_ORIGINAL;False;0.6;0.513514;0.487179
Microsoft_ORIGINAL;OnePlus_ORIGINAL;False;0.6;0.513514;0.487179
Microsoft_ORIGINAL;OnePlus_ORIGINAL;False;0.6;0.513514;0.487179
Microsoft_ORIGINAL;OnePlus_ORIGINAL;False;0.6;0.513514;0.487179
Microsoft_ORIGINAL;OnePlus_ORIGINAL;False;0.6;0.513514;0.487179
Microsoft_ORIGINAL;OnePlus_ORIGINAL;False;0.6;0.513514;0.487179
Microsoft_ORIGINAL;OnePlus_ORIGINAL;False;0.567568;0.487179;0.463415
Microsoft_ORIGINAL;OnePlus_ORIGINAL;False;0.567568;0.487179;0.463415
Microsoft_ORIGINAL;Samsung_ORIGINAL;False;0.75;0.676471;0.611111
Microsoft_ORIGINAL;Samsung_ORIGINAL;False;0.75;0.676471;0.611111
Microsoft_ORIGINAL;Samsung_ORIGINAL;False;0.75;0.676471;0.611111
Microsoft_ORIGINAL;Samsung_ORIGINAL;False;0.75;0.676471;0.611111
Microsoft_ORIGINAL;Samsung_ORIGINAL;False;0.75;0.676471;0.611111
Microsoft_ORIGINAL;Samsung_ORIGINAL;False;0.75;0.676471;0.611111
Microsoft_ORIGINAL;Samsung_ORIGINAL;False;0.75;0.676471;0.611111
Microsoft_ORIGINAL;Samsung_ORIGINAL;False;0.75;0.676471;0.611111
Microsoft_ORIGINAL;Samsung_ORIGINAL;False;0.75;0.676471;0.611111
Microsoft_ORIGINAL;Samsung_ORIGINAL;False;0.75;0.676471;0.611111
Microsoft_ORIGINAL;Samsung_ORIGINAL;False;0.75;0.676471;0.611111
Microsoft_ORIGINAL;Samsung_ORIGINAL;False;0.75;0.676471;0.611111
Microsoft_ORIGINAL;Samsung_ORIGINAL;False;0.75;0.676471;0.611111
Microsoft_ORIGINAL;Samsung_ORIGINAL;False;0.75;0.676471;0.611111
Microsoft_ORIGINAL;Samsung_ORIGINAL;False;0.75;0.676471;0.611111
Microsoft_ORIGINAL;Samsung_ORIGINAL;False;0.75;0.676471;0.611111
Microsoft_ORIGINAL;Huawei_ORIGINAL;False;0.647059;0.555556;0.526316
Microsoft_ORIGINAL;Huawei_ORIGINAL;False;0.647059;0.555556;0.526316
Microsoft_ORIGINAL;Huawei_ORIGINAL;False;0.647059;0.555556;0.526316
Microsoft_ORIGINAL;Huawei_ORIGINAL;False;0.647059;0.555556;0.526316
Microsoft_ORIGINAL;Huawei_ORIGINAL;False;0.647059;0.555556;0.526316
Microsoft_ORIGINAL;Huawei_ORIGINAL;False;0.647059;0.555556;0.526316
Microsoft_ORIGINAL;Huawei_ORIGINAL;False;0.647059;0.555556;0.526316
Microsoft_ORIGINAL;Huawei_ORIGINAL;False;0.647059;0.555556;0.526316
Microsoft_ORIGINAL;Huawei_ORIGINAL;False;0.647059;0.555556;0.526316
Microsoft_ORIGINAL;Huawei_ORIGINAL;False;0.647059;0.555556;0.526316
Microsoft_ORIGINAL;Huawei_ORIGINAL;False;0.647059;0.555556;0.526316
Microsoft_ORIGINAL;Huawei_ORIGINAL;False;0.647059;0.555556;0.526316
Microsoft_ORIGINAL;Huawei_ORIGINAL;False;0.647059;0.555556;0.526316
Microsoft_ORIGINAL;Huawei_ORIGINAL;False;0.647059;0.555556;0.526316
Microsoft_ORIGINAL;Huawei_ORIGINAL;False;0.647059;0.555556;0.526316
Microsoft_ORIGINAL;Huawei_ORIGINAL;False;0.647059;0.555556;0.526316
Microsoft_ORIGINAL;Apple_ORIGINAL;False;0.411765;0.298246;0.209677
Microsoft_ORIGINAL;Apple_ORIGINAL;False;0.411765;0.298246;0.209677
Microsoft_ORIGINAL;Apple_ORIGINAL;False;0.411765;0.298246;0.209677
Microsoft_ORIGINAL;Apple_ORIGINAL;False;0.411765;0.298246;0.209677
Microsoft_ORIGINAL;Apple_ORIGINAL;False;0.411765;0.298246;0.209677
Microsoft_ORIGINAL;Apple_ORIGINAL;False;0.411765;0.298246;0.209677
Microsoft_ORIGINAL;Apple_ORIGINAL;False;0.411765;0.298246;0.209677
Microsoft_ORIGINAL;Apple_ORIGINAL;False;0.411765;0.298246;0.209677
Microsoft_ORIGINAL;Apple_ORIGINAL;False;0.411765;0.298246;0.209677
Microsoft_ORIGINAL;Apple_ORIGINAL;False;0.411765;0.298246;0.209677
Microsoft_ORIGINAL;Apple_ORIGINAL;False;0.411765;0.298246;0.209677
Microsoft_ORIGINAL;Apple_ORIGINAL;False;0.411765;0.298246;0.209677
Microsoft_ORIGINAL;Apple_ORIGINAL;False;0.411765;0.298246;0.209677
Microsoft_ORIGINAL;Apple_ORIGINAL;False;0.411765;0.298246;0.209677
Microsoft_ORIGINAL;Apple_ORIGINAL;False;0.411765;0.298246;0.209677
Microsoft_ORIGINAL;Apple_ORIGINAL;False;0.411765;0.298246;0.209677
Microsoft_ORIGINAL;Huawei_ORIGINAL;False;0.647059;0.555556;0.526316
Microsoft_ORIGINAL;Huawei_ORIGINAL;False;0.647059;0.555556;0.526316
Microsoft_ORIGINAL;Huawei_ORIGINAL;False;0.647059;0.555556;0.526316
Microsoft_ORIGINAL;Huawei_ORIGINAL;False;0.647059;0.555556;0.526316
Microsoft_ORIGINAL;Huawei_ORIGINAL;False;0.647059;0.555556;0.526316
Microsoft_ORIGINAL;Huawei_ORIGINAL;False;0.647059;0.555556;0.526316
Microsoft_ORIGINAL;Huawei_ORIGINAL;False;0.647059;0.555556;0.526316
Microsoft_ORIGINAL;Huawei_ORIGINAL;False;0.647059;0.555556;0.526316
Microsoft_ORIGINAL;Huawei_ORIGINAL;False;0.647059;0.555556;0.526316
Microsoft_ORIGINAL;Huawei_ORIGINAL;False;0.647059;0.555556;0.526316
Microsoft_ORIGINAL;Huawei_ORIGINAL;False;0.647059;0.555556;0.526316
Microsoft_ORIGINAL;Huawei_ORIGINAL;False;0.647059;0.555556;0.526316
Microsoft_ORIGINAL;Huawei_ORIGINAL;False;0.647059;0.555556;0.526316
Microsoft_ORIGINAL;Huawei_ORIGINAL;False;0.647059;0.555556;0.526316
Microsoft_ORIGINAL;Huawei_ORIGINAL;False;0.647059;0.555556;0.526316
Microsoft_ORIGINAL;Huawei_ORIGINAL;False;0.647059;0.555556;0.526316
Microsoft_ORIGINAL;Samsung_ORIGINAL;False;0.727273;0.657143;0.594595
Microsoft_ORIGINAL;Samsung_ORIGINAL;False;0.727273;0.657143;0.594595
Microsoft_ORIGINAL;Samsung_ORIGINAL;False;0.727273;0.657143;0.594595
Microsoft_ORIGINAL;Samsung_ORIGINAL;False;0.705882;0.638889;0.578947
Microsoft_ORIGINAL;Samsung_ORIGINAL;False;0.705882;0.638889;0.578947
Microsoft_ORIGINAL;Samsung_ORIGINAL;False;0.705882;0.638889;0.578947
Microsoft_ORIGINAL;Samsung_ORIGINAL;False;0.705882;0.638889;0.578947
Microsoft_ORIGINAL;Samsung_ORIGINAL;False;0.705882;0.638889;0.578947
Microsoft_ORIGINAL;Samsung_ORIGINAL;False;0.727273;0.657143;0.594595
Microsoft_ORIGINAL;Samsung_ORIGINAL;False;0.727273;0.657143;0.594595
Microsoft_ORIGINAL;Samsung_ORIGINAL;False;0.727273;0.657143;0.594595
Microsoft_ORIGINAL;Samsung_ORIGINAL;False;0.727273;0.657143;0.594595
Microsoft_ORIGINAL;Samsung_ORIGINAL;False;0.727273;0.657143;0.594595
OnePlus_ORIGINAL;Samsung_ORIGINAL;False;0.709677;0.636364;0.571429
OnePlus_ORIGINAL;Samsung_ORIGINAL;False;0.709677;0.636364;0.571429
OnePlus_ORIGINAL;Samsung_ORIGINAL;False;0.709677;0.636364;0.571429
OnePlus_ORIGINAL;Samsung_ORIGINAL;False;0.709677;0.636364;0.571429
OnePlus_ORIGINAL;Samsung_ORIGINAL;False;0.709677;0.636364;0.571429
OnePlus_ORIGINAL;Samsung_ORIGINAL;False;0.709677;0.636364;0.571429
OnePlus_ORIGINAL;Samsung_ORIGINAL;False;0.709677;0.636364;0.571429
OnePlus_ORIGINAL;Samsung_ORIGINAL;False;0.709677;0.636364;0.571429
OnePlus_ORIGINAL;Samsung_ORIGINAL;False;0.709677;0.636364;0.571429
OnePlus_ORIGINAL;Samsung_ORIGINAL;False;0.709677;0.636364;0.571429
OnePlus_ORIGINAL;Samsung_ORIGINAL;False;0.709677;0.636364;0.571429
OnePlus_ORIGINAL;Samsung_ORIGINAL;False;0.709677;0.636364;0.571429
OnePlus_ORIGINAL;Samsung_ORIGINAL;False;0.709677;0.636364;0.571429
OnePlus_ORIGINAL;Samsung_ORIGINAL;False;0.709677;0.636364;0.571429
OnePlus_ORIGINAL;Samsung_ORIGINAL;False;0.709677;0.636364;0.571429
OnePlus_ORIGINAL;Samsung_ORIGINAL;False;0.709677;0.636364;0.571429
OnePlus_ORIGINAL;Samsung_ORIGINAL;False;0.709677;0.636364;0.571429
OnePlus_ORIGINAL;Samsung_ORIGINAL;False;0.709677;0.636364;0.571429
OnePlus_ORIGINAL;Samsung_ORIGINAL;False;0.709677;0.636364;0.571429
OnePlus_ORIGINAL;Apple_ORIGINAL;False;0.403846;0.267857;0.169492
OnePlus_ORIGINAL;Apple_ORIGINAL;False;0.396226;0.263158;0.166667
OnePlus_ORIGINAL;Apple_ORIGINAL;False;0.396226;0.263158;0.166667
OnePlus_ORIGINAL;Apple_ORIGINAL;False;0.396226;0.263158;0.166667
OnePlus_ORIGINAL;Apple_ORIGINAL;False;0.396226;0.263158;0.166667
OnePlus_ORIGINAL;Apple_ORIGINAL;False;0.396226;0.263158;0.166667
OnePlus_ORIGINAL;Apple_ORIGINAL;False;0.396226;0.263158;0.166667
OnePlus_ORIGINAL;Apple_ORIGINAL;False;0.396226;0.263158;0.166667
OnePlus_ORIGINAL;Apple_ORIGINAL;False;0.396226;0.263158;0.166667
OnePlus_ORIGINAL;Apple_ORIGINAL;False;0.396226;0.263158;0.166667
OnePlus_ORIGINAL;Huawei_ORIGINAL;False;0.970588;0.944444;0.921053
OnePlus_ORIGINAL;Huawei_ORIGINAL;False;0.970588;0.944444;0.921053
OnePlus_ORIGINAL;Huawei_ORIGINAL;False;0.970588;0.944444;0.921053
OnePlus_ORIGINAL;Huawei_ORIGINAL;False;0.970588;0.944444;0.921053
OnePlus_ORIGINAL;Huawei_ORIGINAL;False;0.970588;0.944444;0.921053
OnePlus_ORIGINAL;Huawei_ORIGINAL;False;0.882353;0.805556;0.736842
OnePlus_ORIGINAL;Huawei_ORIGINAL;False;0.970588;0.944444;0.921053
OnePlus_ORIGINAL;Huawei_ORIGINAL;False;0.970588;0.944444;0.921053
OnePlus_ORIGINAL;Huawei_ORIGINAL;False;0.970588;0.944444;0.921053
OnePlus_ORIGINAL;Huawei_ORIGINAL;False;0.970588;0.944444;0.921053
OnePlus_ORIGINAL;Huawei_ORIGINAL;False;0.970588;0.944444;0.921053
OnePlus_ORIGINAL;Huawei_ORIGINAL;False;0.970588;0.944444;0.921053
OnePlus_ORIGINAL;Huawei_ORIGINAL;False;0.970588;0.944444;0.921053
OnePlus_ORIGINAL;Huawei_ORIGINAL;False;0.970588;0.944444;0.921053
OnePlus_ORIGINAL;Huawei_ORIGINAL;False;0.970588;0.944444;0.921053
OnePlus_ORIGINAL;Huawei_ORIGINAL;False;0.970588;0.944444;0.921053
OnePlus_ORIGINAL;LG_ORIGINAL;False;0.78125;0.676471;0.583333
OnePlus_ORIGINAL;LG_ORIGINAL;False;0.78125;0.676471;0.583333
OnePlus_ORIGINAL;LG_ORIGINAL;False;0.78125;0.676471;0.583333
OnePlus_ORIGINAL;LG_ORIGINAL;False;0.78125;0.676471;0.583333
OnePlus_ORIGINAL;LG_ORIGINAL;False;0.78125;0.676471;0.583333
OnePlus_ORIGINAL;LG_ORIGINAL;False;0.78125;0.676471;0.583333
OnePlus_ORIGINAL;LG_ORIGINAL;False;0.78125;0.676471;0.583333
OnePlus_ORIGINAL;LG_ORIGINAL;False;0.78125;0.676471;0.583333
OnePlus_ORIGINAL;LG_ORIGINAL;False;0.78125;0.676471;0.583333
OnePlus_ORIGINAL;LG_ORIGINAL;False;0.78125;0.676471;0.583333
OnePlus_ORIGINAL;LG_ORIGINAL;False;0.78125;0.676471;0.583333
OnePlus_ORIGINAL;LG_ORIGINAL;False;0.78125;0.676471;0.583333
OnePlus_ORIGINAL;LG_ORIGINAL;False;0.78125;0.676471;0.583333
OnePlus_ORIGINAL;LG_ORIGINAL;False;0.78125;0.676471;0.583333
OnePlus_ORIGINAL;LG_ORIGINAL;False;0.78125;0.676471;0.583333
OnePlus_ORIGINAL;LG_ORIGINAL;False;0.78125;0.676471;0.583333
OnePlus_ORIGINAL;Apple_ORIGINAL;False;0.392157;0.22807;0.129032
OnePlus_ORIGINAL;Apple_ORIGINAL;False;0.392157;0.22807;0.129032
OnePlus_ORIGINAL;Apple_ORIGINAL;False;0.392157;0.22807;0.129032
OnePlus_ORIGINAL;Apple_ORIGINAL;False;0.392157;0.22807;0.129032
OnePlus_ORIGINAL;Apple_ORIGINAL;False;0.392157;0.22807;0.129032
OnePlus_ORIGINAL;Apple_ORIGINAL;False;0.392157;0.22807;0.129032
OnePlus_ORIGINAL;Apple_ORIGINAL;False;0.392157;0.22807;0.129032
OnePlus_ORIGINAL;Apple_ORIGINAL;False;0.392157;0.22807;0.129032
OnePlus_ORIGINAL;Apple_ORIGINAL;False;0.392157;0.22807;0.129032
OnePlus_ORIGINAL;Apple_ORIGINAL;False;0.392157;0.22807;0.129032
OnePlus_ORIGINAL;Apple_ORIGINAL;False;0.392157;0.22807;0.129032
OnePlus_ORIGINAL;Apple_ORIGINAL;False;0.392157;0.22807;0.129032
OnePlus_ORIGINAL;Apple_ORIGINAL;False;0.392157;0.22807;0.129032
OnePlus_ORIGINAL;Apple_ORIGINAL;False;0.392157;0.22807;0.129032
OnePlus_ORIGINAL;Apple_ORIGINAL;False;0.392157;0.22807;0.129032
OnePlus_ORIGINAL;Apple_ORIGINAL;False;0.392157;0.22807;0.129032
OnePlus_ORIGINAL;Apple_ORIGINAL;False;0.4;0.245283;0.145455
OnePlus_ORIGINAL;Apple_ORIGINAL;False;0.4;0.245283;0.145455
OnePlus_ORIGINAL;Apple_ORIGINAL;False;0.4;0.245283;0.145455
OnePlus_ORIGINAL;Apple_ORIGINAL;False;0.4;0.245283;0.145455
OnePlus_ORIGINAL;Apple_ORIGINAL;False;0.4;0.245283;0.145455
OnePlus_ORIGINAL;Apple_ORIGINAL;False;0.4;0.245283;0.145455
OnePlus_ORIGINAL;Apple_ORIGINAL;False;0.4;0.245283;0.145455
OnePlus_ORIGINAL;Apple_ORIGINAL;False;0.4;0.245283;0.145455
OnePlus_ORIGINAL;Apple_ORIGINAL;False;0.4;0.245283;0.145455
OnePlus_ORIGINAL;Apple_ORIGINAL;False;0.4;0.245283;0.145455
OnePlus_ORIGINAL;Apple_ORIGINAL;False;0.4;0.245283;0.145455
OnePlus_ORIGINAL;Apple_ORIGINAL;False;0.4;0.245283;0.145455
OnePlus_ORIGINAL;Apple_ORIGINAL;False;0.4;0.245283;0.145455
OnePlus_ORIGINAL;Apple_ORIGINAL;False;0.4;0.245283;0.145455
OnePlus_ORIGINAL;Samsung_ORIGINAL;False;0.6875;0.617647;0.555556
OnePlus_ORIGINAL;Samsung_ORIGINAL;False;0.6875;0.617647;0.555556
OnePlus_ORIGINAL;Samsung_ORIGINAL;False;0.6875;0.617647;0.555556
OnePlus_ORIGINAL;Samsung_ORIGINAL;False;0.6875;0.617647;0.555556
OnePlus_ORIGINAL;Samsung_ORIGINAL;False;0.6875;0.617647;0.555556
OnePlus_ORIGINAL;Samsung_ORIGINAL;False;0.6875;0.617647;0.555556
OnePlus_ORIGINAL;Samsung_ORIGINAL;False;0.6875;0.617647;0.555556
OnePlus_ORIGINAL;Samsung_ORIGINAL;False;0.6875;0.617647;0.555556
OnePlus_ORIGINAL;Samsung_ORIGINAL;False;0.6875;0.617647;0.555556
OnePlus_ORIGINAL;Samsung_ORIGINAL;False;0.6875;0.617647;0.555556
OnePlus_ORIGINAL;Samsung_ORIGINAL;False;0.6875;0.617647;0.555556
OnePlus_ORIGINAL;Samsung_ORIGINAL;False;0.6875;0.617647;0.555556
OnePlus_ORIGINAL;Samsung_ORIGINAL;False;0.6875;0.617647;0.555556
OnePlus_ORIGINAL;Samsung_ORIGINAL;False;0.6875;0.617647;0.555556
OnePlus_ORIGINAL;Samsung_ORIGINAL;False;0.6875;0.617647;0.555556
OnePlus_ORIGINAL;Samsung_ORIGINAL;False;0.6875;0.617647;0.555556
OnePlus_ORIGINAL;Samsung_ORIGINAL;False;0.6875;0.617647;0.555556
OnePlus_ORIGINAL;Samsung_ORIGINAL;False;0.6875;0.617647;0.555556
OnePlus_ORIGINAL;Samsung_ORIGINAL;False;0.6875;0.617647;0.555556
OnePlus_ORIGINAL;Samsung_ORIGINAL;False;0.6875;0.617647;0.555556
OnePlus_ORIGINAL;Samsung_ORIGINAL;False;0.6875;0.617647;0.555556
OnePlus_ORIGINAL;Samsung_ORIGINAL;False;0.6875;0.617647;0.555556
OnePlus_ORIGINAL;Samsung_ORIGINAL;False;0.6875;0.617647;0.555556
OnePlus_ORIGINAL;Samsung_ORIGINAL;False;0.6875;0.617647;0.555556
OnePlus_ORIGINAL;Samsung_ORIGINAL;False;0.6875;0.617647;0.555556
OnePlus_ORIGINAL;Samsung_ORIGINAL;False;0.6875;0.617647;0.555556
OnePlus_ORIGINAL;Samsung_ORIGINAL;False;0.6875;0.617647;0.555556
OnePlus_ORIGINAL;Samsung_ORIGINAL;False;0.6875;0.617647;0.555556
OnePlus_ORIGINAL;Samsung_ORIGINAL;False;0.6875;0.617647;0.555556
OnePlus_ORIGINAL;Samsung_ORIGINAL;False;0.6875;0.617647;0.555556
OnePlus_ORIGINAL;Samsung_ORIGINAL;False;0.6875;0.617647;0.555556
OnePlus_ORIGINAL;Samsung_ORIGINAL;False;0.6875;0.617647;0.555556
OnePlus_ORIGINAL;Samsung_ORIGINAL;False;0.6875;0.617647;0.555556
OnePlus_ORIGINAL;Samsung_ORIGINAL;False;0.6875;0.617647;0.555556
OnePlus_ORIGINAL;Apple_ORIGINAL;False;0.396226;0.263158;0.166667
OnePlus_ORIGINAL;Apple_ORIGINAL;False;0.396226;0.263158;0.166667
OnePlus_ORIGINAL;Apple_ORIGINAL;False;0.396226;0.263158;0.166667
OnePlus_ORIGINAL;Apple_ORIGINAL;False;0.396226;0.263158;0.166667
OnePlus_ORIGINAL;Apple_ORIGINAL;False;0.396226;0.263158;0.166667
OnePlus_ORIGINAL;Apple_ORIGINAL;False;0.396226;0.263158;0.166667
OnePlus_ORIGINAL;Apple_ORIGINAL;False;0.403846;0.267857;0.169492
OnePlus_ORIGINAL;Apple_ORIGINAL;False;0.396226;0.263158;0.166667
OnePlus_ORIGINAL;Apple_ORIGINAL;False;0.396226;0.263158;0.166667
OnePlus_ORIGINAL;Apple_ORIGINAL;False;0.396226;0.263158;0.166667
OnePlus_ORIGINAL;Apple_ORIGINAL;False;0.396226;0.263158;0.166667
OnePlus_ORIGINAL;Apple_ORIGINAL;False;0.396226;0.263158;0.166667
OnePlus_ORIGINAL;Apple_ORIGINAL;False;0.396226;0.263158;0.166667
OnePlus_ORIGINAL;Apple_ORIGINAL;False;0.396226;0.263158;0.166667
OnePlus_ORIGINAL;Apple_ORIGINAL;False;0.396226;0.263158;0.166667
OnePlus_ORIGINAL;Apple_ORIGINAL;False;0.396226;0.263158;0.166667
OnePlus_ORIGINAL;Samsung_ORIGINAL;False;0.722222;0.657895;0.6
OnePlus_ORIGINAL;Samsung_ORIGINAL;False;0.722222;0.657895;0.6
OnePlus_ORIGINAL;Samsung_ORIGINAL;False;0.722222;0.657895;0.6
OnePlus_ORIGINAL;Samsung_ORIGINAL;False;0.722222;0.657895;0.6
OnePlus_ORIGINAL;Samsung_ORIGINAL;False;0.722222;0.657895;0.6
OnePlus_ORIGINAL;Samsung_ORIGINAL;False;0.722222;0.657895;0.6
OnePlus_ORIGINAL;Samsung_ORIGINAL;False;0.722222;0.657895;0.6
OnePlus_ORIGINAL;Samsung_ORIGINAL;False;0.722222;0.657895;0.6
OnePlus_ORIGINAL;Samsung_ORIGINAL;False;0.722222;0.657895;0.6
OnePlus_ORIGINAL;Samsung_ORIGINAL;False;0.722222;0.657895;0.6
OnePlus_ORIGINAL;Samsung_ORIGINAL;False;0.722222;0.657895;0.6
OnePlus_ORIGINAL;Samsung_ORIGINAL;False;0.722222;0.657895;0.6
OnePlus_ORIGINAL;Samsung_ORIGINAL;False;0.722222;0.657895;0.6
OnePlus_ORIGINAL;Samsung_ORIGINAL;False;0.722222;0.657895;0.6
OnePlus_ORIGINAL;Samsung_ORIGINAL;False;0.722222;0.657895;0.6
OnePlus_ORIGINAL;Samsung_ORIGINAL;False;0.722222;0.657895;0.6
OnePlus_ORIGINAL;Samsung_ORIGINAL;False;0.709677;0.636364;0.571429
OnePlus_ORIGINAL;Samsung_ORIGINAL;False;0.709677;0.636364;0.571429
OnePlus_ORIGINAL;Samsung_ORIGINAL;False;0.709677;0.636364;0.571429
OnePlus_ORIGINAL;Samsung_ORIGINAL;False;0.709677;0.636364;0.571429
OnePlus_ORIGINAL;Samsung_ORIGINAL;False;0.709677;0.636364;0.571429
OnePlus_ORIGINAL;Samsung_ORIGINAL;False;0.709677;0.636364;0.571429
OnePlus_ORIGINAL;Samsung_ORIGINAL;False;0.709677;0.636364;0.571429
OnePlus_ORIGINAL;Samsung_ORIGINAL;False;0.709677;0.636364;0.571429
OnePlus_ORIGINAL;Samsung_ORIGINAL;False;0.709677;0.636364;0.571429
OnePlus_ORIGINAL;Samsung_ORIGINAL;False;0.709677;0.636364;0.571429
OnePlus_ORIGINAL;Samsung_ORIGINAL;False;0.709677;0.636364;0.571429
OnePlus_ORIGINAL;Samsung_ORIGINAL;False;0.709677;0.636364;0.571429
OnePlus_ORIGINAL;Samsung_ORIGINAL;False;0.709677;0.636364;0.571429
OnePlus_ORIGINAL;OnePlus_ORIGINAL;True;1.0;1.0;1.0
OnePlus_ORIGINAL;OnePlus_ORIGINAL;True;1.0;1.0;1.0
OnePlus_ORIGINAL;OnePlus_ORIGINAL;True;1.0;1.0;1.0
OnePlus_ORIGINAL;OnePlus_ORIGINAL;True;1.0;1.0;1.0
OnePlus_ORIGINAL;OnePlus_ORIGINAL;True;1.0;1.0;1.0
OnePlus_ORIGINAL;OnePlus_ORIGINAL;True;1.0;1.0;1.0
OnePlus_ORIGINAL;OnePlus_ORIGINAL;True;1.0;1.0;1.0
OnePlus_ORIGINAL;OnePlus_ORIGINAL;True;1.0;1.0;1.0
OnePlus_ORIGINAL;OnePlus_ORIGINAL;True;1.0;1.0;1.0
OnePlus_ORIGINAL;OnePlus_ORIGINAL;True;1.0;1.0;1.0
OnePlus_ORIGINAL;OnePlus_ORIGINAL;True;1.0;1.0;1.0
OnePlus_ORIGINAL;OnePlus_ORIGINAL;True;1.0;1.0;1.0
OnePlus_ORIGINAL;OnePlus_ORIGINAL;True;1.0;1.0;1.0
OnePlus_ORIGINAL;OnePlus_ORIGINAL;True;1.0;1.0;1.0
OnePlus_ORIGINAL;OnePlus_ORIGINAL;True;1.0;1.0;1.0
OnePlus_ORIGINAL;OnePlus_ORIGINAL;True;1.0;1.0;1.0
OnePlus_ORIGINAL;Xiaomi_ORIGINAL;False;0.882353;0.805556;0.736842
OnePlus_ORIGINAL;Xiaomi_ORIGINAL;False;0.805556;0.710526;0.625
OnePlus_ORIGINAL;Xiaomi_ORIGINAL;False;0.805556;0.710526;0.625
OnePlus_ORIGINAL;Xiaomi_ORIGINAL;False;0.805556;0.710526;0.625
OnePlus_ORIGINAL;Xiaomi_ORIGINAL;False;0.805556;0.710526;0.625
OnePlus_ORIGINAL;Xiaomi_ORIGINAL;False;0.882353;0.805556;0.736842
OnePlus_ORIGINAL;Xiaomi_ORIGINAL;False;0.882353;0.805556;0.736842
OnePlus_ORIGINAL;Xiaomi_ORIGINAL;False;0.882353;0.805556;0.736842
OnePlus_ORIGINAL;Xiaomi_ORIGINAL;False;0.882353;0.805556;0.736842
OnePlus_ORIGINAL;Xiaomi_ORIGINAL;False;0.805556;0.710526;0.625
OnePlus_ORIGINAL;Xiaomi_ORIGINAL;False;0.882353;0.805556;0.736842
OnePlus_ORIGINAL;Xiaomi_ORIGINAL;False;0.805556;0.710526;0.625
OnePlus_ORIGINAL;Xiaomi_ORIGINAL;False;0.805556;0.710526;0.625
OnePlus_ORIGINAL;Xiaomi_ORIGINAL;False;0.805556;0.710526;0.625
OnePlus_ORIGINAL;Xiaomi_ORIGINAL;False;0.805556;0.710526;0.625
OnePlus_ORIGINAL;Xiaomi_ORIGINAL;False;0.805556;0.710526;0.625
OnePlus_ORIGINAL;Asus_ORIGINAL;False;0.882353;0.805556;0.736842
OnePlus_ORIGINAL;Asus_ORIGINAL;False;0.882353;0.805556;0.736842
OnePlus_ORIGINAL;Asus_ORIGINAL;False;0.882353;0.805556;0.736842
OnePlus_ORIGINAL;Asus_ORIGINAL;False;0.882353;0.805556;0.736842
OnePlus_ORIGINAL;Asus_ORIGINAL;False;0.882353;0.805556;0.736842
OnePlus_ORIGINAL;Asus_ORIGINAL;False;0.882353;0.805556;0.736842
OnePlus_ORIGINAL;Asus_ORIGINAL;False;0.882353;0.805556;0.736842
OnePlus_ORIGINAL;Asus_ORIGINAL;False;0.882353;0.805556;0.736842
OnePlus_ORIGINAL;Asus_ORIGINAL;False;0.882353;0.805556;0.736842
OnePlus_ORIGINAL;Asus_ORIGINAL;False;0.882353;0.805556;0.736842
OnePlus_ORIGINAL;Asus_ORIGINAL;False;0.882353;0.805556;0.736842
OnePlus_ORIGINAL;Asus_ORIGINAL;False;0.882353;0.805556;0.736842
OnePlus_ORIGINAL;Asus_ORIGINAL;False;0.882353;0.805556;0.736842
OnePlus_ORIGINAL;Asus_ORIGINAL;False;0.882353;0.805556;0.736842
OnePlus_ORIGINAL;Asus_ORIGINAL;False;0.882353;0.805556;0.736842
OnePlus_ORIGINAL;Asus_ORIGINAL;False;0.882353;0.805556;0.736842
OnePlus_ORIGINAL;Samsung_ORIGINAL;False;0.709677;0.636364;0.571429
OnePlus_ORIGINAL;Samsung_ORIGINAL;False;0.709677;0.636364;0.571429
OnePlus_ORIGINAL;Samsung_ORIGINAL;False;0.709677;0.636364;0.571429
OnePlus_ORIGINAL;Samsung_ORIGINAL;False;0.709677;0.636364;0.571429
OnePlus_ORIGINAL;Samsung_ORIGINAL;False;0.709677;0.636364;0.571429
OnePlus_ORIGINAL;Samsung_ORIGINAL;False;0.709677;0.636364;0.571429
OnePlus_ORIGINAL;Samsung_ORIGINAL;False;0.709677;0.636364;0.571429
OnePlus_ORIGINAL;Samsung_ORIGINAL;False;0.709677;0.636364;0.571429
OnePlus_ORIGINAL;Samsung_ORIGINAL;False;0.709677;0.636364;0.571429
OnePlus_ORIGINAL;Samsung_ORIGINAL;False;0.709677;0.636364;0.571429
OnePlus_ORIGINAL;Samsung_ORIGINAL;False;0.709677;0.636364;0.571429
OnePlus_ORIGINAL;Samsung_ORIGINAL;False;0.709677;0.636364;0.571429
OnePlus_ORIGINAL;Samsung_ORIGINAL;False;0.709677;0.636364;0.571429
OnePlus_ORIGINAL;Wiko_ORIGINAL;False;0.833333;0.71875;0.617647
OnePlus_ORIGINAL;Wiko_ORIGINAL;False;0.833333;0.71875;0.617647
OnePlus_ORIGINAL;Wiko_ORIGINAL;False;0.833333;0.71875;0.617647
OnePlus_ORIGINAL;Wiko_ORIGINAL;False;0.833333;0.71875;0.617647
OnePlus_ORIGINAL;Wiko_ORIGINAL;False;0.833333;0.71875;0.617647
OnePlus_ORIGINAL;Wiko_ORIGINAL;False;0.833333;0.71875;0.617647
OnePlus_ORIGINAL;Wiko_ORIGINAL;False;0.833333;0.71875;0.617647
OnePlus_ORIGINAL;Wiko_ORIGINAL;False;0.833333;0.71875;0.617647
OnePlus_ORIGINAL;Apple_ORIGINAL;False;0.4;0.245283;0.145455
OnePlus_ORIGINAL;Apple_ORIGINAL;False;0.4;0.245283;0.145455
OnePlus_ORIGINAL;Apple_ORIGINAL;False;0.4;0.245283;0.145455
OnePlus_ORIGINAL;Apple_ORIGINAL;False;0.408163;0.25;0.148148
OnePlus_ORIGINAL;Apple_ORIGINAL;False;0.408163;0.25;0.148148
OnePlus_ORIGINAL;Apple_ORIGINAL;False;0.408163;0.25;0.148148
OnePlus_ORIGINAL;Apple_ORIGINAL;False;0.408163;0.25;0.148148
OnePlus_ORIGINAL;Apple_ORIGINAL;False;0.408163;0.25;0.148148
OnePlus_ORIGINAL;Apple_ORIGINAL;False;0.408163;0.25;0.148148
OnePlus_ORIGINAL;Apple_ORIGINAL;False;0.4;0.245283;0.145455
OnePlus_ORIGINAL;Apple_ORIGINAL;False;0.408163;0.25;0.148148
OnePlus_ORIGINAL;Apple_ORIGINAL;False;0.4;0.245283;0.145455
OnePlus_ORIGINAL;Apple_ORIGINAL;False;0.408163;0.25;0.148148
OnePlus_ORIGINAL;Apple_ORIGINAL;False;0.340909;0.212766;0.142857
OnePlus_ORIGINAL;Apple_ORIGINAL;False;0.392157;0.22807;0.129032
OnePlus_ORIGINAL;Apple_ORIGINAL;False;0.392157;0.22807;0.129032
OnePlus_ORIGINAL;Apple_ORIGINAL;False;0.392157;0.22807;0.129032
OnePlus_ORIGINAL;Apple_ORIGINAL;False;0.392157;0.22807;0.129032
OnePlus_ORIGINAL;Apple_ORIGINAL;False;0.392157;0.22807;0.129032
OnePlus_ORIGINAL;Apple_ORIGINAL;False;0.392157;0.22807;0.129032
OnePlus_ORIGINAL;Apple_ORIGINAL;False;0.392157;0.22807;0.129032
OnePlus_ORIGINAL;Apple_ORIGINAL;False;0.392157;0.22807;0.129032
OnePlus_ORIGINAL;Apple_ORIGINAL;False;0.392157;0.22807;0.129032
OnePlus_ORIGINAL;Apple_ORIGINAL;False;0.392157;0.22807;0.129032
OnePlus_ORIGINAL;Apple_ORIGINAL;False;0.392157;0.22807;0.129032
OnePlus_ORIGINAL;Apple_ORIGINAL;False;0.392157;0.22807;0.129032
OnePlus_ORIGINAL;Apple_ORIGINAL;False;0.392157;0.22807;0.129032
OnePlus_ORIGINAL;Apple_ORIGINAL;False;0.392157;0.22807;0.129032
OnePlus_ORIGINAL;Apple_ORIGINAL;False;0.392157;0.22807;0.129032
OnePlus_ORIGINAL;Apple_ORIGINAL;False;0.4;0.245283;0.145455
OnePlus_ORIGINAL;Apple_ORIGINAL;False;0.4;0.245283;0.145455
OnePlus_ORIGINAL;Apple_ORIGINAL;False;0.4;0.245283;0.145455
OnePlus_ORIGINAL;Apple_ORIGINAL;False;0.4;0.245283;0.145455
OnePlus_ORIGINAL;Apple_ORIGINAL;False;0.4;0.245283;0.145455
OnePlus_ORIGINAL;Apple_ORIGINAL;False;0.4;0.245283;0.145455
OnePlus_ORIGINAL;Apple_ORIGINAL;False;0.4;0.245283;0.145455
OnePlus_ORIGINAL;Apple_ORIGINAL;False;0.4;0.245283;0.145455
OnePlus_ORIGINAL;Apple_ORIGINAL;False;0.4;0.245283;0.145455
OnePlus_ORIGINAL;Apple_ORIGINAL;False;0.4;0.245283;0.145455
OnePlus_ORIGINAL;Microsoft_ORIGINAL;False;0.552632;0.463415;0.44186
OnePlus_ORIGINAL;Microsoft_ORIGINAL;False;0.606061;0.527778;0.5
OnePlus_ORIGINAL;Microsoft_ORIGINAL;False;0.552632;0.463415;0.44186
OnePlus_ORIGINAL;Microsoft_ORIGINAL;False;0.552632;0.463415;0.44186
OnePlus_ORIGINAL;Microsoft_ORIGINAL;False;0.552632;0.463415;0.44186
OnePlus_ORIGINAL;Microsoft_ORIGINAL;False;0.552632;0.463415;0.44186
OnePlus_ORIGINAL;Microsoft_ORIGINAL;False;0.552632;0.463415;0.44186
OnePlus_ORIGINAL;Huawei_ORIGINAL;False;0.970588;0.944444;0.921053
OnePlus_ORIGINAL;Huawei_ORIGINAL;False;0.970588;0.944444;0.921053
OnePlus_ORIGINAL;Huawei_ORIGINAL;False;0.970588;0.944444;0.921053
OnePlus_ORIGINAL;Huawei_ORIGINAL;False;0.970588;0.944444;0.921053
OnePlus_ORIGINAL;Huawei_ORIGINAL;False;0.970588;0.944444;0.921053
OnePlus_ORIGINAL;Huawei_ORIGINAL;False;0.970588;0.944444;0.921053
OnePlus_ORIGINAL;Huawei_ORIGINAL;False;0.970588;0.944444;0.921053
OnePlus_ORIGINAL;Huawei_ORIGINAL;False;0.970588;0.944444;0.921053
OnePlus_ORIGINAL;Huawei_ORIGINAL;False;0.970588;0.944444;0.921053
OnePlus_ORIGINAL;Huawei_ORIGINAL;False;0.970588;0.944444;0.921053
OnePlus_ORIGINAL;Huawei_ORIGINAL;False;0.970588;0.944444;0.921053
OnePlus_ORIGINAL;Huawei_ORIGINAL;False;0.970588;0.944444;0.921053
OnePlus_ORIGINAL;Huawei_ORIGINAL;False;0.970588;0.944444;0.921053
OnePlus_ORIGINAL;Huawei_ORIGINAL;False;0.970588;0.944444;0.921053
OnePlus_ORIGINAL;Huawei_ORIGINAL;False;0.970588;0.944444;0.921053
OnePlus_ORIGINAL;Huawei_ORIGINAL;False;0.970588;0.944444;0.921053
OnePlus_ORIGINAL;Apple_ORIGINAL;False;0.392157;0.22807;0.129032
OnePlus_ORIGINAL;Apple_ORIGINAL;False;0.392157;0.22807;0.129032
OnePlus_ORIGINAL;Apple_ORIGINAL;False;0.392157;0.22807;0.129032
OnePlus_ORIGINAL;Apple_ORIGINAL;False;0.392157;0.22807;0.129032
OnePlus_ORIGINAL;Apple_ORIGINAL;False;0.392157;0.22807;0.129032
OnePlus_ORIGINAL;Apple_ORIGINAL;False;0.392157;0.22807;0.129032
OnePlus_ORIGINAL;Apple_ORIGINAL;False;0.392157;0.22807;0.129032
OnePlus_ORIGINAL;Apple_ORIGINAL;False;0.392157;0.22807;0.129032
OnePlus_ORIGINAL;Apple_ORIGINAL;False;0.392157;0.22807;0.129032
OnePlus_ORIGINAL;Apple_ORIGINAL;False;0.392157;0.22807;0.129032
OnePlus_ORIGINAL;Apple_ORIGINAL;False;0.392157;0.22807;0.129032
OnePlus_ORIGINAL;Apple_ORIGINAL;False;0.392157;0.22807;0.129032
OnePlus_ORIGINAL;Apple_ORIGINAL;False;0.392157;0.22807;0.129032
OnePlus_ORIGINAL;Apple_ORIGINAL;False;0.392157;0.22807;0.129032
OnePlus_ORIGINAL;Apple_ORIGINAL;False;0.392157;0.22807;0.129032
OnePlus_ORIGINAL;Apple_ORIGINAL;False;0.403846;0.267857;0.169492
OnePlus_ORIGINAL;Apple_ORIGINAL;False;0.403846;0.267857;0.169492
OnePlus_ORIGINAL;Apple_ORIGINAL;False;0.403846;0.267857;0.169492
OnePlus_ORIGINAL;Apple_ORIGINAL;False;0.403846;0.267857;0.169492
OnePlus_ORIGINAL;Apple_ORIGINAL;False;0.403846;0.267857;0.169492
OnePlus_ORIGINAL;Apple_ORIGINAL;False;0.403846;0.267857;0.169492
OnePlus_ORIGINAL;Apple_ORIGINAL;False;0.403846;0.267857;0.169492
OnePlus_ORIGINAL;Apple_ORIGINAL;False;0.403846;0.267857;0.169492
OnePlus_ORIGINAL;Apple_ORIGINAL;False;0.403846;0.267857;0.169492
OnePlus_ORIGINAL;Apple_ORIGINAL;False;0.403846;0.267857;0.169492
OnePlus_ORIGINAL;Apple_ORIGINAL;False;0.403846;0.267857;0.169492
OnePlus_ORIGINAL;Apple_ORIGINAL;False;0.403846;0.267857;0.169492
OnePlus_ORIGINAL;Apple_ORIGINAL;False;0.403846;0.267857;0.169492
OnePlus_ORIGINAL;Apple_ORIGINAL;False;0.403846;0.267857;0.169492
OnePlus_ORIGINAL;Apple_ORIGINAL;False;0.403846;0.267857;0.169492
OnePlus_ORIGINAL;Apple_ORIGINAL;False;0.403846;0.267857;0.169492
OnePlus_ORIGINAL;Apple_ORIGINAL;False;0.403846;0.267857;0.169492
OnePlus_ORIGINAL;Apple_ORIGINAL;False;0.403846;0.267857;0.169492
OnePlus_ORIGINAL;Apple_ORIGINAL;False;0.403846;0.267857;0.169492
OnePlus_ORIGINAL;Apple_ORIGINAL;False;0.403846;0.267857;0.169492
OnePlus_ORIGINAL;Apple_ORIGINAL;False;0.403846;0.267857;0.169492
OnePlus_ORIGINAL;Apple_ORIGINAL;False;0.403846;0.267857;0.169492
OnePlus_ORIGINAL;Apple_ORIGINAL;False;0.403846;0.267857;0.169492
OnePlus_ORIGINAL;Apple_ORIGINAL;False;0.403846;0.267857;0.169492
OnePlus_ORIGINAL;Apple_ORIGINAL;False;0.403846;0.267857;0.169492
OnePlus_ORIGINAL;Apple_ORIGINAL;False;0.403846;0.267857;0.169492
OnePlus_ORIGINAL;Apple_ORIGINAL;False;0.403846;0.267857;0.169492
OnePlus_ORIGINAL;Apple_ORIGINAL;False;0.403846;0.267857;0.169492
OnePlus_ORIGINAL;Apple_ORIGINAL;False;0.403846;0.267857;0.169492
OnePlus_ORIGINAL;Sony_ORIGINAL;False;0.84;0.75;0.652174
OnePlus_ORIGINAL;Sony_ORIGINAL;False;0.84;0.75;0.652174
OnePlus_ORIGINAL;Sony_ORIGINAL;False;0.84;0.75;0.652174
OnePlus_ORIGINAL;Sony_ORIGINAL;False;0.84;0.75;0.652174
OnePlus_ORIGINAL;Sony_ORIGINAL;False;0.84;0.75;0.652174
OnePlus_ORIGINAL;Sony_ORIGINAL;False;0.84;0.75;0.652174
OnePlus_ORIGINAL;Sony_ORIGINAL;False;0.84;0.75;0.652174
OnePlus_ORIGINAL;Sony_ORIGINAL;False;0.84;0.75;0.652174
OnePlus_ORIGINAL;Sony_ORIGINAL;False;0.84;0.75;0.652174
OnePlus_ORIGINAL;Sony_ORIGINAL;False;0.84;0.75;0.652174
OnePlus_ORIGINAL;Sony_ORIGINAL;False;0.84;0.75;0.652174
OnePlus_ORIGINAL;Sony_ORIGINAL;False;0.84;0.75;0.652174
OnePlus_ORIGINAL;Sony_ORIGINAL;False;0.84;0.75;0.652174
OnePlus_ORIGINAL;Sony_ORIGINAL;False;0.84;0.75;0.652174
OnePlus_ORIGINAL;Sony_ORIGINAL;False;0.84;0.75;0.652174
OnePlus_ORIGINAL;Sony_ORIGINAL;False;0.84;0.75;0.652174
OnePlus_ORIGINAL;Samsung_ORIGINAL;False;0.933333;0.875;0.823529
OnePlus_ORIGINAL;Samsung_ORIGINAL;False;0.875;0.823529;0.777778
OnePlus_ORIGINAL;Samsung_ORIGINAL;False;0.933333;0.875;0.823529
OnePlus_ORIGINAL;Samsung_ORIGINAL;False;0.933333;0.875;0.823529
OnePlus_ORIGINAL;Samsung_ORIGINAL;False;0.933333;0.875;0.823529
OnePlus_ORIGINAL;Samsung_ORIGINAL;False;0.933333;0.875;0.823529
OnePlus_ORIGINAL;Samsung_ORIGINAL;False;0.933333;0.875;0.823529
OnePlus_ORIGINAL;Samsung_ORIGINAL;False;0.933333;0.875;0.823529
OnePlus_ORIGINAL;Samsung_ORIGINAL;False;0.933333;0.875;0.823529
OnePlus_ORIGINAL;Samsung_ORIGINAL;False;0.875;0.823529;0.777778
OnePlus_ORIGINAL;Samsung_ORIGINAL;False;0.933333;0.875;0.823529
OnePlus_ORIGINAL;Samsung_ORIGINAL;False;0.933333;0.875;0.823529
OnePlus_ORIGINAL;Samsung_ORIGINAL;False;0.933333;0.875;0.823529
OnePlus_ORIGINAL;Samsung_ORIGINAL;False;0.933333;0.875;0.823529
OnePlus_ORIGINAL;Samsung_ORIGINAL;False;0.933333;0.875;0.823529
OnePlus_ORIGINAL;Samsung_ORIGINAL;False;0.933333;0.875;0.823529
OnePlus_ORIGINAL;Apple_ORIGINAL;False;0.4;0.245283;0.145455
OnePlus_ORIGINAL;Apple_ORIGINAL;False;0.4;0.245283;0.145455
OnePlus_ORIGINAL;Apple_ORIGINAL;False;0.4;0.245283;0.145455
OnePlus_ORIGINAL;Apple_ORIGINAL;False;0.4;0.245283;0.145455
OnePlus_ORIGINAL;Apple_ORIGINAL;False;0.4;0.245283;0.145455
OnePlus_ORIGINAL;Apple_ORIGINAL;False;0.4;0.245283;0.145455
OnePlus_ORIGINAL;Apple_ORIGINAL;False;0.4;0.245283;0.145455
OnePlus_ORIGINAL;Apple_ORIGINAL;False;0.4;0.245283;0.145455
OnePlus_ORIGINAL;Apple_ORIGINAL;False;0.4;0.245283;0.145455
OnePlus_ORIGINAL;Apple_ORIGINAL;False;0.4;0.245283;0.145455
OnePlus_ORIGINAL;Apple_ORIGINAL;False;0.4;0.245283;0.145455
OnePlus_ORIGINAL;Apple_ORIGINAL;False;0.4;0.245283;0.145455
OnePlus_ORIGINAL;Apple_ORIGINAL;False;0.408163;0.25;0.148148
OnePlus_ORIGINAL;Apple_ORIGINAL;False;0.408163;0.25;0.148148
OnePlus_ORIGINAL;Apple_ORIGINAL;False;0.408163;0.25;0.148148
OnePlus_ORIGINAL;Apple_ORIGINAL;False;0.408163;0.25;0.148148
OnePlus_ORIGINAL;Apple_ORIGINAL;False;0.408163;0.25;0.148148
OnePlus_ORIGINAL;Apple_ORIGINAL;False;0.408163;0.25;0.148148
OnePlus_ORIGINAL;Apple_ORIGINAL;False;0.408163;0.25;0.148148
OnePlus_ORIGINAL;Apple_ORIGINAL;False;0.408163;0.25;0.148148
OnePlus_ORIGINAL;Apple_ORIGINAL;False;0.408163;0.25;0.148148
OnePlus_ORIGINAL;Apple_ORIGINAL;False;0.408163;0.25;0.148148
OnePlus_ORIGINAL;Apple_ORIGINAL;False;0.408163;0.25;0.148148
OnePlus_ORIGINAL;Apple_ORIGINAL;False;0.408163;0.25;0.148148
OnePlus_ORIGINAL;Apple_ORIGINAL;False;0.408163;0.25;0.148148
OnePlus_ORIGINAL;Apple_ORIGINAL;False;0.408163;0.25;0.148148
OnePlus_ORIGINAL;Apple_ORIGINAL;False;0.408163;0.25;0.148148
OnePlus_ORIGINAL;Apple_ORIGINAL;False;0.408163;0.25;0.148148
OnePlus_ORIGINAL;Apple_ORIGINAL;False;0.408163;0.25;0.148148
OnePlus_ORIGINAL;Apple_ORIGINAL;False;0.408163;0.25;0.148148
OnePlus_ORIGINAL;Apple_ORIGINAL;False;0.408163;0.25;0.148148
OnePlus_ORIGINAL;Apple_ORIGINAL;False;0.408163;0.25;0.148148
OnePlus_ORIGINAL;Apple_ORIGINAL;False;0.408163;0.25;0.148148
OnePlus_ORIGINAL;Apple_ORIGINAL;False;0.408163;0.25;0.148148
OnePlus_ORIGINAL;Apple_ORIGINAL;False;0.408163;0.25;0.148148
OnePlus_ORIGINAL;Apple_ORIGINAL;False;0.408163;0.25;0.148148
OnePlus_ORIGINAL;Apple_ORIGINAL;False;0.408163;0.25;0.148148
OnePlus_ORIGINAL;Apple_ORIGINAL;False;0.408163;0.25;0.148148
OnePlus_ORIGINAL;Apple_ORIGINAL;False;0.408163;0.25;0.148148
OnePlus_ORIGINAL;Apple_ORIGINAL;False;0.408163;0.25;0.148148
OnePlus_ORIGINAL;Apple_ORIGINAL;False;0.408163;0.25;0.148148
OnePlus_ORIGINAL;Huawei_ORIGINAL;False;0.875;0.823529;0.777778
OnePlus_ORIGINAL;Huawei_ORIGINAL;False;0.875;0.823529;0.777778
OnePlus_ORIGINAL;Huawei_ORIGINAL;False;0.875;0.823529;0.777778
OnePlus_ORIGINAL;Huawei_ORIGINAL;False;0.875;0.823529;0.777778
OnePlus_ORIGINAL;Huawei_ORIGINAL;False;0.875;0.823529;0.777778
OnePlus_ORIGINAL;Huawei_ORIGINAL;False;0.875;0.823529;0.777778
OnePlus_ORIGINAL;Huawei_ORIGINAL;False;0.875;0.823529;0.777778
OnePlus_ORIGINAL;Huawei_ORIGINAL;False;0.875;0.823529;0.777778
OnePlus_ORIGINAL;Huawei_ORIGINAL;False;0.875;0.823529;0.777778
OnePlus_ORIGINAL;Huawei_ORIGINAL;False;0.875;0.823529;0.777778
OnePlus_ORIGINAL;Huawei_ORIGINAL;False;0.875;0.823529;0.777778
OnePlus_ORIGINAL;Huawei_ORIGINAL;False;0.875;0.823529;0.777778
OnePlus_ORIGINAL;Huawei_ORIGINAL;False;0.875;0.823529;0.777778
OnePlus_ORIGINAL;Huawei_ORIGINAL;False;0.875;0.823529;0.777778
OnePlus_ORIGINAL;Huawei_ORIGINAL;False;0.875;0.823529;0.777778
OnePlus_ORIGINAL;Huawei_ORIGINAL;False;0.875;0.823529;0.777778
OnePlus_ORIGINAL;OnePlus_ORIGINAL;True;1.0;1.0;1.0
OnePlus_ORIGINAL;OnePlus_ORIGINAL;True;1.0;1.0;1.0
OnePlus_ORIGINAL;OnePlus_ORIGINAL;True;1.0;1.0;1.0
OnePlus_ORIGINAL;OnePlus_ORIGINAL;True;1.0;1.0;1.0
OnePlus_ORIGINAL;OnePlus_ORIGINAL;True;1.0;1.0;1.0
OnePlus_ORIGINAL;OnePlus_ORIGINAL;True;1.0;1.0;1.0
OnePlus_ORIGINAL;OnePlus_ORIGINAL;True;1.0;1.0;1.0
OnePlus_ORIGINAL;OnePlus_ORIGINAL;True;1.0;1.0;1.0
OnePlus_ORIGINAL;OnePlus_ORIGINAL;True;1.0;1.0;1.0
OnePlus_ORIGINAL;OnePlus_ORIGINAL;True;1.0;1.0;1.0
OnePlus_ORIGINAL;OnePlus_ORIGINAL;True;1.0;1.0;1.0
OnePlus_ORIGINAL;OnePlus_ORIGINAL;True;1.0;1.0;1.0
OnePlus_ORIGINAL;OnePlus_ORIGINAL;True;1.0;1.0;1.0
OnePlus_ORIGINAL;OnePlus_ORIGINAL;True;1.0;1.0;1.0
OnePlus_ORIGINAL;OnePlus_ORIGINAL;True;0.918919;0.897436;0.878049
OnePlus_ORIGINAL;OnePlus_ORIGINAL;True;0.918919;0.897436;0.878049
OnePlus_ORIGINAL;Samsung_ORIGINAL;False;0.6875;0.617647;0.555556
OnePlus_ORIGINAL;Samsung_ORIGINAL;False;0.6875;0.617647;0.555556
OnePlus_ORIGINAL;Samsung_ORIGINAL;False;0.6875;0.617647;0.555556
OnePlus_ORIGINAL;Samsung_ORIGINAL;False;0.6875;0.617647;0.555556
OnePlus_ORIGINAL;Samsung_ORIGINAL;False;0.6875;0.617647;0.555556
OnePlus_ORIGINAL;Samsung_ORIGINAL;False;0.6875;0.617647;0.555556
OnePlus_ORIGINAL;Samsung_ORIGINAL;False;0.6875;0.617647;0.555556
OnePlus_ORIGINAL;Samsung_ORIGINAL;False;0.6875;0.617647;0.555556
OnePlus_ORIGINAL;Samsung_ORIGINAL;False;0.6875;0.617647;0.555556
OnePlus_ORIGINAL;Samsung_ORIGINAL;False;0.6875;0.617647;0.555556
OnePlus_ORIGINAL;Samsung_ORIGINAL;False;0.6875;0.617647;0.555556
OnePlus_ORIGINAL;Samsung_ORIGINAL;False;0.6875;0.617647;0.555556
OnePlus_ORIGINAL;Samsung_ORIGINAL;False;0.6875;0.617647;0.555556
OnePlus_ORIGINAL;Samsung_ORIGINAL;False;0.6875;0.617647;0.555556
OnePlus_ORIGINAL;Samsung_ORIGINAL;False;0.6875;0.617647;0.555556
OnePlus_ORIGINAL;Samsung_ORIGINAL;False;0.6875;0.617647;0.555556
OnePlus_ORIGINAL;Huawei_ORIGINAL;False;0.882353;0.805556;0.736842
OnePlus_ORIGINAL;Huawei_ORIGINAL;False;0.882353;0.805556;0.736842
OnePlus_ORIGINAL;Huawei_ORIGINAL;False;0.882353;0.805556;0.736842
OnePlus_ORIGINAL;Huawei_ORIGINAL;False;0.882353;0.805556;0.736842
OnePlus_ORIGINAL;Huawei_ORIGINAL;False;0.882353;0.805556;0.736842
OnePlus_ORIGINAL;Huawei_ORIGINAL;False;0.882353;0.805556;0.736842
OnePlus_ORIGINAL;Huawei_ORIGINAL;False;0.882353;0.805556;0.736842
OnePlus_ORIGINAL;Huawei_ORIGINAL;False;0.882353;0.805556;0.736842
OnePlus_ORIGINAL;Huawei_ORIGINAL;False;0.882353;0.805556;0.736842
OnePlus_ORIGINAL;Huawei_ORIGINAL;False;0.882353;0.805556;0.736842
OnePlus_ORIGINAL;Huawei_ORIGINAL;False;0.882353;0.805556;0.736842
OnePlus_ORIGINAL;Huawei_ORIGINAL;False;0.882353;0.805556;0.736842
OnePlus_ORIGINAL;Huawei_ORIGINAL;False;0.882353;0.805556;0.736842
OnePlus_ORIGINAL;Huawei_ORIGINAL;False;0.882353;0.805556;0.736842
OnePlus_ORIGINAL;Huawei_ORIGINAL;False;0.882353;0.805556;0.736842
OnePlus_ORIGINAL;Huawei_ORIGINAL;False;0.882353;0.805556;0.736842
OnePlus_ORIGINAL;Apple_ORIGINAL;False;0.392157;0.22807;0.129032
OnePlus_ORIGINAL;Apple_ORIGINAL;False;0.392157;0.22807;0.129032
OnePlus_ORIGINAL;Apple_ORIGINAL;False;0.392157;0.22807;0.129032
OnePlus_ORIGINAL;Apple_ORIGINAL;False;0.392157;0.22807;0.129032
OnePlus_ORIGINAL;Apple_ORIGINAL;False;0.392157;0.22807;0.129032
OnePlus_ORIGINAL;Apple_ORIGINAL;False;0.392157;0.22807;0.129032
OnePlus_ORIGINAL;Apple_ORIGINAL;False;0.392157;0.22807;0.129032
OnePlus_ORIGINAL;Apple_ORIGINAL;False;0.392157;0.22807;0.129032
OnePlus_ORIGINAL;Apple_ORIGINAL;False;0.392157;0.22807;0.129032
OnePlus_ORIGINAL;Apple_ORIGINAL;False;0.392157;0.22807;0.129032
OnePlus_ORIGINAL;Apple_ORIGINAL;False;0.392157;0.22807;0.129032
OnePlus_ORIGINAL;Apple_ORIGINAL;False;0.392157;0.22807;0.129032
OnePlus_ORIGINAL;Apple_ORIGINAL;False;0.392157;0.22807;0.129032
OnePlus_ORIGINAL;Apple_ORIGINAL;False;0.392157;0.22807;0.129032
OnePlus_ORIGINAL;Apple_ORIGINAL;False;0.392157;0.22807;0.129032
OnePlus_ORIGINAL;Apple_ORIGINAL;False;0.392157;0.22807;0.129032
OnePlus_ORIGINAL;Huawei_ORIGINAL;False;0.882353;0.805556;0.736842
OnePlus_ORIGINAL;Huawei_ORIGINAL;False;0.882353;0.805556;0.736842
OnePlus_ORIGINAL;Huawei_ORIGINAL;False;0.882353;0.805556;0.736842
OnePlus_ORIGINAL;Huawei_ORIGINAL;False;0.882353;0.805556;0.736842
OnePlus_ORIGINAL;Huawei_ORIGINAL;False;0.882353;0.805556;0.736842
OnePlus_ORIGINAL;Huawei_ORIGINAL;False;0.882353;0.805556;0.736842
OnePlus_ORIGINAL;Huawei_ORIGINAL;False;0.882353;0.805556;0.736842
OnePlus_ORIGINAL;Huawei_ORIGINAL;False;0.882353;0.805556;0.736842
OnePlus_ORIGINAL;Huawei_ORIGINAL;False;0.882353;0.805556;0.736842
OnePlus_ORIGINAL;Huawei_ORIGINAL;False;0.882353;0.805556;0.736842
OnePlus_ORIGINAL;Huawei_ORIGINAL;False;0.882353;0.805556;0.736842
OnePlus_ORIGINAL;Huawei_ORIGINAL;False;0.882353;0.805556;0.736842
OnePlus_ORIGINAL;Huawei_ORIGINAL;False;0.882353;0.805556;0.736842
OnePlus_ORIGINAL;Huawei_ORIGINAL;False;0.882353;0.805556;0.736842
OnePlus_ORIGINAL;Huawei_ORIGINAL;False;0.882353;0.805556;0.736842
OnePlus_ORIGINAL;Huawei_ORIGINAL;False;0.882353;0.805556;0.736842
OnePlus_ORIGINAL;Samsung_ORIGINAL;False;0.666667;0.6;0.540541
OnePlus_ORIGINAL;Samsung_ORIGINAL;False;0.666667;0.6;0.540541
OnePlus_ORIGINAL;Samsung_ORIGINAL;False;0.666667;0.6;0.540541
OnePlus_ORIGINAL;Samsung_ORIGINAL;False;0.647059;0.583333;0.526316
OnePlus_ORIGINAL;Samsung_ORIGINAL;False;0.647059;0.583333;0.526316
OnePlus_ORIGINAL;Samsung_ORIGINAL;False;0.647059;0.583333;0.526316
OnePlus_ORIGINAL;Samsung_ORIGINAL;False;0.647059;0.583333;0.526316
OnePlus_ORIGINAL;Samsung_ORIGINAL;False;0.647059;0.583333;0.526316
OnePlus_ORIGINAL;Samsung_ORIGINAL;False;0.666667;0.6;0.540541
OnePlus_ORIGINAL;Samsung_ORIGINAL;False;0.666667;0.6;0.540541
OnePlus_ORIGINAL;Samsung_ORIGINAL;False;0.666667;0.6;0.540541
OnePlus_ORIGINAL;Samsung_ORIGINAL;False;0.666667;0.6;0.540541
OnePlus_ORIGINAL;Samsung_ORIGINAL;False;0.666667;0.6;0.540541
Samsung_ORIGINAL;Samsung_ORIGINAL;True;1.0;1.0;1.0
Samsung_ORIGINAL;Samsung_ORIGINAL;True;1.0;1.0;1.0
Samsung_ORIGINAL;Samsung_ORIGINAL;True;1.0;1.0;1.0
Samsung_ORIGINAL;Samsung_ORIGINAL;True;1.0;1.0;1.0
Samsung_ORIGINAL;Samsung_ORIGINAL;True;1.0;1.0;1.0
Samsung_ORIGINAL;Samsung_ORIGINAL;True;1.0;1.0;1.0
Samsung_ORIGINAL;Samsung_ORIGINAL;True;1.0;1.0;1.0
Samsung_ORIGINAL;Samsung_ORIGINAL;True;1.0;1.0;1.0
Samsung_ORIGINAL;Samsung_ORIGINAL;True;1.0;1.0;1.0
Samsung_ORIGINAL;Samsung_ORIGINAL;True;1.0;1.0;1.0
Samsung_ORIGINAL;Samsung_ORIGINAL;True;1.0;1.0;1.0
Samsung_ORIGINAL;Samsung_ORIGINAL;True;1.0;1.0;1.0
Samsung_ORIGINAL;Samsung_ORIGINAL;True;1.0;1.0;1.0
Samsung_ORIGINAL;Samsung_ORIGINAL;True;1.0;1.0;1.0
Samsung_ORIGINAL;Samsung_ORIGINAL;True;1.0;1.0;1.0
Samsung_ORIGINAL;Samsung_ORIGINAL;True;1.0;1.0;1.0
Samsung_ORIGINAL;Samsung_ORIGINAL;True;1.0;1.0;1.0
Samsung_ORIGINAL;Samsung_ORIGINAL;True;1.0;1.0;1.0
Samsung_ORIGINAL;Samsung_ORIGINAL;True;1.0;1.0;1.0
Samsung_ORIGINAL;Apple_ORIGINAL;False;0.423077;0.303571;0.186441
Samsung_ORIGINAL;Apple_ORIGINAL;False;0.415094;0.298246;0.183333
Samsung_ORIGINAL;Apple_ORIGINAL;False;0.415094;0.298246;0.183333
Samsung_ORIGINAL;Apple_ORIGINAL;False;0.415094;0.298246;0.183333
Samsung_ORIGINAL;Apple_ORIGINAL;False;0.415094;0.298246;0.183333
Samsung_ORIGINAL;Apple_ORIGINAL;False;0.415094;0.298246;0.183333
Samsung_ORIGINAL;Apple_ORIGINAL;False;0.415094;0.298246;0.183333
Samsung_ORIGINAL;Apple_ORIGINAL;False;0.415094;0.298246;0.183333
Samsung_ORIGINAL;Apple_ORIGINAL;False;0.415094;0.298246;0.183333
Samsung_ORIGINAL;Apple_ORIGINAL;False;0.415094;0.298246;0.183333
Samsung_ORIGINAL;Huawei_ORIGINAL;False;0.970588;0.944444;0.921053
Samsung_ORIGINAL;Huawei_ORIGINAL;False;0.970588;0.944444;0.921053
Samsung_ORIGINAL;Huawei_ORIGINAL;False;0.970588;0.944444;0.921053
Samsung_ORIGINAL;Huawei_ORIGINAL;False;0.970588;0.944444;0.921053
Samsung_ORIGINAL;Huawei_ORIGINAL;False;0.970588;0.944444;0.921053
Samsung_ORIGINAL;Huawei_ORIGINAL;False;0.941176;0.888889;0.868421
Samsung_ORIGINAL;Huawei_ORIGINAL;False;0.970588;0.944444;0.921053
Samsung_ORIGINAL;Huawei_ORIGINAL;False;0.970588;0.944444;0.921053
Samsung_ORIGINAL;Huawei_ORIGINAL;False;0.970588;0.944444;0.921053
Samsung_ORIGINAL;Huawei_ORIGINAL;False;0.970588;0.944444;0.921053
Samsung_ORIGINAL;Huawei_ORIGINAL;False;0.970588;0.944444;0.921053
Samsung_ORIGINAL;Huawei_ORIGINAL;False;0.970588;0.944444;0.921053
Samsung_ORIGINAL;Huawei_ORIGINAL;False;0.970588;0.944444;0.921053
Samsung_ORIGINAL;Huawei_ORIGINAL;False;0.970588;0.944444;0.921053
Samsung_ORIGINAL;Huawei_ORIGINAL;False;0.970588;0.944444;0.921053
Samsung_ORIGINAL;Huawei_ORIGINAL;False;0.970588;0.944444;0.921053
Samsung_ORIGINAL;LG_ORIGINAL;False;0.90625;0.852941;0.833333
Samsung_ORIGINAL;LG_ORIGINAL;False;0.90625;0.852941;0.833333
Samsung_ORIGINAL;LG_ORIGINAL;False;0.90625;0.852941;0.833333
Samsung_ORIGINAL;LG_ORIGINAL;False;0.90625;0.852941;0.833333
Samsung_ORIGINAL;LG_ORIGINAL;False;0.90625;0.852941;0.833333
Samsung_ORIGINAL;LG_ORIGINAL;False;0.90625;0.852941;0.833333
Samsung_ORIGINAL;LG_ORIGINAL;False;0.90625;0.852941;0.833333
Samsung_ORIGINAL;LG_ORIGINAL;False;0.90625;0.852941;0.833333
Samsung_ORIGINAL;LG_ORIGINAL;False;0.90625;0.852941;0.833333
Samsung_ORIGINAL;LG_ORIGINAL;False;0.90625;0.852941;0.833333
Samsung_ORIGINAL;LG_ORIGINAL;False;0.90625;0.852941;0.833333
Samsung_ORIGINAL;LG_ORIGINAL;False;0.90625;0.852941;0.833333
Samsung_ORIGINAL;LG_ORIGINAL;False;0.90625;0.852941;0.833333
Samsung_ORIGINAL;LG_ORIGINAL;False;0.90625;0.852941;0.833333
Samsung_ORIGINAL;LG_ORIGINAL;False;0.90625;0.852941;0.833333
Samsung_ORIGINAL;LG_ORIGINAL;False;0.90625;0.852941;0.833333
Samsung_ORIGINAL;Apple_ORIGINAL;False;0.431373;0.280702;0.145161
Samsung_ORIGINAL;Apple_ORIGINAL;False;0.431373;0.280702;0.145161
Samsung_ORIGINAL;Apple_ORIGINAL;False;0.431373;0.280702;0.145161
Samsung_ORIGINAL;Apple_ORIGINAL;False;0.431373;0.280702;0.145161
Samsung_ORIGINAL;Apple_ORIGINAL;False;0.431373;0.280702;0.145161
Samsung_ORIGINAL;Apple_ORIGINAL;False;0.431373;0.280702;0.145161
Samsung_ORIGINAL;Apple_ORIGINAL;False;0.431373;0.280702;0.145161
Samsung_ORIGINAL;Apple_ORIGINAL;False;0.431373;0.280702;0.145161
Samsung_ORIGINAL;Apple_ORIGINAL;False;0.431373;0.280702;0.145161
Samsung_ORIGINAL;Apple_ORIGINAL;False;0.431373;0.280702;0.145161
Samsung_ORIGINAL;Apple_ORIGINAL;False;0.431373;0.280702;0.145161
Samsung_ORIGINAL;Apple_ORIGINAL;False;0.431373;0.280702;0.145161
Samsung_ORIGINAL;Apple_ORIGINAL;False;0.431373;0.280702;0.145161
Samsung_ORIGINAL;Apple_ORIGINAL;False;0.431373;0.280702;0.145161
Samsung_ORIGINAL;Apple_ORIGINAL;False;0.431373;0.280702;0.145161
Samsung_ORIGINAL;Apple_ORIGINAL;False;0.431373;0.280702;0.145161
Samsung_ORIGINAL;Apple_ORIGINAL;False;0.44;0.301887;0.163636
Samsung_ORIGINAL;Apple_ORIGINAL;False;0.44;0.301887;0.163636
Samsung_ORIGINAL;Apple_ORIGINAL;False;0.44;0.301887;0.163636
Samsung_ORIGINAL;Apple_ORIGINAL;False;0.44;0.301887;0.163636
Samsung_ORIGINAL;Apple_ORIGINAL;False;0.44;0.301887;0.163636
Samsung_ORIGINAL;Apple_ORIGINAL;False;0.44;0.301887;0.163636
Samsung_ORIGINAL;Apple_ORIGINAL;False;0.44;0.301887;0.163636
Samsung_ORIGINAL;Apple_ORIGINAL;False;0.44;0.301887;0.163636
Samsung_ORIGINAL;Apple_ORIGINAL;False;0.44;0.301887;0.163636
Samsung_ORIGINAL;Apple_ORIGINAL;False;0.44;0.301887;0.163636
Samsung_ORIGINAL;Apple_ORIGINAL;False;0.44;0.301887;0.163636
Samsung_ORIGINAL;Apple_ORIGINAL;False;0.44;0.301887;0.163636
Samsung_ORIGINAL;Apple_ORIGINAL;False;0.44;0.301887;0.163636
Samsung_ORIGINAL;Apple_ORIGINAL;False;0.44;0.301887;0.163636
Samsung_ORIGINAL;Samsung_ORIGINAL;True;1.0;1.0;1.0
Samsung_ORIGINAL;Samsung_ORIGINAL;True;1.0;1.0;1.0
Samsung_ORIGINAL;Samsung_ORIGINAL;True;1.0;1.0;1.0
Samsung_ORIGINAL;Samsung_ORIGINAL;True;1.0;1.0;1.0
Samsung_ORIGINAL;Samsung_ORIGINAL;True;1.0;1.0;1.0
Samsung_ORIGINAL;Samsung_ORIGINAL;True;1.0;1.0;1.0
Samsung_ORIGINAL;Samsung_ORIGINAL;True;1.0;1.0;1.0
Samsung_ORIGINAL;Samsung_ORIGINAL;True;1.0;1.0;1.0
Samsung_ORIGINAL;Samsung_ORIGINAL;True;1.0;1.0;1.0
Samsung_ORIGINAL;Samsung_ORIGINAL;True;1.0;1.0;1.0
Samsung_ORIGINAL;Samsung_ORIGINAL;True;1.0;1.0;1.0
Samsung_ORIGINAL;Samsung_ORIGINAL;True;1.0;1.0;1.0
Samsung_ORIGINAL;Samsung_ORIGINAL;True;1.0;1.0;1.0
Samsung_ORIGINAL;Samsung_ORIGINAL;True;1.0;1.0;1.0
Samsung_ORIGINAL;Samsung_ORIGINAL;True;1.0;1.0;1.0
Samsung_ORIGINAL;Samsung_ORIGINAL;True;1.0;1.0;1.0
Samsung_ORIGINAL;Samsung_ORIGINAL;True;1.0;1.0;1.0
Samsung_ORIGINAL;Samsung_ORIGINAL;True;1.0;1.0;1.0
Samsung_ORIGINAL;Samsung_ORIGINAL;True;1.0;1.0;1.0
Samsung_ORIGINAL;Samsung_ORIGINAL;True;1.0;1.0;1.0
Samsung_ORIGINAL;Samsung_ORIGINAL;True;1.0;1.0;1.0
Samsung_ORIGINAL;Samsung_ORIGINAL;True;1.0;1.0;1.0
Samsung_ORIGINAL;Samsung_ORIGINAL;True;1.0;1.0;1.0
Samsung_ORIGINAL;Samsung_ORIGINAL;True;1.0;1.0;1.0
Samsung_ORIGINAL;Samsung_ORIGINAL;True;1.0;1.0;1.0
Samsung_ORIGINAL;Samsung_ORIGINAL;True;1.0;1.0;1.0
Samsung_ORIGINAL;Samsung_ORIGINAL;True;1.0;1.0;1.0
Samsung_ORIGINAL;Samsung_ORIGINAL;True;1.0;1.0;1.0
Samsung_ORIGINAL;Samsung_ORIGINAL;True;1.0;1.0;1.0
Samsung_ORIGINAL;Samsung_ORIGINAL;True;1.0;1.0;1.0
Samsung_ORIGINAL;Samsung_ORIGINAL;True;1.0;1.0;1.0
Samsung_ORIGINAL;Samsung_ORIGINAL;True;1.0;1.0;1.0
Samsung_ORIGINAL;Samsung_ORIGINAL;True;1.0;1.0;1.0
Samsung_ORIGINAL;Samsung_ORIGINAL;True;1.0;1.0;1.0
Samsung_ORIGINAL;Apple_ORIGINAL;False;0.415094;0.298246;0.183333
Samsung_ORIGINAL;Apple_ORIGINAL;False;0.415094;0.298246;0.183333
Samsung_ORIGINAL;Apple_ORIGINAL;False;0.415094;0.298246;0.183333
Samsung_ORIGINAL;Apple_ORIGINAL;False;0.415094;0.298246;0.183333
Samsung_ORIGINAL;Apple_ORIGINAL;False;0.415094;0.298246;0.183333
Samsung_ORIGINAL;Apple_ORIGINAL;False;0.415094;0.298246;0.183333
Samsung_ORIGINAL;Apple_ORIGINAL;False;0.423077;0.303571;0.186441
Samsung_ORIGINAL;Apple_ORIGINAL;False;0.415094;0.298246;0.183333
Samsung_ORIGINAL;Apple_ORIGINAL;False;0.415094;0.298246;0.183333
Samsung_ORIGINAL;Apple_ORIGINAL;False;0.415094;0.298246;0.183333
Samsung_ORIGINAL;Apple_ORIGINAL;False;0.415094;0.298246;0.183333
Samsung_ORIGINAL;Apple_ORIGINAL;False;0.415094;0.298246;0.183333
Samsung_ORIGINAL;Apple_ORIGINAL;False;0.415094;0.298246;0.183333
Samsung_ORIGINAL;Apple_ORIGINAL;False;0.415094;0.298246;0.183333
Samsung_ORIGINAL;Apple_ORIGINAL;False;0.415094;0.298246;0.183333
Samsung_ORIGINAL;Apple_ORIGINAL;False;0.415094;0.298246;0.183333
Samsung_ORIGINAL;Samsung_ORIGINAL;True;1.0;1.0;1.0
Samsung_ORIGINAL;Samsung_ORIGINAL;True;1.0;1.0;1.0
Samsung_ORIGINAL;Samsung_ORIGINAL;True;1.0;1.0;1.0
Samsung_ORIGINAL;Samsung_ORIGINAL;True;1.0;1.0;1.0
Samsung_ORIGINAL;Samsung_ORIGINAL;True;1.0;1.0;1.0
Samsung_ORIGINAL;Samsung_ORIGINAL;True;1.0;1.0;1.0
Samsung_ORIGINAL;Samsung_ORIGINAL;True;1.0;1.0;1.0
Samsung_ORIGINAL;Samsung_ORIGINAL;True;1.0;1.0;1.0
Samsung_ORIGINAL;Samsung_ORIGINAL;True;1.0;1.0;1.0
Samsung_ORIGINAL;Samsung_ORIGINAL;True;1.0;1.0;1.0
Samsung_ORIGINAL;Samsung_ORIGINAL;True;1.0;1.0;1.0
Samsung_ORIGINAL;Samsung_ORIGINAL;True;1.0;1.0;1.0
Samsung_ORIGINAL;Samsung_ORIGINAL;True;1.0;1.0;1.0
Samsung_ORIGINAL;Samsung_ORIGINAL;True;1.0;1.0;1.0
Samsung_ORIGINAL;Samsung_ORIGINAL;True;1.0;1.0;1.0
Samsung_ORIGINAL;Samsung_ORIGINAL;True;1.0;1.0;1.0
Samsung_ORIGINAL;Samsung_ORIGINAL;True;1.0;1.0;1.0
Samsung_ORIGINAL;Samsung_ORIGINAL;True;1.0;1.0;1.0
Samsung_ORIGINAL;Samsung_ORIGINAL;True;1.0;1.0;1.0
Samsung_ORIGINAL;Samsung_ORIGINAL;True;1.0;1.0;1.0
Samsung_ORIGINAL;Samsung_ORIGINAL;True;1.0;1.0;1.0
Samsung_ORIGINAL;Samsung_ORIGINAL;True;1.0;1.0;1.0
Samsung_ORIGINAL;Samsung_ORIGINAL;True;1.0;1.0;1.0
Samsung_ORIGINAL;Samsung_ORIGINAL;True;1.0;1.0;1.0
Samsung_ORIGINAL;Samsung_ORIGINAL;True;1.0;1.0;1.0
Samsung_ORIGINAL;Samsung_ORIGINAL;True;1.0;1.0;1.0
Samsung_ORIGINAL;Samsung_ORIGINAL;True;1.0;1.0;1.0
Samsung_ORIGINAL;Samsung_ORIGINAL;True;1.0;1.0;1.0
Samsung_ORIGINAL;Samsung_ORIGINAL;True;1.0;1.0;1.0
Samsung_ORIGINAL;OnePlus_ORIGINAL;False;0.914286;0.864865;0.820513
Samsung_ORIGINAL;OnePlus_ORIGINAL;False;0.914286;0.864865;0.820513
Samsung_ORIGINAL;OnePlus_ORIGINAL;False;0.914286;0.864865;0.820513
Samsung_ORIGINAL;OnePlus_ORIGINAL;False;0.914286;0.864865;0.820513
Samsung_ORIGINAL;OnePlus_ORIGINAL;False;0.914286;0.864865;0.820513
Samsung_ORIGINAL;OnePlus_ORIGINAL;False;0.914286;0.864865;0.820513
Samsung_ORIGINAL;OnePlus_ORIGINAL;False;0.914286;0.864865;0.820513
Samsung_ORIGINAL;OnePlus_ORIGINAL;False;0.914286;0.864865;0.820513
Samsung_ORIGINAL;OnePlus_ORIGINAL;False;0.914286;0.864865;0.820513
Samsung_ORIGINAL;OnePlus_ORIGINAL;False;0.914286;0.864865;0.820513
Samsung_ORIGINAL;OnePlus_ORIGINAL;False;0.914286;0.864865;0.820513
Samsung_ORIGINAL;OnePlus_ORIGINAL;False;0.914286;0.864865;0.820513
Samsung_ORIGINAL;OnePlus_ORIGINAL;False;0.914286;0.864865;0.820513
Samsung_ORIGINAL;OnePlus_ORIGINAL;False;0.914286;0.864865;0.820513
Samsung_ORIGINAL;OnePlus_ORIGINAL;False;0.914286;0.864865;0.820513
Samsung_ORIGINAL;OnePlus_ORIGINAL;False;0.914286;0.864865;0.820513
Samsung_ORIGINAL;Xiaomi_ORIGINAL;False;0.941176;0.888889;0.868421
Samsung_ORIGINAL;Xiaomi_ORIGINAL;False;0.944444;0.894737;0.875
Samsung_ORIGINAL;Xiaomi_ORIGINAL;False;0.944444;0.894737;0.875
Samsung_ORIGINAL;Xiaomi_ORIGINAL;False;0.944444;0.894737;0.875
Samsung_ORIGINAL;Xiaomi_ORIGINAL;False;0.944444;0.894737;0.875
Samsung_ORIGINAL;Xiaomi_ORIGINAL;False;0.941176;0.888889;0.868421
Samsung_ORIGINAL;Xiaomi_ORIGINAL;False;0.941176;0.888889;0.868421
Samsung_ORIGINAL;Xiaomi_ORIGINAL;False;0.941176;0.888889;0.868421
Samsung_ORIGINAL;Xiaomi_ORIGINAL;False;0.941176;0.888889;0.868421
Samsung_ORIGINAL;Xiaomi_ORIGINAL;False;0.944444;0.894737;0.875
Samsung_ORIGINAL;Xiaomi_ORIGINAL;False;0.941176;0.888889;0.868421
Samsung_ORIGINAL;Xiaomi_ORIGINAL;False;0.944444;0.894737;0.875
Samsung_ORIGINAL;Xiaomi_ORIGINAL;False;0.944444;0.894737;0.875
Samsung_ORIGINAL;Xiaomi_ORIGINAL;False;0.944444;0.894737;0.875
Samsung_ORIGINAL;Xiaomi_ORIGINAL;False;0.944444;0.894737;0.875
Samsung_ORIGINAL;Xiaomi_ORIGINAL;False;0.944444;0.894737;0.875
Samsung_ORIGINAL;Asus_ORIGINAL;False;0.941176;0.888889;0.868421
Samsung_ORIGINAL;Asus_ORIGINAL;False;0.941176;0.888889;0.868421
Samsung_ORIGINAL;Asus_ORIGINAL;False;0.941176;0.888889;0.868421
Samsung_ORIGINAL;Asus_ORIGINAL;False;0.941176;0.888889;0.868421
Samsung_ORIGINAL;Asus_ORIGINAL;False;0.941176;0.888889;0.868421
Samsung_ORIGINAL;Asus_ORIGINAL;False;0.941176;0.888889;0.868421
Samsung_ORIGINAL;Asus_ORIGINAL;False;0.941176;0.888889;0.868421
Samsung_ORIGINAL;Asus_ORIGINAL;False;0.941176;0.888889;0.868421
Samsung_ORIGINAL;Asus_ORIGINAL;False;0.941176;0.888889;0.868421
Samsung_ORIGINAL;Asus_ORIGINAL;False;0.941176;0.888889;0.868421
Samsung_ORIGINAL;Asus_ORIGINAL;False;0.941176;0.888889;0.868421
Samsung_ORIGINAL;Asus_ORIGINAL;False;0.941176;0.888889;0.868421
Samsung_ORIGINAL;Asus_ORIGINAL;False;0.941176;0.888889;0.868421
Samsung_ORIGINAL;Asus_ORIGINAL;False;0.941176;0.888889;0.868421
Samsung_ORIGINAL;Asus_ORIGINAL;False;0.941176;0.888889;0.868421
Samsung_ORIGINAL;Asus_ORIGINAL;False;0.941176;0.888889;0.868421
Samsung_ORIGINAL;Samsung_ORIGINAL;True;1.0;1.0;1.0
Samsung_ORIGINAL;Samsung_ORIGINAL;True;1.0;1.0;1.0
Samsung_ORIGINAL;Samsung_ORIGINAL;True;1.0;1.0;1.0
Samsung_ORIGINAL;Samsung_ORIGINAL;True;1.0;1.0;1.0
Samsung_ORIGINAL;Samsung_ORIGINAL;True;1.0;1.0;1.0
Samsung_ORIGINAL;Samsung_ORIGINAL;True;1.0;1.0;1.0
Samsung_ORIGINAL;Samsung_ORIGINAL;True;1.0;1.0;1.0
Samsung_ORIGINAL;Samsung_ORIGINAL;True;1.0;1.0;1.0
Samsung_ORIGINAL;Samsung_ORIGINAL;True;1.0;1.0;1.0
Samsung_ORIGINAL;Samsung_ORIGINAL;True;1.0;1.0;1.0
Samsung_ORIGINAL;Samsung_ORIGINAL;True;1.0;1.0;1.0
Samsung_ORIGINAL;Samsung_ORIGINAL;True;1.0;1.0;1.0
Samsung_ORIGINAL;Samsung_ORIGINAL;True;1.0;1.0;1.0
Samsung_ORIGINAL;Wiko_ORIGINAL;False;0.966667;0.9375;0.941176
Samsung_ORIGINAL;Wiko_ORIGINAL;False;0.966667;0.9375;0.941176
Samsung_ORIGINAL;Wiko_ORIGINAL;False;0.966667;0.9375;0.941176
Samsung_ORIGINAL;Wiko_ORIGINAL;False;0.966667;0.9375;0.941176
Samsung_ORIGINAL;Wiko_ORIGINAL;False;0.966667;0.9375;0.941176
Samsung_ORIGINAL;Wiko_ORIGINAL;False;0.966667;0.9375;0.941176
Samsung_ORIGINAL;Wiko_ORIGINAL;False;0.966667;0.9375;0.941176
Samsung_ORIGINAL;Wiko_ORIGINAL;False;0.966667;0.9375;0.941176
Samsung_ORIGINAL;Apple_ORIGINAL;False;0.44;0.301887;0.163636
Samsung_ORIGINAL;Apple_ORIGINAL;False;0.44;0.301887;0.163636
Samsung_ORIGINAL;Apple_ORIGINAL;False;0.44;0.301887;0.163636
Samsung_ORIGINAL;Apple_ORIGINAL;False;0.44898;0.307692;0.166667
Samsung_ORIGINAL;Apple_ORIGINAL;False;0.44898;0.307692;0.166667
Samsung_ORIGINAL;Apple_ORIGINAL;False;0.44898;0.307692;0.166667
Samsung_ORIGINAL;Apple_ORIGINAL;False;0.44898;0.307692;0.166667
Samsung_ORIGINAL;Apple_ORIGINAL;False;0.44898;0.307692;0.166667
Samsung_ORIGINAL;Apple_ORIGINAL;False;0.44898;0.307692;0.166667
Samsung_ORIGINAL;Apple_ORIGINAL;False;0.44;0.301887;0.163636
Samsung_ORIGINAL;Apple_ORIGINAL;False;0.44898;0.307692;0.166667
Samsung_ORIGINAL;Apple_ORIGINAL;False;0.44;0.301887;0.163636
Samsung_ORIGINAL;Apple_ORIGINAL;False;0.44898;0.307692;0.166667
Samsung_ORIGINAL;Apple_ORIGINAL;False;0.409091;0.297872;0.163265
Samsung_ORIGINAL;Apple_ORIGINAL;False;0.431373;0.280702;0.145161
Samsung_ORIGINAL;Apple_ORIGINAL;False;0.431373;0.280702;0.145161
Samsung_ORIGINAL;Apple_ORIGINAL;False;0.431373;0.280702;0.145161
Samsung_ORIGINAL;Apple_ORIGINAL;False;0.431373;0.280702;0.145161
Samsung_ORIGINAL;Apple_ORIGINAL;False;0.431373;0.280702;0.145161
Samsung_ORIGINAL;Apple_ORIGINAL;False;0.431373;0.280702;0.145161
Samsung_ORIGINAL;Apple_ORIGINAL;False;0.431373;0.280702;0.145161
Samsung_ORIGINAL;Apple_ORIGINAL;False;0.431373;0.280702;0.145161
Samsung_ORIGINAL;Apple_ORIGINAL;False;0.431373;0.280702;0.145161
Samsung_ORIGINAL;Apple_ORIGINAL;False;0.431373;0.280702;0.145161
Samsung_ORIGINAL;Apple_ORIGINAL;False;0.431373;0.280702;0.145161
Samsung_ORIGINAL;Apple_ORIGINAL;False;0.431373;0.280702;0.145161
Samsung_ORIGINAL;Apple_ORIGINAL;False;0.431373;0.280702;0.145161
Samsung_ORIGINAL;Apple_ORIGINAL;False;0.431373;0.280702;0.145161
Samsung_ORIGINAL;Apple_ORIGINAL;False;0.431373;0.280702;0.145161
Samsung_ORIGINAL;Apple_ORIGINAL;False;0.44;0.301887;0.163636
Samsung_ORIGINAL;Apple_ORIGINAL;False;0.44;0.301887;0.163636
Samsung_ORIGINAL;Apple_ORIGINAL;False;0.44;0.301887;0.163636
Samsung_ORIGINAL;Apple_ORIGINAL;False;0.44;0.301887;0.163636
Samsung_ORIGINAL;Apple_ORIGINAL;False;0.44;0.301887;0.163636
Samsung_ORIGINAL;Apple_ORIGINAL;False;0.44;0.301887;0.163636
Samsung_ORIGINAL;Apple_ORIGINAL;False;0.44;0.301887;0.163636
Samsung_ORIGINAL;Apple_ORIGINAL;False;0.44;0.301887;0.163636
Samsung_ORIGINAL;Apple_ORIGINAL;False;0.44;0.301887;0.163636
Samsung_ORIGINAL;Apple_ORIGINAL;False;0.44;0.301887;0.163636
Samsung_ORIGINAL;Microsoft_ORIGINAL;False;0.684211;0.609756;0.534884
Samsung_ORIGINAL;Microsoft_ORIGINAL;False;0.757576;0.694444;0.605263
Samsung_ORIGINAL;Microsoft_ORIGINAL;False;0.684211;0.609756;0.534884
Samsung_ORIGINAL;Microsoft_ORIGINAL;False;0.684211;0.609756;0.534884
Samsung_ORIGINAL;Microsoft_ORIGINAL;False;0.684211;0.609756;0.534884
Samsung_ORIGINAL;Microsoft_ORIGINAL;False;0.684211;0.609756;0.534884
Samsung_ORIGINAL;Microsoft_ORIGINAL;False;0.684211;0.609756;0.534884
Samsung_ORIGINAL;Huawei_ORIGINAL;False;0.970588;0.944444;0.921053
Samsung_ORIGINAL;Huawei_ORIGINAL;False;0.970588;0.944444;0.921053
Samsung_ORIGINAL;Huawei_ORIGINAL;False;0.970588;0.944444;0.921053
Samsung_ORIGINAL;Huawei_ORIGINAL;False;0.970588;0.944444;0.921053
Samsung_ORIGINAL;Huawei_ORIGINAL;False;0.970588;0.944444;0.921053
Samsung_ORIGINAL;Huawei_ORIGINAL;False;0.970588;0.944444;0.921053
Samsung_ORIGINAL;Huawei_ORIGINAL;False;0.970588;0.944444;0.921053
Samsung_ORIGINAL;Huawei_ORIGINAL;False;0.970588;0.944444;0.921053
Samsung_ORIGINAL;Huawei_ORIGINAL;False;0.970588;0.944444;0.921053
Samsung_ORIGINAL;Huawei_ORIGINAL;False;0.970588;0.944444;0.921053
Samsung_ORIGINAL;Huawei_ORIGINAL;False;0.970588;0.944444;0.921053
Samsung_ORIGINAL;Huawei_ORIGINAL;False;0.970588;0.944444;0.921053
Samsung_ORIGINAL;Huawei_ORIGINAL;False;0.970588;0.944444;0.921053
Samsung_ORIGINAL;Huawei_ORIGINAL;False;0.970588;0.944444;0.921053
Samsung_ORIGINAL;Huawei_ORIGINAL;False;0.970588;0.944444;0.921053
Samsung_ORIGINAL;Huawei_ORIGINAL;False;0.970588;0.944444;0.921053
Samsung_ORIGINAL;Apple_ORIGINAL;False;0.431373;0.280702;0.145161
Samsung_ORIGINAL;Apple_ORIGINAL;False;0.431373;0.280702;0.145161
Samsung_ORIGINAL;Apple_ORIGINAL;False;0.431373;0.280702;0.145161
Samsung_ORIGINAL;Apple_ORIGINAL;False;0.431373;0.280702;0.145161
Samsung_ORIGINAL;Apple_ORIGINAL;False;0.431373;0.280702;0.145161
Samsung_ORIGINAL;Apple_ORIGINAL;False;0.431373;0.280702;0.145161
Samsung_ORIGINAL;Apple_ORIGINAL;False;0.431373;0.280702;0.145161
Samsung_ORIGINAL;Apple_ORIGINAL;False;0.431373;0.280702;0.145161
Samsung_ORIGINAL;Apple_ORIGINAL;False;0.431373;0.280702;0.145161
Samsung_ORIGINAL;Apple_ORIGINAL;False;0.431373;0.280702;0.145161
Samsung_ORIGINAL;Apple_ORIGINAL;False;0.431373;0.280702;0.145161
Samsung_ORIGINAL;Apple_ORIGINAL;False;0.431373;0.280702;0.145161
Samsung_ORIGINAL;Apple_ORIGINAL;False;0.431373;0.280702;0.145161
Samsung_ORIGINAL;Apple_ORIGINAL;False;0.431373;0.280702;0.145161
Samsung_ORIGINAL;Apple_ORIGINAL;False;0.431373;0.280702;0.145161
Samsung_ORIGINAL;Apple_ORIGINAL;False;0.423077;0.303571;0.186441
Samsung_ORIGINAL;Apple_ORIGINAL;False;0.423077;0.303571;0.186441
Samsung_ORIGINAL;Apple_ORIGINAL;False;0.423077;0.303571;0.186441
Samsung_ORIGINAL;Apple_ORIGINAL;False;0.423077;0.303571;0.186441
Samsung_ORIGINAL;Apple_ORIGINAL;False;0.423077;0.303571;0.186441
Samsung_ORIGINAL;Apple_ORIGINAL;False;0.423077;0.303571;0.186441
Samsung_ORIGINAL;Apple_ORIGINAL;False;0.423077;0.303571;0.186441
Samsung_ORIGINAL;Apple_ORIGINAL;False;0.423077;0.303571;0.186441
Samsung_ORIGINAL;Apple_ORIGINAL;False;0.423077;0.303571;0.186441
Samsung_ORIGINAL;Apple_ORIGINAL;False;0.423077;0.303571;0.186441
Samsung_ORIGINAL;Apple_ORIGINAL;False;0.423077;0.303571;0.186441
Samsung_ORIGINAL;Apple_ORIGINAL;False;0.423077;0.303571;0.186441
Samsung_ORIGINAL;Apple_ORIGINAL;False;0.423077;0.303571;0.186441
Samsung_ORIGINAL;Apple_ORIGINAL;False;0.423077;0.303571;0.186441
Samsung_ORIGINAL;Apple_ORIGINAL;False;0.423077;0.303571;0.186441
Samsung_ORIGINAL;Apple_ORIGINAL;False;0.423077;0.303571;0.186441
Samsung_ORIGINAL;Apple_ORIGINAL;False;0.423077;0.303571;0.186441
Samsung_ORIGINAL;Apple_ORIGINAL;False;0.423077;0.303571;0.186441
Samsung_ORIGINAL;Apple_ORIGINAL;False;0.423077;0.303571;0.186441
Samsung_ORIGINAL;Apple_ORIGINAL;False;0.423077;0.303571;0.186441
Samsung_ORIGINAL;Apple_ORIGINAL;False;0.423077;0.303571;0.186441
Samsung_ORIGINAL;Apple_ORIGINAL;False;0.423077;0.303571;0.186441
Samsung_ORIGINAL;Apple_ORIGINAL;False;0.423077;0.303571;0.186441
Samsung_ORIGINAL;Apple_ORIGINAL;False;0.423077;0.303571;0.186441
Samsung_ORIGINAL;Apple_ORIGINAL;False;0.423077;0.303571;0.186441
Samsung_ORIGINAL;Apple_ORIGINAL;False;0.423077;0.303571;0.186441
Samsung_ORIGINAL;Apple_ORIGINAL;False;0.423077;0.303571;0.186441
Samsung_ORIGINAL;Apple_ORIGINAL;False;0.423077;0.303571;0.186441
Samsung_ORIGINAL;Apple_ORIGINAL;False;0.423077;0.303571;0.186441
Samsung_ORIGINAL;Sony_ORIGINAL;False;0.92;0.916667;0.913043
Samsung_ORIGINAL;Sony_ORIGINAL;False;0.92;0.916667;0.913043
Samsung_ORIGINAL;Sony_ORIGINAL;False;0.92;0.916667;0.913043
Samsung_ORIGINAL;Sony_ORIGINAL;False;0.92;0.916667;0.913043
Samsung_ORIGINAL;Sony_ORIGINAL;False;0.92;0.916667;0.913043
Samsung_ORIGINAL;Sony_ORIGINAL;False;0.92;0.916667;0.913043
Samsung_ORIGINAL;Sony_ORIGINAL;False;0.92;0.916667;0.913043
Samsung_ORIGINAL;Sony_ORIGINAL;False;0.92;0.916667;0.913043
Samsung_ORIGINAL;Sony_ORIGINAL;False;0.92;0.916667;0.913043
Samsung_ORIGINAL;Sony_ORIGINAL;False;0.92;0.916667;0.913043
Samsung_ORIGINAL;Sony_ORIGINAL;False;0.92;0.916667;0.913043
Samsung_ORIGINAL;Sony_ORIGINAL;False;0.92;0.916667;0.913043
Samsung_ORIGINAL;Sony_ORIGINAL;False;0.92;0.916667;0.913043
Samsung_ORIGINAL;Sony_ORIGINAL;False;0.92;0.916667;0.913043
Samsung_ORIGINAL;Sony_ORIGINAL;False;0.92;0.916667;0.913043
Samsung_ORIGINAL;Sony_ORIGINAL;False;0.92;0.916667;0.913043
Samsung_ORIGINAL;Samsung_ORIGINAL;True;1.0;1.0;1.0
Samsung_ORIGINAL;Samsung_ORIGINAL;True;1.0;1.0;1.0
Samsung_ORIGINAL;Samsung_ORIGINAL;True;1.0;1.0;1.0
Samsung_ORIGINAL;Samsung_ORIGINAL;True;1.0;1.0;1.0
Samsung_ORIGINAL;Samsung_ORIGINAL;True;1.0;1.0;1.0
Samsung_ORIGINAL;Samsung_ORIGINAL;True;1.0;1.0;1.0
Samsung_ORIGINAL;Samsung_ORIGINAL;True;1.0;1.0;1.0
Samsung_ORIGINAL;Samsung_ORIGINAL;True;1.0;1.0;1.0
Samsung_ORIGINAL;Samsung_ORIGINAL;True;1.0;1.0;1.0
Samsung_ORIGINAL;Samsung_ORIGINAL;True;1.0;1.0;1.0
Samsung_ORIGINAL;Samsung_ORIGINAL;True;1.0;1.0;1.0
Samsung_ORIGINAL;Samsung_ORIGINAL;True;1.0;1.0;1.0
Samsung_ORIGINAL;Samsung_ORIGINAL;True;1.0;1.0;1.0
Samsung_ORIGINAL;Samsung_ORIGINAL;True;1.0;1.0;1.0
Samsung_ORIGINAL;Samsung_ORIGINAL;True;1.0;1.0;1.0
Samsung_ORIGINAL;Samsung_ORIGINAL;True;1.0;1.0;1.0
Samsung_ORIGINAL;Apple_ORIGINAL;False;0.44;0.301887;0.163636
Samsung_ORIGINAL;Apple_ORIGINAL;False;0.44;0.301887;0.163636
Samsung_ORIGINAL;Apple_ORIGINAL;False;0.44;0.301887;0.163636
Samsung_ORIGINAL;Apple_ORIGINAL;False;0.44;0.301887;0.163636
Samsung_ORIGINAL;Apple_ORIGINAL;False;0.44;0.301887;0.163636
Samsung_ORIGINAL;Apple_ORIGINAL;False;0.44;0.301887;0.163636
Samsung_ORIGINAL;Apple_ORIGINAL;False;0.44;0.301887;0.163636
Samsung_ORIGINAL;Apple_ORIGINAL;False;0.44;0.301887;0.163636
Samsung_ORIGINAL;Apple_ORIGINAL;False;0.44;0.301887;0.163636
Samsung_ORIGINAL;Apple_ORIGINAL;False;0.44;0.301887;0.163636
Samsung_ORIGINAL;Apple_ORIGINAL;False;0.44;0.301887;0.163636
Samsung_ORIGINAL;Apple_ORIGINAL;False;0.44;0.301887;0.163636
Samsung_ORIGINAL;Apple_ORIGINAL;False;0.44898;0.307692;0.166667
Samsung_ORIGINAL;Apple_ORIGINAL;False;0.44898;0.307692;0.166667
Samsung_ORIGINAL;Apple_ORIGINAL;False;0.44898;0.307692;0.166667
Samsung_ORIGINAL;Apple_ORIGINAL;False;0.44898;0.307692;0.166667
Samsung_ORIGINAL;Apple_ORIGINAL;False;0.44898;0.307692;0.166667
Samsung_ORIGINAL;Apple_ORIGINAL;False;0.44898;0.307692;0.166667
Samsung_ORIGINAL;Apple_ORIGINAL;False;0.44898;0.307692;0.166667
Samsung_ORIGINAL;Apple_ORIGINAL;False;0.44898;0.307692;0.166667
Samsung_ORIGINAL;Apple_ORIGINAL;False;0.44898;0.307692;0.166667
Samsung_ORIGINAL;Apple_ORIGINAL;False;0.44898;0.307692;0.166667
Samsung_ORIGINAL;Apple_ORIGINAL;False;0.44898;0.307692;0.166667
Samsung_ORIGINAL;Apple_ORIGINAL;False;0.44898;0.307692;0.166667
Samsung_ORIGINAL;Apple_ORIGINAL;False;0.44898;0.307692;0.166667
Samsung_ORIGINAL;Apple_ORIGINAL;False;0.44898;0.307692;0.166667
Samsung_ORIGINAL;Apple_ORIGINAL;False;0.44898;0.307692;0.166667
Samsung_ORIGINAL;Apple_ORIGINAL;False;0.44898;0.307692;0.166667
Samsung_ORIGINAL;Apple_ORIGINAL;False;0.44898;0.307692;0.166667
Samsung_ORIGINAL;Apple_ORIGINAL;False;0.44898;0.307692;0.166667
Samsung_ORIGINAL;Apple_ORIGINAL;False;0.44898;0.307692;0.166667
Samsung_ORIGINAL;Apple_ORIGINAL;False;0.44898;0.307692;0.166667
Samsung_ORIGINAL;Apple_ORIGINAL;False;0.44898;0.307692;0.166667
Samsung_ORIGINAL;Apple_ORIGINAL;False;0.44898;0.307692;0.166667
Samsung_ORIGINAL;Apple_ORIGINAL;False;0.44898;0.307692;0.166667
Samsung_ORIGINAL;Apple_ORIGINAL;False;0.44898;0.307692;0.166667
Samsung_ORIGINAL;Apple_ORIGINAL;False;0.44898;0.307692;0.166667
Samsung_ORIGINAL;Apple_ORIGINAL;False;0.44898;0.307692;0.166667
Samsung_ORIGINAL;Apple_ORIGINAL;False;0.44898;0.307692;0.166667
Samsung_ORIGINAL;Apple_ORIGINAL;False;0.44898;0.307692;0.166667
Samsung_ORIGINAL;Apple_ORIGINAL;False;0.44898;0.307692;0.166667
Samsung_ORIGINAL;Huawei_ORIGINAL;False;1.0;1.0;1.0
Samsung_ORIGINAL;Huawei_ORIGINAL;False;1.0;1.0;1.0
Samsung_ORIGINAL;Huawei_ORIGINAL;False;1.0;1.0;1.0
Samsung_ORIGINAL;Huawei_ORIGINAL;False;1.0;1.0;1.0
Samsung_ORIGINAL;Huawei_ORIGINAL;False;1.0;1.0;1.0
Samsung_ORIGINAL;Huawei_ORIGINAL;False;1.0;1.0;1.0
Samsung_ORIGINAL;Huawei_ORIGINAL;False;1.0;1.0;1.0
Samsung_ORIGINAL;Huawei_ORIGINAL;False;1.0;1.0;1.0
Samsung_ORIGINAL;Huawei_ORIGINAL;False;1.0;1.0;1.0
Samsung_ORIGINAL;Huawei_ORIGINAL;False;1.0;1.0;1.0
Samsung_ORIGINAL;Huawei_ORIGINAL;False;1.0;1.0;1.0
Samsung_ORIGINAL;Huawei_ORIGINAL;False;1.0;1.0;1.0
Samsung_ORIGINAL;Huawei_ORIGINAL;False;1.0;1.0;1.0
Samsung_ORIGINAL;Huawei_ORIGINAL;False;1.0;1.0;1.0
Samsung_ORIGINAL;Huawei_ORIGINAL;False;1.0;1.0;1.0
Samsung_ORIGINAL;Huawei_ORIGINAL;False;1.0;1.0;1.0
Samsung_ORIGINAL;OnePlus_ORIGINAL;False;0.914286;0.864865;0.820513
Samsung_ORIGINAL;OnePlus_ORIGINAL;False;0.914286;0.864865;0.820513
Samsung_ORIGINAL;OnePlus_ORIGINAL;False;0.914286;0.864865;0.820513
Samsung_ORIGINAL;OnePlus_ORIGINAL;False;0.914286;0.864865;0.820513
Samsung_ORIGINAL;OnePlus_ORIGINAL;False;0.914286;0.864865;0.820513
Samsung_ORIGINAL;OnePlus_ORIGINAL;False;0.914286;0.864865;0.820513
Samsung_ORIGINAL;OnePlus_ORIGINAL;False;0.914286;0.864865;0.820513
Samsung_ORIGINAL;OnePlus_ORIGINAL;False;0.914286;0.864865;0.820513
Samsung_ORIGINAL;OnePlus_ORIGINAL;False;0.914286;0.864865;0.820513
Samsung_ORIGINAL;OnePlus_ORIGINAL;False;0.914286;0.864865;0.820513
Samsung_ORIGINAL;OnePlus_ORIGINAL;False;0.914286;0.864865;0.820513
Samsung_ORIGINAL;OnePlus_ORIGINAL;False;0.914286;0.864865;0.820513
Samsung_ORIGINAL;OnePlus_ORIGINAL;False;0.914286;0.864865;0.820513
Samsung_ORIGINAL;OnePlus_ORIGINAL;False;0.914286;0.864865;0.820513
Samsung_ORIGINAL;OnePlus_ORIGINAL;False;0.918919;0.871795;0.829268
Samsung_ORIGINAL;OnePlus_ORIGINAL;False;0.918919;0.871795;0.829268
Samsung_ORIGINAL;Samsung_ORIGINAL;True;1.0;1.0;1.0
Samsung_ORIGINAL;Samsung_ORIGINAL;True;1.0;1.0;1.0
Samsung_ORIGINAL;Samsung_ORIGINAL;True;1.0;1.0;1.0
Samsung_ORIGINAL;Samsung_ORIGINAL;True;1.0;1.0;1.0
Samsung_ORIGINAL;Samsung_ORIGINAL;True;1.0;1.0;1.0
Samsung_ORIGINAL;Samsung_ORIGINAL;True;1.0;1.0;1.0
Samsung_ORIGINAL;Samsung_ORIGINAL;True;1.0;1.0;1.0
Samsung_ORIGINAL;Samsung_ORIGINAL;True;1.0;1.0;1.0
Samsung_ORIGINAL;Samsung_ORIGINAL;True;1.0;1.0;1.0
Samsung_ORIGINAL;Samsung_ORIGINAL;True;1.0;1.0;1.0
Samsung_ORIGINAL;Samsung_ORIGINAL;True;1.0;1.0;1.0
Samsung_ORIGINAL;Samsung_ORIGINAL;True;1.0;1.0;1.0
Samsung_ORIGINAL;Samsung_ORIGINAL;True;1.0;1.0;1.0
Samsung_ORIGINAL;Samsung_ORIGINAL;True;1.0;1.0;1.0
Samsung_ORIGINAL;Samsung_ORIGINAL;True;1.0;1.0;1.0
Samsung_ORIGINAL;Samsung_ORIGINAL;True;1.0;1.0;1.0
Samsung_ORIGINAL;Huawei_ORIGINAL;False;0.941176;0.888889;0.868421
Samsung_ORIGINAL;Huawei_ORIGINAL;False;0.941176;0.888889;0.868421
Samsung_ORIGINAL;Huawei_ORIGINAL;False;0.941176;0.888889;0.868421
Samsung_ORIGINAL;Huawei_ORIGINAL;False;0.941176;0.888889;0.868421
Samsung_ORIGINAL;Huawei_ORIGINAL;False;0.941176;0.888889;0.868421
Samsung_ORIGINAL;Huawei_ORIGINAL;False;0.941176;0.888889;0.868421
Samsung_ORIGINAL;Huawei_ORIGINAL;False;0.941176;0.888889;0.868421
Samsung_ORIGINAL;Huawei_ORIGINAL;False;0.941176;0.888889;0.868421
Samsung_ORIGINAL;Huawei_ORIGINAL;False;0.941176;0.888889;0.868421
Samsung_ORIGINAL;Huawei_ORIGINAL;False;0.941176;0.888889;0.868421
Samsung_ORIGINAL;Huawei_ORIGINAL;False;0.941176;0.888889;0.868421
Samsung_ORIGINAL;Huawei_ORIGINAL;False;0.941176;0.888889;0.868421
Samsung_ORIGINAL;Huawei_ORIGINAL;False;0.941176;0.888889;0.868421
Samsung_ORIGINAL;Huawei_ORIGINAL;False;0.941176;0.888889;0.868421
Samsung_ORIGINAL;Huawei_ORIGINAL;False;0.941176;0.888889;0.868421
Samsung_ORIGINAL;Huawei_ORIGINAL;False;0.941176;0.888889;0.868421
Samsung_ORIGINAL;Apple_ORIGINAL;False;0.431373;0.280702;0.145161
Samsung_ORIGINAL;Apple_ORIGINAL;False;0.431373;0.280702;0.145161
Samsung_ORIGINAL;Apple_ORIGINAL;False;0.431373;0.280702;0.145161
Samsung_ORIGINAL;Apple_ORIGINAL;False;0.431373;0.280702;0.145161
Samsung_ORIGINAL;Apple_ORIGINAL;False;0.431373;0.280702;0.145161
Samsung_ORIGINAL;Apple_ORIGINAL;False;0.431373;0.280702;0.145161
Samsung_ORIGINAL;Apple_ORIGINAL;False;0.431373;0.280702;0.145161
Samsung_ORIGINAL;Apple_ORIGINAL;False;0.431373;0.280702;0.145161
Samsung_ORIGINAL;Apple_ORIGINAL;False;0.431373;0.280702;0.145161
Samsung_ORIGINAL;Apple_ORIGINAL;False;0.431373;0.280702;0.145161
Samsung_ORIGINAL;Apple_ORIGINAL;False;0.431373;0.280702;0.145161
Samsung_ORIGINAL;Apple_ORIGINAL;False;0.431373;0.280702;0.145161
Samsung_ORIGINAL;Apple_ORIGINAL;False;0.431373;0.280702;0.145161
Samsung_ORIGINAL;Apple_ORIGINAL;False;0.431373;0.280702;0.145161
Samsung_ORIGINAL;Apple_ORIGINAL;False;0.431373;0.280702;0.145161
Samsung_ORIGINAL;Apple_ORIGINAL;False;0.431373;0.280702;0.145161
Samsung_ORIGINAL;Huawei_ORIGINAL;False;0.941176;0.888889;0.868421
Samsung_ORIGINAL;Huawei_ORIGINAL;False;0.941176;0.888889;0.868421
Samsung_ORIGINAL;Huawei_ORIGINAL;False;0.941176;0.888889;0.868421
Samsung_ORIGINAL;Huawei_ORIGINAL;False;0.941176;0.888889;0.868421
Samsung_ORIGINAL;Huawei_ORIGINAL;False;0.941176;0.888889;0.868421
Samsung_ORIGINAL;Huawei_ORIGINAL;False;0.941176;0.888889;0.868421
Samsung_ORIGINAL;Huawei_ORIGINAL;False;0.941176;0.888889;0.868421
Samsung_ORIGINAL;Huawei_ORIGINAL;False;0.941176;0.888889;0.868421
Samsung_ORIGINAL;Huawei_ORIGINAL;False;0.941176;0.888889;0.868421
Samsung_ORIGINAL;Huawei_ORIGINAL;False;0.941176;0.888889;0.868421
Samsung_ORIGINAL;Huawei_ORIGINAL;False;0.941176;0.888889;0.868421
Samsung_ORIGINAL;Huawei_ORIGINAL;False;0.941176;0.888889;0.868421
Samsung_ORIGINAL;Huawei_ORIGINAL;False;0.941176;0.888889;0.868421
Samsung_ORIGINAL;Huawei_ORIGINAL;False;0.941176;0.888889;0.868421
Samsung_ORIGINAL;Huawei_ORIGINAL;False;0.941176;0.888889;0.868421
Samsung_ORIGINAL;Huawei_ORIGINAL;False;0.941176;0.888889;0.868421
Samsung_ORIGINAL;Samsung_ORIGINAL;True;1.0;1.0;1.0
Samsung_ORIGINAL;Samsung_ORIGINAL;True;1.0;1.0;1.0
Samsung_ORIGINAL;Samsung_ORIGINAL;True;1.0;1.0;1.0
Samsung_ORIGINAL;Samsung_ORIGINAL;True;1.0;1.0;1.0
Samsung_ORIGINAL;Samsung_ORIGINAL;True;1.0;1.0;1.0
Samsung_ORIGINAL;Samsung_ORIGINAL;True;1.0;1.0;1.0
Samsung_ORIGINAL;Samsung_ORIGINAL;True;1.0;1.0;1.0
Samsung_ORIGINAL;Samsung_ORIGINAL;True;1.0;1.0;1.0
Samsung_ORIGINAL;Samsung_ORIGINAL;True;1.0;1.0;1.0
Samsung_ORIGINAL;Samsung_ORIGINAL;True;1.0;1.0;1.0
Samsung_ORIGINAL;Samsung_ORIGINAL;True;1.0;1.0;1.0
Samsung_ORIGINAL;Samsung_ORIGINAL;True;1.0;1.0;1.0
Samsung_ORIGINAL;Samsung_ORIGINAL;True;1.0;1.0;1.0
Sony_ORIGINAL;Samsung_ORIGINAL;False;0.516129;0.393939;0.314286
Sony_ORIGINAL;Samsung_ORIGINAL;False;0.516129;0.393939;0.314286
Sony_ORIGINAL;Samsung_ORIGINAL;False;0.516129;0.393939;0.314286
Sony_ORIGINAL;Samsung_ORIGINAL;False;0.516129;0.393939;0.314286
Sony_ORIGINAL;Samsung_ORIGINAL;False;0.516129;0.393939;0.314286
Sony_ORIGINAL;Samsung_ORIGINAL;False;0.516129;0.393939;0.314286
Sony_ORIGINAL;Samsung_ORIGINAL;False;0.516129;0.393939;0.314286
Sony_ORIGINAL;Samsung_ORIGINAL;False;0.516129;0.393939;0.314286
Sony_ORIGINAL;Samsung_ORIGINAL;False;0.516129;0.393939;0.314286
Sony_ORIGINAL;Samsung_ORIGINAL;False;0.516129;0.393939;0.314286
Sony_ORIGINAL;Samsung_ORIGINAL;False;0.516129;0.393939;0.314286
Sony_ORIGINAL;Samsung_ORIGINAL;False;0.516129;0.393939;0.314286
Sony_ORIGINAL;Samsung_ORIGINAL;False;0.516129;0.393939;0.314286
Sony_ORIGINAL;Samsung_ORIGINAL;False;0.516129;0.393939;0.314286
Sony_ORIGINAL;Samsung_ORIGINAL;False;0.516129;0.393939;0.314286
Sony_ORIGINAL;Samsung_ORIGINAL;False;0.516129;0.393939;0.314286
Sony_ORIGINAL;Samsung_ORIGINAL;False;0.516129;0.393939;0.314286
Sony_ORIGINAL;Samsung_ORIGINAL;False;0.516129;0.393939;0.314286
Sony_ORIGINAL;Samsung_ORIGINAL;False;0.516129;0.393939;0.314286
Sony_ORIGINAL;Apple_ORIGINAL;False;0.25;0.160714;0.101695
Sony_ORIGINAL;Apple_ORIGINAL;False;0.245283;0.157895;0.1
Sony_ORIGINAL;Apple_ORIGINAL;False;0.245283;0.157895;0.1
Sony_ORIGINAL;Apple_ORIGINAL;False;0.245283;0.157895;0.1
Sony_ORIGINAL;Apple_ORIGINAL;False;0.245283;0.157895;0.1
Sony_ORIGINAL;Apple_ORIGINAL;False;0.245283;0.157895;0.1
Sony_ORIGINAL;Apple_ORIGINAL;False;0.245283;0.157895;0.1
Sony_ORIGINAL;Apple_ORIGINAL;False;0.245283;0.157895;0.1
Sony_ORIGINAL;Apple_ORIGINAL;False;0.245283;0.157895;0.1
Sony_ORIGINAL;Apple_ORIGINAL;False;0.245283;0.157895;0.1
Sony_ORIGINAL;Huawei_ORIGINAL;False;0.647059;0.555556;0.473684
Sony_ORIGINAL;Huawei_ORIGINAL;False;0.647059;0.555556;0.473684
Sony_ORIGINAL;Huawei_ORIGINAL;False;0.647059;0.555556;0.473684
Sony_ORIGINAL;Huawei_ORIGINAL;False;0.647059;0.555556;0.473684
Sony_ORIGINAL;Huawei_ORIGINAL;False;0.647059;0.555556;0.473684
Sony_ORIGINAL;Huawei_ORIGINAL;False;0.588235;0.472222;0.394737
Sony_ORIGINAL;Huawei_ORIGINAL;False;0.647059;0.555556;0.473684
Sony_ORIGINAL;Huawei_ORIGINAL;False;0.647059;0.555556;0.473684
Sony_ORIGINAL;Huawei_ORIGINAL;False;0.647059;0.555556;0.473684
Sony_ORIGINAL;Huawei_ORIGINAL;False;0.647059;0.555556;0.473684
Sony_ORIGINAL;Huawei_ORIGINAL;False;0.647059;0.555556;0.473684
Sony_ORIGINAL;Huawei_ORIGINAL;False;0.647059;0.555556;0.473684
Sony_ORIGINAL;Huawei_ORIGINAL;False;0.647059;0.555556;0.473684
Sony_ORIGINAL;Huawei_ORIGINAL;False;0.647059;0.555556;0.473684
Sony_ORIGINAL;Huawei_ORIGINAL;False;0.647059;0.555556;0.473684
Sony_ORIGINAL;Huawei_ORIGINAL;False;0.647059;0.555556;0.473684
Sony_ORIGINAL;LG_ORIGINAL;False;0.625;0.5;0.416667
Sony_ORIGINAL;LG_ORIGINAL;False;0.625;0.5;0.416667
Sony_ORIGINAL;LG_ORIGINAL;False;0.625;0.5;0.416667
Sony_ORIGINAL;LG_ORIGINAL;False;0.625;0.5;0.416667
Sony_ORIGINAL;LG_ORIGINAL;False;0.625;0.5;0.416667
Sony_ORIGINAL;LG_ORIGINAL;False;0.625;0.5;0.416667
Sony_ORIGINAL;LG_ORIGINAL;False;0.625;0.5;0.416667
Sony_ORIGINAL;LG_ORIGINAL;False;0.625;0.5;0.416667
Sony_ORIGINAL;LG_ORIGINAL;False;0.625;0.5;0.416667
Sony_ORIGINAL;LG_ORIGINAL;False;0.625;0.5;0.416667
Sony_ORIGINAL;LG_ORIGINAL;False;0.625;0.5;0.416667
Sony_ORIGINAL;LG_ORIGINAL;False;0.625;0.5;0.416667
Sony_ORIGINAL;LG_ORIGINAL;False;0.625;0.5;0.416667
Sony_ORIGINAL;LG_ORIGINAL;False;0.625;0.5;0.416667
Sony_ORIGINAL;LG_ORIGINAL;False;0.625;0.5;0.416667
Sony_ORIGINAL;LG_ORIGINAL;False;0.625;0.5;0.416667
Sony_ORIGINAL;Apple_ORIGINAL;False;0.254902;0.157895;0.096774
Sony_ORIGINAL;Apple_ORIGINAL;False;0.254902;0.157895;0.096774
Sony_ORIGINAL;Apple_ORIGINAL;False;0.254902;0.157895;0.096774
Sony_ORIGINAL;Apple_ORIGINAL;False;0.254902;0.157895;0.096774
Sony_ORIGINAL;Apple_ORIGINAL;False;0.254902;0.157895;0.096774
Sony_ORIGINAL;Apple_ORIGINAL;False;0.254902;0.157895;0.096774
Sony_ORIGINAL;Apple_ORIGINAL;False;0.254902;0.157895;0.096774
Sony_ORIGINAL;Apple_ORIGINAL;False;0.254902;0.157895;0.096774
Sony_ORIGINAL;Apple_ORIGINAL;False;0.254902;0.157895;0.096774
Sony_ORIGINAL;Apple_ORIGINAL;False;0.254902;0.157895;0.096774
Sony_ORIGINAL;Apple_ORIGINAL;False;0.254902;0.157895;0.096774
Sony_ORIGINAL;Apple_ORIGINAL;False;0.254902;0.157895;0.096774
Sony_ORIGINAL;Apple_ORIGINAL;False;0.254902;0.157895;0.096774
Sony_ORIGINAL;Apple_ORIGINAL;False;0.254902;0.157895;0.096774
Sony_ORIGINAL;Apple_ORIGINAL;False;0.254902;0.157895;0.096774
Sony_ORIGINAL;Apple_ORIGINAL;False;0.254902;0.157895;0.096774
Sony_ORIGINAL;Apple_ORIGINAL;False;0.26;0.169811;0.109091
Sony_ORIGINAL;Apple_ORIGINAL;False;0.26;0.169811;0.109091
Sony_ORIGINAL;Apple_ORIGINAL;False;0.26;0.169811;0.109091
Sony_ORIGINAL;Apple_ORIGINAL;False;0.26;0.169811;0.109091
Sony_ORIGINAL;Apple_ORIGINAL;False;0.26;0.169811;0.109091
Sony_ORIGINAL;Apple_ORIGINAL;False;0.26;0.169811;0.109091
Sony_ORIGINAL;Apple_ORIGINAL;False;0.26;0.169811;0.109091
Sony_ORIGINAL;Apple_ORIGINAL;False;0.26;0.169811;0.109091
Sony_ORIGINAL;Apple_ORIGINAL;False;0.26;0.169811;0.109091
Sony_ORIGINAL;Apple_ORIGINAL;False;0.26;0.169811;0.109091
Sony_ORIGINAL;Apple_ORIGINAL;False;0.26;0.169811;0.109091
Sony_ORIGINAL;Apple_ORIGINAL;False;0.26;0.169811;0.109091
Sony_ORIGINAL;Apple_ORIGINAL;False;0.26;0.169811;0.109091
Sony_ORIGINAL;Apple_ORIGINAL;False;0.26;0.169811;0.109091
Sony_ORIGINAL;Samsung_ORIGINAL;False;0.5;0.382353;0.305556
Sony_ORIGINAL;Samsung_ORIGINAL;False;0.5;0.382353;0.305556
Sony_ORIGINAL;Samsung_ORIGINAL;False;0.5;0.382353;0.305556
Sony_ORIGINAL;Samsung_ORIGINAL;False;0.5;0.382353;0.305556
Sony_ORIGINAL;Samsung_ORIGINAL;False;0.5;0.382353;0.305556
Sony_ORIGINAL;Samsung_ORIGINAL;False;0.5;0.382353;0.305556
Sony_ORIGINAL;Samsung_ORIGINAL;False;0.5;0.382353;0.305556
Sony_ORIGINAL;Samsung_ORIGINAL;False;0.5;0.382353;0.305556
Sony_ORIGINAL;Samsung_ORIGINAL;False;0.5;0.382353;0.305556
Sony_ORIGINAL;Samsung_ORIGINAL;False;0.5;0.382353;0.305556
Sony_ORIGINAL;Samsung_ORIGINAL;False;0.5;0.382353;0.305556
Sony_ORIGINAL;Samsung_ORIGINAL;False;0.5;0.382353;0.305556
Sony_ORIGINAL;Samsung_ORIGINAL;False;0.5;0.382353;0.305556
Sony_ORIGINAL;Samsung_ORIGINAL;False;0.5;0.382353;0.305556
Sony_ORIGINAL;Samsung_ORIGINAL;False;0.5;0.382353;0.305556
Sony_ORIGINAL;Samsung_ORIGINAL;False;0.5;0.382353;0.305556
Sony_ORIGINAL;Samsung_ORIGINAL;False;0.5;0.382353;0.305556
Sony_ORIGINAL;Samsung_ORIGINAL;False;0.5;0.382353;0.305556
Sony_ORIGINAL;Samsung_ORIGINAL;False;0.5;0.382353;0.305556
Sony_ORIGINAL;Samsung_ORIGINAL;False;0.5;0.382353;0.305556
Sony_ORIGINAL;Samsung_ORIGINAL;False;0.5;0.382353;0.305556
Sony_ORIGINAL;Samsung_ORIGINAL;False;0.5;0.382353;0.305556
Sony_ORIGINAL;Samsung_ORIGINAL;False;0.5;0.382353;0.305556
Sony_ORIGINAL;Samsung_ORIGINAL;False;0.5;0.382353;0.305556
Sony_ORIGINAL;Samsung_ORIGINAL;False;0.5;0.382353;0.305556
Sony_ORIGINAL;Samsung_ORIGINAL;False;0.5;0.382353;0.305556
Sony_ORIGINAL;Samsung_ORIGINAL;False;0.5;0.382353;0.305556
Sony_ORIGINAL;Samsung_ORIGINAL;False;0.5;0.382353;0.305556
Sony_ORIGINAL;Samsung_ORIGINAL;False;0.5;0.382353;0.305556
Sony_ORIGINAL;Samsung_ORIGINAL;False;0.5;0.382353;0.305556
Sony_ORIGINAL;Samsung_ORIGINAL;False;0.5;0.382353;0.305556
Sony_ORIGINAL;Samsung_ORIGINAL;False;0.5;0.382353;0.305556
Sony_ORIGINAL;Samsung_ORIGINAL;False;0.5;0.382353;0.305556
Sony_ORIGINAL;Samsung_ORIGINAL;False;0.5;0.382353;0.305556
Sony_ORIGINAL;Apple_ORIGINAL;False;0.245283;0.157895;0.1
Sony_ORIGINAL;Apple_ORIGINAL;False;0.245283;0.157895;0.1
Sony_ORIGINAL;Apple_ORIGINAL;False;0.245283;0.157895;0.1
Sony_ORIGINAL;Apple_ORIGINAL;False;0.245283;0.157895;0.1
Sony_ORIGINAL;Apple_ORIGINAL;False;0.245283;0.157895;0.1
Sony_ORIGINAL;Apple_ORIGINAL;False;0.245283;0.157895;0.1
Sony_ORIGINAL;Apple_ORIGINAL;False;0.25;0.160714;0.101695
Sony_ORIGINAL;Apple_ORIGINAL;False;0.245283;0.157895;0.1
Sony_ORIGINAL;Apple_ORIGINAL;False;0.245283;0.157895;0.1
Sony_ORIGINAL;Apple_ORIGINAL;False;0.245283;0.157895;0.1
Sony_ORIGINAL;Apple_ORIGINAL;False;0.245283;0.157895;0.1
Sony_ORIGINAL;Apple_ORIGINAL;False;0.245283;0.157895;0.1
Sony_ORIGINAL;Apple_ORIGINAL;False;0.245283;0.157895;0.1
Sony_ORIGINAL;Apple_ORIGINAL;False;0.245283;0.157895;0.1
Sony_ORIGINAL;Apple_ORIGINAL;False;0.245283;0.157895;0.1
Sony_ORIGINAL;Apple_ORIGINAL;False;0.245283;0.157895;0.1
Sony_ORIGINAL;Samsung_ORIGINAL;False;0.444444;0.342105;0.275
Sony_ORIGINAL;Samsung_ORIGINAL;False;0.444444;0.342105;0.275
Sony_ORIGINAL;Samsung_ORIGINAL;False;0.444444;0.342105;0.275
Sony_ORIGINAL;Samsung_ORIGINAL;False;0.444444;0.342105;0.275
Sony_ORIGINAL;Samsung_ORIGINAL;False;0.444444;0.342105;0.275
Sony_ORIGINAL;Samsung_ORIGINAL;False;0.444444;0.342105;0.275
Sony_ORIGINAL;Samsung_ORIGINAL;False;0.444444;0.342105;0.275
Sony_ORIGINAL;Samsung_ORIGINAL;False;0.444444;0.342105;0.275
Sony_ORIGINAL;Samsung_ORIGINAL;False;0.444444;0.342105;0.275
Sony_ORIGINAL;Samsung_ORIGINAL;False;0.444444;0.342105;0.275
Sony_ORIGINAL;Samsung_ORIGINAL;False;0.444444;0.342105;0.275
Sony_ORIGINAL;Samsung_ORIGINAL;False;0.444444;0.342105;0.275
Sony_ORIGINAL;Samsung_ORIGINAL;False;0.444444;0.342105;0.275
Sony_ORIGINAL;Samsung_ORIGINAL;False;0.444444;0.342105;0.275
Sony_ORIGINAL;Samsung_ORIGINAL;False;0.444444;0.342105;0.275
Sony_ORIGINAL;Samsung_ORIGINAL;False;0.444444;0.342105;0.275
Sony_ORIGINAL;Samsung_ORIGINAL;False;0.516129;0.393939;0.314286
Sony_ORIGINAL;Samsung_ORIGINAL;False;0.516129;0.393939;0.314286
Sony_ORIGINAL;Samsung_ORIGINAL;False;0.516129;0.393939;0.314286
Sony_ORIGINAL;Samsung_ORIGINAL;False;0.516129;0.393939;0.314286
Sony_ORIGINAL;Samsung_ORIGINAL;False;0.516129;0.393939;0.314286
Sony_ORIGINAL;Samsung_ORIGINAL;False;0.516129;0.393939;0.314286
Sony_ORIGINAL;Samsung_ORIGINAL;False;0.516129;0.393939;0.314286
Sony_ORIGINAL;Samsung_ORIGINAL;False;0.516129;0.393939;0.314286
Sony_ORIGINAL;Samsung_ORIGINAL;False;0.516129;0.393939;0.314286
Sony_ORIGINAL;Samsung_ORIGINAL;False;0.516129;0.393939;0.314286
Sony_ORIGINAL;Samsung_ORIGINAL;False;0.516129;0.393939;0.314286
Sony_ORIGINAL;Samsung_ORIGINAL;False;0.516129;0.393939;0.314286
Sony_ORIGINAL;Samsung_ORIGINAL;False;0.516129;0.393939;0.314286
Sony_ORIGINAL;OnePlus_ORIGINAL;False;0.6;0.486486;0.384615
Sony_ORIGINAL;OnePlus_ORIGINAL;False;0.6;0.486486;0.384615
Sony_ORIGINAL;OnePlus_ORIGINAL;False;0.6;0.486486;0.384615
Sony_ORIGINAL;OnePlus_ORIGINAL;False;0.6;0.486486;0.384615
Sony_ORIGINAL;OnePlus_ORIGINAL;False;0.6;0.486486;0.384615
Sony_ORIGINAL;OnePlus_ORIGINAL;False;0.6;0.486486;0.384615
Sony_ORIGINAL;OnePlus_ORIGINAL;False;0.6;0.486486;0.384615
Sony_ORIGINAL;OnePlus_ORIGINAL;False;0.6;0.486486;0.384615
Sony_ORIGINAL;OnePlus_ORIGINAL;False;0.6;0.486486;0.384615
Sony_ORIGINAL;OnePlus_ORIGINAL;False;0.6;0.486486;0.384615
Sony_ORIGINAL;OnePlus_ORIGINAL;False;0.6;0.486486;0.384615
Sony_ORIGINAL;OnePlus_ORIGINAL;False;0.6;0.486486;0.384615
Sony_ORIGINAL;OnePlus_ORIGINAL;False;0.6;0.486486;0.384615
Sony_ORIGINAL;OnePlus_ORIGINAL;False;0.6;0.486486;0.384615
Sony_ORIGINAL;OnePlus_ORIGINAL;False;0.6;0.486486;0.384615
Sony_ORIGINAL;OnePlus_ORIGINAL;False;0.6;0.486486;0.384615
Sony_ORIGINAL;Xiaomi_ORIGINAL;False;0.588235;0.472222;0.394737
Sony_ORIGINAL;Xiaomi_ORIGINAL;False;0.555556;0.447368;0.375
Sony_ORIGINAL;Xiaomi_ORIGINAL;False;0.555556;0.447368;0.375
Sony_ORIGINAL;Xiaomi_ORIGINAL;False;0.555556;0.447368;0.375
Sony_ORIGINAL;Xiaomi_ORIGINAL;False;0.555556;0.447368;0.375
Sony_ORIGINAL;Xiaomi_ORIGINAL;False;0.588235;0.472222;0.394737
Sony_ORIGINAL;Xiaomi_ORIGINAL;False;0.588235;0.472222;0.394737
Sony_ORIGINAL;Xiaomi_ORIGINAL;False;0.588235;0.472222;0.394737
Sony_ORIGINAL;Xiaomi_ORIGINAL;False;0.588235;0.472222;0.394737
Sony_ORIGINAL;Xiaomi_ORIGINAL;False;0.555556;0.447368;0.375
Sony_ORIGINAL;Xiaomi_ORIGINAL;False;0.588235;0.472222;0.394737
Sony_ORIGINAL;Xiaomi_ORIGINAL;False;0.555556;0.447368;0.375
Sony_ORIGINAL;Xiaomi_ORIGINAL;False;0.555556;0.447368;0.375
Sony_ORIGINAL;Xiaomi_ORIGINAL;False;0.555556;0.447368;0.375
Sony_ORIGINAL;Xiaomi_ORIGINAL;False;0.555556;0.447368;0.375
Sony_ORIGINAL;Xiaomi_ORIGINAL;False;0.555556;0.447368;0.375
Sony_ORIGINAL;Asus_ORIGINAL;False;0.588235;0.472222;0.394737
Sony_ORIGINAL;Asus_ORIGINAL;False;0.588235;0.472222;0.394737
Sony_ORIGINAL;Asus_ORIGINAL;False;0.588235;0.472222;0.394737
Sony_ORIGINAL;Asus_ORIGINAL;False;0.588235;0.472222;0.394737
Sony_ORIGINAL;Asus_ORIGINAL;False;0.588235;0.472222;0.394737
Sony_ORIGINAL;Asus_ORIGINAL;False;0.588235;0.472222;0.394737
Sony_ORIGINAL;Asus_ORIGINAL;False;0.588235;0.472222;0.394737
Sony_ORIGINAL;Asus_ORIGINAL;False;0.588235;0.472222;0.394737
Sony_ORIGINAL;Asus_ORIGINAL;False;0.588235;0.472222;0.394737
Sony_ORIGINAL;Asus_ORIGINAL;False;0.588235;0.472222;0.394737
Sony_ORIGINAL;Asus_ORIGINAL;False;0.588235;0.472222;0.394737
Sony_ORIGINAL;Asus_ORIGINAL;False;0.588235;0.472222;0.394737
Sony_ORIGINAL;Asus_ORIGINAL;False;0.588235;0.472222;0.394737
Sony_ORIGINAL;Asus_ORIGINAL;False;0.588235;0.472222;0.394737
Sony_ORIGINAL;Asus_ORIGINAL;False;0.588235;0.472222;0.394737
Sony_ORIGINAL;Asus_ORIGINAL;False;0.588235;0.472222;0.394737
Sony_ORIGINAL;Samsung_ORIGINAL;False;0.516129;0.393939;0.314286
Sony_ORIGINAL;Samsung_ORIGINAL;False;0.516129;0.393939;0.314286
Sony_ORIGINAL;Samsung_ORIGINAL;False;0.516129;0.393939;0.314286
Sony_ORIGINAL;Samsung_ORIGINAL;False;0.516129;0.393939;0.314286
Sony_ORIGINAL;Samsung_ORIGINAL;False;0.516129;0.393939;0.314286
Sony_ORIGINAL;Samsung_ORIGINAL;False;0.516129;0.393939;0.314286
Sony_ORIGINAL;Samsung_ORIGINAL;False;0.516129;0.393939;0.314286
Sony_ORIGINAL;Samsung_ORIGINAL;False;0.516129;0.393939;0.314286
Sony_ORIGINAL;Samsung_ORIGINAL;False;0.516129;0.393939;0.314286
Sony_ORIGINAL;Samsung_ORIGINAL;False;0.516129;0.393939;0.314286
Sony_ORIGINAL;Samsung_ORIGINAL;False;0.516129;0.393939;0.314286
Sony_ORIGINAL;Samsung_ORIGINAL;False;0.516129;0.393939;0.314286
Sony_ORIGINAL;Samsung_ORIGINAL;False;0.516129;0.393939;0.314286
Sony_ORIGINAL;Wiko_ORIGINAL;False;0.7;0.59375;0.529412
Sony_ORIGINAL;Wiko_ORIGINAL;False;0.7;0.59375;0.529412
Sony_ORIGINAL;Wiko_ORIGINAL;False;0.7;0.59375;0.529412
Sony_ORIGINAL;Wiko_ORIGINAL;False;0.7;0.59375;0.529412
Sony_ORIGINAL;Wiko_ORIGINAL;False;0.7;0.59375;0.529412
Sony_ORIGINAL;Wiko_ORIGINAL;False;0.7;0.59375;0.529412
Sony_ORIGINAL;Wiko_ORIGINAL;False;0.7;0.59375;0.529412
Sony_ORIGINAL;Wiko_ORIGINAL;False;0.7;0.59375;0.529412
Sony_ORIGINAL;Apple_ORIGINAL;False;0.26;0.169811;0.109091
Sony_ORIGINAL;Apple_ORIGINAL;False;0.26;0.169811;0.109091
Sony_ORIGINAL;Apple_ORIGINAL;False;0.26;0.169811;0.109091
Sony_ORIGINAL;Apple_ORIGINAL;False;0.265306;0.173077;0.111111
Sony_ORIGINAL;Apple_ORIGINAL;False;0.265306;0.173077;0.111111
Sony_ORIGINAL;Apple_ORIGINAL;False;0.265306;0.173077;0.111111
Sony_ORIGINAL;Apple_ORIGINAL;False;0.265306;0.173077;0.111111
Sony_ORIGINAL;Apple_ORIGINAL;False;0.265306;0.173077;0.111111
Sony_ORIGINAL;Apple_ORIGINAL;False;0.265306;0.173077;0.111111
Sony_ORIGINAL;Apple_ORIGINAL;False;0.26;0.169811;0.109091
Sony_ORIGINAL;Apple_ORIGINAL;False;0.265306;0.173077;0.111111
Sony_ORIGINAL;Apple_ORIGINAL;False;0.26;0.169811;0.109091
Sony_ORIGINAL;Apple_ORIGINAL;False;0.265306;0.173077;0.111111
Sony_ORIGINAL;Apple_ORIGINAL;False;0.272727;0.191489;0.122449
Sony_ORIGINAL;Apple_ORIGINAL;False;0.254902;0.157895;0.096774
Sony_ORIGINAL;Apple_ORIGINAL;False;0.254902;0.157895;0.096774
Sony_ORIGINAL;Apple_ORIGINAL;False;0.254902;0.157895;0.096774
Sony_ORIGINAL;Apple_ORIGINAL;False;0.254902;0.157895;0.096774
Sony_ORIGINAL;Apple_ORIGINAL;False;0.254902;0.157895;0.096774
Sony_ORIGINAL;Apple_ORIGINAL;False;0.254902;0.157895;0.096774
Sony_ORIGINAL;Apple_ORIGINAL;False;0.254902;0.157895;0.096774
Sony_ORIGINAL;Apple_ORIGINAL;False;0.254902;0.157895;0.096774
Sony_ORIGINAL;Apple_ORIGINAL;False;0.254902;0.157895;0.096774
Sony_ORIGINAL;Apple_ORIGINAL;False;0.254902;0.157895;0.096774
Sony_ORIGINAL;Apple_ORIGINAL;False;0.254902;0.157895;0.096774
Sony_ORIGINAL;Apple_ORIGINAL;False;0.254902;0.157895;0.096774
Sony_ORIGINAL;Apple_ORIGINAL;False;0.254902;0.157895;0.096774
Sony_ORIGINAL;Apple_ORIGINAL;False;0.254902;0.157895;0.096774
Sony_ORIGINAL;Apple_ORIGINAL;False;0.254902;0.157895;0.096774
Sony_ORIGINAL;Apple_ORIGINAL;False;0.26;0.169811;0.109091
Sony_ORIGINAL;Apple_ORIGINAL;False;0.26;0.169811;0.109091
Sony_ORIGINAL;Apple_ORIGINAL;False;0.26;0.169811;0.109091
Sony_ORIGINAL;Apple_ORIGINAL;False;0.26;0.169811;0.109091
Sony_ORIGINAL;Apple_ORIGINAL;False;0.26;0.169811;0.109091
Sony_ORIGINAL;Apple_ORIGINAL;False;0.26;0.169811;0.109091
Sony_ORIGINAL;Apple_ORIGINAL;False;0.26;0.169811;0.109091
Sony_ORIGINAL;Apple_ORIGINAL;False;0.26;0.169811;0.109091
Sony_ORIGINAL;Apple_ORIGINAL;False;0.26;0.169811;0.109091
Sony_ORIGINAL;Apple_ORIGINAL;False;0.26;0.169811;0.109091
Sony_ORIGINAL;Microsoft_ORIGINAL;False;0.394737;0.317073;0.255814
Sony_ORIGINAL;Microsoft_ORIGINAL;False;0.454545;0.361111;0.289474
Sony_ORIGINAL;Microsoft_ORIGINAL;False;0.394737;0.317073;0.255814
Sony_ORIGINAL;Microsoft_ORIGINAL;False;0.394737;0.317073;0.255814
Sony_ORIGINAL;Microsoft_ORIGINAL;False;0.394737;0.317073;0.255814
Sony_ORIGINAL;Microsoft_ORIGINAL;False;0.394737;0.317073;0.255814
Sony_ORIGINAL;Microsoft_ORIGINAL;False;0.394737;0.317073;0.255814
Sony_ORIGINAL;Huawei_ORIGINAL;False;0.647059;0.555556;0.473684
Sony_ORIGINAL;Huawei_ORIGINAL;False;0.647059;0.555556;0.473684
Sony_ORIGINAL;Huawei_ORIGINAL;False;0.647059;0.555556;0.473684
Sony_ORIGINAL;Huawei_ORIGINAL;False;0.647059;0.555556;0.473684
Sony_ORIGINAL;Huawei_ORIGINAL;False;0.647059;0.555556;0.473684
Sony_ORIGINAL;Huawei_ORIGINAL;False;0.647059;0.555556;0.473684
Sony_ORIGINAL;Huawei_ORIGINAL;False;0.647059;0.555556;0.473684
Sony_ORIGINAL;Huawei_ORIGINAL;False;0.647059;0.555556;0.473684
Sony_ORIGINAL;Huawei_ORIGINAL;False;0.647059;0.555556;0.473684
Sony_ORIGINAL;Huawei_ORIGINAL;False;0.647059;0.555556;0.473684
Sony_ORIGINAL;Huawei_ORIGINAL;False;0.647059;0.555556;0.473684
Sony_ORIGINAL;Huawei_ORIGINAL;False;0.647059;0.555556;0.473684
Sony_ORIGINAL;Huawei_ORIGINAL;False;0.647059;0.555556;0.473684
Sony_ORIGINAL;Huawei_ORIGINAL;False;0.647059;0.555556;0.473684
Sony_ORIGINAL;Huawei_ORIGINAL;False;0.647059;0.555556;0.473684
Sony_ORIGINAL;Huawei_ORIGINAL;False;0.647059;0.555556;0.473684
Sony_ORIGINAL;Apple_ORIGINAL;False;0.254902;0.157895;0.096774
Sony_ORIGINAL;Apple_ORIGINAL;False;0.254902;0.157895;0.096774
Sony_ORIGINAL;Apple_ORIGINAL;False;0.254902;0.157895;0.096774
Sony_ORIGINAL;Apple_ORIGINAL;False;0.254902;0.157895;0.096774
Sony_ORIGINAL;Apple_ORIGINAL;False;0.254902;0.157895;0.096774
Sony_ORIGINAL;Apple_ORIGINAL;False;0.254902;0.157895;0.096774
Sony_ORIGINAL;Apple_ORIGINAL;False;0.254902;0.157895;0.096774
Sony_ORIGINAL;Apple_ORIGINAL;False;0.254902;0.157895;0.096774
Sony_ORIGINAL;Apple_ORIGINAL;False;0.254902;0.157895;0.096774
Sony_ORIGINAL;Apple_ORIGINAL;False;0.254902;0.157895;0.096774
Sony_ORIGINAL;Apple_ORIGINAL;False;0.254902;0.157895;0.096774
Sony_ORIGINAL;Apple_ORIGINAL;False;0.254902;0.157895;0.096774
Sony_ORIGINAL;Apple_ORIGINAL;False;0.254902;0.157895;0.096774
Sony_ORIGINAL;Apple_ORIGINAL;False;0.254902;0.157895;0.096774
Sony_ORIGINAL;Apple_ORIGINAL;False;0.254902;0.157895;0.096774
Sony_ORIGINAL;Apple_ORIGINAL;False;0.25;0.160714;0.101695
Sony_ORIGINAL;Apple_ORIGINAL;False;0.25;0.160714;0.101695
Sony_ORIGINAL;Apple_ORIGINAL;False;0.25;0.160714;0.101695
Sony_ORIGINAL;Apple_ORIGINAL;False;0.25;0.160714;0.101695
Sony_ORIGINAL;Apple_ORIGINAL;False;0.25;0.160714;0.101695
Sony_ORIGINAL;Apple_ORIGINAL;False;0.25;0.160714;0.101695
Sony_ORIGINAL;Apple_ORIGINAL;False;0.25;0.160714;0.101695
Sony_ORIGINAL;Apple_ORIGINAL;False;0.25;0.160714;0.101695
Sony_ORIGINAL;Apple_ORIGINAL;False;0.25;0.160714;0.101695
Sony_ORIGINAL;Apple_ORIGINAL;False;0.25;0.160714;0.101695
Sony_ORIGINAL;Apple_ORIGINAL;False;0.25;0.160714;0.101695
Sony_ORIGINAL;Apple_ORIGINAL;False;0.25;0.160714;0.101695
Sony_ORIGINAL;Apple_ORIGINAL;False;0.25;0.160714;0.101695
Sony_ORIGINAL;Apple_ORIGINAL;False;0.25;0.160714;0.101695
Sony_ORIGINAL;Apple_ORIGINAL;False;0.25;0.160714;0.101695
Sony_ORIGINAL;Apple_ORIGINAL;False;0.25;0.160714;0.101695
Sony_ORIGINAL;Apple_ORIGINAL;False;0.25;0.160714;0.101695
Sony_ORIGINAL;Apple_ORIGINAL;False;0.25;0.160714;0.101695
Sony_ORIGINAL;Apple_ORIGINAL;False;0.25;0.160714;0.101695
Sony_ORIGINAL;Apple_ORIGINAL;False;0.25;0.160714;0.101695
Sony_ORIGINAL;Apple_ORIGINAL;False;0.25;0.160714;0.101695
Sony_ORIGINAL;Apple_ORIGINAL;False;0.25;0.160714;0.101695
Sony_ORIGINAL;Apple_ORIGINAL;False;0.25;0.160714;0.101695
Sony_ORIGINAL;Apple_ORIGINAL;False;0.25;0.160714;0.101695
Sony_ORIGINAL;Apple_ORIGINAL;False;0.25;0.160714;0.101695
Sony_ORIGINAL;Apple_ORIGINAL;False;0.25;0.160714;0.101695
Sony_ORIGINAL;Apple_ORIGINAL;False;0.25;0.160714;0.101695
Sony_ORIGINAL;Apple_ORIGINAL;False;0.25;0.160714;0.101695
Sony_ORIGINAL;Apple_ORIGINAL;False;0.25;0.160714;0.101695
Sony_ORIGINAL;Sony_ORIGINAL;True;1.0;1.0;1.0
Sony_ORIGINAL;Sony_ORIGINAL;True;1.0;1.0;1.0
Sony_ORIGINAL;Sony_ORIGINAL;True;1.0;1.0;1.0
Sony_ORIGINAL;Sony_ORIGINAL;True;1.0;1.0;1.0
Sony_ORIGINAL;Sony_ORIGINAL;True;1.0;1.0;1.0
Sony_ORIGINAL;Sony_ORIGINAL;True;1.0;1.0;1.0
Sony_ORIGINAL;Sony_ORIGINAL;True;1.0;1.0;1.0
Sony_ORIGINAL;Sony_ORIGINAL;True;1.0;1.0;1.0
Sony_ORIGINAL;Sony_ORIGINAL;True;1.0;1.0;1.0
Sony_ORIGINAL;Sony_ORIGINAL;True;1.0;1.0;1.0
Sony_ORIGINAL;Sony_ORIGINAL;True;1.0;1.0;1.0
Sony_ORIGINAL;Sony_ORIGINAL;True;1.0;1.0;1.0
Sony_ORIGINAL;Sony_ORIGINAL;True;1.0;1.0;1.0
Sony_ORIGINAL;Sony_ORIGINAL;True;1.0;1.0;1.0
Sony_ORIGINAL;Sony_ORIGINAL;True;1.0;1.0;1.0
Sony_ORIGINAL;Sony_ORIGINAL;True;1.0;1.0;1.0
Sony_ORIGINAL;Samsung_ORIGINAL;False;0.766667;0.6875;0.617647
Sony_ORIGINAL;Samsung_ORIGINAL;False;0.6875;0.588235;0.5
Sony_ORIGINAL;Samsung_ORIGINAL;False;0.766667;0.6875;0.617647
Sony_ORIGINAL;Samsung_ORIGINAL;False;0.766667;0.6875;0.617647
Sony_ORIGINAL;Samsung_ORIGINAL;False;0.766667;0.6875;0.617647
Sony_ORIGINAL;Samsung_ORIGINAL;False;0.766667;0.6875;0.617647
Sony_ORIGINAL;Samsung_ORIGINAL;False;0.766667;0.6875;0.617647
Sony_ORIGINAL;Samsung_ORIGINAL;False;0.766667;0.6875;0.617647
Sony_ORIGINAL;Samsung_ORIGINAL;False;0.766667;0.6875;0.617647
Sony_ORIGINAL;Samsung_ORIGINAL;False;0.6875;0.588235;0.5
Sony_ORIGINAL;Samsung_ORIGINAL;False;0.766667;0.6875;0.617647
Sony_ORIGINAL;Samsung_ORIGINAL;False;0.766667;0.6875;0.617647
Sony_ORIGINAL;Samsung_ORIGINAL;False;0.766667;0.6875;0.617647
Sony_ORIGINAL;Samsung_ORIGINAL;False;0.766667;0.6875;0.617647
Sony_ORIGINAL;Samsung_ORIGINAL;False;0.766667;0.6875;0.617647
Sony_ORIGINAL;Samsung_ORIGINAL;False;0.766667;0.6875;0.617647
Sony_ORIGINAL;Apple_ORIGINAL;False;0.26;0.169811;0.109091
Sony_ORIGINAL;Apple_ORIGINAL;False;0.26;0.169811;0.109091
Sony_ORIGINAL;Apple_ORIGINAL;False;0.26;0.169811;0.109091
Sony_ORIGINAL;Apple_ORIGINAL;False;0.26;0.169811;0.109091
Sony_ORIGINAL;Apple_ORIGINAL;False;0.26;0.169811;0.109091
Sony_ORIGINAL;Apple_ORIGINAL;False;0.26;0.169811;0.109091
Sony_ORIGINAL;Apple_ORIGINAL;False;0.26;0.169811;0.109091
Sony_ORIGINAL;Apple_ORIGINAL;False;0.26;0.169811;0.109091
Sony_ORIGINAL;Apple_ORIGINAL;False;0.26;0.169811;0.109091
Sony_ORIGINAL;Apple_ORIGINAL;False;0.26;0.169811;0.109091
Sony_ORIGINAL;Apple_ORIGINAL;False;0.26;0.169811;0.109091
Sony_ORIGINAL;Apple_ORIGINAL;False;0.26;0.169811;0.109091
Sony_ORIGINAL;Apple_ORIGINAL;False;0.265306;0.173077;0.111111
Sony_ORIGINAL;Apple_ORIGINAL;False;0.265306;0.173077;0.111111
Sony_ORIGINAL;Apple_ORIGINAL;False;0.265306;0.173077;0.111111
Sony_ORIGINAL;Apple_ORIGINAL;False;0.265306;0.173077;0.111111
Sony_ORIGINAL;Apple_ORIGINAL;False;0.265306;0.173077;0.111111
Sony_ORIGINAL;Apple_ORIGINAL;False;0.265306;0.173077;0.111111
Sony_ORIGINAL;Apple_ORIGINAL;False;0.265306;0.173077;0.111111
Sony_ORIGINAL;Apple_ORIGINAL;False;0.265306;0.173077;0.111111
Sony_ORIGINAL;Apple_ORIGINAL;False;0.265306;0.173077;0.111111
Sony_ORIGINAL;Apple_ORIGINAL;False;0.265306;0.173077;0.111111
Sony_ORIGINAL;Apple_ORIGINAL;False;0.265306;0.173077;0.111111
Sony_ORIGINAL;Apple_ORIGINAL;False;0.265306;0.173077;0.111111
Sony_ORIGINAL;Apple_ORIGINAL;False;0.265306;0.173077;0.111111
Sony_ORIGINAL;Apple_ORIGINAL;False;0.265306;0.173077;0.111111
Sony_ORIGINAL;Apple_ORIGINAL;False;0.265306;0.173077;0.111111
Sony_ORIGINAL;Apple_ORIGINAL;False;0.265306;0.173077;0.111111
Sony_ORIGINAL;Apple_ORIGINAL;False;0.265306;0.173077;0.111111
Sony_ORIGINAL;Apple_ORIGINAL;False;0.265306;0.173077;0.111111
Sony_ORIGINAL;Apple_ORIGINAL;False;0.265306;0.173077;0.111111
Sony_ORIGINAL;Apple_ORIGINAL;False;0.265306;0.173077;0.111111
Sony_ORIGINAL;Apple_ORIGINAL;False;0.265306;0.173077;0.111111
Sony_ORIGINAL;Apple_ORIGINAL;False;0.265306;0.173077;0.111111
Sony_ORIGINAL;Apple_ORIGINAL;False;0.265306;0.173077;0.111111
Sony_ORIGINAL;Apple_ORIGINAL;False;0.265306;0.173077;0.111111
Sony_ORIGINAL;Apple_ORIGINAL;False;0.265306;0.173077;0.111111
Sony_ORIGINAL;Apple_ORIGINAL;False;0.265306;0.173077;0.111111
Sony_ORIGINAL;Apple_ORIGINAL;False;0.265306;0.173077;0.111111
Sony_ORIGINAL;Apple_ORIGINAL;False;0.265306;0.173077;0.111111
Sony_ORIGINAL;Apple_ORIGINAL;False;0.265306;0.173077;0.111111
Sony_ORIGINAL;Huawei_ORIGINAL;False;0.6875;0.588235;0.5
Sony_ORIGINAL;Huawei_ORIGINAL;False;0.6875;0.588235;0.5
Sony_ORIGINAL;Huawei_ORIGINAL;False;0.6875;0.588235;0.5
Sony_ORIGINAL;Huawei_ORIGINAL;False;0.6875;0.588235;0.5
Sony_ORIGINAL;Huawei_ORIGINAL;False;0.6875;0.588235;0.5
Sony_ORIGINAL;Huawei_ORIGINAL;False;0.6875;0.588235;0.5
Sony_ORIGINAL;Huawei_ORIGINAL;False;0.6875;0.588235;0.5
Sony_ORIGINAL;Huawei_ORIGINAL;False;0.6875;0.588235;0.5
Sony_ORIGINAL;Huawei_ORIGINAL;False;0.6875;0.588235;0.5
Sony_ORIGINAL;Huawei_ORIGINAL;False;0.6875;0.588235;0.5
Sony_ORIGINAL;Huawei_ORIGINAL;False;0.6875;0.588235;0.5
Sony_ORIGINAL;Huawei_ORIGINAL;False;0.6875;0.588235;0.5
Sony_ORIGINAL;Huawei_ORIGINAL;False;0.6875;0.588235;0.5
Sony_ORIGINAL;Huawei_ORIGINAL;False;0.6875;0.588235;0.5
Sony_ORIGINAL;Huawei_ORIGINAL;False;0.6875;0.588235;0.5
Sony_ORIGINAL;Huawei_ORIGINAL;False;0.6875;0.588235;0.5
Sony_ORIGINAL;OnePlus_ORIGINAL;False;0.6;0.486486;0.384615
Sony_ORIGINAL;OnePlus_ORIGINAL;False;0.6;0.486486;0.384615
Sony_ORIGINAL;OnePlus_ORIGINAL;False;0.6;0.486486;0.384615
Sony_ORIGINAL;OnePlus_ORIGINAL;False;0.6;0.486486;0.384615
Sony_ORIGINAL;OnePlus_ORIGINAL;False;0.6;0.486486;0.384615
Sony_ORIGINAL;OnePlus_ORIGINAL;False;0.6;0.486486;0.384615
Sony_ORIGINAL;OnePlus_ORIGINAL;False;0.6;0.486486;0.384615
Sony_ORIGINAL;OnePlus_ORIGINAL;False;0.6;0.486486;0.384615
Sony_ORIGINAL;OnePlus_ORIGINAL;False;0.6;0.486486;0.384615
Sony_ORIGINAL;OnePlus_ORIGINAL;False;0.6;0.486486;0.384615
Sony_ORIGINAL;OnePlus_ORIGINAL;False;0.6;0.486486;0.384615
Sony_ORIGINAL;OnePlus_ORIGINAL;False;0.6;0.486486;0.384615
Sony_ORIGINAL;OnePlus_ORIGINAL;False;0.6;0.486486;0.384615
Sony_ORIGINAL;OnePlus_ORIGINAL;False;0.6;0.486486;0.384615
Sony_ORIGINAL;OnePlus_ORIGINAL;False;0.567568;0.461538;0.365854
Sony_ORIGINAL;OnePlus_ORIGINAL;False;0.567568;0.461538;0.365854
Sony_ORIGINAL;Samsung_ORIGINAL;False;0.5;0.382353;0.305556
Sony_ORIGINAL;Samsung_ORIGINAL;False;0.5;0.382353;0.305556
Sony_ORIGINAL;Samsung_ORIGINAL;False;0.5;0.382353;0.305556
Sony_ORIGINAL;Samsung_ORIGINAL;False;0.5;0.382353;0.305556
Sony_ORIGINAL;Samsung_ORIGINAL;False;0.5;0.382353;0.305556
Sony_ORIGINAL;Samsung_ORIGINAL;False;0.5;0.382353;0.305556
Sony_ORIGINAL;Samsung_ORIGINAL;False;0.5;0.382353;0.305556
Sony_ORIGINAL;Samsung_ORIGINAL;False;0.5;0.382353;0.305556
Sony_ORIGINAL;Samsung_ORIGINAL;False;0.5;0.382353;0.305556
Sony_ORIGINAL;Samsung_ORIGINAL;False;0.5;0.382353;0.305556
Sony_ORIGINAL;Samsung_ORIGINAL;False;0.5;0.382353;0.305556
Sony_ORIGINAL;Samsung_ORIGINAL;False;0.5;0.382353;0.305556
Sony_ORIGINAL;Samsung_ORIGINAL;False;0.5;0.382353;0.305556
Sony_ORIGINAL;Samsung_ORIGINAL;False;0.5;0.382353;0.305556
Sony_ORIGINAL;Samsung_ORIGINAL;False;0.5;0.382353;0.305556
Sony_ORIGINAL;Samsung_ORIGINAL;False;0.5;0.382353;0.305556
Sony_ORIGINAL;Huawei_ORIGINAL;False;0.588235;0.472222;0.394737
Sony_ORIGINAL;Huawei_ORIGINAL;False;0.588235;0.472222;0.394737
Sony_ORIGINAL;Huawei_ORIGINAL;False;0.588235;0.472222;0.394737
Sony_ORIGINAL;Huawei_ORIGINAL;False;0.588235;0.472222;0.394737
Sony_ORIGINAL;Huawei_ORIGINAL;False;0.588235;0.472222;0.394737
Sony_ORIGINAL;Huawei_ORIGINAL;False;0.588235;0.472222;0.394737
Sony_ORIGINAL;Huawei_ORIGINAL;False;0.588235;0.472222;0.394737
Sony_ORIGINAL;Huawei_ORIGINAL;False;0.588235;0.472222;0.394737
Sony_ORIGINAL;Huawei_ORIGINAL;False;0.588235;0.472222;0.394737
Sony_ORIGINAL;Huawei_ORIGINAL;False;0.588235;0.472222;0.394737
Sony_ORIGINAL;Huawei_ORIGINAL;False;0.588235;0.472222;0.394737
Sony_ORIGINAL;Huawei_ORIGINAL;False;0.588235;0.472222;0.394737
Sony_ORIGINAL;Huawei_ORIGINAL;False;0.588235;0.472222;0.394737
Sony_ORIGINAL;Huawei_ORIGINAL;False;0.588235;0.472222;0.394737
Sony_ORIGINAL;Huawei_ORIGINAL;False;0.588235;0.472222;0.394737
Sony_ORIGINAL;Huawei_ORIGINAL;False;0.588235;0.472222;0.394737
Sony_ORIGINAL;Apple_ORIGINAL;False;0.254902;0.157895;0.096774
Sony_ORIGINAL;Apple_ORIGINAL;False;0.254902;0.157895;0.096774
Sony_ORIGINAL;Apple_ORIGINAL;False;0.254902;0.157895;0.096774
Sony_ORIGINAL;Apple_ORIGINAL;False;0.254902;0.157895;0.096774
Sony_ORIGINAL;Apple_ORIGINAL;False;0.254902;0.157895;0.096774
Sony_ORIGINAL;Apple_ORIGINAL;False;0.254902;0.157895;0.096774
Sony_ORIGINAL;Apple_ORIGINAL;False;0.254902;0.157895;0.096774
Sony_ORIGINAL;Apple_ORIGINAL;False;0.254902;0.157895;0.096774
Sony_ORIGINAL;Apple_ORIGINAL;False;0.254902;0.157895;0.096774
Sony_ORIGINAL;Apple_ORIGINAL;False;0.254902;0.157895;0.096774
Sony_ORIGINAL;Apple_ORIGINAL;False;0.254902;0.157895;0.096774
Sony_ORIGINAL;Apple_ORIGINAL;False;0.254902;0.157895;0.096774
Sony_ORIGINAL;Apple_ORIGINAL;False;0.254902;0.157895;0.096774
Sony_ORIGINAL;Apple_ORIGINAL;False;0.254902;0.157895;0.096774
Sony_ORIGINAL;Apple_ORIGINAL;False;0.254902;0.157895;0.096774
Sony_ORIGINAL;Apple_ORIGINAL;False;0.254902;0.157895;0.096774
Sony_ORIGINAL;Huawei_ORIGINAL;False;0.588235;0.472222;0.394737
Sony_ORIGINAL;Huawei_ORIGINAL;False;0.588235;0.472222;0.394737
Sony_ORIGINAL;Huawei_ORIGINAL;False;0.588235;0.472222;0.394737
Sony_ORIGINAL;Huawei_ORIGINAL;False;0.588235;0.472222;0.394737
Sony_ORIGINAL;Huawei_ORIGINAL;False;0.588235;0.472222;0.394737
Sony_ORIGINAL;Huawei_ORIGINAL;False;0.588235;0.472222;0.394737
Sony_ORIGINAL;Huawei_ORIGINAL;False;0.588235;0.472222;0.394737
Sony_ORIGINAL;Huawei_ORIGINAL;False;0.588235;0.472222;0.394737
Sony_ORIGINAL;Huawei_ORIGINAL;False;0.588235;0.472222;0.394737
Sony_ORIGINAL;Huawei_ORIGINAL;False;0.588235;0.472222;0.394737
Sony_ORIGINAL;Huawei_ORIGINAL;False;0.588235;0.472222;0.394737
Sony_ORIGINAL;Huawei_ORIGINAL;False;0.588235;0.472222;0.394737
Sony_ORIGINAL;Huawei_ORIGINAL;False;0.588235;0.472222;0.394737
Sony_ORIGINAL;Huawei_ORIGINAL;False;0.588235;0.472222;0.394737
Sony_ORIGINAL;Huawei_ORIGINAL;False;0.588235;0.472222;0.394737
Sony_ORIGINAL;Huawei_ORIGINAL;False;0.588235;0.472222;0.394737
Sony_ORIGINAL;Samsung_ORIGINAL;False;0.484848;0.371429;0.297297
Sony_ORIGINAL;Samsung_ORIGINAL;False;0.484848;0.371429;0.297297
Sony_ORIGINAL;Samsung_ORIGINAL;False;0.484848;0.371429;0.297297
Sony_ORIGINAL;Samsung_ORIGINAL;False;0.470588;0.361111;0.289474
Sony_ORIGINAL;Samsung_ORIGINAL;False;0.470588;0.361111;0.289474
Sony_ORIGINAL;Samsung_ORIGINAL;False;0.470588;0.361111;0.289474
Sony_ORIGINAL;Samsung_ORIGINAL;False;0.470588;0.361111;0.289474
Sony_ORIGINAL;Samsung_ORIGINAL;False;0.470588;0.361111;0.289474
Sony_ORIGINAL;Samsung_ORIGINAL;False;0.484848;0.371429;0.297297
Sony_ORIGINAL;Samsung_ORIGINAL;False;0.484848;0.371429;0.297297
Sony_ORIGINAL;Samsung_ORIGINAL;False;0.484848;0.371429;0.297297
Sony_ORIGINAL;Samsung_ORIGINAL;False;0.484848;0.371429;0.297297
Sony_ORIGINAL;Samsung_ORIGINAL;False;0.484848;0.371429;0.297297
Wiko_ORIGINAL;Samsung_ORIGINAL;False;0.774194;0.727273;0.714286
Wiko_ORIGINAL;Samsung_ORIGINAL;False;0.774194;0.727273;0.714286
Wiko_ORIGINAL;Samsung_ORIGINAL;False;0.774194;0.727273;0.714286
Wiko_ORIGINAL;Samsung_ORIGINAL;False;0.774194;0.727273;0.714286
Wiko_ORIGINAL;Samsung_ORIGINAL;False;0.774194;0.727273;0.714286
Wiko_ORIGINAL;Samsung_ORIGINAL;False;0.774194;0.727273;0.714286
Wiko_ORIGINAL;Samsung_ORIGINAL;False;0.774194;0.727273;0.714286
Wiko_ORIGINAL;Samsung_ORIGINAL;False;0.774194;0.727273;0.714286
Wiko_ORIGINAL;Samsung_ORIGINAL;False;0.774194;0.727273;0.714286
Wiko_ORIGINAL;Samsung_ORIGINAL;False;0.774194;0.727273;0.714286
Wiko_ORIGINAL;Samsung_ORIGINAL;False;0.774194;0.727273;0.714286
Wiko_ORIGINAL;Samsung_ORIGINAL;False;0.774194;0.727273;0.714286
Wiko_ORIGINAL;Samsung_ORIGINAL;False;0.774194;0.727273;0.714286
Wiko_ORIGINAL;Samsung_ORIGINAL;False;0.774194;0.727273;0.714286
Wiko_ORIGINAL;Samsung_ORIGINAL;False;0.774194;0.727273;0.714286
Wiko_ORIGINAL;Samsung_ORIGINAL;False;0.774194;0.727273;0.714286
Wiko_ORIGINAL;Samsung_ORIGINAL;False;0.774194;0.727273;0.714286
Wiko_ORIGINAL;Samsung_ORIGINAL;False;0.774194;0.727273;0.714286
Wiko_ORIGINAL;Samsung_ORIGINAL;False;0.774194;0.727273;0.714286
Wiko_ORIGINAL;Apple_ORIGINAL;False;0.326923;0.214286;0.135593
Wiko_ORIGINAL;Apple_ORIGINAL;False;0.320755;0.210526;0.133333
Wiko_ORIGINAL;Apple_ORIGINAL;False;0.320755;0.210526;0.133333
Wiko_ORIGINAL;Apple_ORIGINAL;False;0.320755;0.210526;0.133333
Wiko_ORIGINAL;Apple_ORIGINAL;False;0.320755;0.210526;0.133333
Wiko_ORIGINAL;Apple_ORIGINAL;False;0.320755;0.210526;0.133333
Wiko_ORIGINAL;Apple_ORIGINAL;False;0.320755;0.210526;0.133333
Wiko_ORIGINAL;Apple_ORIGINAL;False;0.320755;0.210526;0.133333
Wiko_ORIGINAL;Apple_ORIGINAL;False;0.320755;0.210526;0.133333
Wiko_ORIGINAL;Apple_ORIGINAL;False;0.320755;0.210526;0.133333
Wiko_ORIGINAL;Huawei_ORIGINAL;False;0.764706;0.694444;0.631579
Wiko_ORIGINAL;Huawei_ORIGINAL;False;0.764706;0.694444;0.631579
Wiko_ORIGINAL;Huawei_ORIGINAL;False;0.764706;0.694444;0.631579
Wiko_ORIGINAL;Huawei_ORIGINAL;False;0.764706;0.694444;0.631579
Wiko_ORIGINAL;Huawei_ORIGINAL;False;0.764706;0.694444;0.631579
Wiko_ORIGINAL;Huawei_ORIGINAL;False;0.852941;0.833333;0.815789
Wiko_ORIGINAL;Huawei_ORIGINAL;False;0.764706;0.694444;0.631579
Wiko_ORIGINAL;Huawei_ORIGINAL;False;0.764706;0.694444;0.631579
Wiko_ORIGINAL;Huawei_ORIGINAL;False;0.764706;0.694444;0.631579
Wiko_ORIGINAL;Huawei_ORIGINAL;False;0.764706;0.694444;0.631579
Wiko_ORIGINAL;Huawei_ORIGINAL;False;0.764706;0.694444;0.631579
Wiko_ORIGINAL;Huawei_ORIGINAL;False;0.764706;0.694444;0.631579
Wiko_ORIGINAL;Huawei_ORIGINAL;False;0.764706;0.694444;0.631579
Wiko_ORIGINAL;Huawei_ORIGINAL;False;0.764706;0.694444;0.631579
Wiko_ORIGINAL;Huawei_ORIGINAL;False;0.764706;0.694444;0.631579
Wiko_ORIGINAL;Huawei_ORIGINAL;False;0.764706;0.694444;0.631579
Wiko_ORIGINAL;LG_ORIGINAL;False;0.90625;0.882353;0.861111
Wiko_ORIGINAL;LG_ORIGINAL;False;0.90625;0.882353;0.861111
Wiko_ORIGINAL;LG_ORIGINAL;False;0.90625;0.882353;0.861111
Wiko_ORIGINAL;LG_ORIGINAL;False;0.90625;0.882353;0.861111
Wiko_ORIGINAL;LG_ORIGINAL;False;0.90625;0.882353;0.861111
Wiko_ORIGINAL;LG_ORIGINAL;False;0.90625;0.882353;0.861111
Wiko_ORIGINAL;LG_ORIGINAL;False;0.90625;0.882353;0.861111
Wiko_ORIGINAL;LG_ORIGINAL;False;0.90625;0.882353;0.861111
Wiko_ORIGINAL;LG_ORIGINAL;False;0.90625;0.882353;0.861111
Wiko_ORIGINAL;LG_ORIGINAL;False;0.90625;0.882353;0.861111
Wiko_ORIGINAL;LG_ORIGINAL;False;0.90625;0.882353;0.861111
Wiko_ORIGINAL;LG_ORIGINAL;False;0.90625;0.882353;0.861111
Wiko_ORIGINAL;LG_ORIGINAL;False;0.90625;0.882353;0.861111
Wiko_ORIGINAL;LG_ORIGINAL;False;0.90625;0.882353;0.861111
Wiko_ORIGINAL;LG_ORIGINAL;False;0.90625;0.882353;0.861111
Wiko_ORIGINAL;LG_ORIGINAL;False;0.90625;0.882353;0.861111
Wiko_ORIGINAL;Apple_ORIGINAL;False;0.352941;0.22807;0.129032
Wiko_ORIGINAL;Apple_ORIGINAL;False;0.352941;0.22807;0.129032
Wiko_ORIGINAL;Apple_ORIGINAL;False;0.352941;0.22807;0.129032
Wiko_ORIGINAL;Apple_ORIGINAL;False;0.352941;0.22807;0.129032
Wiko_ORIGINAL;Apple_ORIGINAL;False;0.352941;0.22807;0.129032
Wiko_ORIGINAL;Apple_ORIGINAL;False;0.352941;0.22807;0.129032
Wiko_ORIGINAL;Apple_ORIGINAL;False;0.352941;0.22807;0.129032
Wiko_ORIGINAL;Apple_ORIGINAL;False;0.352941;0.22807;0.129032
Wiko_ORIGINAL;Apple_ORIGINAL;False;0.352941;0.22807;0.129032
Wiko_ORIGINAL;Apple_ORIGINAL;False;0.352941;0.22807;0.129032
Wiko_ORIGINAL;Apple_ORIGINAL;False;0.352941;0.22807;0.129032
Wiko_ORIGINAL;Apple_ORIGINAL;False;0.352941;0.22807;0.129032
Wiko_ORIGINAL;Apple_ORIGINAL;False;0.352941;0.22807;0.129032
Wiko_ORIGINAL;Apple_ORIGINAL;False;0.352941;0.22807;0.129032
Wiko_ORIGINAL;Apple_ORIGINAL;False;0.352941;0.22807;0.129032
Wiko_ORIGINAL;Apple_ORIGINAL;False;0.352941;0.22807;0.129032
Wiko_ORIGINAL;Apple_ORIGINAL;False;0.36;0.245283;0.145455
Wiko_ORIGINAL;Apple_ORIGINAL;False;0.36;0.245283;0.145455
Wiko_ORIGINAL;Apple_ORIGINAL;False;0.36;0.245283;0.145455
Wiko_ORIGINAL;Apple_ORIGINAL;False;0.36;0.245283;0.145455
Wiko_ORIGINAL;Apple_ORIGINAL;False;0.36;0.245283;0.145455
Wiko_ORIGINAL;Apple_ORIGINAL;False;0.36;0.245283;0.145455
Wiko_ORIGINAL;Apple_ORIGINAL;False;0.36;0.245283;0.145455
Wiko_ORIGINAL;Apple_ORIGINAL;False;0.36;0.245283;0.145455
Wiko_ORIGINAL;Apple_ORIGINAL;False;0.36;0.245283;0.145455
Wiko_ORIGINAL;Apple_ORIGINAL;False;0.36;0.245283;0.145455
Wiko_ORIGINAL;Apple_ORIGINAL;False;0.36;0.245283;0.145455
Wiko_ORIGINAL;Apple_ORIGINAL;False;0.36;0.245283;0.145455
Wiko_ORIGINAL;Apple_ORIGINAL;False;0.36;0.245283;0.145455
Wiko_ORIGINAL;Apple_ORIGINAL;False;0.36;0.245283;0.145455
Wiko_ORIGINAL;Samsung_ORIGINAL;False;0.75;0.705882;0.694444
Wiko_ORIGINAL;Samsung_ORIGINAL;False;0.75;0.705882;0.694444
Wiko_ORIGINAL;Samsung_ORIGINAL;False;0.75;0.705882;0.694444
Wiko_ORIGINAL;Samsung_ORIGINAL;False;0.75;0.705882;0.694444
Wiko_ORIGINAL;Samsung_ORIGINAL;False;0.75;0.705882;0.694444
Wiko_ORIGINAL;Samsung_ORIGINAL;False;0.75;0.705882;0.694444
Wiko_ORIGINAL;Samsung_ORIGINAL;False;0.75;0.705882;0.694444
Wiko_ORIGINAL;Samsung_ORIGINAL;False;0.75;0.705882;0.694444
Wiko_ORIGINAL;Samsung_ORIGINAL;False;0.75;0.705882;0.694444
Wiko_ORIGINAL;Samsung_ORIGINAL;False;0.75;0.705882;0.694444
Wiko_ORIGINAL;Samsung_ORIGINAL;False;0.75;0.705882;0.694444
Wiko_ORIGINAL;Samsung_ORIGINAL;False;0.75;0.705882;0.694444
Wiko_ORIGINAL;Samsung_ORIGINAL;False;0.75;0.705882;0.694444
Wiko_ORIGINAL;Samsung_ORIGINAL;False;0.75;0.705882;0.694444
Wiko_ORIGINAL;Samsung_ORIGINAL;False;0.75;0.705882;0.694444
Wiko_ORIGINAL;Samsung_ORIGINAL;False;0.75;0.705882;0.694444
Wiko_ORIGINAL;Samsung_ORIGINAL;False;0.75;0.705882;0.694444
Wiko_ORIGINAL;Samsung_ORIGINAL;False;0.75;0.705882;0.694444
Wiko_ORIGINAL;Samsung_ORIGINAL;False;0.75;0.705882;0.694444
Wiko_ORIGINAL;Samsung_ORIGINAL;False;0.75;0.705882;0.694444
Wiko_ORIGINAL;Samsung_ORIGINAL;False;0.75;0.705882;0.694444
Wiko_ORIGINAL;Samsung_ORIGINAL;False;0.75;0.705882;0.694444
Wiko_ORIGINAL;Samsung_ORIGINAL;False;0.75;0.705882;0.694444
Wiko_ORIGINAL;Samsung_ORIGINAL;False;0.75;0.705882;0.694444
Wiko_ORIGINAL;Samsung_ORIGINAL;False;0.75;0.705882;0.694444
Wiko_ORIGINAL;Samsung_ORIGINAL;False;0.75;0.705882;0.694444
Wiko_ORIGINAL;Samsung_ORIGINAL;False;0.75;0.705882;0.694444
Wiko_ORIGINAL;Samsung_ORIGINAL;False;0.75;0.705882;0.694444
Wiko_ORIGINAL;Samsung_ORIGINAL;False;0.75;0.705882;0.694444
Wiko_ORIGINAL;Samsung_ORIGINAL;False;0.75;0.705882;0.694444
Wiko_ORIGINAL;Samsung_ORIGINAL;False;0.75;0.705882;0.694444
Wiko_ORIGINAL;Samsung_ORIGINAL;False;0.75;0.705882;0.694444
Wiko_ORIGINAL;Samsung_ORIGINAL;False;0.75;0.705882;0.694444
Wiko_ORIGINAL;Samsung_ORIGINAL;False;0.75;0.705882;0.694444
Wiko_ORIGINAL;Apple_ORIGINAL;False;0.320755;0.210526;0.133333
Wiko_ORIGINAL;Apple_ORIGINAL;False;0.320755;0.210526;0.133333
Wiko_ORIGINAL;Apple_ORIGINAL;False;0.320755;0.210526;0.133333
Wiko_ORIGINAL;Apple_ORIGINAL;False;0.320755;0.210526;0.133333
Wiko_ORIGINAL;Apple_ORIGINAL;False;0.320755;0.210526;0.133333
Wiko_ORIGINAL;Apple_ORIGINAL;False;0.320755;0.210526;0.133333
Wiko_ORIGINAL;Apple_ORIGINAL;False;0.326923;0.214286;0.135593
Wiko_ORIGINAL;Apple_ORIGINAL;False;0.320755;0.210526;0.133333
Wiko_ORIGINAL;Apple_ORIGINAL;False;0.320755;0.210526;0.133333
Wiko_ORIGINAL;Apple_ORIGINAL;False;0.320755;0.210526;0.133333
Wiko_ORIGINAL;Apple_ORIGINAL;False;0.320755;0.210526;0.133333
Wiko_ORIGINAL;Apple_ORIGINAL;False;0.320755;0.210526;0.133333
Wiko_ORIGINAL;Apple_ORIGINAL;False;0.320755;0.210526;0.133333
Wiko_ORIGINAL;Apple_ORIGINAL;False;0.320755;0.210526;0.133333
Wiko_ORIGINAL;Apple_ORIGINAL;False;0.320755;0.210526;0.133333
Wiko_ORIGINAL;Apple_ORIGINAL;False;0.320755;0.210526;0.133333
Wiko_ORIGINAL;Samsung_ORIGINAL;False;0.666667;0.631579;0.625
Wiko_ORIGINAL;Samsung_ORIGINAL;False;0.666667;0.631579;0.625
Wiko_ORIGINAL;Samsung_ORIGINAL;False;0.666667;0.631579;0.625
Wiko_ORIGINAL;Samsung_ORIGINAL;False;0.666667;0.631579;0.625
Wiko_ORIGINAL;Samsung_ORIGINAL;False;0.666667;0.631579;0.625
Wiko_ORIGINAL;Samsung_ORIGINAL;False;0.666667;0.631579;0.625
Wiko_ORIGINAL;Samsung_ORIGINAL;False;0.666667;0.631579;0.625
Wiko_ORIGINAL;Samsung_ORIGINAL;False;0.666667;0.631579;0.625
Wiko_ORIGINAL;Samsung_ORIGINAL;False;0.666667;0.631579;0.625
Wiko_ORIGINAL;Samsung_ORIGINAL;False;0.666667;0.631579;0.625
Wiko_ORIGINAL;Samsung_ORIGINAL;False;0.666667;0.631579;0.625
Wiko_ORIGINAL;Samsung_ORIGINAL;False;0.666667;0.631579;0.625
Wiko_ORIGINAL;Samsung_ORIGINAL;False;0.666667;0.631579;0.625
Wiko_ORIGINAL;Samsung_ORIGINAL;False;0.666667;0.631579;0.625
Wiko_ORIGINAL;Samsung_ORIGINAL;False;0.666667;0.631579;0.625
Wiko_ORIGINAL;Samsung_ORIGINAL;False;0.666667;0.631579;0.625
Wiko_ORIGINAL;Samsung_ORIGINAL;False;0.774194;0.727273;0.714286
Wiko_ORIGINAL;Samsung_ORIGINAL;False;0.774194;0.727273;0.714286
Wiko_ORIGINAL;Samsung_ORIGINAL;False;0.774194;0.727273;0.714286
Wiko_ORIGINAL;Samsung_ORIGINAL;False;0.774194;0.727273;0.714286
Wiko_ORIGINAL;Samsung_ORIGINAL;False;0.774194;0.727273;0.714286
Wiko_ORIGINAL;Samsung_ORIGINAL;False;0.774194;0.727273;0.714286
Wiko_ORIGINAL;Samsung_ORIGINAL;False;0.774194;0.727273;0.714286
Wiko_ORIGINAL;Samsung_ORIGINAL;False;0.774194;0.727273;0.714286
Wiko_ORIGINAL;Samsung_ORIGINAL;False;0.774194;0.727273;0.714286
Wiko_ORIGINAL;Samsung_ORIGINAL;False;0.774194;0.727273;0.714286
Wiko_ORIGINAL;Samsung_ORIGINAL;False;0.774194;0.727273;0.714286
Wiko_ORIGINAL;Samsung_ORIGINAL;False;0.774194;0.727273;0.714286
Wiko_ORIGINAL;Samsung_ORIGINAL;False;0.774194;0.727273;0.714286
Wiko_ORIGINAL;OnePlus_ORIGINAL;False;0.714286;0.621622;0.538462
Wiko_ORIGINAL;OnePlus_ORIGINAL;False;0.714286;0.621622;0.538462
Wiko_ORIGINAL;OnePlus_ORIGINAL;False;0.714286;0.621622;0.538462
Wiko_ORIGINAL;OnePlus_ORIGINAL;False;0.714286;0.621622;0.538462
Wiko_ORIGINAL;OnePlus_ORIGINAL;False;0.714286;0.621622;0.538462
Wiko_ORIGINAL;OnePlus_ORIGINAL;False;0.714286;0.621622;0.538462
Wiko_ORIGINAL;OnePlus_ORIGINAL;False;0.714286;0.621622;0.538462
Wiko_ORIGINAL;OnePlus_ORIGINAL;False;0.714286;0.621622;0.538462
Wiko_ORIGINAL;OnePlus_ORIGINAL;False;0.714286;0.621622;0.538462
Wiko_ORIGINAL;OnePlus_ORIGINAL;False;0.714286;0.621622;0.538462
Wiko_ORIGINAL;OnePlus_ORIGINAL;False;0.714286;0.621622;0.538462
Wiko_ORIGINAL;OnePlus_ORIGINAL;False;0.714286;0.621622;0.538462
Wiko_ORIGINAL;OnePlus_ORIGINAL;False;0.714286;0.621622;0.538462
Wiko_ORIGINAL;OnePlus_ORIGINAL;False;0.714286;0.621622;0.538462
Wiko_ORIGINAL;OnePlus_ORIGINAL;False;0.714286;0.621622;0.538462
Wiko_ORIGINAL;OnePlus_ORIGINAL;False;0.714286;0.621622;0.538462
Wiko_ORIGINAL;Xiaomi_ORIGINAL;False;0.852941;0.833333;0.815789
Wiko_ORIGINAL;Xiaomi_ORIGINAL;False;0.805556;0.789474;0.775
Wiko_ORIGINAL;Xiaomi_ORIGINAL;False;0.805556;0.789474;0.775
Wiko_ORIGINAL;Xiaomi_ORIGINAL;False;0.805556;0.789474;0.775
Wiko_ORIGINAL;Xiaomi_ORIGINAL;False;0.805556;0.789474;0.775
Wiko_ORIGINAL;Xiaomi_ORIGINAL;False;0.852941;0.833333;0.815789
Wiko_ORIGINAL;Xiaomi_ORIGINAL;False;0.852941;0.833333;0.815789
Wiko_ORIGINAL;Xiaomi_ORIGINAL;False;0.852941;0.833333;0.815789
Wiko_ORIGINAL;Xiaomi_ORIGINAL;False;0.852941;0.833333;0.815789
Wiko_ORIGINAL;Xiaomi_ORIGINAL;False;0.805556;0.789474;0.775
Wiko_ORIGINAL;Xiaomi_ORIGINAL;False;0.852941;0.833333;0.815789
Wiko_ORIGINAL;Xiaomi_ORIGINAL;False;0.805556;0.789474;0.775
Wiko_ORIGINAL;Xiaomi_ORIGINAL;False;0.805556;0.789474;0.775
Wiko_ORIGINAL;Xiaomi_ORIGINAL;False;0.805556;0.789474;0.775
Wiko_ORIGINAL;Xiaomi_ORIGINAL;False;0.805556;0.789474;0.775
Wiko_ORIGINAL;Xiaomi_ORIGINAL;False;0.805556;0.789474;0.775
Wiko_ORIGINAL;Asus_ORIGINAL;False;0.852941;0.833333;0.815789
Wiko_ORIGINAL;Asus_ORIGINAL;False;0.852941;0.833333;0.815789
Wiko_ORIGINAL;Asus_ORIGINAL;False;0.852941;0.833333;0.815789
Wiko_ORIGINAL;Asus_ORIGINAL;False;0.852941;0.833333;0.815789
Wiko_ORIGINAL;Asus_ORIGINAL;False;0.852941;0.833333;0.815789
Wiko_ORIGINAL;Asus_ORIGINAL;False;0.852941;0.833333;0.815789
Wiko_ORIGINAL;Asus_ORIGINAL;False;0.852941;0.833333;0.815789
Wiko_ORIGINAL;Asus_ORIGINAL;False;0.852941;0.833333;0.815789
Wiko_ORIGINAL;Asus_ORIGINAL;False;0.852941;0.833333;0.815789
Wiko_ORIGINAL;Asus_ORIGINAL;False;0.852941;0.833333;0.815789
Wiko_ORIGINAL;Asus_ORIGINAL;False;0.852941;0.833333;0.815789
Wiko_ORIGINAL;Asus_ORIGINAL;False;0.852941;0.833333;0.815789
Wiko_ORIGINAL;Asus_ORIGINAL;False;0.852941;0.833333;0.815789
Wiko_ORIGINAL;Asus_ORIGINAL;False;0.852941;0.833333;0.815789
Wiko_ORIGINAL;Asus_ORIGINAL;False;0.852941;0.833333;0.815789
Wiko_ORIGINAL;Asus_ORIGINAL;False;0.852941;0.833333;0.815789
Wiko_ORIGINAL;Samsung_ORIGINAL;False;0.774194;0.727273;0.714286
Wiko_ORIGINAL;Samsung_ORIGINAL;False;0.774194;0.727273;0.714286
Wiko_ORIGINAL;Samsung_ORIGINAL;False;0.774194;0.727273;0.714286
Wiko_ORIGINAL;Samsung_ORIGINAL;False;0.774194;0.727273;0.714286
Wiko_ORIGINAL;Samsung_ORIGINAL;False;0.774194;0.727273;0.714286
Wiko_ORIGINAL;Samsung_ORIGINAL;False;0.774194;0.727273;0.714286
Wiko_ORIGINAL;Samsung_ORIGINAL;False;0.774194;0.727273;0.714286
Wiko_ORIGINAL;Samsung_ORIGINAL;False;0.774194;0.727273;0.714286
Wiko_ORIGINAL;Samsung_ORIGINAL;False;0.774194;0.727273;0.714286
Wiko_ORIGINAL;Samsung_ORIGINAL;False;0.774194;0.727273;0.714286
Wiko_ORIGINAL;Samsung_ORIGINAL;False;0.774194;0.727273;0.714286
Wiko_ORIGINAL;Samsung_ORIGINAL;False;0.774194;0.727273;0.714286
Wiko_ORIGINAL;Samsung_ORIGINAL;False;0.774194;0.727273;0.714286
Wiko_ORIGINAL;Wiko_ORIGINAL;True;1.0;1.0;1.0
Wiko_ORIGINAL;Wiko_ORIGINAL;True;1.0;1.0;1.0
Wiko_ORIGINAL;Wiko_ORIGINAL;True;1.0;1.0;1.0
Wiko_ORIGINAL;Wiko_ORIGINAL;True;1.0;1.0;1.0
Wiko_ORIGINAL;Wiko_ORIGINAL;True;1.0;1.0;1.0
Wiko_ORIGINAL;Wiko_ORIGINAL;True;1.0;1.0;1.0
Wiko_ORIGINAL;Wiko_ORIGINAL;True;1.0;1.0;1.0
Wiko_ORIGINAL;Wiko_ORIGINAL;True;1.0;1.0;1.0
Wiko_ORIGINAL;Apple_ORIGINAL;False;0.36;0.245283;0.145455
Wiko_ORIGINAL;Apple_ORIGINAL;False;0.36;0.245283;0.145455
Wiko_ORIGINAL;Apple_ORIGINAL;False;0.36;0.245283;0.145455
Wiko_ORIGINAL;Apple_ORIGINAL;False;0.367347;0.25;0.148148
Wiko_ORIGINAL;Apple_ORIGINAL;False;0.367347;0.25;0.148148
Wiko_ORIGINAL;Apple_ORIGINAL;False;0.367347;0.25;0.148148
Wiko_ORIGINAL;Apple_ORIGINAL;False;0.367347;0.25;0.148148
Wiko_ORIGINAL;Apple_ORIGINAL;False;0.367347;0.25;0.148148
Wiko_ORIGINAL;Apple_ORIGINAL;False;0.367347;0.25;0.148148
Wiko_ORIGINAL;Apple_ORIGINAL;False;0.36;0.245283;0.145455
Wiko_ORIGINAL;Apple_ORIGINAL;False;0.367347;0.25;0.148148
Wiko_ORIGINAL;Apple_ORIGINAL;False;0.36;0.245283;0.145455
Wiko_ORIGINAL;Apple_ORIGINAL;False;0.367347;0.25;0.148148
Wiko_ORIGINAL;Apple_ORIGINAL;False;0.386364;0.276596;0.163265
Wiko_ORIGINAL;Apple_ORIGINAL;False;0.352941;0.22807;0.129032
Wiko_ORIGINAL;Apple_ORIGINAL;False;0.352941;0.22807;0.129032
Wiko_ORIGINAL;Apple_ORIGINAL;False;0.352941;0.22807;0.129032
Wiko_ORIGINAL;Apple_ORIGINAL;False;0.352941;0.22807;0.129032
Wiko_ORIGINAL;Apple_ORIGINAL;False;0.352941;0.22807;0.129032
Wiko_ORIGINAL;Apple_ORIGINAL;False;0.352941;0.22807;0.129032
Wiko_ORIGINAL;Apple_ORIGINAL;False;0.352941;0.22807;0.129032
Wiko_ORIGINAL;Apple_ORIGINAL;False;0.352941;0.22807;0.129032
Wiko_ORIGINAL;Apple_ORIGINAL;False;0.352941;0.22807;0.129032
Wiko_ORIGINAL;Apple_ORIGINAL;False;0.352941;0.22807;0.129032
Wiko_ORIGINAL;Apple_ORIGINAL;False;0.352941;0.22807;0.129032
Wiko_ORIGINAL;Apple_ORIGINAL;False;0.352941;0.22807;0.129032
Wiko_ORIGINAL;Apple_ORIGINAL;False;0.352941;0.22807;0.129032
Wiko_ORIGINAL;Apple_ORIGINAL;False;0.352941;0.22807;0.129032
Wiko_ORIGINAL;Apple_ORIGINAL;False;0.352941;0.22807;0.129032
Wiko_ORIGINAL;Apple_ORIGINAL;False;0.36;0.245283;0.145455
Wiko_ORIGINAL;Apple_ORIGINAL;False;0.36;0.245283;0.145455
Wiko_ORIGINAL;Apple_ORIGINAL;False;0.36;0.245283;0.145455
Wiko_ORIGINAL;Apple_ORIGINAL;False;0.36;0.245283;0.145455
Wiko_ORIGINAL;Apple_ORIGINAL;False;0.36;0.245283;0.145455
Wiko_ORIGINAL;Apple_ORIGINAL;False;0.36;0.245283;0.145455
Wiko_ORIGINAL;Apple_ORIGINAL;False;0.36;0.245283;0.145455
Wiko_ORIGINAL;Apple_ORIGINAL;False;0.36;0.245283;0.145455
Wiko_ORIGINAL;Apple_ORIGINAL;False;0.36;0.245283;0.145455
Wiko_ORIGINAL;Apple_ORIGINAL;False;0.36;0.245283;0.145455
Wiko_ORIGINAL;Microsoft_ORIGINAL;False;0.578947;0.536585;0.488372
Wiko_ORIGINAL;Microsoft_ORIGINAL;False;0.666667;0.611111;0.552632
Wiko_ORIGINAL;Microsoft_ORIGINAL;False;0.578947;0.536585;0.488372
Wiko_ORIGINAL;Microsoft_ORIGINAL;False;0.578947;0.536585;0.488372
Wiko_ORIGINAL;Microsoft_ORIGINAL;False;0.578947;0.536585;0.488372
Wiko_ORIGINAL;Microsoft_ORIGINAL;False;0.578947;0.536585;0.488372
Wiko_ORIGINAL;Microsoft_ORIGINAL;False;0.578947;0.536585;0.488372
Wiko_ORIGINAL;Huawei_ORIGINAL;False;0.764706;0.694444;0.631579
Wiko_ORIGINAL;Huawei_ORIGINAL;False;0.764706;0.694444;0.631579
Wiko_ORIGINAL;Huawei_ORIGINAL;False;0.764706;0.694444;0.631579
Wiko_ORIGINAL;Huawei_ORIGINAL;False;0.764706;0.694444;0.631579
Wiko_ORIGINAL;Huawei_ORIGINAL;False;0.764706;0.694444;0.631579
Wiko_ORIGINAL;Huawei_ORIGINAL;False;0.764706;0.694444;0.631579
Wiko_ORIGINAL;Huawei_ORIGINAL;False;0.764706;0.694444;0.631579
Wiko_ORIGINAL;Huawei_ORIGINAL;False;0.764706;0.694444;0.631579
Wiko_ORIGINAL;Huawei_ORIGINAL;False;0.764706;0.694444;0.631579
Wiko_ORIGINAL;Huawei_ORIGINAL;False;0.764706;0.694444;0.631579
Wiko_ORIGINAL;Huawei_ORIGINAL;False;0.764706;0.694444;0.631579
Wiko_ORIGINAL;Huawei_ORIGINAL;False;0.764706;0.694444;0.631579
Wiko_ORIGINAL;Huawei_ORIGINAL;False;0.764706;0.694444;0.631579
Wiko_ORIGINAL;Huawei_ORIGINAL;False;0.764706;0.694444;0.631579
Wiko_ORIGINAL;Huawei_ORIGINAL;False;0.764706;0.694444;0.631579
Wiko_ORIGINAL;Huawei_ORIGINAL;False;0.764706;0.694444;0.631579
Wiko_ORIGINAL;Apple_ORIGINAL;False;0.352941;0.22807;0.129032
Wiko_ORIGINAL;Apple_ORIGINAL;False;0.352941;0.22807;0.129032
Wiko_ORIGINAL;Apple_ORIGINAL;False;0.352941;0.22807;0.129032
Wiko_ORIGINAL;Apple_ORIGINAL;False;0.352941;0.22807;0.129032
Wiko_ORIGINAL;Apple_ORIGINAL;False;0.352941;0.22807;0.129032
Wiko_ORIGINAL;Apple_ORIGINAL;False;0.352941;0.22807;0.129032
Wiko_ORIGINAL;Apple_ORIGINAL;False;0.352941;0.22807;0.129032
Wiko_ORIGINAL;Apple_ORIGINAL;False;0.352941;0.22807;0.129032
Wiko_ORIGINAL;Apple_ORIGINAL;False;0.352941;0.22807;0.129032
Wiko_ORIGINAL;Apple_ORIGINAL;False;0.352941;0.22807;0.129032
Wiko_ORIGINAL;Apple_ORIGINAL;False;0.352941;0.22807;0.129032
Wiko_ORIGINAL;Apple_ORIGINAL;False;0.352941;0.22807;0.129032
Wiko_ORIGINAL;Apple_ORIGINAL;False;0.352941;0.22807;0.129032
Wiko_ORIGINAL;Apple_ORIGINAL;False;0.352941;0.22807;0.129032
Wiko_ORIGINAL;Apple_ORIGINAL;False;0.352941;0.22807;0.129032
Wiko_ORIGINAL;Apple_ORIGINAL;False;0.326923;0.214286;0.135593
Wiko_ORIGINAL;Apple_ORIGINAL;False;0.326923;0.214286;0.135593
Wiko_ORIGINAL;Apple_ORIGINAL;False;0.326923;0.214286;0.135593
Wiko_ORIGINAL;Apple_ORIGINAL;False;0.326923;0.214286;0.135593
Wiko_ORIGINAL;Apple_ORIGINAL;False;0.326923;0.214286;0.135593
Wiko_ORIGINAL;Apple_ORIGINAL;False;0.326923;0.214286;0.135593
Wiko_ORIGINAL;Apple_ORIGINAL;False;0.326923;0.214286;0.135593
Wiko_ORIGINAL;Apple_ORIGINAL;False;0.326923;0.214286;0.135593
Wiko_ORIGINAL;Apple_ORIGINAL;False;0.326923;0.214286;0.135593
Wiko_ORIGINAL;Apple_ORIGINAL;False;0.326923;0.214286;0.135593
Wiko_ORIGINAL;Apple_ORIGINAL;False;0.326923;0.214286;0.135593
Wiko_ORIGINAL;Apple_ORIGINAL;False;0.326923;0.214286;0.135593
Wiko_ORIGINAL;Apple_ORIGINAL;False;0.326923;0.214286;0.135593
Wiko_ORIGINAL;Apple_ORIGINAL;False;0.326923;0.214286;0.135593
Wiko_ORIGINAL;Apple_ORIGINAL;False;0.326923;0.214286;0.135593
Wiko_ORIGINAL;Apple_ORIGINAL;False;0.326923;0.214286;0.135593
Wiko_ORIGINAL;Apple_ORIGINAL;False;0.326923;0.214286;0.135593
Wiko_ORIGINAL;Apple_ORIGINAL;False;0.326923;0.214286;0.135593
Wiko_ORIGINAL;Apple_ORIGINAL;False;0.326923;0.214286;0.135593
Wiko_ORIGINAL;Apple_ORIGINAL;False;0.326923;0.214286;0.135593
Wiko_ORIGINAL;Apple_ORIGINAL;False;0.326923;0.214286;0.135593
Wiko_ORIGINAL;Apple_ORIGINAL;False;0.326923;0.214286;0.135593
Wiko_ORIGINAL;Apple_ORIGINAL;False;0.326923;0.214286;0.135593
Wiko_ORIGINAL;Apple_ORIGINAL;False;0.326923;0.214286;0.135593
Wiko_ORIGINAL;Apple_ORIGINAL;False;0.326923;0.214286;0.135593
Wiko_ORIGINAL;Apple_ORIGINAL;False;0.326923;0.214286;0.135593
Wiko_ORIGINAL;Apple_ORIGINAL;False;0.326923;0.214286;0.135593
Wiko_ORIGINAL;Apple_ORIGINAL;False;0.326923;0.214286;0.135593
Wiko_ORIGINAL;Apple_ORIGINAL;False;0.326923;0.214286;0.135593
Wiko_ORIGINAL;Sony_ORIGINAL;False;0.84;0.791667;0.782609
Wiko_ORIGINAL;Sony_ORIGINAL;False;0.84;0.791667;0.782609
Wiko_ORIGINAL;Sony_ORIGINAL;False;0.84;0.791667;0.782609
Wiko_ORIGINAL;Sony_ORIGINAL;False;0.84;0.791667;0.782609
Wiko_ORIGINAL;Sony_ORIGINAL;False;0.84;0.791667;0.782609
Wiko_ORIGINAL;Sony_ORIGINAL;False;0.84;0.791667;0.782609
Wiko_ORIGINAL;Sony_ORIGINAL;False;0.84;0.791667;0.782609
Wiko_ORIGINAL;Sony_ORIGINAL;False;0.84;0.791667;0.782609
Wiko_ORIGINAL;Sony_ORIGINAL;False;0.84;0.791667;0.782609
Wiko_ORIGINAL;Sony_ORIGINAL;False;0.84;0.791667;0.782609
Wiko_ORIGINAL;Sony_ORIGINAL;False;0.84;0.791667;0.782609
Wiko_ORIGINAL;Sony_ORIGINAL;False;0.84;0.791667;0.782609
Wiko_ORIGINAL;Sony_ORIGINAL;False;0.84;0.791667;0.782609
Wiko_ORIGINAL;Sony_ORIGINAL;False;0.84;0.791667;0.782609
Wiko_ORIGINAL;Sony_ORIGINAL;False;0.84;0.791667;0.782609
Wiko_ORIGINAL;Sony_ORIGINAL;False;0.84;0.791667;0.782609
Wiko_ORIGINAL;Samsung_ORIGINAL;False;0.9;0.84375;0.794118
Wiko_ORIGINAL;Samsung_ORIGINAL;False;0.8125;0.735294;0.666667
Wiko_ORIGINAL;Samsung_ORIGINAL;False;0.9;0.84375;0.794118
Wiko_ORIGINAL;Samsung_ORIGINAL;False;0.9;0.84375;0.794118
Wiko_ORIGINAL;Samsung_ORIGINAL;False;0.9;0.84375;0.794118
Wiko_ORIGINAL;Samsung_ORIGINAL;False;0.9;0.84375;0.794118
Wiko_ORIGINAL;Samsung_ORIGINAL;False;0.9;0.84375;0.794118
Wiko_ORIGINAL;Samsung_ORIGINAL;False;0.9;0.84375;0.794118
Wiko_ORIGINAL;Samsung_ORIGINAL;False;0.9;0.84375;0.794118
Wiko_ORIGINAL;Samsung_ORIGINAL;False;0.8125;0.735294;0.666667
Wiko_ORIGINAL;Samsung_ORIGINAL;False;0.9;0.84375;0.794118
Wiko_ORIGINAL;Samsung_ORIGINAL;False;0.9;0.84375;0.794118
Wiko_ORIGINAL;Samsung_ORIGINAL;False;0.9;0.84375;0.794118
Wiko_ORIGINAL;Samsung_ORIGINAL;False;0.9;0.84375;0.794118
Wiko_ORIGINAL;Samsung_ORIGINAL;False;0.9;0.84375;0.794118
Wiko_ORIGINAL;Samsung_ORIGINAL;False;0.9;0.84375;0.794118
Wiko_ORIGINAL;Apple_ORIGINAL;False;0.36;0.245283;0.145455
Wiko_ORIGINAL;Apple_ORIGINAL;False;0.36;0.245283;0.145455
Wiko_ORIGINAL;Apple_ORIGINAL;False;0.36;0.245283;0.145455
Wiko_ORIGINAL;Apple_ORIGINAL;False;0.36;0.245283;0.145455
Wiko_ORIGINAL;Apple_ORIGINAL;False;0.36;0.245283;0.145455
Wiko_ORIGINAL;Apple_ORIGINAL;False;0.36;0.245283;0.145455
Wiko_ORIGINAL;Apple_ORIGINAL;False;0.36;0.245283;0.145455
Wiko_ORIGINAL;Apple_ORIGINAL;False;0.36;0.245283;0.145455
Wiko_ORIGINAL;Apple_ORIGINAL;False;0.36;0.245283;0.145455
Wiko_ORIGINAL;Apple_ORIGINAL;False;0.36;0.245283;0.145455
Wiko_ORIGINAL;Apple_ORIGINAL;False;0.36;0.245283;0.145455
Wiko_ORIGINAL;Apple_ORIGINAL;False;0.36;0.245283;0.145455
Wiko_ORIGINAL;Apple_ORIGINAL;False;0.367347;0.25;0.148148
Wiko_ORIGINAL;Apple_ORIGINAL;False;0.367347;0.25;0.148148
Wiko_ORIGINAL;Apple_ORIGINAL;False;0.367347;0.25;0.148148
Wiko_ORIGINAL;Apple_ORIGINAL;False;0.367347;0.25;0.148148
Wiko_ORIGINAL;Apple_ORIGINAL;False;0.367347;0.25;0.148148
Wiko_ORIGINAL;Apple_ORIGINAL;False;0.367347;0.25;0.148148
Wiko_ORIGINAL;Apple_ORIGINAL;False;0.367347;0.25;0.148148
Wiko_ORIGINAL;Apple_ORIGINAL;False;0.367347;0.25;0.148148
Wiko_ORIGINAL;Apple_ORIGINAL;False;0.367347;0.25;0.148148
Wiko_ORIGINAL;Apple_ORIGINAL;False;0.367347;0.25;0.148148
Wiko_ORIGINAL;Apple_ORIGINAL;False;0.367347;0.25;0.148148
Wiko_ORIGINAL;Apple_ORIGINAL;False;0.367347;0.25;0.148148
Wiko_ORIGINAL;Apple_ORIGINAL;False;0.367347;0.25;0.148148
Wiko_ORIGINAL;Apple_ORIGINAL;False;0.367347;0.25;0.148148
Wiko_ORIGINAL;Apple_ORIGINAL;False;0.367347;0.25;0.148148
Wiko_ORIGINAL;Apple_ORIGINAL;False;0.367347;0.25;0.148148
Wiko_ORIGINAL;Apple_ORIGINAL;False;0.367347;0.25;0.148148
Wiko_ORIGINAL;Apple_ORIGINAL;False;0.367347;0.25;0.148148
Wiko_ORIGINAL;Apple_ORIGINAL;False;0.367347;0.25;0.148148
Wiko_ORIGINAL;Apple_ORIGINAL;False;0.367347;0.25;0.148148
Wiko_ORIGINAL;Apple_ORIGINAL;False;0.367347;0.25;0.148148
Wiko_ORIGINAL;Apple_ORIGINAL;False;0.367347;0.25;0.148148
Wiko_ORIGINAL;Apple_ORIGINAL;False;0.367347;0.25;0.148148
Wiko_ORIGINAL;Apple_ORIGINAL;False;0.367347;0.25;0.148148
Wiko_ORIGINAL;Apple_ORIGINAL;False;0.367347;0.25;0.148148
Wiko_ORIGINAL;Apple_ORIGINAL;False;0.367347;0.25;0.148148
Wiko_ORIGINAL;Apple_ORIGINAL;False;0.367347;0.25;0.148148
Wiko_ORIGINAL;Apple_ORIGINAL;False;0.367347;0.25;0.148148
Wiko_ORIGINAL;Apple_ORIGINAL;False;0.367347;0.25;0.148148
Wiko_ORIGINAL;Huawei_ORIGINAL;False;0.8125;0.735294;0.666667
Wiko_ORIGINAL;Huawei_ORIGINAL;False;0.8125;0.735294;0.666667
Wiko_ORIGINAL;Huawei_ORIGINAL;False;0.8125;0.735294;0.666667
Wiko_ORIGINAL;Huawei_ORIGINAL;False;0.8125;0.735294;0.666667
Wiko_ORIGINAL;Huawei_ORIGINAL;False;0.8125;0.735294;0.666667
Wiko_ORIGINAL;Huawei_ORIGINAL;False;0.8125;0.735294;0.666667
Wiko_ORIGINAL;Huawei_ORIGINAL;False;0.8125;0.735294;0.666667
Wiko_ORIGINAL;Huawei_ORIGINAL;False;0.8125;0.735294;0.666667
Wiko_ORIGINAL;Huawei_ORIGINAL;False;0.8125;0.735294;0.666667
Wiko_ORIGINAL;Huawei_ORIGINAL;False;0.8125;0.735294;0.666667
Wiko_ORIGINAL;Huawei_ORIGINAL;False;0.8125;0.735294;0.666667
Wiko_ORIGINAL;Huawei_ORIGINAL;False;0.8125;0.735294;0.666667
Wiko_ORIGINAL;Huawei_ORIGINAL;False;0.8125;0.735294;0.666667
Wiko_ORIGINAL;Huawei_ORIGINAL;False;0.8125;0.735294;0.666667
Wiko_ORIGINAL;Huawei_ORIGINAL;False;0.8125;0.735294;0.666667
Wiko_ORIGINAL;Huawei_ORIGINAL;False;0.8125;0.735294;0.666667
Wiko_ORIGINAL;OnePlus_ORIGINAL;False;0.714286;0.621622;0.538462
Wiko_ORIGINAL;OnePlus_ORIGINAL;False;0.714286;0.621622;0.538462
Wiko_ORIGINAL;OnePlus_ORIGINAL;False;0.714286;0.621622;0.538462
Wiko_ORIGINAL;OnePlus_ORIGINAL;False;0.714286;0.621622;0.538462
Wiko_ORIGINAL;OnePlus_ORIGINAL;False;0.714286;0.621622;0.538462
Wiko_ORIGINAL;OnePlus_ORIGINAL;False;0.714286;0.621622;0.538462
Wiko_ORIGINAL;OnePlus_ORIGINAL;False;0.714286;0.621622;0.538462
Wiko_ORIGINAL;OnePlus_ORIGINAL;False;0.714286;0.621622;0.538462
Wiko_ORIGINAL;OnePlus_ORIGINAL;False;0.714286;0.621622;0.538462
Wiko_ORIGINAL;OnePlus_ORIGINAL;False;0.714286;0.621622;0.538462
Wiko_ORIGINAL;OnePlus_ORIGINAL;False;0.714286;0.621622;0.538462
Wiko_ORIGINAL;OnePlus_ORIGINAL;False;0.714286;0.621622;0.538462
Wiko_ORIGINAL;OnePlus_ORIGINAL;False;0.714286;0.621622;0.538462
Wiko_ORIGINAL;OnePlus_ORIGINAL;False;0.714286;0.621622;0.538462
Wiko_ORIGINAL;OnePlus_ORIGINAL;False;0.675676;0.589744;0.512195
Wiko_ORIGINAL;OnePlus_ORIGINAL;False;0.675676;0.589744;0.512195
Wiko_ORIGINAL;Samsung_ORIGINAL;False;0.75;0.705882;0.694444
Wiko_ORIGINAL;Samsung_ORIGINAL;False;0.75;0.705882;0.694444
Wiko_ORIGINAL;Samsung_ORIGINAL;False;0.75;0.705882;0.694444
Wiko_ORIGINAL;Samsung_ORIGINAL;False;0.75;0.705882;0.694444
Wiko_ORIGINAL;Samsung_ORIGINAL;False;0.75;0.705882;0.694444
Wiko_ORIGINAL;Samsung_ORIGINAL;False;0.75;0.705882;0.694444
Wiko_ORIGINAL;Samsung_ORIGINAL;False;0.75;0.705882;0.694444
Wiko_ORIGINAL;Samsung_ORIGINAL;False;0.75;0.705882;0.694444
Wiko_ORIGINAL;Samsung_ORIGINAL;False;0.75;0.705882;0.694444
Wiko_ORIGINAL;Samsung_ORIGINAL;False;0.75;0.705882;0.694444
Wiko_ORIGINAL;Samsung_ORIGINAL;False;0.75;0.705882;0.694444
Wiko_ORIGINAL;Samsung_ORIGINAL;False;0.75;0.705882;0.694444
Wiko_ORIGINAL;Samsung_ORIGINAL;False;0.75;0.705882;0.694444
Wiko_ORIGINAL;Samsung_ORIGINAL;False;0.75;0.705882;0.694444
Wiko_ORIGINAL;Samsung_ORIGINAL;False;0.75;0.705882;0.694444
Wiko_ORIGINAL;Samsung_ORIGINAL;False;0.75;0.705882;0.694444
Wiko_ORIGINAL;Huawei_ORIGINAL;False;0.852941;0.833333;0.815789
Wiko_ORIGINAL;Huawei_ORIGINAL;False;0.852941;0.833333;0.815789
Wiko_ORIGINAL;Huawei_ORIGINAL;False;0.852941;0.833333;0.815789
Wiko_ORIGINAL;Huawei_ORIGINAL;False;0.852941;0.833333;0.815789
Wiko_ORIGINAL;Huawei_ORIGINAL;False;0.852941;0.833333;0.815789
Wiko_ORIGINAL;Huawei_ORIGINAL;False;0.852941;0.833333;0.815789
Wiko_ORIGINAL;Huawei_ORIGINAL;False;0.852941;0.833333;0.815789
Wiko_ORIGINAL;Huawei_ORIGINAL;False;0.852941;0.833333;0.815789
Wiko_ORIGINAL;Huawei_ORIGINAL;False;0.852941;0.833333;0.815789
Wiko_ORIGINAL;Huawei_ORIGINAL;False;0.852941;0.833333;0.815789
Wiko_ORIGINAL;Huawei_ORIGINAL;False;0.852941;0.833333;0.815789
Wiko_ORIGINAL;Huawei_ORIGINAL;False;0.852941;0.833333;0.815789
Wiko_ORIGINAL;Huawei_ORIGINAL;False;0.852941;0.833333;0.815789
Wiko_ORIGINAL;Huawei_ORIGINAL;False;0.852941;0.833333;0.815789
Wiko_ORIGINAL;Huawei_ORIGINAL;False;0.852941;0.833333;0.815789
Wiko_ORIGINAL;Huawei_ORIGINAL;False;0.852941;0.833333;0.815789
Wiko_ORIGINAL;Apple_ORIGINAL;False;0.352941;0.22807;0.129032
Wiko_ORIGINAL;Apple_ORIGINAL;False;0.352941;0.22807;0.129032
Wiko_ORIGINAL;Apple_ORIGINAL;False;0.352941;0.22807;0.129032
Wiko_ORIGINAL;Apple_ORIGINAL;False;0.352941;0.22807;0.129032
Wiko_ORIGINAL;Apple_ORIGINAL;False;0.352941;0.22807;0.129032
Wiko_ORIGINAL;Apple_ORIGINAL;False;0.352941;0.22807;0.129032
Wiko_ORIGINAL;Apple_ORIGINAL;False;0.352941;0.22807;0.129032
Wiko_ORIGINAL;Apple_ORIGINAL;False;0.352941;0.22807;0.129032
Wiko_ORIGINAL;Apple_ORIGINAL;False;0.352941;0.22807;0.129032
Wiko_ORIGINAL;Apple_ORIGINAL;False;0.352941;0.22807;0.129032
Wiko_ORIGINAL;Apple_ORIGINAL;False;0.352941;0.22807;0.129032
Wiko_ORIGINAL;Apple_ORIGINAL;False;0.352941;0.22807;0.129032
Wiko_ORIGINAL;Apple_ORIGINAL;False;0.352941;0.22807;0.129032
Wiko_ORIGINAL;Apple_ORIGINAL;False;0.352941;0.22807;0.129032
Wiko_ORIGINAL;Apple_ORIGINAL;False;0.352941;0.22807;0.129032
Wiko_ORIGINAL;Apple_ORIGINAL;False;0.352941;0.22807;0.129032
Wiko_ORIGINAL;Huawei_ORIGINAL;False;0.852941;0.833333;0.815789
Wiko_ORIGINAL;Huawei_ORIGINAL;False;0.852941;0.833333;0.815789
Wiko_ORIGINAL;Huawei_ORIGINAL;False;0.852941;0.833333;0.815789
Wiko_ORIGINAL;Huawei_ORIGINAL;False;0.852941;0.833333;0.815789
Wiko_ORIGINAL;Huawei_ORIGINAL;False;0.852941;0.833333;0.815789
Wiko_ORIGINAL;Huawei_ORIGINAL;False;0.852941;0.833333;0.815789
Wiko_ORIGINAL;Huawei_ORIGINAL;False;0.852941;0.833333;0.815789
Wiko_ORIGINAL;Huawei_ORIGINAL;False;0.852941;0.833333;0.815789
Wiko_ORIGINAL;Huawei_ORIGINAL;False;0.852941;0.833333;0.815789
Wiko_ORIGINAL;Huawei_ORIGINAL;False;0.852941;0.833333;0.815789
Wiko_ORIGINAL;Huawei_ORIGINAL;False;0.852941;0.833333;0.815789
Wiko_ORIGINAL;Huawei_ORIGINAL;False;0.852941;0.833333;0.815789
Wiko_ORIGINAL;Huawei_ORIGINAL;False;0.852941;0.833333;0.815789
Wiko_ORIGINAL;Huawei_ORIGINAL;False;0.852941;0.833333;0.815789
Wiko_ORIGINAL;Huawei_ORIGINAL;False;0.852941;0.833333;0.815789
Wiko_ORIGINAL;Huawei_ORIGINAL;False;0.852941;0.833333;0.815789
Wiko_ORIGINAL;Samsung_ORIGINAL;False;0.727273;0.685714;0.675676
Wiko_ORIGINAL;Samsung_ORIGINAL;False;0.727273;0.685714;0.675676
Wiko_ORIGINAL;Samsung_ORIGINAL;False;0.727273;0.685714;0.675676
Wiko_ORIGINAL;Samsung_ORIGINAL;False;0.705882;0.666667;0.657895
Wiko_ORIGINAL;Samsung_ORIGINAL;False;0.705882;0.666667;0.657895
Wiko_ORIGINAL;Samsung_ORIGINAL;False;0.705882;0.666667;0.657895
Wiko_ORIGINAL;Samsung_ORIGINAL;False;0.705882;0.666667;0.657895
Wiko_ORIGINAL;Samsung_ORIGINAL;False;0.705882;0.666667;0.657895
Wiko_ORIGINAL;Samsung_ORIGINAL;False;0.727273;0.685714;0.675676
Wiko_ORIGINAL;Samsung_ORIGINAL;False;0.727273;0.685714;0.675676
Wiko_ORIGINAL;Samsung_ORIGINAL;False;0.727273;0.685714;0.675676
Wiko_ORIGINAL;Samsung_ORIGINAL;False;0.727273;0.685714;0.675676
Wiko_ORIGINAL;Samsung_ORIGINAL;False;0.727273;0.685714;0.675676
Xiaomi_ORIGINAL;Samsung_ORIGINAL;False;0.806452;0.757576;0.714286
Xiaomi_ORIGINAL;Samsung_ORIGINAL;False;0.806452;0.757576;0.714286
Xiaomi_ORIGINAL;Samsung_ORIGINAL;False;0.806452;0.757576;0.714286
Xiaomi_ORIGINAL;Samsung_ORIGINAL;False;0.806452;0.757576;0.714286
Xiaomi_ORIGINAL;Samsung_ORIGINAL;False;0.806452;0.757576;0.714286
Xiaomi_ORIGINAL;Samsung_ORIGINAL;False;0.806452;0.757576;0.714286
Xiaomi_ORIGINAL;Samsung_ORIGINAL;False;0.806452;0.757576;0.714286
Xiaomi_ORIGINAL;Samsung_ORIGINAL;False;0.806452;0.757576;0.714286
Xiaomi_ORIGINAL;Samsung_ORIGINAL;False;0.806452;0.757576;0.714286
Xiaomi_ORIGINAL;Samsung_ORIGINAL;False;0.806452;0.757576;0.714286
Xiaomi_ORIGINAL;Samsung_ORIGINAL;False;0.806452;0.757576;0.714286
Xiaomi_ORIGINAL;Samsung_ORIGINAL;False;0.806452;0.757576;0.714286
Xiaomi_ORIGINAL;Samsung_ORIGINAL;False;0.806452;0.757576;0.714286
Xiaomi_ORIGINAL;Samsung_ORIGINAL;False;0.806452;0.757576;0.714286
Xiaomi_ORIGINAL;Samsung_ORIGINAL;False;0.806452;0.757576;0.714286
Xiaomi_ORIGINAL;Samsung_ORIGINAL;False;0.806452;0.757576;0.714286
Xiaomi_ORIGINAL;Samsung_ORIGINAL;False;0.806452;0.757576;0.714286
Xiaomi_ORIGINAL;Samsung_ORIGINAL;False;0.806452;0.757576;0.714286
Xiaomi_ORIGINAL;Samsung_ORIGINAL;False;0.806452;0.757576;0.714286
Xiaomi_ORIGINAL;Apple_ORIGINAL;False;0.384615;0.25;0.169492
Xiaomi_ORIGINAL;Apple_ORIGINAL;False;0.377358;0.245614;0.166667
Xiaomi_ORIGINAL;Apple_ORIGINAL;False;0.377358;0.245614;0.166667
Xiaomi_ORIGINAL;Apple_ORIGINAL;False;0.377358;0.245614;0.166667
Xiaomi_ORIGINAL;Apple_ORIGINAL;False;0.377358;0.245614;0.166667
Xiaomi_ORIGINAL;Apple_ORIGINAL;False;0.377358;0.245614;0.166667
Xiaomi_ORIGINAL;Apple_ORIGINAL;False;0.377358;0.245614;0.166667
Xiaomi_ORIGINAL;Apple_ORIGINAL;False;0.377358;0.245614;0.166667
Xiaomi_ORIGINAL;Apple_ORIGINAL;False;0.377358;0.245614;0.166667
Xiaomi_ORIGINAL;Apple_ORIGINAL;False;0.377358;0.245614;0.166667
Xiaomi_ORIGINAL;Huawei_ORIGINAL;False;0.911765;0.861111;0.815789
Xiaomi_ORIGINAL;Huawei_ORIGINAL;False;0.911765;0.861111;0.815789
Xiaomi_ORIGINAL;Huawei_ORIGINAL;False;0.911765;0.861111;0.815789
Xiaomi_ORIGINAL;Huawei_ORIGINAL;False;0.911765;0.861111;0.815789
Xiaomi_ORIGINAL;Huawei_ORIGINAL;False;0.911765;0.861111;0.815789
Xiaomi_ORIGINAL;Huawei_ORIGINAL;False;1.0;1.0;1.0
Xiaomi_ORIGINAL;Huawei_ORIGINAL;False;0.911765;0.861111;0.815789
Xiaomi_ORIGINAL;Huawei_ORIGINAL;False;0.911765;0.861111;0.815789
Xiaomi_ORIGINAL;Huawei_ORIGINAL;False;0.911765;0.861111;0.815789
Xiaomi_ORIGINAL;Huawei_ORIGINAL;False;0.911765;0.861111;0.815789
Xiaomi_ORIGINAL;Huawei_ORIGINAL;False;0.911765;0.861111;0.815789
Xiaomi_ORIGINAL;Huawei_ORIGINAL;False;0.911765;0.861111;0.815789
Xiaomi_ORIGINAL;Huawei_ORIGINAL;False;0.911765;0.861111;0.815789
Xiaomi_ORIGINAL;Huawei_ORIGINAL;False;0.911765;0.861111;0.815789
Xiaomi_ORIGINAL;Huawei_ORIGINAL;False;0.911765;0.861111;0.815789
Xiaomi_ORIGINAL;Huawei_ORIGINAL;False;0.911765;0.861111;0.815789
Xiaomi_ORIGINAL;LG_ORIGINAL;False;0.9375;0.911765;0.888889
Xiaomi_ORIGINAL;LG_ORIGINAL;False;0.9375;0.911765;0.888889
Xiaomi_ORIGINAL;LG_ORIGINAL;False;0.9375;0.911765;0.888889
Xiaomi_ORIGINAL;LG_ORIGINAL;False;0.9375;0.911765;0.888889
Xiaomi_ORIGINAL;LG_ORIGINAL;False;0.9375;0.911765;0.888889
Xiaomi_ORIGINAL;LG_ORIGINAL;False;0.9375;0.911765;0.888889
Xiaomi_ORIGINAL;LG_ORIGINAL;False;0.9375;0.911765;0.888889
Xiaomi_ORIGINAL;LG_ORIGINAL;False;0.9375;0.911765;0.888889
Xiaomi_ORIGINAL;LG_ORIGINAL;False;0.9375;0.911765;0.888889
Xiaomi_ORIGINAL;LG_ORIGINAL;False;0.9375;0.911765;0.888889
Xiaomi_ORIGINAL;LG_ORIGINAL;False;0.9375;0.911765;0.888889
Xiaomi_ORIGINAL;LG_ORIGINAL;False;0.9375;0.911765;0.888889
Xiaomi_ORIGINAL;LG_ORIGINAL;False;0.9375;0.911765;0.888889
Xiaomi_ORIGINAL;LG_ORIGINAL;False;0.9375;0.911765;0.888889
Xiaomi_ORIGINAL;LG_ORIGINAL;False;0.9375;0.911765;0.888889
Xiaomi_ORIGINAL;LG_ORIGINAL;False;0.9375;0.911765;0.888889
Xiaomi_ORIGINAL;Apple_ORIGINAL;False;0.392157;0.22807;0.129032
Xiaomi_ORIGINAL;Apple_ORIGINAL;False;0.392157;0.22807;0.129032
Xiaomi_ORIGINAL;Apple_ORIGINAL;False;0.392157;0.22807;0.129032
Xiaomi_ORIGINAL;Apple_ORIGINAL;False;0.392157;0.22807;0.129032
Xiaomi_ORIGINAL;Apple_ORIGINAL;False;0.392157;0.22807;0.129032
Xiaomi_ORIGINAL;Apple_ORIGINAL;False;0.392157;0.22807;0.129032
Xiaomi_ORIGINAL;Apple_ORIGINAL;False;0.392157;0.22807;0.129032
Xiaomi_ORIGINAL;Apple_ORIGINAL;False;0.392157;0.22807;0.129032
Xiaomi_ORIGINAL;Apple_ORIGINAL;False;0.392157;0.22807;0.129032
Xiaomi_ORIGINAL;Apple_ORIGINAL;False;0.392157;0.22807;0.129032
Xiaomi_ORIGINAL;Apple_ORIGINAL;False;0.392157;0.22807;0.129032
Xiaomi_ORIGINAL;Apple_ORIGINAL;False;0.392157;0.22807;0.129032
Xiaomi_ORIGINAL;Apple_ORIGINAL;False;0.392157;0.22807;0.129032
Xiaomi_ORIGINAL;Apple_ORIGINAL;False;0.392157;0.22807;0.129032
Xiaomi_ORIGINAL;Apple_ORIGINAL;False;0.392157;0.22807;0.129032
Xiaomi_ORIGINAL;Apple_ORIGINAL;False;0.392157;0.22807;0.129032
Xiaomi_ORIGINAL;Apple_ORIGINAL;False;0.4;0.245283;0.145455
Xiaomi_ORIGINAL;Apple_ORIGINAL;False;0.4;0.245283;0.145455
Xiaomi_ORIGINAL;Apple_ORIGINAL;False;0.4;0.245283;0.145455
Xiaomi_ORIGINAL;Apple_ORIGINAL;False;0.4;0.245283;0.145455
Xiaomi_ORIGINAL;Apple_ORIGINAL;False;0.4;0.245283;0.145455
Xiaomi_ORIGINAL;Apple_ORIGINAL;False;0.4;0.245283;0.145455
Xiaomi_ORIGINAL;Apple_ORIGINAL;False;0.4;0.245283;0.145455
Xiaomi_ORIGINAL;Apple_ORIGINAL;False;0.4;0.245283;0.145455
Xiaomi_ORIGINAL;Apple_ORIGINAL;False;0.4;0.245283;0.145455
Xiaomi_ORIGINAL;Apple_ORIGINAL;False;0.4;0.245283;0.145455
Xiaomi_ORIGINAL;Apple_ORIGINAL;False;0.4;0.245283;0.145455
Xiaomi_ORIGINAL;Apple_ORIGINAL;False;0.4;0.245283;0.145455
Xiaomi_ORIGINAL;Apple_ORIGINAL;False;0.4;0.245283;0.145455
Xiaomi_ORIGINAL;Apple_ORIGINAL;False;0.4;0.245283;0.145455
Xiaomi_ORIGINAL;Samsung_ORIGINAL;False;0.78125;0.735294;0.694444
Xiaomi_ORIGINAL;Samsung_ORIGINAL;False;0.78125;0.735294;0.694444
Xiaomi_ORIGINAL;Samsung_ORIGINAL;False;0.78125;0.735294;0.694444
Xiaomi_ORIGINAL;Samsung_ORIGINAL;False;0.78125;0.735294;0.694444
Xiaomi_ORIGINAL;Samsung_ORIGINAL;False;0.78125;0.735294;0.694444
Xiaomi_ORIGINAL;Samsung_ORIGINAL;False;0.78125;0.735294;0.694444
Xiaomi_ORIGINAL;Samsung_ORIGINAL;False;0.78125;0.735294;0.694444
Xiaomi_ORIGINAL;Samsung_ORIGINAL;False;0.78125;0.735294;0.694444
Xiaomi_ORIGINAL;Samsung_ORIGINAL;False;0.78125;0.735294;0.694444
Xiaomi_ORIGINAL;Samsung_ORIGINAL;False;0.78125;0.735294;0.694444
Xiaomi_ORIGINAL;Samsung_ORIGINAL;False;0.78125;0.735294;0.694444
Xiaomi_ORIGINAL;Samsung_ORIGINAL;False;0.78125;0.735294;0.694444
Xiaomi_ORIGINAL;Samsung_ORIGINAL;False;0.78125;0.735294;0.694444
Xiaomi_ORIGINAL;Samsung_ORIGINAL;False;0.78125;0.735294;0.694444
Xiaomi_ORIGINAL;Samsung_ORIGINAL;False;0.78125;0.735294;0.694444
Xiaomi_ORIGINAL;Samsung_ORIGINAL;False;0.78125;0.735294;0.694444
Xiaomi_ORIGINAL;Samsung_ORIGINAL;False;0.78125;0.735294;0.694444
Xiaomi_ORIGINAL;Samsung_ORIGINAL;False;0.78125;0.735294;0.694444
Xiaomi_ORIGINAL;Samsung_ORIGINAL;False;0.78125;0.735294;0.694444
Xiaomi_ORIGINAL;Samsung_ORIGINAL;False;0.78125;0.735294;0.694444
Xiaomi_ORIGINAL;Samsung_ORIGINAL;False;0.78125;0.735294;0.694444
Xiaomi_ORIGINAL;Samsung_ORIGINAL;False;0.78125;0.735294;0.694444
Xiaomi_ORIGINAL;Samsung_ORIGINAL;False;0.78125;0.735294;0.694444
Xiaomi_ORIGINAL;Samsung_ORIGINAL;False;0.78125;0.735294;0.694444
Xiaomi_ORIGINAL;Samsung_ORIGINAL;False;0.78125;0.735294;0.694444
Xiaomi_ORIGINAL;Samsung_ORIGINAL;False;0.78125;0.735294;0.694444
Xiaomi_ORIGINAL;Samsung_ORIGINAL;False;0.78125;0.735294;0.694444
Xiaomi_ORIGINAL;Samsung_ORIGINAL;False;0.78125;0.735294;0.694444
Xiaomi_ORIGINAL;Samsung_ORIGINAL;False;0.78125;0.735294;0.694444
Xiaomi_ORIGINAL;Samsung_ORIGINAL;False;0.78125;0.735294;0.694444
Xiaomi_ORIGINAL;Samsung_ORIGINAL;False;0.78125;0.735294;0.694444
Xiaomi_ORIGINAL;Samsung_ORIGINAL;False;0.78125;0.735294;0.694444
Xiaomi_ORIGINAL;Samsung_ORIGINAL;False;0.78125;0.735294;0.694444
Xiaomi_ORIGINAL;Samsung_ORIGINAL;False;0.78125;0.735294;0.694444
Xiaomi_ORIGINAL;Apple_ORIGINAL;False;0.377358;0.245614;0.166667
Xiaomi_ORIGINAL;Apple_ORIGINAL;False;0.377358;0.245614;0.166667
Xiaomi_ORIGINAL;Apple_ORIGINAL;False;0.377358;0.245614;0.166667
Xiaomi_ORIGINAL;Apple_ORIGINAL;False;0.377358;0.245614;0.166667
Xiaomi_ORIGINAL;Apple_ORIGINAL;False;0.377358;0.245614;0.166667
Xiaomi_ORIGINAL;Apple_ORIGINAL;False;0.377358;0.245614;0.166667
Xiaomi_ORIGINAL;Apple_ORIGINAL;False;0.384615;0.25;0.169492
Xiaomi_ORIGINAL;Apple_ORIGINAL;False;0.377358;0.245614;0.166667
Xiaomi_ORIGINAL;Apple_ORIGINAL;False;0.377358;0.245614;0.166667
Xiaomi_ORIGINAL;Apple_ORIGINAL;False;0.377358;0.245614;0.166667
Xiaomi_ORIGINAL;Apple_ORIGINAL;False;0.377358;0.245614;0.166667
Xiaomi_ORIGINAL;Apple_ORIGINAL;False;0.377358;0.245614;0.166667
Xiaomi_ORIGINAL;Apple_ORIGINAL;False;0.377358;0.245614;0.166667
Xiaomi_ORIGINAL;Apple_ORIGINAL;False;0.377358;0.245614;0.166667
Xiaomi_ORIGINAL;Apple_ORIGINAL;False;0.377358;0.245614;0.166667
Xiaomi_ORIGINAL;Apple_ORIGINAL;False;0.377358;0.245614;0.166667
Xiaomi_ORIGINAL;Samsung_ORIGINAL;False;0.805556;0.763158;0.725
Xiaomi_ORIGINAL;Samsung_ORIGINAL;False;0.805556;0.763158;0.725
Xiaomi_ORIGINAL;Samsung_ORIGINAL;False;0.805556;0.763158;0.725
Xiaomi_ORIGINAL;Samsung_ORIGINAL;False;0.805556;0.763158;0.725
Xiaomi_ORIGINAL;Samsung_ORIGINAL;False;0.805556;0.763158;0.725
Xiaomi_ORIGINAL;Samsung_ORIGINAL;False;0.805556;0.763158;0.725
Xiaomi_ORIGINAL;Samsung_ORIGINAL;False;0.805556;0.763158;0.725
Xiaomi_ORIGINAL;Samsung_ORIGINAL;False;0.805556;0.763158;0.725
Xiaomi_ORIGINAL;Samsung_ORIGINAL;False;0.805556;0.763158;0.725
Xiaomi_ORIGINAL;Samsung_ORIGINAL;False;0.805556;0.763158;0.725
Xiaomi_ORIGINAL;Samsung_ORIGINAL;False;0.805556;0.763158;0.725
Xiaomi_ORIGINAL;Samsung_ORIGINAL;False;0.805556;0.763158;0.725
Xiaomi_ORIGINAL;Samsung_ORIGINAL;False;0.805556;0.763158;0.725
Xiaomi_ORIGINAL;Samsung_ORIGINAL;False;0.805556;0.763158;0.725
Xiaomi_ORIGINAL;Samsung_ORIGINAL;False;0.805556;0.763158;0.725
Xiaomi_ORIGINAL;Samsung_ORIGINAL;False;0.805556;0.763158;0.725
Xiaomi_ORIGINAL;Samsung_ORIGINAL;False;0.806452;0.757576;0.714286
Xiaomi_ORIGINAL;Samsung_ORIGINAL;False;0.806452;0.757576;0.714286
Xiaomi_ORIGINAL;Samsung_ORIGINAL;False;0.806452;0.757576;0.714286
Xiaomi_ORIGINAL;Samsung_ORIGINAL;False;0.806452;0.757576;0.714286
Xiaomi_ORIGINAL;Samsung_ORIGINAL;False;0.806452;0.757576;0.714286
Xiaomi_ORIGINAL;Samsung_ORIGINAL;False;0.806452;0.757576;0.714286
Xiaomi_ORIGINAL;Samsung_ORIGINAL;False;0.806452;0.757576;0.714286
Xiaomi_ORIGINAL;Samsung_ORIGINAL;False;0.806452;0.757576;0.714286
Xiaomi_ORIGINAL;Samsung_ORIGINAL;False;0.806452;0.757576;0.714286
Xiaomi_ORIGINAL;Samsung_ORIGINAL;False;0.806452;0.757576;0.714286
Xiaomi_ORIGINAL;Samsung_ORIGINAL;False;0.806452;0.757576;0.714286
Xiaomi_ORIGINAL;Samsung_ORIGINAL;False;0.806452;0.757576;0.714286
Xiaomi_ORIGINAL;Samsung_ORIGINAL;False;0.806452;0.757576;0.714286
Xiaomi_ORIGINAL;OnePlus_ORIGINAL;False;0.857143;0.783784;0.717949
Xiaomi_ORIGINAL;OnePlus_ORIGINAL;False;0.857143;0.783784;0.717949
Xiaomi_ORIGINAL;OnePlus_ORIGINAL;False;0.857143;0.783784;0.717949
Xiaomi_ORIGINAL;OnePlus_ORIGINAL;False;0.857143;0.783784;0.717949
Xiaomi_ORIGINAL;OnePlus_ORIGINAL;False;0.857143;0.783784;0.717949
Xiaomi_ORIGINAL;OnePlus_ORIGINAL;False;0.857143;0.783784;0.717949
Xiaomi_ORIGINAL;OnePlus_ORIGINAL;False;0.857143;0.783784;0.717949
Xiaomi_ORIGINAL;OnePlus_ORIGINAL;False;0.857143;0.783784;0.717949
Xiaomi_ORIGINAL;OnePlus_ORIGINAL;False;0.857143;0.783784;0.717949
Xiaomi_ORIGINAL;OnePlus_ORIGINAL;False;0.857143;0.783784;0.717949
Xiaomi_ORIGINAL;OnePlus_ORIGINAL;False;0.857143;0.783784;0.717949
Xiaomi_ORIGINAL;OnePlus_ORIGINAL;False;0.857143;0.783784;0.717949
Xiaomi_ORIGINAL;OnePlus_ORIGINAL;False;0.857143;0.783784;0.717949
Xiaomi_ORIGINAL;OnePlus_ORIGINAL;False;0.857143;0.783784;0.717949
Xiaomi_ORIGINAL;OnePlus_ORIGINAL;False;0.857143;0.783784;0.717949
Xiaomi_ORIGINAL;OnePlus_ORIGINAL;False;0.857143;0.783784;0.717949
Xiaomi_ORIGINAL;Xiaomi_ORIGINAL;True;1.0;1.0;1.0
Xiaomi_ORIGINAL;Xiaomi_ORIGINAL;True;1.0;1.0;1.0
Xiaomi_ORIGINAL;Xiaomi_ORIGINAL;True;1.0;1.0;1.0
Xiaomi_ORIGINAL;Xiaomi_ORIGINAL;True;1.0;1.0;1.0
Xiaomi_ORIGINAL;Xiaomi_ORIGINAL;True;1.0;1.0;1.0
Xiaomi_ORIGINAL;Xiaomi_ORIGINAL;True;1.0;1.0;1.0
Xiaomi_ORIGINAL;Xiaomi_ORIGINAL;True;1.0;1.0;1.0
Xiaomi_ORIGINAL;Xiaomi_ORIGINAL;True;1.0;1.0;1.0
Xiaomi_ORIGINAL;Xiaomi_ORIGINAL;True;1.0;1.0;1.0
Xiaomi_ORIGINAL;Xiaomi_ORIGINAL;True;1.0;1.0;1.0
Xiaomi_ORIGINAL;Xiaomi_ORIGINAL;True;1.0;1.0;1.0
Xiaomi_ORIGINAL;Xiaomi_ORIGINAL;True;1.0;1.0;1.0
Xiaomi_ORIGINAL;Xiaomi_ORIGINAL;True;1.0;1.0;1.0
Xiaomi_ORIGINAL;Xiaomi_ORIGINAL;True;1.0;1.0;1.0
Xiaomi_ORIGINAL;Xiaomi_ORIGINAL;True;1.0;1.0;1.0
Xiaomi_ORIGINAL;Xiaomi_ORIGINAL;True;1.0;1.0;1.0
Xiaomi_ORIGINAL;Asus_ORIGINAL;False;1.0;1.0;1.0
Xiaomi_ORIGINAL;Asus_ORIGINAL;False;1.0;1.0;1.0
Xiaomi_ORIGINAL;Asus_ORIGINAL;False;1.0;1.0;1.0
Xiaomi_ORIGINAL;Asus_ORIGINAL;False;1.0;1.0;1.0
Xiaomi_ORIGINAL;Asus_ORIGINAL;False;1.0;1.0;1.0
Xiaomi_ORIGINAL;Asus_ORIGINAL;False;1.0;1.0;1.0
Xiaomi_ORIGINAL;Asus_ORIGINAL;False;1.0;1.0;1.0
Xiaomi_ORIGINAL;Asus_ORIGINAL;False;1.0;1.0;1.0
Xiaomi_ORIGINAL;Asus_ORIGINAL;False;1.0;1.0;1.0
Xiaomi_ORIGINAL;Asus_ORIGINAL;False;1.0;1.0;1.0
Xiaomi_ORIGINAL;Asus_ORIGINAL;False;1.0;1.0;1.0
Xiaomi_ORIGINAL;Asus_ORIGINAL;False;1.0;1.0;1.0
Xiaomi_ORIGINAL;Asus_ORIGINAL;False;1.0;1.0;1.0
Xiaomi_ORIGINAL;Asus_ORIGINAL;False;1.0;1.0;1.0
Xiaomi_ORIGINAL;Asus_ORIGINAL;False;1.0;1.0;1.0
Xiaomi_ORIGINAL;Asus_ORIGINAL;False;1.0;1.0;1.0
Xiaomi_ORIGINAL;Samsung_ORIGINAL;False;0.806452;0.757576;0.714286
Xiaomi_ORIGINAL;Samsung_ORIGINAL;False;0.806452;0.757576;0.714286
Xiaomi_ORIGINAL;Samsung_ORIGINAL;False;0.806452;0.757576;0.714286
Xiaomi_ORIGINAL;Samsung_ORIGINAL;False;0.806452;0.757576;0.714286
Xiaomi_ORIGINAL;Samsung_ORIGINAL;False;0.806452;0.757576;0.714286
Xiaomi_ORIGINAL;Samsung_ORIGINAL;False;0.806452;0.757576;0.714286
Xiaomi_ORIGINAL;Samsung_ORIGINAL;False;0.806452;0.757576;0.714286
Xiaomi_ORIGINAL;Samsung_ORIGINAL;False;0.806452;0.757576;0.714286
Xiaomi_ORIGINAL;Samsung_ORIGINAL;False;0.806452;0.757576;0.714286
Xiaomi_ORIGINAL;Samsung_ORIGINAL;False;0.806452;0.757576;0.714286
Xiaomi_ORIGINAL;Samsung_ORIGINAL;False;0.806452;0.757576;0.714286
Xiaomi_ORIGINAL;Samsung_ORIGINAL;False;0.806452;0.757576;0.714286
Xiaomi_ORIGINAL;Samsung_ORIGINAL;False;0.806452;0.757576;0.714286
Xiaomi_ORIGINAL;Wiko_ORIGINAL;False;0.966667;0.9375;0.911765
Xiaomi_ORIGINAL;Wiko_ORIGINAL;False;0.966667;0.9375;0.911765
Xiaomi_ORIGINAL;Wiko_ORIGINAL;False;0.966667;0.9375;0.911765
Xiaomi_ORIGINAL;Wiko_ORIGINAL;False;0.966667;0.9375;0.911765
Xiaomi_ORIGINAL;Wiko_ORIGINAL;False;0.966667;0.9375;0.911765
Xiaomi_ORIGINAL;Wiko_ORIGINAL;False;0.966667;0.9375;0.911765
Xiaomi_ORIGINAL;Wiko_ORIGINAL;False;0.966667;0.9375;0.911765
Xiaomi_ORIGINAL;Wiko_ORIGINAL;False;0.966667;0.9375;0.911765
Xiaomi_ORIGINAL;Apple_ORIGINAL;False;0.4;0.245283;0.145455
Xiaomi_ORIGINAL;Apple_ORIGINAL;False;0.4;0.245283;0.145455
Xiaomi_ORIGINAL;Apple_ORIGINAL;False;0.4;0.245283;0.145455
Xiaomi_ORIGINAL;Apple_ORIGINAL;False;0.408163;0.25;0.148148
Xiaomi_ORIGINAL;Apple_ORIGINAL;False;0.408163;0.25;0.148148
Xiaomi_ORIGINAL;Apple_ORIGINAL;False;0.408163;0.25;0.148148
Xiaomi_ORIGINAL;Apple_ORIGINAL;False;0.408163;0.25;0.148148
Xiaomi_ORIGINAL;Apple_ORIGINAL;False;0.408163;0.25;0.148148
Xiaomi_ORIGINAL;Apple_ORIGINAL;False;0.408163;0.25;0.148148
Xiaomi_ORIGINAL;Apple_ORIGINAL;False;0.4;0.245283;0.145455
Xiaomi_ORIGINAL;Apple_ORIGINAL;False;0.408163;0.25;0.148148
Xiaomi_ORIGINAL;Apple_ORIGINAL;False;0.4;0.245283;0.145455
Xiaomi_ORIGINAL;Apple_ORIGINAL;False;0.408163;0.25;0.148148
Xiaomi_ORIGINAL;Apple_ORIGINAL;False;0.363636;0.234043;0.142857
Xiaomi_ORIGINAL;Apple_ORIGINAL;False;0.392157;0.22807;0.129032
Xiaomi_ORIGINAL;Apple_ORIGINAL;False;0.392157;0.22807;0.129032
Xiaomi_ORIGINAL;Apple_ORIGINAL;False;0.392157;0.22807;0.129032
Xiaomi_ORIGINAL;Apple_ORIGINAL;False;0.392157;0.22807;0.129032
Xiaomi_ORIGINAL;Apple_ORIGINAL;False;0.392157;0.22807;0.129032
Xiaomi_ORIGINAL;Apple_ORIGINAL;False;0.392157;0.22807;0.129032
Xiaomi_ORIGINAL;Apple_ORIGINAL;False;0.392157;0.22807;0.129032
Xiaomi_ORIGINAL;Apple_ORIGINAL;False;0.392157;0.22807;0.129032
Xiaomi_ORIGINAL;Apple_ORIGINAL;False;0.392157;0.22807;0.129032
Xiaomi_ORIGINAL;Apple_ORIGINAL;False;0.392157;0.22807;0.129032
Xiaomi_ORIGINAL;Apple_ORIGINAL;False;0.392157;0.22807;0.129032
Xiaomi_ORIGINAL;Apple_ORIGINAL;False;0.392157;0.22807;0.129032
Xiaomi_ORIGINAL;Apple_ORIGINAL;False;0.392157;0.22807;0.129032
Xiaomi_ORIGINAL;Apple_ORIGINAL;False;0.392157;0.22807;0.129032
Xiaomi_ORIGINAL;Apple_ORIGINAL;False;0.392157;0.22807;0.129032
Xiaomi_ORIGINAL;Apple_ORIGINAL;False;0.4;0.245283;0.145455
Xiaomi_ORIGINAL;Apple_ORIGINAL;False;0.4;0.245283;0.145455
Xiaomi_ORIGINAL;Apple_ORIGINAL;False;0.4;0.245283;0.145455
Xiaomi_ORIGINAL;Apple_ORIGINAL;False;0.4;0.245283;0.145455
Xiaomi_ORIGINAL;Apple_ORIGINAL;False;0.4;0.245283;0.145455
Xiaomi_ORIGINAL;Apple_ORIGINAL;False;0.4;0.245283;0.145455
Xiaomi_ORIGINAL;Apple_ORIGINAL;False;0.4;0.245283;0.145455
Xiaomi_ORIGINAL;Apple_ORIGINAL;False;0.4;0.245283;0.145455
Xiaomi_ORIGINAL;Apple_ORIGINAL;False;0.4;0.245283;0.145455
Xiaomi_ORIGINAL;Apple_ORIGINAL;False;0.4;0.245283;0.145455
Xiaomi_ORIGINAL;Microsoft_ORIGINAL;False;0.578947;0.487805;0.465116
Xiaomi_ORIGINAL;Microsoft_ORIGINAL;False;0.636364;0.555556;0.526316
Xiaomi_ORIGINAL;Microsoft_ORIGINAL;False;0.578947;0.487805;0.465116
Xiaomi_ORIGINAL;Microsoft_ORIGINAL;False;0.578947;0.487805;0.465116
Xiaomi_ORIGINAL;Microsoft_ORIGINAL;False;0.578947;0.487805;0.465116
Xiaomi_ORIGINAL;Microsoft_ORIGINAL;False;0.578947;0.487805;0.465116
Xiaomi_ORIGINAL;Microsoft_ORIGINAL;False;0.578947;0.487805;0.465116
Xiaomi_ORIGINAL;Huawei_ORIGINAL;False;0.911765;0.861111;0.815789
Xiaomi_ORIGINAL;Huawei_ORIGINAL;False;0.911765;0.861111;0.815789
Xiaomi_ORIGINAL;Huawei_ORIGINAL;False;0.911765;0.861111;0.815789
Xiaomi_ORIGINAL;Huawei_ORIGINAL;False;0.911765;0.861111;0.815789
Xiaomi_ORIGINAL;Huawei_ORIGINAL;False;0.911765;0.861111;0.815789
Xiaomi_ORIGINAL;Huawei_ORIGINAL;False;0.911765;0.861111;0.815789
Xiaomi_ORIGINAL;Huawei_ORIGINAL;False;0.911765;0.861111;0.815789
Xiaomi_ORIGINAL;Huawei_ORIGINAL;False;0.911765;0.861111;0.815789
Xiaomi_ORIGINAL;Huawei_ORIGINAL;False;0.911765;0.861111;0.815789
Xiaomi_ORIGINAL;Huawei_ORIGINAL;False;0.911765;0.861111;0.815789
Xiaomi_ORIGINAL;Huawei_ORIGINAL;False;0.911765;0.861111;0.815789
Xiaomi_ORIGINAL;Huawei_ORIGINAL;False;0.911765;0.861111;0.815789
Xiaomi_ORIGINAL;Huawei_ORIGINAL;False;0.911765;0.861111;0.815789
Xiaomi_ORIGINAL;Huawei_ORIGINAL;False;0.911765;0.861111;0.815789
Xiaomi_ORIGINAL;Huawei_ORIGINAL;False;0.911765;0.861111;0.815789
Xiaomi_ORIGINAL;Huawei_ORIGINAL;False;0.911765;0.861111;0.815789
Xiaomi_ORIGINAL;Apple_ORIGINAL;False;0.392157;0.22807;0.129032
Xiaomi_ORIGINAL;Apple_ORIGINAL;False;0.392157;0.22807;0.129032
Xiaomi_ORIGINAL;Apple_ORIGINAL;False;0.392157;0.22807;0.129032
Xiaomi_ORIGINAL;Apple_ORIGINAL;False;0.392157;0.22807;0.129032
Xiaomi_ORIGINAL;Apple_ORIGINAL;False;0.392157;0.22807;0.129032
Xiaomi_ORIGINAL;Apple_ORIGINAL;False;0.392157;0.22807;0.129032
Xiaomi_ORIGINAL;Apple_ORIGINAL;False;0.392157;0.22807;0.129032
Xiaomi_ORIGINAL;Apple_ORIGINAL;False;0.392157;0.22807;0.129032
Xiaomi_ORIGINAL;Apple_ORIGINAL;False;0.392157;0.22807;0.129032
Xiaomi_ORIGINAL;Apple_ORIGINAL;False;0.392157;0.22807;0.129032
Xiaomi_ORIGINAL;Apple_ORIGINAL;False;0.392157;0.22807;0.129032
Xiaomi_ORIGINAL;Apple_ORIGINAL;False;0.392157;0.22807;0.129032
Xiaomi_ORIGINAL;Apple_ORIGINAL;False;0.392157;0.22807;0.129032
Xiaomi_ORIGINAL;Apple_ORIGINAL;False;0.392157;0.22807;0.129032
Xiaomi_ORIGINAL;Apple_ORIGINAL;False;0.392157;0.22807;0.129032
Xiaomi_ORIGINAL;Apple_ORIGINAL;False;0.384615;0.25;0.169492
Xiaomi_ORIGINAL;Apple_ORIGINAL;False;0.384615;0.25;0.169492
Xiaomi_ORIGINAL;Apple_ORIGINAL;False;0.384615;0.25;0.169492
Xiaomi_ORIGINAL;Apple_ORIGINAL;False;0.384615;0.25;0.169492
Xiaomi_ORIGINAL;Apple_ORIGINAL;False;0.384615;0.25;0.169492
Xiaomi_ORIGINAL;Apple_ORIGINAL;False;0.384615;0.25;0.169492
Xiaomi_ORIGINAL;Apple_ORIGINAL;False;0.384615;0.25;0.169492
Xiaomi_ORIGINAL;Apple_ORIGINAL;False;0.384615;0.25;0.169492
Xiaomi_ORIGINAL;Apple_ORIGINAL;False;0.384615;0.25;0.169492
Xiaomi_ORIGINAL;Apple_ORIGINAL;False;0.384615;0.25;0.169492
Xiaomi_ORIGINAL;Apple_ORIGINAL;False;0.384615;0.25;0.169492
Xiaomi_ORIGINAL;Apple_ORIGINAL;False;0.384615;0.25;0.169492
Xiaomi_ORIGINAL;Apple_ORIGINAL;False;0.384615;0.25;0.169492
Xiaomi_ORIGINAL;Apple_ORIGINAL;False;0.384615;0.25;0.169492
Xiaomi_ORIGINAL;Apple_ORIGINAL;False;0.384615;0.25;0.169492
Xiaomi_ORIGINAL;Apple_ORIGINAL;False;0.384615;0.25;0.169492
Xiaomi_ORIGINAL;Apple_ORIGINAL;False;0.384615;0.25;0.169492
Xiaomi_ORIGINAL;Apple_ORIGINAL;False;0.384615;0.25;0.169492
Xiaomi_ORIGINAL;Apple_ORIGINAL;False;0.384615;0.25;0.169492
Xiaomi_ORIGINAL;Apple_ORIGINAL;False;0.384615;0.25;0.169492
Xiaomi_ORIGINAL;Apple_ORIGINAL;False;0.384615;0.25;0.169492
Xiaomi_ORIGINAL;Apple_ORIGINAL;False;0.384615;0.25;0.169492
Xiaomi_ORIGINAL;Apple_ORIGINAL;False;0.384615;0.25;0.169492
Xiaomi_ORIGINAL;Apple_ORIGINAL;False;0.384615;0.25;0.169492
Xiaomi_ORIGINAL;Apple_ORIGINAL;False;0.384615;0.25;0.169492
Xiaomi_ORIGINAL;Apple_ORIGINAL;False;0.384615;0.25;0.169492
Xiaomi_ORIGINAL;Apple_ORIGINAL;False;0.384615;0.25;0.169492
Xiaomi_ORIGINAL;Apple_ORIGINAL;False;0.384615;0.25;0.169492
Xiaomi_ORIGINAL;Apple_ORIGINAL;False;0.384615;0.25;0.169492
Xiaomi_ORIGINAL;Sony_ORIGINAL;False;0.8;0.708333;0.652174
Xiaomi_ORIGINAL;Sony_ORIGINAL;False;0.8;0.708333;0.652174
Xiaomi_ORIGINAL;Sony_ORIGINAL;False;0.8;0.708333;0.652174
Xiaomi_ORIGINAL;Sony_ORIGINAL;False;0.8;0.708333;0.652174
Xiaomi_ORIGINAL;Sony_ORIGINAL;False;0.8;0.708333;0.652174
Xiaomi_ORIGINAL;Sony_ORIGINAL;False;0.8;0.708333;0.652174
Xiaomi_ORIGINAL;Sony_ORIGINAL;False;0.8;0.708333;0.652174
Xiaomi_ORIGINAL;Sony_ORIGINAL;False;0.8;0.708333;0.652174
Xiaomi_ORIGINAL;Sony_ORIGINAL;False;0.8;0.708333;0.652174
Xiaomi_ORIGINAL;Sony_ORIGINAL;False;0.8;0.708333;0.652174
Xiaomi_ORIGINAL;Sony_ORIGINAL;False;0.8;0.708333;0.652174
Xiaomi_ORIGINAL;Sony_ORIGINAL;False;0.8;0.708333;0.652174
Xiaomi_ORIGINAL;Sony_ORIGINAL;False;0.8;0.708333;0.652174
Xiaomi_ORIGINAL;Sony_ORIGINAL;False;0.8;0.708333;0.652174
Xiaomi_ORIGINAL;Sony_ORIGINAL;False;0.8;0.708333;0.652174
Xiaomi_ORIGINAL;Sony_ORIGINAL;False;0.8;0.708333;0.652174
Xiaomi_ORIGINAL;Samsung_ORIGINAL;False;0.866667;0.78125;0.705882
Xiaomi_ORIGINAL;Samsung_ORIGINAL;False;0.875;0.794118;0.722222
Xiaomi_ORIGINAL;Samsung_ORIGINAL;False;0.866667;0.78125;0.705882
Xiaomi_ORIGINAL;Samsung_ORIGINAL;False;0.866667;0.78125;0.705882
Xiaomi_ORIGINAL;Samsung_ORIGINAL;False;0.866667;0.78125;0.705882
Xiaomi_ORIGINAL;Samsung_ORIGINAL;False;0.866667;0.78125;0.705882
Xiaomi_ORIGINAL;Samsung_ORIGINAL;False;0.866667;0.78125;0.705882
Xiaomi_ORIGINAL;Samsung_ORIGINAL;False;0.866667;0.78125;0.705882
Xiaomi_ORIGINAL;Samsung_ORIGINAL;False;0.866667;0.78125;0.705882
Xiaomi_ORIGINAL;Samsung_ORIGINAL;False;0.875;0.794118;0.722222
Xiaomi_ORIGINAL;Samsung_ORIGINAL;False;0.866667;0.78125;0.705882
Xiaomi_ORIGINAL;Samsung_ORIGINAL;False;0.866667;0.78125;0.705882
Xiaomi_ORIGINAL;Samsung_ORIGINAL;False;0.866667;0.78125;0.705882
Xiaomi_ORIGINAL;Samsung_ORIGINAL;False;0.866667;0.78125;0.705882
Xiaomi_ORIGINAL;Samsung_ORIGINAL;False;0.866667;0.78125;0.705882
Xiaomi_ORIGINAL;Samsung_ORIGINAL;False;0.866667;0.78125;0.705882
Xiaomi_ORIGINAL;Apple_ORIGINAL;False;0.4;0.245283;0.145455
Xiaomi_ORIGINAL;Apple_ORIGINAL;False;0.4;0.245283;0.145455
Xiaomi_ORIGINAL;Apple_ORIGINAL;False;0.4;0.245283;0.145455
Xiaomi_ORIGINAL;Apple_ORIGINAL;False;0.4;0.245283;0.145455
Xiaomi_ORIGINAL;Apple_ORIGINAL;False;0.4;0.245283;0.145455
Xiaomi_ORIGINAL;Apple_ORIGINAL;False;0.4;0.245283;0.145455
Xiaomi_ORIGINAL;Apple_ORIGINAL;False;0.4;0.245283;0.145455
Xiaomi_ORIGINAL;Apple_ORIGINAL;False;0.4;0.245283;0.145455
Xiaomi_ORIGINAL;Apple_ORIGINAL;False;0.4;0.245283;0.145455
Xiaomi_ORIGINAL;Apple_ORIGINAL;False;0.4;0.245283;0.145455
Xiaomi_ORIGINAL;Apple_ORIGINAL;False;0.4;0.245283;0.145455
Xiaomi_ORIGINAL;Apple_ORIGINAL;False;0.4;0.245283;0.145455
Xiaomi_ORIGINAL;Apple_ORIGINAL;False;0.408163;0.25;0.148148
Xiaomi_ORIGINAL;Apple_ORIGINAL;False;0.408163;0.25;0.148148
Xiaomi_ORIGINAL;Apple_ORIGINAL;False;0.408163;0.25;0.148148
Xiaomi_ORIGINAL;Apple_ORIGINAL;False;0.408163;0.25;0.148148
Xiaomi_ORIGINAL;Apple_ORIGINAL;False;0.408163;0.25;0.148148
Xiaomi_ORIGINAL;Apple_ORIGINAL;False;0.408163;0.25;0.148148
Xiaomi_ORIGINAL;Apple_ORIGINAL;False;0.408163;0.25;0.148148
Xiaomi_ORIGINAL;Apple_ORIGINAL;False;0.408163;0.25;0.148148
Xiaomi_ORIGINAL;Apple_ORIGINAL;False;0.408163;0.25;0.148148
Xiaomi_ORIGINAL;Apple_ORIGINAL;False;0.408163;0.25;0.148148
Xiaomi_ORIGINAL;Apple_ORIGINAL;False;0.408163;0.25;0.148148
Xiaomi_ORIGINAL;Apple_ORIGINAL;False;0.408163;0.25;0.148148
Xiaomi_ORIGINAL;Apple_ORIGINAL;False;0.408163;0.25;0.148148
Xiaomi_ORIGINAL;Apple_ORIGINAL;False;0.408163;0.25;0.148148
Xiaomi_ORIGINAL;Apple_ORIGINAL;False;0.408163;0.25;0.148148
Xiaomi_ORIGINAL;Apple_ORIGINAL;False;0.408163;0.25;0.148148
Xiaomi_ORIGINAL;Apple_ORIGINAL;False;0.408163;0.25;0.148148
Xiaomi_ORIGINAL;Apple_ORIGINAL;False;0.408163;0.25;0.148148
Xiaomi_ORIGINAL;Apple_ORIGINAL;False;0.408163;0.25;0.148148
Xiaomi_ORIGINAL;Apple_ORIGINAL;False;0.408163;0.25;0.148148
Xiaomi_ORIGINAL;Apple_ORIGINAL;False;0.408163;0.25;0.148148
Xiaomi_ORIGINAL;Apple_ORIGINAL;False;0.408163;0.25;0.148148
Xiaomi_ORIGINAL;Apple_ORIGINAL;False;0.408163;0.25;0.148148
Xiaomi_ORIGINAL;Apple_ORIGINAL;False;0.408163;0.25;0.148148
Xiaomi_ORIGINAL;Apple_ORIGINAL;False;0.408163;0.25;0.148148
Xiaomi_ORIGINAL;Apple_ORIGINAL;False;0.408163;0.25;0.148148
Xiaomi_ORIGINAL;Apple_ORIGINAL;False;0.408163;0.25;0.148148
Xiaomi_ORIGINAL;Apple_ORIGINAL;False;0.408163;0.25;0.148148
Xiaomi_ORIGINAL;Apple_ORIGINAL;False;0.408163;0.25;0.148148
Xiaomi_ORIGINAL;Huawei_ORIGINAL;False;0.875;0.794118;0.722222
Xiaomi_ORIGINAL;Huawei_ORIGINAL;False;0.875;0.794118;0.722222
Xiaomi_ORIGINAL;Huawei_ORIGINAL;False;0.875;0.794118;0.722222
Xiaomi_ORIGINAL;Huawei_ORIGINAL;False;0.875;0.794118;0.722222
Xiaomi_ORIGINAL;Huawei_ORIGINAL;False;0.875;0.794118;0.722222
Xiaomi_ORIGINAL;Huawei_ORIGINAL;False;0.875;0.794118;0.722222
Xiaomi_ORIGINAL;Huawei_ORIGINAL;False;0.875;0.794118;0.722222
Xiaomi_ORIGINAL;Huawei_ORIGINAL;False;0.875;0.794118;0.722222
Xiaomi_ORIGINAL;Huawei_ORIGINAL;False;0.875;0.794118;0.722222
Xiaomi_ORIGINAL;Huawei_ORIGINAL;False;0.875;0.794118;0.722222
Xiaomi_ORIGINAL;Huawei_ORIGINAL;False;0.875;0.794118;0.722222
Xiaomi_ORIGINAL;Huawei_ORIGINAL;False;0.875;0.794118;0.722222
Xiaomi_ORIGINAL;Huawei_ORIGINAL;False;0.875;0.794118;0.722222
Xiaomi_ORIGINAL;Huawei_ORIGINAL;False;0.875;0.794118;0.722222
Xiaomi_ORIGINAL;Huawei_ORIGINAL;False;0.875;0.794118;0.722222
Xiaomi_ORIGINAL;Huawei_ORIGINAL;False;0.875;0.794118;0.722222
Xiaomi_ORIGINAL;OnePlus_ORIGINAL;False;0.857143;0.783784;0.717949
Xiaomi_ORIGINAL;OnePlus_ORIGINAL;False;0.857143;0.783784;0.717949
Xiaomi_ORIGINAL;OnePlus_ORIGINAL;False;0.857143;0.783784;0.717949
Xiaomi_ORIGINAL;OnePlus_ORIGINAL;False;0.857143;0.783784;0.717949
Xiaomi_ORIGINAL;OnePlus_ORIGINAL;False;0.857143;0.783784;0.717949
Xiaomi_ORIGINAL;OnePlus_ORIGINAL;False;0.857143;0.783784;0.717949
Xiaomi_ORIGINAL;OnePlus_ORIGINAL;False;0.857143;0.783784;0.717949
Xiaomi_ORIGINAL;OnePlus_ORIGINAL;False;0.857143;0.783784;0.717949
Xiaomi_ORIGINAL;OnePlus_ORIGINAL;False;0.857143;0.783784;0.717949
Xiaomi_ORIGINAL;OnePlus_ORIGINAL;False;0.857143;0.783784;0.717949
Xiaomi_ORIGINAL;OnePlus_ORIGINAL;False;0.857143;0.783784;0.717949
Xiaomi_ORIGINAL;OnePlus_ORIGINAL;False;0.857143;0.783784;0.717949
Xiaomi_ORIGINAL;OnePlus_ORIGINAL;False;0.857143;0.783784;0.717949
Xiaomi_ORIGINAL;OnePlus_ORIGINAL;False;0.857143;0.783784;0.717949
Xiaomi_ORIGINAL;OnePlus_ORIGINAL;False;0.864865;0.794872;0.731707
Xiaomi_ORIGINAL;OnePlus_ORIGINAL;False;0.864865;0.794872;0.731707
Xiaomi_ORIGINAL;Samsung_ORIGINAL;False;0.78125;0.735294;0.694444
Xiaomi_ORIGINAL;Samsung_ORIGINAL;False;0.78125;0.735294;0.694444
Xiaomi_ORIGINAL;Samsung_ORIGINAL;False;0.78125;0.735294;0.694444
Xiaomi_ORIGINAL;Samsung_ORIGINAL;False;0.78125;0.735294;0.694444
Xiaomi_ORIGINAL;Samsung_ORIGINAL;False;0.78125;0.735294;0.694444
Xiaomi_ORIGINAL;Samsung_ORIGINAL;False;0.78125;0.735294;0.694444
Xiaomi_ORIGINAL;Samsung_ORIGINAL;False;0.78125;0.735294;0.694444
Xiaomi_ORIGINAL;Samsung_ORIGINAL;False;0.78125;0.735294;0.694444
Xiaomi_ORIGINAL;Samsung_ORIGINAL;False;0.78125;0.735294;0.694444
Xiaomi_ORIGINAL;Samsung_ORIGINAL;False;0.78125;0.735294;0.694444
Xiaomi_ORIGINAL;Samsung_ORIGINAL;False;0.78125;0.735294;0.694444
Xiaomi_ORIGINAL;Samsung_ORIGINAL;False;0.78125;0.735294;0.694444
Xiaomi_ORIGINAL;Samsung_ORIGINAL;False;0.78125;0.735294;0.694444
Xiaomi_ORIGINAL;Samsung_ORIGINAL;False;0.78125;0.735294;0.694444
Xiaomi_ORIGINAL;Samsung_ORIGINAL;False;0.78125;0.735294;0.694444
Xiaomi_ORIGINAL;Samsung_ORIGINAL;False;0.78125;0.735294;0.694444
Xiaomi_ORIGINAL;Huawei_ORIGINAL;False;1.0;1.0;1.0
Xiaomi_ORIGINAL;Huawei_ORIGINAL;False;1.0;1.0;1.0
Xiaomi_ORIGINAL;Huawei_ORIGINAL;False;1.0;1.0;1.0
Xiaomi_ORIGINAL;Huawei_ORIGINAL;False;1.0;1.0;1.0
Xiaomi_ORIGINAL;Huawei_ORIGINAL;False;1.0;1.0;1.0
Xiaomi_ORIGINAL;Huawei_ORIGINAL;False;1.0;1.0;1.0
Xiaomi_ORIGINAL;Huawei_ORIGINAL;False;1.0;1.0;1.0
Xiaomi_ORIGINAL;Huawei_ORIGINAL;False;1.0;1.0;1.0
Xiaomi_ORIGINAL;Huawei_ORIGINAL;False;1.0;1.0;1.0
Xiaomi_ORIGINAL;Huawei_ORIGINAL;False;1.0;1.0;1.0
Xiaomi_ORIGINAL;Huawei_ORIGINAL;False;1.0;1.0;1.0
Xiaomi_ORIGINAL;Huawei_ORIGINAL;False;1.0;1.0;1.0
Xiaomi_ORIGINAL;Huawei_ORIGINAL;False;1.0;1.0;1.0
Xiaomi_ORIGINAL;Huawei_ORIGINAL;False;1.0;1.0;1.0
Xiaomi_ORIGINAL;Huawei_ORIGINAL;False;1.0;1.0;1.0
Xiaomi_ORIGINAL;Huawei_ORIGINAL;False;1.0;1.0;1.0
Xiaomi_ORIGINAL;Apple_ORIGINAL;False;0.392157;0.22807;0.129032
Xiaomi_ORIGINAL;Apple_ORIGINAL;False;0.392157;0.22807;0.129032
Xiaomi_ORIGINAL;Apple_ORIGINAL;False;0.392157;0.22807;0.129032
Xiaomi_ORIGINAL;Apple_ORIGINAL;False;0.392157;0.22807;0.129032
Xiaomi_ORIGINAL;Apple_ORIGINAL;False;0.392157;0.22807;0.129032
Xiaomi_ORIGINAL;Apple_ORIGINAL;False;0.392157;0.22807;0.129032
Xiaomi_ORIGINAL;Apple_ORIGINAL;False;0.392157;0.22807;0.129032
Xiaomi_ORIGINAL;Apple_ORIGINAL;False;0.392157;0.22807;0.129032
Xiaomi_ORIGINAL;Apple_ORIGINAL;False;0.392157;0.22807;0.129032
Xiaomi_ORIGINAL;Apple_ORIGINAL;False;0.392157;0.22807;0.129032
Xiaomi_ORIGINAL;Apple_ORIGINAL;False;0.392157;0.22807;0.129032
Xiaomi_ORIGINAL;Apple_ORIGINAL;False;0.392157;0.22807;0.129032
Xiaomi_ORIGINAL;Apple_ORIGINAL;False;0.392157;0.22807;0.129032
Xiaomi_ORIGINAL;Apple_ORIGINAL;False;0.392157;0.22807;0.129032
Xiaomi_ORIGINAL;Apple_ORIGINAL;False;0.392157;0.22807;0.129032
Xiaomi_ORIGINAL;Apple_ORIGINAL;False;0.392157;0.22807;0.129032
Xiaomi_ORIGINAL;Huawei_ORIGINAL;False;1.0;1.0;1.0
Xiaomi_ORIGINAL;Huawei_ORIGINAL;False;1.0;1.0;1.0
Xiaomi_ORIGINAL;Huawei_ORIGINAL;False;1.0;1.0;1.0
Xiaomi_ORIGINAL;Huawei_ORIGINAL;False;1.0;1.0;1.0
Xiaomi_ORIGINAL;Huawei_ORIGINAL;False;1.0;1.0;1.0
Xiaomi_ORIGINAL;Huawei_ORIGINAL;False;1.0;1.0;1.0
Xiaomi_ORIGINAL;Huawei_ORIGINAL;False;1.0;1.0;1.0
Xiaomi_ORIGINAL;Huawei_ORIGINAL;False;1.0;1.0;1.0
Xiaomi_ORIGINAL;Huawei_ORIGINAL;False;1.0;1.0;1.0
Xiaomi_ORIGINAL;Huawei_ORIGINAL;False;1.0;1.0;1.0
Xiaomi_ORIGINAL;Huawei_ORIGINAL;False;1.0;1.0;1.0
Xiaomi_ORIGINAL;Huawei_ORIGINAL;False;1.0;1.0;1.0
Xiaomi_ORIGINAL;Huawei_ORIGINAL;False;1.0;1.0;1.0
Xiaomi_ORIGINAL;Huawei_ORIGINAL;False;1.0;1.0;1.0
Xiaomi_ORIGINAL;Huawei_ORIGINAL;False;1.0;1.0;1.0
Xiaomi_ORIGINAL;Huawei_ORIGINAL;False;1.0;1.0;1.0
Xiaomi_ORIGINAL;Samsung_ORIGINAL;False;0.757576;0.714286;0.675676
Xiaomi_ORIGINAL;Samsung_ORIGINAL;False;0.757576;0.714286;0.675676
Xiaomi_ORIGINAL;Samsung_ORIGINAL;False;0.757576;0.714286;0.675676
Xiaomi_ORIGINAL;Samsung_ORIGINAL;False;0.735294;0.694444;0.657895
Xiaomi_ORIGINAL;Samsung_ORIGINAL;False;0.735294;0.694444;0.657895
Xiaomi_ORIGINAL;Samsung_ORIGINAL;False;0.735294;0.694444;0.657895
Xiaomi_ORIGINAL;Samsung_ORIGINAL;False;0.735294;0.694444;0.657895
Xiaomi_ORIGINAL;Samsung_ORIGINAL;False;0.735294;0.694444;0.657895
Xiaomi_ORIGINAL;Samsung_ORIGINAL;False;0.757576;0.714286;0.675676
Xiaomi_ORIGINAL;Samsung_ORIGINAL;False;0.757576;0.714286;0.675676
Xiaomi_ORIGINAL;Samsung_ORIGINAL;False;0.757576;0.714286;0.675676
Xiaomi_ORIGINAL;Samsung_ORIGINAL;False;0.757576;0.714286;0.675676
Xiaomi_ORIGINAL;Samsung_ORIGINAL;False;0.757576;0.714286;0.675676
